#processed=baseline+recalibrated
#baseline_method=airPLS
#baseline_lambda=100
#baseline_porder=1
#baseline_itermax=20
#recalibration_method=auto
#recal_polynomial_degree=2
#recal_fitparam_a2=0.0878
#recal_fitparam_a1=-0.14
#recal_fitparam_a0=0.9
#recal_pair_1=16.8833->17.0033 (delta=+0.1200)
#recal_pair_2=70.8550->71.0350 (delta=+0.1800)
#sample=peak area / ratio / SNR standard (synthetic example)
##########
0.900000	0.0001821
0.899720	0.0001771
0.899441	-0.0015125
0.899163	-0.0002555
0.898886	-0.0005822
0.898609	-0.0002886
0.898333	0.0012303
0.898057	-0.0000210
0.897782	0.0003144
0.897508	-0.0008366
0.897235	-0.0006037
0.896962	0.0011582
0.896691	-0.0010058
0.896419	-0.0002393
0.896149	-0.0001848
0.895879	-0.0012448
0.895610	-0.0014026
0.895341	-0.0005878
0.895074	-0.0000620
0.894807	0.0006859
0.894540	0.0024172
0.894275	-0.0003961
0.894010	-0.0000548
0.893746	-0.0001467
0.893482	0.0000133
0.893220	-0.0004697
0.892957	0.0003036
0.892696	-0.0007954
0.892435	0.0007376
0.892175	0.0001832
0.891916	-0.0008242
0.891658	-0.0007045
0.891400	-0.0005049
0.891142	-0.0012724
0.890886	0.0007314
0.890630	-0.0003202
0.890375	-0.0000395
0.890121	0.0006007
0.889867	-0.0015287
0.889614	0.0006237
0.889362	-0.0001409
0.889110	0.0013379
0.888860	-0.0004653
0.888609	-0.0004763
0.888360	0.0027191
0.888111	0.0012338
0.887863	0.0017888
0.887616	0.0002362
0.887369	-0.0017177
0.887123	-0.0008427
0.886878	-0.0010231
0.886633	0.0001945
0.886390	-0.0010759
0.886147	-0.0002269
0.885904	-0.0001443
0.885662	-0.0010704
0.885421	-0.0016384
0.885181	-0.0000189
0.884941	-0.0001137
0.884703	-0.0008103
0.884464	0.0003686
0.884227	0.0006794
0.883990	-0.0003005
0.883754	-0.0023196
0.883519	-0.0010373
0.883284	0.0007911
0.883050	-0.0010185
0.882817	0.0010836
0.882584	-0.0005652
0.882352	0.0010786
0.882121	-0.0017621
0.881890	0.0005312
0.881661	0.0003758
0.881432	-0.0018457
0.881203	-0.0007524
0.880976	0.0009580
0.880749	0.0004477
0.880522	0.0000965
0.880297	-0.0011346
0.880072	-0.0000092
0.879848	-0.0007033
0.879624	0.0004515
0.879401	-0.0005475
0.879179	0.0016199
0.878958	0.0002866
0.878737	-0.0002682
0.878517	0.0003311
0.878298	0.0004764
0.878080	-0.0012284
0.877862	0.0010499
0.877645	-0.0016457
0.877428	-0.0003089
0.877213	0.0004495
0.876998	0.0006593
0.876783	0.0018214
0.876570	0.0003883
0.876357	0.0008501
0.876144	0.0011477
0.875933	0.0005321
0.875722	-0.0008090
0.875512	0.0020997
0.875303	0.0014146
0.875094	-0.0002505
0.874886	-0.0003012
0.874679	-0.0008872
0.874472	0.0013248
0.874266	-0.0001611
0.874061	0.0014512
0.873856	-0.0010613
0.873653	0.0001812
0.873450	-0.0004522
0.873247	-0.0002545
0.873045	-0.0005967
0.872844	-0.0002780
0.872644	0.0003266
0.872445	-0.0006554
0.872246	-0.0008047
0.872048	0.0007044
0.871850	-0.0004836
0.871653	0.0008059
0.871457	0.0005468
0.871262	-0.0007815
0.871067	-0.0010419
0.870873	-0.0006013
0.870680	0.0006983
0.870487	0.0004292
0.870296	0.0016568
0.870105	-0.0002661
0.869914	-0.0012032
0.869724	0.0001628
0.869535	-0.0002965
0.869347	-0.0016526
0.869159	0.0002241
0.868972	0.0007611
0.868786	-0.0002151
0.868601	-0.0024675
0.868416	0.0020432
0.868232	-0.0008019
0.868048	0.0007324
0.867866	0.0020049
0.867684	-0.0011626
0.867502	-0.0008606
0.867322	0.0000073
0.867142	-0.0010103
0.866962	-0.0012263
0.866784	-0.0004624
0.866606	0.0009314
0.866429	-0.0022188
0.866253	0.0016517
0.866077	0.0002431
0.865902	-0.0004159
0.865728	-0.0009276
0.865554	0.0000272
0.865381	0.0013116
0.865209	-0.0018987
0.865038	0.0002822
0.864867	-0.0009362
0.864697	-0.0007907
0.864527	0.0001169
0.864359	0.0003030
0.864191	0.0010016
0.864023	0.0017795
0.863857	0.0017188
0.863691	0.0010167
0.863526	-0.0008470
0.863361	-0.0001398
0.863198	0.0010307
0.863035	0.0000996
0.862872	-0.0006160
0.862711	0.0006701
0.862550	-0.0003631
0.862389	0.0005644
0.862230	-0.0004949
0.862071	-0.0019125
0.861913	0.0004719
0.861756	-0.0011957
0.861599	0.0023333
0.861443	-0.0012044
0.861287	-0.0018875
0.861133	0.0005606
0.860979	-0.0008303
0.860826	0.0014663
0.860673	-0.0003168
0.860521	0.0002603
0.860370	0.0010802
0.860220	0.0006562
0.860070	-0.0011313
0.859921	-0.0010133
0.859773	0.0000865
0.859625	-0.0013622
0.859478	0.0024868
0.859332	-0.0009800
0.859187	-0.0006226
0.859042	0.0000236
0.858898	0.0013146
0.858754	0.0006305
0.858612	0.0009378
0.858470	-0.0010346
0.858328	-0.0004451
0.858188	-0.0011594
0.858048	-0.0001695
0.857909	0.0001441
0.857770	0.0011124
0.857633	-0.0008259
0.857496	-0.0004269
0.857359	-0.0013707
0.857224	-0.0005097
0.857089	0.0007475
0.856954	0.0027056
0.856821	-0.0004782
0.856688	-0.0002224
0.856556	0.0005260
0.856424	-0.0000073
0.856294	0.0001261
0.856164	0.0010938
0.856034	-0.0003842
0.855906	0.0016867
0.855778	-0.0015372
0.855650	0.0017808
0.855524	-0.0001888
0.855398	-0.0000903
0.855273	-0.0003375
0.855149	-0.0007430
0.855025	-0.0020999
0.854902	0.0014406
0.854780	0.0006773
0.854658	0.0011076
0.854537	0.0007223
0.854417	-0.0000676
0.854297	-0.0002077
0.854178	0.0005336
0.854060	-0.0011905
0.853943	-0.0020783
0.853826	0.0018279
0.853710	-0.0014161
0.853595	0.0015989
0.853480	0.0012392
0.853367	0.0001723
0.853253	-0.0012151
0.853141	0.0009350
0.853029	-0.0007349
0.852918	0.0009316
0.852808	-0.0005630
0.852698	0.0015612
0.852589	0.0006298
0.852481	-0.0002515
0.852373	-0.0024018
0.852266	0.0020437
0.852160	0.0000091
0.852055	0.0010892
0.851950	0.0009250
0.851846	0.0011267
0.851743	0.0002318
0.851640	-0.0003113
0.851538	0.0003027
0.851437	0.0002099
0.851336	-0.0020353
0.851236	0.0013046
0.851137	0.0011068
0.851039	0.0013379
0.850941	-0.0004988
0.850844	0.0000261
0.850748	-0.0000481
0.850652	0.0003685
0.850557	0.0002946
0.850463	0.0003035
0.850370	0.0006136
0.850277	-0.0002759
0.850185	-0.0032828
0.850093	-0.0006117
0.850002	0.0001843
0.849912	-0.0000932
0.849823	-0.0020027
0.849735	0.0002218
0.849647	0.0005621
0.849560	-0.0012472
0.849473	0.0006283
0.849387	0.0007029
0.849302	0.0004965
0.849218	0.0005725
0.849134	0.0010062
0.849051	-0.0006758
0.848969	0.0022753
0.848887	0.0000260
0.848806	0.0007830
0.848726	-0.0008844
0.848647	-0.0015712
0.848568	0.0017150
0.848490	0.0017000
0.848413	0.0009431
0.848336	0.0023460
0.848260	0.0019043
0.848185	-0.0005292
0.848110	-0.0002803
0.848036	0.0001136
0.847963	-0.0002381
0.847891	-0.0023956
0.847819	-0.0016961
0.847748	0.0002124
0.847678	-0.0011697
0.847608	-0.0024155
0.847539	-0.0002828
0.847471	-0.0009974
0.847403	-0.0005407
0.847336	0.0005393
0.847270	0.0011680
0.847205	-0.0006445
0.847140	0.0002342
0.847076	-0.0003727
0.847013	-0.0007342
0.846950	-0.0001265
0.846888	-0.0013278
0.846827	-0.0000697
0.846767	-0.0001060
0.846707	-0.0004345
0.846648	0.0004217
0.846589	0.0008172
0.846532	0.0001846
0.846475	0.0016356
0.846418	-0.0015414
0.846363	-0.0013630
0.846308	0.0017510
0.846254	0.0001774
0.846200	0.0001739
0.846148	0.0006390
0.846096	0.0015217
0.846044	-0.0012718
0.845993	-0.0003864
0.845944	-0.0008707
0.845894	0.0006167
0.845846	-0.0007788
0.845798	0.0000133
0.845751	0.0006092
0.845704	-0.0012238
0.845658	-0.0003650
0.845613	0.0023639
0.845569	-0.0015452
0.845525	0.0000031
0.845482	0.0002136
0.845440	-0.0001050
0.845399	-0.0004332
0.845358	0.0009269
0.845318	-0.0006962
0.845278	0.0006034
0.845240	-0.0010634
0.845202	0.0007167
0.845164	0.0010433
0.845128	-0.0005106
0.845092	-0.0003331
0.845057	-0.0004801
0.845022	-0.0008232
0.844988	0.0011026
0.844955	-0.0003062
0.844923	-0.0025234
0.844891	-0.0020742
0.844860	0.0012146
0.844830	-0.0006821
0.844800	0.0002091
0.844771	0.0010217
0.844743	0.0019525
0.844716	0.0009915
0.844689	0.0008013
0.844663	-0.0006177
0.844637	0.0013917
0.844613	-0.0002391
0.844589	-0.0006973
0.844565	-0.0006748
0.844543	-0.0001506
0.844521	0.0012786
0.844500	0.0009220
0.844479	0.0008307
0.844460	0.0017806
0.844440	-0.0000599
0.844422	-0.0012256
0.844404	0.0003561
0.844388	0.0002584
0.844371	0.0012641
0.844356	0.0008149
0.844341	0.0013139
0.844327	0.0016563
0.844313	0.0014014
0.844301	-0.0018393
0.844289	0.0007787
0.844277	0.0005928
0.844267	0.0001000
0.844257	-0.0012655
0.844247	-0.0009531
0.844239	0.0016656
0.844231	-0.0004502
0.844224	0.0013249
0.844218	0.0011920
0.844212	-0.0000225
0.844207	-0.0007872
0.844202	-0.0004948
0.844199	0.0006978
0.844196	-0.0010695
0.844194	0.0010298
0.844192	-0.0024052
0.844191	0.0006580
0.844191	-0.0005640
0.844192	0.0004159
0.844193	0.0019088
0.844195	-0.0010948
0.844198	-0.0002159
0.844201	0.0009190
0.844206	0.0009538
0.844210	-0.0007856
0.844216	-0.0019226
0.844222	0.0005453
0.844229	-0.0017370
0.844237	0.0002552
0.844245	-0.0001873
0.844254	-0.0017573
0.844264	0.0000546
0.844274	-0.0009295
0.844285	-0.0001937
0.844297	0.0010126
0.844310	-0.0012201
0.844323	-0.0004616
0.844337	0.0001814
0.844352	0.0000430
0.844367	-0.0017631
0.844383	0.0009696
0.844400	0.0010050
0.844417	-0.0002975
0.844436	-0.0006311
0.844454	-0.0009769
0.844474	0.0001372
0.844494	0.0025601
0.844515	-0.0002156
0.844537	-0.0009781
0.844559	-0.0004361
0.844582	0.0014895
0.844606	0.0004772
0.844631	-0.0010983
0.844656	-0.0002180
0.844682	-0.0003544
0.844708	0.0002822
0.844736	0.0003688
0.844764	-0.0002995
0.844792	0.0000239
0.844822	0.0004645
0.844852	-0.0001681
0.844883	-0.0010070
0.844914	-0.0000682
0.844946	-0.0005924
0.844979	0.0016647
0.845013	-0.0001863
0.845047	0.0025003
0.845082	0.0005847
0.845118	0.0005084
0.845154	-0.0005567
0.845192	0.0007839
0.845229	-0.0018313
0.845268	-0.0005646
0.845307	-0.0022580
0.845347	0.0003399
0.845388	-0.0003708
0.845429	0.0024442
0.845471	0.0006501
0.845514	-0.0009099
0.845557	0.0000797
0.845602	0.0010571
0.845646	-0.0019974
0.845692	0.0007888
0.845738	-0.0017270
0.845785	0.0018953
0.845833	0.0002085
0.845881	0.0001569
0.845930	-0.0014504
0.845980	0.0006583
0.846031	-0.0003082
0.846082	-0.0006716
0.846134	0.0007033
0.846186	0.0006646
0.846240	-0.0019885
0.846293	0.0012126
0.846348	0.0008209
0.846404	-0.0008872
0.846460	-0.0009250
0.846516	0.0003406
0.846574	0.0000062
0.846632	0.0013484
0.846691	0.0013986
0.846751	0.0000931
0.846811	-0.0002965
0.846872	-0.0006126
0.846934	-0.0017705
0.846996	-0.0003627
0.847059	0.0006008
0.847123	0.0000102
0.847188	0.0001086
0.847253	0.0006851
0.847319	0.0010294
0.847385	0.0006550
0.847453	0.0005030
0.847521	-0.0001613
0.847590	-0.0006972
0.847659	-0.0006213
0.847729	-0.0000287
0.847800	-0.0010310
0.847872	0.0000037
0.847944	-0.0001354
0.848017	0.0006278
0.848090	0.0010325
0.848165	-0.0007931
0.848240	0.0006321
0.848316	0.0006832
0.848392	-0.0003108
0.848469	0.0010889
0.848547	-0.0011273
0.848626	-0.0002634
0.848705	0.0005840
0.848785	-0.0006395
0.848866	0.0009405
0.848947	0.0001004
0.849029	0.0010495
0.849112	0.0021891
0.849195	0.0008391
0.849280	0.0001109
0.849364	0.0012045
0.849450	0.0003192
0.849536	0.0012416
0.849623	-0.0000483
0.849711	0.0000997
0.849800	0.0002303
0.849889	-0.0002824
0.849978	0.0001409
0.850069	0.0003124
0.850160	0.0000373
0.850252	0.0007551
0.850345	-0.0016821
0.850438	-0.0004553
0.850532	-0.0003038
0.850627	-0.0007398
0.850722	0.0005913
0.850818	-0.0029262
0.850915	-0.0001945
0.851013	0.0003864
0.851111	-0.0000393
0.851210	-0.0013411
0.851310	0.0005338
0.851410	-0.0020011
0.851511	0.0004923
0.851613	0.0004974
0.851715	0.0000084
0.851818	0.0000618
0.851922	0.0005917
0.852027	0.0002357
0.852132	-0.0003762
0.852238	0.0002820
0.852345	-0.0018041
0.852452	0.0007973
0.852560	0.0012449
0.852669	0.0006509
0.852778	-0.0009188
0.852889	0.0004419
0.852999	0.0014786
0.853111	0.0028786
0.853223	-0.0004196
0.853336	0.0001744
0.853450	-0.0010966
0.853564	-0.0006121
0.853680	0.0015389
0.853795	-0.0011958
0.853912	0.0004303
0.854029	-0.0002863
0.854147	-0.0012282
0.854266	-0.0028697
0.854385	0.0007761
0.854505	0.0007035
0.854626	0.0016461
0.854747	0.0006317
0.854869	-0.0000131
0.854992	-0.0009867
0.855116	-0.0000507
0.855240	-0.0003207
0.855365	0.0002680
0.855490	0.0016128
0.855617	-0.0002380
0.855744	0.0002040
0.855871	0.0004270
0.856000	-0.0001709
0.856129	0.0004735
0.856259	-0.0003219
0.856389	0.0009566
0.856521	0.0002488
0.856653	0.0012059
0.856785	-0.0004274
0.856919	-0.0020502
0.857053	0.0006231
0.857187	0.0007412
0.857323	0.0022456
0.857459	0.0011243
0.857596	-0.0010263
0.857734	0.0000545
0.857872	-0.0002871
0.858011	-0.0003253
0.858151	0.0000345
0.858291	0.0002309
0.858432	-0.0015833
0.858574	0.0006036
0.858716	0.0007237
0.858859	-0.0016671
0.859003	-0.0016012
0.859148	-0.0020118
0.859293	0.0009264
0.859439	0.0018007
0.859586	-0.0012004
0.859733	0.0004674
0.859882	-0.0016107
0.860030	0.0001585
0.860180	0.0019238
0.860330	0.0007352
0.860481	-0.0005124
0.860633	0.0014788
0.860785	0.0007816
0.860938	-0.0004192
0.861092	0.0002261
0.861246	-0.0007723
0.861401	-0.0003698
0.861557	0.0000281
0.861714	0.0015368
0.861871	-0.0017639
0.862029	0.0001406
0.862187	-0.0012321
0.862347	-0.0005064
0.862507	0.0006726
0.862668	0.0000379
0.862829	-0.0009424
0.862991	-0.0008492
0.863154	0.0010942
0.863318	-0.0000472
0.863482	-0.0001045
0.863647	0.0021620
0.863813	-0.0001541
0.863979	0.0004125
0.864146	-0.0011311
0.864314	-0.0005747
0.864482	0.0004013
0.864652	-0.0001894
0.864821	0.0006321
0.864992	0.0000367
0.865163	0.0007909
0.865335	0.0007440
0.865508	0.0003717
0.865681	-0.0003269
0.865855	-0.0012445
0.866030	-0.0014074
0.866206	-0.0010548
0.866382	-0.0011618
0.866559	-0.0014923
0.866737	-0.0007721
0.866915	-0.0002166
0.867094	0.0004577
0.867274	-0.0004260
0.867454	-0.0007162
0.867635	0.0005675
0.867817	0.0013068
0.867999	-0.0004686
0.868183	0.0004433
0.868367	-0.0012792
0.868551	-0.0017442
0.868737	-0.0012534
0.868923	-0.0000235
0.869109	0.0001742
0.869297	0.0010633
0.869485	0.0003392
0.869674	0.0021293
0.869863	0.0003532
0.870054	0.0009942
0.870245	0.0006460
0.870436	0.0005442
0.870629	0.0013825
0.870822	-0.0002493
0.871016	0.0013331
0.871210	-0.0011893
0.871405	-0.0008422
0.871601	0.0023375
0.871798	-0.0001584
0.871995	0.0009734
0.872193	0.0008944
0.872392	0.0001460
0.872591	0.0011610
0.872791	-0.0003540
0.872992	0.0004976
0.873193	-0.0007160
0.873396	-0.0004486
0.873598	-0.0002791
0.873802	0.0001119
0.874006	-0.0012483
0.874211	-0.0006551
0.874417	-0.0016141
0.874623	-0.0014714
0.874831	-0.0005259
0.875038	-0.0000593
0.875247	0.0004019
0.875456	-0.0008398
0.875666	-0.0003871
0.875877	0.0007582
0.876088	-0.0000701
0.876300	0.0007762
0.876513	0.0000640
0.876726	0.0008556
0.876940	-0.0004306
0.877155	0.0003826
0.877371	-0.0010291
0.877587	-0.0024417
0.877804	0.0003154
0.878022	-0.0003144
0.878240	-0.0003758
0.878459	0.0008369
0.878679	0.0000722
0.878899	-0.0006003
0.879120	0.0001401
0.879342	0.0000540
0.879565	-0.0013224
0.879788	-0.0024739
0.880012	-0.0012505
0.880237	-0.0000814
0.880462	-0.0007074
0.880688	0.0005294
0.880915	-0.0015194
0.881142	0.0010667
0.881371	-0.0000049
0.881599	-0.0017087
0.881829	-0.0016049
0.882059	-0.0017887
0.882290	0.0009383
0.882522	0.0005071
0.882754	-0.0018827
0.882988	0.0010163
0.883221	0.0027841
0.883456	-0.0006767
0.883691	0.0010969
0.883927	0.0013784
0.884164	0.0000773
0.884401	-0.0000178
0.884639	0.0006180
0.884878	0.0005371
0.885117	0.0013310
0.885357	-0.0017824
0.885598	0.0007373
0.885840	0.0001098
0.886082	-0.0002819
0.886325	0.0002058
0.886568	-0.0009135
0.886813	0.0008466
0.887058	0.0000334
0.887304	0.0005813
0.887550	-0.0017741
0.887797	0.0008981
0.888045	-0.0016892
0.888294	-0.0000746
0.888543	-0.0007661
0.888793	0.0009250
0.889043	0.0001907
0.889295	0.0002105
0.889547	0.0014998
0.889800	-0.0010364
0.890053	-0.0001023
0.890307	-0.0011583
0.890562	0.0000855
0.890818	0.0013010
0.891074	-0.0005331
0.891331	-0.0021429
0.891589	-0.0002185
0.891847	-0.0000262
0.892106	0.0000029
0.892366	0.0000721
0.892626	-0.0000049
0.892888	0.0010359
0.893150	0.0004855
0.893412	0.0005447
0.893675	-0.0001674
0.893939	-0.0000389
0.894204	0.0005625
0.894470	-0.0006257
0.894736	-0.0005126
0.895003	-0.0001591
0.895270	-0.0010224
0.895538	-0.0008072
0.895807	0.0005565
0.896077	-0.0006042
0.896347	-0.0002424
0.896618	-0.0013668
0.896890	-0.0006054
0.897162	0.0004717
0.897436	-0.0022605
0.897709	-0.0001309
0.897984	-0.0003712
0.898259	-0.0012566
0.898535	-0.0000990
0.898812	0.0011520
0.899089	-0.0008046
0.899367	-0.0013016
0.899646	0.0003892
0.899925	0.0003351
0.900206	-0.0021502
0.900486	0.0012394
0.900768	-0.0011184
0.901050	0.0006713
0.901333	-0.0011681
0.901617	0.0018943
0.901901	0.0009187
0.902186	0.0003841
0.902472	0.0006846
0.902759	-0.0007364
0.903046	0.0013221
0.903334	0.0001826
0.903622	-0.0000059
0.903912	-0.0003759
0.904202	-0.0001532
0.904492	-0.0005119
0.904784	0.0011342
0.905076	0.0024846
0.905369	0.0000681
0.905662	-0.0011623
0.905956	0.0008773
0.906251	0.0002130
0.906547	-0.0006195
0.906843	-0.0001382
0.907140	0.0007623
0.907438	-0.0005135
0.907736	0.0002219
0.908035	-0.0000368
0.908335	-0.0022226
0.908636	-0.0011868
0.908937	0.0003630
0.909239	-0.0013109
0.909542	0.0009636
0.909845	-0.0021648
0.910149	-0.0009528
0.910454	-0.0001098
0.910759	0.0001311
0.911065	-0.0000786
0.911372	-0.0019766
0.911680	0.0013974
0.911988	-0.0001682
0.912297	-0.0012475
0.912607	0.0006956
0.912917	-0.0012540
0.913228	0.0021778
0.913540	0.0008246
0.913852	-0.0018966
0.914166	-0.0001110
0.914479	-0.0010325
0.914794	0.0009171
0.915109	0.0025114
0.915425	-0.0009427
0.915742	0.0003744
0.916059	0.0008580
0.916377	0.0006590
0.916696	0.0010307
0.917016	0.0003895
0.917336	0.0000289
0.917657	-0.0020310
0.917978	-0.0003369
0.918301	0.0031453
0.918624	-0.0003527
0.918948	0.0004720
0.919272	0.0003096
0.919597	-0.0010003
0.919923	0.0003740
0.920249	0.0002779
0.920577	0.0012333
0.920905	-0.0003369
0.921233	-0.0004675
0.921563	-0.0001835
0.921893	-0.0008505
0.922223	-0.0002295
0.922555	0.0004416
0.922887	0.0009258
0.923220	0.0003333
0.923553	-0.0013760
0.923887	-0.0006674
0.924222	-0.0005460
0.924558	0.0005180
0.924894	-0.0004195
0.925232	-0.0007757
0.925569	0.0005757
0.925908	-0.0011952
0.926247	0.0012802
0.926587	-0.0009252
0.926927	0.0009660
0.927269	-0.0001562
0.927611	-0.0001610
0.927953	-0.0006294
0.928297	-0.0008034
0.928641	0.0011304
0.928986	0.0002901
0.929331	0.0018795
0.929677	-0.0006733
0.930024	-0.0001391
0.930372	0.0002378
0.930720	-0.0009457
0.931069	-0.0012182
0.931419	0.0012243
0.931769	-0.0012045
0.932120	0.0000131
0.932472	0.0006582
0.932825	0.0015804
0.933178	-0.0006836
0.933532	0.0020085
0.933886	0.0019703
0.934242	-0.0010832
0.934598	-0.0015341
0.934954	0.0001884
0.935312	0.0002668
0.935670	0.0013375
0.936029	0.0004182
0.936388	0.0004331
0.936748	-0.0002005
0.937109	-0.0009834
0.937471	0.0004325
0.937833	0.0010842
0.938196	0.0012566
0.938560	0.0013774
0.938925	0.0007954
0.939290	0.0003967
0.939656	-0.0003644
0.940022	0.0020673
0.940390	0.0016460
0.940757	-0.0017845
0.941126	0.0000409
0.941496	0.0011573
0.941866	-0.0013208
0.942236	-0.0015458
0.942608	0.0006907
0.942980	0.0002903
0.943353	0.0012678
0.943726	0.0001138
0.944101	-0.0010456
0.944476	-0.0005957
0.944851	0.0003407
0.945228	0.0004264
0.945605	0.0007792
0.945983	0.0001785
0.946361	-0.0001061
0.946740	-0.0003375
0.947120	0.0003424
0.947501	0.0009484
0.947882	-0.0016518
0.948264	-0.0002545
0.948647	0.0015285
0.949030	0.0013725
0.949414	0.0018214
0.949799	0.0005048
0.950185	-0.0005543
0.950571	-0.0006616
0.950958	-0.0003613
0.951346	0.0010224
0.951734	-0.0002127
0.952123	0.0005374
0.952513	-0.0003582
0.952903	0.0007948
0.953294	0.0013289
0.953686	0.0010972
0.954079	0.0005779
0.954472	-0.0002819
0.954866	-0.0004429
0.955261	-0.0008758
0.955656	-0.0002723
0.956052	0.0005416
0.956449	-0.0007550
0.956846	0.0001039
0.957244	-0.0011550
0.957643	-0.0013362
0.958043	-0.0012292
0.958443	0.0007025
0.958844	-0.0002763
0.959246	-0.0002451
0.959648	-0.0010082
0.960051	0.0001652
0.960455	0.0009209
0.960859	0.0003925
0.961265	-0.0002799
0.961671	-0.0007879
0.962077	-0.0004885
0.962484	-0.0003473
0.962892	0.0015753
0.963301	-0.0003778
0.963711	-0.0007744
0.964121	0.0004617
0.964532	0.0007492
0.964943	-0.0000146
0.965355	0.0001888
0.965768	0.0007406
0.966182	-0.0004712
0.966596	0.0018974
0.967011	0.0011666
0.967427	0.0008239
0.967843	-0.0000230
0.968260	-0.0001565
0.968678	-0.0001454
0.969097	-0.0006207
0.969516	-0.0004176
0.969936	-0.0003297
0.970357	-0.0006230
0.970778	0.0023624
0.971200	-0.0028181
0.971623	0.0002616
0.972046	-0.0008078
0.972470	-0.0020623
0.972895	0.0000771
0.973321	0.0015467
0.973747	-0.0008751
0.974174	-0.0008100
0.974602	-0.0000682
0.975030	-0.0005202
0.975459	0.0011572
0.975889	0.0009376
0.976319	-0.0014110
0.976751	-0.0002615
0.977182	-0.0010546
0.977615	-0.0003691
0.978048	-0.0011232
0.978482	0.0022058
0.978917	-0.0011705
0.979352	0.0026892
0.979788	0.0008582
0.980225	0.0005559
0.980663	-0.0016147
0.981101	0.0005080
0.981540	-0.0004455
0.981980	0.0002928
0.982420	-0.0006417
0.982861	-0.0024990
0.983303	0.0011086
0.983745	-0.0006860
0.984188	-0.0003223
0.984632	-0.0006386
0.985076	-0.0009924
0.985522	-0.0006527
0.985968	-0.0013051
0.986414	0.0001448
0.986862	0.0024965
0.987310	0.0011393
0.987758	0.0009247
0.988208	0.0012458
0.988658	0.0005346
0.989109	-0.0002586
0.989560	-0.0005039
0.990013	-0.0003004
0.990466	0.0005959
0.990919	-0.0004983
0.991374	0.0013107
0.991829	-0.0001479
0.992284	0.0008123
0.992741	0.0002644
0.993198	-0.0006281
0.993656	-0.0000410
0.994114	0.0012991
0.994574	-0.0012962
0.995034	0.0005671
0.995494	-0.0001066
0.995956	0.0007793
0.996418	0.0003996
0.996881	-0.0006727
0.997344	0.0010257
0.997808	-0.0017482
0.998273	0.0009423
0.998739	-0.0015220
0.999205	0.0004390
0.999672	0.0001306
1.000140	-0.0019378
1.000608	-0.0004454
1.001077	0.0002192
1.001547	-0.0011088
1.002018	0.0009591
1.002489	-0.0007852
1.002961	-0.0014082
1.003433	-0.0005885
1.003907	0.0014305
1.004381	-0.0000876
1.004856	0.0001585
1.005331	-0.0016588
1.005807	0.0007177
1.006284	-0.0016994
1.006761	0.0013035
1.007240	-0.0003592
1.007719	-0.0015394
1.008198	0.0006613
1.008679	-0.0010716
1.009160	0.0006363
1.009641	0.0000575
1.010124	-0.0003235
1.010607	0.0010150
1.011091	0.0013588
1.011575	-0.0003906
1.012061	0.0004479
1.012547	-0.0024098
1.013033	0.0004923
1.013521	-0.0006227
1.014009	-0.0012501
1.014498	0.0004953
1.014987	0.0020685
1.015477	-0.0000710
1.015968	0.0002351
1.016460	0.0010685
1.016952	0.0008240
1.017445	0.0006069
1.017939	-0.0000297
1.018433	0.0006167
1.018928	0.0002376
1.019424	-0.0017744
1.019920	0.0021533
1.020418	-0.0002344
1.020916	-0.0013150
1.021414	-0.0004465
1.021914	-0.0008273
1.022414	-0.0010718
1.022914	-0.0009934
1.023416	0.0003793
1.023918	-0.0007663
1.024421	-0.0021744
1.024924	-0.0004651
1.025428	-0.0004749
1.025933	0.0005149
1.026439	-0.0005186
1.026945	-0.0006091
1.027452	-0.0015439
1.027960	0.0010334
1.028469	0.0003146
1.028978	0.0012736
1.029488	0.0011291
1.029998	-0.0008278
1.030509	-0.0004125
1.031021	0.0007756
1.031534	0.0007667
1.032047	-0.0015074
1.032561	-0.0003881
1.033076	-0.0013317
1.033592	0.0015320
1.034108	0.0003676
1.034625	0.0019761
1.035142	0.0006179
1.035660	0.0005236
1.036179	0.0005493
1.036699	-0.0001520
1.037220	-0.0006524
1.037741	0.0010215
1.038262	-0.0006906
1.038785	0.0019525
1.039308	0.0004349
1.039832	-0.0009185
1.040357	-0.0001769
1.040882	-0.0009243
1.041408	-0.0010891
1.041935	-0.0000652
1.042462	0.0004017
1.042990	-0.0013616
1.043519	-0.0001267
1.044048	-0.0006209
1.044579	0.0003736
1.045110	0.0002244
1.045641	-0.0010721
1.046174	0.0007037
1.046707	0.0002759
1.047240	0.0010812
1.047775	0.0000099
1.048310	-0.0001213
1.048846	-0.0008098
1.049382	-0.0002937
1.049919	-0.0006205
1.050457	-0.0012360
1.050996	0.0000219
1.051535	-0.0004807
1.052075	0.0002750
1.052616	-0.0002899
1.053158	-0.0013869
1.053700	-0.0003309
1.054243	-0.0004710
1.054786	0.0007865
1.055331	-0.0011824
1.055875	-0.0001334
1.056421	-0.0022718
1.056968	-0.0011725
1.057515	0.0006837
1.058062	0.0005482
1.058611	0.0001029
1.059160	-0.0007616
1.059710	0.0001407
1.060261	0.0005494
1.060812	0.0003220
1.061364	0.0014228
1.061917	0.0003977
1.062470	-0.0014178
1.063024	0.0021249
1.063579	-0.0001537
1.064134	0.0011591
1.064691	0.0006613
1.065247	0.0003774
1.065805	-0.0003922
1.066363	-0.0005450
1.066922	-0.0001795
1.067482	0.0003327
1.068043	0.0006892
1.068604	0.0001135
1.069165	-0.0023375
1.069728	-0.0007890
1.070291	-0.0005146
1.070855	0.0001685
1.071420	-0.0005770
1.071985	-0.0004751
1.072551	-0.0006079
1.073118	-0.0012150
1.073685	-0.0012674
1.074254	0.0025174
1.074822	0.0003153
1.075392	0.0006099
1.075962	0.0017630
1.076533	0.0012591
1.077105	0.0006872
1.077677	-0.0007619
1.078250	0.0008069
1.078824	-0.0001485
1.079398	-0.0003624
1.079974	-0.0004054
1.080550	-0.0004485
1.081126	0.0008739
1.081703	0.0000098
1.082281	0.0003473
1.082860	-0.0006413
1.083439	-0.0000069
1.084020	-0.0003762
1.084600	0.0021835
1.085182	-0.0008870
1.085764	0.0009050
1.086347	0.0012244
1.086930	-0.0013232
1.087515	-0.0001875
1.088100	0.0014398
1.088685	0.0023300
1.089272	-0.0013162
1.089859	-0.0003610
1.090447	-0.0004652
1.091035	-0.0007916
1.091625	-0.0002487
1.092214	0.0012572
1.092805	0.0007713
1.093396	-0.0007552
1.093988	0.0007097
1.094581	-0.0002625
1.095175	-0.0003109
1.095769	0.0007293
1.096364	0.0002002
1.096959	-0.0021462
1.097555	-0.0005330
1.098152	-0.0010673
1.098750	-0.0007153
1.099348	-0.0007119
1.099947	0.0008589
1.100547	-0.0012325
1.101148	0.0002764
1.101749	-0.0002620
1.102351	0.0000524
1.102953	0.0001734
1.103556	-0.0010710
1.104160	-0.0008604
1.104765	0.0004030
1.105370	-0.0008789
1.105977	0.0003718
1.106583	-0.0015449
1.107191	-0.0013612
1.107799	-0.0005497
1.108408	0.0013295
1.109017	0.0005469
1.109628	0.0004431
1.110239	-0.0002284
1.110850	-0.0007988
1.111463	-0.0000521
1.112076	0.0007272
1.112690	-0.0008019
1.113304	0.0016225
1.113920	-0.0002882
1.114535	-0.0009522
1.115152	-0.0013857
1.115769	0.0010938
1.116387	-0.0009809
1.117006	-0.0003419
1.117626	-0.0000411
1.118246	0.0002389
1.118866	-0.0004874
1.119488	0.0004972
1.120110	-0.0012424
1.120733	0.0006515
1.121357	0.0005478
1.121981	-0.0002810
1.122606	0.0019784
1.123232	0.0019240
1.123858	0.0001225
1.124486	-0.0000749
1.125113	-0.0023844
1.125742	0.0008576
1.126371	-0.0014240
1.127001	-0.0007858
1.127632	-0.0003770
1.128263	-0.0009137
1.128895	0.0010388
1.129528	0.0006840
1.130161	0.0003852
1.130796	-0.0007920
1.131431	-0.0001444
1.132066	-0.0012116
1.132702	-0.0011376
1.133339	0.0017828
1.133977	0.0003007
1.134615	0.0010912
1.135255	-0.0003986
1.135894	-0.0018876
1.136535	0.0020386
1.137176	0.0002546
1.137818	-0.0007639
1.138461	0.0004149
1.139104	-0.0001414
1.139748	0.0007514
1.140393	0.0013943
1.141038	-0.0000662
1.141684	-0.0014760
1.142331	0.0008737
1.142978	0.0010674
1.143627	-0.0006102
1.144276	-0.0003486
1.144925	-0.0008669
1.145576	0.0013400
1.146227	-0.0000519
1.146878	0.0023750
1.147531	-0.0002253
1.148184	0.0010361
1.148838	0.0004727
1.149492	0.0000904
1.150147	0.0017934
1.150803	-0.0005307
1.151460	0.0003569
1.152117	0.0011275
1.152775	-0.0008936
1.153434	-0.0009021
1.154094	0.0017084
1.154754	-0.0001164
1.155415	0.0011011
1.156076	0.0008313
1.156739	-0.0005436
1.157402	-0.0003789
1.158065	0.0001572
1.158730	-0.0003817
1.159395	-0.0003988
1.160060	0.0004179
1.160727	-0.0018632
1.161394	0.0001783
1.162062	0.0004984
1.162731	-0.0000519
1.163400	0.0008361
1.164070	-0.0010194
1.164741	0.0004055
1.165412	0.0004285
1.166084	0.0003825
1.166757	0.0015279
1.167430	0.0003550
1.168105	-0.0008068
1.168780	-0.0001244
1.169455	-0.0015448
1.170131	0.0022057
1.170808	0.0016531
1.171486	0.0009044
1.172165	-0.0012979
1.172844	-0.0001837
1.173524	0.0007058
1.174204	0.0005732
1.174885	-0.0000696
1.175567	-0.0014751
1.176250	0.0000768
1.176933	-0.0007613
1.177617	-0.0011767
1.178302	-0.0000877
1.178988	0.0003904
1.179674	0.0002843
1.180361	-0.0025430
1.181048	0.0001247
1.181736	-0.0000738
1.182425	-0.0002523
1.183115	0.0009521
1.183805	-0.0014836
1.184496	-0.0005606
1.185188	-0.0019452
1.185881	-0.0001767
1.186574	-0.0000513
1.187268	0.0007119
1.187962	-0.0018595
1.188658	0.0007454
1.189354	0.0003403
1.190050	0.0002852
1.190748	0.0003647
1.191446	0.0015384
1.192144	0.0002814
1.192844	-0.0015054
1.193544	-0.0001151
1.194245	0.0015929
1.194947	-0.0022557
1.195649	-0.0000739
1.196352	0.0014686
1.197056	0.0009226
1.197760	-0.0007089
1.198465	-0.0006777
1.199171	0.0010795
1.199878	-0.0007721
1.200585	0.0007381
1.201293	-0.0005921
1.202001	0.0007589
1.202711	0.0005849
1.203421	0.0010732
1.204131	-0.0022112
1.204843	-0.0000501
1.205555	0.0023362
1.206268	-0.0011545
1.206981	-0.0001158
1.207696	0.0011730
1.208411	0.0010061
1.209126	0.0001998
1.209843	0.0010865
1.210560	0.0006594
1.211277	-0.0001862
1.211996	-0.0003323
1.212715	-0.0004332
1.213435	-0.0002654
1.214155	-0.0007961
1.214877	-0.0009040
1.215599	-0.0010577
1.216321	0.0008072
1.217045	-0.0003095
1.217769	0.0010911
1.218494	-0.0010838
1.219219	0.0001887
1.219945	-0.0001429
1.220672	0.0008737
1.221400	0.0004507
1.222128	0.0008990
1.222857	0.0009005
1.223587	0.0004102
1.224317	-0.0010940
1.225048	-0.0018645
1.225780	-0.0015107
1.226513	0.0007427
1.227246	-0.0004281
1.227980	-0.0000262
1.228714	-0.0007101
1.229450	-0.0006052
1.230186	-0.0000553
1.230922	0.0002302
1.231660	0.0011161
1.232398	0.0009882
1.233137	-0.0014131
1.233876	-0.0009213
1.234617	0.0012921
1.235358	-0.0011262
1.236099	0.0024836
1.236842	-0.0006927
1.237585	-0.0007579
1.238328	-0.0004609
1.239073	0.0002470
1.239818	0.0014454
1.240564	0.0008607
1.241310	-0.0010803
1.242058	-0.0009174
1.242806	-0.0007147
1.243554	-0.0001345
1.244304	-0.0005976
1.245054	0.0012321
1.245804	0.0008799
1.246556	0.0001434
1.247308	-0.0021379
1.248061	0.0020695
1.248815	0.0005795
1.249569	-0.0019349
1.250324	0.0006790
1.251079	-0.0004141
1.251836	-0.0005861
1.252593	-0.0004223
1.253351	-0.0002204
1.254109	0.0003998
1.254868	0.0006597
1.255628	-0.0027249
1.256389	-0.0007390
1.257150	-0.0014543
1.257912	0.0005068
1.258675	0.0002032
1.259438	0.0015921
1.260203	-0.0003666
1.260967	0.0004902
1.261733	-0.0011875
1.262499	0.0000607
1.263266	-0.0006288
1.264034	0.0018428
1.264802	-0.0009365
1.265571	0.0010320
1.266341	0.0008510
1.267111	-0.0000048
1.267882	-0.0006692
1.268654	0.0013015
1.269427	-0.0002187
1.270200	-0.0012647
1.270974	-0.0004218
1.271749	0.0006472
1.272524	-0.0000079
1.273300	-0.0008391
1.274077	0.0002744
1.274854	0.0007844
1.275632	0.0015705
1.276411	0.0017492
1.277191	-0.0003539
1.277971	-0.0002683
1.278752	-0.0015966
1.279534	0.0004366
1.280316	0.0010013
1.281099	0.0007645
1.281883	0.0005313
1.282668	-0.0006486
1.283453	0.0007180
1.284239	0.0006062
1.285025	-0.0006552
1.285812	-0.0006230
1.286600	0.0000425
1.287389	0.0009156
1.288179	-0.0003030
1.288969	-0.0012774
1.289760	0.0004769
1.290551	0.0004197
1.291343	-0.0006819
1.292136	0.0009308
1.292930	-0.0029392
1.293724	0.0021189
1.294519	-0.0005068
1.295315	-0.0003967
1.296111	-0.0005722
1.296908	0.0004142
1.297706	-0.0005658
1.298505	0.0003635
1.299304	-0.0000865
1.300104	0.0005114
1.300905	0.0010294
1.301706	0.0000487
1.302508	0.0001253
1.303311	-0.0014213
1.304114	-0.0009446
1.304918	-0.0022358
1.305723	0.0008573
1.306529	-0.0012561
1.307335	-0.0006945
1.308142	0.0006905
1.308950	0.0005641
1.309758	0.0013963
1.310567	0.0003419
1.311377	-0.0000651
1.312187	-0.0001103
1.312998	-0.0016637
1.313810	0.0011404
1.314623	0.0005073
1.315436	0.0008824
1.316250	0.0001424
1.317065	0.0006886
1.317880	-0.0001546
1.318696	0.0005995
1.319513	0.0003531
1.320331	-0.0006390
1.321149	-0.0014823
1.321968	0.0012575
1.322787	-0.0007419
1.323608	-0.0005106
1.324429	-0.0005700
1.325250	-0.0017044
1.326073	0.0000140
1.326896	-0.0012241
1.327720	-0.0010665
1.328544	-0.0017883
1.329370	0.0005133
1.330196	-0.0013802
1.331022	-0.0004468
1.331849	-0.0003900
1.332678	-0.0000415
1.333506	0.0018244
1.334336	0.0008399
1.335166	-0.0007770
1.335997	0.0005525
1.336828	-0.0005802
1.337660	0.0007671
1.338493	0.0006994
1.339327	0.0013351
1.340161	-0.0003088
1.340996	0.0003326
1.341832	-0.0003519
1.342669	0.0004711
1.343506	-0.0003737
1.344344	-0.0017319
1.345182	-0.0003316
1.346022	-0.0013095
1.346862	-0.0000458
1.347702	0.0002867
1.348544	-0.0003192
1.349386	0.0001673
1.350229	-0.0000468
1.351072	0.0011699
1.351916	-0.0004859
1.352761	0.0027321
1.353607	0.0003389
1.354453	0.0022282
1.355300	-0.0004333
1.356148	0.0006623
1.356996	-0.0004359
1.357845	-0.0007609
1.358695	0.0029613
1.359546	0.0001032
1.360397	0.0025979
1.361249	-0.0001484
1.362101	0.0001395
1.362955	-0.0016453
1.363809	0.0016551
1.364663	-0.0011660
1.365519	0.0009570
1.366375	0.0005806
1.367232	-0.0010463
1.368089	-0.0019226
1.368948	0.0007200
1.369806	0.0011517
1.370666	0.0002687
1.371526	0.0013601
1.372387	-0.0004381
1.373249	-0.0004935
1.374112	0.0003777
1.374975	0.0004891
1.375839	0.0004274
1.376703	0.0013173
1.377569	0.0012781
1.378435	-0.0007404
1.379301	-0.0001988
1.380169	-0.0004615
1.381037	0.0001602
1.381905	-0.0000526
1.382775	0.0010627
1.383645	-0.0009613
1.384516	0.0006577
1.385388	0.0009903
1.386260	0.0004517
1.387133	-0.0005234
1.388006	-0.0004302
1.388881	0.0006089
1.389756	-0.0009831
1.390632	0.0000025
1.391508	-0.0001735
1.392385	0.0010154
1.393263	0.0009014
1.394142	0.0008794
1.395021	0.0017807
1.395901	0.0007473
1.396782	-0.0000530
1.397663	0.0000778
1.398546	0.0004291
1.399428	-0.0012284
1.400312	-0.0002046
1.401196	-0.0004299
1.402081	0.0010724
1.402967	0.0010420
1.403853	0.0007079
1.404740	-0.0011740
1.405628	-0.0002629
1.406516	-0.0009819
1.407405	0.0004271
1.408295	-0.0000005
1.409186	-0.0011534
1.410077	-0.0013122
1.410969	-0.0007028
1.411862	0.0001641
1.412755	-0.0019403
1.413649	-0.0006916
1.414544	0.0004081
1.415439	0.0001992
1.416335	-0.0022800
1.417232	0.0003383
1.418130	0.0016104
1.419028	-0.0003336
1.419927	-0.0008739
1.420827	-0.0009893
1.421727	0.0008602
1.422628	-0.0007364
1.423530	-0.0015317
1.424433	0.0003642
1.425336	-0.0005817
1.426240	-0.0006537
1.427144	0.0005953
1.428050	0.0018369
1.428956	0.0020703
1.429862	0.0003431
1.430770	0.0004676
1.431678	-0.0005299
1.432587	-0.0007876
1.433496	0.0004934
1.434406	0.0003607
1.435317	0.0001277
1.436229	-0.0000949
1.437141	0.0001246
1.438054	-0.0004628
1.438968	-0.0003639
1.439882	-0.0014178
1.440798	0.0004149
1.441713	-0.0010099
1.442630	0.0004450
1.443547	-0.0003222
1.444465	-0.0008732
1.445384	-0.0008505
1.446303	-0.0002448
1.447223	0.0023902
1.448144	0.0006150
1.449065	0.0010548
1.449988	-0.0012457
1.450910	-0.0006352
1.451834	0.0003963
1.452758	0.0013407
1.453683	0.0001101
1.454609	0.0002149
1.455535	-0.0004659
1.456462	0.0011308
1.457390	-0.0004502
1.458319	0.0004596
1.459248	0.0003364
1.460178	-0.0002384
1.461108	0.0010007
1.462039	-0.0001529
1.462971	0.0010430
1.463904	0.0011018
1.464838	0.0005913
1.465772	0.0012238
1.466706	0.0003239
1.467642	0.0001439
1.468578	0.0008917
1.469515	0.0002114
1.470453	0.0003795
1.471391	-0.0005547
1.472330	0.0008801
1.473270	-0.0003406
1.474210	0.0002126
1.475151	0.0010485
1.476093	0.0012008
1.477036	0.0005038
1.477979	-0.0010566
1.478923	0.0013047
1.479867	-0.0010172
1.480813	-0.0005547
1.481759	-0.0014635
1.482706	-0.0019051
1.483653	0.0006598
1.484601	-0.0003635
1.485550	-0.0003949
1.486500	-0.0006649
1.487450	0.0006650
1.488401	-0.0015544
1.489352	0.0010522
1.490305	0.0003708
1.491258	0.0012765
1.492212	-0.0005499
1.493166	0.0019536
1.494121	-0.0005320
1.495077	-0.0008579
1.496034	-0.0010514
1.496991	0.0003680
1.497949	-0.0008804
1.498908	0.0007074
1.499867	0.0010100
1.500827	0.0001423
1.501788	-0.0014146
1.502749	-0.0009193
1.503712	-0.0017777
1.504674	-0.0008520
1.505638	0.0011207
1.506602	0.0026802
1.507567	-0.0005931
1.508533	0.0009844
1.509499	0.0013200
1.510467	-0.0027082
1.511434	0.0009422
1.512403	-0.0019998
1.513372	-0.0003976
1.514342	-0.0003495
1.515313	0.0007849
1.516284	-0.0008195
1.517256	0.0024450
1.518229	0.0005849
1.519202	0.0008893
1.520176	0.0007786
1.521151	-0.0001528
1.522127	-0.0000165
1.523103	0.0002893
1.524080	-0.0005688
1.525058	0.0014332
1.526036	0.0011787
1.527015	-0.0000920
1.527995	-0.0002265
1.528975	0.0017115
1.529956	-0.0013819
1.530938	-0.0000647
1.531921	-0.0000087
1.532904	-0.0009570
1.533888	0.0006071
1.534873	0.0001243
1.535858	0.0008987
1.536844	-0.0009529
1.537831	0.0005311
1.538818	0.0004787
1.539807	0.0007885
1.540795	0.0018215
1.541785	-0.0000990
1.542775	0.0000779
1.543766	-0.0006843
1.544758	0.0009669
1.545750	0.0007150
1.546744	-0.0004019
1.547737	-0.0022434
1.548732	0.0002430
1.549727	0.0012629
1.550723	-0.0009181
1.551720	0.0011568
1.552717	0.0005828
1.553715	-0.0000664
1.554714	-0.0001322
1.555713	0.0008141
1.556713	0.0006297
1.557714	-0.0005059
1.558716	0.0004568
1.559718	-0.0011881
1.560721	-0.0010796
1.561724	-0.0001159
1.562729	-0.0001825
1.563734	-0.0007657
1.564739	-0.0005867
1.565746	0.0008282
1.566753	-0.0000934
1.567761	-0.0000229
1.568769	-0.0006293
1.569779	-0.0007825
1.570789	-0.0022090
1.571799	-0.0012521
1.572811	0.0002988
1.573823	0.0002948
1.574835	-0.0001823
1.575849	0.0000285
1.576863	0.0017133
1.577878	-0.0032533
1.578894	0.0016698
1.579910	0.0014181
1.580927	-0.0004887
1.581945	-0.0003596
1.582963	-0.0014842
1.583982	-0.0004523
1.585002	-0.0013679
1.586022	0.0004939
1.587043	0.0010922
1.588065	0.0007450
1.589088	-0.0012633
1.590111	-0.0003598
1.591135	0.0004454
1.592160	-0.0010008
1.593185	-0.0013668
1.594212	0.0015678
1.595238	0.0002131
1.596266	0.0001639
1.597294	0.0000793
1.598323	-0.0002163
1.599353	-0.0014677
1.600383	0.0012119
1.601414	-0.0002845
1.602446	-0.0007663
1.603478	0.0002537
1.604511	0.0011437
1.605545	-0.0003294
1.606580	-0.0014426
1.607615	0.0017579
1.608651	0.0020347
1.609687	0.0013347
1.610725	0.0000746
1.611763	-0.0011619
1.612802	-0.0019162
1.613841	-0.0007450
1.614881	0.0018159
1.615922	0.0024362
1.616964	0.0006203
1.618006	-0.0004342
1.619049	-0.0001051
1.620093	-0.0015115
1.621137	0.0005844
1.622182	0.0000901
1.623228	0.0001698
1.624274	0.0000940
1.625322	0.0003196
1.626369	0.0008932
1.627418	-0.0000658
1.628467	-0.0020760
1.629517	0.0006110
1.630568	0.0002373
1.631619	-0.0008767
1.632671	0.0004820
1.633724	0.0001996
1.634778	-0.0005571
1.635832	-0.0001829
1.636887	0.0014221
1.637943	-0.0007709
1.638999	0.0002154
1.640056	0.0009456
1.641114	-0.0004985
1.642172	0.0003228
1.643231	-0.0002958
1.644291	-0.0000614
1.645351	-0.0005020
1.646413	-0.0005055
1.647475	-0.0004163
1.648537	-0.0007686
1.649601	0.0003248
1.650665	0.0014540
1.651729	-0.0016831
1.652795	-0.0001271
1.653861	-0.0005047
1.654928	-0.0004844
1.655995	-0.0000408
1.657064	-0.0002329
1.658133	0.0002709
1.659202	0.0002476
1.660273	-0.0005260
1.661344	0.0015104
1.662416	-0.0022625
1.663488	0.0010801
1.664561	-0.0001704
1.665635	0.0022480
1.666710	-0.0010484
1.667785	0.0004445
1.668861	-0.0011635
1.669938	-0.0006834
1.671015	0.0012159
1.672093	0.0003023
1.673172	-0.0009431
1.674251	0.0002692
1.675332	-0.0003246
1.676412	-0.0003396
1.677494	-0.0005186
1.678576	0.0000746
1.679659	-0.0001299
1.680743	0.0003144
1.681827	0.0001946
1.682913	0.0002954
1.683998	-0.0020855
1.685085	-0.0019356
1.686172	0.0000878
1.687260	-0.0009946
1.688349	-0.0005537
1.689438	-0.0015328
1.690528	0.0008666
1.691619	-0.0001177
1.692710	0.0000632
1.693802	-0.0001033
1.694895	0.0009069
1.695989	0.0002490
1.697083	-0.0022366
1.698178	-0.0001676
1.699274	-0.0006633
1.700370	0.0004026
1.701467	-0.0002911
1.702565	0.0010566
1.703663	-0.0005212
1.704762	0.0001099
1.705862	0.0001940
1.706963	0.0000757
1.708064	0.0000638
1.709166	0.0003646
1.710269	-0.0004781
1.711372	0.0005402
1.712476	-0.0004483
1.713581	0.0013151
1.714686	0.0006029
1.715793	-0.0000063
1.716900	-0.0002111
1.718007	0.0014210
1.719115	-0.0022334
1.720224	-0.0000433
1.721334	0.0002989
1.722444	0.0003413
1.723556	0.0005940
1.724667	-0.0004851
1.725780	-0.0009090
1.726893	-0.0007560
1.728007	0.0006851
1.729122	0.0003259
1.730237	0.0005374
1.731353	-0.0001141
1.732470	-0.0009726
1.733587	-0.0012767
1.734705	-0.0003817
1.735824	0.0011595
1.736944	0.0001486
1.738064	-0.0010739
1.739185	-0.0027730
1.740306	-0.0013747
1.741429	0.0012895
1.742552	-0.0000575
1.743676	0.0022604
1.744800	0.0012634
1.745925	0.0002418
1.747051	0.0017634
1.748178	0.0004823
1.749305	-0.0006474
1.750433	0.0004455
1.751561	0.0000659
1.752691	-0.0018406
1.753821	-0.0002433
1.754952	-0.0001316
1.756083	-0.0015220
1.757215	-0.0004232
1.758348	-0.0006533
1.759482	0.0006480
1.760616	-0.0007318
1.761751	-0.0003282
1.762887	-0.0014860
1.764023	0.0005371
1.765160	-0.0005696
1.766298	-0.0012261
1.767436	-0.0000023
1.768576	-0.0007451
1.769716	-0.0014221
1.770856	-0.0003248
1.771997	0.0014404
1.773140	0.0007798
1.774282	0.0013729
1.775426	0.0010966
1.776570	-0.0015076
1.777715	0.0011130
1.778860	0.0006874
1.780006	0.0001205
1.781153	0.0007471
1.782301	-0.0000119
1.783449	0.0004457
1.784598	-0.0009092
1.785748	0.0017547
1.786898	-0.0001669
1.788050	-0.0006323
1.789201	0.0008732
1.790354	-0.0000638
1.791507	0.0003896
1.792661	0.0003246
1.793816	-0.0004401
1.794971	0.0006191
1.796127	0.0000817
1.797284	-0.0005924
1.798441	0.0009543
1.799600	0.0009949
1.800758	0.0005587
1.801918	0.0000372
1.803078	-0.0011259
1.804239	0.0005404
1.805401	0.0001346
1.806563	0.0007906
1.807726	-0.0001388
1.808890	-0.0007963
1.810055	0.0004619
1.811220	0.0005189
1.812386	0.0012488
1.813552	0.0001846
1.814720	-0.0006248
1.815888	0.0001296
1.817056	0.0010701
1.818226	0.0007590
1.819396	0.0032428
1.820567	0.0002131
1.821738	-0.0011122
1.822910	-0.0004248
1.824083	0.0000058
1.825257	0.0005472
1.826431	0.0007610
1.827606	0.0014546
1.828782	0.0008224
1.829958	0.0013084
1.831136	0.0003877
1.832313	0.0004207
1.833492	0.0000234
1.834671	-0.0012863
1.835851	-0.0008010
1.837032	0.0007455
1.838213	0.0008085
1.839395	0.0016556
1.840578	0.0000195
1.841761	0.0009347
1.842945	-0.0009743
1.844130	-0.0004394
1.845316	-0.0015314
1.846502	-0.0002356
1.847689	-0.0001434
1.848877	-0.0006219
1.850065	-0.0009648
1.851254	0.0021131
1.852444	0.0008097
1.853634	0.0005137
1.854826	-0.0001973
1.856017	0.0006126
1.857210	0.0000513
1.858403	-0.0001479
1.859597	-0.0010314
1.860792	-0.0000691
1.861987	-0.0004485
1.863183	0.0003901
1.864380	-0.0003160
1.865578	-0.0003741
1.866776	-0.0010147
1.867975	0.0014487
1.869174	0.0014036
1.870375	-0.0001545
1.871576	-0.0018138
1.872778	0.0001792
1.873980	0.0009399
1.875183	0.0013434
1.876387	0.0018084
1.877591	-0.0011739
1.878797	-0.0019148
1.880003	0.0011777
1.881209	0.0003487
1.882417	0.0006606
1.883625	0.0006689
1.884833	-0.0001358
1.886043	0.0013203
1.887253	-0.0002553
1.888464	-0.0007347
1.889675	-0.0004738
1.890888	-0.0003177
1.892100	-0.0007230
1.893314	-0.0010325
1.894528	-0.0006647
1.895744	0.0016273
1.896959	-0.0016735
1.898176	-0.0002310
1.899393	0.0000726
1.900611	0.0012183
1.901829	0.0003230
1.903049	0.0006199
1.904269	0.0021641
1.905489	0.0012917
1.906711	-0.0003221
1.907933	0.0013472
1.909156	-0.0003860
1.910379	-0.0002274
1.911603	0.0006804
1.912828	-0.0004768
1.914054	0.0005441
1.915280	0.0006823
1.916507	-0.0000730
1.917735	0.0004891
1.918963	0.0004413
1.920192	0.0002560
1.921422	-0.0011453
1.922653	0.0012424
1.923884	-0.0004738
1.925116	-0.0001640
1.926348	0.0003892
1.927582	-0.0008201
1.928816	-0.0006818
1.930050	-0.0006831
1.931286	-0.0000267
1.932522	-0.0011306
1.933759	0.0005847
1.934996	0.0007104
1.936234	-0.0021274
1.937473	-0.0008242
1.938713	0.0012035
1.939953	-0.0008262
1.941194	-0.0001383
1.942436	-0.0000829
1.943679	-0.0000939
1.944922	0.0006698
1.946166	0.0002214
1.947410	-0.0003047
1.948656	-0.0012343
1.949901	-0.0022813
1.951148	0.0006069
1.952396	-0.0012194
1.953644	-0.0010008
1.954892	-0.0013397
1.956142	-0.0016775
1.957392	0.0002270
1.958643	0.0020686
1.959894	-0.0010481
1.961147	0.0009332
1.962400	-0.0012695
1.963653	0.0003833
1.964908	0.0009761
1.966163	0.0002408
1.967419	-0.0005870
1.968675	-0.0003533
1.969932	-0.0009132
1.971190	0.0000320
1.972449	-0.0015545
1.973708	-0.0003288
1.974968	-0.0008732
1.976229	-0.0001385
1.977490	0.0009869
1.978752	-0.0001693
1.980015	0.0007250
1.981279	-0.0001712
1.982543	-0.0010638
1.983808	-0.0006417
1.985074	-0.0003352
1.986340	0.0005036
1.987607	0.0016771
1.988875	-0.0006052
1.990143	0.0002784
1.991412	-0.0008740
1.992682	0.0014562
1.993953	-0.0002983
1.995224	0.0008332
1.996496	0.0019792
1.997769	-0.0008329
1.999042	0.0001485
2.000316	-0.0023136
2.001591	0.0016204
2.002866	-0.0000026
2.004142	0.0008006
2.005419	0.0002050
2.006697	-0.0003980
2.007975	0.0002097
2.009254	-0.0011176
2.010534	0.0008013
2.011814	-0.0003665
2.013095	0.0008058
2.014377	-0.0008350
2.015659	-0.0007479
2.016943	0.0004103
2.018227	-0.0001550
2.019511	-0.0018025
2.020796	0.0008368
2.022082	0.0006976
2.023369	-0.0005085
2.024657	0.0003559
2.025945	0.0013240
2.027234	-0.0007018
2.028523	0.0010041
2.029813	-0.0012808
2.031104	0.0015502
2.032396	-0.0000423
2.033688	0.0007204
2.034981	-0.0002233
2.036275	-0.0003133
2.037569	-0.0001012
2.038864	-0.0008988
2.040160	0.0007360
2.041457	-0.0013587
2.042754	0.0003169
2.044052	-0.0001386
2.045351	0.0007275
2.046650	0.0010363
2.047950	0.0001216
2.049251	0.0013491
2.050552	-0.0011559
2.051854	0.0011760
2.053157	-0.0008645
2.054461	-0.0001972
2.055765	0.0000320
2.057070	-0.0009936
2.058376	0.0016748
2.059682	0.0000875
2.060989	0.0011037
2.062297	-0.0014904
2.063605	-0.0012098
2.064915	-0.0000923
2.066224	0.0008976
2.067535	0.0009963
2.068846	-0.0005179
2.070158	0.0029242
2.071471	0.0018393
2.072784	-0.0000097
2.074098	-0.0003405
2.075413	-0.0020686
2.076729	0.0000230
2.078045	0.0007801
2.079362	-0.0000199
2.080680	0.0003802
2.081998	0.0006604
2.083317	-0.0001169
2.084637	0.0007628
2.085957	-0.0003709
2.087278	-0.0009753
2.088600	0.0017631
2.089922	0.0000515
2.091246	-0.0001710
2.092570	-0.0006102
2.093894	-0.0004381
2.095220	0.0000066
2.096546	-0.0005691
2.097872	-0.0020366
2.099200	-0.0020719
2.100528	0.0002830
2.101857	-0.0007649
2.103186	-0.0013891
2.104517	0.0003555
2.105848	0.0001582
2.107179	0.0002065
2.108512	0.0005958
2.109845	0.0009242
2.111178	-0.0002597
2.112513	0.0015355
2.113848	0.0008424
2.115184	-0.0000592
2.116520	-0.0000577
2.117858	-0.0017168
2.119196	0.0010482
2.120534	0.0013931
2.121874	0.0005669
2.123214	-0.0004218
2.124555	0.0010261
2.125896	0.0010693
2.127238	0.0008728
2.128581	-0.0008064
2.129925	-0.0003889
2.131269	-0.0001464
2.132614	0.0005909
2.133960	0.0005982
2.135306	-0.0004709
2.136653	-0.0011776
2.138001	0.0022426
2.139350	-0.0009400
2.140699	-0.0017547
2.142049	-0.0011652
2.143399	0.0002719
2.144751	-0.0006245
2.146103	0.0012757
2.147455	0.0006365
2.148809	-0.0005752
2.150163	-0.0006429
2.151518	0.0008351
2.152873	-0.0000753
2.154230	-0.0002457
2.155587	0.0000640
2.156944	0.0006852
2.158303	-0.0008587
2.159662	-0.0007311
2.161021	0.0002656
2.162382	0.0000508
2.163743	-0.0003757
2.165105	-0.0004646
2.166467	0.0006632
2.167831	-0.0003006
2.169195	-0.0002019
2.170559	0.0013348
2.171925	-0.0005592
2.173291	0.0001767
2.174658	0.0007295
2.176025	-0.0006114
2.177393	-0.0010968
2.178762	-0.0014624
2.180132	-0.0023824
2.181502	-0.0013817
2.182873	0.0007012
2.184245	-0.0006011
2.185617	-0.0015642
2.186990	-0.0002430
2.188364	-0.0001840
2.189738	-0.0004164
2.191114	0.0007254
2.192490	0.0004635
2.193866	-0.0009120
2.195244	-0.0003935
2.196622	-0.0006340
2.198000	0.0007967
2.199380	0.0011216
2.200760	0.0007309
2.202141	-0.0006685
2.203522	0.0000905
2.204904	0.0009754
2.206287	-0.0009836
2.207671	0.0011691
2.209055	0.0018487
2.210440	-0.0008902
2.211826	0.0012075
2.213213	0.0008334
2.214600	0.0002043
2.215988	0.0010556
2.217376	-0.0001831
2.218765	0.0008053
2.220155	-0.0011320
2.221546	-0.0008096
2.222937	0.0002323
2.224329	0.0020440
2.225722	-0.0011271
2.227116	0.0012787
2.228510	-0.0012141
2.229905	0.0001002
2.231300	0.0016445
2.232696	-0.0001723
2.234093	-0.0007646
2.235491	0.0006753
2.236890	-0.0023409
2.238289	0.0000728
2.239688	-0.0005089
2.241089	-0.0013215
2.242490	-0.0000126
2.243892	0.0004689
2.245295	0.0005082
2.246698	0.0002063
2.248102	-0.0013326
2.249507	0.0004158
2.250912	0.0007448
2.252318	0.0000046
2.253725	-0.0011023
2.255132	0.0008386
2.256541	0.0013044
2.257950	0.0000909
2.259359	0.0007181
2.260770	0.0017533
2.262181	0.0005527
2.263592	-0.0003324
2.265005	-0.0001573
2.266418	-0.0001370
2.267832	-0.0001213
2.269246	-0.0009406
2.270661	-0.0009425
2.272077	0.0003811
2.273494	-0.0009309
2.274911	0.0000883
2.276329	-0.0002650
2.277748	0.0000412
2.279168	-0.0011095
2.280588	0.0032155
2.282009	-0.0005980
2.283430	0.0000037
2.284853	-0.0005313
2.286275	-0.0005872
2.287699	-0.0005728
2.289124	-0.0022928
2.290549	-0.0001721
2.291974	0.0002090
2.293401	-0.0016329
2.294828	-0.0004965
2.296256	-0.0004511
2.297685	-0.0001925
2.299114	-0.0006257
2.300544	0.0000412
2.301975	0.0004214
2.303406	-0.0017905
2.304838	0.0012442
2.306271	0.0016037
2.307704	0.0001603
2.309139	0.0013326
2.310573	-0.0013652
2.312009	-0.0007136
2.313445	-0.0019305
2.314882	-0.0004445
2.316320	-0.0005848
2.317759	-0.0005716
2.319198	-0.0002207
2.320637	0.0006062
2.322078	0.0006882
2.323519	-0.0015911
2.324961	-0.0003476
2.326404	-0.0005256
2.327847	0.0007594
2.329291	0.0010110
2.330736	0.0011975
2.332181	-0.0017436
2.333628	-0.0005862
2.335074	-0.0004922
2.336522	0.0007409
2.337970	0.0008539
2.339419	-0.0004086
2.340869	-0.0008250
2.342319	-0.0005820
2.343770	-0.0005517
2.345222	0.0022020
2.346674	0.0017868
2.348128	0.0016375
2.349582	0.0002479
2.351036	-0.0008182
2.352491	0.0001211
2.353947	0.0007756
2.355404	-0.0011715
2.356861	-0.0013123
2.358319	-0.0001509
2.359778	-0.0002165
2.361238	-0.0007548
2.362698	0.0000528
2.364159	-0.0028796
2.365620	0.0013112
2.367083	0.0023283
2.368546	0.0008372
2.370009	0.0000993
2.371474	-0.0016337
2.372939	0.0001562
2.374405	-0.0007331
2.375871	0.0017425
2.377339	-0.0013402
2.378806	-0.0019650
2.380275	-0.0005759
2.381744	0.0001910
2.383214	-0.0004731
2.384685	0.0002123
2.386157	-0.0006636
2.387629	-0.0004394
2.389102	-0.0009521
2.390575	-0.0010964
2.392049	0.0004937
2.393524	-0.0012194
2.395000	0.0001476
2.396476	0.0010895
2.397953	-0.0021050
2.399431	0.0023612
2.400910	0.0007036
2.402389	0.0010837
2.403869	0.0001652
2.405349	-0.0008702
2.406830	0.0003519
2.408312	-0.0003682
2.409795	-0.0010220
2.411278	0.0003009
2.412763	0.0001135
2.414247	0.0004148
2.415733	-0.0014065
2.417219	-0.0005340
2.418706	0.0018658
2.420193	-0.0014276
2.421682	0.0013958
2.423171	0.0000685
2.424660	-0.0016936
2.426151	-0.0024736
2.427642	-0.0011030
2.429134	0.0010822
2.430626	-0.0007500
2.432119	0.0008217
2.433613	0.0013599
2.435108	0.0011523
2.436603	0.0004408
2.438099	0.0000470
2.439596	-0.0003069
2.441094	-0.0001526
2.442592	0.0004285
2.444090	-0.0002483
2.445590	0.0004881
2.447090	0.0006699
2.448591	0.0000808
2.450093	-0.0010623
2.451595	0.0011017
2.453098	-0.0012247
2.454602	0.0012885
2.456106	0.0012571
2.457612	-0.0005200
2.459117	-0.0010730
2.460624	0.0011772
2.462131	0.0003840
2.463639	-0.0004015
2.465148	-0.0003618
2.466657	-0.0008501
2.468167	-0.0009640
2.469678	0.0011746
2.471189	0.0015194
2.472702	0.0007318
2.474215	0.0011681
2.475728	0.0004412
2.477242	0.0010602
2.478757	-0.0014076
2.480273	0.0006463
2.481789	0.0010346
2.483307	0.0014785
2.484824	-0.0017011
2.486343	0.0004424
2.487862	-0.0007518
2.489382	0.0002312
2.490903	-0.0022667
2.492424	-0.0005756
2.493946	0.0015837
2.495469	-0.0011175
2.496992	-0.0008898
2.498516	-0.0005184
2.500041	-0.0001160
2.501566	0.0003325
2.503093	-0.0003752
2.504620	-0.0005410
2.506147	0.0019613
2.507676	0.0003504
2.509205	-0.0003886
2.510734	-0.0007763
2.512265	0.0004286
2.513796	-0.0009204
2.515328	0.0004705
2.516860	0.0001976
2.518393	0.0002594
2.519927	-0.0000023
2.521462	0.0002818
2.522997	0.0011997
2.524533	0.0008388
2.526070	0.0005370
2.527608	0.0002056
2.529146	-0.0004840
2.530685	-0.0023736
2.532224	0.0010350
2.533765	-0.0005764
2.535306	-0.0008365
2.536847	0.0026554
2.538390	0.0009862
2.539933	-0.0009477
2.541476	-0.0002729
2.543021	0.0004897
2.544566	-0.0024655
2.546112	-0.0012372
2.547659	-0.0004952
2.549206	0.0012268
2.550754	-0.0005048
2.552303	0.0006608
2.553852	0.0017867
2.555402	0.0012101
2.556953	0.0013845
2.558504	0.0001955
2.560057	0.0013263
2.561610	-0.0016695
2.563163	0.0003957
2.564717	0.0007309
2.566272	0.0021212
2.567828	0.0002410
2.569385	0.0000927
2.570942	0.0008739
2.572500	0.0016071
2.574058	-0.0001676
2.575617	0.0006232
2.577177	0.0022451
2.578738	-0.0010306
2.580299	0.0005112
2.581861	0.0021639
2.583424	0.0013260
2.584987	0.0001389
2.586552	0.0002592
2.588117	-0.0004747
2.589682	0.0005664
2.591248	-0.0008643
2.592815	0.0004559
2.594383	0.0008258
2.595951	-0.0007889
2.597520	0.0017069
2.599090	0.0009825
2.600661	0.0013265
2.602232	0.0004945
2.603804	-0.0010987
2.605376	-0.0019163
2.606950	0.0003316
2.608524	-0.0001411
2.610098	-0.0006732
2.611674	0.0007063
2.613250	-0.0011564
2.614826	-0.0003179
2.616404	0.0021348
2.617982	-0.0006666
2.619561	0.0006091
2.621141	-0.0014165
2.622721	-0.0001455
2.624302	0.0000445
2.625884	0.0021048
2.627466	-0.0008586
2.629049	-0.0002347
2.630633	0.0007114
2.632218	0.0011858
2.633803	0.0011241
2.635389	-0.0000399
2.636975	0.0006695
2.638563	0.0002992
2.640151	0.0010250
2.641739	-0.0004236
2.643329	-0.0002141
2.644919	0.0004182
2.646510	0.0001581
2.648101	-0.0001058
2.649694	-0.0003487
2.651287	-0.0000098
2.652880	0.0002085
2.654475	0.0006973
2.656070	-0.0009062
2.657665	0.0004574
2.659262	-0.0000701
2.660859	-0.0004144
2.662457	-0.0007815
2.664056	-0.0001431
2.665655	-0.0009466
2.667255	0.0013864
2.668855	-0.0003623
2.670457	0.0003725
2.672059	0.0017822
2.673662	-0.0008053
2.675265	-0.0006576
2.676869	-0.0002955
2.678474	0.0007961
2.680080	0.0016949
2.681686	-0.0004886
2.683293	-0.0011336
2.684901	-0.0001467
2.686509	-0.0007348
2.688118	-0.0008824
2.689728	0.0005064
2.691339	-0.0012407
2.692950	-0.0000825
2.694562	0.0000729
2.696174	0.0006143
2.697788	0.0001676
2.699402	-0.0002403
2.701016	0.0005460
2.702632	-0.0012827
2.704248	-0.0000646
2.705865	0.0028255
2.707482	-0.0020552
2.709101	0.0010135
2.710720	0.0009897
2.712339	-0.0015155
2.713960	0.0002494
2.715581	-0.0003412
2.717202	-0.0003259
2.718825	-0.0003037
2.720448	-0.0007344
2.722072	-0.0010688
2.723696	0.0012418
2.725322	0.0008195
2.726948	0.0004987
2.728574	-0.0005920
2.730202	-0.0007059
2.731830	-0.0001872
2.733458	0.0014083
2.735088	0.0006372
2.736718	-0.0013386
2.738349	-0.0000104
2.739981	-0.0009234
2.741613	0.0002397
2.743246	-0.0020571
2.744880	-0.0006755
2.746514	0.0009803
2.748149	0.0009087
2.749785	0.0008666
2.751421	-0.0008190
2.753058	0.0002685
2.754696	0.0015021
2.756335	-0.0006382
2.757974	-0.0003201
2.759614	0.0007026
2.761255	0.0002271
2.762896	-0.0017079
2.764539	0.0002704
2.766181	-0.0011309
2.767825	0.0009266
2.769469	-0.0007791
2.771114	0.0003233
2.772760	-0.0003252
2.774406	0.0008427
2.776053	-0.0001602
2.777701	0.0016525
2.779349	0.0003684
2.780998	0.0001940
2.782648	-0.0005981
2.784299	-0.0004888
2.785950	0.0000459
2.787602	-0.0005561
2.789255	-0.0007475
2.790908	0.0017578
2.792562	-0.0006413
2.794217	0.0003108
2.795872	0.0006320
2.797528	0.0017531
2.799185	-0.0004384
2.800843	-0.0010051
2.802501	0.0007662
2.804160	-0.0000720
2.805820	0.0009230
2.807480	-0.0000467
2.809141	0.0001786
2.810803	-0.0008673
2.812466	-0.0010678
2.814129	0.0002501
2.815793	-0.0007161
2.817457	0.0020787
2.819122	0.0006561
2.820788	-0.0007984
2.822455	0.0011302
2.824123	-0.0007272
2.825791	0.0004968
2.827459	-0.0003291
2.829129	0.0001695
2.830799	-0.0002087
2.832470	-0.0019460
2.834142	-0.0002067
2.835814	0.0012882
2.837487	0.0008757
2.839161	0.0010756
2.840835	0.0000280
2.842510	0.0002203
2.844186	0.0017614
2.845863	-0.0000811
2.847540	-0.0003640
2.849218	0.0004961
2.850897	-0.0005360
2.852576	-0.0016754
2.854256	0.0002094
2.855937	-0.0013565
2.857618	-0.0012430
2.859300	-0.0014311
2.860983	-0.0006222
2.862667	-0.0011715
2.864351	0.0009883
2.866036	0.0011940
2.867722	0.0008704
2.869408	-0.0005824
2.871095	0.0006616
2.872783	0.0003691
2.874471	-0.0009476
2.876160	-0.0017128
2.877850	0.0000282
2.879541	-0.0007206
2.881232	-0.0003451
2.882924	0.0008637
2.884617	0.0014448
2.886310	0.0027841
2.888004	0.0002189
2.889699	0.0012004
2.891395	-0.0012414
2.893091	-0.0002238
2.894788	-0.0004521
2.896485	0.0007493
2.898184	0.0019118
2.899883	0.0018546
2.901582	0.0010208
2.903283	-0.0009552
2.904984	0.0011544
2.906686	-0.0003222
2.908388	-0.0007687
2.910092	-0.0005659
2.911795	-0.0007694
2.913500	-0.0013749
2.915205	-0.0000386
2.916912	0.0000731
2.918618	-0.0016824
2.920326	-0.0013149
2.922034	-0.0002587
2.923743	0.0009995
2.925452	-0.0012133
2.927162	-0.0003021
2.928873	0.0003906
2.930585	0.0003694
2.932297	-0.0002504
2.934010	0.0008292
2.935724	-0.0012236
2.937439	-0.0003906
2.939154	-0.0013238
2.940870	-0.0000527
2.942586	0.0003913
2.944304	-0.0007014
2.946022	0.0015240
2.947740	0.0010943
2.949460	0.0003614
2.951180	-0.0002245
2.952901	-0.0003268
2.954622	-0.0006571
2.956344	0.0020496
2.958067	0.0013455
2.959791	0.0005081
2.961515	-0.0019080
2.963240	-0.0006118
2.964966	0.0009387
2.966692	-0.0006844
2.968419	-0.0016639
2.970147	0.0010119
2.971876	-0.0020686
2.973605	-0.0010640
2.975335	-0.0006390
2.977065	-0.0005851
2.978797	-0.0002186
2.980529	-0.0013187
2.982261	0.0002997
2.983995	-0.0011687
2.985729	0.0017248
2.987464	0.0002825
2.989199	0.0012368
2.990936	-0.0000366
2.992672	-0.0012741
2.994410	0.0010897
2.996148	-0.0003060
2.997888	0.0011745
2.999627	0.0006874
3.001368	-0.0007412
3.003109	-0.0002738
3.004851	0.0013582
3.006593	-0.0005287
3.008337	0.0011993
3.010081	-0.0005084
3.011825	-0.0002059
3.013571	0.0015927
3.015317	-0.0019102
3.017063	-0.0005056
3.018811	-0.0000490
3.020559	0.0004387
3.022308	-0.0019813
3.024058	0.0013780
3.025808	0.0008001
3.027559	-0.0000597
3.029310	0.0006820
3.031063	-0.0012715
3.032816	-0.0002125
3.034570	0.0005308
3.036324	0.0010002
3.038079	-0.0006747
3.039835	0.0000545
3.041592	-0.0007539
3.043349	-0.0021247
3.045107	0.0002398
3.046866	-0.0014895
3.048625	-0.0006985
3.050386	0.0001569
3.052146	-0.0006115
3.053908	0.0014984
3.055670	0.0005841
3.057433	-0.0010576
3.059197	-0.0003795
3.060961	-0.0014012
3.062726	-0.0005021
3.064492	-0.0011905
3.066258	-0.0007642
3.068025	-0.0005505
3.069793	0.0000377
3.071562	-0.0001491
3.073331	-0.0008379
3.075101	0.0007005
3.076872	0.0005143
3.078643	-0.0001325
3.080415	-0.0000750
3.082188	0.0017676
3.083961	-0.0004990
3.085735	0.0008724
3.087510	0.0003859
3.089286	0.0003935
3.091062	-0.0009933
3.092839	0.0001034
3.094617	-0.0001369
3.096395	-0.0004384
3.098174	0.0009830
3.099954	0.0001199
3.101735	-0.0009257
3.103516	-0.0013628
3.105298	0.0012731
3.107080	-0.0000836
3.108864	0.0001747
3.110648	-0.0004230
3.112432	0.0000601
3.114218	-0.0001691
3.116004	0.0013976
3.117791	-0.0009041
3.119578	-0.0000923
3.121366	0.0010939
3.123155	0.0006564
3.124945	-0.0002038
3.126735	0.0006026
3.128526	-0.0006709
3.130318	0.0016810
3.132110	-0.0006045
3.133904	0.0001936
3.135697	0.0002213
3.137492	-0.0013314
3.139287	0.0027959
3.141083	-0.0023975
3.142880	0.0005022
3.144677	-0.0014210
3.146475	-0.0001252
3.148274	0.0004477
3.150073	-0.0012418
3.151874	-0.0007574
3.153674	-0.0001233
3.155476	0.0013311
3.157278	-0.0004600
3.159081	-0.0009451
3.160885	0.0005852
3.162689	0.0000021
3.164494	0.0014556
3.166300	-0.0013422
3.168107	0.0001157
3.169914	0.0000726
3.171722	0.0003985
3.173530	-0.0018239
3.175340	0.0002498
3.177149	-0.0003405
3.178960	-0.0021228
3.180772	-0.0001495
3.182584	-0.0001950
3.184396	-0.0008459
3.186210	-0.0022499
3.188024	0.0016143
3.189839	0.0007233
3.191655	-0.0004106
3.193471	0.0004306
3.195288	0.0016414
3.197106	0.0003765
3.198924	-0.0009846
3.200743	0.0011437
3.202563	-0.0011621
3.204384	0.0004993
3.206205	0.0000935
3.208027	-0.0006301
3.209849	0.0010918
3.211673	-0.0007406
3.213497	-0.0017990
3.215322	0.0010000
3.217147	0.0002157
3.218973	0.0008123
3.220800	-0.0021986
3.222628	0.0004101
3.224456	-0.0001099
3.226285	-0.0006060
3.228114	-0.0001287
3.229945	-0.0015673
3.231776	0.0002675
3.233608	-0.0005523
3.235440	-0.0008602
3.237273	0.0004437
3.239107	0.0011574
3.240942	0.0012470
3.242777	-0.0003002
3.244613	-0.0002979
3.246450	0.0010832
3.248287	-0.0011521
3.250125	0.0004425
3.251964	-0.0004756
3.253803	0.0005256
3.255644	-0.0011308
3.257484	-0.0010229
3.259326	0.0006106
3.261168	0.0008885
3.263011	-0.0005963
3.264855	0.0001430
3.266700	-0.0002396
3.268545	0.0004793
3.270390	-0.0002660
3.272237	0.0010479
3.274084	-0.0005211
3.275932	-0.0007857
3.277781	-0.0000324
3.279630	0.0001633
3.281480	-0.0012245
3.283331	0.0012288
3.285182	-0.0001803
3.287034	0.0003327
3.288887	-0.0004936
3.290741	-0.0022790
3.292595	0.0007084
3.294450	0.0006841
3.296306	0.0006466
3.298162	0.0016606
3.300019	0.0008830
3.301877	-0.0011655
3.303735	-0.0004542
3.305594	-0.0005331
3.307454	-0.0003118
3.309315	0.0006192
3.311176	-0.0016345
3.313038	-0.0000835
3.314901	0.0004328
3.316764	-0.0013948
3.318628	-0.0008192
3.320493	-0.0003037
3.322358	-0.0005725
3.324225	-0.0018391
3.326091	0.0005592
3.327959	-0.0009373
3.329827	0.0000194
3.331696	0.0017134
3.333566	0.0008530
3.335436	-0.0014203
3.337308	0.0008074
3.339179	-0.0017874
3.341052	-0.0008361
3.342925	-0.0012892
3.344799	0.0001425
3.346674	-0.0016028
3.348549	-0.0013061
3.350425	-0.0006139
3.352302	0.0000463
3.354179	-0.0000861
3.356057	-0.0008488
3.357936	-0.0000146
3.359816	-0.0018313
3.361696	0.0003738
3.363577	0.0001997
3.365458	-0.0000938
3.367341	-0.0008222
3.369224	-0.0020681
3.371107	0.0012212
3.372992	0.0016659
3.374877	0.0011845
3.376763	-0.0004914
3.378649	-0.0000339
3.380537	-0.0011260
3.382425	-0.0008711
3.384313	0.0011574
3.386203	0.0006129
3.388093	-0.0001006
3.389983	0.0003916
3.391875	0.0005043
3.393767	0.0003430
3.395660	0.0000155
3.397554	0.0005954
3.399448	0.0000112
3.401343	-0.0019318
3.403239	0.0003324
3.405135	0.0009470
3.407032	-0.0011956
3.408930	0.0009239
3.410828	-0.0015284
3.412727	-0.0004946
3.414627	-0.0010218
3.416528	0.0016473
3.418429	0.0002861
3.420331	0.0003306
3.422234	0.0010007
3.424137	-0.0012019
3.426042	0.0004776
3.427946	0.0000748
3.429852	-0.0001903
3.431758	0.0000746
3.433665	-0.0001359
3.435573	-0.0004414
3.437481	-0.0013559
3.439390	-0.0001688
3.441300	0.0022685
3.443210	-0.0003698
3.445121	-0.0010793
3.447033	0.0001105
3.448946	0.0000914
3.450859	-0.0002489
3.452773	0.0009710
3.454687	0.0002335
3.456603	0.0013673
3.458519	-0.0008984
3.460436	0.0000386
3.462353	-0.0009906
3.464271	0.0009007
3.466190	-0.0010128
3.468110	0.0003328
3.470030	0.0004094
3.471951	0.0005664
3.473873	-0.0000670
3.475795	0.0010370
3.477718	0.0007375
3.479642	0.0013519
3.481566	-0.0002755
3.483492	0.0013114
3.485417	-0.0000849
3.487344	0.0010621
3.489271	0.0000897
3.491199	0.0000106
3.493128	-0.0006152
3.495057	0.0022812
3.496987	-0.0002581
3.498918	0.0003469
3.500850	0.0012434
3.502782	-0.0000040
3.504715	0.0018389
3.506649	0.0008817
3.508583	-0.0008007
3.510518	-0.0001282
3.512454	-0.0008771
3.514390	0.0000996
3.516327	0.0010296
3.518265	0.0001480
3.520203	-0.0006648
3.522143	0.0009273
3.524083	0.0012228
3.526023	0.0010172
3.527965	0.0003587
3.529907	0.0008455
3.531849	0.0005400
3.533793	-0.0011125
3.535737	0.0021830
3.537682	0.0009733
3.539627	-0.0005079
3.541574	-0.0013457
3.543521	0.0005263
3.545468	0.0008110
3.547417	-0.0003499
3.549366	-0.0005443
3.551316	0.0008204
3.553266	-0.0000906
3.555217	0.0001844
3.557169	-0.0004141
3.559122	-0.0018012
3.561075	-0.0001919
3.563029	0.0013612
3.564984	0.0004882
3.566939	0.0003916
3.568895	-0.0000887
3.570852	0.0005303
3.572809	0.0011223
3.574768	-0.0009920
3.576726	-0.0005014
3.578686	-0.0008295
3.580646	0.0007359
3.582607	-0.0003669
3.584569	-0.0000815
3.586531	0.0006160
3.588495	0.0014830
3.590458	0.0011892
3.592423	0.0000677
3.594388	-0.0002268
3.596354	-0.0015655
3.598321	-0.0005990
3.600288	-0.0008329
3.602256	-0.0005422
3.604225	-0.0005472
3.606194	-0.0002844
3.608164	0.0003952
3.610135	-0.0004153
3.612107	-0.0013519
3.614079	0.0003603
3.616052	-0.0012202
3.618026	-0.0000404
3.620000	0.0011644
3.621975	-0.0004576
3.623951	0.0027134
3.625927	-0.0002061
3.627904	0.0011335
3.629882	-0.0008589
3.631861	0.0007612
3.633840	-0.0010289
3.635820	0.0006963
3.637801	0.0002396
3.639782	-0.0006005
3.641764	0.0000891
3.643747	-0.0009438
3.645730	-0.0005904
3.647715	0.0002059
3.649700	-0.0010997
3.651685	-0.0011195
3.653671	0.0017121
3.655658	-0.0010923
3.657646	0.0015825
3.659634	-0.0006649
3.661624	-0.0011753
3.663613	-0.0006453
3.665604	0.0006072
3.667595	-0.0010838
3.669587	-0.0000334
3.671580	-0.0001906
3.673573	0.0002127
3.675567	0.0009379
3.677562	-0.0019516
3.679557	-0.0000565
3.681553	-0.0003136
3.683550	-0.0000592
3.685548	-0.0021707
3.687546	0.0004169
3.689545	0.0004762
3.691544	0.0000628
3.693545	0.0011447
3.695546	-0.0003432
3.697548	0.0008437
3.699550	-0.0001061
3.701553	-0.0019378
3.703557	-0.0007586
3.705562	0.0006048
3.707567	0.0018084
3.709573	0.0001204
3.711579	0.0010200
3.713587	0.0012537
3.715595	-0.0004050
3.717604	-0.0005045
3.719613	0.0016020
3.721623	-0.0017437
3.723634	0.0014559
3.725646	-0.0016901
3.727658	0.0003780
3.729671	0.0000312
3.731685	0.0001647
3.733699	-0.0003984
3.735714	0.0013700
3.737730	0.0000883
3.739746	-0.0003269
3.741764	0.0001141
3.743782	0.0003075
3.745800	0.0007284
3.747819	-0.0017136
3.749839	-0.0000285
3.751860	-0.0005423
3.753882	0.0009754
3.755904	-0.0005387
3.757927	0.0004032
3.759950	0.0001839
3.761974	-0.0008042
3.763999	0.0015114
3.766025	0.0003216
3.768051	0.0005032
3.770078	-0.0009117
3.772106	0.0002075
3.774134	-0.0000506
3.776164	0.0007138
3.778193	-0.0027213
3.780224	-0.0011210
3.782255	-0.0013761
3.784287	0.0005826
3.786320	0.0002432
3.788353	0.0003477
3.790387	0.0001711
3.792422	-0.0001742
3.794457	0.0006570
3.796494	0.0004833
3.798530	0.0006907
3.800568	0.0019324
3.802606	-0.0006810
3.804645	-0.0007960
3.806685	0.0011579
3.808725	-0.0000747
3.810766	0.0002935
3.812808	-0.0002648
3.814851	-0.0011306
3.816894	0.0023144
3.818938	-0.0019944
3.820982	0.0011914
3.823028	-0.0003347
3.825074	-0.0003955
3.827120	-0.0010683
3.829168	-0.0008857
3.831216	-0.0003989
3.833265	0.0002654
3.835314	0.0008262
3.837364	0.0001311
3.839415	-0.0003179
3.841467	-0.0006214
3.843519	-0.0001441
3.845572	0.0005262
3.847626	0.0010989
3.849680	-0.0001676
3.851736	0.0012337
3.853791	0.0017541
3.855848	-0.0001584
3.857905	-0.0004309
3.859963	-0.0008399
3.862022	-0.0002638
3.864081	0.0008533
3.866141	0.0005190
3.868202	0.0012978
3.870263	0.0009232
3.872325	-0.0002640
3.874388	-0.0008955
3.876452	0.0005107
3.878516	0.0012390
3.880581	-0.0025773
3.882647	0.0021980
3.884713	0.0003841
3.886780	-0.0015072
3.888848	-0.0001016
3.890916	0.0018638
3.892986	-0.0001458
3.895055	0.0009256
3.897126	0.0003952
3.899197	-0.0001920
3.901269	0.0002459
3.903342	-0.0004761
3.905415	0.0006409
3.907489	-0.0003847
3.909564	0.0000156
3.911640	0.0005388
3.913716	0.0009995
3.915793	0.0013516
3.917870	-0.0011972
3.919949	0.0002487
3.922028	-0.0003601
3.924108	-0.0000854
3.926188	-0.0002622
3.928269	-0.0000368
3.930351	-0.0012569
3.932433	-0.0006748
3.934517	0.0000513
3.936601	0.0000178
3.938685	-0.0003772
3.940771	0.0004236
3.942857	-0.0010444
3.944943	-0.0021856
3.947031	0.0008939
3.949119	-0.0009944
3.951208	-0.0013180
3.953297	0.0000577
3.955388	0.0011705
3.957478	-0.0009959
3.959570	-0.0008045
3.961662	-0.0008601
3.963756	-0.0009157
3.965849	0.0009507
3.967944	-0.0005833
3.970039	-0.0013990
3.972135	-0.0020328
3.974231	-0.0010913
3.976329	-0.0008294
3.978427	-0.0017329
3.980525	0.0007148
3.982625	0.0018960
3.984725	0.0000523
3.986826	-0.0005555
3.988927	-0.0020528
3.991029	0.0004123
3.993132	-0.0002848
3.995236	0.0008377
3.997340	0.0003831
3.999445	-0.0000145
4.001551	0.0005507
4.003657	-0.0001051
4.005764	0.0009580
4.007872	-0.0002508
4.009981	0.0006320
4.012090	0.0004166
4.014200	-0.0015841
4.016310	-0.0007471
4.018422	-0.0002197
4.020534	0.0004928
4.022646	-0.0011386
4.024760	-0.0004647
4.026874	0.0005801
4.028989	0.0008950
4.031104	-0.0011157
4.033220	-0.0000301
4.035337	-0.0004673
4.037455	0.0007354
4.039573	0.0024720
4.041692	0.0004005
4.043812	0.0006271
4.045933	-0.0003916
4.048054	0.0002628
4.050176	0.0007117
4.052298	-0.0022189
4.054422	-0.0002606
4.056545	0.0002465
4.058670	0.0000808
4.060796	-0.0005443
4.062922	-0.0006337
4.065048	-0.0007021
4.067176	0.0018010
4.069304	0.0010726
4.071433	-0.0000931
4.073562	0.0008243
4.075693	-0.0000936
4.077824	0.0019876
4.079955	0.0008358
4.082088	0.0008701
4.084221	-0.0007879
4.086355	-0.0018782
4.088489	0.0002158
4.090624	0.0016154
4.092760	0.0003077
4.094897	-0.0002071
4.097034	-0.0015363
4.099172	-0.0014176
4.101311	0.0014042
4.103450	-0.0000676
4.105590	0.0024004
4.107731	-0.0003527
4.109873	-0.0025105
4.112015	0.0009843
4.114158	0.0007050
4.116302	-0.0002227
4.118446	-0.0001030
4.120591	-0.0008135
4.122737	-0.0011416
4.124883	0.0007559
4.127030	-0.0008431
4.129178	-0.0000001
4.131327	0.0000990
4.133476	0.0002699
4.135626	-0.0010592
4.137777	-0.0013073
4.139928	0.0008346
4.142080	-0.0008118
4.144233	-0.0013928
4.146386	-0.0000725
4.148540	0.0004997
4.150695	-0.0004057
4.152851	-0.0005383
4.155007	0.0008649
4.157164	0.0007709
4.159322	-0.0008116
4.161480	0.0000979
4.163639	0.0004361
4.165799	-0.0012571
4.167960	-0.0010088
4.170121	-0.0011859
4.172283	-0.0003523
4.174445	-0.0001275
4.176608	0.0009420
4.178772	-0.0019719
4.180937	-0.0003044
4.183103	-0.0002067
4.185269	-0.0004294
4.187436	0.0006001
4.189603	0.0000980
4.191771	0.0005586
4.193940	0.0005825
4.196110	0.0005690
4.198280	-0.0012345
4.200451	-0.0000986
4.202623	-0.0008005
4.204795	-0.0021526
4.206968	0.0022850
4.209142	0.0003581
4.211317	0.0011306
4.213492	-0.0018252
4.215668	0.0002987
4.217845	-0.0015731
4.220022	0.0002200
4.222200	0.0003908
4.224379	-0.0000843
4.226558	-0.0008112
4.228738	0.0011122
4.230919	0.0000351
4.233101	-0.0014698
4.235283	-0.0003956
4.237466	-0.0008284
4.239650	-0.0006091
4.241834	-0.0013151
4.244019	0.0002058
4.246205	0.0003141
4.248391	-0.0013113
4.250579	0.0006860
4.252766	-0.0001077
4.254955	-0.0004384
4.257144	-0.0002636
4.259334	0.0007392
4.261525	-0.0001696
4.263716	0.0000743
4.265908	0.0009250
4.268101	-0.0011162
4.270295	0.0025585
4.272489	-0.0003052
4.274684	0.0002424
4.276880	0.0008998
4.279076	-0.0015629
4.281273	-0.0001993
4.283471	0.0007577
4.285669	0.0011931
4.287868	-0.0003427
4.290068	-0.0005229
4.292268	-0.0002875
4.294470	-0.0006138
4.296672	0.0000943
4.298874	-0.0001183
4.301078	0.0007590
4.303282	0.0002804
4.305486	0.0011929
4.307692	0.0004626
4.309898	0.0014629
4.312105	-0.0007563
4.314312	-0.0005128
4.316521	0.0010725
4.318730	0.0009969
4.320939	0.0010268
4.323150	-0.0014711
4.325361	-0.0003786
4.327572	0.0012526
4.329785	0.0008099
4.331998	0.0010143
4.334212	0.0000058
4.336426	0.0020869
4.338642	-0.0011083
4.340858	-0.0008004
4.343074	-0.0006667
4.345292	0.0005550
4.347510	-0.0009709
4.349729	-0.0006799
4.351948	-0.0008863
4.354168	0.0014917
4.356389	-0.0020403
4.358611	0.0011666
4.360833	0.0015121
4.363056	-0.0008440
4.365280	-0.0005602
4.367504	-0.0015696
4.369729	-0.0009646
4.371955	-0.0010913
4.374182	-0.0011160
4.376409	-0.0020890
4.378637	0.0015608
4.380865	-0.0000344
4.383095	0.0000245
4.385325	-0.0011813
4.387556	-0.0008265
4.389787	0.0008667
4.392019	0.0002928
4.394252	-0.0000201
4.396485	0.0012235
4.398720	0.0009708
4.400955	0.0004514
4.403190	0.0006012
4.405427	-0.0013818
4.407664	-0.0011591
4.409901	-0.0017246
4.412140	-0.0001720
4.414379	0.0004230
4.416619	-0.0001967
4.418859	0.0013345
4.421101	0.0009795
4.423343	-0.0007249
4.425585	-0.0005150
4.427829	-0.0002965
4.430073	0.0000395
4.432318	-0.0008261
4.434563	-0.0008010
4.436809	-0.0017119
4.439056	0.0000889
4.441304	-0.0012722
4.443552	0.0011661
4.445801	-0.0017118
4.448051	0.0008482
4.450301	-0.0007605
4.452552	0.0005350
4.454804	-0.0003293
4.457056	-0.0024650
4.459310	-0.0003443
4.461564	0.0006233
4.463818	-0.0001944
4.466074	0.0005380
4.468330	0.0008292
4.470586	0.0004958
4.472844	-0.0015988
4.475102	-0.0017368
4.477361	-0.0005388
4.479620	0.0012692
4.481880	-0.0003588
4.484141	0.0010728
4.486403	-0.0001835
4.488665	0.0012807
4.490928	-0.0005741
4.493192	0.0006695
4.495457	0.0003547
4.497722	0.0000923
4.499987	0.0000874
4.502254	-0.0013608
4.504521	-0.0002402
4.506789	-0.0004134
4.509058	0.0007086
4.511327	0.0007991
4.513597	-0.0000193
4.515868	0.0004831
4.518140	-0.0006747
4.520412	0.0012854
4.522685	0.0005272
4.524958	-0.0008346
4.527232	0.0023380
4.529507	0.0002160
4.531783	-0.0009072
4.534060	0.0008797
4.536337	0.0006308
4.538614	-0.0006416
4.540893	0.0009460
4.543172	-0.0014763
4.545452	-0.0010919
4.547733	0.0004090
4.550014	-0.0029579
4.552296	-0.0009447
4.554579	-0.0005531
4.556862	-0.0004042
4.559146	-0.0001123
4.561431	-0.0007252
4.563716	0.0014683
4.566003	0.0014389
4.568290	-0.0019106
4.570577	0.0006762
4.572866	-0.0003760
4.575155	0.0008421
4.577444	0.0001749
4.579735	-0.0003209
4.582026	-0.0016952
4.584318	0.0003795
4.586610	0.0002135
4.588903	-0.0006625
4.591197	0.0008358
4.593492	-0.0012686
4.595787	-0.0005651
4.598083	-0.0014824
4.600380	0.0002056
4.602678	0.0003613
4.604976	-0.0009558
4.607275	-0.0002929
4.609574	-0.0017252
4.611875	-0.0007679
4.614176	0.0012750
4.616477	0.0019118
4.618780	0.0004387
4.621083	-0.0000765
4.623386	-0.0000998
4.625691	-0.0010364
4.627996	0.0000026
4.630302	-0.0004825
4.632609	0.0007282
4.634916	-0.0011043
4.637224	-0.0007038
4.639533	0.0000762
4.641842	-0.0006234
4.644152	0.0012396
4.646463	-0.0023543
4.648774	0.0012248
4.651087	0.0012022
4.653399	-0.0017064
4.655713	0.0003059
4.658027	0.0009477
4.660342	-0.0005694
4.662658	0.0015231
4.664975	0.0010992
4.667292	-0.0000511
4.669609	0.0001688
4.671928	0.0003305
4.674247	-0.0002708
4.676567	-0.0008885
4.678888	0.0015150
4.681209	-0.0011798
4.683531	0.0003442
4.685854	-0.0008699
4.688177	0.0018114
4.690502	-0.0005543
4.692826	-0.0014338
4.695152	0.0009364
4.697478	0.0005573
4.699805	0.0017918
4.702133	-0.0014657
4.704461	-0.0007105
4.706790	0.0011016
4.709120	0.0015248
4.711450	0.0004450
4.713782	-0.0000068
4.716114	0.0012326
4.718446	-0.0012074
4.720779	0.0006708
4.723113	-0.0019891
4.725448	-0.0000276
4.727783	0.0009498
4.730120	0.0002309
4.732456	0.0010009
4.734794	0.0010092
4.737132	-0.0010485
4.739471	0.0004912
4.741810	0.0005717
4.744151	-0.0006374
4.746492	0.0018835
4.748833	-0.0005146
4.751176	-0.0002603
4.753519	-0.0005066
4.755863	-0.0012338
4.758207	-0.0003242
4.760553	0.0010205
4.762898	-0.0006888
4.765245	-0.0015691
4.767592	0.0023804
4.769940	0.0007925
4.772289	-0.0015556
4.774639	0.0002388
4.776989	-0.0017547
4.779340	0.0013256
4.781691	-0.0007633
4.784043	0.0013303
4.786396	0.0004806
4.788750	-0.0015321
4.791104	0.0001088
4.793459	-0.0007390
4.795815	-0.0000571
4.798172	-0.0014150
4.800529	0.0014553
4.802887	-0.0005371
4.805245	-0.0002870
4.807604	-0.0016414
4.809964	0.0011506
4.812325	-0.0000561
4.814686	0.0004102
4.817049	0.0009623
4.819411	-0.0004438
4.821775	0.0005294
4.824139	-0.0000030
4.826504	0.0022664
4.828869	0.0009642
4.831236	-0.0003666
4.833603	-0.0000863
4.835970	-0.0006695
4.838339	0.0002112
4.840708	-0.0009083
4.843078	0.0014925
4.845448	0.0018582
4.847819	0.0005275
4.850191	-0.0001562
4.852564	0.0006459
4.854937	0.0003603
4.857311	-0.0001426
4.859686	-0.0000768
4.862062	0.0009993
4.864438	0.0009182
4.866814	0.0010937
4.869192	-0.0013764
4.871570	-0.0001209
4.873949	0.0000208
4.876329	-0.0004117
4.878709	-0.0015961
4.881090	0.0003508
4.883472	-0.0010595
4.885854	0.0009307
4.888238	0.0002403
4.890621	-0.0002855
4.893006	-0.0019504
4.895391	-0.0004500
4.897777	0.0021967
4.900164	0.0000136
4.902551	-0.0004546
4.904939	0.0000002
4.907328	-0.0013507
4.909717	0.0008843
4.912108	0.0006209
4.914499	0.0009992
4.916890	-0.0000277
4.919282	-0.0011454
4.921675	-0.0004629
4.924069	-0.0000992
4.926463	0.0007876
4.928859	-0.0024195
4.931254	-0.0015357
4.933651	0.0003116
4.936048	0.0003614
4.938446	0.0008732
4.940845	-0.0010048
4.943244	-0.0005117
4.945644	0.0003761
4.948045	-0.0012627
4.950446	0.0012243
4.952848	0.0002741
4.955251	-0.0001050
4.957654	0.0003576
4.960059	0.0027138
4.962464	0.0012111
4.964869	0.0000498
4.967276	-0.0001039
4.969683	0.0002008
4.972090	-0.0013564
4.974499	-0.0011245
4.976908	-0.0007246
4.979318	-0.0005730
4.981728	-0.0016679
4.984139	0.0010398
4.986551	0.0015021
4.988964	0.0013270
4.991377	-0.0004043
4.993791	0.0013027
4.996206	-0.0019739
4.998622	0.0005656
5.001038	-0.0010720
5.003455	-0.0000331
5.005872	0.0004293
5.008291	-0.0004512
5.010710	-0.0000602
5.013129	-0.0007441
5.015550	-0.0004268
5.017971	-0.0008024
5.020392	-0.0000433
5.022815	-0.0015237
5.025238	0.0005269
5.027662	0.0015604
5.030087	0.0012104
5.032512	0.0000286
5.034938	0.0006925
5.037365	0.0000933
5.039792	0.0002704
5.042220	0.0005647
5.044649	0.0003275
5.047078	-0.0007046
5.049509	-0.0015313
5.051940	-0.0031884
5.054371	-0.0003365
5.056803	-0.0006369
5.059236	-0.0010959
5.061670	-0.0005195
5.064105	-0.0013137
5.066540	-0.0000065
5.068976	-0.0017846
5.071412	0.0006863
5.073849	-0.0002519
5.076287	-0.0008694
5.078726	-0.0000829
5.081165	0.0018531
5.083605	0.0012425
5.086046	-0.0002189
5.088488	0.0010302
5.090930	-0.0004302
5.093373	0.0003245
5.095816	0.0000842
5.098260	0.0005142
5.100705	-0.0005765
5.103151	-0.0002968
5.105597	-0.0008221
5.108044	0.0006542
5.110492	0.0011251
5.112941	0.0011997
5.115390	-0.0006958
5.117840	0.0000773
5.120290	0.0006609
5.122742	-0.0003875
5.125194	0.0028423
5.127646	0.0010927
5.130100	-0.0009006
5.132554	-0.0011042
5.135008	0.0008530
5.137464	0.0009736
5.139920	-0.0002541
5.142377	-0.0008311
5.144835	0.0000676
5.147293	0.0010737
5.149752	0.0004865
5.152212	-0.0009089
5.154672	0.0003422
5.157133	-0.0009820
5.159595	-0.0006994
5.162058	-0.0008464
5.164521	0.0002771
5.166985	-0.0006947
5.169449	-0.0009901
5.171915	0.0000347
5.174381	0.0013088
5.176847	-0.0001806
5.179315	0.0004739
5.181783	-0.0003792
5.184252	0.0012567
5.186721	-0.0006778
5.189192	-0.0004128
5.191663	-0.0007029
5.194134	-0.0007750
5.196607	0.0008402
5.199080	-0.0002334
5.201553	0.0002103
5.204028	-0.0012180
5.206503	-0.0023607
5.208979	0.0008801
5.211456	-0.0009919
5.213933	-0.0012927
5.216411	0.0005549
5.218889	-0.0000321
5.221369	-0.0012973
5.223849	0.0010564
5.226330	-0.0005527
5.228811	0.0005968
5.231293	-0.0014565
5.233776	-0.0012872
5.236260	0.0009153
5.238744	0.0004193
5.241229	-0.0002511
5.243715	0.0001831
5.246201	0.0006035
5.248688	-0.0020096
5.251176	0.0003782
5.253665	0.0000040
5.256154	-0.0004423
5.258644	0.0002206
5.261134	-0.0002155
5.263626	-0.0004206
5.266118	0.0003339
5.268610	0.0007613
5.271104	0.0013970
5.273598	-0.0013494
5.276093	0.0005997
5.278588	0.0011647
5.281085	0.0001781
5.283582	0.0005695
5.286079	0.0008410
5.288578	-0.0016058
5.291077	0.0011416
5.293576	0.0002059
5.296077	0.0008249
5.298578	0.0006718
5.301080	-0.0002569
5.303582	-0.0007146
5.306086	-0.0005636
5.308590	-0.0013019
5.311094	-0.0000424
5.313600	-0.0002186
5.316106	0.0010131
5.318612	0.0004334
5.321120	-0.0022597
5.323628	-0.0004951
5.326137	0.0005924
5.328647	-0.0006029
5.331157	0.0006728
5.333668	0.0020129
5.336180	-0.0001840
5.338692	-0.0006454
5.341205	-0.0020984
5.343719	0.0012494
5.346233	0.0014417
5.348748	-0.0005417
5.351264	-0.0019253
5.353781	0.0011200
5.356298	0.0005361
5.358816	0.0019036
5.361335	0.0015831
5.363854	0.0001207
5.366375	-0.0006268
5.368895	0.0003101
5.371417	-0.0011823
5.373939	0.0012330
5.376462	0.0011125
5.378986	-0.0007702
5.381510	0.0006424
5.384035	0.0005216
5.386561	-0.0011370
5.389087	-0.0005987
5.391614	-0.0015826
5.394142	0.0000287
5.396671	0.0001943
5.399200	-0.0008574
5.401730	0.0006146
5.404261	-0.0011666
5.406792	-0.0005030
5.409324	-0.0004679
5.411857	0.0007511
5.414390	-0.0010452
5.416924	-0.0000304
5.419459	-0.0011293
5.421995	-0.0003014
5.424531	-0.0006057
5.427068	-0.0003012
5.429606	-0.0004995
5.432144	0.0000672
5.434683	-0.0018780
5.437223	0.0006067
5.439764	-0.0008017
5.442305	0.0012165
5.444847	0.0001352
5.447389	0.0002761
5.449932	0.0005304
5.452476	-0.0006635
5.455021	-0.0002629
5.457567	-0.0021340
5.460113	-0.0008553
5.462660	-0.0020560
5.465207	0.0002360
5.467755	-0.0004794
5.470304	-0.0004049
5.472854	-0.0002212
5.475404	-0.0006195
5.477955	0.0012706
5.480507	0.0015233
5.483059	0.0008758
5.485612	0.0003052
5.488166	-0.0000571
5.490721	0.0021378
5.493276	0.0005825
5.495832	-0.0009991
5.498389	-0.0002843
5.500946	-0.0007565
5.503504	-0.0012643
5.506063	0.0004194
5.508622	0.0011387
5.511182	-0.0002500
5.513743	-0.0004612
5.516305	0.0014203
5.518867	-0.0016007
5.521430	0.0000776
5.523994	0.0021258
5.526558	0.0016978
5.529123	0.0027606
5.531689	-0.0007232
5.534255	0.0002791
5.536822	0.0014376
5.539390	0.0008287
5.541959	-0.0011154
5.544528	-0.0001455
5.547098	-0.0007667
5.549669	-0.0012123
5.552240	-0.0008412
5.554812	0.0000997
5.557385	-0.0012142
5.559959	-0.0014988
5.562533	-0.0001985
5.565108	0.0004569
5.567683	0.0014517
5.570260	0.0000055
5.572837	0.0005094
5.575414	-0.0005424
5.577993	-0.0008636
5.580572	-0.0011296
5.583152	-0.0019585
5.585732	0.0013392
5.588314	-0.0000923
5.590896	-0.0007032
5.593478	-0.0010043
5.596061	-0.0007716
5.598646	-0.0006342
5.601230	-0.0000703
5.603816	0.0010050
5.606402	-0.0002958
5.608989	0.0013969
5.611576	-0.0017338
5.614164	0.0008149
5.616753	0.0008296
5.619343	0.0010121
5.621933	-0.0002925
5.624524	0.0005892
5.627116	-0.0001968
5.629709	-0.0004815
5.632302	0.0012153
5.634896	-0.0000488
5.637490	0.0000130
5.640086	-0.0001730
5.642682	-0.0011510
5.645278	-0.0001288
5.647876	0.0000647
5.650474	-0.0023437
5.653073	0.0004838
5.655672	-0.0014916
5.658272	0.0009015
5.660873	-0.0000352
5.663475	0.0011993
5.666077	0.0027797
5.668680	0.0000993
5.671284	-0.0004466
5.673888	0.0009486
5.676493	0.0000409
5.679099	-0.0006285
5.681706	0.0013899
5.684313	0.0010062
5.686921	0.0004995
5.689529	0.0021664
5.692139	-0.0000765
5.694749	0.0002377
5.697359	-0.0015365
5.699971	-0.0002826
5.702583	-0.0000819
5.705196	0.0006954
5.707809	-0.0004597
5.710424	-0.0002003
5.713038	-0.0000719
5.715654	0.0021550
5.718270	0.0006931
5.720887	0.0009041
5.723505	-0.0001247
5.726124	-0.0003195
5.728743	-0.0003730
5.731363	0.0014286
5.733983	0.0006708
5.736605	-0.0004681
5.739227	-0.0010182
5.741849	-0.0003802
5.744473	0.0001455
5.747097	0.0001701
5.749721	0.0002632
5.752347	-0.0013054
5.754973	-0.0003575
5.757600	0.0000126
5.760228	0.0001311
5.762856	0.0006387
5.765485	0.0004668
5.768114	0.0008816
5.770745	0.0005690
5.773376	0.0003875
5.776008	0.0002833
5.778640	-0.0002521
5.781273	-0.0013162
5.783907	-0.0012300
5.786542	0.0006169
5.789177	-0.0003337
5.791813	0.0007371
5.794450	0.0011857
5.797087	0.0001730
5.799726	-0.0011399
5.802364	-0.0010739
5.805004	0.0011808
5.807644	-0.0000917
5.810285	0.0012082
5.812927	0.0011131
5.815569	-0.0004720
5.818212	-0.0003269
5.820856	-0.0004343
5.823500	-0.0012391
5.826145	0.0006271
5.828791	-0.0011419
5.831438	0.0012220
5.834085	-0.0013672
5.836733	-0.0012257
5.839382	0.0012033
5.842031	-0.0001154
5.844681	0.0003371
5.847332	-0.0002967
5.849983	0.0019865
5.852635	0.0004305
5.855288	0.0005319
5.857942	-0.0004754
5.860596	-0.0026696
5.863251	0.0014657
5.865907	-0.0010312
5.868563	0.0007613
5.871220	-0.0008034
5.873878	-0.0003974
5.876537	-0.0006027
5.879196	0.0007435
5.881856	-0.0006663
5.884516	0.0013869
5.887178	0.0018583
5.889840	0.0015499
5.892502	-0.0016890
5.895166	-0.0004023
5.897830	-0.0006952
5.900495	-0.0013664
5.903160	0.0004745
5.905826	-0.0016803
5.908493	0.0035020
5.911161	-0.0003918
5.913829	-0.0010163
5.916498	0.0007703
5.919168	-0.0026072
5.921838	0.0004857
5.924510	0.0000906
5.927181	0.0002004
5.929854	0.0013738
5.932527	-0.0000877
5.935201	-0.0014901
5.937876	0.0015970
5.940551	0.0007505
5.943227	-0.0002108
5.945904	0.0001298
5.948581	0.0004539
5.951260	0.0007918
5.953938	-0.0000046
5.956618	-0.0004310
5.959298	-0.0004768
5.961979	-0.0009087
5.964661	-0.0008288
5.967343	-0.0003282
5.970026	-0.0001246
5.972710	0.0009069
5.975395	0.0000544
5.978080	0.0011334
5.980766	0.0021436
5.983452	0.0004304
5.986140	-0.0017918
5.988827	0.0002580
5.991516	-0.0007012
5.994206	0.0004797
5.996896	-0.0000072
5.999586	-0.0014279
6.002278	0.0019275
6.004970	-0.0001569
6.007663	0.0019205
6.010357	-0.0003069
6.013051	-0.0005007
6.015746	0.0008678
6.018442	0.0003532
6.021138	0.0001762
6.023835	-0.0017539
6.026533	-0.0003789
6.029232	0.0008614
6.031931	-0.0005977
6.034631	-0.0007298
6.037331	-0.0013192
6.040033	0.0003748
6.042735	-0.0008336
6.045438	0.0009379
6.048141	-0.0003640
6.050845	0.0003535
6.053550	0.0003201
6.056256	0.0002088
6.058962	0.0001343
6.061669	-0.0007338
6.064376	-0.0002050
6.067085	0.0021072
6.069794	-0.0007137
6.072504	-0.0000628
6.075214	-0.0013686
6.077925	0.0006100
6.080637	-0.0001383
6.083350	0.0000142
6.086063	0.0008627
6.088777	0.0009946
6.091492	0.0000961
6.094207	-0.0004342
6.096923	0.0020190
6.099640	0.0006084
6.102357	0.0006735
6.105076	0.0007372
6.107794	-0.0000939
6.110514	-0.0005548
6.113234	-0.0000836
6.115955	0.0010032
6.118677	-0.0005195
6.121400	0.0010319
6.124123	0.0007774
6.126846	0.0009760
6.129571	0.0026242
6.132296	-0.0011593
6.135022	0.0001337
6.137749	-0.0007082
6.140476	-0.0002992
6.143204	0.0007525
6.145933	0.0002190
6.148662	-0.0018621
6.151392	-0.0001346
6.154123	0.0001716
6.156855	0.0023492
6.159587	0.0010189
6.162320	0.0003504
6.165054	-0.0001739
6.167788	0.0004714
6.170523	-0.0003581
6.173259	-0.0006136
6.175995	0.0004528
6.178732	0.0007263
6.181470	-0.0015830
6.184209	-0.0011339
6.186948	0.0005462
6.189688	-0.0007295
6.192429	-0.0014981
6.195170	0.0010077
6.197912	-0.0002105
6.200655	0.0000183
6.203398	0.0001577
6.206143	-0.0018207
6.208887	0.0009923
6.211633	0.0006663
6.214379	0.0008460
6.217126	0.0021830
6.219874	-0.0004036
6.222622	0.0004689
6.225372	-0.0000191
6.228121	0.0002299
6.230872	-0.0017639
6.233623	-0.0005671
6.236375	-0.0000733
6.239128	-0.0001440
6.241881	0.0003476
6.244635	-0.0010242
6.247390	0.0020036
6.250145	-0.0000020
6.252901	0.0003193
6.255658	0.0011347
6.258416	0.0009860
6.261174	0.0006415
6.263933	0.0007783
6.266692	-0.0001702
6.269453	-0.0015412
6.272214	0.0010110
6.274975	-0.0005115
6.277738	0.0007718
6.280501	-0.0006913
6.283265	0.0009022
6.286029	-0.0003300
6.288795	0.0013285
6.291561	0.0005154
6.294327	-0.0004166
6.297095	0.0007921
6.299863	-0.0018451
6.302631	-0.0014617
6.305401	-0.0021490
6.308171	-0.0000529
6.310942	-0.0008542
6.313714	0.0002090
6.316486	-0.0006468
6.319259	-0.0017919
6.322033	0.0004968
6.324807	-0.0010928
6.327582	-0.0003573
6.330358	-0.0001350
6.333134	-0.0003470
6.335911	-0.0010434
6.338689	-0.0010397
6.341468	-0.0002924
6.344247	0.0025139
6.347027	-0.0000450
6.349808	0.0004630
6.352589	-0.0002263
6.355372	-0.0013039
6.358154	-0.0010891
6.360938	0.0001785
6.363722	-0.0007082
6.366507	-0.0011792
6.369293	-0.0004327
6.372079	0.0001526
6.374866	-0.0004253
6.377654	-0.0000258
6.380442	0.0000878
6.383231	0.0008537
6.386021	-0.0004593
6.388812	-0.0001135
6.391603	-0.0001564
6.394395	-0.0005981
6.397188	0.0006190
6.399981	-0.0007617
6.402775	0.0002728
6.405570	-0.0001282
6.408365	-0.0011767
6.411161	0.0003734
6.413958	-0.0003126
6.416756	0.0002814
6.419554	0.0012125
6.422353	0.0013904
6.425153	-0.0013658
6.427953	-0.0006100
6.430754	0.0008504
6.433556	0.0000206
6.436358	0.0018625
6.439162	-0.0010139
6.441965	0.0013484
6.444770	-0.0004387
6.447575	-0.0016592
6.450381	-0.0002345
6.453188	-0.0003552
6.455995	0.0013223
6.458803	0.0002478
6.461612	-0.0012588
6.464422	-0.0007010
6.467232	0.0025250
6.470043	0.0004783
6.472855	-0.0014545
6.475667	-0.0003882
6.478480	-0.0000111
6.481294	-0.0003573
6.484108	-0.0009722
6.486923	-0.0000533
6.489739	-0.0010226
6.492555	0.0010050
6.495373	-0.0024896
6.498191	0.0005413
6.501009	-0.0014294
6.503829	-0.0002299
6.506649	0.0003028
6.509469	-0.0002190
6.512291	-0.0004478
6.515113	0.0019756
6.517936	0.0003203
6.520759	0.0023164
6.523584	0.0008059
6.526409	-0.0012747
6.529234	-0.0016138
6.532061	0.0003399
6.534888	-0.0007219
6.537716	-0.0010494
6.540544	-0.0009054
6.543373	-0.0004666
6.546203	-0.0015734
6.549034	0.0007690
6.551865	-0.0005842
6.554697	-0.0012880
6.557530	-0.0006305
6.560363	0.0002525
6.563197	-0.0003758
6.566032	0.0002932
6.568867	0.0008728
6.571704	0.0014898
6.574540	-0.0010181
6.577378	0.0003968
6.580216	0.0009485
6.583055	-0.0001089
6.585895	-0.0009654
6.588735	-0.0013462
6.591577	0.0010785
6.594418	0.0001145
6.597261	-0.0006661
6.600104	-0.0000656
6.602948	-0.0020919
6.605793	0.0002104
6.608638	-0.0008261
6.611484	0.0007288
6.614331	0.0002666
6.617178	-0.0004181
6.620026	0.0003936
6.622875	0.0013099
6.625725	0.0007863
6.628575	-0.0011371
6.631426	-0.0011703
6.634278	-0.0013303
6.637130	-0.0000692
6.639983	0.0001489
6.642837	-0.0015346
6.645691	-0.0013168
6.648546	0.0011200
6.651402	-0.0008797
6.654259	0.0001814
6.657116	0.0000760
6.659974	0.0006859
6.662833	0.0005403
6.665692	-0.0003692
6.668552	0.0010407
6.671413	-0.0008735
6.674274	0.0011113
6.677137	-0.0004123
6.680000	0.0007068
6.682863	-0.0004937
6.685727	0.0006445
6.688592	0.0002849
6.691458	0.0014252
6.694324	-0.0002667
6.697192	-0.0015595
6.700059	0.0018594
6.702928	0.0015334
6.705797	-0.0004272
6.708667	-0.0013913
6.711538	0.0013690
6.714409	0.0008468
6.717281	-0.0004053
6.720154	-0.0007885
6.723027	0.0001990
6.725901	-0.0007916
6.728776	-0.0008299
6.731652	-0.0010294
6.734528	0.0006062
6.737405	0.0002364
6.740282	-0.0019388
6.743161	-0.0007054
6.746040	0.0006068
6.748920	-0.0011745
6.751800	0.0006422
6.754681	0.0010121
6.757563	-0.0001285
6.760446	-0.0010659
6.763329	0.0013821
6.766213	0.0004122
6.769097	0.0013124
6.771983	-0.0003355
6.774869	0.0002892
6.777756	0.0003584
6.780643	0.0003256
6.783531	-0.0006752
6.786420	-0.0010073
6.789310	0.0014738
6.792200	0.0006731
6.795091	0.0009609
6.797983	0.0009025
6.800875	-0.0015637
6.803768	0.0008870
6.806662	0.0000718
6.809556	-0.0003684
6.812452	-0.0013995
6.815348	0.0006262
6.818244	-0.0008383
6.821141	-0.0017613
6.824040	0.0008392
6.826938	-0.0004640
6.829838	-0.0027514
6.832738	0.0005916
6.835639	0.0003246
6.838540	0.0002650
6.841442	-0.0007306
6.844345	-0.0019871
6.847249	0.0006579
6.850153	0.0000924
6.853058	0.0001266
6.855964	-0.0009245
6.858870	-0.0008093
6.861778	-0.0013451
6.864685	0.0009642
6.867594	0.0009534
6.870503	0.0001461
6.873413	-0.0004695
6.876324	-0.0015907
6.879235	-0.0001722
6.882147	0.0005697
6.885060	-0.0017577
6.887973	-0.0002849
6.890888	-0.0002573
6.893802	-0.0005145
6.896718	0.0002340
6.899634	0.0014314
6.902551	0.0005921
6.905469	0.0002164
6.908387	0.0007054
6.911306	-0.0002665
6.914226	-0.0008886
6.917147	-0.0005087
6.920068	0.0000973
6.922990	-0.0014029
6.925912	0.0007332
6.928836	-0.0008096
6.931760	0.0015613
6.934684	-0.0021629
6.937610	-0.0004198
6.940536	-0.0002998
6.943463	-0.0000259
6.946390	-0.0009555
6.949318	-0.0003699
6.952247	-0.0002176
6.955177	-0.0003893
6.958107	0.0007256
6.961038	-0.0010585
6.963970	0.0008663
6.966902	-0.0018087
6.969836	0.0004532
6.972769	0.0008014
6.975704	0.0002139
6.978639	-0.0008313
6.981575	0.0004564
6.984512	0.0004555
6.987449	-0.0000985
6.990387	0.0013574
6.993326	0.0010243
6.996265	0.0009955
6.999205	0.0019197
7.002146	0.0003029
7.005088	-0.0013583
7.008030	0.0018821
7.010973	-0.0002370
7.013917	0.0001534
7.016861	0.0009009
7.019806	0.0012246
7.022752	-0.0000624
7.025698	-0.0015033
7.028646	0.0002811
7.031593	-0.0008948
7.034542	-0.0003810
7.037491	0.0011261
7.040441	0.0011740
7.043392	-0.0005961
7.046343	-0.0008801
7.049295	-0.0005899
7.052248	-0.0016642
7.055202	-0.0021694
7.058156	-0.0006956
7.061111	-0.0008294
7.064066	-0.0010685
7.067023	-0.0005390
7.069980	0.0008394
7.072938	-0.0008536
7.075896	-0.0011429
7.078855	0.0014400
7.081815	-0.0012664
7.084775	-0.0002341
7.087737	0.0002197
7.090699	0.0002630
7.093661	0.0001851
7.096625	-0.0009255
7.099589	0.0013911
7.102553	-0.0001699
7.105519	-0.0005662
7.108485	0.0007410
7.111452	-0.0019061
7.114419	0.0005763
7.117388	0.0002483
7.120356	-0.0007760
7.123326	0.0004669
7.126296	-0.0000738
7.129268	0.0008959
7.132239	0.0010517
7.135212	0.0002785
7.138185	-0.0016575
7.141159	0.0005888
7.144133	0.0002806
7.147109	-0.0017015
7.150085	-0.0007306
7.153061	0.0010337
7.156039	0.0011245
7.159017	-0.0003507
7.161996	-0.0001450
7.164975	0.0001828
7.167955	-0.0006894
7.170936	-0.0006538
7.173918	0.0014020
7.176900	-0.0003148
7.179883	-0.0013802
7.182867	-0.0005368
7.185851	0.0002054
7.188836	0.0005019
7.191822	0.0020895
7.194809	0.0004401
7.197796	0.0000693
7.200784	-0.0012965
7.203772	-0.0025355
7.206762	-0.0003192
7.209752	0.0014143
7.212742	-0.0001986
7.215734	-0.0002727
7.218726	0.0011496
7.221719	-0.0005438
7.224712	0.0010044
7.227706	-0.0018526
7.230701	-0.0025736
7.233697	0.0009939
7.236693	-0.0025324
7.239690	0.0017494
7.242688	-0.0013732
7.245687	0.0011065
7.248686	0.0004567
7.251686	0.0002853
7.254686	-0.0001434
7.257688	0.0018010
7.260689	0.0002599
7.263692	-0.0007174
7.266695	0.0008773
7.269700	0.0004927
7.272704	0.0000131
7.275710	0.0013928
7.278716	0.0010043
7.281723	-0.0001893
7.284730	0.0011637
7.287739	-0.0002936
7.290748	0.0016567
7.293757	-0.0006281
7.296768	-0.0005097
7.299779	0.0005814
7.302791	-0.0001135
7.305803	-0.0001162
7.308816	0.0012954
7.311830	-0.0003005
7.314845	-0.0022899
7.317860	-0.0015842
7.320876	-0.0006747
7.323893	0.0010360
7.326910	-0.0002738
7.329928	-0.0009733
7.332947	-0.0013286
7.335967	-0.0003266
7.338987	-0.0003992
7.342008	-0.0012818
7.345030	0.0001104
7.348052	-0.0012834
7.351075	-0.0002416
7.354099	-0.0003429
7.357123	0.0007680
7.360148	-0.0001852
7.363174	0.0011123
7.366201	-0.0000523
7.369228	0.0014535
7.372256	-0.0017349
7.375285	0.0002351
7.378314	-0.0000611
7.381344	0.0017311
7.384375	0.0008039
7.387406	-0.0004998
7.390438	-0.0004420
7.393471	0.0004608
7.396505	0.0003703
7.399539	0.0003551
7.402574	-0.0003651
7.405610	0.0010826
7.408646	0.0010485
7.411683	0.0002146
7.414721	-0.0020036
7.417760	-0.0008325
7.420799	0.0003494
7.423839	-0.0000762
7.426879	-0.0007645
7.429920	0.0015082
7.432962	-0.0002235
7.436005	0.0020345
7.439049	-0.0006914
7.442093	-0.0013475
7.445138	-0.0002080
7.448183	-0.0003068
7.451229	-0.0006641
7.454276	-0.0006434
7.457324	-0.0002811
7.460372	-0.0004848
7.463421	-0.0003334
7.466471	0.0003524
7.469521	-0.0003525
7.472572	-0.0002931
7.475624	-0.0003319
7.478677	-0.0000320
7.481730	-0.0015358
7.484784	0.0001441
7.487839	-0.0005742
7.490894	0.0005173
7.493950	0.0008408
7.497007	0.0007009
7.500064	0.0008169
7.503122	-0.0010240
7.506181	0.0004522
7.509241	0.0007323
7.512301	-0.0022009
7.515362	0.0016824
7.518424	-0.0003835
7.521486	0.0010103
7.524549	0.0021300
7.527613	-0.0019838
7.530677	-0.0004048
7.533743	-0.0008813
7.536808	-0.0003522
7.539875	0.0000503
7.542942	-0.0001012
7.546010	-0.0006334
7.549079	-0.0015029
7.552148	-0.0009611
7.555218	0.0014408
7.558289	0.0003059
7.561361	-0.0004237
7.564433	-0.0005158
7.567506	-0.0007382
7.570580	-0.0004349
7.573654	0.0011655
7.576729	0.0020780
7.579805	-0.0007557
7.582881	-0.0003053
7.585958	-0.0006966
7.589036	0.0010132
7.592114	0.0003519
7.595194	-0.0000135
7.598274	0.0005612
7.601354	-0.0014227
7.604436	-0.0016888
7.607518	0.0020460
7.610600	0.0005326
7.613684	-0.0003379
7.616768	-0.0020993
7.619853	-0.0003372
7.622938	0.0001603
7.626025	0.0007603
7.629112	-0.0007488
7.632199	0.0003608
7.635288	-0.0005785
7.638377	-0.0003644
7.641466	-0.0009512
7.644557	-0.0010005
7.647648	-0.0007609
7.650740	0.0003741
7.653832	0.0003259
7.656926	0.0022424
7.660020	-0.0008968
7.663114	-0.0009576
7.666210	-0.0008901
7.669306	0.0005274
7.672403	-0.0006491
7.675500	0.0005101
7.678598	-0.0011825
7.681697	-0.0004906
7.684797	-0.0011440
7.687897	0.0007755
7.690998	0.0001675
7.694100	0.0002137
7.697202	0.0003641
7.700305	-0.0004394
7.703409	0.0016744
7.706514	-0.0001273
7.709619	-0.0004704
7.712725	0.0001732
7.715831	0.0006004
7.718939	-0.0004802
7.722047	0.0008227
7.725156	0.0004334
7.728265	0.0006533
7.731375	-0.0006755
7.734486	-0.0005549
7.737597	0.0018967
7.740710	0.0026755
7.743823	0.0004419
7.746936	0.0000949
7.750051	0.0000567
7.753166	-0.0012478
7.756281	0.0007155
7.759398	-0.0007910
7.762515	-0.0005271
7.765633	-0.0003845
7.768751	-0.0012944
7.771871	0.0011456
7.774991	-0.0017322
7.778111	-0.0013831
7.781233	-0.0008713
7.784355	-0.0005070
7.787478	0.0010222
7.790601	0.0014696
7.793725	-0.0009888
7.796850	-0.0013726
7.799976	-0.0005819
7.803102	0.0019335
7.806229	0.0009782
7.809357	0.0004199
7.812485	-0.0010581
7.815614	-0.0005568
7.818744	-0.0003797
7.821874	0.0006732
7.825006	0.0020294
7.828138	0.0007947
7.831270	-0.0001009
7.834404	0.0009021
7.837538	-0.0018003
7.840672	0.0003070
7.843808	0.0007186
7.846944	0.0002645
7.850081	-0.0010634
7.853218	0.0013238
7.856356	0.0005361
7.859495	0.0003158
7.862635	-0.0014683
7.865775	-0.0003438
7.868916	-0.0001291
7.872058	0.0002318
7.875201	0.0001168
7.878344	-0.0004935
7.881488	0.0003423
7.884632	-0.0004434
7.887777	-0.0003873
7.890923	0.0005901
7.894070	0.0007938
7.897217	-0.0016360
7.900365	-0.0016548
7.903514	-0.0010806
7.906664	0.0002675
7.909814	-0.0006166
7.912965	-0.0001842
7.916116	-0.0004423
7.919268	0.0012604
7.922421	0.0014663
7.925575	0.0000460
7.928730	-0.0003948
7.931885	-0.0007721
7.935040	0.0011709
7.938197	-0.0012151
7.941354	-0.0002067
7.944512	0.0005373
7.947671	0.0011634
7.950830	-0.0003613
7.953990	0.0001956
7.957151	0.0013134
7.960312	-0.0005107
7.963474	-0.0005098
7.966637	0.0013096
7.969800	0.0000532
7.972965	0.0004696
7.976130	0.0010308
7.979295	0.0014435
7.982462	-0.0003973
7.985629	-0.0002630
7.988796	-0.0001551
7.991965	-0.0003412
7.995134	-0.0007778
7.998304	0.0023500
8.001474	-0.0013010
8.004645	-0.0007310
8.007817	0.0003237
8.010990	-0.0008389
8.014163	0.0002206
8.017337	-0.0008865
8.020512	0.0013988
8.023688	-0.0000146
8.026864	-0.0002722
8.030041	0.0024897
8.033218	-0.0005695
8.036397	-0.0014587
8.039575	0.0006971
8.042755	0.0000900
8.045936	-0.0007726
8.049117	0.0017868
8.052298	0.0006178
8.055481	0.0006421
8.058664	0.0000441
8.061848	0.0012182
8.065033	0.0000595
8.068218	0.0011560
8.071404	0.0012547
8.074591	-0.0008718
8.077778	0.0007002
8.080966	0.0004619
8.084155	-0.0010441
8.087344	0.0018076
8.090535	0.0001170
8.093725	0.0003972
8.096917	-0.0003099
8.100109	-0.0002380
8.103302	-0.0005198
8.106496	0.0003287
8.109691	0.0010684
8.112886	0.0002185
8.116081	-0.0007813
8.119278	-0.0004211
8.122475	-0.0000803
8.125673	0.0001315
8.128872	0.0006014
8.132071	0.0003146
8.135271	-0.0007071
8.138472	-0.0004883
8.141673	-0.0019143
8.144876	0.0005082
8.148078	-0.0010668
8.151282	-0.0007272
8.154486	-0.0011990
8.157691	0.0005866
8.160897	0.0016094
8.164103	0.0009987
8.167310	0.0002438
8.170518	-0.0003559
8.173726	-0.0023759
8.176936	-0.0003801
8.180146	0.0026747
8.183356	0.0011144
8.186567	0.0001565
8.189779	-0.0010447
8.192992	0.0006993
8.196205	0.0012599
8.199420	-0.0011841
8.202634	-0.0010647
8.205850	-0.0011827
8.209066	-0.0003449
8.212283	0.0010548
8.215500	-0.0008348
8.218719	0.0000294
8.221938	-0.0008159
8.225157	0.0008271
8.228378	0.0006509
8.231599	-0.0013745
8.234821	-0.0006927
8.238043	-0.0002132
8.241267	-0.0007842
8.244490	0.0008811
8.247715	-0.0005424
8.250940	0.0004556
8.254166	0.0006492
8.257393	-0.0009244
8.260621	-0.0013876
8.263849	0.0018744
8.267078	-0.0008916
8.270307	0.0001490
8.273537	0.0003297
8.276768	0.0014212
8.280000	0.0003573
8.283232	0.0021032
8.286465	-0.0032930
8.289699	0.0016437
8.292934	0.0005182
8.296169	-0.0004308
8.299405	0.0003162
8.302641	0.0005916
8.305878	-0.0003510
8.309116	0.0015312
8.312355	0.0001664
8.315594	0.0001536
8.318835	0.0023027
8.322075	-0.0012731
8.325317	-0.0007714
8.328559	-0.0004265
8.331802	-0.0005787
8.335045	0.0011157
8.338290	-0.0001224
8.341535	-0.0004224
8.344780	-0.0012332
8.348027	0.0004679
8.351274	0.0009979
8.354522	-0.0010183
8.357770	-0.0003628
8.361020	-0.0007126
8.364269	0.0008723
8.367520	0.0000393
8.370771	-0.0016318
8.374023	0.0012330
8.377276	-0.0001508
8.380530	0.0008077
8.383784	-0.0003072
8.387038	-0.0004503
8.390294	-0.0002204
8.393550	0.0003104
8.396807	0.0008318
8.400065	-0.0007190
8.403323	-0.0002861
8.406582	-0.0004015
8.409842	0.0006911
8.413102	0.0007734
8.416364	-0.0005893
8.419625	-0.0008474
8.422888	0.0000827
8.426151	-0.0021609
8.429415	-0.0008786
8.432680	0.0009351
8.435945	-0.0001867
8.439211	0.0019580
8.442478	-0.0024026
8.445745	-0.0016870
8.449014	0.0004661
8.452283	0.0003888
8.455552	-0.0013944
8.458822	-0.0000604
8.462093	0.0001657
8.465365	-0.0003904
8.468637	-0.0011957
8.471911	-0.0023238
8.475184	0.0015698
8.478459	-0.0004990
8.481734	0.0008277
8.485010	0.0003253
8.488287	-0.0000658
8.491564	0.0014182
8.494842	-0.0006134
8.498121	-0.0009369
8.501400	0.0005604
8.504680	-0.0000848
8.507961	0.0006941
8.511242	0.0010302
8.514525	0.0000494
8.517808	0.0018006
8.521091	0.0021960
8.524375	-0.0004913
8.527661	-0.0003742
8.530946	-0.0003505
8.534233	0.0011144
8.537520	-0.0002623
8.540808	-0.0000500
8.544096	-0.0006349
8.547385	0.0002452
8.550675	0.0004567
8.553966	-0.0014559
8.557257	0.0004730
8.560549	-0.0007088
8.563842	0.0014079
8.567136	0.0004245
8.570430	-0.0017569
8.573725	0.0018489
8.577020	-0.0003515
8.580317	-0.0001109
8.583614	-0.0004217
8.586911	0.0012913
8.590210	-0.0000480
8.593509	-0.0017703
8.596808	0.0003425
8.600109	-0.0006686
8.603410	-0.0007781
8.606712	-0.0000670
8.610015	0.0009225
8.613318	0.0011699
8.616622	0.0007728
8.619927	0.0005116
8.623232	-0.0007941
8.626538	0.0007022
8.629845	0.0011962
8.633152	0.0009715
8.636461	0.0000385
8.639770	0.0005449
8.643079	-0.0007939
8.646389	-0.0009894
8.649700	-0.0016388
8.653012	-0.0015391
8.656325	-0.0007404
8.659638	-0.0003404
8.662952	0.0003270
8.666266	-0.0004107
8.669581	-0.0005274
8.672897	0.0004469
8.676214	-0.0005032
8.679531	-0.0010014
8.682849	-0.0008033
8.686168	0.0014123
8.689488	-0.0013925
8.692808	0.0016578
8.696129	-0.0022213
8.699450	-0.0007536
8.702772	-0.0001311
8.706095	0.0001789
8.709419	-0.0000337
8.712743	0.0015106
8.716068	-0.0003920
8.719394	0.0020033
8.722721	-0.0007387
8.726048	0.0009881
8.729376	-0.0008942
8.732704	-0.0003636
8.736034	0.0019113
8.739364	0.0003281
8.742694	-0.0007988
8.746026	0.0006541
8.749358	-0.0004435
8.752690	-0.0004823
8.756024	0.0021101
8.759358	-0.0004425
8.762693	-0.0000627
8.766029	-0.0024762
8.769365	0.0010486
8.772702	-0.0004958
8.776040	-0.0007866
8.779378	-0.0009662
8.782717	0.0001979
8.786057	-0.0005339
8.789398	-0.0008828
8.792739	0.0001548
8.796081	-0.0007603
8.799423	-0.0004896
8.802767	-0.0014290
8.806111	0.0003566
8.809455	-0.0006093
8.812801	-0.0008497
8.816147	-0.0007091
8.819494	-0.0000947
8.822841	-0.0001176
8.826190	-0.0005757
8.829539	0.0008016
8.832888	0.0004958
8.836239	-0.0017120
8.839590	-0.0014896
8.842941	0.0001473
8.846294	0.0015431
8.849647	-0.0005643
8.853001	0.0007986
8.856355	-0.0007532
8.859711	0.0004520
8.863067	-0.0003032
8.866423	0.0011586
8.869781	0.0018819
8.873139	-0.0005154
8.876498	0.0030897
8.879857	-0.0000932
8.883217	-0.0002928
8.886578	-0.0004886
8.889940	-0.0012450
8.893302	-0.0003503
8.896665	-0.0013694
8.900029	0.0003656
8.903393	-0.0013079
8.906758	0.0002330
8.910124	0.0000305
8.913491	0.0009971
8.916858	-0.0004521
8.920226	0.0002982
8.923594	-0.0002990
8.926964	0.0006408
8.930334	-0.0010094
8.933704	0.0000200
8.937076	0.0010978
8.940448	0.0005239
8.943821	0.0007598
8.947194	-0.0001719
8.950569	0.0009422
8.953944	0.0001421
8.957319	-0.0006234
8.960696	-0.0007262
8.964073	0.0000946
8.967450	-0.0013640
8.970829	0.0007573
8.974208	-0.0001182
8.977588	-0.0000765
8.980968	-0.0004680
8.984350	0.0009059
8.987732	0.0011081
8.991114	-0.0012370
8.994498	-0.0008599
8.997882	0.0003475
9.001266	0.0000769
9.004652	-0.0009912
9.008038	-0.0003701
9.011425	-0.0006712
9.014813	-0.0009519
9.018201	0.0002296
9.021590	-0.0020071
9.024980	0.0002042
9.028370	-0.0003124
9.031761	-0.0007865
9.035153	0.0009108
9.038545	-0.0006708
9.041938	-0.0001596
9.045332	0.0001735
9.048727	-0.0002510
9.052122	-0.0011330
9.055518	-0.0004123
9.058915	0.0005023
9.062312	0.0005560
9.065711	-0.0002245
9.069109	-0.0009295
9.072509	0.0004608
9.075909	0.0016961
9.079310	0.0013375
9.082712	0.0017058
9.086114	0.0003518
9.089517	0.0000832
9.092921	0.0000995
9.096325	0.0002693
9.099730	-0.0012816
9.103136	-0.0013372
9.106543	-0.0000118
9.109950	-0.0007603
9.113358	-0.0000328
9.116767	0.0016410
9.120176	-0.0000530
9.123586	0.0015320
9.126997	-0.0003281
9.130408	-0.0000071
9.133820	-0.0015735
9.137233	-0.0003475
9.140647	0.0007884
9.144061	-0.0003633
9.147476	-0.0000016
9.150892	0.0018644
9.154308	-0.0003576
9.157725	0.0013655
9.161143	0.0009487
9.164562	-0.0009947
9.167981	0.0000088
9.171401	-0.0010739
9.174821	-0.0000971
9.178242	-0.0004910
9.181664	-0.0005244
9.185087	0.0021361
9.188511	0.0003219
9.191935	-0.0018695
9.195360	-0.0003065
9.198785	-0.0006048
9.202211	-0.0005558
9.205638	-0.0021486
9.209066	-0.0003224
9.212494	0.0009947
9.215923	-0.0014466
9.219353	-0.0013215
9.222783	-0.0001707
9.226214	-0.0009428
9.229646	-0.0013787
9.233079	0.0002083
9.236512	0.0007780
9.239946	0.0007498
9.243381	0.0003087
9.246816	0.0001039
9.250252	-0.0015420
9.253689	0.0002768
9.257126	-0.0013582
9.260564	0.0008275
9.264003	0.0007454
9.267443	-0.0004378
9.270883	0.0006820
9.274324	0.0016294
9.277766	0.0012112
9.281208	-0.0004930
9.284651	0.0004987
9.288095	-0.0015142
9.291539	-0.0006667
9.294984	-0.0011573
9.298430	0.0001699
9.301877	0.0000369
9.305324	0.0000290
9.308772	0.0006493
9.312221	0.0024770
9.315670	-0.0008934
9.319120	0.0011110
9.322571	-0.0008367
9.326023	-0.0017590
9.329475	0.0003232
9.332928	-0.0001602
9.336381	-0.0005200
9.339836	-0.0003931
9.343291	-0.0005950
9.346746	-0.0003007
9.350203	-0.0001991
9.353660	-0.0001563
9.357118	0.0013759
9.360576	-0.0008848
9.364036	0.0003409
9.367496	0.0004461
9.370956	0.0013885
9.374417	0.0007386
9.377880	-0.0009863
9.381342	-0.0003611
9.384806	0.0001631
9.388270	-0.0014130
9.391735	-0.0005408
9.395200	0.0021614
9.398666	-0.0001220
9.402133	0.0008332
9.405601	-0.0012575
9.409069	0.0001784
9.412538	0.0000025
9.416008	-0.0000633
9.419479	0.0001150
9.422950	-0.0018678
9.426422	0.0000311
9.429894	0.0025928
9.433368	-0.0002692
9.436842	-0.0011164
9.440316	-0.0002221
9.443792	-0.0001075
9.447268	-0.0000576
9.450745	0.0004262
9.454222	0.0009862
9.457700	-0.0004742
9.461179	0.0004305
9.464659	-0.0006920
9.468139	0.0020443
9.471620	0.0015466
9.475102	0.0004161
9.478584	0.0008155
9.482067	-0.0014599
9.485551	0.0008048
9.489036	-0.0007189
9.492521	-0.0000849
9.496007	0.0010510
9.499493	-0.0012692
9.502981	0.0006797
9.506469	-0.0008505
9.509957	-0.0008420
9.513447	0.0000313
9.516937	-0.0006888
9.520428	-0.0012587
9.523919	-0.0002571
9.527412	0.0000140
9.530904	0.0016721
9.534398	-0.0010625
9.537892	0.0000676
9.541388	-0.0004966
9.544883	-0.0005634
9.548380	0.0014241
9.551877	-0.0001915
9.555375	-0.0007163
9.558873	-0.0007509
9.562373	0.0012043
9.565873	0.0004764
9.569373	0.0012929
9.572875	-0.0009218
9.576377	0.0001599
9.579879	-0.0008495
9.583383	-0.0015018
9.586887	0.0000436
9.590392	-0.0000917
9.593898	0.0005023
9.597404	0.0003959
9.600911	0.0006153
9.604418	-0.0007969
9.607927	-0.0005049
9.611436	-0.0002835
9.614946	0.0009591
9.618456	0.0013309
9.621967	0.0017830
9.625479	-0.0001123
9.628992	-0.0000486
9.632505	0.0011679
9.636019	0.0012258
9.639534	-0.0012134
9.643049	-0.0020683
9.646566	-0.0022577
9.650082	0.0001780
9.653600	0.0003518
9.657118	-0.0019309
9.660637	0.0005083
9.664157	-0.0014607
9.667677	0.0015744
9.671198	-0.0009154
9.674720	0.0004242
9.678242	-0.0001481
9.681765	-0.0006878
9.685289	0.0005264
9.688814	0.0000299
9.692339	-0.0008236
9.695865	-0.0003504
9.699392	-0.0001092
9.702919	0.0009817
9.706447	0.0001311
9.709976	0.0011703
9.713505	-0.0009506
9.717035	0.0012195
9.720566	-0.0003326
9.724098	0.0000323
9.727630	0.0000919
9.731163	-0.0016255
9.734697	-0.0003551
9.738231	0.0010664
9.741766	0.0012098
9.745302	0.0016164
9.748839	-0.0000876
9.752376	0.0032474
9.755914	0.0009900
9.759452	-0.0006501
9.762992	-0.0004295
9.766532	-0.0004566
9.770072	-0.0012526
9.773614	0.0010847
9.777156	-0.0003859
9.780699	-0.0006360
9.784242	-0.0003487
9.787786	-0.0012236
9.791331	0.0018198
9.794877	0.0009452
9.798423	0.0000988
9.801970	0.0007701
9.805518	0.0008885
9.809066	-0.0006769
9.812616	0.0006208
9.816165	0.0005966
9.819716	-0.0006480
9.823267	-0.0003007
9.826819	0.0007273
9.830372	-0.0005998
9.833925	-0.0002453
9.837479	0.0006086
9.841034	-0.0000121
9.844589	0.0019523
9.848146	0.0000396
9.851702	-0.0009610
9.855260	-0.0002798
9.858818	-0.0006081
9.862377	0.0007913
9.865937	0.0016758
9.869497	0.0006386
9.873058	0.0003848
9.876620	-0.0013554
9.880183	-0.0024544
9.883746	-0.0006024
9.887310	-0.0002683
9.890874	-0.0012111
9.894440	-0.0029183
9.898005	0.0013266
9.901572	0.0000579
9.905140	0.0008384
9.908708	0.0007035
9.912276	0.0003090
9.915846	-0.0010127
9.919416	0.0001154
9.922987	0.0008588
9.926559	-0.0003131
9.930131	0.0003155
9.933704	-0.0008752
9.937278	0.0005765
9.940852	-0.0003715
9.944427	-0.0004196
9.948003	0.0012602
9.951580	-0.0014611
9.955157	-0.0004086
9.958735	0.0004610
9.962313	0.0003408
9.965893	0.0009871
9.969473	-0.0001620
9.973054	0.0008822
9.976635	0.0007895
9.980217	0.0002273
9.983800	-0.0014279
9.987384	0.0010982
9.990968	-0.0001496
9.994553	0.0003194
9.998138	0.0004487
10.001725	0.0002800
10.005312	0.0006570
10.008900	-0.0000645
10.012488	-0.0022705
10.016077	0.0006814
10.019667	0.0003054
10.023258	-0.0000499
10.026849	0.0009336
10.030441	-0.0011483
10.034034	-0.0013867
10.037627	-0.0001729
10.041221	0.0013391
10.044816	0.0008474
10.048411	-0.0012899
10.052008	-0.0003645
10.055604	0.0003359
10.059202	0.0005086
10.062800	-0.0024007
10.066399	0.0019882
10.069999	0.0002780
10.073600	-0.0010435
10.077201	0.0007070
10.080802	0.0003677
10.084405	0.0014742
10.088008	-0.0001419
10.091612	-0.0003001
10.095217	-0.0000924
10.098822	-0.0006062
10.102428	-0.0019916
10.106035	-0.0002209
10.109642	0.0002508
10.113250	0.0011313
10.116859	-0.0006829
10.120469	-0.0002572
10.124079	-0.0002311
10.127690	0.0002466
10.131302	0.0003219
10.134914	-0.0004001
10.138527	-0.0002422
10.142141	-0.0000672
10.145755	-0.0007316
10.149370	-0.0007216
10.152986	0.0005836
10.156603	0.0002185
10.160220	0.0007627
10.163838	0.0008320
10.167457	0.0001923
10.171076	0.0009480
10.174696	-0.0000037
10.178317	0.0001507
10.181938	-0.0022704
10.185561	0.0018673
10.189183	0.0025112
10.192807	-0.0007003
10.196431	0.0002066
10.200056	-0.0014359
10.203682	0.0004104
10.207308	-0.0014326
10.210936	0.0014876
10.214563	-0.0007351
10.218192	-0.0013360
10.221821	0.0012653
10.225451	-0.0003990
10.229082	0.0014365
10.232713	0.0014463
10.236345	0.0008999
10.239978	-0.0004256
10.243611	-0.0011584
10.247245	0.0021139
10.250880	-0.0002482
10.254516	-0.0003533
10.258152	0.0001167
10.261789	-0.0007035
10.265426	0.0006150
10.269065	-0.0000324
10.272704	0.0010293
10.276343	0.0002050
10.279984	0.0004968
10.283625	0.0006145
10.287267	0.0001519
10.290909	0.0006864
10.294553	-0.0003405
10.298197	0.0014575
10.301841	0.0008102
10.305487	0.0010424
10.309133	0.0008361
10.312779	-0.0009320
10.316427	-0.0006414
10.320075	-0.0007892
10.323724	0.0027220
10.327374	0.0009693
10.331024	-0.0010702
10.334675	0.0013234
10.338327	0.0002423
10.341979	0.0001207
10.345632	0.0010299
10.349286	-0.0011669
10.352940	-0.0001713
10.356595	-0.0000658
10.360251	0.0001042
10.363908	0.0004022
10.367565	0.0001405
10.371223	0.0013939
10.374882	-0.0006294
10.378541	-0.0012677
10.382202	0.0000854
10.385862	-0.0001827
10.389524	-0.0006589
10.393186	0.0001779
10.396849	-0.0002928
10.400513	0.0007906
10.404177	0.0012081
10.407842	0.0011831
10.411508	-0.0005407
10.415174	-0.0004955
10.418841	0.0003086
10.422509	0.0007035
10.426178	-0.0009920
10.429847	0.0003427
10.433517	0.0010361
10.437188	0.0018197
10.440859	0.0014208
10.444531	0.0008576
10.448204	0.0006677
10.451877	0.0018010
10.455551	-0.0006257
10.459226	0.0017341
10.462902	-0.0009187
10.466578	0.0007434
10.470255	-0.0009850
10.473933	-0.0000333
10.477611	0.0008254
10.481290	0.0015288
10.484970	0.0008784
10.488650	-0.0007612
10.492332	0.0006031
10.496013	0.0003295
10.499696	0.0009082
10.503379	0.0004128
10.507063	-0.0004107
10.510748	-0.0000037
10.514433	-0.0014525
10.518119	-0.0002989
10.521806	0.0015139
10.525494	0.0009772
10.529182	0.0001210
10.532871	-0.0028285
10.536561	-0.0006167
10.540251	-0.0003054
10.543942	-0.0001791
10.547634	-0.0008607
10.551326	0.0001456
10.555019	-0.0004511
10.558713	-0.0001193
10.562407	-0.0020707
10.566103	-0.0013325
10.569799	0.0012865
10.573495	0.0000741
10.577193	-0.0005812
10.580891	0.0002791
10.584589	-0.0001866
10.588289	-0.0004353
10.591989	0.0001826
10.595690	0.0001421
10.599391	-0.0004132
10.603094	0.0010328
10.606797	0.0013608
10.610500	-0.0007650
10.614205	0.0004964
10.617910	-0.0001695
10.621615	-0.0001240
10.625322	0.0001097
10.629029	0.0006452
10.632737	0.0006268
10.636446	0.0014593
10.640155	0.0005730
10.643865	-0.0002511
10.647576	-0.0003933
10.651287	-0.0014160
10.654999	-0.0011222
10.658712	-0.0018015
10.662425	-0.0009552
10.666140	-0.0014820
10.669854	-0.0001737
10.673570	-0.0013309
10.677286	-0.0008101
10.681003	-0.0011017
10.684721	0.0000467
10.688439	0.0009574
10.692159	-0.0015998
10.695878	0.0003200
10.699599	-0.0003808
10.703320	-0.0007165
10.707042	-0.0010080
10.710765	0.0012286
10.714488	0.0013231
10.718212	0.0006088
10.721937	-0.0011191
10.725662	-0.0000998
10.729388	0.0001283
10.733115	-0.0008693
10.736843	0.0001401
10.740571	-0.0016379
10.744300	0.0008908
10.748030	0.0011061
10.751760	-0.0006375
10.755491	-0.0012944
10.759223	0.0006249
10.762955	-0.0002512
10.766688	-0.0023892
10.770422	0.0006508
10.774157	0.0016870
10.777892	0.0007310
10.781628	0.0004202
10.785365	0.0000012
10.789102	-0.0006392
10.792840	-0.0008893
10.796579	0.0005303
10.800318	-0.0008110
10.804059	0.0021207
10.807800	-0.0008185
10.811541	0.0013529
10.815283	-0.0004741
10.819026	0.0020774
10.822770	0.0018676
10.826514	-0.0005528
10.830260	-0.0009591
10.834005	0.0014434
10.837752	0.0001944
10.841499	0.0025185
10.845247	0.0004834
10.848996	-0.0001509
10.852745	0.0005918
10.856495	-0.0006509
10.860246	-0.0013539
10.863997	-0.0016429
10.867749	0.0006268
10.871502	-0.0000114
10.875256	0.0002962
10.879010	-0.0013262
10.882765	-0.0002399
10.886520	0.0003665
10.890277	0.0013109
10.894034	0.0001976
10.897792	-0.0019567
10.901550	-0.0003051
10.905309	-0.0004258
10.909069	-0.0007739
10.912830	-0.0012739
10.916591	0.0026477
10.920353	-0.0006374
10.924115	0.0013759
10.927879	0.0007841
10.931643	-0.0005265
10.935408	-0.0011463
10.939173	-0.0005432
10.942939	-0.0022125
10.946706	-0.0013144
10.950474	0.0002259
10.954242	-0.0004558
10.958011	-0.0002198
10.961781	-0.0004701
10.965551	-0.0001579
10.969322	0.0012195
10.973094	-0.0014602
10.976866	0.0007118
10.980640	0.0003815
10.984414	-0.0022476
10.988188	0.0002848
10.991963	-0.0008338
10.995740	0.0000204
10.999516	-0.0012948
11.003294	0.0024692
11.007072	-0.0012685
11.010851	-0.0008429
11.014630	-0.0019056
11.018410	0.0001128
11.022191	0.0002285
11.025973	0.0017644
11.029755	0.0007723
11.033538	-0.0005254
11.037322	-0.0006521
11.041106	0.0001470
11.044892	0.0000935
11.048677	0.0005117
11.052464	0.0003805
11.056251	-0.0009239
11.060039	-0.0004012
11.063828	-0.0007307
11.067617	-0.0008933
11.071407	-0.0002013
11.075198	-0.0012265
11.078989	0.0006418
11.082782	0.0000652
11.086574	0.0025431
11.090368	-0.0013638
11.094162	-0.0005972
11.097957	-0.0010743
11.101753	-0.0009176
11.105549	0.0001922
11.109346	-0.0008569
11.113144	0.0016858
11.116943	-0.0006606
11.120742	0.0001350
11.124542	-0.0009345
11.128342	-0.0010146
11.132144	0.0010014
11.135946	0.0006621
11.139748	0.0007295
11.143552	0.0002923
11.147356	0.0001078
11.151161	-0.0005272
11.154966	-0.0003932
11.158772	0.0004739
11.162579	0.0004714
11.166387	-0.0016354
11.170195	0.0005698
11.174004	-0.0004818
11.177814	-0.0010224
11.181624	0.0005151
11.185436	-0.0008459
11.189247	0.0009165
11.193060	-0.0004241
11.196873	0.0004072
11.200687	-0.0013733
11.204502	0.0005460
11.208317	0.0007384
11.212133	-0.0017004
11.215950	0.0016618
11.219767	-0.0001433
11.223585	-0.0011021
11.227404	-0.0011601
11.231224	-0.0002380
11.235044	0.0021067
11.238865	0.0001572
11.242687	-0.0001808
11.246509	-0.0009288
11.250332	0.0010800
11.254156	0.0002854
11.257980	-0.0008760
11.261806	-0.0010620
11.265631	-0.0005821
11.269458	-0.0003279
11.273285	-0.0005621
11.277113	-0.0016076
11.280942	-0.0004531
11.284771	-0.0003750
11.288601	-0.0001071
11.292432	0.0012417
11.296264	0.0002586
11.300096	0.0009360
11.303929	-0.0002008
11.307762	-0.0014428
11.311597	-0.0014810
11.315432	0.0002426
11.319268	-0.0004914
11.323104	0.0007373
11.326941	0.0000561
11.330779	0.0001353
11.334617	-0.0005410
11.338457	0.0023115
11.342297	-0.0001303
11.346137	-0.0010647
11.349979	-0.0001639
11.353821	-0.0008237
11.357663	-0.0007769
11.361507	-0.0017182
11.365351	-0.0001920
11.369196	0.0006639
11.373041	-0.0006974
11.376888	0.0012648
11.380734	-0.0007457
11.384582	-0.0004088
11.388430	0.0002887
11.392280	0.0021281
11.396129	-0.0004099
11.399980	-0.0006770
11.403831	-0.0014232
11.407683	-0.0010504
11.411535	0.0001011
11.415389	0.0001388
11.419243	0.0001866
11.423097	0.0005925
11.426953	-0.0002951
11.430809	-0.0019167
11.434666	0.0015784
11.438523	-0.0002651
11.442381	0.0002781
11.446240	0.0009590
11.450100	0.0009842
11.453960	0.0009382
11.457821	-0.0000043
11.461683	0.0012219
11.465545	0.0008698
11.469408	-0.0003341
11.473272	-0.0002478
11.477137	0.0012556
11.481002	0.0004316
11.484868	0.0000847
11.488734	0.0020011
11.492602	-0.0001465
11.496470	-0.0003370
11.500338	0.0004431
11.504208	-0.0004331
11.508078	0.0017964
11.511949	0.0011206
11.515820	0.0009242
11.519692	0.0000966
11.523565	0.0013585
11.527439	0.0012748
11.531313	-0.0015771
11.535188	-0.0003190
11.539064	0.0015581
11.542941	-0.0008924
11.546818	0.0012264
11.550696	0.0016789
11.554574	-0.0010059
11.558454	-0.0010700
11.562333	-0.0016045
11.566214	-0.0020732
11.570095	-0.0006560
11.573978	-0.0011354
11.577860	-0.0004181
11.581744	-0.0001535
11.585628	0.0010425
11.589513	0.0023085
11.593398	0.0003872
11.597285	-0.0001480
11.601172	-0.0006166
11.605059	-0.0002310
11.608948	0.0007679
11.612837	-0.0011471
11.616727	-0.0012019
11.620617	0.0000800
11.624508	0.0021612
11.628400	-0.0005567
11.632293	0.0019261
11.636186	-0.0011088
11.640080	-0.0007598
11.643975	-0.0003248
11.647870	0.0009979
11.651766	-0.0004486
11.655663	0.0000704
11.659561	0.0008647
11.663459	-0.0014703
11.667358	0.0006086
11.671258	-0.0007335
11.675158	-0.0005930
11.679059	-0.0003446
11.682961	0.0006644
11.686863	0.0012299
11.690766	0.0020042
11.694670	-0.0018390
11.698575	0.0008956
11.702480	0.0009273
11.706386	-0.0002792
11.710293	-0.0002375
11.714200	0.0002967
11.718108	0.0010700
11.722017	-0.0010935
11.725926	-0.0003200
11.729836	0.0001619
11.733747	-0.0017440
11.737659	-0.0002790
11.741571	-0.0017446
11.745484	0.0013925
11.749398	0.0001157
11.753312	-0.0000951
11.757227	0.0003390
11.761143	-0.0000252
11.765060	-0.0014949
11.768977	-0.0007504
11.772895	-0.0013171
11.776813	0.0019584
11.780732	0.0005219
11.784652	-0.0015422
11.788573	0.0002320
11.792495	0.0003598
11.796417	0.0005964
11.800340	0.0016398
11.804263	0.0015210
11.808187	-0.0005440
11.812112	-0.0004874
11.816038	0.0004711
11.819964	0.0035982
11.823891	0.0014382
11.827819	0.0008347
11.831747	0.0002387
11.835676	-0.0021889
11.839606	0.0014069
11.843537	-0.0018394
11.847468	0.0006284
11.851400	0.0007298
11.855333	0.0010232
11.859266	-0.0000256
11.863200	-0.0012628
11.867135	0.0009733
11.871070	0.0021511
11.875006	0.0015197
11.878943	-0.0003878
11.882881	-0.0021928
11.886819	-0.0024487
11.890758	0.0008695
11.894698	-0.0011227
11.898638	0.0004774
11.902579	0.0001162
11.906521	0.0008097
11.910463	0.0013158
11.914407	-0.0016033
11.918350	-0.0008194
11.922295	0.0004277
11.926240	-0.0001528
11.930186	-0.0033452
11.934133	-0.0001218
11.938080	0.0014345
11.942028	0.0002259
11.945977	0.0002129
11.949927	-0.0013586
11.953877	-0.0002949
11.957828	0.0005571
11.961780	-0.0005567
11.965732	-0.0004274
11.969685	0.0010519
11.973639	0.0016723
11.977593	-0.0009585
11.981548	-0.0008330
11.985504	0.0013039
11.989460	0.0016082
11.993418	-0.0002765
11.997376	-0.0005804
12.001334	-0.0000902
12.005294	-0.0001665
12.009254	-0.0010559
12.013214	-0.0006342
12.017176	-0.0000936
12.021138	0.0008226
12.025101	0.0017608
12.029064	0.0005361
12.033029	-0.0009051
12.036994	0.0008692
12.040959	0.0000217
12.044926	-0.0007649
12.048893	-0.0004525
12.052860	0.0005435
12.056829	-0.0000280
12.060798	-0.0006156
12.064768	-0.0002090
12.068738	0.0002884
12.072710	0.0016998
12.076682	0.0013855
12.080654	-0.0010898
12.084628	-0.0005456
12.088602	-0.0002796
12.092577	0.0006981
12.096552	0.0024260
12.100528	0.0001637
12.104505	0.0010807
12.108483	-0.0006583
12.112461	-0.0006605
12.116440	0.0001386
12.120420	0.0014964
12.124400	0.0009274
12.128381	-0.0001890
12.132363	-0.0014889
12.136346	0.0001877
12.140329	-0.0008663
12.144313	0.0005165
12.148297	-0.0003647
12.152283	0.0003782
12.156269	0.0009388
12.160255	0.0019047
12.164243	-0.0009301
12.168231	-0.0002549
12.172220	0.0021565
12.176209	-0.0009058
12.180200	0.0006537
12.184191	-0.0011701
12.188182	-0.0000308
12.192175	-0.0017623
12.196168	-0.0003996
12.200161	-0.0002827
12.204156	-0.0019322
12.208151	-0.0006849
12.212147	0.0007024
12.216143	0.0000610
12.220141	-0.0004126
12.224139	-0.0003961
12.228137	0.0002125
12.232137	-0.0003514
12.236137	-0.0000273
12.240138	-0.0027868
12.244139	-0.0008879
12.248141	0.0015587
12.252144	-0.0000964
12.256148	-0.0017061
12.260152	-0.0024147
12.264157	0.0008203
12.268163	-0.0005267
12.272169	-0.0002390
12.276176	-0.0014094
12.280184	0.0016166
12.284192	-0.0009504
12.288202	-0.0010195
12.292212	-0.0003716
12.296222	-0.0014903
12.300234	0.0005442
12.304246	-0.0011349
12.308258	0.0000285
12.312272	0.0005661
12.316286	-0.0007965
12.320301	0.0003236
12.324316	-0.0005852
12.328332	-0.0013027
12.332349	0.0003816
12.336367	0.0016530
12.340385	-0.0001068
12.344404	0.0002293
12.348424	0.0013708
12.352445	0.0004212
12.356466	-0.0007399
12.360488	-0.0006660
12.364510	0.0011319
12.368533	-0.0001331
12.372557	-0.0003340
12.376582	-0.0000046
12.380607	0.0000458
12.384633	0.0022946
12.388660	-0.0019153
12.392688	0.0015689
12.396716	0.0000931
12.400745	0.0017578
12.404774	-0.0001926
12.408804	-0.0002006
12.412835	-0.0012789
12.416867	-0.0008411
12.420900	0.0015957
12.424933	0.0003485
12.428966	-0.0003996
12.433001	-0.0000340
12.437036	-0.0013097
12.441072	-0.0010859
12.445109	-0.0012953
12.449146	0.0017163
12.453184	-0.0014591
12.457223	0.0004819
12.461262	0.0021855
12.465302	0.0003858
12.469343	0.0008154
12.473384	0.0008467
12.477427	0.0001877
12.481470	-0.0009289
12.485513	0.0011805
12.489558	-0.0012092
12.493603	0.0011086
12.497648	-0.0005518
12.501695	-0.0013862
12.505742	0.0005967
12.509790	0.0000990
12.513838	-0.0006041
12.517887	0.0013449
12.521937	-0.0000114
12.525988	-0.0014478
12.530039	-0.0030338
12.534091	-0.0013462
12.538144	0.0000493
12.542198	0.0007978
12.546252	-0.0001456
12.550307	0.0002243
12.554362	0.0002371
12.558419	0.0003290
12.562475	0.0019186
12.566533	0.0004517
12.570592	0.0001014
12.574651	-0.0010579
12.578710	-0.0003401
12.582771	0.0009140
12.586832	0.0003812
12.590894	0.0003985
12.594957	-0.0009294
12.599020	0.0011882
12.603084	-0.0013105
12.607149	-0.0000125
12.611214	0.0008876
12.615280	0.0005745
12.619347	0.0000261
12.623414	-0.0017105
12.627483	-0.0011420
12.631551	-0.0002295
12.635621	-0.0000434
12.639691	0.0009511
12.643762	-0.0007447
12.647834	0.0011369
12.651907	-0.0001346
12.655980	-0.0000842
12.660053	0.0001762
12.664128	-0.0001750
12.668203	-0.0031760
12.672279	-0.0003872
12.676356	0.0002019
12.680433	-0.0000965
12.684511	-0.0020300
12.688590	0.0003887
12.692669	-0.0023493
12.696750	0.0009599
12.700830	0.0004198
12.704912	-0.0021700
12.708994	0.0014348
12.713077	-0.0008009
12.717161	0.0013643
12.721245	0.0006642
12.725330	0.0018033
12.729416	-0.0014422
12.733502	-0.0004229
12.737590	0.0014429
12.741678	-0.0013100
12.745766	0.0001441
12.749855	-0.0002910
12.753945	0.0002988
12.758036	0.0005429
12.762127	0.0007394
12.766220	-0.0000238
12.770312	0.0000361
12.774406	0.0000846
12.778500	-0.0002513
12.782595	0.0014128
12.786690	0.0009398
12.790787	-0.0000885
12.794884	0.0000834
12.798981	0.0005779
12.803080	0.0015044
12.807179	0.0011826
12.811279	-0.0015233
12.815379	-0.0020572
12.819481	0.0008620
12.823582	0.0015183
12.827685	-0.0001270
12.831788	-0.0010672
12.835892	0.0009774
12.839997	0.0022931
12.844103	0.0010153
12.848209	0.0001350
12.852316	-0.0005590
12.856423	0.0014758
12.860531	0.0002335
12.864640	-0.0011741
12.868750	-0.0015198
12.872860	-0.0000010
12.876971	-0.0010595
12.881083	0.0005009
12.885196	0.0014429
12.889309	-0.0000087
12.893423	0.0000652
12.897537	-0.0012700
12.901652	-0.0003505
12.905768	-0.0000905
12.909885	-0.0000626
12.914002	0.0004114
12.918121	-0.0000337
12.922239	0.0008087
12.926359	-0.0004267
12.930479	0.0017480
12.934600	-0.0000014
12.938721	-0.0002670
12.942844	-0.0004428
12.946967	0.0006861
12.951090	-0.0003518
12.955215	0.0000417
12.959340	-0.0012601
12.963466	0.0004192
12.967592	-0.0011327
12.971720	-0.0002199
12.975847	0.0001404
12.979976	0.0009144
12.984105	-0.0013186
12.988235	-0.0004215
12.992366	0.0014873
12.996498	-0.0008102
13.000630	0.0013888
13.004762	0.0005800
13.008896	-0.0009353
13.013030	0.0001630
13.017165	0.0009090
13.021301	0.0008999
13.025437	0.0025281
13.029574	-0.0004724
13.033712	-0.0001110
13.037850	0.0006015
13.041990	0.0002360
13.046129	0.0005410
13.050270	-0.0003521
13.054411	0.0001882
13.058553	0.0004723
13.062696	0.0006538
13.066839	0.0003459
13.070983	0.0014702
13.075128	0.0014343
13.079273	0.0001796
13.083420	0.0034218
13.087567	-0.0005159
13.091714	0.0002722
13.095862	-0.0006291
13.100011	-0.0018843
13.104161	0.0013924
13.108311	0.0012067
13.112463	-0.0000411
13.116614	-0.0002657
13.120767	-0.0013408
13.124920	-0.0005057
13.129074	0.0014128
13.133229	-0.0021894
13.137384	-0.0000803
13.141540	0.0007574
13.145697	-0.0001746
13.149854	0.0021474
13.154012	0.0017655
13.158171	-0.0012445
13.162330	0.0009520
13.166491	-0.0001961
13.170652	0.0014209
13.174813	0.0014526
13.178975	-0.0022082
13.183139	-0.0003708
13.187302	0.0011883
13.191467	0.0006344
13.195632	0.0008625
13.199798	0.0001401
13.203964	0.0003506
13.208131	-0.0005071
13.212299	-0.0017707
13.216468	-0.0005549
13.220637	-0.0013473
13.224807	-0.0006082
13.228978	0.0016352
13.233150	-0.0003866
13.237322	-0.0004064
13.241495	0.0001585
13.245668	0.0016288
13.249843	0.0006848
13.254018	0.0000583
13.258193	-0.0006244
13.262370	0.0005145
13.266547	-0.0017801
13.270724	0.0001371
13.274903	0.0008303
13.279082	-0.0005838
13.283262	0.0009066
13.287443	-0.0012576
13.291624	-0.0007526
13.295806	0.0004031
13.299989	0.0000031
13.304172	0.0009245
13.308356	-0.0001844
13.312541	-0.0014085
13.316726	0.0006572
13.320913	0.0012196
13.325100	-0.0005996
13.329287	-0.0015839
13.333475	-0.0008617
13.337664	0.0015075
13.341854	-0.0005228
13.346045	0.0003401
13.350236	0.0016031
13.354428	0.0005973
13.358620	0.0005977
13.362813	-0.0003814
13.367007	-0.0009486
13.371202	-0.0008280
13.375397	-0.0016764
13.379593	-0.0024941
13.383790	0.0013038
13.387988	-0.0006773
13.392186	-0.0003916
13.396385	0.0005975
13.400584	0.0003125
13.404784	-0.0002405
13.408985	0.0012663
13.413187	-0.0007786
13.417389	0.0007534
13.421592	0.0006836
13.425796	0.0002885
13.430001	-0.0015893
13.434206	0.0014729
13.438412	0.0009447
13.442618	-0.0019977
13.446826	-0.0007046
13.451034	0.0001233
13.455242	-0.0012409
13.459452	-0.0014860
13.463662	0.0007386
13.467872	-0.0018668
13.472084	-0.0000060
13.476296	0.0003885
13.480509	-0.0004928
13.484723	0.0001527
13.488937	-0.0000261
13.493152	-0.0001596
13.497368	-0.0015267
13.501584	-0.0002137
13.505801	0.0008531
13.510019	-0.0019195
13.514238	-0.0002715
13.518457	-0.0003004
13.522677	0.0006256
13.526897	-0.0003339
13.531119	-0.0002386
13.535341	-0.0000326
13.539563	-0.0014899
13.543787	0.0014837
13.548011	-0.0002687
13.552236	0.0006977
13.556461	0.0018530
13.560688	0.0013022
13.564915	-0.0008819
13.569142	0.0011183
13.573371	0.0002215
13.577600	-0.0013323
13.581829	-0.0001352
13.586060	-0.0023474
13.590291	0.0017529
13.594523	0.0017957
13.598756	-0.0019829
13.602989	-0.0003399
13.607223	-0.0011779
13.611457	-0.0010973
13.615693	-0.0006453
13.619929	0.0002847
13.624166	-0.0006544
13.628403	-0.0004795
13.632641	0.0017633
13.636880	-0.0005656
13.641120	0.0014407
13.645360	-0.0005335
13.649601	-0.0004326
13.653843	0.0001433
13.658085	-0.0004318
13.662328	0.0014191
13.666572	0.0000928
13.670817	-0.0008855
13.675062	-0.0012123
13.679308	-0.0013226
13.683554	0.0002658
13.687802	0.0007399
13.692050	-0.0004674
13.696298	0.0001742
13.700548	-0.0002658
13.704798	0.0019625
13.709049	-0.0023486
13.713300	0.0003431
13.717553	-0.0009836
13.721806	0.0018059
13.726059	-0.0018806
13.730314	0.0002362
13.734569	0.0000375
13.738824	0.0002446
13.743081	-0.0002319
13.747338	0.0000156
13.751596	0.0012931
13.755854	0.0009440
13.760114	-0.0011252
13.764374	0.0009061
13.768634	0.0002029
13.772896	0.0004108
13.777158	-0.0000541
13.781420	0.0006856
13.785684	0.0012923
13.789948	0.0009822
13.794213	0.0007733
13.798479	0.0006562
13.802745	-0.0005304
13.807012	0.0003711
13.811280	-0.0000978
13.815548	0.0000533
13.819817	0.0005170
13.824087	0.0003104
13.828357	-0.0002885
13.832628	0.0001262
13.836900	0.0003103
13.841173	-0.0009790
13.845446	0.0008605
13.849720	-0.0014926
13.853995	-0.0000277
13.858270	0.0012345
13.862547	0.0012994
13.866823	0.0004044
13.871101	0.0001346
13.875379	0.0013657
13.879658	0.0007457
13.883938	0.0001396
13.888218	0.0016276
13.892499	0.0001105
13.896781	-0.0008144
13.901063	-0.0019203
13.905346	0.0012044
13.909630	0.0008960
13.913915	-0.0002906
13.918200	-0.0003005
13.922486	0.0022613
13.926773	-0.0012382
13.931060	0.0020666
13.935348	-0.0006549
13.939637	-0.0003494
13.943926	0.0011241
13.948216	-0.0004028
13.952507	0.0011682
13.956799	-0.0016350
13.961091	-0.0007322
13.965384	-0.0004266
13.969678	0.0000814
13.973972	0.0004948
13.978267	-0.0006625
13.982563	-0.0006417
13.986860	-0.0017223
13.991157	0.0011962
13.995455	-0.0014701
13.999753	-0.0007990
14.004052	0.0010425
14.008352	0.0005281
14.012653	0.0022016
14.016955	-0.0008829
14.021257	-0.0008231
14.025560	0.0001843
14.029863	-0.0000441
14.034167	0.0007994
14.038472	-0.0009225
14.042778	0.0008896
14.047084	0.0005074
14.051391	-0.0009017
14.055699	0.0005553
14.060007	-0.0004856
14.064316	-0.0011264
14.068626	-0.0006420
14.072937	-0.0004152
14.077248	-0.0016397
14.081560	0.0004304
14.085873	0.0002661
14.090186	0.0003440
14.094500	0.0006828
14.098815	-0.0016028
14.103130	-0.0016473
14.107446	-0.0009163
14.111763	-0.0007920
14.116081	-0.0003723
14.120399	0.0007043
14.124718	-0.0007688
14.129038	-0.0003797
14.133358	-0.0006736
14.137679	0.0011811
14.142001	-0.0006463
14.146323	0.0000598
14.150646	0.0008773
14.154970	-0.0003513
14.159295	0.0026715
14.163620	-0.0014208
14.167946	0.0000202
14.172273	0.0005318
14.176600	0.0025510
14.180928	-0.0000981
14.185257	-0.0000962
14.189587	0.0009333
14.193917	0.0002091
14.198248	0.0005753
14.202579	0.0004908
14.206912	0.0001062
14.211245	-0.0007485
14.215578	-0.0009508
14.219913	-0.0006329
14.224248	0.0013546
14.228584	0.0007991
14.232920	0.0012854
14.237258	-0.0006894
14.241596	-0.0010688
14.245934	0.0012146
14.250273	-0.0007794
14.254614	-0.0028484
14.258954	-0.0009554
14.263296	-0.0004552
14.267638	-0.0004403
14.271981	-0.0004732
14.276324	0.0001526
14.280668	0.0005897
14.285013	-0.0009474
14.289359	0.0002429
14.293705	-0.0001555
14.298052	-0.0010613
14.302400	-0.0005961
14.306749	-0.0004144
14.311098	0.0000724
14.315448	0.0015231
14.319798	0.0016044
14.324150	0.0005215
14.328502	0.0022508
14.332854	-0.0003912
14.337208	0.0001962
14.341562	0.0015345
14.345917	-0.0000313
14.350272	-0.0005615
14.354628	-0.0018325
14.358985	0.0013182
14.363343	-0.0005859
14.367701	-0.0001007
14.372060	-0.0013430
14.376420	0.0002632
14.380780	-0.0018407
14.385141	0.0004580
14.389503	0.0012754
14.393866	0.0007936
14.398229	0.0014816
14.402593	0.0024620
14.406957	0.0004296
14.411323	-0.0003279
14.415689	-0.0006289
14.420055	0.0003274
14.424423	0.0005328
14.428791	0.0007771
14.433160	-0.0004475
14.437529	0.0013401
14.441900	-0.0002817
14.446270	0.0006322
14.450642	0.0020706
14.455014	0.0005490
14.459388	-0.0000466
14.463761	-0.0004549
14.468136	0.0003370
14.472511	-0.0009119
14.476887	-0.0018697
14.481263	0.0002254
14.485641	-0.0001313
14.490019	0.0001624
14.494397	-0.0003718
14.498777	0.0004197
14.503157	0.0012999
14.507537	-0.0003647
14.511919	-0.0013532
14.516301	0.0016033
14.520684	0.0014428
14.525068	-0.0004131
14.529452	-0.0028436
14.533837	-0.0003709
14.538222	-0.0000929
14.542609	-0.0004130
14.546996	-0.0010217
14.551384	0.0002125
14.555772	0.0007139
14.560161	-0.0002678
14.564551	0.0015952
14.568942	0.0001624
14.573333	0.0005154
14.577725	0.0002849
14.582118	-0.0000567
14.586511	-0.0000061
14.590906	-0.0012583
14.595300	-0.0006094
14.599696	-0.0000508
14.604092	-0.0011949
14.608489	-0.0024907
14.612887	-0.0006462
14.617285	0.0006443
14.621684	-0.0002456
14.626084	0.0007855
14.630484	0.0009339
14.634885	-0.0015510
14.639287	-0.0006430
14.643690	0.0002101
14.648093	-0.0010056
14.652497	-0.0005810
14.656902	0.0003001
14.661307	-0.0005800
14.665713	0.0004244
14.670120	-0.0023434
14.674527	-0.0012065
14.678936	-0.0003593
14.683344	-0.0004858
14.687754	-0.0004765
14.692164	0.0002424
14.696575	-0.0003437
14.700987	-0.0004751
14.705399	0.0006999
14.709812	0.0008203
14.714226	0.0004239
14.718641	-0.0003606
14.723056	0.0005530
14.727472	0.0006047
14.731888	-0.0001708
14.736306	0.0024493
14.740724	-0.0000833
14.745142	-0.0003186
14.749562	0.0000492
14.753982	-0.0004913
14.758403	-0.0008872
14.762824	-0.0001964
14.767246	0.0001946
14.771669	-0.0017601
14.776093	0.0003919
14.780517	-0.0001663
14.784942	-0.0000443
14.789368	0.0005133
14.793794	-0.0001683
14.798222	0.0008333
14.802649	-0.0015265
14.807078	0.0003255
14.811507	0.0007392
14.815937	-0.0009876
14.820368	0.0007048
14.824799	0.0001719
14.829231	-0.0014625
14.833664	0.0003884
14.838097	0.0010374
14.842532	-0.0008358
14.846966	0.0016441
14.851402	-0.0008829
14.855838	-0.0003607
14.860275	0.0006491
14.864713	0.0003138
14.869151	-0.0008510
14.873590	-0.0002712
14.878030	0.0001587
14.882471	0.0021549
14.886912	0.0011865
14.891354	-0.0001054
14.895796	0.0009128
14.900240	0.0013108
14.904683	-0.0003046
14.909128	-0.0017863
14.913574	-0.0010444
14.918020	-0.0005329
14.922466	-0.0003209
14.926914	0.0020002
14.931362	0.0016144
14.935811	0.0003617
14.940261	-0.0004165
14.944711	0.0024971
14.949162	0.0020287
14.953614	0.0016063
14.958066	0.0010310
14.962519	0.0000031
14.966973	-0.0010122
14.971428	-0.0015766
14.975883	-0.0004133
14.980339	-0.0000428
14.984795	0.0007538
14.989253	0.0008016
14.993711	0.0004179
14.998170	-0.0005955
15.002629	0.0008021
15.007089	0.0006436
15.011550	0.0007633
15.016012	0.0009267
15.020474	0.0009117
15.024937	-0.0001570
15.029400	0.0010588
15.033865	-0.0009909
15.038330	-0.0002506
15.042796	-0.0009802
15.047262	0.0009038
15.051729	0.0009835
15.056197	0.0001664
15.060666	0.0010600
15.065135	0.0002127
15.069605	0.0000453
15.074076	0.0008724
15.078547	0.0010752
15.083019	0.0004729
15.087492	0.0018856
15.091965	-0.0012821
15.096440	0.0009498
15.100914	-0.0000261
15.105390	0.0000117
15.109866	-0.0005310
15.114343	0.0012313
15.118821	0.0007021
15.123300	-0.0000319
15.127779	0.0007242
15.132258	0.0002333
15.136739	0.0021988
15.141220	-0.0000589
15.145702	0.0006860
15.150185	0.0021941
15.154668	0.0002156
15.159152	0.0006218
15.163637	-0.0007570
15.168122	0.0004233
15.172608	-0.0004018
15.177095	0.0006750
15.181583	0.0023522
15.186071	-0.0007614
15.190560	-0.0013659
15.195050	-0.0017561
15.199540	-0.0001716
15.204031	-0.0003970
15.208523	-0.0003395
15.213015	0.0005953
15.217508	-0.0010120
15.222002	0.0018461
15.226497	0.0009043
15.230992	-0.0002456
15.235488	0.0000655
15.239985	-0.0003092
15.244482	-0.0000464
15.248980	-0.0008433
15.253479	-0.0003053
15.257978	0.0010670
15.262479	-0.0010767
15.266979	-0.0007149
15.271481	0.0004566
15.275983	-0.0013986
15.280486	-0.0005753
15.284990	0.0013039
15.289494	0.0013936
15.294000	-0.0001864
15.298505	-0.0009385
15.303012	0.0006857
15.307519	-0.0001568
15.312027	0.0011646
15.316536	-0.0002675
15.321045	-0.0007577
15.325555	0.0018405
15.330066	-0.0014653
15.334577	-0.0006717
15.339089	-0.0003958
15.343602	0.0022562
15.348116	0.0006746
15.352630	0.0008260
15.357145	-0.0000149
15.361660	-0.0005411
15.366177	-0.0009184
15.370694	-0.0024830
15.375211	-0.0001424
15.379730	0.0003708
15.384249	-0.0002115
15.388769	-0.0018272
15.393289	-0.0003439
15.397811	-0.0000963
15.402333	-0.0000726
15.406855	-0.0000221
15.411379	-0.0004364
15.415903	0.0005552
15.420427	0.0003265
15.424953	0.0017881
15.429479	-0.0002769
15.434006	0.0002606
15.438534	-0.0019992
15.443062	0.0003964
15.447591	0.0002370
15.452121	0.0005243
15.456651	-0.0010372
15.461182	-0.0013144
15.465714	0.0008831
15.470246	-0.0012787
15.474779	-0.0013671
15.479313	-0.0003780
15.483848	-0.0010790
15.488383	-0.0008785
15.492919	-0.0004736
15.497456	0.0005545
15.501993	-0.0005452
15.506532	-0.0002802
15.511070	-0.0008465
15.515610	-0.0001704
15.520150	-0.0011857
15.524691	0.0006710
15.529233	-0.0004592
15.533775	0.0001342
15.538318	-0.0008535
15.542862	0.0002999
15.547406	-0.0002496
15.551951	-0.0000383
15.556497	0.0001779
15.561044	-0.0004306
15.565591	0.0007587
15.570139	0.0021389
15.574688	0.0006388
15.579237	-0.0010226
15.583787	-0.0002876
15.588338	0.0002650
15.592889	-0.0003315
15.597441	-0.0016528
15.601994	0.0002361
15.606548	-0.0017552
15.611102	0.0003932
15.615657	0.0004618
15.620213	0.0021714
15.624769	0.0005909
15.629326	0.0001773
15.633884	-0.0010245
15.638442	0.0003791
15.643002	-0.0002022
15.647561	0.0001750
15.652122	-0.0004602
15.656683	-0.0007095
15.661245	0.0007443
15.665808	0.0014324
15.670371	0.0007492
15.674935	0.0005753
15.679500	0.0015778
15.684066	-0.0003550
15.688632	0.0000053
15.693199	-0.0006560
15.697767	-0.0007766
15.702335	-0.0000747
15.706904	-0.0010222
15.711474	-0.0000781
15.716044	-0.0021815
15.720615	0.0020959
15.725187	-0.0013975
15.729759	-0.0004640
15.734333	-0.0019494
15.738907	0.0004171
15.743481	0.0004776
15.748057	-0.0007403
15.752633	-0.0000231
15.757209	-0.0011079
15.761787	0.0003078
15.766365	0.0005727
15.770944	0.0006857
15.775523	0.0006356
15.780104	-0.0015195
15.784685	0.0000752
15.789266	-0.0006827
15.793849	0.0009678
15.798432	-0.0018592
15.803015	0.0010890
15.807600	0.0001357
15.812185	0.0006316
15.816771	-0.0006036
15.821358	-0.0001429
15.825945	0.0009074
15.830533	-0.0014118
15.835122	-0.0020679
15.839711	-0.0007492
15.844301	0.0007525
15.848892	0.0002975
15.853483	0.0007896
15.858076	0.0001673
15.862668	-0.0010501
15.867262	-0.0001602
15.871856	0.0002169
15.876451	0.0006989
15.881047	0.0015629
15.885643	0.0010084
15.890241	-0.0010510
15.894838	-0.0005566
15.899437	-0.0013027
15.904036	0.0004994
15.908636	0.0010290
15.913237	-0.0011097
15.917838	0.0000606
15.922440	0.0011536
15.927043	0.0009425
15.931646	-0.0004156
15.936250	0.0011427
15.940855	-0.0016928
15.945461	-0.0012888
15.950067	0.0004131
15.954674	0.0020791
15.959282	-0.0009759
15.963890	0.0003623
15.968499	-0.0000222
15.973109	-0.0006366
15.977719	0.0004441
15.982330	0.0006875
15.986942	0.0013675
15.991555	0.0000678
15.996168	-0.0003556
16.000782	0.0001823
16.005397	0.0008878
16.010012	-0.0010777
16.014628	-0.0000406
16.019245	-0.0005279
16.023862	0.0003960
16.028481	0.0022458
16.033100	0.0002530
16.037719	0.0008123
16.042339	-0.0006300
16.046960	0.0012158
16.051582	0.0020030
16.056204	0.0000162
16.060828	-0.0010434
16.065451	0.0007182
16.070076	0.0004181
16.074701	0.0002007
16.079327	-0.0013565
16.083954	0.0010194
16.088581	-0.0013126
16.093209	-0.0000368
16.097838	-0.0007396
16.102467	-0.0004887
16.107097	-0.0000063
16.111728	0.0005040
16.116360	-0.0001056
16.120992	0.0008013
16.125625	-0.0003478
16.130258	-0.0015071
16.134893	0.0000237
16.139528	0.0001553
16.144164	0.0024434
16.148800	0.0005053
16.153437	0.0003580
16.158075	-0.0006953
16.162714	-0.0000122
16.167353	0.0000495
16.171993	-0.0009464
16.176633	0.0001961
16.181275	0.0002487
16.185917	0.0005894
16.190560	-0.0002738
16.195203	0.0013320
16.199847	0.0010725
16.204492	0.0003366
16.209138	0.0002786
16.213784	-0.0004258
16.218431	-0.0000118
16.223079	0.0001163
16.227727	0.0002712
16.232376	0.0002250
16.237026	-0.0002910
16.241676	-0.0016592
16.246328	-0.0015862
16.250980	0.0002318
16.255632	0.0003219
16.260285	-0.0004916
16.264940	-0.0002263
16.269594	0.0001316
16.274250	-0.0006451
16.278906	-0.0017073
16.283563	0.0005951
16.288220	-0.0017857
16.292878	-0.0013261
16.297537	-0.0000653
16.302197	-0.0005558
16.306857	0.0001133
16.311518	-0.0005770
16.316180	0.0005178
16.320842	-0.0001975
16.325506	0.0014749
16.330169	-0.0000772
16.334834	0.0003730
16.339499	-0.0007733
16.344165	0.0015560
16.348832	0.0010852
16.353499	0.0012789
16.358167	-0.0000706
16.362836	0.0003511
16.367505	0.0002727
16.372176	0.0003204
16.376846	0.0001766
16.381518	0.0013536
16.386190	0.0013912
16.390863	-0.0010493
16.395537	0.0005127
16.400211	0.0012249
16.404886	0.0006947
16.409562	-0.0012030
16.414239	0.0010662
16.418916	-0.0007545
16.423594	0.0004812
16.428272	-0.0001221
16.432952	0.0012076
16.437632	-0.0002312
16.442312	0.0003266
16.446994	-0.0006781
16.451676	-0.0000857
16.456359	0.0004106
16.461042	-0.0008718
16.465726	-0.0003111
16.470411	-0.0006597
16.475097	0.0001704
16.479783	-0.0000832
16.484470	0.0003138
16.489158	-0.0001569
16.493846	-0.0002132
16.498535	-0.0029211
16.503225	0.0011723
16.507916	-0.0005378
16.512607	-0.0002765
16.517299	-0.0006452
16.521992	0.0006478
16.526685	-0.0010675
16.531379	0.0014344
16.536074	-0.0008679
16.540769	0.0004915
16.545465	0.0000445
16.550162	-0.0011299
16.554860	0.0004359
16.559558	-0.0015170
16.564257	-0.0000272
16.568957	0.0002784
16.573657	0.0020239
16.578358	-0.0009736
16.583060	0.0009067
16.587762	-0.0003399
16.592466	-0.0007096
16.597169	-0.0000494
16.601874	-0.0005389
16.606579	0.0007435
16.611285	0.0008394
16.615992	-0.0002084
16.620699	0.0014079
16.625407	0.0009273
16.630116	-0.0005401
16.634826	0.0008089
16.639536	-0.0006949
16.644247	0.0005973
16.648958	0.0001983
16.653671	-0.0005731
16.658384	0.0009143
16.663098	0.0000337
16.667812	-0.0020056
16.672527	-0.0008993
16.677243	-0.0001065
16.681959	-0.0002179
16.686677	-0.0018665
16.691395	-0.0004166
16.696113	-0.0009572
16.700833	-0.0005871
16.705553	-0.0005073
16.710273	-0.0000632
16.714995	-0.0005724
16.719717	0.0003989
16.724440	0.0012824
16.729163	0.0015475
16.733887	-0.0000810
16.738612	0.0006332
16.743338	-0.0009786
16.748064	0.0005129
16.752792	-0.0002958
16.757519	0.0001942
16.762248	0.0005641
16.766977	-0.0010480
16.771707	0.0001797
16.776437	-0.0001204
16.781169	-0.0018395
16.785901	-0.0003047
16.790633	-0.0016598
16.795367	0.0004524
16.800101	-0.0002456
16.804836	-0.0008225
16.809571	0.0000941
16.814307	-0.0001628
16.819044	-0.0010629
16.823782	-0.0005331
16.828520	0.0018586
16.833259	0.0005193
16.837999	-0.0000206
16.842739	-0.0003323
16.847480	-0.0000404
16.852222	-0.0009848
16.856965	-0.0002457
16.861708	0.0011234
16.866452	-0.0022083
16.871196	-0.0016876
16.875942	-0.0021178
16.880688	0.0019912
16.885434	0.0014716
16.890182	-0.0009937
16.894930	-0.0015126
16.899679	0.0014732
16.904428	0.0005452
16.909178	-0.0009969
16.913929	0.0005062
16.918681	-0.0006288
16.923433	-0.0001217
16.928186	0.0005996
16.932940	-0.0001624
16.937695	-0.0012440
16.942450	-0.0010547
16.947206	-0.0005968
16.951962	0.0024125
16.956720	-0.0007939
16.961477	0.0047834
16.966236	0.0148364
16.970995	0.0349032
16.975756	0.0768563
16.980516	0.1467848
16.985278	0.2502983
16.990040	0.3713863
16.994803	0.4944587
16.999566	0.5775760
17.004331	0.5987579
17.009096	0.5487294
17.013861	0.4429568
17.018628	0.3172471
17.023395	0.1999108
17.028163	0.1136857
17.032931	0.0548798
17.037700	0.0244252
17.042470	0.0079243
17.047241	0.0029649
17.052012	0.0006220
17.056784	0.0012935
17.061557	-0.0001729
17.066330	-0.0004342
17.071104	-0.0007268
17.075879	-0.0024898
17.080655	0.0009568
17.085431	0.0006386
17.090208	-0.0006836
17.094986	-0.0005061
17.099764	-0.0003590
17.104543	-0.0019062
17.109323	-0.0006915
17.114103	-0.0005732
17.118884	-0.0006683
17.123666	0.0001864
17.128449	-0.0000173
17.133232	0.0020410
17.138016	0.0010297
17.142801	0.0007802
17.147586	0.0019154
17.152372	-0.0003461
17.157159	-0.0004936
17.161946	0.0006914
17.166734	-0.0004502
17.171523	0.0008737
17.176313	0.0008083
17.181103	0.0001192
17.185894	-0.0006645
17.190686	0.0015741
17.195478	-0.0010306
17.200271	-0.0002900
17.205065	0.0008022
17.209860	0.0015357
17.214655	0.0015463
17.219451	0.0002141
17.224247	-0.0020052
17.229044	0.0001297
17.233842	0.0009561
17.238641	0.0002308
17.243441	-0.0006956
17.248241	-0.0013440
17.253042	-0.0002269
17.257843	0.0001114
17.262645	-0.0013427
17.267448	-0.0012462
17.272252	-0.0014064
17.277056	0.0010809
17.281861	-0.0000961
17.286667	-0.0015403
17.291473	-0.0010748
17.296280	-0.0004421
17.301088	-0.0008029
17.305897	0.0018409
17.310706	0.0003362
17.315516	-0.0000316
17.320327	0.0007798
17.325138	-0.0013272
17.329950	-0.0007762
17.334763	0.0006706
17.339576	0.0009704
17.344390	0.0013667
17.349205	0.0000616
17.354021	-0.0006311
17.358837	0.0000665
17.363654	-0.0004941
17.368472	-0.0024114
17.373290	0.0004209
17.378109	0.0008977
17.382929	-0.0009168
17.387749	-0.0004099
17.392571	0.0009793
17.397392	-0.0005623
17.402215	-0.0018151
17.407038	0.0002212
17.411862	0.0008545
17.416687	0.0007968
17.421512	0.0024946
17.426338	0.0003862
17.431165	0.0004522
17.435993	0.0005817
17.440821	0.0002793
17.445650	0.0016516
17.450480	0.0006514
17.455310	-0.0004942
17.460141	-0.0005946
17.464973	-0.0011421
17.469805	-0.0004814
17.474638	0.0006299
17.479472	-0.0002455
17.484306	-0.0010622
17.489142	0.0006759
17.493978	-0.0015960
17.498814	0.0001243
17.503652	0.0001161
17.508490	-0.0005358
17.513328	0.0007653
17.518168	0.0007756
17.523008	-0.0012120
17.527849	-0.0006198
17.532690	0.0007031
17.537533	-0.0007879
17.542376	0.0007702
17.547219	0.0012885
17.552064	0.0002527
17.556909	0.0000829
17.561754	-0.0019772
17.566601	0.0007863
17.571448	-0.0004732
17.576296	0.0001607
17.581144	0.0014784
17.585994	0.0006613
17.590844	0.0008401
17.595694	-0.0001549
17.600546	0.0002175
17.605398	0.0000780
17.610251	-0.0001889
17.615104	-0.0000436
17.619958	-0.0009208
17.624813	-0.0001599
17.629669	-0.0003977
17.634525	0.0009185
17.639382	-0.0004088
17.644240	-0.0025421
17.649098	-0.0014103
17.653957	0.0020594
17.658817	0.0016917
17.663678	-0.0004994
17.668539	-0.0011058
17.673401	0.0006065
17.678263	-0.0005407
17.683127	0.0007994
17.687991	0.0003933
17.692856	0.0003211
17.697721	0.0000818
17.702587	-0.0000384
17.707454	0.0012342
17.712321	0.0012578
17.717190	0.0000906
17.722059	-0.0003228
17.726928	0.0001029
17.731799	0.0002760
17.736670	-0.0014211
17.741541	0.0009443
17.746414	0.0001105
17.751287	0.0012024
17.756161	-0.0013227
17.761035	0.0001033
17.765911	0.0004189
17.770787	-0.0017682
17.775663	-0.0012866
17.780541	0.0004075
17.785419	-0.0003982
17.790298	0.0021635
17.795177	0.0012530
17.800057	0.0007572
17.804938	-0.0006783
17.809820	-0.0007000
17.814702	0.0007029
17.819585	-0.0001074
17.824469	0.0004203
17.829353	0.0003598
17.834238	-0.0009117
17.839124	-0.0002287
17.844010	-0.0001343
17.848898	0.0012849
17.853786	-0.0010086
17.858674	0.0007205
17.863564	-0.0007048
17.868454	-0.0002862
17.873344	0.0006660
17.878236	-0.0013870
17.883128	-0.0006264
17.888021	-0.0000998
17.892914	-0.0016698
17.897808	-0.0012103
17.902703	0.0008304
17.907599	-0.0004650
17.912495	-0.0009854
17.917392	0.0011156
17.922290	-0.0014751
17.927189	-0.0001043
17.932088	-0.0002403
17.936987	0.0012551
17.941888	0.0003094
17.946789	-0.0001051
17.951691	0.0004130
17.956594	-0.0010781
17.961497	0.0005930
17.966401	0.0008261
17.971306	0.0005030
17.976212	0.0001503
17.981118	0.0014814
17.986025	0.0013979
17.990932	-0.0004021
17.995840	-0.0004832
18.000749	-0.0009035
18.005659	0.0006876
18.010570	-0.0015828
18.015481	0.0008661
18.020392	0.0003231
18.025305	0.0001503
18.030218	-0.0011099
18.035132	0.0011789
18.040047	-0.0013174
18.044962	0.0001780
18.049878	-0.0006684
18.054795	0.0006147
18.059712	0.0002814
18.064630	-0.0002109
18.069549	0.0006226
18.074468	-0.0013396
18.079389	-0.0002789
18.084310	0.0009974
18.089231	0.0005697
18.094154	0.0018897
18.099077	0.0011487
18.104000	0.0006854
18.108925	-0.0000361
18.113850	-0.0008301
18.118776	-0.0015780
18.123702	0.0003169
18.128629	-0.0014713
18.133557	-0.0009648
18.138486	-0.0010697
18.143415	-0.0002606
18.148345	0.0018043
18.153276	0.0001603
18.158208	-0.0005926
18.163140	0.0015867
18.168073	-0.0001240
18.173006	-0.0017239
18.177941	-0.0006775
18.182875	0.0020171
18.187811	-0.0013911
18.192748	0.0001832
18.197685	-0.0012385
18.202622	-0.0016760
18.207561	0.0014583
18.212500	-0.0010091
18.217440	-0.0003446
18.222381	0.0002688
18.227322	0.0015860
18.232264	-0.0010812
18.237207	-0.0014162
18.242150	-0.0013995
18.247094	0.0008139
18.252039	-0.0012473
18.256984	-0.0005783
18.261931	-0.0005302
18.266877	-0.0003460
18.271825	0.0001033
18.276773	0.0014820
18.281722	0.0004187
18.286672	0.0014097
18.291623	-0.0015818
18.296574	-0.0012880
18.301525	-0.0005280
18.306478	-0.0002188
18.311431	-0.0001840
18.316385	-0.0010021
18.321340	-0.0002313
18.326295	-0.0021912
18.331251	-0.0009831
18.336208	0.0000297
18.341165	-0.0000643
18.346124	0.0007262
18.351082	0.0003883
18.356042	0.0004438
18.361002	-0.0010326
18.365963	0.0003372
18.370925	0.0007460
18.375887	-0.0020989
18.380850	0.0026617
18.385814	0.0001577
18.390778	0.0012966
18.395744	-0.0005496
18.400710	0.0010931
18.405676	0.0001804
18.410643	-0.0005598
18.415611	0.0010385
18.420580	0.0007555
18.425549	0.0021036
18.430520	-0.0010683
18.435490	0.0027122
18.440462	0.0011602
18.445434	0.0008142
18.450407	0.0003161
18.455380	0.0020918
18.460355	-0.0013079
18.465330	0.0002378
18.470305	-0.0006595
18.475282	-0.0003571
18.480259	-0.0001809
18.485237	-0.0002565
18.490215	0.0009014
18.495195	0.0004293
18.500174	-0.0005582
18.505155	0.0019987
18.510136	0.0007040
18.515118	0.0001006
18.520101	-0.0003283
18.525085	0.0000477
18.530069	-0.0022922
18.535054	-0.0006489
18.540039	-0.0008846
18.545025	0.0020663
18.550012	0.0004330
18.555000	0.0006670
18.559988	-0.0008630
18.564977	-0.0005421
18.569967	-0.0008589
18.574958	0.0011615
18.579949	0.0002791
18.584941	0.0013608
18.589933	-0.0013562
18.594926	0.0017219
18.599920	-0.0004885
18.604915	-0.0003828
18.609910	0.0022316
18.614907	0.0007728
18.619903	-0.0013888
18.624901	0.0017730
18.629899	0.0008712
18.634898	0.0019977
18.639897	-0.0010859
18.644898	0.0003499
18.649899	-0.0001220
18.654900	0.0009793
18.659903	0.0000644
18.664906	0.0017470
18.669910	-0.0004012
18.674914	-0.0005329
18.679920	-0.0004743
18.684925	-0.0016579
18.689932	-0.0003314
18.694939	-0.0004480
18.699947	0.0013649
18.704956	-0.0010510
18.709966	0.0014256
18.714976	-0.0008912
18.719986	0.0006671
18.724998	-0.0010767
18.730010	-0.0002428
18.735023	-0.0006504
18.740037	0.0002018
18.745051	0.0025984
18.750066	-0.0000389
18.755082	-0.0013426
18.760098	0.0007247
18.765116	-0.0000303
18.770133	-0.0016492
18.775152	-0.0007333
18.780171	0.0012501
18.785191	-0.0020336
18.790212	-0.0011601
18.795233	-0.0000013
18.800255	-0.0003629
18.805278	0.0002795
18.810301	-0.0007018
18.815326	-0.0007792
18.820351	0.0013447
18.825376	0.0007678
18.830402	0.0018689
18.835429	-0.0006844
18.840457	0.0004854
18.845485	0.0006358
18.850515	0.0018773
18.855544	0.0008927
18.860575	-0.0005294
18.865606	-0.0016449
18.870638	-0.0001248
18.875671	-0.0002520
18.880704	-0.0014110
18.885738	0.0004249
18.890773	-0.0011228
18.895808	0.0003414
18.900844	-0.0009663
18.905881	0.0006210
18.910918	0.0009417
18.915957	-0.0018960
18.920996	-0.0003153
18.926035	0.0011323
18.931075	-0.0006427
18.936117	-0.0020403
18.941158	0.0002167
18.946201	0.0007445
18.951244	0.0001057
18.956288	-0.0000086
18.961332	0.0022109
18.966377	0.0018252
18.971423	0.0002135
18.976470	0.0002389
18.981517	0.0005858
18.986565	-0.0000964
18.991614	0.0000267
18.996664	0.0011925
19.001714	0.0018110
19.006765	0.0008093
19.011816	0.0004321
19.016869	-0.0009928
19.021922	0.0010067
19.026975	-0.0004108
19.032030	-0.0001009
19.037085	0.0004714
19.042140	-0.0011567
19.047197	-0.0008449
19.052254	-0.0000105
19.057312	-0.0007379
19.062371	-0.0005664
19.067430	-0.0010179
19.072490	0.0014361
19.077551	-0.0013547
19.082612	0.0003779
19.087674	-0.0004505
19.092737	0.0006688
19.097800	0.0014188
19.102865	-0.0005252
19.107930	-0.0007395
19.112995	0.0007919
19.118061	-0.0014120
19.123128	-0.0007303
19.128196	0.0001306
19.133265	-0.0000890
19.138334	0.0002397
19.143404	0.0011545
19.148474	0.0003914
19.153545	-0.0005850
19.158617	0.0008564
19.163690	-0.0005903
19.168763	0.0001047
19.173837	-0.0016605
19.178912	0.0013184
19.183987	-0.0013173
19.189064	0.0015385
19.194141	0.0003784
19.199218	0.0006472
19.204296	-0.0002803
19.209375	-0.0012141
19.214455	0.0000960
19.219535	-0.0009145
19.224616	0.0000776
19.229698	-0.0001958
19.234781	0.0004746
19.239864	0.0011577
19.244948	0.0005355
19.250032	-0.0006457
19.255118	0.0006086
19.260204	0.0005667
19.265290	0.0011337
19.270378	0.0009876
19.275466	0.0003369
19.280554	-0.0009739
19.285644	-0.0012488
19.290734	0.0013564
19.295825	-0.0008618
19.300917	0.0001987
19.306009	0.0004391
19.311102	-0.0010380
19.316196	0.0000379
19.321290	-0.0018401
19.326385	0.0000082
19.331481	-0.0010445
19.336578	-0.0007866
19.341675	-0.0009094
19.346773	-0.0004290
19.351871	-0.0012733
19.356971	0.0001431
19.362071	0.0025475
19.367171	-0.0000316
19.372273	-0.0003841
19.377375	0.0007382
19.382478	-0.0007913
19.387581	-0.0004369
19.392686	-0.0008303
19.397791	-0.0003723
19.402896	0.0010962
19.408003	0.0024585
19.413110	0.0003032
19.418217	-0.0017190
19.423326	-0.0006019
19.428435	-0.0008802
19.433545	0.0022772
19.438655	-0.0008536
19.443767	0.0003313
19.448879	-0.0009412
19.453991	-0.0006265
19.459105	0.0000118
19.464219	-0.0009095
19.469334	0.0001128
19.474449	-0.0000287
19.479565	-0.0010357
19.484682	0.0006582
19.489800	0.0001948
19.494918	-0.0004668
19.500037	0.0007194
19.505157	0.0002559
19.510277	-0.0003790
19.515398	-0.0013164
19.520520	-0.0016955
19.525643	-0.0008313
19.530766	0.0011331
19.535890	-0.0014464
19.541014	-0.0019462
19.546140	0.0009986
19.551266	0.0004685
19.556392	-0.0017091
19.561520	0.0000758
19.566648	-0.0000582
19.571777	0.0009713
19.576906	0.0000656
19.582037	-0.0025359
19.587168	-0.0012219
19.592299	0.0001374
19.597432	0.0000741
19.602565	0.0004360
19.607698	0.0020153
19.612833	0.0005331
19.617968	0.0008749
19.623104	0.0001367
19.628240	-0.0012679
19.633378	-0.0017924
19.638516	0.0019883
19.643654	-0.0006706
19.648794	0.0012029
19.653934	-0.0004588
19.659074	0.0007082
19.664216	0.0010976
19.669358	-0.0005292
19.674501	-0.0003602
19.679645	-0.0001913
19.684789	0.0020568
19.689934	-0.0007471
19.695080	0.0007920
19.700226	0.0009912
19.705373	-0.0022871
19.710521	-0.0012652
19.715669	0.0000130
19.720818	0.0001618
19.725968	-0.0000147
19.731119	-0.0006169
19.736270	0.0009734
19.741422	0.0009544
19.746575	0.0004730
19.751728	-0.0014395
19.756883	0.0009802
19.762037	-0.0014342
19.767193	0.0022318
19.772349	0.0000450
19.777506	-0.0015984
19.782664	0.0005629
19.787822	0.0001486
19.792981	0.0011330
19.798141	0.0003921
19.803301	-0.0017702
19.808462	-0.0001132
19.813624	-0.0014840
19.818787	0.0001386
19.823950	-0.0002171
19.829114	0.0011899
19.834279	-0.0000519
19.839444	-0.0008156
19.844610	-0.0000715
19.849777	-0.0006285
19.854944	-0.0009342
19.860112	-0.0012915
19.865281	-0.0002071
19.870451	0.0013656
19.875621	-0.0004245
19.880792	-0.0014341
19.885964	-0.0000323
19.891136	0.0017119
19.896309	0.0016554
19.901483	0.0001823
19.906658	0.0009880
19.911833	-0.0006906
19.917009	-0.0000223
19.922185	0.0006779
19.927362	0.0007969
19.932540	0.0004769
19.937719	0.0002577
19.942899	0.0001593
19.948079	0.0003892
19.953260	-0.0003794
19.958441	0.0001148
19.963623	0.0008857
19.968806	0.0026293
19.973990	0.0013548
19.979174	0.0018557
19.984359	-0.0006032
19.989545	-0.0012406
19.994731	-0.0008527
19.999918	0.0003075
20.005106	0.0006886
20.010295	0.0007995
20.015484	-0.0012038
20.020674	0.0009951
20.025865	-0.0005231
20.031056	-0.0002958
20.036248	-0.0001617
20.041441	0.0009003
20.046634	0.0017399
20.051828	-0.0005821
20.057023	0.0000888
20.062219	0.0000577
20.067415	-0.0004469
20.072612	0.0003624
20.077810	-0.0015762
20.083008	0.0024020
20.088207	0.0005930
20.093407	0.0004319
20.098607	-0.0013487
20.103808	-0.0005243
20.109010	-0.0008197
20.114213	-0.0010854
20.119416	0.0002093
20.124620	0.0001278
20.129825	0.0009116
20.135030	0.0001249
20.140236	-0.0006109
20.145443	-0.0004682
20.150651	0.0008494
20.155859	0.0020937
20.161068	0.0011634
20.166277	-0.0007242
20.171488	-0.0001032
20.176699	-0.0008802
20.181910	0.0004659
20.187123	-0.0001520
20.192336	-0.0012222
20.197550	0.0020065
20.202764	0.0015663
20.207980	-0.0000455
20.213196	0.0002086
20.218412	0.0009065
20.223629	-0.0016424
20.228848	-0.0002215
20.234066	0.0001994
20.239286	0.0001589
20.244506	0.0000508
20.249727	0.0005848
20.254948	0.0003489
20.260170	-0.0007244
20.265393	-0.0008304
20.270617	-0.0002669
20.275841	-0.0000821
20.281066	0.0003178
20.286292	0.0008845
20.291519	0.0003921
20.296746	0.0001615
20.301974	0.0004682
20.307202	-0.0015235
20.312432	-0.0010369
20.317662	0.0000370
20.322892	0.0010325
20.328124	0.0004072
20.333356	0.0002240
20.338589	-0.0008141
20.343822	-0.0002849
20.349056	0.0001295
20.354291	0.0023416
20.359527	-0.0001970
20.364763	-0.0004626
20.370000	0.0012279
20.375238	-0.0007469
20.380476	0.0000466
20.385715	0.0013990
20.390955	-0.0003643
20.396196	0.0012731
20.401437	0.0017629
20.406679	-0.0002733
20.411921	0.0002484
20.417165	-0.0006733
20.422409	0.0009739
20.427653	-0.0007070
20.432899	-0.0011664
20.438145	-0.0005718
20.443392	0.0003981
20.448639	-0.0005501
20.453888	0.0007268
20.459136	0.0011888
20.464386	-0.0012426
20.469636	0.0009048
20.474888	0.0016962
20.480139	0.0008838
20.485392	0.0013513
20.490645	-0.0010487
20.495899	0.0001150
20.501153	-0.0006495
20.506409	0.0002119
20.511665	0.0000838
20.516921	0.0009256
20.522179	0.0000205
20.527437	-0.0014490
20.532695	-0.0005576
20.537955	0.0006635
20.543215	0.0001084
20.548476	-0.0003184
20.553738	0.0001737
20.559000	0.0003169
20.564263	-0.0004785
20.569526	0.0004131
20.574791	-0.0006545
20.580056	-0.0001255
20.585322	-0.0005987
20.590588	0.0005401
20.595855	-0.0018485
20.601123	0.0002931
20.606392	0.0003197
20.611661	-0.0009845
20.616931	0.0006670
20.622202	0.0004702
20.627473	-0.0001632
20.632746	0.0009268
20.638018	-0.0004926
20.643292	-0.0005063
20.648566	0.0008096
20.653841	-0.0008783
20.659117	-0.0003473
20.664393	-0.0003013
20.669670	-0.0006023
20.674948	0.0009225
20.680226	-0.0013902
20.685505	0.0017686
20.690785	-0.0008431
20.696066	-0.0006181
20.701347	-0.0003275
20.706629	-0.0006746
20.711912	0.0000192
20.717195	0.0000757
20.722479	-0.0001919
20.727764	0.0019749
20.733049	0.0012189
20.738335	0.0000088
20.743622	-0.0021522
20.748910	-0.0005249
20.754198	0.0000620
20.759487	0.0010014
20.764777	0.0001226
20.770067	-0.0016302
20.775358	0.0006578
20.780650	-0.0000118
20.785943	0.0004901
20.791236	0.0017254
20.796530	0.0010241
20.801824	-0.0003218
20.807120	0.0002359
20.812416	0.0001696
20.817712	0.0005139
20.823010	0.0000263
20.828308	0.0009405
20.833607	0.0015318
20.838906	-0.0016616
20.844206	0.0008399
20.849507	-0.0003888
20.854809	-0.0011144
20.860111	0.0006425
20.865414	0.0008259
20.870718	-0.0006007
20.876022	-0.0004057
20.881328	0.0010153
20.886633	-0.0000883
20.891940	-0.0018131
20.897247	-0.0012372
20.902555	-0.0004360
20.907864	0.0002256
20.913173	0.0002216
20.918483	0.0000721
20.923794	-0.0012342
20.929105	0.0015561
20.934418	-0.0008437
20.939730	-0.0018124
20.945044	0.0004362
20.950358	0.0008358
20.955673	0.0016484
20.960989	-0.0016246
20.966305	0.0006727
20.971622	0.0009509
20.976940	-0.0003467
20.982259	0.0002863
20.987578	-0.0007058
20.992898	0.0003894
20.998218	-0.0005246
21.003540	-0.0026375
21.008861	0.0006561
21.014184	-0.0000606
21.019508	0.0014518
21.024832	-0.0000899
21.030156	0.0012108
21.035482	0.0000719
21.040808	-0.0001804
21.046135	0.0010729
21.051463	-0.0017695
21.056791	-0.0012779
21.062120	-0.0003962
21.067450	0.0002711
21.072780	0.0004007
21.078111	0.0020828
21.083443	-0.0004876
21.088776	0.0015180
21.094109	0.0013880
21.099443	-0.0003931
21.104777	-0.0006545
21.110113	-0.0008054
21.115449	-0.0005243
21.120786	-0.0003498
21.126123	0.0010321
21.131461	-0.0011306
21.136800	0.0017707
21.142140	0.0011497
21.147480	0.0007456
21.152821	-0.0003766
21.158162	0.0007101
21.163505	0.0002866
21.168848	-0.0011137
21.174192	0.0012755
21.179536	0.0004230
21.184881	0.0008017
21.190227	-0.0011060
21.195574	-0.0001603
21.200921	0.0019053
21.206269	-0.0003021
21.211618	0.0001020
21.216967	0.0015742
21.222317	0.0018364
21.227668	-0.0004167
21.233019	-0.0005637
21.238372	0.0005594
21.243724	-0.0002657
21.249078	-0.0006337
21.254432	0.0003655
21.259787	0.0006926
21.265143	-0.0005665
21.270499	-0.0010847
21.275857	0.0004266
21.281214	0.0003441
21.286573	-0.0006174
21.291932	-0.0003364
21.297292	-0.0008649
21.302653	-0.0015106
21.308014	-0.0000584
21.313376	-0.0002912
21.318739	0.0003080
21.324102	0.0003617
21.329466	-0.0007003
21.334831	0.0010125
21.340197	-0.0024589
21.345563	0.0009660
21.350930	0.0014257
21.356298	-0.0008092
21.361666	0.0007805
21.367035	-0.0005450
21.372405	-0.0014000
21.377775	-0.0016787
21.383146	0.0009177
21.388518	-0.0017808
21.393891	-0.0009839
21.399264	-0.0008699
21.404638	0.0004221
21.410013	0.0019153
21.415388	-0.0006639
21.420764	0.0018757
21.426141	0.0006913
21.431518	-0.0008864
21.436897	0.0014270
21.442275	-0.0009466
21.447655	0.0012390
21.453035	-0.0007692
21.458416	0.0003408
21.463798	-0.0001402
21.469180	-0.0010368
21.474564	-0.0006783
21.479947	-0.0006222
21.485332	-0.0004934
21.490717	-0.0011646
21.496103	-0.0001512
21.501490	0.0006873
21.506877	-0.0004684
21.512265	-0.0003389
21.517654	0.0002035
21.523043	0.0003802
21.528433	-0.0007419
21.533824	-0.0011177
21.539215	-0.0007666
21.544608	0.0027726
21.550001	0.0000402
21.555394	-0.0004871
21.560789	0.0010344
21.566184	0.0003774
21.571579	0.0019616
21.576976	-0.0010911
21.582373	-0.0002385
21.587771	0.0008498
21.593169	0.0005372
21.598569	-0.0007012
21.603969	-0.0008785
21.609369	0.0001712
21.614771	0.0006678
21.620173	-0.0028173
21.625575	-0.0004529
21.630979	-0.0001083
21.636383	0.0000443
21.641788	0.0015495
21.647194	-0.0000983
21.652600	-0.0010705
21.658007	0.0001740
21.663415	0.0001931
21.668823	-0.0005539
21.674232	0.0006171
21.679642	0.0008789
21.685052	-0.0005532
21.690463	0.0003030
21.695875	0.0001241
21.701288	0.0001283
21.706701	-0.0009223
21.712115	0.0005652
21.717530	-0.0002848
21.722945	-0.0008681
21.728362	0.0011294
21.733778	0.0004213
21.739196	-0.0009070
21.744614	-0.0014525
21.750033	-0.0006587
21.755453	0.0002834
21.760873	0.0019604
21.766294	-0.0008941
21.771716	-0.0011594
21.777138	-0.0006030
21.782561	0.0006965
21.787985	0.0004868
21.793410	-0.0002319
21.798835	0.0014079
21.804261	0.0004765
21.809688	-0.0018236
21.815115	0.0016334
21.820543	-0.0009096
21.825972	0.0004551
21.831401	-0.0011789
21.836831	-0.0005452
21.842262	-0.0004696
21.847694	0.0008877
21.853126	-0.0016031
21.858559	0.0012257
21.863993	0.0007038
21.869427	0.0011195
21.874862	0.0003085
21.880298	0.0007429
21.885734	0.0002768
21.891172	-0.0010581
21.896609	-0.0003516
21.902048	-0.0000768
21.907487	-0.0018289
21.912927	0.0010715
21.918368	0.0002662
21.923809	0.0000522
21.929251	0.0007719
21.934694	-0.0005147
21.940138	-0.0031858
21.945582	-0.0021110
21.951027	0.0011528
21.956473	0.0004636
21.961919	0.0001353
21.967366	0.0003375
21.972814	-0.0011069
21.978262	0.0001223
21.983711	-0.0015529
21.989161	-0.0006186
21.994611	0.0006549
22.000063	0.0008452
22.005515	0.0001583
22.010967	-0.0003310
22.016421	-0.0019783
22.021875	0.0028280
22.027329	0.0000168
22.032785	0.0002841
22.038241	0.0005028
22.043698	-0.0012887
22.049155	-0.0013076
22.054614	0.0007619
22.060073	-0.0005000
22.065532	-0.0022440
22.070993	-0.0023771
22.076454	-0.0000268
22.081916	-0.0015184
22.087378	0.0001593
22.092841	-0.0012987
22.098305	0.0013776
22.103770	0.0007744
22.109235	0.0006305
22.114701	-0.0012479
22.120168	-0.0012016
22.125635	-0.0004397
22.131103	-0.0018554
22.136572	-0.0020766
22.142041	0.0004018
22.147512	-0.0007365
22.152982	-0.0006126
22.158454	-0.0009798
22.163926	-0.0003455
22.169399	0.0028237
22.174873	-0.0009016
22.180347	-0.0007173
22.185823	-0.0005443
22.191298	-0.0022341
22.196775	-0.0013705
22.202252	-0.0002669
22.207730	-0.0004579
22.213209	-0.0003020
22.218688	-0.0018472
22.224168	-0.0002440
22.229649	0.0003360
22.235130	0.0002313
22.240612	0.0015473
22.246095	-0.0005169
22.251579	-0.0002527
22.257063	-0.0015289
22.262548	-0.0002486
22.268034	0.0004330
22.273520	-0.0009559
22.279007	-0.0004231
22.284495	0.0011486
22.289983	-0.0003457
22.295472	-0.0009202
22.300962	-0.0014639
22.306453	0.0011399
22.311944	-0.0019104
22.317436	-0.0019266
22.322929	0.0020886
22.328422	0.0002000
22.333916	0.0004107
22.339411	0.0016307
22.344906	-0.0011412
22.350403	-0.0004409
22.355899	-0.0000468
22.361397	0.0007595
22.366895	0.0002704
22.372394	0.0006509
22.377894	0.0017309
22.383394	-0.0007304
22.388896	-0.0009153
22.394397	0.0012628
22.399900	-0.0008803
22.405403	-0.0002640
22.410907	-0.0008431
22.416412	-0.0008711
22.421917	-0.0017607
22.427423	0.0018953
22.432930	0.0013215
22.438437	-0.0009881
22.443945	-0.0005673
22.449454	-0.0018640
22.454964	0.0003468
22.460474	0.0010540
22.465985	0.0018943
22.471496	0.0005044
22.477009	-0.0007611
22.482522	0.0013966
22.488036	-0.0004261
22.493550	0.0007630
22.499065	-0.0002660
22.504581	0.0002027
22.510098	-0.0015153
22.515615	0.0007456
22.521133	-0.0002820
22.526651	0.0010951
22.532171	0.0001591
22.537691	-0.0011222
22.543212	0.0007592
22.548733	-0.0001952
22.554255	-0.0016606
22.559778	-0.0008431
22.565302	-0.0004300
22.570826	0.0003447
22.576351	0.0011819
22.581877	0.0005393
22.587403	0.0008972
22.592930	0.0010462
22.598458	0.0008423
22.603986	-0.0012588
22.609516	0.0002507
22.615046	0.0015217
22.620576	0.0001614
22.626107	-0.0006904
22.631640	-0.0003057
22.637172	-0.0005199
22.642706	-0.0003655
22.648240	-0.0004585
22.653775	0.0025942
22.659310	0.0012799
22.664846	0.0002499
22.670383	0.0008797
22.675921	0.0002795
22.681459	0.0017102
22.686998	0.0007118
22.692538	-0.0009180
22.698078	0.0000222
22.703620	-0.0010843
22.709161	-0.0006422
22.714704	0.0015610
22.720247	-0.0015911
22.725791	-0.0007451
22.731336	0.0003110
22.736881	0.0004174
22.742427	0.0009432
22.747974	-0.0012128
22.753521	0.0012053
22.759070	-0.0009218
22.764618	0.0003652
22.770168	-0.0004923
22.775718	0.0019065
22.781269	-0.0010454
22.786821	-0.0008621
22.792373	0.0001733
22.797926	-0.0001684
22.803480	-0.0007546
22.809035	-0.0003650
22.814590	0.0019076
22.820146	-0.0004082
22.825702	0.0005333
22.831260	0.0001027
22.836818	-0.0026852
22.842376	0.0003115
22.847936	-0.0011358
22.853496	-0.0007145
22.859057	-0.0006648
22.864618	0.0005895
22.870180	-0.0005594
22.875743	0.0017855
22.881307	0.0005367
22.886871	-0.0012925
22.892436	-0.0000023
22.898002	0.0016829
22.903568	-0.0003142
22.909135	-0.0006355
22.914703	-0.0003190
22.920272	0.0009290
22.925841	0.0002765
22.931411	-0.0001870
22.936982	-0.0009758
22.942553	-0.0000853
22.948125	-0.0010270
22.953698	-0.0024337
22.959271	0.0008466
22.964845	0.0010164
22.970420	-0.0009183
22.975996	0.0006923
22.981572	-0.0001324
22.987149	0.0009208
22.992727	-0.0010067
22.998305	0.0003813
23.003884	-0.0011499
23.009464	-0.0009892
23.015044	-0.0007366
23.020626	0.0010053
23.026207	0.0001686
23.031790	-0.0023568
23.037373	0.0006368
23.042957	-0.0005248
23.048542	-0.0002010
23.054127	-0.0004806
23.059713	-0.0021614
23.065300	-0.0007550
23.070888	-0.0007526
23.076476	-0.0011096
23.082065	-0.0004787
23.087654	0.0008450
23.093245	0.0009938
23.098836	0.0002017
23.104428	0.0001162
23.110020	0.0014006
23.115613	0.0008951
23.121207	-0.0001806
23.126801	-0.0013280
23.132397	0.0003984
23.137993	-0.0014809
23.143589	-0.0016153
23.149187	0.0000826
23.154785	-0.0003566
23.160383	-0.0003285
23.165983	-0.0018017
23.171583	-0.0011371
23.177184	0.0007964
23.182785	0.0001069
23.188388	0.0016835
23.193990	0.0004219
23.199594	-0.0007802
23.205198	-0.0004906
23.210804	0.0005780
23.216409	0.0009100
23.222016	-0.0007468
23.227623	0.0019828
23.233231	0.0002809
23.238839	0.0006199
23.244449	0.0008866
23.250059	-0.0002814
23.255669	-0.0009211
23.261281	0.0015440
23.266893	-0.0001308
23.272506	0.0002309
23.278119	-0.0004399
23.283733	0.0007839
23.289348	0.0006736
23.294964	0.0010815
23.300580	-0.0003170
23.306197	0.0000981
23.311815	-0.0001138
23.317433	0.0002722
23.323052	-0.0000487
23.328672	-0.0002522
23.334293	0.0002442
23.339914	0.0009146
23.345536	-0.0018097
23.351158	-0.0002603
23.356782	-0.0003244
23.362406	0.0003105
23.368030	0.0004127
23.373656	-0.0003221
23.379282	0.0014381
23.384909	0.0011596
23.390536	0.0009290
23.396164	-0.0004688
23.401793	-0.0005804
23.407423	0.0003451
23.413053	0.0007921
23.418684	0.0017332
23.424316	0.0002887
23.429949	-0.0004414
23.435582	0.0002884
23.441216	0.0003097
23.446850	0.0009747
23.452486	0.0000538
23.458121	-0.0009436
23.463758	0.0010064
23.469396	0.0009899
23.475034	-0.0006549
23.480672	0.0002801
23.486312	-0.0013283
23.491952	-0.0001188
23.497593	-0.0006326
23.503234	0.0005832
23.508877	0.0001011
23.514520	0.0000391
23.520163	0.0009758
23.525808	0.0003092
23.531453	0.0007407
23.537099	0.0007242
23.542745	0.0000940
23.548392	-0.0000558
23.554040	-0.0000288
23.559689	-0.0013148
23.565338	-0.0014790
23.570988	0.0008817
23.576639	-0.0001111
23.582290	-0.0004919
23.587942	-0.0002126
23.593595	0.0002196
23.599249	0.0001349
23.604903	0.0005492
23.610558	-0.0010464
23.616214	-0.0009852
23.621870	-0.0004160
23.627527	0.0000659
23.633185	-0.0003665
23.638843	0.0009917
23.644502	-0.0003120
23.650162	0.0003088
23.655823	0.0002757
23.661484	-0.0007801
23.667146	-0.0005422
23.672809	-0.0005203
23.678472	0.0000534
23.684136	-0.0003931
23.689801	-0.0001813
23.695466	-0.0005981
23.701132	0.0004136
23.706799	0.0003032
23.712467	-0.0003847
23.718135	-0.0007550
23.723804	-0.0012819
23.729474	0.0007162
23.735144	-0.0020465
23.740815	0.0012632
23.746487	-0.0006171
23.752159	-0.0009271
23.757833	-0.0014722
23.763507	-0.0011570
23.769181	-0.0018375
23.774856	-0.0001065
23.780532	0.0003258
23.786209	-0.0029810
23.791887	-0.0017068
23.797565	-0.0014633
23.803244	0.0007754
23.808923	-0.0007909
23.814603	-0.0013485
23.820284	-0.0003650
23.825966	0.0007953
23.831648	0.0002198
23.837331	-0.0018293
23.843015	0.0017650
23.848699	0.0011039
23.854384	-0.0001474
23.860070	-0.0008581
23.865757	-0.0000311
23.871444	0.0002392
23.877132	0.0001282
23.882821	-0.0001760
23.888510	0.0024225
23.894200	-0.0013665
23.899891	-0.0013734
23.905582	0.0022064
23.911274	0.0001280
23.916967	0.0017670
23.922661	0.0010920
23.928355	0.0011754
23.934050	-0.0002753
23.939746	-0.0010859
23.945442	0.0009308
23.951139	0.0003103
23.956837	0.0002416
23.962535	-0.0007684
23.968235	0.0009866
23.973934	-0.0011124
23.979635	-0.0001243
23.985336	0.0009883
23.991038	-0.0003269
23.996741	-0.0017571
24.002444	-0.0020058
24.008148	-0.0006310
24.013853	-0.0009057
24.019559	-0.0018686
24.025265	-0.0004251
24.030972	0.0013435
24.036680	0.0012113
24.042388	-0.0006418
24.048097	-0.0006691
24.053807	0.0005143
24.059517	0.0003436
24.065228	0.0028674
24.070940	-0.0017501
24.076652	0.0015240
24.082366	0.0017479
24.088080	0.0002900
24.093794	0.0001595
24.099510	-0.0011425
24.105226	0.0000049
24.110942	-0.0020459
24.116660	0.0011855
24.122378	0.0020152
24.128097	0.0008436
24.133816	0.0001761
24.139537	-0.0004775
24.145258	-0.0000130
24.150979	0.0015656
24.156702	0.0001840
24.162425	-0.0017601
24.168148	-0.0004364
24.173873	-0.0007627
24.179598	-0.0002687
24.185324	-0.0007757
24.191050	-0.0023014
24.196778	0.0001967
24.202506	0.0017772
24.208234	-0.0007032
24.213964	0.0005156
24.219694	0.0011730
24.225425	-0.0007528
24.231156	0.0025650
24.236888	0.0000483
24.242621	0.0000545
24.248355	-0.0012424
24.254089	-0.0000249
24.259824	0.0002173
24.265560	0.0007034
24.271296	0.0002532
24.277033	-0.0007517
24.282771	-0.0000411
24.288510	-0.0011148
24.294249	0.0004491
24.299989	0.0015800
24.305729	-0.0008432
24.311471	-0.0002485
24.317213	-0.0008549
24.322956	-0.0015631
24.328699	0.0007107
24.334443	0.0003482
24.340188	-0.0001347
24.345933	0.0003488
24.351680	-0.0001900
24.357427	-0.0007955
24.363174	0.0000522
24.368923	-0.0006463
24.374672	-0.0007197
24.380421	0.0006513
24.386172	-0.0000978
24.391923	0.0004227
24.397675	0.0001755
24.403427	-0.0009052
24.409181	-0.0006675
24.414935	-0.0011332
24.420689	0.0012298
24.426445	0.0009002
24.432201	-0.0008528
24.437958	-0.0000089
24.443715	0.0004692
24.449473	0.0008624
24.455232	-0.0006912
24.460992	-0.0011595
24.466752	-0.0001847
24.472513	0.0007404
24.478275	-0.0013845
24.484037	0.0004372
24.489800	0.0000192
24.495564	0.0005657
24.501328	0.0021169
24.507094	-0.0004385
24.512860	0.0003588
24.518626	0.0000490
24.524394	-0.0006241
24.530162	0.0017316
24.535930	0.0006742
24.541700	-0.0013730
24.547470	0.0009230
24.553241	-0.0005501
24.559012	-0.0005499
24.564784	0.0016760
24.570557	0.0011561
24.576331	0.0003833
24.582105	-0.0013123
24.587880	0.0000257
24.593656	0.0011629
24.599433	-0.0009030
24.605210	-0.0008357
24.610988	0.0002023
24.616766	-0.0000894
24.622545	0.0000130
24.628325	0.0002993
24.634106	-0.0002604
24.639887	-0.0016871
24.645669	-0.0004872
24.651452	0.0006361
24.657236	-0.0007579
24.663020	-0.0008513
24.668805	-0.0002528
24.674590	0.0000732
24.680376	-0.0010385
24.686163	-0.0004106
24.691951	0.0000749
24.697740	-0.0000869
24.703529	0.0000589
24.709318	-0.0011539
24.715109	0.0005290
24.720900	-0.0018558
24.726692	0.0009451
24.732485	0.0004141
24.738278	-0.0005356
24.744072	-0.0007697
24.749867	0.0017204
24.755662	0.0001657
24.761458	0.0002936
24.767255	-0.0005898
24.773052	0.0012451
24.778851	0.0022241
24.784650	0.0012479
24.790449	-0.0005849
24.796250	0.0007198
24.802051	-0.0007661
24.807852	-0.0000601
24.813655	0.0003113
24.819458	-0.0016744
24.825262	0.0012269
24.831066	-0.0007726
24.836871	0.0003135
24.842677	-0.0021579
24.848484	-0.0024005
24.854291	0.0005862
24.860099	0.0002933
24.865908	-0.0003193
24.871718	0.0010518
24.877528	0.0005845
24.883339	0.0013115
24.889150	0.0005488
24.894963	-0.0020223
24.900776	0.0002446
24.906589	-0.0008097
24.912404	0.0007577
24.918219	-0.0001885
24.924034	0.0000738
24.929851	-0.0013780
24.935668	0.0004231
24.941486	0.0009657
24.947305	0.0003562
24.953124	0.0012447
24.958944	-0.0007029
24.964765	-0.0000958
24.970586	0.0008030
24.976408	-0.0012830
24.982231	-0.0003866
24.988054	0.0006684
24.993879	0.0010378
24.999703	-0.0003959
25.005529	0.0013973
25.011355	-0.0010904
25.017182	-0.0007618
25.023010	0.0000192
25.028839	-0.0004881
25.034668	0.0004288
25.040497	-0.0007621
25.046328	0.0012666
25.052159	-0.0003292
25.057991	0.0011544
25.063824	0.0001772
25.069657	-0.0008045
25.075491	-0.0008081
25.081326	0.0008526
25.087161	-0.0013575
25.092998	-0.0009947
25.098834	0.0015807
25.104672	0.0010491
25.110510	0.0003060
25.116349	-0.0027288
25.122189	-0.0009948
25.128029	0.0003480
25.133870	-0.0017062
25.139712	0.0006803
25.145554	-0.0005934
25.151398	0.0017288
25.157242	0.0014905
25.163086	-0.0001747
25.168931	-0.0003270
25.174777	0.0005568
25.180624	0.0013283
25.186471	-0.0016202
25.192319	-0.0004255
25.198168	-0.0009120
25.204018	-0.0000732
25.209868	-0.0010797
25.215719	0.0007091
25.221570	0.0007831
25.227423	-0.0008005
25.233276	0.0002375
25.239129	0.0012056
25.244984	0.0005714
25.250839	0.0011259
25.256695	-0.0008666
25.262551	-0.0009872
25.268409	0.0011714
25.274266	-0.0004595
25.280125	-0.0025752
25.285984	0.0002957
25.291844	-0.0001580
25.297705	0.0006923
25.303567	-0.0008043
25.309429	-0.0018409
25.315292	0.0000203
25.321155	-0.0000134
25.327019	0.0007592
25.332884	0.0001363
25.338750	-0.0002327
25.344616	0.0006149
25.350483	-0.0007944
25.356351	-0.0008646
25.362220	0.0000672
25.368089	-0.0005622
25.373959	-0.0000362
25.379829	0.0004274
25.385700	0.0009143
25.391572	-0.0011386
25.397445	-0.0003376
25.403318	0.0012862
25.409193	0.0004680
25.415067	0.0005237
25.420943	-0.0003232
25.426819	0.0002968
25.432696	0.0007859
25.438573	-0.0000801
25.444452	0.0000899
25.450331	-0.0014628
25.456210	0.0018390
25.462091	0.0004405
25.467972	-0.0020540
25.473854	-0.0013275
25.479736	0.0003154
25.485619	-0.0001099
25.491503	0.0015197
25.497388	-0.0004248
25.503273	0.0008284
25.509159	-0.0006153
25.515046	0.0006787
25.520934	0.0004766
25.526822	0.0013915
25.532710	-0.0005554
25.538600	0.0015372
25.544490	0.0007919
25.550381	-0.0023105
25.556273	0.0014242
25.562165	0.0003564
25.568058	-0.0006921
25.573952	-0.0009277
25.579846	-0.0007872
25.585742	-0.0007938
25.591637	-0.0001725
25.597534	0.0015788
25.603431	0.0000501
25.609329	0.0001361
25.615228	-0.0003600
25.621127	0.0018453
25.627027	-0.0006733
25.632928	0.0003756
25.638829	0.0010534
25.644732	-0.0013136
25.650635	-0.0013572
25.656538	-0.0009188
25.662442	-0.0014184
25.668347	-0.0013307
25.674253	0.0000522
25.680159	-0.0005335
25.686067	-0.0006290
25.691974	0.0000221
25.697883	0.0009863
25.703792	-0.0000382
25.709702	0.0012429
25.715613	-0.0006874
25.721524	-0.0002439
25.727436	-0.0000387
25.733349	0.0006297
25.739262	-0.0004031
25.745176	0.0009824
25.751091	-0.0011104
25.757006	0.0016837
25.762923	-0.0003423
25.768840	0.0005819
25.774757	-0.0013532
25.780676	-0.0016983
25.786595	-0.0022085
25.792514	-0.0007602
25.798435	-0.0014506
25.804356	-0.0009712
25.810278	0.0006982
25.816200	-0.0004454
25.822123	0.0004399
25.828047	-0.0003849
25.833972	-0.0008779
25.839897	0.0013317
25.845823	-0.0005499
25.851750	-0.0019933
25.857678	0.0005834
25.863606	0.0006569
25.869535	0.0002531
25.875464	-0.0019265
25.881395	-0.0000717
25.887326	-0.0005505
25.893257	-0.0012524
25.899190	0.0005388
25.905123	-0.0000937
25.911056	0.0005560
25.916991	-0.0010758
25.922926	0.0003268
25.928862	0.0014368
25.934799	-0.0012149
25.940736	0.0004970
25.946674	-0.0022397
25.952613	0.0006962
25.958552	-0.0017728
25.964492	-0.0009573
25.970433	-0.0006229
25.976374	0.0005938
25.982317	0.0015992
25.988260	-0.0003687
25.994203	-0.0006045
26.000147	0.0001633
26.006092	-0.0021208
26.012038	-0.0005902
26.017985	-0.0010064
26.023932	-0.0003442
26.029880	-0.0003557
26.035828	0.0000223
26.041777	-0.0004179
26.047727	0.0010638
26.053678	-0.0012243
26.059629	0.0006196
26.065581	-0.0000659
26.071534	-0.0009093
26.077488	0.0012415
26.083442	0.0009898
26.089397	0.0009364
26.095352	0.0012960
26.101308	0.0010586
26.107265	-0.0003630
26.113223	0.0003309
26.119181	-0.0009792
26.125140	0.0000945
26.131100	-0.0026394
26.137061	0.0004536
26.143022	-0.0007628
26.148984	-0.0004978
26.154946	0.0009028
26.160910	-0.0008495
26.166874	-0.0001813
26.172838	0.0008714
26.178804	-0.0008571
26.184770	-0.0003949
26.190736	-0.0005271
26.196704	0.0019350
26.202672	-0.0002193
26.208641	0.0008987
26.214611	-0.0006747
26.220581	-0.0016447
26.226552	-0.0004709
26.232524	0.0006524
26.238496	-0.0008870
26.244469	-0.0001664
26.250443	0.0015724
26.256418	-0.0001570
26.262393	-0.0012670
26.268369	-0.0017826
26.274345	0.0000985
26.280323	0.0013857
26.286301	-0.0001364
26.292279	-0.0007148
26.298259	0.0006083
26.304239	0.0009209
26.310220	-0.0003118
26.316201	-0.0006080
26.322184	-0.0001606
26.328167	-0.0013728
26.334150	-0.0014300
26.340135	-0.0002482
26.346120	0.0001066
26.352105	-0.0006792
26.358092	-0.0008738
26.364079	-0.0005562
26.370067	-0.0002221
26.376056	-0.0011928
26.382045	0.0009537
26.388035	-0.0013146
26.394025	-0.0000126
26.400017	-0.0006021
26.406009	-0.0010345
26.412002	0.0005342
26.417995	0.0009009
26.423989	-0.0012115
26.429984	-0.0002158
26.435980	0.0002098
26.441976	0.0007101
26.447973	0.0002836
26.453971	-0.0015074
26.459969	-0.0005187
26.465968	0.0010396
26.471968	0.0004252
26.477969	0.0002880
26.483970	-0.0005766
26.489972	-0.0015332
26.495974	0.0010815
26.501978	-0.0000825
26.507982	-0.0007837
26.513986	0.0006811
26.519992	-0.0004783
26.525998	0.0007942
26.532005	-0.0001290
26.538012	-0.0004941
26.544021	0.0015218
26.550030	0.0008955
26.556039	0.0019593
26.562050	0.0006837
26.568061	0.0008829
26.574072	-0.0004786
26.580085	0.0014486
26.586098	-0.0008988
26.592112	0.0001259
26.598126	-0.0016987
26.604142	-0.0002600
26.610158	-0.0010777
26.616174	-0.0003975
26.622192	0.0001048
26.628210	-0.0006762
26.634228	-0.0006629
26.640248	0.0009808
26.646268	0.0006950
26.652289	-0.0001216
26.658311	-0.0000412
26.664333	-0.0016865
26.670356	0.0006378
26.676379	-0.0001712
26.682404	0.0024639
26.688429	-0.0005662
26.694455	0.0005499
26.700481	-0.0005028
26.706508	0.0002535
26.712536	-0.0008584
26.718565	-0.0000122
26.724594	-0.0000412
26.730624	0.0020519
26.736655	-0.0006622
26.742686	-0.0004793
26.748719	0.0014725
26.754751	-0.0004660
26.760785	0.0005078
26.766819	-0.0015831
26.772854	-0.0002442
26.778890	-0.0029704
26.784926	0.0001457
26.790963	0.0007604
26.797001	0.0009463
26.803039	-0.0003826
26.809078	-0.0008750
26.815118	0.0002273
26.821159	-0.0002259
26.827200	0.0008508
26.833242	0.0001219
26.839285	0.0001650
26.845328	-0.0002849
26.851372	-0.0006214
26.857417	-0.0009505
26.863462	0.0001085
26.869508	0.0012312
26.875555	-0.0007960
26.881603	-0.0001741
26.887651	-0.0004860
26.893700	-0.0001679
26.899750	-0.0006175
26.905800	0.0003228
26.911851	0.0000418
26.917903	0.0006825
26.923956	0.0005953
26.930009	0.0006743
26.936063	-0.0004549
26.942117	0.0016262
26.948172	0.0004086
26.954228	0.0002154
26.960285	0.0008510
26.966343	-0.0005135
26.972401	0.0005144
26.978459	-0.0003577
26.984519	0.0013153
26.990579	-0.0005084
26.996640	0.0009378
27.002702	-0.0019382
27.008764	-0.0008552
27.014827	0.0009581
27.020891	0.0014710
27.026955	0.0005908
27.033020	0.0011060
27.039086	0.0008520
27.045153	-0.0002925
27.051220	0.0014061
27.057288	-0.0004316
27.063357	0.0004680
27.069426	-0.0022841
27.075496	-0.0005559
27.081567	0.0006964
27.087638	0.0012707
27.093710	0.0001327
27.099783	-0.0003011
27.105857	0.0003670
27.111931	0.0013942
27.118006	-0.0000514
27.124082	0.0012267
27.130158	0.0018243
27.136235	0.0007365
27.142313	0.0005321
27.148391	-0.0014274
27.154470	0.0002488
27.160550	-0.0002932
27.166631	-0.0003860
27.172712	0.0002816
27.178794	0.0012868
27.184877	-0.0006930
27.190960	0.0005284
27.197044	-0.0006789
27.203129	0.0018729
27.209215	-0.0005013
27.215301	-0.0002282
27.221388	-0.0014305
27.227475	-0.0004801
27.233564	0.0003153
27.239653	0.0007376
27.245742	0.0003941
27.251833	-0.0014927
27.257924	0.0007286
27.264016	-0.0015012
27.270108	-0.0016110
27.276202	-0.0002351
27.282296	0.0008266
27.288390	0.0000126
27.294485	-0.0003056
27.300582	0.0000879
27.306678	0.0025104
27.312776	-0.0000614
27.318874	0.0012666
27.324973	-0.0000651
27.331072	0.0022686
27.337172	-0.0005893
27.343273	0.0013522
27.349375	-0.0016836
27.355477	-0.0004941
27.361580	-0.0017253
27.367684	0.0002808
27.373789	-0.0006468
27.379894	0.0003040
27.386000	-0.0009403
27.392106	-0.0007409
27.398214	-0.0004221
27.404322	-0.0000445
27.410430	0.0000733
27.416540	-0.0015529
27.422650	0.0001404
27.428761	-0.0006316
27.434872	-0.0004212
27.440984	-0.0012067
27.447097	0.0001022
27.453211	0.0014857
27.459325	0.0014086
27.465440	0.0008983
27.471556	0.0003049
27.477672	0.0008039
27.483789	-0.0006625
27.489907	0.0003167
27.496026	0.0001539
27.502145	-0.0002944
27.508265	-0.0003360
27.514385	0.0000934
27.520507	0.0007629
27.526629	0.0015756
27.532751	-0.0026012
27.538875	-0.0005408
27.544999	0.0010203
27.551124	-0.0006582
27.557249	0.0014192
27.563376	-0.0012039
27.569502	-0.0016542
27.575630	0.0001296
27.581758	0.0004358
27.587888	0.0005915
27.594017	0.0004321
27.600148	0.0010309
27.606279	0.0001069
27.612411	0.0007868
27.618543	-0.0006589
27.624677	0.0016469
27.630811	-0.0005250
27.636945	-0.0009786
27.643081	-0.0024593
27.649217	0.0009832
27.655353	-0.0001440
27.661491	0.0002998
27.667629	-0.0013258
27.673768	-0.0000645
27.679908	0.0002756
27.686048	0.0005137
27.692189	-0.0001492
27.698330	-0.0005173
27.704473	-0.0008008
27.710616	0.0013864
27.716760	-0.0002798
27.722904	-0.0008047
27.729049	-0.0009555
27.735195	-0.0005580
27.741342	-0.0002991
27.747489	-0.0009363
27.753637	-0.0002822
27.759786	-0.0013824
27.765935	-0.0001266
27.772086	-0.0007036
27.778236	-0.0007621
27.784388	-0.0010116
27.790540	-0.0006291
27.796693	0.0008132
27.802847	0.0009937
27.809001	0.0015711
27.815156	0.0003416
27.821312	-0.0001130
27.827468	0.0002299
27.833625	0.0004172
27.839783	-0.0008145
27.845942	-0.0005901
27.852101	0.0007043
27.858261	-0.0002669
27.864422	0.0000106
27.870583	0.0001398
27.876745	-0.0001121
27.882908	0.0016468
27.889071	0.0005522
27.895236	-0.0009172
27.901400	-0.0012465
27.907566	-0.0003057
27.913732	0.0016841
27.919899	0.0004332
27.926067	0.0016960
27.932235	0.0013834
27.938404	-0.0011849
27.944574	0.0004741
27.950745	-0.0010920
27.956916	-0.0005621
27.963088	0.0008196
27.969260	-0.0020274
27.975434	-0.0002178
27.981608	-0.0000199
27.987782	-0.0003586
27.993958	-0.0010319
28.000134	-0.0010423
28.006311	-0.0018829
28.012488	-0.0008001
28.018666	-0.0000838
28.024845	0.0012212
28.031025	-0.0004091
28.037205	0.0016225
28.043386	-0.0001541
28.049568	0.0005419
28.055750	-0.0020180
28.061934	-0.0001880
28.068117	-0.0007335
28.074302	-0.0009647
28.080487	-0.0008186
28.086673	0.0000978
28.092860	0.0007880
28.099047	0.0002617
28.105235	0.0009823
28.111424	0.0001629
28.117613	0.0011330
28.123804	0.0005385
28.129994	-0.0000031
28.136186	0.0011342
28.142378	-0.0007290
28.148571	0.0011867
28.154765	-0.0002679
28.160959	-0.0002856
28.167154	-0.0008617
28.173350	-0.0015705
28.179547	-0.0002286
28.185744	0.0008806
28.191942	0.0006873
28.198140	0.0010414
28.204339	-0.0015088
28.210539	0.0014442
28.216740	0.0000112
28.222942	-0.0001917
28.229144	0.0000538
28.235346	-0.0005645
28.241550	-0.0004810
28.247754	0.0021817
28.253959	0.0011209
28.260165	-0.0002433
28.266371	0.0021075
28.272578	-0.0000749
28.278786	-0.0006449
28.284994	-0.0008529
28.291203	-0.0009656
28.297413	0.0003169
28.303624	0.0011600
28.309835	0.0005347
28.316047	-0.0004624
28.322259	-0.0008408
28.328473	-0.0007779
28.334687	-0.0014212
28.340902	0.0001705
28.347117	0.0024723
28.353333	-0.0014054
28.359550	-0.0000072
28.365768	0.0009736
28.371986	0.0009031
28.378205	-0.0032761
28.384424	0.0006643
28.390645	0.0011619
28.396866	0.0018257
28.403088	-0.0003207
28.409310	-0.0023613
28.415533	0.0009946
28.421757	-0.0019533
28.427982	-0.0007918
28.434207	0.0015160
28.440433	-0.0005270
28.446660	-0.0011472
28.452887	0.0002698
28.459115	0.0007315
28.465344	-0.0004580
28.471573	-0.0020625
28.477804	0.0006092
28.484034	0.0000406
28.490266	-0.0006122
28.496498	0.0003209
28.502731	0.0002451
28.508965	-0.0007285
28.515200	0.0003290
28.521435	-0.0002706
28.527670	-0.0003579
28.533907	-0.0005150
28.540144	0.0003091
28.546382	-0.0005682
28.552621	-0.0002444
28.558860	-0.0013715
28.565100	-0.0016577
28.571341	-0.0002999
28.577582	0.0009211
28.583824	-0.0018715
28.590067	-0.0010310
28.596311	-0.0017240
28.602555	0.0006489
28.608800	-0.0000320
28.615046	0.0014806
28.621292	0.0008595
28.627539	0.0006617
28.633787	-0.0006876
28.640035	-0.0004294
28.646284	0.0002004
28.652534	0.0003178
28.658785	-0.0002182
28.665036	-0.0010277
28.671288	-0.0004606
28.677541	-0.0015265
28.683794	0.0003199
28.690048	-0.0028382
28.696303	-0.0002983
28.702558	-0.0002587
28.708815	0.0010003
28.715071	-0.0006354
28.721329	0.0005811
28.727587	0.0004252
28.733846	-0.0005389
28.740106	-0.0001352
28.746366	-0.0010104
28.752628	0.0006814
28.758889	0.0014964
28.765152	0.0014784
28.771415	0.0002368
28.777679	0.0005733
28.783944	0.0007267
28.790209	-0.0003940
28.796475	0.0022102
28.802742	-0.0009123
28.809009	-0.0005987
28.815277	-0.0011220
28.821546	0.0026150
28.827816	-0.0005372
28.834086	-0.0013468
28.840357	-0.0000331
28.846628	-0.0005099
28.852901	-0.0000559
28.859174	-0.0004512
28.865447	-0.0004191
28.871722	-0.0007151
28.877997	0.0006035
28.884273	0.0008253
28.890549	0.0017231
28.896827	0.0000764
28.903105	-0.0017625
28.909383	0.0005258
28.915663	-0.0003454
28.921943	-0.0005087
28.928223	0.0000926
28.934505	0.0007576
28.940787	-0.0014782
28.947070	0.0012738
28.953354	-0.0007905
28.959638	0.0009880
28.965923	-0.0011919
28.972209	0.0009241
28.978495	0.0007781
28.984782	-0.0001583
28.991070	-0.0016656
28.997358	-0.0012526
29.003647	-0.0010590
29.009937	-0.0002305
29.016228	-0.0005311
29.022519	0.0001094
29.028811	0.0014254
29.035104	0.0004703
29.041397	0.0000563
29.047692	0.0003285
29.053986	-0.0007344
29.060282	-0.0008967
29.066578	-0.0011251
29.072875	0.0005468
29.079173	0.0008496
29.085471	-0.0004769
29.091770	-0.0000921
29.098070	-0.0007546
29.104370	0.0002858
29.110671	0.0000658
29.116973	0.0010951
29.123276	-0.0008891
29.129579	-0.0000032
29.135883	-0.0000105
29.142187	-0.0007690
29.148493	0.0020732
29.154799	0.0000961
29.161106	0.0008242
29.167413	0.0015785
29.173721	0.0018183
29.180030	0.0014671
29.186340	0.0001465
29.192650	-0.0015591
29.198961	0.0008645
29.205273	-0.0000282
29.211585	-0.0007123
29.217898	-0.0014900
29.224212	0.0000003
29.230526	-0.0001595
29.236842	-0.0014597
29.243157	0.0005552
29.249474	0.0010361
29.255791	0.0007572
29.262109	-0.0005377
29.268428	0.0002916
29.274747	-0.0002714
29.281067	0.0008042
29.287388	-0.0005466
29.293710	-0.0000272
29.300032	0.0002487
29.306355	-0.0008734
29.312679	-0.0002526
29.319003	-0.0012374
29.325328	-0.0001759
29.331654	-0.0012060
29.337980	-0.0009654
29.344307	0.0000466
29.350635	-0.0008679
29.356963	0.0006070
29.363293	0.0015114
29.369623	-0.0020118
29.375953	0.0019969
29.382285	0.0002418
29.388617	-0.0003843
29.394949	0.0005413
29.401283	0.0007088
29.407617	-0.0001059
29.413952	0.0000144
29.420287	-0.0017372
29.426624	-0.0005390
29.432961	0.0007178
29.439298	0.0001981
29.445637	-0.0012056
29.451976	0.0010599
29.458316	-0.0002376
29.464656	0.0029234
29.470997	-0.0006119
29.477339	0.0001241
29.483682	0.0015150
29.490025	0.0002625
29.496369	0.0008286
29.502714	-0.0024730
29.509059	0.0003384
29.515405	0.0003058
29.521752	-0.0024469
29.528099	-0.0003922
29.534448	-0.0001249
29.540796	0.0001300
29.547146	0.0012131
29.553496	-0.0004856
29.559847	0.0002201
29.566199	0.0015478
29.572551	-0.0000600
29.578905	-0.0003702
29.585258	-0.0011455
29.591613	0.0002685
29.597968	-0.0004324
29.604324	-0.0001143
29.610681	-0.0002572
29.617038	-0.0011057
29.623396	0.0003487
29.629755	-0.0007744
29.636114	0.0025949
29.642474	-0.0000718
29.648835	0.0005632
29.655197	0.0003964
29.661559	-0.0015829
29.667922	-0.0005606
29.674286	0.0001036
29.680650	-0.0000832
29.687015	-0.0000833
29.693381	-0.0005904
29.699747	0.0007012
29.706114	0.0009518
29.712482	-0.0004986
29.718851	-0.0001679
29.725220	-0.0008605
29.731590	-0.0004575
29.737961	-0.0002007
29.744332	-0.0010547
29.750704	0.0009421
29.757077	0.0003506
29.763450	0.0001187
29.769825	0.0010915
29.776199	-0.0009579
29.782575	-0.0009598
29.788951	0.0010517
29.795328	-0.0007727
29.801706	0.0019312
29.808084	0.0017086
29.814464	0.0000657
29.820843	-0.0001059
29.827224	-0.0003976
29.833605	0.0007444
29.839987	-0.0022905
29.846370	0.0009631
29.852753	0.0009536
29.859137	-0.0005426
29.865522	-0.0000232
29.871907	-0.0001598
29.878293	0.0002473
29.884680	-0.0012842
29.891068	-0.0010947
29.897456	0.0001230
29.903845	-0.0017370
29.910234	0.0003985
29.916625	-0.0003202
29.923016	0.0009148
29.929408	0.0004951
29.935800	0.0023602
29.942193	0.0012226
29.948587	-0.0015016
29.954982	0.0009979
29.961377	0.0011444
29.967773	0.0020389
29.974169	-0.0010584
29.980567	0.0003659
29.986965	-0.0010908
29.993364	-0.0015177
29.999763	-0.0016106
30.006163	-0.0018664
30.012564	0.0003288
30.018966	-0.0008769
30.025368	0.0001080
30.031771	-0.0002712
30.038175	0.0023050
30.044579	0.0005108
30.050984	0.0001861
30.057390	-0.0009223
30.063796	0.0023391
30.070204	-0.0007771
30.076612	0.0002792
30.083020	-0.0005786
30.089429	0.0004281
30.095840	0.0021049
30.102250	0.0001707
30.108662	0.0007054
30.115074	-0.0008046
30.121487	0.0005823
30.127900	0.0006618
30.134314	-0.0000859
30.140729	-0.0002386
30.147145	0.0014819
30.153561	0.0000719
30.159978	-0.0013149
30.166396	0.0005551
30.172814	-0.0017322
30.179234	0.0007826
30.185653	0.0008600
30.192074	0.0009493
30.198495	0.0005526
30.204917	0.0001854
30.211340	-0.0018679
30.217763	0.0006767
30.224187	0.0019211
30.230612	0.0005730
30.237037	0.0007201
30.243464	-0.0002739
30.249890	-0.0013843
30.256318	0.0009224
30.262746	0.0003574
30.269175	0.0020052
30.275605	-0.0003494
30.282035	-0.0005740
30.288466	-0.0019449
30.294898	0.0001725
30.301331	0.0007242
30.307764	-0.0001436
30.314198	-0.0017382
30.320632	0.0006195
30.327068	0.0012536
30.333504	-0.0008155
30.339940	0.0004432
30.346378	-0.0014122
30.352816	0.0001726
30.359255	0.0020418
30.365694	-0.0002441
30.372134	0.0002314
30.378575	0.0012860
30.385017	0.0001507
30.391459	0.0007946
30.397902	-0.0003151
30.404346	-0.0012697
30.410790	0.0013152
30.417236	0.0009794
30.423681	0.0015430
30.430128	-0.0003953
30.436575	-0.0002853
30.443023	0.0006109
30.449472	-0.0001987
30.455921	0.0004765
30.462371	-0.0008056
30.468822	0.0024488
30.475273	0.0002980
30.481725	0.0009023
30.488178	-0.0001365
30.494632	0.0022039
30.501086	-0.0015952
30.507541	-0.0008327
30.513997	0.0010901
30.520453	0.0001738
30.526910	-0.0001648
30.533368	0.0007199
30.539826	-0.0018924
30.546286	-0.0014556
30.552745	-0.0014625
30.559206	-0.0011470
30.565667	0.0005375
30.572129	0.0001056
30.578592	-0.0003404
30.585055	0.0000572
30.591519	-0.0006874
30.597984	-0.0004258
30.604450	-0.0001457
30.610916	0.0003329
30.617383	-0.0005535
30.623850	0.0000385
30.630319	0.0009178
30.636788	0.0005614
30.643258	0.0005006
30.649728	0.0012795
30.656199	-0.0003675
30.662671	0.0015563
30.669143	0.0011489
30.675617	0.0001154
30.682091	-0.0002013
30.688565	-0.0018053
30.695041	-0.0022516
30.701517	0.0007965
30.707993	0.0005575
30.714471	0.0002019
30.720949	-0.0004577
30.727428	0.0011127
30.733907	0.0003904
30.740387	0.0000913
30.746868	-0.0024370
30.753350	-0.0004531
30.759832	0.0011179
30.766316	0.0003439
30.772799	0.0003074
30.779284	0.0019726
30.785769	0.0009085
30.792255	0.0014776
30.798741	-0.0012166
30.805229	0.0002390
30.811717	-0.0013322
30.818205	0.0007201
30.824695	0.0005185
30.831185	-0.0007602
30.837676	-0.0003061
30.844167	0.0004359
30.850659	0.0010406
30.857152	0.0002189
30.863646	0.0006221
30.870140	0.0005588
30.876635	0.0013677
30.883131	0.0000548
30.889627	0.0017180
30.896124	-0.0021352
30.902622	-0.0005423
30.909121	0.0017427
30.915620	-0.0010313
30.922120	-0.0011636
30.928620	0.0005586
30.935122	0.0011319
30.941624	-0.0017188
30.948126	0.0011213
30.954630	0.0012518
30.961134	-0.0005501
30.967639	0.0007411
30.974144	-0.0011113
30.980650	-0.0008524
30.987157	-0.0003311
30.993665	-0.0005051
31.000173	-0.0010798
31.006682	-0.0002831
31.013192	0.0000505
31.019703	-0.0013453
31.026214	0.0004633
31.032726	0.0001402
31.039238	0.0008924
31.045752	-0.0027732
31.052265	-0.0011057
31.058780	-0.0016524
31.065296	-0.0005347
31.071812	0.0008952
31.078328	-0.0025054
31.084846	-0.0000227
31.091364	0.0005501
31.097883	-0.0010475
31.104402	-0.0001517
31.110923	-0.0001867
31.117444	0.0006490
31.123965	0.0008360
31.130488	0.0004321
31.137011	-0.0000150
31.143535	0.0004649
31.150059	-0.0004666
31.156584	0.0009877
31.163110	-0.0019646
31.169637	-0.0010004
31.176164	-0.0007844
31.182692	-0.0000422
31.189221	0.0015482
31.195750	-0.0012991
31.202280	-0.0006743
31.208811	0.0000555
31.215343	0.0010586
31.221875	-0.0015765
31.228408	0.0001960
31.234942	0.0002940
31.241476	-0.0025519
31.248011	0.0006016
31.254547	0.0014131
31.261083	-0.0014985
31.267620	0.0011214
31.274158	0.0000789
31.280697	-0.0003576
31.287236	-0.0004025
31.293776	-0.0016483
31.300317	0.0002082
31.306858	0.0009302
31.313400	0.0009591
31.319943	0.0013831
31.326486	-0.0006598
31.333030	0.0010810
31.339575	-0.0013733
31.346121	-0.0010917
31.352667	0.0020324
31.359214	-0.0001158
31.365762	0.0013249
31.372310	0.0011899
31.378859	0.0008829
31.385409	0.0003565
31.391959	-0.0011137
31.398511	-0.0001997
31.405063	0.0001929
31.411615	-0.0002284
31.418168	0.0001694
31.424722	0.0015696
31.431277	0.0009865
31.437833	0.0019707
31.444389	-0.0004076
31.450946	0.0016242
31.457503	-0.0004150
31.464061	-0.0019248
31.470620	0.0004375
31.477180	-0.0005681
31.483740	0.0014069
31.490301	0.0008514
31.496863	-0.0007854
31.503425	-0.0021178
31.509988	-0.0003981
31.516552	0.0000158
31.523117	0.0000523
31.529682	0.0010537
31.536248	-0.0021742
31.542815	0.0005140
31.549382	0.0005002
31.555950	0.0012640
31.562519	0.0003429
31.569088	-0.0012462
31.575658	0.0004238
31.582229	0.0007551
31.588801	0.0003909
31.595373	-0.0002452
31.601946	-0.0016515
31.608520	0.0012713
31.615094	-0.0008970
31.621669	0.0002758
31.628245	-0.0005648
31.634821	-0.0001714
31.641399	-0.0007991
31.647976	0.0002248
31.654555	0.0005884
31.661134	-0.0003846
31.667714	-0.0014216
31.674295	-0.0009118
31.680876	0.0002199
31.687458	-0.0019252
31.694041	0.0009348
31.700625	0.0004732
31.707209	-0.0001597
31.713794	0.0009902
31.720379	0.0007875
31.726966	0.0009273
31.733553	0.0008137
31.740141	-0.0009785
31.746729	0.0000186
31.753318	0.0004287
31.759908	-0.0000410
31.766498	0.0019341
31.773090	0.0002896
31.779682	-0.0006909
31.786274	0.0007684
31.792868	0.0017765
31.799462	-0.0003297
31.806056	-0.0007526
31.812652	-0.0004608
31.819248	-0.0014551
31.825845	-0.0010404
31.832442	-0.0007818
31.839041	-0.0006039
31.845640	-0.0013715
31.852239	-0.0001681
31.858840	-0.0015715
31.865441	0.0014726
31.872042	0.0011702
31.878645	-0.0007196
31.885248	-0.0007020
31.891852	0.0002479
31.898456	0.0001876
31.905062	-0.0013773
31.911668	0.0002823
31.918274	-0.0009364
31.924882	-0.0011941
31.931490	0.0007844
31.938099	-0.0002126
31.944708	-0.0009133
31.951318	-0.0003247
31.957929	-0.0000803
31.964541	0.0015858
31.971153	0.0019559
31.977766	0.0006629
31.984380	0.0008501
31.990994	-0.0013767
31.997609	-0.0002016
32.004225	-0.0002547
32.010842	-0.0017861
32.017459	-0.0011802
32.024077	0.0000378
32.030695	-0.0006697
32.037315	-0.0001985
32.043935	-0.0011050
32.050556	-0.0002627
32.057177	0.0003989
32.063799	-0.0002968
32.070422	-0.0002294
32.077045	-0.0005952
32.083670	0.0014246
32.090295	0.0004217
32.096920	0.0019933
32.103547	-0.0005202
32.110174	0.0006358
32.116801	0.0023902
32.123430	-0.0003890
32.130059	-0.0004919
32.136689	-0.0001889
32.143319	0.0006857
32.149951	-0.0022593
32.156583	-0.0005935
32.163215	0.0017609
32.169849	-0.0008462
32.176483	-0.0005390
32.183118	-0.0002676
32.189753	-0.0006053
32.196389	-0.0012374
32.203026	0.0012796
32.209664	-0.0000939
32.216302	0.0015653
32.222941	0.0005248
32.229581	-0.0003962
32.236221	0.0000995
32.242862	0.0000177
32.249504	-0.0016696
32.256146	-0.0004689
32.262790	-0.0012142
32.269434	0.0003253
32.276078	0.0007672
32.282724	0.0001534
32.289370	-0.0000660
32.296016	0.0005636
32.302664	-0.0003415
32.309312	0.0010232
32.315961	-0.0006708
32.322610	-0.0002987
32.329260	0.0019877
32.335911	-0.0007379
32.342563	-0.0001869
32.349215	-0.0015744
32.355868	-0.0016139
32.362522	-0.0002311
32.369177	0.0006756
32.375832	0.0018831
32.382487	-0.0006377
32.389144	0.0012662
32.395801	0.0002850
32.402459	-0.0004304
32.409118	0.0013702
32.415777	0.0007333
32.422437	0.0026568
32.429098	0.0009691
32.435760	-0.0008065
32.442422	-0.0007051
32.449085	0.0001746
32.455748	-0.0006534
32.462412	-0.0006282
32.469077	-0.0005693
32.475743	0.0004646
32.482410	0.0012583
32.489077	0.0000838
32.495744	-0.0004271
32.502413	0.0003908
32.509082	-0.0007252
32.515752	0.0007643
32.522423	-0.0004946
32.529094	-0.0003518
32.535766	0.0007142
32.542439	-0.0008792
32.549112	-0.0005978
32.555786	0.0007541
32.562461	0.0002105
32.569136	0.0002234
32.575813	-0.0000668
32.582490	-0.0003596
32.589167	0.0003720
32.595846	-0.0000842
32.602525	-0.0012662
32.609204	0.0006527
32.615885	0.0000804
32.622566	0.0004018
32.629248	-0.0006024
32.635930	0.0021258
32.642613	-0.0002566
32.649297	-0.0007668
32.655982	-0.0002661
32.662667	-0.0001826
32.669353	0.0008805
32.676040	-0.0009236
32.682728	0.0003231
32.689416	-0.0005452
32.696105	0.0008331
32.702794	-0.0001943
32.709485	-0.0008405
32.716176	0.0013626
32.722867	-0.0000059
32.729560	-0.0000749
32.736253	0.0006724
32.742946	-0.0001750
32.749641	0.0018754
32.756336	-0.0007196
32.763032	-0.0015617
32.769729	-0.0007673
32.776426	-0.0000019
32.783124	0.0003676
32.789823	-0.0009308
32.796522	-0.0007703
32.803222	0.0006391
32.809923	-0.0014167
32.816624	0.0019883
32.823327	0.0005672
32.830029	-0.0006209
32.836733	-0.0003278
32.843437	0.0003884
32.850142	0.0007451
32.856848	-0.0019862
32.863555	-0.0009579
32.870262	-0.0013702
32.876969	0.0008766
32.883678	-0.0004030
32.890387	-0.0006509
32.897097	-0.0001675
32.903808	-0.0011290
32.910519	0.0005690
32.917231	0.0012964
32.923944	-0.0002996
32.930657	-0.0008254
32.937372	0.0004906
32.944086	-0.0018742
32.950802	0.0009766
32.957518	0.0011198
32.964235	0.0007090
32.970953	0.0003005
32.977671	-0.0020162
32.984390	-0.0002030
32.991110	0.0004024
32.997830	-0.0011532
33.004552	0.0006415
33.011274	0.0003195
33.017996	0.0008203
33.024719	-0.0004639
33.031443	-0.0000791
33.038168	-0.0000318
33.044893	-0.0004209
33.051620	0.0005525
33.058346	-0.0010593
33.065074	-0.0005094
33.071802	0.0024427
33.078531	0.0013510
33.085260	0.0020367
33.091991	-0.0001915
33.098722	-0.0009568
33.105453	0.0009477
33.112186	0.0000009
33.118919	-0.0008548
33.125653	-0.0012760
33.132387	0.0001871
33.139123	-0.0010794
33.145858	-0.0010399
33.152595	-0.0013059
33.159332	-0.0004315
33.166070	0.0004508
33.172809	0.0017846
33.179549	0.0002882
33.186289	0.0004147
33.193030	0.0003406
33.199771	0.0012169
33.206513	-0.0007301
33.213256	0.0002719
33.220000	0.0024669
33.226744	0.0004024
33.233489	-0.0008451
33.240235	0.0013903
33.246982	-0.0019999
33.253729	-0.0006868
33.260477	-0.0019661
33.267225	0.0005862
33.273974	0.0014696
33.280724	0.0013354
33.287475	0.0009890
33.294226	-0.0005300
33.300979	-0.0001507
33.307731	0.0003247
33.314485	-0.0019042
33.321239	-0.0004188
33.327994	-0.0001676
33.334749	0.0002231
33.341506	-0.0000307
33.348263	-0.0004546
33.355020	-0.0008195
33.361779	0.0006335
33.368538	-0.0000899
33.375298	0.0002802
33.382058	0.0006024
33.388820	-0.0025090
33.395581	0.0008036
33.402344	0.0002459
33.409107	0.0011091
33.415871	-0.0009441
33.422636	-0.0000998
33.429402	0.0001171
33.436168	-0.0012953
33.442934	-0.0010080
33.449702	0.0012953
33.456470	-0.0001239
33.463239	-0.0006276
33.470009	0.0002092
33.476779	-0.0003919
33.483550	-0.0001538
33.490322	0.0014172
33.497094	0.0002708
33.503868	-0.0003921
33.510641	-0.0006437
33.517416	-0.0016415
33.524191	-0.0012365
33.530967	-0.0002097
33.537744	0.0017426
33.544521	0.0011174
33.551299	-0.0007067
33.558078	0.0014568
33.564857	0.0007990
33.571638	0.0003443
33.578419	0.0018617
33.585200	-0.0002786
33.591982	0.0006894
33.598765	-0.0016637
33.605549	0.0014216
33.612333	-0.0007551
33.619119	-0.0016096
33.625904	0.0010871
33.632691	0.0003668
33.639478	-0.0014809
33.646266	-0.0003304
33.653055	-0.0003572
33.659844	0.0005237
33.666634	0.0001182
33.673425	-0.0002792
33.680216	0.0020447
33.687008	0.0000092
33.693801	-0.0009708
33.700594	0.0001741
33.707389	-0.0016361
33.714184	0.0002056
33.720979	0.0010606
33.727776	-0.0007439
33.734573	-0.0022133
33.741370	0.0003168
33.748169	-0.0011135
33.754968	-0.0000852
33.761768	-0.0007771
33.768568	0.0001289
33.775369	-0.0008991
33.782171	-0.0001489
33.788974	0.0002375
33.795777	0.0005016
33.802581	0.0004601
33.809386	0.0000634
33.816192	0.0008492
33.822998	0.0001645
33.829805	-0.0009971
33.836612	-0.0002877
33.843421	0.0016039
33.850230	-0.0006658
33.857039	-0.0010789
33.863850	0.0023610
33.870661	-0.0009335
33.877472	0.0002113
33.884285	0.0003674
33.891098	-0.0007424
33.897912	-0.0015245
33.904727	0.0006982
33.911542	-0.0001568
33.918358	0.0026568
33.925175	0.0001618
33.931992	0.0003423
33.938810	0.0012869
33.945629	0.0001441
33.952448	0.0002294
33.959269	0.0014735
33.966090	-0.0004904
33.972911	-0.0003723
33.979733	-0.0000434
33.986556	-0.0001627
33.993380	-0.0013298
34.000205	-0.0003522
34.007030	0.0011525
34.013856	-0.0004849
34.020682	-0.0012915
34.027509	-0.0004480
34.034337	-0.0002277
34.041166	-0.0002361
34.047995	-0.0008477
34.054825	-0.0005584
34.061656	-0.0011248
34.068487	0.0000780
34.075320	-0.0000256
34.082153	0.0018651
34.088986	-0.0001338
34.095820	-0.0010943
34.102655	0.0007746
34.109491	-0.0009928
34.116327	-0.0003570
34.123164	-0.0008383
34.130002	0.0014193
34.136841	0.0014987
34.143680	0.0011056
34.150520	0.0011543
34.157360	0.0000111
34.164202	0.0002390
34.171044	-0.0000369
34.177886	0.0000710
34.184730	-0.0005971
34.191574	-0.0023740
34.198418	0.0022057
34.205264	-0.0005781
34.212110	-0.0002640
34.218957	-0.0007351
34.225805	0.0005212
34.232653	-0.0012604
34.239502	0.0015627
34.246352	-0.0006704
34.253202	-0.0005750
34.260053	0.0002036
34.266905	0.0003991
34.273758	0.0008698
34.280611	-0.0002373
34.287465	0.0005915
34.294319	0.0001528
34.301175	0.0015338
34.308031	0.0004556
34.314887	0.0004654
34.321745	0.0007091
34.328603	0.0003389
34.335462	0.0006592
34.342321	-0.0000929
34.349182	-0.0012021
34.356043	-0.0007771
34.362904	0.0023579
34.369767	-0.0004647
34.376630	0.0005409
34.383493	0.0006451
34.390358	0.0005523
34.397223	0.0000992
34.404089	0.0002349
34.410956	0.0002162
34.417823	-0.0006823
34.424691	0.0005973
34.431559	0.0007410
34.438429	0.0000551
34.445299	-0.0010063
34.452170	0.0000399
34.459041	-0.0010526
34.465913	-0.0010109
34.472786	-0.0001053
34.479660	-0.0014888
34.486534	0.0022533
34.493409	0.0014107
34.500285	0.0014898
34.507161	0.0010515
34.514038	0.0009687
34.520916	-0.0002955
34.527795	-0.0002794
34.534674	-0.0008550
34.541554	0.0009889
34.548434	-0.0002530
34.555316	0.0013283
34.562198	0.0011943
34.569080	-0.0007733
34.575964	0.0008677
34.582848	0.0019621
34.589733	-0.0004652
34.596618	0.0014769
34.603505	0.0014826
34.610392	-0.0019541
34.617279	0.0001604
34.624168	0.0004897
34.631057	-0.0008035
34.637946	0.0023187
34.644837	0.0005814
34.651728	0.0004931
34.658620	-0.0000328
34.665512	0.0004775
34.672406	0.0010058
34.679300	-0.0009698
34.686194	-0.0008562
34.693090	-0.0006329
34.699986	0.0000974
34.706882	-0.0002743
34.713780	0.0001459
34.720678	0.0011823
34.727577	0.0003563
34.734477	0.0016164
34.741377	-0.0000274
34.748278	-0.0011901
34.755179	0.0005577
34.762082	-0.0011662
34.768985	-0.0014194
34.775889	-0.0006555
34.782793	0.0013719
34.789698	-0.0012398
34.796604	-0.0003159
34.803511	-0.0011238
34.810418	0.0007149
34.817326	-0.0001956
34.824235	0.0021286
34.831144	0.0000279
34.838055	0.0002827
34.844965	-0.0002896
34.851877	0.0001554
34.858789	-0.0018801
34.865702	0.0007759
34.872616	-0.0014402
34.879530	-0.0020425
34.886445	-0.0009693
34.893361	-0.0004121
34.900277	0.0009873
34.907194	0.0001662
34.914112	0.0004669
34.921031	-0.0006476
34.927950	0.0007947
34.934870	0.0012673
34.941791	0.0007250
34.948712	-0.0015068
34.955634	-0.0002631
34.962557	0.0004177
34.969480	-0.0012102
34.976404	-0.0015476
34.983329	-0.0012188
34.990255	-0.0004415
34.997181	0.0002912
35.004108	-0.0008093
35.011036	0.0002748
35.017964	0.0003269
35.024893	0.0007484
35.031823	0.0006329
35.038754	0.0020669
35.045685	-0.0010888
35.052617	0.0000606
35.059549	0.0024766
35.066482	-0.0002408
35.073416	0.0012113
35.080351	0.0010150
35.087287	0.0001155
35.094223	-0.0005253
35.101160	0.0016027
35.108097	-0.0004507
35.115035	0.0007617
35.121974	0.0012006
35.128914	0.0025370
35.135854	0.0004076
35.142795	0.0002680
35.149737	0.0005937
35.156679	-0.0008079
35.163622	0.0018414
35.170566	0.0013039
35.177511	0.0000314
35.184456	-0.0001171
35.191402	0.0009539
35.198349	0.0002467
35.205296	0.0005438
35.212244	-0.0009857
35.219193	0.0012856
35.226142	-0.0008512
35.233092	0.0004401
35.240043	-0.0002861
35.246995	-0.0001547
35.253947	0.0000810
35.260900	-0.0007795
35.267854	0.0000850
35.274808	-0.0007590
35.281763	0.0000408
35.288719	0.0005226
35.295675	-0.0011810
35.302632	-0.0010720
35.309590	0.0002271
35.316549	0.0004737
35.323508	0.0001486
35.330468	0.0005221
35.337429	0.0006930
35.344390	0.0008871
35.351352	0.0012156
35.358315	-0.0009538
35.365279	0.0017684
35.372243	0.0002376
35.379208	0.0000047
35.386173	0.0011704
35.393140	-0.0012028
35.400107	0.0000001
35.407074	-0.0006518
35.414043	-0.0010669
35.421012	0.0013678
35.427982	0.0026978
35.434952	0.0007556
35.441924	0.0011006
35.448896	-0.0008585
35.455868	0.0012368
35.462841	0.0024215
35.469816	-0.0014512
35.476790	0.0015358
35.483766	-0.0004125
35.490742	-0.0005765
35.497719	-0.0013341
35.504696	0.0026571
35.511674	-0.0009231
35.518653	0.0006584
35.525633	0.0009387
35.532613	-0.0008954
35.539594	0.0016752
35.546576	-0.0003205
35.553559	-0.0000315
35.560542	-0.0000405
35.567526	0.0004888
35.574510	-0.0000536
35.581496	0.0002472
35.588482	-0.0021574
35.595468	0.0000758
35.602456	0.0006255
35.609444	-0.0009712
35.616433	-0.0004513
35.623422	-0.0001863
35.630412	0.0014643
35.637403	0.0009860
35.644395	0.0008114
35.651387	0.0006057
35.658380	-0.0002464
35.665374	-0.0011896
35.672368	0.0015346
35.679363	-0.0021364
35.686359	0.0012846
35.693356	0.0025720
35.700353	0.0007951
35.707351	0.0012649
35.714349	-0.0012802
35.721349	0.0015093
35.728349	-0.0009491
35.735349	0.0009031
35.742351	0.0011362
35.749353	0.0003155
35.756356	0.0015872
35.763359	-0.0005456
35.770364	-0.0023832
35.777368	-0.0002874
35.784374	-0.0009369
35.791380	-0.0002197
35.798387	-0.0006581
35.805395	-0.0021212
35.812404	0.0001879
35.819413	-0.0013810
35.826423	-0.0011690
35.833433	0.0008324
35.840445	0.0006461
35.847457	-0.0004813
35.854469	-0.0004531
35.861483	-0.0001240
35.868497	-0.0004467
35.875511	0.0006406
35.882527	0.0012494
35.889543	0.0002075
35.896560	-0.0018962
35.903578	-0.0003845
35.910596	0.0003289
35.917615	-0.0021590
35.924634	-0.0009029
35.931655	-0.0014805
35.938676	-0.0001483
35.945698	-0.0005518
35.952720	0.0008618
35.959743	-0.0002099
35.966767	0.0006130
35.973792	-0.0010470
35.980817	0.0007531
35.987843	0.0003170
35.994870	0.0015315
36.001897	0.0009119
36.008926	0.0000624
36.015954	-0.0000654
36.022984	0.0005106
36.030014	0.0005506
36.037045	0.0008242
36.044077	-0.0002719
36.051109	0.0002282
36.058142	-0.0004400
36.065176	0.0011907
36.072210	0.0008247
36.079245	0.0001981
36.086281	-0.0004482
36.093318	-0.0002244
36.100355	0.0001572
36.107393	0.0017851
36.114432	0.0003591
36.121471	0.0000039
36.128511	0.0001641
36.135552	-0.0011805
36.142593	-0.0009902
36.149636	-0.0002152
36.156678	-0.0000600
36.163722	0.0008760
36.170766	0.0015572
36.177811	-0.0004570
36.184857	0.0010463
36.191903	-0.0012572
36.198950	0.0005006
36.205998	-0.0011145
36.213047	-0.0012146
36.220096	0.0000079
36.227146	-0.0011249
36.234196	0.0006741
36.241248	-0.0010157
36.248300	-0.0010180
36.255352	0.0011664
36.262406	-0.0005822
36.269460	0.0010260
36.276515	-0.0010205
36.283570	-0.0003021
36.290626	-0.0013882
36.297683	-0.0004710
36.304741	0.0002368
36.311799	0.0002587
36.318858	-0.0000525
36.325918	-0.0030502
36.332978	-0.0002762
36.340040	0.0004183
36.347101	0.0014277
36.354164	0.0004737
36.361227	0.0002656
36.368291	0.0011658
36.375356	0.0006591
36.382421	-0.0004534
36.389487	0.0011213
36.396554	-0.0003782
36.403621	-0.0007216
36.410690	0.0005052
36.417758	-0.0009089
36.424828	-0.0015362
36.431898	-0.0001177
36.438969	-0.0003677
36.446041	0.0010099
36.453113	-0.0023269
36.460186	0.0011973
36.467260	-0.0018280
36.474335	-0.0018016
36.481410	0.0001850
36.488486	-0.0016041
36.495562	0.0011412
36.502640	-0.0001849
36.509717	-0.0012668
36.516796	0.0006085
36.523876	-0.0006256
36.530956	0.0007736
36.538036	0.0013388
36.545118	0.0009579
36.552200	-0.0003002
36.559283	0.0007020
36.566367	0.0016087
36.573451	-0.0001599
36.580536	0.0008975
36.587622	-0.0000937
36.594708	-0.0003006
36.601795	0.0009793
36.608883	0.0016670
36.615972	-0.0018595
36.623061	0.0010341
36.630151	-0.0002074
36.637241	0.0010663
36.644333	0.0000808
36.651425	0.0008294
36.658518	0.0004415
36.665611	0.0011275
36.672705	-0.0013205
36.679800	-0.0004333
36.686896	0.0001207
36.693992	-0.0009807
36.701089	0.0000522
36.708186	0.0011074
36.715285	-0.0014713
36.722384	0.0008785
36.729484	0.0003682
36.736584	-0.0004819
36.743685	0.0002774
36.750787	0.0006845
36.757890	0.0006273
36.764993	0.0014411
36.772097	0.0009794
36.779202	-0.0006773
36.786307	-0.0003869
36.793413	-0.0001016
36.800520	-0.0007596
36.807627	0.0009485
36.814736	-0.0017048
36.821844	-0.0004208
36.828954	-0.0004425
36.836064	0.0003072
36.843175	0.0005592
36.850287	-0.0006687
36.857399	-0.0002189
36.864513	0.0010588
36.871626	0.0002569
36.878741	0.0003799
36.885856	0.0006964
36.892972	0.0010099
36.900089	0.0000717
36.907206	0.0006898
36.914324	0.0001898
36.921443	0.0003799
36.928562	0.0008375
36.935682	0.0007302
36.942803	0.0001403
36.949925	-0.0026440
36.957047	-0.0001180
36.964170	0.0004367
36.971294	0.0001886
36.978418	-0.0018635
36.985543	-0.0015119
36.992669	0.0000779
36.999795	-0.0023498
37.006922	0.0005032
37.014050	-0.0004906
37.021179	-0.0010151
37.028308	0.0000961
37.035438	-0.0002477
37.042569	-0.0000820
37.049700	-0.0002578
37.056832	-0.0004036
37.063965	0.0008776
37.071098	0.0000234
37.078233	0.0013763
37.085367	-0.0016855
37.092503	0.0003323
37.099639	-0.0001451
37.106776	-0.0006891
37.113914	-0.0009505
37.121052	0.0005886
37.128192	0.0003830
37.135331	0.0008841
37.142472	-0.0011283
37.149613	-0.0002076
37.156755	-0.0011850
37.163898	0.0000014
37.171041	0.0017316
37.178185	0.0004834
37.185330	-0.0009114
37.192475	-0.0007458
37.199621	-0.0025409
37.206768	-0.0000317
37.213916	0.0001615
37.221064	-0.0001987
37.228213	-0.0017087
37.235362	-0.0009763
37.242513	-0.0005828
37.249664	0.0007855
37.256815	-0.0011623
37.263968	0.0001018
37.271121	0.0007225
37.278275	0.0001436
37.285429	-0.0008709
37.292585	-0.0018118
37.299741	-0.0009387
37.306897	0.0006387
37.314055	-0.0011020
37.321213	-0.0004897
37.328371	0.0008967
37.335531	-0.0005811
37.342691	0.0006010
37.349852	0.0004373
37.357014	-0.0004289
37.364176	-0.0008849
37.371339	-0.0005471
37.378503	-0.0009573
37.385667	-0.0013093
37.392832	0.0000893
37.399998	-0.0000170
37.407164	0.0004973
37.414331	-0.0007615
37.421499	-0.0004724
37.428668	0.0014751
37.435837	0.0011576
37.443007	0.0008612
37.450178	-0.0009328
37.457349	0.0008727
37.464522	-0.0002242
37.471694	-0.0014752
37.478868	-0.0009483
37.486042	-0.0002095
37.493217	-0.0016870
37.500393	0.0014806
37.507569	-0.0005082
37.514746	0.0010882
37.521924	0.0017330
37.529102	0.0007013
37.536281	0.0000117
37.543461	-0.0003824
37.550642	-0.0002620
37.557823	-0.0012086
37.565005	-0.0002722
37.572187	-0.0003796
37.579371	-0.0013641
37.586555	0.0006846
37.593740	0.0000220
37.600925	0.0006077
37.608111	-0.0015297
37.615298	-0.0005301
37.622486	0.0004555
37.629674	-0.0003456
37.636863	-0.0011438
37.644053	-0.0011231
37.651243	-0.0001592
37.658434	-0.0007310
37.665626	-0.0008674
37.672818	-0.0015096
37.680012	0.0010784
37.687205	0.0001999
37.694400	-0.0003902
37.701595	-0.0018153
37.708791	0.0018458
37.715988	0.0008884
37.723185	-0.0002363
37.730383	0.0007268
37.737582	-0.0013629
37.744782	-0.0012998
37.751982	-0.0012225
37.759183	-0.0008601
37.766385	0.0003821
37.773587	-0.0000237
37.780790	0.0018132
37.787994	-0.0006640
37.795198	-0.0026605
37.802403	0.0006457
37.809609	-0.0016030
37.816815	-0.0000010
37.824023	0.0004703
37.831231	0.0026586
37.838439	-0.0015734
37.845649	-0.0002283
37.852859	0.0000150
37.860069	-0.0008388
37.867281	0.0029828
37.874493	-0.0001463
37.881706	-0.0011957
37.888919	-0.0012193
37.896134	0.0003369
37.903349	0.0003878
37.910564	0.0011591
37.917781	0.0007501
37.924998	-0.0012949
37.932216	0.0002817
37.939434	0.0007068
37.946653	0.0024618
37.953873	0.0003003
37.961094	-0.0007065
37.968315	-0.0016441
37.975537	-0.0008989
37.982760	0.0002436
37.989983	0.0007225
37.997207	-0.0013686
38.004432	-0.0011013
38.011657	0.0006250
38.018884	0.0005582
38.026110	-0.0002513
38.033338	0.0001256
38.040566	-0.0017046
38.047795	-0.0006969
38.055025	-0.0006992
38.062255	-0.0013763
38.069487	-0.0004345
38.076718	-0.0005464
38.083951	0.0010804
38.091184	-0.0016387
38.098418	0.0011565
38.105653	-0.0011018
38.112888	-0.0003420
38.120124	0.0016788
38.127361	0.0001916
38.134598	-0.0009612
38.141836	-0.0007753
38.149075	-0.0015737
38.156315	0.0013085
38.163555	-0.0012446
38.170796	0.0004681
38.178038	0.0011944
38.185280	-0.0001893
38.192523	-0.0000889
38.199767	0.0004265
38.207011	0.0004383
38.214256	0.0020653
38.221502	0.0006984
38.228749	0.0006064
38.235996	-0.0003072
38.243244	0.0003728
38.250493	0.0005035
38.257742	-0.0021356
38.264992	0.0000407
38.272243	-0.0014429
38.279494	-0.0000340
38.286747	-0.0007065
38.293999	0.0013633
38.301253	0.0008079
38.308507	-0.0013407
38.315762	-0.0027891
38.323018	-0.0002466
38.330274	-0.0010308
38.337532	0.0005038
38.344789	0.0004468
38.352048	-0.0002527
38.359307	-0.0012285
38.366567	0.0002898
38.373828	-0.0003881
38.381089	-0.0003886
38.388351	0.0010069
38.395614	-0.0020742
38.402877	0.0007250
38.410141	-0.0018964
38.417406	-0.0019795
38.424672	0.0011593
38.431938	-0.0017605
38.439205	-0.0007340
38.446472	0.0001670
38.453741	0.0006683
38.461010	-0.0011620
38.468280	-0.0015576
38.475550	-0.0019114
38.482821	0.0005980
38.490093	0.0004702
38.497366	0.0008708
38.504639	-0.0001194
38.511913	0.0002637
38.519187	0.0001979
38.526463	0.0004601
38.533739	-0.0010909
38.541016	0.0015309
38.548293	0.0000126
38.555571	0.0007313
38.562850	-0.0003539
38.570130	-0.0009772
38.577410	-0.0008491
38.584691	-0.0002907
38.591973	-0.0003413
38.599255	0.0002582
38.606538	0.0004569
38.613822	-0.0000531
38.621106	0.0019196
38.628392	0.0004512
38.635678	0.0006888
38.642964	-0.0003191
38.650251	-0.0003693
38.657539	0.0012591
38.664828	0.0008397
38.672118	0.0013231
38.679408	-0.0002295
38.686699	0.0015218
38.693990	-0.0002479
38.701282	0.0002073
38.708575	-0.0007844
38.715869	-0.0001364
38.723163	-0.0004398
38.730458	-0.0016311
38.737754	-0.0010948
38.745050	0.0009272
38.752348	-0.0002188
38.759645	0.0006320
38.766944	-0.0005174
38.774243	0.0018023
38.781543	-0.0004461
38.788844	-0.0001382
38.796145	0.0007713
38.803447	-0.0003956
38.810750	-0.0014029
38.818053	-0.0003571
38.825358	0.0012739
38.832662	-0.0002016
38.839968	0.0005115
38.847274	0.0005410
38.854581	0.0009801
38.861889	0.0000731
38.869197	-0.0005409
38.876506	-0.0002730
38.883816	0.0001197
38.891127	-0.0000458
38.898438	0.0004008
38.905750	-0.0003918
38.913062	0.0000131
38.920376	-0.0013254
38.927690	0.0011172
38.935004	-0.0029504
38.942320	0.0005088
38.949636	0.0002646
38.956953	-0.0007289
38.964270	0.0006341
38.971588	0.0003129
38.978907	0.0005849
38.986227	-0.0008533
38.993547	0.0000505
39.000868	-0.0017628
39.008190	-0.0002299
39.015512	0.0010758
39.022836	0.0015604
39.030159	0.0007310
39.037484	0.0009691
39.044809	-0.0004063
39.052135	0.0001901
39.059462	-0.0005038
39.066789	0.0001963
39.074117	0.0001840
39.081446	-0.0007551
39.088775	-0.0009823
39.096105	0.0001139
39.103436	-0.0009277
39.110768	0.0017386
39.118100	-0.0010883
39.125433	-0.0004266
39.132767	-0.0013499
39.140101	-0.0009219
39.147436	0.0004372
39.154772	0.0012986
39.162108	-0.0008411
39.169446	-0.0001909
39.176783	-0.0001986
39.184122	-0.0000745
39.191461	0.0000654
39.198801	-0.0000090
39.206142	-0.0006100
39.213483	0.0012132
39.220825	0.0010811
39.228168	-0.0014158
39.235512	0.0009731
39.242856	-0.0005360
39.250201	-0.0005356
39.257546	0.0009527
39.264893	0.0008228
39.272240	0.0011888
39.279588	-0.0007360
39.286936	-0.0004214
39.294285	-0.0013736
39.301635	-0.0013444
39.308985	-0.0002845
39.316337	-0.0007625
39.323689	-0.0000142
39.331041	-0.0003030
39.338395	-0.0022935
39.345749	-0.0014681
39.353103	0.0004372
39.360459	-0.0001069
39.367815	-0.0000097
39.375172	0.0016413
39.382529	-0.0013584
39.389888	0.0007125
39.397246	0.0004711
39.404606	-0.0009919
39.411966	0.0000638
39.419328	-0.0014214
39.426689	0.0003526
39.434052	-0.0007601
39.441415	0.0008422
39.448779	-0.0005278
39.456143	-0.0018941
39.463509	0.0012502
39.470875	-0.0003502
39.478241	-0.0006521
39.485609	-0.0008030
39.492977	-0.0000888
39.500346	-0.0007821
39.507715	0.0001146
39.515085	0.0002237
39.522456	-0.0004319
39.529828	-0.0004924
39.537200	0.0004545
39.544573	-0.0013690
39.551947	0.0003827
39.559321	0.0006002
39.566696	-0.0003763
39.574072	-0.0012424
39.581449	0.0005892
39.588826	0.0005337
39.596204	0.0004014
39.603582	0.0024889
39.610962	0.0007599
39.618342	-0.0010537
39.625722	-0.0011367
39.633104	0.0014407
39.640486	0.0009050
39.647869	-0.0022576
39.655252	0.0014532
39.662636	-0.0012004
39.670021	0.0005139
39.677407	-0.0007472
39.684793	-0.0014477
39.692180	0.0001007
39.699568	0.0005980
39.706957	-0.0003172
39.714346	0.0003763
39.721736	-0.0008222
39.729126	0.0008154
39.736518	-0.0005941
39.743909	-0.0000720
39.751302	-0.0009835
39.758696	0.0008710
39.766090	-0.0004325
39.773484	-0.0004945
39.780880	0.0000006
39.788276	-0.0007296
39.795673	0.0010737
39.803070	-0.0014360
39.810469	-0.0003868
39.817868	0.0012867
39.825267	0.0004069
39.832668	0.0001166
39.840069	0.0002701
39.847471	0.0014470
39.854873	0.0016285
39.862276	-0.0007164
39.869680	0.0010805
39.877085	0.0022205
39.884490	0.0001607
39.891896	0.0001266
39.899303	0.0002805
39.906710	-0.0018287
39.914118	-0.0004355
39.921527	-0.0009030
39.928937	-0.0005554
39.936347	0.0015961
39.943758	0.0004110
39.951170	0.0001856
39.958582	-0.0013783
39.965995	-0.0004717
39.973409	-0.0008914
39.980823	0.0000012
39.988238	-0.0001615
39.995654	0.0003470
40.003071	-0.0012953
40.010488	0.0004223
40.017906	0.0002253
40.025325	-0.0003848
40.032744	-0.0005966
40.040164	-0.0004235
40.047585	0.0015389
40.055006	0.0009063
40.062428	-0.0002734
40.069851	-0.0006216
40.077275	-0.0007134
40.084699	-0.0007759
40.092124	-0.0001970
40.099550	-0.0012312
40.106976	-0.0001300
40.114403	-0.0005845
40.121831	-0.0019542
40.129259	0.0003761
40.136689	0.0000622
40.144119	0.0001857
40.151549	-0.0006779
40.158980	0.0007018
40.166412	0.0009686
40.173845	-0.0010004
40.181279	0.0001801
40.188713	0.0021217
40.196148	0.0017217
40.203583	-0.0008828
40.211019	-0.0002768
40.218456	-0.0005101
40.225894	-0.0007540
40.233332	0.0002279
40.240771	0.0011183
40.248211	0.0002543
40.255651	-0.0003419
40.263092	0.0003235
40.270534	-0.0018670
40.277977	0.0003736
40.285420	0.0017127
40.292864	0.0011963
40.300309	-0.0011664
40.307754	-0.0008588
40.315200	0.0028643
40.322647	-0.0007247
40.330094	-0.0007625
40.337542	0.0020475
40.344991	0.0023937
40.352441	0.0008495
40.359891	-0.0003262
40.367342	-0.0010145
40.374794	-0.0000028
40.382246	-0.0011419
40.389699	-0.0018823
40.397153	0.0020002
40.404607	-0.0002757
40.412063	-0.0001635
40.419518	0.0011396
40.426975	0.0000154
40.434432	0.0004686
40.441890	0.0022738
40.449349	0.0006458
40.456808	0.0002609
40.464268	-0.0011269
40.471729	0.0000306
40.479191	0.0011640
40.486653	-0.0003419
40.494116	-0.0007776
40.501579	-0.0010240
40.509044	-0.0013079
40.516509	-0.0014972
40.523975	0.0006051
40.531441	-0.0013135
40.538908	0.0002783
40.546376	-0.0008676
40.553844	-0.0002689
40.561314	-0.0000072
40.568784	-0.0029486
40.576254	-0.0000553
40.583726	-0.0009639
40.591198	0.0003958
40.598670	0.0015067
40.606144	-0.0005644
40.613618	-0.0026031
40.621093	0.0012334
40.628568	-0.0019268
40.636045	-0.0007959
40.643522	-0.0002427
40.650999	-0.0018415
40.658478	-0.0017802
40.665957	-0.0003057
40.673436	0.0000166
40.680917	0.0006645
40.688398	-0.0009088
40.695880	-0.0001688
40.703362	0.0016619
40.710846	-0.0020865
40.718330	-0.0010768
40.725814	0.0029587
40.733300	-0.0005447
40.740786	0.0007956
40.748273	0.0015777
40.755760	0.0008869
40.763248	0.0009176
40.770737	-0.0007798
40.778227	0.0004750
40.785717	0.0002352
40.793208	-0.0023892
40.800700	-0.0004693
40.808192	-0.0015675
40.815685	-0.0009521
40.823179	-0.0005525
40.830674	0.0004229
40.838169	-0.0008978
40.845665	0.0004181
40.853161	-0.0012669
40.860659	0.0003351
40.868157	-0.0005346
40.875656	-0.0012712
40.883155	-0.0002472
40.890655	-0.0008805
40.898156	0.0009692
40.905657	0.0000153
40.913160	-0.0010482
40.920663	-0.0012595
40.928166	0.0008044
40.935671	0.0009588
40.943176	0.0002372
40.950681	-0.0011427
40.958188	0.0005444
40.965695	0.0010087
40.973203	0.0005633
40.980711	-0.0004571
40.988221	0.0007602
40.995731	0.0001426
41.003241	0.0002448
41.010753	0.0015961
41.018265	0.0002345
41.025778	0.0012146
41.033291	0.0006609
41.040805	0.0007589
41.048320	0.0012206
41.055836	-0.0012457
41.063352	-0.0005545
41.070869	0.0003519
41.078387	0.0001811
41.085905	-0.0006726
41.093424	-0.0012262
41.100944	-0.0006853
41.108464	-0.0006369
41.115986	0.0003638
41.123508	0.0003753
41.131030	0.0008338
41.138554	0.0006529
41.146078	-0.0012435
41.153602	-0.0005051
41.161128	-0.0002275
41.168654	-0.0005640
41.176181	-0.0020533
41.183708	0.0003041
41.191236	-0.0011676
41.198765	-0.0001337
41.206295	0.0010069
41.213825	-0.0009243
41.221356	-0.0008333
41.228888	0.0009689
41.236421	-0.0005844
41.243954	-0.0002195
41.251487	-0.0004005
41.259022	0.0002910
41.266557	0.0008688
41.274093	0.0016658
41.281630	0.0026708
41.289167	0.0011868
41.296705	-0.0006672
41.304244	-0.0007196
41.311784	0.0008885
41.319324	-0.0013352
41.326865	0.0006916
41.334406	0.0001279
41.341948	0.0003116
41.349491	-0.0003107
41.357035	-0.0016665
41.364580	-0.0012209
41.372125	0.0011020
41.379670	-0.0008078
41.387217	-0.0002821
41.394764	-0.0009125
41.402312	0.0001503
41.409861	-0.0004532
41.417410	-0.0014002
41.424960	0.0002196
41.432511	0.0002038
41.440062	-0.0005848
41.447614	-0.0000636
41.455167	-0.0007398
41.462720	0.0001706
41.470275	-0.0020790
41.477830	-0.0012521
41.485385	-0.0021355
41.492942	0.0014542
41.500499	0.0008484
41.508056	0.0009369
41.515615	0.0002830
41.523174	-0.0014443
41.530734	-0.0011817
41.538294	-0.0003478
41.545855	-0.0022230
41.553417	0.0009930
41.560980	-0.0000750
41.568543	0.0000652
41.576107	0.0003165
41.583672	0.0007681
41.591238	-0.0009753
41.598804	0.0013136
41.606371	0.0004006
41.613938	-0.0023002
41.621507	0.0004703
41.629076	0.0001241
41.636645	0.0002974
41.644216	-0.0009407
41.651787	-0.0006340
41.659358	0.0001744
41.666931	0.0004499
41.674504	-0.0006204
41.682078	-0.0004821
41.689653	0.0011545
41.697228	-0.0000964
41.704804	0.0012069
41.712381	0.0023634
41.719958	0.0011891
41.727536	0.0013725
41.735115	-0.0002662
41.742694	-0.0003771
41.750275	-0.0004430
41.757855	-0.0021606
41.765437	0.0001378
41.773019	0.0001802
41.780602	-0.0004447
41.788186	0.0011308
41.795771	0.0007735
41.803356	-0.0001081
41.810941	-0.0008521
41.818528	-0.0003390
41.826115	0.0000883
41.833703	-0.0001124
41.841292	0.0000035
41.848881	0.0014993
41.856471	0.0011173
41.864062	0.0003169
41.871653	-0.0000471
41.879246	-0.0003545
41.886838	-0.0001086
41.894432	-0.0015446
41.902026	-0.0006050
41.909621	0.0004460
41.917217	-0.0015506
41.924813	-0.0004150
41.932410	0.0013545
41.940008	-0.0013372
41.947606	0.0007979
41.955206	-0.0007801
41.962806	-0.0010374
41.970406	-0.0007147
41.978007	0.0013396
41.985609	-0.0002935
41.993212	-0.0009384
42.000815	-0.0001166
42.008419	-0.0007699
42.016024	-0.0002155
42.023630	-0.0022085
42.031236	-0.0009604
42.038843	-0.0002456
42.046450	0.0013233
42.054059	0.0001540
42.061668	-0.0009106
42.069277	0.0011365
42.076888	-0.0014510
42.084499	0.0001118
42.092111	0.0007552
42.099723	-0.0000281
42.107337	-0.0000051
42.114950	-0.0000323
42.122565	0.0000900
42.130180	-0.0020727
42.137796	-0.0009710
42.145413	0.0000202
42.153031	0.0012317
42.160649	-0.0007100
42.168268	0.0025193
42.175887	-0.0003129
42.183507	-0.0005678
42.191128	0.0006921
42.198750	0.0018987
42.206372	0.0002510
42.213995	-0.0001194
42.221619	0.0015527
42.229244	-0.0017623
42.236869	0.0010323
42.244495	0.0004454
42.252121	-0.0004772
42.259748	0.0004336
42.267376	0.0012758
42.275005	0.0002159
42.282634	-0.0007333
42.290265	-0.0004684
42.297895	-0.0000760
42.305527	0.0001115
42.313159	0.0015973
42.320792	-0.0000230
42.328425	-0.0008494
42.336060	0.0011268
42.343695	0.0015249
42.351330	0.0009871
42.358967	0.0002662
42.366604	-0.0014899
42.374242	-0.0000753
42.381880	0.0009722
42.389519	0.0007768
42.397159	-0.0009865
42.404800	0.0004140
42.412441	0.0017903
42.420083	-0.0010750
42.427726	0.0004696
42.435370	-0.0009259
42.443014	-0.0007673
42.450658	0.0001025
42.458304	-0.0000887
42.465950	-0.0026404
42.473597	-0.0011774
42.481245	-0.0003495
42.488893	0.0010071
42.496542	-0.0015166
42.504192	0.0010513
42.511842	-0.0005962
42.519494	0.0014015
42.527145	-0.0005826
42.534798	0.0005333
42.542451	0.0002428
42.550105	-0.0002633
42.557760	0.0010230
42.565415	0.0001846
42.573071	0.0000748
42.580728	-0.0004530
42.588385	0.0000795
42.596044	-0.0002871
42.603703	-0.0006636
42.611362	0.0003656
42.619022	-0.0002367
42.626683	-0.0007551
42.634345	-0.0001577
42.642007	0.0009826
42.649671	0.0002853
42.657334	0.0000623
42.664999	0.0002364
42.672664	-0.0013745
42.680330	-0.0003317
42.687997	0.0004028
42.695664	-0.0003794
42.703332	0.0010626
42.711001	0.0001593
42.718670	0.0007650
42.726340	-0.0001678
42.734011	-0.0007719
42.741682	0.0003054
42.749355	-0.0009607
42.757028	0.0002361
42.764701	0.0003849
42.772376	0.0008578
42.780051	0.0012697
42.787726	0.0022740
42.795403	0.0002845
42.803080	-0.0018504
42.810758	-0.0005597
42.818436	0.0003032
42.826115	0.0007103
42.833795	-0.0004955
42.841476	0.0007503
42.849157	-0.0007952
42.856839	-0.0003924
42.864522	0.0001786
42.872206	0.0006493
42.879890	0.0004801
42.887575	-0.0012582
42.895260	-0.0013219
42.902947	0.0007187
42.910634	-0.0009543
42.918321	0.0013217
42.926010	0.0012042
42.933699	-0.0003667
42.941388	-0.0007909
42.949079	0.0006898
42.956770	0.0002041
42.964462	-0.0005167
42.972155	-0.0002013
42.979848	-0.0000564
42.987542	-0.0015648
42.995237	-0.0004493
43.002932	0.0000139
43.010628	-0.0001268
43.018325	-0.0012604
43.026022	0.0005428
43.033721	-0.0007853
43.041420	-0.0016491
43.049119	0.0004699
43.056819	-0.0003006
43.064520	0.0007011
43.072222	0.0005904
43.079925	0.0015076
43.087628	0.0001064
43.095332	0.0000347
43.103036	-0.0007127
43.110741	-0.0002183
43.118447	-0.0003861
43.126154	0.0012401
43.133861	0.0005860
43.141569	0.0014809
43.149278	0.0010805
43.156987	-0.0007659
43.164698	0.0001846
43.172409	-0.0008896
43.180120	0.0021241
43.187832	-0.0000235
43.195545	0.0002928
43.203259	0.0000773
43.210973	-0.0006946
43.218688	0.0008004
43.226404	-0.0009205
43.234121	-0.0004532
43.241838	0.0005908
43.249556	-0.0000287
43.257274	-0.0005697
43.264994	-0.0008145
43.272714	0.0023840
43.280434	0.0003407
43.288156	-0.0005258
43.295878	-0.0005774
43.303600	-0.0014587
43.311324	0.0005983
43.319048	0.0006201
43.326773	-0.0008511
43.334499	0.0010528
43.342225	-0.0011801
43.349952	-0.0010892
43.357680	-0.0010415
43.365408	-0.0001942
43.373137	-0.0018519
43.380867	-0.0007566
43.388598	-0.0006943
43.396329	0.0008193
43.404061	-0.0003435
43.411793	-0.0011553
43.419527	-0.0016919
43.427261	0.0006519
43.434995	-0.0004341
43.442731	-0.0013525
43.450467	0.0005329
43.458204	-0.0005140
43.465941	0.0003342
43.473680	-0.0012329
43.481419	-0.0000818
43.489158	0.0014326
43.496899	-0.0003959
43.504640	-0.0001625
43.512381	0.0009210
43.520124	0.0007292
43.527867	-0.0007231
43.535611	0.0004818
43.543356	0.0004401
43.551101	-0.0003125
43.558847	0.0010475
43.566593	-0.0008817
43.574341	0.0000025
43.582089	-0.0008405
43.589838	-0.0005250
43.597587	0.0008184
43.605337	0.0008652
43.613088	0.0008818
43.620840	-0.0019819
43.628592	-0.0002384
43.636345	0.0013812
43.644099	-0.0010644
43.651853	-0.0009442
43.659608	0.0001257
43.667364	-0.0004947
43.675121	0.0013322
43.682878	-0.0016201
43.690636	0.0003561
43.698394	0.0010163
43.706154	0.0006510
43.713914	0.0006880
43.721674	0.0000882
43.729436	0.0020565
43.737198	0.0009861
43.744961	0.0003426
43.752724	0.0008944
43.760489	-0.0008751
43.768254	0.0004101
43.776019	0.0001925
43.783786	0.0008980
43.791553	0.0008756
43.799320	0.0009152
43.807089	-0.0002456
43.814858	0.0007692
43.822628	0.0000102
43.830398	0.0008411
43.838170	-0.0007466
43.845942	-0.0002558
43.853714	-0.0005251
43.861488	-0.0015005
43.869262	0.0009820
43.877036	0.0013531
43.884812	0.0024788
43.892588	-0.0027170
43.900365	0.0003202
43.908143	-0.0001277
43.915921	0.0018439
43.923700	0.0005481
43.931479	-0.0015788
43.939260	-0.0005480
43.947041	0.0007725
43.954823	-0.0001207
43.962605	-0.0008058
43.970388	0.0006549
43.978172	0.0016735
43.985957	0.0000989
43.993742	0.0014954
44.001528	0.0001410
44.009315	0.0010507
44.017102	0.0002051
44.024891	0.0007366
44.032679	0.0020568
44.040469	-0.0006114
44.048259	0.0007304
44.056050	0.0003418
44.063842	0.0006817
44.071634	0.0003031
44.079427	0.0000486
44.087221	0.0000147
44.095015	-0.0014430
44.102810	-0.0010450
44.110606	-0.0005694
44.118403	0.0014255
44.126200	0.0010490
44.133998	-0.0008996
44.141797	-0.0004490
44.149596	-0.0011335
44.157396	-0.0014290
44.165197	0.0008654
44.172998	0.0003826
44.180800	0.0007700
44.188603	0.0001333
44.196407	0.0002230
44.204211	-0.0005897
44.212016	0.0000799
44.219822	-0.0002174
44.227628	0.0017844
44.235435	-0.0011448
44.243243	0.0026803
44.251052	0.0022838
44.258861	0.0002126
44.266671	-0.0001690
44.274481	0.0008633
44.282292	0.0001694
44.290104	-0.0006035
44.297917	-0.0008475
44.305731	-0.0011687
44.313545	0.0004978
44.321360	0.0003280
44.329175	-0.0018092
44.336991	0.0013556
44.344808	-0.0007438
44.352626	0.0013293
44.360444	-0.0001145
44.368263	-0.0001368
44.376083	-0.0013566
44.383903	0.0017729
44.391724	-0.0006143
44.399546	0.0001716
44.407369	0.0003416
44.415192	-0.0012872
44.423016	0.0008179
44.430841	0.0007207
44.438666	0.0010187
44.446492	0.0015278
44.454319	0.0003818
44.462146	0.0000083
44.469974	0.0011215
44.477803	0.0008026
44.485633	0.0008629
44.493463	-0.0011432
44.501294	-0.0005296
44.509126	0.0006925
44.516958	-0.0012626
44.524791	0.0005176
44.532625	-0.0009869
44.540459	-0.0004352
44.548294	0.0003738
44.556130	-0.0001319
44.563967	-0.0018376
44.571804	0.0000018
44.579642	-0.0004934
44.587481	0.0007691
44.595320	0.0007097
44.603160	-0.0003765
44.611001	-0.0006393
44.618843	-0.0000919
44.626685	0.0012003
44.634528	0.0011325
44.642371	-0.0005553
44.650216	0.0002033
44.658061	0.0002225
44.665906	0.0001624
44.673753	0.0005577
44.681600	0.0007139
44.689448	0.0005771
44.697296	0.0007791
44.705146	0.0010125
44.712996	-0.0006630
44.720846	-0.0012236
44.728697	-0.0008334
44.736550	-0.0011347
44.744402	-0.0003830
44.752256	-0.0000320
44.760110	0.0013203
44.767965	-0.0007807
44.775820	-0.0008223
44.783676	0.0013956
44.791533	0.0012584
44.799391	-0.0000121
44.807249	0.0002811
44.815108	-0.0000992
44.822968	-0.0000292
44.830829	0.0003603
44.838690	0.0002833
44.846552	-0.0003486
44.854414	-0.0009795
44.862278	-0.0001363
44.870142	0.0009460
44.878006	-0.0011555
44.885872	0.0000214
44.893738	-0.0000076
44.901605	-0.0016000
44.909472	-0.0006115
44.917340	0.0014678
44.925209	0.0012974
44.933079	-0.0001041
44.940949	-0.0016490
44.948820	0.0015426
44.956692	-0.0003148
44.964564	-0.0011050
44.972437	-0.0007207
44.980311	-0.0004282
44.988186	0.0006732
44.996061	0.0012814
45.003937	0.0005224
45.011813	0.0007827
45.019691	0.0010016
45.027569	-0.0002362
45.035447	0.0000308
45.043327	0.0001052
45.051207	-0.0012193
45.059088	-0.0017089
45.066969	0.0002692
45.074852	-0.0019577
45.082734	-0.0000282
45.090618	0.0002143
45.098502	-0.0015471
45.106387	0.0009838
45.114273	0.0009637
45.122160	-0.0004890
45.130047	0.0008425
45.137935	-0.0017729
45.145823	0.0003114
45.153713	-0.0017542
45.161603	-0.0003564
45.169493	0.0003020
45.177385	-0.0013761
45.185277	0.0016823
45.193169	-0.0017595
45.201063	0.0014637
45.208957	0.0005580
45.216852	0.0011766
45.224748	-0.0008922
45.232644	-0.0010117
45.240541	0.0012118
45.248438	0.0002425
45.256337	-0.0021308
45.264236	-0.0004777
45.272136	-0.0012085
45.280036	0.0000839
45.287937	0.0002140
45.295839	-0.0001704
45.303742	0.0013057
45.311645	-0.0010150
45.319549	-0.0016942
45.327454	-0.0009037
45.335359	0.0014229
45.343266	0.0017187
45.351172	-0.0005108
45.359080	-0.0012793
45.366988	-0.0000836
45.374897	-0.0008841
45.382807	0.0021131
45.390717	0.0001222
45.398628	-0.0001851
45.406540	-0.0016989
45.414452	0.0002139
45.422365	0.0006480
45.430279	0.0004669
45.438194	0.0000327
45.446109	0.0002346
45.454025	-0.0000238
45.461942	-0.0015695
45.469859	-0.0009828
45.477777	-0.0012320
45.485696	-0.0002645
45.493615	0.0005687
45.501536	-0.0005779
45.509456	0.0004856
45.517378	0.0021430
45.525300	0.0001899
45.533223	0.0008637
45.541147	0.0007884
45.549071	-0.0000560
45.556996	-0.0000615
45.564922	0.0007651
45.572849	-0.0017981
45.580776	0.0017303
45.588704	-0.0014836
45.596632	-0.0014638
45.604562	0.0017871
45.612492	-0.0000881
45.620422	-0.0003655
45.628354	0.0005659
45.636286	0.0003671
45.644219	0.0004750
45.652152	0.0021452
45.660086	-0.0003142
45.668021	-0.0004014
45.675957	0.0003434
45.683893	0.0000811
45.691830	-0.0004378
45.699768	-0.0023023
45.707706	0.0004652
45.715646	0.0023302
45.723585	0.0005612
45.731526	0.0004863
45.739467	0.0009131
45.747409	0.0006410
45.755352	0.0011543
45.763295	-0.0005086
45.771239	-0.0004301
45.779184	-0.0015796
45.787129	0.0014916
45.795076	-0.0000818
45.803022	0.0009266
45.810970	0.0002550
45.818918	0.0005236
45.826867	0.0005121
45.834817	-0.0000529
45.842767	0.0008490
45.850718	-0.0004648
45.858670	0.0008602
45.866623	0.0006293
45.874576	0.0003418
45.882530	-0.0013615
45.890484	0.0000831
45.898439	-0.0008828
45.906395	-0.0002484
45.914352	0.0005582
45.922310	0.0005797
45.930268	0.0017925
45.938226	-0.0008219
45.946186	-0.0007449
45.954146	-0.0003271
45.962107	0.0002904
45.970069	-0.0000755
45.978031	-0.0000207
45.985994	-0.0008136
45.993958	0.0000510
46.001922	-0.0001112
46.009887	0.0007465
46.017853	-0.0019832
46.025820	0.0002491
46.033787	0.0003471
46.041755	-0.0019812
46.049723	-0.0003988
46.057693	-0.0002830
46.065663	-0.0014365
46.073634	0.0006841
46.081605	-0.0001606
46.089577	-0.0006071
46.097550	-0.0010166
46.105524	0.0005727
46.113498	-0.0007696
46.121473	-0.0000359
46.129448	-0.0001174
46.137425	-0.0001181
46.145402	0.0007898
46.153380	-0.0006240
46.161358	0.0012953
46.169337	0.0009758
46.177317	0.0008275
46.185298	-0.0003684
46.193279	-0.0004384
46.201261	0.0005096
46.209244	0.0000654
46.217227	-0.0010231
46.225211	-0.0024533
46.233196	0.0017322
46.241181	0.0015667
46.249168	0.0000849
46.257154	0.0011020
46.265142	0.0001974
46.273130	0.0019222
46.281119	0.0005810
46.289109	0.0013091
46.297100	0.0003513
46.305091	0.0000628
46.313082	0.0009270
46.321075	-0.0018805
46.329068	-0.0004482
46.337062	-0.0012568
46.345057	-0.0007412
46.353052	0.0014810
46.361048	-0.0008753
46.369045	0.0003601
46.377042	-0.0016988
46.385040	0.0017019
46.393039	-0.0012857
46.401039	-0.0000907
46.409039	-0.0014364
46.417040	-0.0003371
46.425042	-0.0007091
46.433044	0.0008232
46.441047	0.0005225
46.449051	-0.0016382
46.457055	-0.0015763
46.465060	0.0011830
46.473066	0.0010761
46.481073	-0.0008031
46.489080	0.0005713
46.497088	-0.0012865
46.505097	0.0001871
46.513106	0.0015912
46.521116	0.0000835
46.529127	0.0014916
46.537138	0.0000859
46.545151	0.0002370
46.553163	0.0001108
46.561177	-0.0003701
46.569191	0.0001414
46.577206	0.0008251
46.585222	0.0008678
46.593238	-0.0006231
46.601256	-0.0000614
46.609273	0.0005595
46.617292	-0.0000489
46.625311	0.0002255
46.633331	0.0017274
46.641352	-0.0002574
46.649373	0.0005046
46.657395	0.0008885
46.665418	-0.0002842
46.673441	0.0012268
46.681465	0.0004487
46.689490	0.0004602
46.697516	0.0008401
46.705542	0.0012092
46.713569	-0.0017219
46.721596	-0.0006463
46.729625	-0.0000918
46.737654	-0.0013053
46.745683	-0.0000848
46.753714	-0.0001515
46.761745	0.0004929
46.769777	-0.0014916
46.777809	-0.0007877
46.785843	0.0006682
46.793877	-0.0002621
46.801911	0.0009604
46.809947	-0.0011835
46.817983	0.0008584
46.826019	0.0008859
46.834057	0.0002603
46.842095	0.0010287
46.850134	0.0000111
46.858174	-0.0015309
46.866214	-0.0003755
46.874255	-0.0012657
46.882297	-0.0017102
46.890339	-0.0000806
46.898382	0.0000712
46.906426	-0.0003161
46.914470	0.0007384
46.922515	-0.0002774
46.930561	-0.0005262
46.938608	0.0009881
46.946655	0.0005623
46.954703	0.0000089
46.962752	-0.0007388
46.970801	-0.0006857
46.978852	-0.0007987
46.986902	-0.0007304
46.994954	-0.0015025
47.003006	-0.0004743
47.011059	0.0001794
47.019113	0.0000963
47.027167	-0.0001693
47.035222	-0.0001765
47.043278	-0.0020111
47.051334	-0.0002523
47.059391	-0.0009063
47.067449	0.0012256
47.075508	0.0011133
47.083567	-0.0011474
47.091627	0.0000563
47.099687	-0.0000789
47.107749	-0.0004171
47.115811	0.0005304
47.123874	0.0006462
47.131937	-0.0004184
47.140001	-0.0008903
47.148066	0.0005320
47.156132	0.0006996
47.164198	-0.0003089
47.172265	-0.0009855
47.180333	-0.0010630
47.188401	-0.0016524
47.196470	-0.0002144
47.204540	-0.0001181
47.212610	0.0003583
47.220682	0.0008272
47.228753	-0.0003736
47.236826	0.0005967
47.244899	-0.0008984
47.252973	-0.0003251
47.261048	0.0007994
47.269123	0.0002485
47.277199	0.0004364
47.285276	-0.0025247
47.293354	0.0006009
47.301432	-0.0004553
47.309511	-0.0015173
47.317591	0.0002643
47.325671	-0.0010667
47.333752	-0.0000091
47.341834	0.0002106
47.349916	-0.0001119
47.357999	-0.0012177
47.366083	-0.0002045
47.374167	-0.0013678
47.382253	0.0007578
47.390339	-0.0002151
47.398425	-0.0013738
47.406513	0.0001520
47.414601	0.0002370
47.422689	-0.0000697
47.430779	0.0012002
47.438869	-0.0013746
47.446960	0.0003798
47.455051	-0.0008362
47.463144	-0.0005483
47.471237	0.0003265
47.479330	-0.0014547
47.487425	-0.0015041
47.495520	0.0003335
47.503616	-0.0000742
47.511712	0.0013639
47.519809	0.0017732
47.527907	-0.0013217
47.536006	0.0022167
47.544105	-0.0014454
47.552205	0.0014637
47.560306	0.0007425
47.568407	-0.0009081
47.576509	0.0014256
47.584612	-0.0005537
47.592715	0.0002955
47.600820	0.0012431
47.608924	-0.0010338
47.617030	0.0004875
47.625136	0.0005613
47.633243	-0.0000409
47.641351	-0.0006183
47.649459	0.0014767
47.657569	0.0016860
47.665678	-0.0013946
47.673789	-0.0014643
47.681900	-0.0003670
47.690012	-0.0004554
47.698125	-0.0008988
47.706238	0.0003276
47.714352	-0.0004425
47.722467	-0.0010057
47.730582	0.0005009
47.738698	0.0009787
47.746815	0.0003678
47.754933	-0.0009932
47.763051	0.0001169
47.771170	0.0006346
47.779290	-0.0013317
47.787410	0.0010088
47.795531	0.0001640
47.803653	0.0010255
47.811775	0.0004189
47.819898	-0.0006798
47.828022	-0.0000167
47.836147	-0.0014633
47.844272	-0.0022687
47.852398	-0.0010427
47.860525	-0.0010675
47.868652	-0.0007848
47.876780	-0.0004566
47.884909	0.0004051
47.893038	0.0015919
47.901169	-0.0000914
47.909299	-0.0000173
47.917431	0.0020277
47.925563	0.0005668
47.933696	-0.0013165
47.941830	-0.0016873
47.949964	-0.0010454
47.958100	0.0002305
47.966235	-0.0009793
47.974372	0.0007604
47.982509	0.0001994
47.990647	-0.0003624
47.998786	-0.0005776
48.006925	0.0006823
48.015065	0.0002156
48.023206	-0.0005980
48.031347	-0.0007060
48.039489	-0.0006198
48.047632	-0.0000974
48.055776	0.0001226
48.063920	-0.0001703
48.072065	0.0010772
48.080210	-0.0009247
48.088357	-0.0004296
48.096504	-0.0000560
48.104652	-0.0009418
48.112800	0.0008880
48.120949	0.0011405
48.129099	-0.0005086
48.137250	0.0003459
48.145401	0.0002542
48.153553	0.0001789
48.161705	0.0015528
48.169859	-0.0002209
48.178013	-0.0005756
48.186168	0.0012721
48.194323	0.0006782
48.202479	0.0000859
48.210636	-0.0006011
48.218794	0.0014002
48.226952	-0.0003595
48.235111	-0.0006319
48.243271	0.0013079
48.251431	0.0002127
48.259592	0.0006116
48.267754	0.0007777
48.275916	0.0001647
48.284080	-0.0009447
48.292244	-0.0009721
48.300408	0.0014321
48.308573	-0.0005479
48.316740	0.0022212
48.324906	-0.0006062
48.333074	-0.0005080
48.341242	0.0013690
48.349411	-0.0009335
48.357580	0.0001762
48.365750	-0.0000014
48.373921	-0.0002806
48.382093	-0.0003967
48.390265	-0.0007948
48.398438	0.0015452
48.406612	0.0003822
48.414786	0.0004012
48.422962	0.0002285
48.431137	-0.0007250
48.439314	-0.0001749
48.447491	0.0004136
48.455669	-0.0015123
48.463848	-0.0003117
48.472027	0.0001564
48.480207	-0.0001225
48.488388	0.0006348
48.496569	-0.0008605
48.504752	-0.0012215
48.512934	-0.0015668
48.521118	-0.0003590
48.529302	-0.0008066
48.537487	-0.0005499
48.545673	-0.0008623
48.553859	0.0007736
48.562046	-0.0002608
48.570234	0.0003945
48.578423	-0.0000161
48.586612	-0.0014735
48.594802	0.0006364
48.602992	0.0002450
48.611184	0.0013682
48.619376	0.0022594
48.627568	0.0003081
48.635762	-0.0001267
48.643956	-0.0025631
48.652151	-0.0006979
48.660346	-0.0013235
48.668542	-0.0009333
48.676739	-0.0001681
48.684937	0.0009152
48.693135	0.0006566
48.701334	0.0008015
48.709534	0.0010822
48.717734	0.0001372
48.725936	-0.0008588
48.734137	0.0018482
48.742340	0.0008088
48.750543	-0.0004987
48.758747	-0.0006286
48.766952	0.0013733
48.775157	-0.0025816
48.783363	-0.0007925
48.791570	0.0010421
48.799777	-0.0009399
48.807985	-0.0001821
48.816194	0.0019599
48.824404	0.0005758
48.832614	0.0004492
48.840825	0.0005239
48.849037	0.0002679
48.857249	0.0005504
48.865462	-0.0002614
48.873676	-0.0011366
48.881890	-0.0025166
48.890106	0.0007579
48.898321	0.0001212
48.906538	-0.0012605
48.914755	0.0012206
48.922973	-0.0002977
48.931192	-0.0006810
48.939411	0.0005644
48.947631	-0.0002999
48.955852	0.0009174
48.964074	-0.0014754
48.972296	-0.0014188
48.980519	0.0007138
48.988742	0.0004459
48.996967	0.0000185
49.005192	-0.0000391
49.013418	-0.0005040
49.021644	0.0002377
49.029871	0.0009881
49.038099	-0.0014948
49.046327	-0.0000467
49.054557	-0.0008034
49.062787	-0.0010279
49.071017	-0.0008735
49.079249	0.0006148
49.087481	-0.0004358
49.095713	-0.0001449
49.103947	0.0000046
49.112181	-0.0017073
49.120416	0.0007605
49.128651	-0.0006703
49.136888	-0.0017864
49.145124	-0.0006504
49.153362	0.0025815
49.161600	-0.0008662
49.169840	-0.0011951
49.178079	0.0005704
49.186320	0.0005431
49.194561	0.0018729
49.202803	0.0010952
49.211045	0.0011408
49.219289	-0.0001644
49.227533	0.0018479
49.235777	-0.0019445
49.244023	-0.0002716
49.252269	-0.0019747
49.260516	-0.0019689
49.268763	0.0011406
49.277011	0.0024400
49.285260	0.0004518
49.293510	-0.0011746
49.301760	-0.0019397
49.310011	0.0005800
49.318263	-0.0006857
49.326515	0.0005639
49.334768	-0.0010939
49.343022	-0.0010459
49.351277	0.0000610
49.359532	0.0006010
49.367788	0.0001037
49.376044	-0.0015461
49.384302	-0.0004944
49.392560	0.0003463
49.400818	-0.0001818
49.409078	0.0017812
49.417338	-0.0000419
49.425599	0.0004301
49.433860	0.0001763
49.442122	-0.0017329
49.450385	0.0005491
49.458649	0.0000930
49.466913	0.0002967
49.475178	0.0000324
49.483444	-0.0007919
49.491711	-0.0011621
49.499978	0.0008715
49.508246	0.0003077
49.516514	-0.0016469
49.524784	-0.0002875
49.533053	-0.0001833
49.541324	-0.0000241
49.549596	-0.0009184
49.557868	0.0000267
49.566140	0.0013293
49.574414	0.0007779
49.582688	0.0005073
49.590963	0.0016082
49.599238	-0.0010747
49.607515	-0.0006560
49.615792	-0.0002575
49.624069	-0.0001365
49.632348	0.0010397
49.640627	-0.0005830
49.648907	0.0015456
49.657187	-0.0021665
49.665468	0.0004250
49.673750	-0.0012518
49.682033	-0.0008625
49.690316	0.0014854
49.698600	0.0001175
49.706885	-0.0012868
49.715170	0.0010710
49.723456	-0.0014335
49.731743	-0.0011273
49.740031	-0.0004413
49.748319	-0.0004969
49.756608	0.0003886
49.764898	-0.0003349
49.773188	-0.0016501
49.781479	-0.0003290
49.789771	-0.0004185
49.798063	0.0003566
49.806356	0.0008845
49.814650	0.0002458
49.822945	0.0013770
49.831240	-0.0018916
49.839536	-0.0011550
49.847833	0.0012780
49.856130	0.0013719
49.864428	0.0008764
49.872727	0.0002030
49.881026	0.0000781
49.889326	-0.0015444
49.897627	-0.0010344
49.905929	0.0010116
49.914231	-0.0009880
49.922534	-0.0002738
49.930838	-0.0014954
49.939142	0.0014960
49.947447	0.0013074
49.955753	-0.0008219
49.964059	-0.0003096
49.972367	0.0001280
49.980675	-0.0003099
49.988983	0.0001532
49.997292	-0.0012869
50.005602	-0.0001691
50.013913	0.0008770
50.022225	0.0004933
50.030537	-0.0001296
50.038850	0.0002314
50.047163	-0.0016069
50.055477	0.0010257
50.063792	-0.0003483
50.072108	-0.0019188
50.080424	-0.0006460
50.088741	0.0005360
50.097059	-0.0003658
50.105377	0.0017775
50.113696	0.0001651
50.122016	-0.0001246
50.130337	-0.0001585
50.138658	-0.0013038
50.146980	0.0006957
50.155303	-0.0007498
50.163626	-0.0016507
50.171950	-0.0000406
50.180275	-0.0009318
50.188600	-0.0008647
50.196926	-0.0021988
50.205253	0.0023901
50.213581	-0.0011409
50.221909	-0.0002540
50.230238	-0.0004285
50.238568	0.0015663
50.246898	-0.0006043
50.255229	0.0000713
50.263561	-0.0010592
50.271893	-0.0003050
50.280227	0.0009240
50.288560	0.0001741
50.296895	-0.0009846
50.305230	-0.0011779
50.313566	0.0001035
50.321903	0.0014460
50.330240	-0.0010904
50.338578	-0.0011901
50.346917	0.0000428
50.355257	-0.0008578
50.363597	-0.0013412
50.371938	-0.0009884
50.380280	-0.0001009
50.388622	0.0007055
50.396965	-0.0006066
50.405309	-0.0000593
50.413653	0.0000865
50.421998	-0.0006345
50.430344	-0.0020058
50.438690	0.0012884
50.447038	0.0006580
50.455386	-0.0005274
50.463734	0.0009533
50.472084	-0.0006779
50.480434	0.0007812
50.488784	-0.0002081
50.497136	0.0004945
50.505488	0.0004260
50.513841	-0.0018213
50.522194	-0.0011567
50.530549	0.0007904
50.538904	-0.0001899
50.547259	-0.0003747
50.555616	0.0008828
50.563973	0.0015779
50.572330	-0.0004422
50.580689	-0.0021154
50.589048	0.0006257
50.597408	0.0013419
50.605768	0.0005564
50.614130	0.0018379
50.622492	-0.0001482
50.630854	0.0003486
50.639218	0.0002142
50.647582	-0.0001114
50.655947	0.0001540
50.664312	-0.0000703
50.672678	0.0002437
50.681045	0.0001376
50.689413	0.0016469
50.697781	-0.0016591
50.706150	-0.0004503
50.714520	0.0007979
50.722890	0.0006215
50.731261	-0.0017060
50.739633	-0.0006912
50.748006	-0.0013378
50.756379	-0.0004677
50.764753	0.0002100
50.773127	-0.0018979
50.781503	0.0009040
50.789879	-0.0001439
50.798256	0.0001249
50.806633	-0.0007568
50.815011	-0.0009897
50.823390	-0.0013559
50.831769	-0.0007359
50.840150	-0.0006726
50.848531	-0.0011508
50.856912	0.0006732
50.865295	0.0005715
50.873678	0.0002454
50.882061	-0.0016039
50.890446	-0.0009603
50.898831	0.0013750
50.907217	-0.0007332
50.915603	0.0003651
50.923991	0.0019594
50.932379	-0.0004708
50.940767	0.0011249
50.949157	-0.0000235
50.957547	0.0007927
50.965938	-0.0009826
50.974329	-0.0001194
50.982721	0.0020632
50.991114	-0.0001736
50.999508	0.0013422
51.007902	-0.0004790
51.016297	-0.0003616
51.024693	0.0000273
51.033089	-0.0000002
51.041486	0.0012738
51.049884	0.0000016
51.058282	0.0008093
51.066682	-0.0004596
51.075082	-0.0000469
51.083482	-0.0024590
51.091884	-0.0014100
51.100286	0.0002977
51.108688	-0.0003330
51.117092	-0.0029987
51.125496	-0.0008240
51.133901	0.0002047
51.142306	-0.0016093
51.150712	-0.0000136
51.159119	-0.0011802
51.167527	0.0008156
51.175935	0.0009740
51.184344	-0.0010691
51.192754	-0.0019724
51.201165	-0.0015600
51.209576	-0.0016640
51.217987	0.0007107
51.226400	-0.0003332
51.234813	-0.0014035
51.243227	0.0005053
51.251642	-0.0005114
51.260057	0.0014183
51.268473	-0.0009527
51.276890	0.0003916
51.285308	-0.0013629
51.293726	-0.0000320
51.302145	0.0006780
51.310564	-0.0009260
51.318984	-0.0016719
51.327405	0.0010034
51.335827	-0.0004312
51.344250	0.0017065
51.352673	0.0005592
51.361096	-0.0009068
51.369521	-0.0001632
51.377946	-0.0004302
51.386372	-0.0009554
51.394799	-0.0020779
51.403226	-0.0001095
51.411654	0.0010268
51.420083	-0.0003590
51.428512	0.0000902
51.436942	-0.0006014
51.445373	0.0013011
51.453804	0.0016170
51.462237	0.0013514
51.470670	-0.0001529
51.479103	-0.0002854
51.487538	-0.0000924
51.495973	-0.0010294
51.504408	-0.0011037
51.512845	-0.0008602
51.521282	-0.0009388
51.529720	0.0008446
51.538158	-0.0010026
51.546597	-0.0000448
51.555037	-0.0004018
51.563478	0.0003632
51.571919	0.0020354
51.580361	0.0012429
51.588804	-0.0002560
51.597248	0.0000427
51.605692	-0.0004067
51.614137	-0.0014706
51.622582	-0.0006024
51.631029	0.0006331
51.639476	-0.0023940
51.647923	0.0017933
51.656372	0.0002324
51.664821	-0.0015763
51.673270	0.0000725
51.681721	0.0005977
51.690172	-0.0007239
51.698624	0.0005684
51.707077	0.0006655
51.715530	-0.0002018
51.723984	-0.0010259
51.732439	-0.0010351
51.740894	-0.0014275
51.749350	-0.0012862
51.757807	0.0008969
51.766264	0.0006243
51.774723	-0.0011335
51.783181	0.0004184
51.791641	0.0011195
51.800101	-0.0005173
51.808562	-0.0008246
51.817024	-0.0009581
51.825487	0.0004864
51.833950	-0.0004611
51.842413	-0.0005771
51.850878	-0.0000323
51.859343	0.0004831
51.867809	-0.0001906
51.876276	-0.0017276
51.884743	-0.0006038
51.893211	-0.0006008
51.901680	0.0003195
51.910149	0.0000493
51.918620	0.0002580
51.927090	-0.0000037
51.935562	-0.0000157
51.944034	-0.0010782
51.952507	0.0003991
51.960981	0.0002537
51.969455	-0.0008941
51.977930	-0.0000489
51.986406	0.0002423
51.994882	-0.0001039
52.003360	0.0005839
52.011838	0.0006191
52.020316	-0.0012451
52.028795	-0.0018360
52.037275	0.0009714
52.045756	0.0002314
52.054237	-0.0002140
52.062719	0.0006076
52.071202	0.0007926
52.079686	0.0012932
52.088170	0.0009501
52.096655	0.0005918
52.105140	-0.0029018
52.113627	0.0005684
52.122114	-0.0009557
52.130601	-0.0016176
52.139090	-0.0003173
52.147579	-0.0012123
52.156069	-0.0005221
52.164559	0.0002270
52.173051	0.0006082
52.181542	0.0006623
52.190035	0.0010103
52.198528	0.0013034
52.207022	0.0012533
52.215517	-0.0000188
52.224013	0.0003295
52.232509	0.0000064
52.241006	0.0010914
52.249503	-0.0015864
52.258001	0.0008593
52.266500	0.0006515
52.275000	-0.0009744
52.283500	0.0005637
52.292001	-0.0003117
52.300503	-0.0016360
52.309006	0.0003525
52.317509	0.0008257
52.326013	-0.0009616
52.334517	-0.0007986
52.343022	-0.0001448
52.351528	0.0008174
52.360035	0.0014183
52.368542	0.0012295
52.377051	0.0000280
52.385559	0.0013698
52.394069	-0.0005952
52.402579	0.0001660
52.411090	0.0020545
52.419601	-0.0021755
52.428114	0.0004502
52.436627	-0.0001745
52.445140	-0.0009733
52.453655	-0.0000759
52.462170	0.0023051
52.470686	0.0004968
52.479202	-0.0000300
52.487720	0.0008108
52.496237	0.0007668
52.504756	-0.0014257
52.513275	0.0025011
52.521795	-0.0003552
52.530316	-0.0002841
52.538838	0.0009611
52.547360	-0.0002902
52.555882	-0.0000754
52.564406	-0.0002619
52.572930	-0.0000783
52.581455	0.0004214
52.589981	0.0012262
52.598507	-0.0000946
52.607034	-0.0014319
52.615562	-0.0021369
52.624090	-0.0009037
52.632620	-0.0014534
52.641149	0.0009434
52.649680	0.0016014
52.658211	0.0000367
52.666743	0.0003734
52.675276	0.0006009
52.683809	0.0002175
52.692343	-0.0002397
52.700878	0.0005259
52.709413	0.0007242
52.717950	0.0029264
52.726487	-0.0000345
52.735024	-0.0003341
52.743562	-0.0005441
52.752101	0.0008149
52.760641	0.0005761
52.769181	0.0000262
52.777723	0.0010358
52.786264	-0.0005854
52.794807	-0.0006504
52.803350	0.0011704
52.811894	-0.0011300
52.820439	0.0003991
52.828984	0.0011279
52.837530	0.0002865
52.846077	-0.0001915
52.854624	-0.0023193
52.863172	-0.0016588
52.871721	0.0006042
52.880270	0.0005306
52.888821	0.0017938
52.897372	-0.0000599
52.905923	0.0006694
52.914476	-0.0003769
52.923029	0.0004863
52.931582	-0.0008429
52.940137	-0.0004679
52.948692	0.0004214
52.957248	0.0001905
52.965804	-0.0018829
52.974361	-0.0032473
52.982919	-0.0012255
52.991478	-0.0004270
53.000037	0.0007146
53.008597	-0.0002671
53.017158	-0.0003150
53.025720	-0.0005726
53.034282	0.0004201
53.042845	-0.0000886
53.051408	-0.0011079
53.059973	0.0015439
53.068538	0.0003875
53.077103	-0.0006369
53.085670	-0.0014337
53.094237	-0.0009748
53.102804	-0.0005519
53.111373	-0.0011132
53.119942	-0.0001359
53.128512	0.0016995
53.137083	-0.0011600
53.145654	0.0005024
53.154226	0.0011578
53.162799	0.0003766
53.171372	-0.0013604
53.179946	0.0000235
53.188521	-0.0003368
53.197096	0.0017327
53.205673	0.0003446
53.214250	0.0000913
53.222827	0.0003400
53.231405	-0.0000321
53.239984	0.0003734
53.248564	-0.0000646
53.257145	-0.0000558
53.265726	0.0021625
53.274308	0.0027884
53.282890	-0.0003261
53.291473	-0.0000931
53.300057	-0.0014590
53.308642	-0.0000522
53.317227	-0.0007696
53.325813	-0.0014574
53.334400	0.0005360
53.342987	-0.0001148
53.351576	0.0006539
53.360165	-0.0007751
53.368754	0.0008368
53.377344	0.0020494
53.385935	0.0009050
53.394527	0.0015497
53.403119	0.0010075
53.411712	-0.0021173
53.420306	-0.0002807
53.428901	0.0005736
53.437496	-0.0009839
53.446092	0.0014376
53.454688	0.0011236
53.463286	-0.0010776
53.471884	-0.0000803
53.480482	-0.0003777
53.489082	-0.0002184
53.497682	-0.0011297
53.506282	0.0008068
53.514884	0.0004328
53.523486	-0.0005440
53.532089	0.0002862
53.540693	-0.0006477
53.549297	0.0001811
53.557902	0.0020719
53.566508	-0.0002866
53.575114	-0.0005694
53.583721	-0.0004200
53.592329	0.0021259
53.600938	-0.0001250
53.609547	0.0008481
53.618157	-0.0005266
53.626767	-0.0002812
53.635379	0.0002310
53.643991	0.0012604
53.652603	0.0014934
53.661217	0.0019030
53.669831	-0.0000452
53.678446	-0.0003626
53.687061	-0.0011048
53.695678	-0.0000627
53.704295	-0.0003685
53.712912	0.0000237
53.721531	-0.0000846
53.730150	-0.0015688
53.738769	-0.0008710
53.747390	-0.0000760
53.756011	-0.0009412
53.764633	-0.0013504
53.773256	0.0004477
53.781879	0.0001055
53.790503	0.0010101
53.799127	-0.0000828
53.807753	0.0005060
53.816379	-0.0001094
53.825006	-0.0004400
53.833633	0.0001506
53.842261	-0.0022423
53.850890	0.0011742
53.859520	0.0004252
53.868150	0.0002927
53.876781	0.0009711
53.885413	-0.0001498
53.894045	-0.0004001
53.902678	0.0000507
53.911312	0.0006400
53.919947	0.0002149
53.928582	-0.0001275
53.937218	0.0000231
53.945854	0.0002401
53.954492	0.0005011
53.963130	-0.0002777
53.971768	-0.0000583
53.980408	0.0002364
53.989048	0.0005390
53.997689	0.0005610
54.006330	0.0004684
54.014973	0.0002021
54.023616	-0.0006216
54.032259	0.0005522
54.040904	-0.0003840
54.049549	0.0005987
54.058194	-0.0020318
54.066841	0.0000295
54.075488	0.0012946
54.084136	-0.0011105
54.092784	-0.0011837
54.101434	-0.0009570
54.110084	0.0011725
54.118734	-0.0001609
54.127386	-0.0005449
54.136038	-0.0025373
54.144690	0.0003428
54.153344	-0.0006033
54.161998	-0.0002638
54.170653	-0.0014514
54.179309	0.0005570
54.187965	0.0015037
54.196622	-0.0000131
54.205279	0.0011139
54.213938	-0.0009383
54.222597	0.0000356
54.231257	-0.0009830
54.239917	-0.0014531
54.248578	-0.0001617
54.257240	0.0008556
54.265903	0.0004821
54.274566	-0.0014810
54.283230	-0.0010747
54.291895	-0.0011598
54.300560	-0.0011420
54.309227	0.0006255
54.317893	0.0003885
54.326561	-0.0019961
54.335229	-0.0022152
54.343898	0.0004638
54.352568	-0.0002701
54.361238	0.0000428
54.369909	-0.0011978
54.378581	0.0023428
54.387253	0.0004366
54.395926	-0.0001392
54.404600	-0.0008253
54.413275	-0.0000495
54.421950	-0.0008003
54.430626	-0.0008374
54.439303	0.0000163
54.447980	-0.0003537
54.456658	-0.0000709
54.465337	0.0001822
54.474016	0.0026418
54.482696	0.0010902
54.491377	0.0001104
54.500059	-0.0001347
54.508741	0.0002456
54.517424	0.0005058
54.526108	-0.0012290
54.534792	-0.0004081
54.543477	0.0013024
54.552163	0.0007617
54.560850	-0.0011188
54.569537	-0.0005687
54.578225	-0.0003073
54.586913	-0.0008605
54.595602	-0.0016908
54.604292	0.0004549
54.612983	0.0000445
54.621675	0.0004205
54.630367	-0.0023907
54.639060	-0.0007656
54.647753	-0.0007148
54.656447	0.0004496
54.665142	0.0003215
54.673838	0.0004520
54.682534	0.0007706
54.691231	-0.0006933
54.699929	-0.0007480
54.708627	0.0003113
54.717326	0.0016168
54.726026	-0.0001946
54.734727	-0.0016575
54.743428	-0.0011592
54.752130	0.0003365
54.760833	-0.0010777
54.769536	0.0007583
54.778240	-0.0014844
54.786945	0.0004654
54.795650	-0.0000828
54.804356	-0.0008538
54.813063	-0.0003958
54.821771	0.0010462
54.830479	0.0005508
54.839188	0.0018056
54.847898	0.0005305
54.856608	0.0003674
54.865319	0.0004700
54.874031	-0.0006867
54.882743	0.0004716
54.891456	-0.0000744
54.900170	0.0004092
54.908885	0.0010877
54.917600	-0.0003543
54.926316	-0.0011916
54.935033	-0.0002289
54.943750	-0.0033335
54.952468	0.0008114
54.961187	0.0016473
54.969907	-0.0013911
54.978627	0.0002346
54.987348	-0.0008324
54.996069	0.0008798
55.004792	-0.0013425
55.013515	-0.0007826
55.022238	-0.0009010
55.030963	-0.0002661
55.039688	-0.0026699
55.048414	-0.0004872
55.057140	-0.0012845
55.065868	-0.0000145
55.074596	0.0005619
55.083324	-0.0007618
55.092053	0.0007944
55.100784	-0.0006266
55.109514	-0.0007768
55.118246	-0.0017140
55.126978	-0.0008893
55.135711	0.0003173
55.144444	-0.0006624
55.153178	-0.0016985
55.161913	0.0006096
55.170649	0.0011798
55.179385	0.0004131
55.188122	-0.0015312
55.196860	0.0004800
55.205599	-0.0003304
55.214338	0.0003330
55.223078	-0.0001762
55.231818	-0.0005535
55.240560	0.0011939
55.249302	0.0009995
55.258044	-0.0002648
55.266788	-0.0006464
55.275532	-0.0005121
55.284277	0.0009352
55.293022	-0.0002928
55.301768	-0.0008491
55.310515	0.0000216
55.319263	-0.0014841
55.328011	-0.0005052
55.336760	-0.0003045
55.345510	-0.0009258
55.354260	-0.0004981
55.363011	0.0012497
55.371763	0.0003544
55.380516	-0.0005398
55.389269	0.0012885
55.398023	-0.0009661
55.406777	0.0017827
55.415533	0.0001457
55.424289	0.0004023
55.433045	0.0001728
55.441803	-0.0016701
55.450561	0.0015322
55.459320	0.0003885
55.468079	0.0001967
55.476840	-0.0001126
55.485600	-0.0008840
55.494362	-0.0028416
55.503124	0.0003237
55.511887	-0.0005916
55.520651	0.0002966
55.529416	-0.0006766
55.538181	0.0015745
55.546947	0.0002880
55.555713	0.0003145
55.564481	-0.0006244
55.573249	0.0007124
55.582017	0.0015233
55.590787	-0.0009093
55.599557	-0.0013078
55.608327	-0.0013702
55.617099	-0.0014961
55.625871	0.0004327
55.634644	-0.0001595
55.643418	-0.0011594
55.652192	-0.0006544
55.660967	0.0014334
55.669742	-0.0012075
55.678519	0.0007089
55.687296	-0.0004762
55.696074	0.0002082
55.704852	0.0030969
55.713631	-0.0003068
55.722411	0.0008489
55.731192	-0.0015570
55.739973	-0.0011701
55.748755	-0.0006997
55.757538	-0.0011202
55.766321	-0.0005504
55.775106	-0.0001240
55.783890	0.0010324
55.792676	0.0002118
55.801462	-0.0012399
55.810249	-0.0008993
55.819037	-0.0013072
55.827825	-0.0013010
55.836614	0.0000407
55.845404	-0.0000554
55.854194	-0.0004767
55.862985	0.0018470
55.871777	-0.0003001
55.880570	0.0001816
55.889363	-0.0009181
55.898157	0.0004469
55.906952	-0.0013403
55.915747	-0.0010493
55.924543	0.0020524
55.933340	0.0014952
55.942137	-0.0013470
55.950936	-0.0001056
55.959734	0.0008162
55.968534	-0.0003052
55.977334	0.0015814
55.986135	0.0005389
55.994937	-0.0017482
56.003739	-0.0015480
56.012542	0.0001658
56.021346	0.0001669
56.030151	-0.0001382
56.038956	-0.0006245
56.047762	-0.0005980
56.056568	-0.0010894
56.065376	0.0000142
56.074184	-0.0000133
56.082992	-0.0003171
56.091802	0.0009498
56.100612	-0.0002800
56.109423	-0.0023266
56.118234	-0.0027152
56.127046	0.0011020
56.135859	0.0013715
56.144673	-0.0015773
56.153487	-0.0015317
56.162302	-0.0004173
56.171118	0.0001022
56.179934	-0.0006672
56.188752	0.0009341
56.197569	-0.0005089
56.206388	0.0000395
56.215207	0.0002198
56.224027	-0.0017594
56.232848	-0.0001899
56.241669	0.0006525
56.250491	0.0014643
56.259314	-0.0008300
56.268137	0.0011875
56.276962	0.0020463
56.285786	-0.0004741
56.294612	-0.0000126
56.303438	0.0000409
56.312265	-0.0000912
56.321093	0.0005376
56.329921	-0.0002038
56.338750	0.0009019
56.347580	-0.0010396
56.356411	0.0001103
56.365242	0.0002132
56.374074	0.0001809
56.382906	0.0008448
56.391739	0.0003069
56.400573	0.0001757
56.409408	-0.0005547
56.418244	-0.0004620
56.427080	0.0005954
56.435916	-0.0004891
56.444754	0.0019565
56.453592	-0.0007460
56.462431	-0.0000493
56.471271	0.0005569
56.480111	0.0004938
56.488952	0.0000061
56.497794	-0.0000829
56.506636	0.0003504
56.515479	0.0000558
56.524323	-0.0008783
56.533168	-0.0015265
56.542013	-0.0001019
56.550859	-0.0003389
56.559705	0.0001646
56.568553	0.0018434
56.577401	0.0003894
56.586250	-0.0013962
56.595099	-0.0023894
56.603949	0.0016343
56.612800	-0.0013520
56.621652	-0.0001204
56.630504	-0.0016521
56.639357	0.0009590
56.648210	0.0002876
56.657065	-0.0001764
56.665920	0.0030593
56.674776	0.0001088
56.683632	-0.0000105
56.692489	0.0013017
56.701347	-0.0007474
56.710206	-0.0002491
56.719065	0.0020117
56.727925	-0.0004761
56.736786	0.0002693
56.745647	-0.0007802
56.754509	-0.0000391
56.763372	-0.0006618
56.772235	0.0002711
56.781100	-0.0013650
56.789964	-0.0005784
56.798830	0.0005622
56.807696	-0.0007264
56.816563	-0.0000383
56.825431	-0.0007551
56.834300	-0.0003971
56.843169	-0.0005936
56.852038	-0.0001204
56.860909	-0.0016388
56.869780	0.0000825
56.878652	-0.0000169
56.887525	-0.0006580
56.896398	-0.0006694
56.905272	0.0003965
56.914147	-0.0001197
56.923022	-0.0001871
56.931898	0.0009440
56.940775	-0.0003975
56.949653	-0.0009607
56.958531	0.0000615
56.967410	-0.0012851
56.976290	0.0005470
56.985170	-0.0018610
56.994051	-0.0011448
57.002933	-0.0017484
57.011815	-0.0003260
57.020698	0.0015426
57.029582	-0.0016319
57.038467	0.0016283
57.047352	0.0000630
57.056238	0.0017763
57.065125	0.0003579
57.074012	-0.0017970
57.082900	0.0003202
57.091789	0.0002009
57.100678	-0.0006036
57.109569	0.0002881
57.118459	0.0013991
57.127351	0.0018184
57.136243	0.0001253
57.145136	-0.0002495
57.154030	0.0011156
57.162924	-0.0012847
57.171820	0.0006121
57.180715	-0.0007996
57.189612	-0.0009763
57.198509	-0.0007768
57.207407	0.0016592
57.216306	0.0000480
57.225205	0.0004288
57.234105	0.0002548
57.243006	-0.0022480
57.251907	0.0007156
57.260809	-0.0004570
57.269712	0.0001228
57.278616	0.0002303
57.287520	-0.0015690
57.296425	0.0001276
57.305330	-0.0015012
57.314237	0.0013289
57.323144	-0.0003126
57.332051	0.0020768
57.340960	0.0002071
57.349869	-0.0000185
57.358779	0.0004796
57.367689	0.0010989
57.376601	0.0003144
57.385513	-0.0001336
57.394425	0.0001746
57.403339	0.0003197
57.412253	-0.0001837
57.421167	-0.0003753
57.430083	0.0023449
57.438999	-0.0006757
57.447916	-0.0023138
57.456834	0.0003534
57.465752	0.0000805
57.474671	0.0000862
57.483591	0.0006424
57.492511	0.0004927
57.501432	-0.0010767
57.510354	0.0006726
57.519276	0.0013380
57.528199	0.0006229
57.537123	-0.0019268
57.546048	-0.0007307
57.554973	-0.0011712
57.563899	-0.0018204
57.572826	-0.0005915
57.581753	-0.0005557
57.590682	0.0002166
57.599610	-0.0021387
57.608540	0.0010676
57.617470	0.0012304
57.626401	0.0002010
57.635333	-0.0009345
57.644265	-0.0005602
57.653198	-0.0006730
57.662132	0.0001756
57.671066	0.0015101
57.680001	0.0012741
57.688937	-0.0001757
57.697874	0.0011414
57.706811	0.0014853
57.715749	-0.0015454
57.724688	-0.0016726
57.733627	-0.0007674
57.742567	0.0017045
57.751508	0.0005525
57.760449	0.0004436
57.769391	0.0024381
57.778334	-0.0004940
57.787278	-0.0003349
57.796222	0.0013980
57.805167	0.0004203
57.814113	0.0002754
57.823059	-0.0000648
57.832006	-0.0002217
57.840954	-0.0003799
57.849902	-0.0001585
57.858852	0.0000675
57.867801	-0.0029583
57.876752	-0.0012988
57.885703	0.0019645
57.894655	0.0001263
57.903608	0.0016849
57.912561	-0.0009283
57.921515	-0.0000227
57.930470	0.0016528
57.939426	0.0003303
57.948382	0.0015595
57.957339	0.0023273
57.966297	0.0008945
57.975255	0.0005775
57.984214	0.0008927
57.993174	0.0016093
58.002134	0.0021152
58.011095	0.0002701
58.020057	-0.0022130
58.029019	-0.0000697
58.037983	-0.0005217
58.046947	-0.0002381
58.055911	0.0008276
58.064877	-0.0011420
58.073843	0.0004460
58.082809	-0.0010127
58.091777	0.0011580
58.100745	0.0011787
58.109714	-0.0011732
58.118683	-0.0011499
58.127654	0.0008379
58.136625	0.0022764
58.145596	-0.0000834
58.154569	-0.0003113
58.163542	-0.0006017
58.172516	-0.0026764
58.181490	0.0012749
58.190465	-0.0010754
58.199441	-0.0010160
58.208418	0.0005329
58.217395	-0.0006975
58.226373	0.0022979
58.235352	0.0003140
58.244331	-0.0011102
58.253311	-0.0007392
58.262292	-0.0004131
58.271273	-0.0006038
58.280256	0.0009419
58.289238	0.0003224
58.298222	-0.0002895
58.307206	0.0009423
58.316191	0.0006513
58.325177	-0.0011958
58.334163	0.0000330
58.343151	0.0001867
58.352138	0.0010727
58.361127	0.0001486
58.370116	0.0003737
58.379106	-0.0013128
58.388097	-0.0005410
58.397088	-0.0007133
58.406080	-0.0004122
58.415073	0.0002945
58.424066	0.0001793
58.433060	0.0004690
58.442055	-0.0004125
58.451051	0.0003017
58.460047	-0.0002252
58.469044	0.0001914
58.478042	0.0000670
58.487040	0.0018920
58.496039	0.0002339
58.505039	-0.0014753
58.514039	-0.0002577
58.523040	-0.0016687
58.532042	0.0001832
58.541045	-0.0002741
58.550048	0.0001084
58.559052	0.0011542
58.568057	-0.0015334
58.577062	0.0011993
58.586068	0.0010264
58.595075	-0.0011783
58.604082	0.0009583
58.613091	-0.0006908
58.622099	0.0000242
58.631109	-0.0004776
58.640119	-0.0001593
58.649130	-0.0013105
58.658142	0.0011335
58.667154	-0.0012028
58.676168	0.0023039
58.685181	0.0001220
58.694196	0.0012834
58.703211	-0.0002445
58.712227	0.0011045
58.721244	0.0020578
58.730261	-0.0011547
58.739279	-0.0005056
58.748298	-0.0003341
58.757317	-0.0014884
58.766337	0.0005159
58.775358	0.0012268
58.784380	0.0006504
58.793402	0.0013873
58.802425	0.0001653
58.811448	0.0003057
58.820473	-0.0000954
58.829498	-0.0007914
58.838524	-0.0006316
58.847550	0.0001605
58.856577	0.0004637
58.865605	0.0002831
58.874634	-0.0012593
58.883663	-0.0002064
58.892693	-0.0008805
58.901723	-0.0015623
58.910755	0.0012455
58.919787	0.0003386
58.928820	-0.0003027
58.937853	0.0005451
58.946887	0.0015784
58.955922	-0.0010546
58.964958	0.0016519
58.973994	0.0006410
58.983031	-0.0001818
58.992069	0.0009735
59.001107	0.0008665
59.010146	-0.0000691
59.019186	-0.0001485
59.028226	-0.0006238
59.037268	-0.0023059
59.046310	-0.0009209
59.055352	-0.0016673
59.064395	0.0000329
59.073440	0.0002732
59.082484	-0.0002130
59.091530	0.0004426
59.100576	-0.0017071
59.109623	0.0007686
59.118670	0.0006505
59.127718	0.0015163
59.136767	-0.0000822
59.145817	-0.0001075
59.154867	0.0017139
59.163918	-0.0020508
59.172970	-0.0004733
59.182022	0.0017135
59.191076	0.0010052
59.200129	0.0012828
59.209184	-0.0002036
59.218239	-0.0015727
59.227295	0.0002670
59.236352	0.0019846
59.245409	0.0004100
59.254467	0.0000810
59.263526	-0.0001591
59.272585	0.0006958
59.281646	-0.0000106
59.290706	-0.0002805
59.299768	-0.0002434
59.308830	0.0006731
59.317893	-0.0011598
59.326957	-0.0009661
59.336021	-0.0001096
59.345086	0.0001312
59.354152	-0.0001919
59.363219	0.0022478
59.372286	0.0006563
59.381354	0.0004336
59.390422	0.0014199
59.399492	0.0003687
59.408562	-0.0001845
59.417632	0.0011856
59.426704	-0.0010723
59.435776	0.0002675
59.444849	0.0003889
59.453922	-0.0017000
59.462996	0.0006969
59.472071	-0.0015342
59.481147	0.0016332
59.490223	0.0003775
59.499300	-0.0013272
59.508378	0.0000343
59.517456	-0.0013105
59.526536	0.0008743
59.535615	-0.0012107
59.544696	-0.0002761
59.553777	-0.0003641
59.562859	-0.0003111
59.571942	0.0008402
59.581025	-0.0002540
59.590109	-0.0005250
59.599194	-0.0011825
59.608279	-0.0008333
59.617365	-0.0003275
59.626452	-0.0014207
59.635540	-0.0007873
59.644628	0.0004044
59.653717	0.0009771
59.662807	0.0010750
59.671897	-0.0012463
59.680988	0.0008367
59.690080	-0.0015457
59.699172	-0.0017745
59.708266	0.0001742
59.717359	-0.0018810
59.726454	0.0012755
59.735549	0.0009285
59.744645	0.0012089
59.753742	-0.0001778
59.762839	-0.0011454
59.771937	-0.0000685
59.781036	0.0006930
59.790136	0.0018599
59.799236	0.0004178
59.808337	-0.0016624
59.817438	-0.0000295
59.826541	-0.0008579
59.835644	0.0013015
59.844748	0.0004979
59.853852	0.0012111
59.862957	-0.0003029
59.872063	-0.0005836
59.881169	0.0003390
59.890277	-0.0007075
59.899385	-0.0007665
59.908493	0.0006447
59.917603	0.0019338
59.926713	-0.0006529
59.935823	-0.0008915
59.944935	-0.0011073
59.954047	-0.0004414
59.963160	-0.0006784
59.972273	-0.0010516
59.981388	-0.0005063
59.990502	0.0012070
59.999618	0.0004007
60.008734	-0.0002108
60.017852	0.0023117
60.026969	0.0009394
60.036088	0.0004700
60.045207	0.0006536
60.054327	0.0004999
60.063447	0.0027048
60.072569	-0.0005837
60.081691	0.0001347
60.090813	0.0004269
60.099937	-0.0014328
60.109061	0.0011781
60.118186	-0.0010098
60.127311	0.0012313
60.136437	-0.0001271
60.145564	-0.0002010
60.154692	0.0000510
60.163820	-0.0009306
60.172949	0.0006659
60.182079	-0.0001859
60.191209	0.0001604
60.200340	0.0009231
60.209472	0.0004752
60.218605	-0.0008835
60.227738	0.0011004
60.236872	0.0008706
60.246006	-0.0009359
60.255142	-0.0010320
60.264278	-0.0022362
60.273414	0.0015543
60.282552	-0.0004049
60.291690	-0.0024618
60.300829	-0.0015358
60.309968	0.0002425
60.319108	-0.0002438
60.328249	-0.0005030
60.337391	0.0002669
60.346533	0.0003062
60.355676	0.0000586
60.364820	0.0006644
60.373965	-0.0017296
60.383110	0.0009247
60.392256	-0.0008483
60.401402	0.0012385
60.410550	-0.0012403
60.419697	-0.0000264
60.428846	0.0002482
60.437996	0.0000625
60.447146	0.0006447
60.456296	0.0005080
60.465448	-0.0010066
60.474600	0.0009295
60.483753	-0.0001349
60.492906	0.0013345
60.502061	-0.0005846
60.511216	0.0008829
60.520371	-0.0006306
60.529528	0.0001159
60.538685	-0.0003914
60.547843	0.0012993
60.557001	0.0002363
60.566160	-0.0006100
60.575320	-0.0002231
60.584481	0.0002807
60.593642	-0.0007084
60.602804	-0.0005033
60.611967	0.0003523
60.621130	0.0016994
60.630294	-0.0002616
60.639459	-0.0015582
60.648625	-0.0009774
60.657791	-0.0007747
60.666958	-0.0020469
60.676126	0.0012582
60.685294	0.0002180
60.694463	-0.0003518
60.703633	-0.0004638
60.712803	-0.0013319
60.721974	-0.0013609
60.731146	-0.0008939
60.740319	-0.0009949
60.749492	-0.0022740
60.758666	0.0002928
60.767841	-0.0004636
60.777016	-0.0006011
60.786192	-0.0013098
60.795369	-0.0002476
60.804546	-0.0001547
60.813724	-0.0000858
60.822903	0.0002475
60.832083	-0.0002061
60.841263	-0.0004227
60.850444	0.0005994
60.859626	0.0012491
60.868808	-0.0007145
60.877991	0.0002390
60.887175	-0.0004803
60.896359	0.0002822
60.905545	-0.0007885
60.914731	-0.0011251
60.923917	-0.0015915
60.933104	-0.0000576
60.942292	0.0017802
60.951481	0.0010336
60.960671	0.0000040
60.969861	0.0008253
60.979052	-0.0001164
60.988243	-0.0001796
60.997435	-0.0002094
61.006628	-0.0004392
61.015822	0.0011937
61.025016	0.0004758
61.034211	-0.0014757
61.043407	-0.0025648
61.052603	0.0011615
61.061800	0.0010185
61.070998	0.0011867
61.080197	0.0017175
61.089396	0.0005059
61.098596	0.0006298
61.107797	-0.0003938
61.116998	0.0006145
61.126200	-0.0027186
61.135403	0.0011340
61.144606	-0.0014202
61.153810	-0.0008825
61.163015	-0.0007160
61.172221	0.0003340
61.181427	-0.0001666
61.190634	0.0008710
61.199842	-0.0008687
61.209050	0.0003960
61.218259	-0.0012904
61.227469	0.0013473
61.236679	-0.0000069
61.245891	0.0004629
61.255102	0.0010447
61.264315	-0.0003704
61.273528	-0.0000193
61.282742	0.0002077
61.291957	0.0022735
61.301172	-0.0003276
61.310388	0.0007062
61.319605	0.0000557
61.328823	-0.0001795
61.338041	0.0010028
61.347260	0.0009310
61.356480	-0.0014486
61.365700	-0.0000221
61.374921	0.0001396
61.384143	0.0002931
61.393365	-0.0008343
61.402588	-0.0008613
61.411812	0.0007737
61.421036	0.0015489
61.430262	-0.0019720
61.439488	0.0005069
61.448714	0.0006936
61.457942	-0.0008347
61.467170	-0.0011646
61.476398	-0.0007408
61.485628	0.0010471
61.494858	0.0011092
61.504089	-0.0015056
61.513320	-0.0003824
61.522553	-0.0003241
61.531786	0.0011638
61.541019	0.0013587
61.550254	0.0014870
61.559489	-0.0006364
61.568724	-0.0003296
61.577961	0.0005592
61.587198	-0.0003414
61.596436	0.0014382
61.605674	-0.0003087
61.614914	-0.0000450
61.624154	-0.0007363
61.633394	0.0007529
61.642636	0.0002970
61.651878	-0.0012663
61.661121	0.0020671
61.670364	0.0015101
61.679608	-0.0019924
61.688853	-0.0007233
61.698099	0.0012345
61.707345	0.0017544
61.716592	-0.0002242
61.725840	-0.0013703
61.735088	0.0007367
61.744337	0.0004968
61.753587	0.0012690
61.762838	0.0017379
61.772089	-0.0019197
61.781341	0.0005138
61.790593	0.0012057
61.799847	-0.0004887
61.809101	-0.0019131
61.818356	-0.0001882
61.827611	-0.0006096
61.836867	0.0010499
61.846124	-0.0014861
61.855381	-0.0019472
61.864640	0.0004168
61.873899	0.0005092
61.883158	-0.0009366
61.892419	0.0001496
61.901680	0.0008476
61.910941	-0.0002449
61.920204	-0.0021058
61.929467	-0.0006240
61.938731	-0.0003278
61.947995	-0.0001116
61.957261	-0.0013144
61.966527	-0.0005072
61.975793	-0.0009837
61.985061	-0.0005873
61.994329	-0.0007371
62.003598	0.0018287
62.012867	-0.0004398
62.022137	-0.0001826
62.031408	0.0004376
62.040680	-0.0009730
62.049952	-0.0017763
62.059225	-0.0003608
62.068499	0.0009430
62.077773	-0.0019797
62.087048	0.0016221
62.096324	0.0001143
62.105600	0.0000028
62.114878	0.0009854
62.124156	-0.0002514
62.133434	-0.0006366
62.142714	0.0006836
62.151994	0.0004508
62.161274	0.0001715
62.170556	0.0003235
62.179838	-0.0005412
62.189121	-0.0013335
62.198404	0.0030639
62.207688	-0.0009662
62.216973	-0.0019108
62.226259	0.0001155
62.235545	-0.0010808
62.244832	-0.0027442
62.254120	0.0018792
62.263409	0.0002451
62.272698	0.0013208
62.281988	-0.0009176
62.291278	-0.0015191
62.300569	0.0002297
62.309861	0.0001303
62.319154	0.0000451
62.328447	-0.0000282
62.337741	0.0000051
62.347036	-0.0005337
62.356332	0.0003031
62.365628	0.0015173
62.374925	-0.0012722
62.384222	-0.0023329
62.393520	-0.0008372
62.402819	-0.0024072
62.412119	-0.0013976
62.421420	-0.0006938
62.430721	0.0000744
62.440022	-0.0007840
62.449325	-0.0023084
62.458628	-0.0004191
62.467932	-0.0002911
62.477237	0.0005131
62.486542	0.0003619
62.495848	-0.0003167
62.505155	0.0015911
62.514462	0.0004827
62.523770	-0.0022963
62.533079	-0.0013379
62.542388	-0.0001866
62.551699	0.0002132
62.561010	-0.0017857
62.570321	0.0001126
62.579634	-0.0013646
62.588947	0.0003864
62.598260	-0.0022139
62.607575	-0.0007903
62.616890	-0.0002175
62.626206	0.0000719
62.635522	-0.0010056
62.644839	-0.0009105
62.654157	0.0010032
62.663476	0.0002690
62.672795	0.0005974
62.682115	-0.0019707
62.691436	0.0017990
62.700758	0.0017953
62.710080	0.0002410
62.719403	-0.0015713
62.728726	0.0006082
62.738051	0.0020787
62.747376	0.0005943
62.756701	0.0018605
62.766028	0.0004532
62.775355	0.0010275
62.784682	-0.0005490
62.794011	-0.0000375
62.803340	0.0004296
62.812670	-0.0016442
62.822001	-0.0002528
62.831332	-0.0019840
62.840664	0.0015451
62.849997	0.0008019
62.859330	0.0006830
62.868664	-0.0017568
62.877999	0.0001453
62.887334	0.0006272
62.896671	0.0023778
62.906007	0.0004059
62.915345	-0.0000350
62.924683	-0.0011194
62.934022	-0.0017787
62.943362	-0.0013136
62.952703	-0.0002589
62.962044	0.0013768
62.971385	0.0015201
62.980728	-0.0002303
62.990071	-0.0010960
62.999415	0.0008313
63.008760	0.0002320
63.018105	0.0009439
63.027451	0.0006692
63.036798	-0.0003861
63.046145	-0.0003563
63.055494	-0.0004261
63.064842	0.0003479
63.074192	0.0005643
63.083542	0.0026816
63.092893	0.0010603
63.102245	-0.0004327
63.111597	-0.0011241
63.120950	0.0001151
63.130304	-0.0009436
63.139658	0.0011358
63.149014	-0.0008343
63.158370	0.0012586
63.167726	-0.0003091
63.177083	-0.0015483
63.186441	0.0003667
63.195800	0.0004509
63.205159	0.0001842
63.214519	0.0002021
63.223880	0.0000582
63.233242	0.0000917
63.242604	-0.0009329
63.251967	-0.0005696
63.261330	0.0003427
63.270695	0.0023576
63.280060	0.0008408
63.289425	-0.0003008
63.298792	-0.0008742
63.308159	0.0011742
63.317527	0.0004409
63.326895	0.0003368
63.336265	0.0000523
63.345634	-0.0001317
63.355005	0.0000432
63.364376	0.0006535
63.373748	-0.0006387
63.383121	0.0013639
63.392495	0.0002430
63.401869	-0.0013347
63.411244	0.0004527
63.420619	-0.0012451
63.429995	-0.0007939
63.439372	-0.0002549
63.448750	-0.0009977
63.458128	0.0014738
63.467507	-0.0009641
63.476887	0.0001461
63.486268	-0.0004138
63.495649	-0.0007835
63.505031	0.0000832
63.514413	-0.0004160
63.523796	-0.0007759
63.533180	0.0003465
63.542565	-0.0000916
63.551950	0.0003242
63.561337	0.0013925
63.570723	-0.0001994
63.580111	0.0001718
63.589499	0.0011930
63.598888	-0.0001579
63.608277	-0.0003235
63.617668	0.0000903
63.627059	0.0019881
63.636450	0.0000638
63.645843	-0.0008439
63.655236	0.0008515
63.664630	-0.0025454
63.674024	-0.0009089
63.683420	-0.0006330
63.692815	0.0000427
63.702212	-0.0017575
63.711609	-0.0003942
63.721007	-0.0000069
63.730406	0.0004479
63.739806	-0.0004625
63.749206	0.0015507
63.758606	0.0003878
63.768008	0.0011606
63.777410	0.0010690
63.786813	0.0011400
63.796217	0.0007266
63.805621	-0.0007517
63.815026	-0.0022501
63.824432	-0.0004311
63.833838	-0.0007089
63.843246	-0.0011081
63.852653	0.0005476
63.862062	-0.0005652
63.871471	-0.0006538
63.880881	-0.0008966
63.890292	-0.0001878
63.899703	-0.0020029
63.909115	0.0013927
63.918528	0.0006976
63.927941	-0.0007284
63.937356	0.0005824
63.946771	-0.0006662
63.956186	0.0020612
63.965602	-0.0002849
63.975019	0.0000518
63.984437	0.0009591
63.993855	0.0000164
64.003275	0.0008606
64.012694	-0.0013090
64.022115	-0.0021132
64.031536	-0.0010282
64.040958	0.0007621
64.050381	-0.0003174
64.059804	0.0006275
64.069228	0.0013805
64.078653	-0.0000976
64.088078	-0.0010850
64.097504	-0.0000674
64.106931	0.0002801
64.116358	-0.0002466
64.125787	-0.0004224
64.135216	0.0002162
64.144645	-0.0003586
64.154076	-0.0003721
64.163507	-0.0013739
64.172938	-0.0005429
64.182371	0.0001789
64.191804	-0.0016497
64.201238	-0.0013296
64.210672	-0.0002163
64.220107	-0.0009540
64.229543	-0.0012697
64.238980	0.0009814
64.248417	0.0021749
64.257855	0.0006307
64.267294	-0.0003874
64.276734	-0.0001487
64.286174	-0.0001044
64.295615	-0.0010509
64.305056	0.0007656
64.314499	0.0004201
64.323942	0.0012810
64.333385	0.0006292
64.342830	0.0005718
64.352275	0.0002185
64.361720	0.0004298
64.371167	0.0000121
64.380614	0.0005629
64.390062	0.0003295
64.399511	0.0024253
64.408960	0.0006762
64.418410	-0.0008095
64.427861	-0.0004101
64.437312	0.0019872
64.446764	-0.0016813
64.456217	-0.0001514
64.465670	0.0003741
64.475125	-0.0000328
64.484580	-0.0009207
64.494035	-0.0001697
64.503491	-0.0009758
64.512948	-0.0002915
64.522406	-0.0008777
64.531865	0.0006167
64.541324	0.0004940
64.550784	0.0007350
64.560244	0.0021674
64.569705	-0.0001408
64.579167	-0.0005219
64.588630	0.0004120
64.598093	-0.0003359
64.607557	-0.0006938
64.617022	0.0002636
64.626487	-0.0007571
64.635954	-0.0012625
64.645421	-0.0003632
64.654888	0.0006718
64.664356	-0.0004411
64.673825	-0.0003671
64.683295	0.0017051
64.692765	0.0000378
64.702236	0.0001249
64.711708	-0.0013841
64.721181	-0.0001037
64.730654	-0.0023246
64.740128	-0.0009325
64.749602	-0.0002209
64.759078	-0.0004351
64.768554	-0.0003620
64.778030	-0.0002787
64.787508	-0.0002702
64.796986	0.0013511
64.806464	-0.0011249
64.815944	0.0000403
64.825424	0.0009761
64.834905	0.0004565
64.844387	0.0004031
64.853869	0.0002552
64.863352	-0.0010847
64.872836	-0.0002208
64.882320	-0.0003017
64.891805	0.0000198
64.901291	-0.0007605
64.910778	0.0007037
64.920265	0.0001353
64.929753	0.0003145
64.939241	0.0003213
64.948731	0.0021129
64.958221	-0.0009357
64.967711	-0.0005484
64.977203	0.0001391
64.986695	0.0001700
64.996188	0.0004372
65.005681	-0.0000959
65.015176	-0.0009141
65.024671	-0.0022998
65.034166	0.0010866
65.043663	0.0008809
65.053160	-0.0006837
65.062657	-0.0003264
65.072156	-0.0006912
65.081655	-0.0011183
65.091155	-0.0020360
65.100656	0.0006873
65.110157	0.0006721
65.119659	0.0012794
65.129161	0.0003681
65.138665	0.0012399
65.148169	0.0008650
65.157674	-0.0020489
65.167179	0.0009145
65.176685	-0.0017149
65.186192	0.0011541
65.195700	0.0019314
65.205208	0.0019851
65.214717	-0.0002989
65.224227	0.0017540
65.233737	-0.0012525
65.243248	0.0004737
65.252760	0.0005817
65.262273	-0.0004564
65.271786	-0.0015814
65.281300	0.0018912
65.290814	0.0002420
65.300330	0.0005067
65.309846	0.0005344
65.319362	-0.0008893
65.328880	0.0000005
65.338398	-0.0007627
65.347917	-0.0015717
65.357436	-0.0010597
65.366957	-0.0022094
65.376478	-0.0001857
65.385999	-0.0004422
65.395522	0.0007901
65.405045	-0.0025624
65.414568	0.0002922
65.424093	-0.0000395
65.433618	0.0006198
65.443144	0.0002640
65.452670	0.0002749
65.462198	0.0012934
65.471726	0.0008237
65.481254	-0.0008102
65.490784	-0.0001452
65.500314	-0.0012571
65.509844	-0.0000816
65.519376	-0.0005456
65.528908	0.0008187
65.538441	0.0009661
65.547975	0.0013247
65.557509	-0.0003333
65.567044	-0.0009436
65.576580	0.0006724
65.586116	0.0016341
65.595653	0.0005606
65.605191	-0.0011786
65.614729	-0.0016132
65.624268	0.0001255
65.633808	0.0004819
65.643349	0.0004333
65.652890	-0.0024219
65.662432	0.0015224
65.671975	-0.0003922
65.681518	0.0012752
65.691063	0.0012047
65.700607	0.0000134
65.710153	0.0005021
65.719699	0.0008108
65.729246	-0.0003979
65.738794	-0.0014863
65.748342	0.0010067
65.757891	-0.0012442
65.767441	0.0008425
65.776991	-0.0000582
65.786542	0.0007854
65.796094	0.0003837
65.805647	-0.0006166
65.815200	-0.0003636
65.824754	-0.0012993
65.834309	-0.0000350
65.843864	0.0002520
65.853420	-0.0004426
65.862977	-0.0016161
65.872534	0.0008496
65.882092	-0.0004756
65.891651	-0.0001329
65.901211	0.0008895
65.910771	-0.0005721
65.920332	0.0008262
65.929894	-0.0011540
65.939456	0.0003465
65.949019	0.0002526
65.958583	0.0021075
65.968148	-0.0015846
65.977713	-0.0004388
65.987279	0.0020158
65.996845	-0.0026984
66.006412	0.0010524
66.015980	0.0016533
66.025549	0.0017965
66.035119	-0.0020023
66.044689	-0.0017309
66.054260	0.0014145
66.063831	-0.0022317
66.073403	-0.0002401
66.082976	0.0009528
66.092550	-0.0005929
66.102124	-0.0004613
66.111699	0.0015224
66.121275	0.0004324
66.130851	-0.0010945
66.140428	0.0001639
66.150006	-0.0007793
66.159585	0.0023917
66.169164	-0.0006419
66.178744	-0.0004633
66.188325	0.0002029
66.197906	-0.0004484
66.207488	-0.0008737
66.217071	0.0001899
66.226654	0.0013630
66.236238	0.0001326
66.245823	-0.0017970
66.255409	0.0005418
66.264995	0.0005749
66.274582	-0.0007555
66.284170	0.0020528
66.293758	0.0014389
66.303347	-0.0008629
66.312937	0.0002547
66.322527	0.0012938
66.332118	-0.0012797
66.341710	0.0001718
66.351303	-0.0001805
66.360896	-0.0015528
66.370490	0.0015929
66.380085	-0.0004085
66.389680	0.0015723
66.399276	-0.0001268
66.408873	0.0004983
66.418471	-0.0011085
66.428069	0.0011837
66.437668	-0.0008394
66.447267	-0.0003530
66.456868	0.0015180
66.466469	-0.0005607
66.476070	-0.0000492
66.485673	-0.0020036
66.495276	-0.0013395
66.504880	-0.0003926
66.514484	0.0012592
66.524090	0.0005116
66.533696	-0.0002751
66.543302	0.0023483
66.552909	-0.0013586
66.562518	0.0011724
66.572126	-0.0005279
66.581736	-0.0010683
66.591346	0.0003535
66.600957	-0.0022981
66.610568	-0.0009359
66.620180	0.0001704
66.629793	0.0005159
66.639407	-0.0002754
66.649021	0.0009231
66.658636	-0.0010773
66.668252	0.0011250
66.677869	-0.0017624
66.687486	-0.0009805
66.697104	-0.0012893
66.706722	0.0000657
66.716342	-0.0012275
66.725962	0.0013517
66.735582	0.0002236
66.745204	-0.0019008
66.754826	0.0011540
66.764449	-0.0007351
66.774072	-0.0003852
66.783696	0.0004731
66.793321	-0.0006742
66.802947	0.0003857
66.812573	-0.0006075
66.822200	-0.0013067
66.831828	-0.0002035
66.841456	-0.0024540
66.851085	-0.0004363
66.860715	0.0014903
66.870346	-0.0001354
66.879977	-0.0001864
66.889609	-0.0007537
66.899241	-0.0002777
66.908875	0.0014130
66.918509	-0.0005927
66.928143	-0.0007230
66.937779	-0.0010418
66.947415	0.0006742
66.957052	-0.0007307
66.966689	-0.0017280
66.976328	-0.0015613
66.985966	0.0003272
66.995606	-0.0005049
67.005246	-0.0007921
67.014888	0.0006189
67.024529	0.0010455
67.034172	0.0003845
67.043815	-0.0005931
67.053459	0.0013135
67.063103	-0.0019588
67.072749	-0.0011301
67.082395	0.0012189
67.092041	-0.0007330
67.101689	0.0006751
67.111337	-0.0013818
67.120985	0.0005830
67.130635	0.0009997
67.140285	0.0005367
67.149936	-0.0017912
67.159588	0.0020411
67.169240	-0.0001416
67.178893	0.0005685
67.188546	0.0001650
67.198201	0.0008108
67.207856	-0.0000624
67.217512	0.0003023
67.227168	0.0006067
67.236825	-0.0002022
67.246483	-0.0011080
67.256142	-0.0002544
67.265801	-0.0004732
67.275461	0.0017842
67.285122	0.0007433
67.294783	0.0007843
67.304446	-0.0005721
67.314108	-0.0013329
67.323772	0.0000158
67.333436	0.0005613
67.343101	-0.0003476
67.352767	-0.0007925
67.362433	-0.0010337
67.372100	0.0015472
67.381768	-0.0009765
67.391436	-0.0001334
67.401105	0.0000131
67.410775	-0.0008548
67.420446	0.0005108
67.430117	-0.0019429
67.439789	-0.0003755
67.449462	0.0012650
67.459135	0.0002870
67.468809	-0.0001523
67.478484	-0.0005378
67.488159	0.0006840
67.497836	-0.0022279
67.507512	-0.0008542
67.517190	-0.0011372
67.526868	0.0024854
67.536547	-0.0000934
67.546227	-0.0008328
67.555907	0.0023335
67.565588	0.0018901
67.575270	-0.0015167
67.584953	0.0004292
67.594636	-0.0010589
67.604320	0.0015611
67.614004	-0.0010132
67.623690	-0.0006547
67.633376	-0.0012040
67.643062	0.0001561
67.652750	0.0002234
67.662438	-0.0001266
67.672127	-0.0009296
67.681816	-0.0008831
67.691506	-0.0020947
67.701197	-0.0001053
67.710889	0.0005977
67.720581	0.0000279
67.730274	-0.0002149
67.739968	0.0009911
67.749662	-0.0005446
67.759358	-0.0003215
67.769053	0.0002961
67.778750	-0.0013074
67.788447	-0.0003960
67.798145	0.0004547
67.807844	0.0000595
67.817543	0.0001641
67.827243	-0.0015268
67.836944	-0.0019777
67.846645	0.0025140
67.856348	0.0000510
67.866050	-0.0005355
67.875754	0.0007167
67.885458	-0.0003578
67.895163	0.0012305
67.904869	0.0002349
67.914575	-0.0005667
67.924282	-0.0002993
67.933990	-0.0004354
67.943699	-0.0002003
67.953408	-0.0004117
67.963118	0.0000591
67.972828	-0.0001263
67.982540	0.0029188
67.992251	-0.0011272
68.001964	0.0001865
68.011678	0.0003527
68.021392	-0.0008930
68.031106	0.0016478
68.040822	0.0002488
68.050538	0.0000550
68.060255	-0.0003647
68.069973	-0.0006379
68.079691	0.0006532
68.089410	0.0010881
68.099130	-0.0001312
68.108850	-0.0018236
68.118571	0.0000195
68.128293	0.0013032
68.138016	-0.0005284
68.147739	0.0000632
68.157463	0.0007819
68.167187	-0.0008847
68.176913	0.0001458
68.186639	0.0002255
68.196366	-0.0022654
68.206093	-0.0006730
68.215821	-0.0019042
68.225550	-0.0010809
68.235280	-0.0005577
68.245010	0.0002383
68.254741	0.0004514
68.264472	0.0017213
68.274205	-0.0005350
68.283938	0.0001821
68.293672	-0.0010262
68.303406	-0.0002655
68.313141	0.0017114
68.322877	0.0014377
68.332614	0.0004072
68.342351	-0.0011253
68.352089	0.0002353
68.361828	-0.0003157
68.371567	-0.0008870
68.381307	-0.0001261
68.391048	0.0008516
68.400789	0.0011214
68.410532	-0.0002825
68.420274	0.0008535
68.430018	0.0000665
68.439762	0.0012873
68.449507	0.0002957
68.459253	-0.0003717
68.469000	0.0011865
68.478747	-0.0008323
68.488494	-0.0015762
68.498243	0.0014979
68.507992	-0.0008254
68.517742	-0.0005973
68.527493	-0.0015265
68.537244	-0.0009753
68.546996	-0.0012822
68.556749	0.0022904
68.566502	0.0012791
68.576256	-0.0012835
68.586011	0.0000337
68.595767	0.0013817
68.605523	0.0002147
68.615280	0.0001280
68.625038	-0.0016289
68.634796	-0.0010250
68.644555	0.0002187
68.654315	0.0000351
68.664075	-0.0008911
68.673836	-0.0004092
68.683598	0.0010150
68.693361	-0.0006284
68.703124	-0.0018813
68.712888	-0.0007609
68.722653	0.0002582
68.732418	-0.0006191
68.742184	0.0003864
68.751951	0.0002494
68.761718	-0.0004345
68.771487	0.0009325
68.781255	-0.0002602
68.791025	-0.0013270
68.800795	0.0007834
68.810566	-0.0003867
68.820338	-0.0007740
68.830110	-0.0019611
68.839884	-0.0012102
68.849657	-0.0004557
68.859432	0.0006613
68.869207	-0.0002643
68.878983	0.0012722
68.888760	-0.0005166
68.898537	-0.0002612
68.908315	-0.0011035
68.918094	-0.0009461
68.927873	0.0007423
68.937653	-0.0006636
68.947434	-0.0009829
68.957216	0.0001562
68.966998	0.0012365
68.976781	0.0002509
68.986564	0.0008377
68.996349	0.0001255
69.006134	0.0000319
69.015919	0.0006219
69.025706	0.0012606
69.035493	0.0011422
69.045281	0.0002745
69.055069	-0.0000967
69.064859	-0.0014693
69.074649	-0.0010720
69.084439	-0.0004985
69.094231	-0.0002387
69.104023	0.0015916
69.113815	-0.0003218
69.123609	0.0004561
69.133403	0.0000978
69.143198	0.0014242
69.152994	-0.0006268
69.162790	0.0016078
69.172587	0.0007282
69.182385	0.0024832
69.192183	-0.0001118
69.201982	-0.0011368
69.211782	-0.0001315
69.221582	0.0008162
69.231383	0.0008411
69.241185	0.0020926
69.250988	0.0000100
69.260791	-0.0001690
69.270595	0.0000980
69.280400	0.0005972
69.290205	-0.0004722
69.300012	0.0000663
69.309818	0.0000609
69.319626	0.0004445
69.329434	0.0001451
69.339243	-0.0019643
69.349053	-0.0014360
69.358863	0.0013259
69.368674	-0.0001040
69.378486	0.0015873
69.388298	0.0002134
69.398111	0.0004315
69.407925	0.0016765
69.417740	-0.0000947
69.427555	-0.0002121
69.437371	-0.0001717
69.447187	0.0017993
69.457005	-0.0011369
69.466823	-0.0010668
69.476642	0.0002970
69.486461	0.0008205
69.496281	-0.0015711
69.506102	-0.0008082
69.515924	-0.0000654
69.525746	-0.0015892
69.535569	0.0007565
69.545393	0.0002320
69.555217	0.0011463
69.565042	0.0001371
69.574868	0.0010075
69.584694	0.0002598
69.594522	-0.0010659
69.604349	-0.0022543
69.614178	-0.0013506
69.624007	0.0008053
69.633837	-0.0006692
69.643668	0.0002210
69.653499	-0.0004229
69.663331	-0.0009056
69.673164	-0.0010210
69.682998	0.0004315
69.692832	0.0002207
69.702667	-0.0002855
69.712503	-0.0004658
69.722339	-0.0004082
69.732176	-0.0003668
69.742014	0.0003010
69.751852	0.0001881
69.761691	-0.0002054
69.771531	-0.0002540
69.781371	0.0005606
69.791213	-0.0000379
69.801055	0.0009482
69.810897	0.0003442
69.820741	0.0015965
69.830585	-0.0002999
69.840429	0.0004796
69.850275	-0.0004934
69.860121	-0.0006707
69.869968	0.0004008
69.879815	0.0013421
69.889664	-0.0004145
69.899513	0.0014505
69.909362	-0.0002143
69.919213	-0.0004181
69.929064	-0.0009103
69.938916	0.0014125
69.948768	0.0007975
69.958621	0.0004497
69.968475	0.0002465
69.978330	-0.0002986
69.988185	-0.0001425
69.998041	-0.0022476
70.007898	-0.0003706
70.017755	0.0008260
70.027613	-0.0000885
70.037472	-0.0008452
70.047331	-0.0002621
70.057192	0.0000036
70.067052	0.0014748
70.076914	-0.0002517
70.086776	0.0000471
70.096639	0.0015370
70.106503	0.0006944
70.116367	0.0009052
70.126233	0.0009014
70.136098	0.0026556
70.145965	0.0012753
70.155832	0.0022079
70.165700	-0.0005475
70.175569	0.0012908
70.185438	0.0020939
70.195308	0.0001186
70.205179	-0.0004810
70.215050	0.0014375
70.224922	0.0001580
70.234795	-0.0002636
70.244669	0.0012065
70.254543	-0.0002897
70.264418	-0.0013001
70.274294	0.0000434
70.284170	-0.0016465
70.294047	-0.0011096
70.303925	-0.0012382
70.313803	0.0001428
70.323682	-0.0004633
70.333562	-0.0004434
70.343443	-0.0007398
70.353324	0.0008499
70.363206	-0.0007366
70.373089	0.0001661
70.382972	0.0006313
70.392856	-0.0004639
70.402741	-0.0013518
70.412626	0.0011563
70.422513	0.0021614
70.432400	0.0014260
70.442287	0.0001879
70.452175	-0.0006582
70.462064	-0.0007014
70.471954	0.0022890
70.481844	0.0006243
70.491736	-0.0010763
70.501627	0.0007567
70.511520	-0.0004555
70.521413	0.0005277
70.531307	0.0015939
70.541202	0.0002800
70.551097	-0.0001632
70.560993	0.0009315
70.570890	-0.0010435
70.580787	0.0020096
70.590685	0.0012605
70.600584	-0.0007000
70.610484	-0.0000051
70.620384	-0.0014755
70.630285	0.0018541
70.640186	0.0000341
70.650089	-0.0000453
70.659992	0.0002192
70.669896	-0.0016478
70.679800	-0.0008056
70.689705	0.0012481
70.699611	-0.0002236
70.709518	0.0006881
70.719425	0.0008059
70.729333	-0.0003069
70.739241	-0.0005160
70.749151	-0.0004026
70.759061	0.0000748
70.768972	-0.0009994
70.778883	0.0004965
70.788795	-0.0007566
70.798708	-0.0003071
70.808622	0.0012917
70.818536	-0.0006431
70.828451	0.0004146
70.838367	0.0012220
70.848283	-0.0005832
70.858200	-0.0018327
70.868118	-0.0000552
70.878036	0.0001473
70.887956	-0.0000432
70.897876	0.0006865
70.907796	-0.0003998
70.917717	0.0017091
70.927639	0.0006326
70.937562	0.0032809
70.947486	0.0091824
70.957410	0.0171170
70.967335	0.0378784
70.977260	0.0706840
70.987186	0.1219245
70.997113	0.1896990
71.007041	0.2664546
71.016969	0.3388179
71.026898	0.3880920
71.036828	0.3997815
71.046758	0.3714084
71.056690	0.3123649
71.066621	0.2385807
71.076554	0.1612390
71.086487	0.1005237
71.096421	0.0568501
71.106356	0.0273764
71.116291	0.0127030
71.126227	0.0059303
71.136164	0.0017193
71.146101	0.0016418
71.156040	0.0008426
71.165978	-0.0008155
71.175918	-0.0008094
71.185858	-0.0023456
71.195799	0.0000621
71.205741	-0.0005752
71.215683	-0.0018700
71.225626	-0.0007300
71.235570	-0.0005860
71.245515	-0.0006580
71.255460	-0.0000002
71.265406	0.0003427
71.275352	0.0006032
71.285300	-0.0009478
71.295248	-0.0021547
71.305196	0.0001229
71.315146	-0.0008942
71.325096	0.0011156
71.335047	-0.0006721
71.344998	-0.0002833
71.354950	0.0017558
71.364903	-0.0026303
71.374857	0.0011576
71.384811	-0.0001163
71.394766	0.0015648
71.404722	0.0005145
71.414678	-0.0000186
71.424636	0.0013825
71.434593	-0.0015763
71.444552	-0.0015156
71.454511	0.0004569
71.464471	0.0004411
71.474432	0.0016121
71.484393	0.0020047
71.494355	0.0013088
71.504318	-0.0005304
71.514281	-0.0005305
71.524245	0.0001100
71.534210	-0.0011436
71.544176	0.0000487
71.554142	-0.0004068
71.564109	-0.0003094
71.574077	-0.0005739
71.584045	0.0001129
71.594014	-0.0012458
71.603984	0.0010589
71.613954	-0.0008877
71.623926	-0.0020932
71.633897	-0.0010570
71.643870	0.0007131
71.653843	0.0007906
71.663817	-0.0007500
71.673792	-0.0004547
71.683767	0.0000332
71.693743	-0.0018297
71.703720	-0.0006009
71.713698	0.0012515
71.723676	0.0005206
71.733655	-0.0002693
71.743634	0.0000097
71.753615	0.0018480
71.763596	0.0001549
71.773578	0.0009789
71.783560	-0.0007359
71.793543	0.0002819
71.803527	0.0003599
71.813511	0.0000973
71.823497	-0.0012056
71.833483	0.0004705
71.843469	0.0009741
71.853457	-0.0015048
71.863445	0.0006778
71.873433	0.0001678
71.883423	-0.0028171
71.893413	0.0003742
71.903404	-0.0005718
71.913395	0.0002793
71.923388	0.0005453
71.933380	-0.0010859
71.943374	0.0007334
71.953368	0.0010255
71.963364	-0.0003703
71.973359	-0.0002959
71.983356	-0.0009800
71.993353	0.0000130
72.003351	0.0009548
72.013349	0.0008880
72.023349	0.0001843
72.033349	-0.0008294
72.043349	-0.0015940
72.053351	0.0006370
72.063353	-0.0016934
72.073356	0.0005068
72.083359	0.0003189
72.093363	0.0002649
72.103368	0.0004342
72.113374	0.0005050
72.123380	0.0015060
72.133387	-0.0013818
72.143395	0.0005882
72.153403	0.0003482
72.163412	0.0010012
72.173422	0.0007956
72.183433	0.0012025
72.193444	0.0000461
72.203456	-0.0003730
72.213468	-0.0002642
72.223482	0.0003953
72.233496	0.0007865
72.243510	-0.0004313
72.253526	0.0000370
72.263542	-0.0010620
72.273559	-0.0002073
72.283576	-0.0011107
72.293594	0.0009248
72.303613	-0.0004083
72.313633	0.0000362
72.323653	-0.0011552
72.333674	-0.0009106
72.343696	0.0005131
72.353719	0.0001152
72.363742	-0.0012418
72.373766	-0.0004693
72.383790	-0.0003302
72.393816	-0.0002728
72.403841	0.0004576
72.413868	-0.0000187
72.423896	0.0017197
72.433924	0.0014739
72.443952	-0.0001210
72.453982	-0.0008834
72.464012	0.0007839
72.474043	0.0002613
72.484074	0.0016674
72.494107	0.0002722
72.504140	-0.0022998
72.514173	-0.0008180
72.524208	0.0011998
72.534243	0.0009703
72.544279	0.0000706
72.554315	-0.0020141
72.564352	0.0005339
72.574390	-0.0017241
72.584429	0.0019136
72.594468	0.0014687
72.604508	-0.0000712
72.614549	0.0013946
72.624590	0.0007346
72.634632	0.0012327
72.644675	-0.0000007
72.654719	-0.0009781
72.664763	-0.0008145
72.674808	0.0005655
72.684854	-0.0003997
72.694900	-0.0030268
72.704947	-0.0003407
72.714995	0.0010524
72.725043	0.0001867
72.735092	0.0006491
72.745142	0.0006517
72.755193	0.0013064
72.765244	-0.0014156
72.775296	-0.0018886
72.785349	0.0011732
72.795402	0.0005030
72.805456	0.0003608
72.815511	-0.0003114
72.825566	0.0001054
72.835622	0.0000353
72.845679	-0.0010756
72.855737	0.0026465
72.865795	0.0007764
72.875854	0.0007197
72.885914	0.0001869
72.895974	-0.0001050
72.906035	-0.0004242
72.916097	-0.0009675
72.926160	-0.0003867
72.936223	-0.0001343
72.946287	-0.0002268
72.956351	0.0001536
72.966416	0.0020791
72.976482	-0.0003591
72.986549	0.0000746
72.996617	-0.0004475
73.006685	0.0003844
73.016754	-0.0013559
73.026823	0.0007279
73.036893	-0.0013390
73.046964	-0.0001764
73.057036	-0.0003750
73.067108	-0.0005722
73.077181	-0.0006814
73.087255	-0.0007377
73.097329	0.0012255
73.107404	0.0006289
73.117480	-0.0008267
73.127557	-0.0013241
73.137634	-0.0001141
73.147712	-0.0003445
73.157791	-0.0000788
73.167870	-0.0009242
73.177950	0.0007936
73.188031	0.0008121
73.198112	-0.0005255
73.208194	0.0004185
73.218277	-0.0003383
73.228361	-0.0007691
73.238445	0.0006373
73.248530	-0.0008105
73.258616	-0.0006088
73.268702	-0.0003005
73.278789	0.0008161
73.288877	0.0003365
73.298965	0.0000498
73.309055	0.0014196
73.319144	-0.0025014
73.329235	-0.0012106
73.339326	0.0007730
73.349418	-0.0002108
73.359511	0.0005710
73.369604	0.0000533
73.379698	0.0000156
73.389793	0.0024169
73.399889	-0.0011748
73.409985	-0.0003024
73.420082	-0.0002929
73.430180	-0.0000918
73.440278	0.0003187
73.450377	-0.0001229
73.460477	-0.0005595
73.470577	-0.0019521
73.480678	0.0012971
73.490780	-0.0014422
73.500882	0.0001164
73.510986	0.0004714
73.521090	0.0004750
73.531194	-0.0014831
73.541300	0.0012953
73.551406	0.0001316
73.561512	0.0008489
73.571620	0.0006026
73.581728	0.0007351
73.591837	-0.0013971
73.601946	-0.0006660
73.612057	-0.0000078
73.622168	0.0009076
73.632279	-0.0008039
73.642392	0.0015383
73.652505	-0.0021280
73.662618	0.0003964
73.672733	-0.0000765
73.682848	-0.0002888
73.692964	0.0009333
73.703080	-0.0015021
73.713198	-0.0009487
73.723316	-0.0015382
73.733434	-0.0011390
73.743554	-0.0004052
73.753674	-0.0015924
73.763795	0.0025185
73.773916	-0.0012277
73.784038	-0.0015381
73.794161	-0.0002739
73.804285	0.0014723
73.814409	-0.0014243
73.824534	-0.0011676
73.834660	-0.0006051
73.844786	-0.0001492
73.854913	-0.0004792
73.865041	0.0003528
73.875170	0.0013351
73.885299	0.0014994
73.895429	-0.0002895
73.905559	-0.0010063
73.915691	-0.0005631
73.925823	0.0000809
73.935956	0.0016751
73.946089	0.0000016
73.956223	0.0014198
73.966358	-0.0021582
73.976493	-0.0007329
73.986630	-0.0002043
73.996767	0.0007956
74.006904	0.0016178
74.017043	-0.0000160
74.027182	0.0014627
74.037321	-0.0000719
74.047462	-0.0018145
74.057603	0.0001375
74.067745	-0.0012376
74.077887	-0.0006083
74.088031	-0.0003627
74.098175	0.0000111
74.108319	-0.0016345
74.118465	0.0015059
74.128611	-0.0004959
74.138758	-0.0002625
74.148905	-0.0009478
74.159053	0.0013454
74.169202	0.0002804
74.179352	0.0017167
74.189502	0.0006181
74.199653	0.0010026
74.209805	-0.0011402
74.219957	-0.0001339
74.230110	-0.0014803
74.240264	-0.0011318
74.250418	0.0000495
74.260574	-0.0006405
74.270730	0.0010660
74.280886	0.0013813
74.291044	0.0001208
74.301202	-0.0006355
74.311360	0.0009567
74.321520	-0.0010127
74.331680	0.0021314
74.341841	-0.0007693
74.352002	-0.0002796
74.362164	0.0004077
74.372327	0.0016047
74.382491	-0.0006682
74.392655	0.0002062
74.402820	0.0002223
74.412986	0.0002056
74.423153	-0.0001607
74.433320	0.0011288
74.443488	0.0014218
74.453656	0.0001282
74.463825	0.0019051
74.473995	-0.0000792
74.484166	0.0013326
74.494337	0.0007352
74.504509	-0.0000338
74.514682	0.0001193
74.524856	-0.0002403
74.535030	0.0000127
74.545205	0.0002747
74.555380	0.0009591
74.565556	-0.0000595
74.575733	-0.0001643
74.585911	0.0017543
74.596090	0.0006912
74.606269	0.0006532
74.616448	-0.0005122
74.626629	-0.0009106
74.636810	-0.0006731
74.646992	0.0010729
74.657175	-0.0014210
74.667358	0.0009126
74.677542	-0.0008626
74.687727	-0.0004484
74.697912	-0.0007912
74.708098	0.0013549
74.718285	-0.0003172
74.728472	0.0005584
74.738661	0.0006095
74.748850	0.0004315
74.759039	0.0012064
74.769230	0.0002261
74.779421	0.0009079
74.789612	-0.0001207
74.799805	0.0013116
74.809998	-0.0009870
74.820192	-0.0015831
74.830386	-0.0008528
74.840581	0.0010354
74.850777	0.0004192
74.860974	-0.0010207
74.871171	0.0012841
74.881369	0.0011200
74.891568	-0.0006331
74.901768	-0.0007359
74.911968	0.0013231
74.922169	0.0015515
74.932370	0.0010506
74.942573	0.0005517
74.952776	-0.0008142
74.962979	0.0009918
74.973184	0.0001928
74.983389	0.0007295
74.993594	0.0012820
75.003801	-0.0013249
75.014008	0.0001924
75.024216	0.0008230
75.034425	-0.0012194
75.044634	-0.0000799
75.054844	-0.0004940
75.065055	-0.0008005
75.075266	0.0006492
75.085478	0.0000560
75.095691	0.0004926
75.105904	-0.0020264
75.116119	-0.0017180
75.126333	0.0006181
75.136549	-0.0007566
75.146765	-0.0001396
75.156982	0.0006139
75.167200	0.0017364
75.177419	0.0004785
75.187638	-0.0012606
75.197857	-0.0012898
75.208078	0.0006580
75.218299	0.0000920
75.228521	-0.0001820
75.238744	-0.0002732
75.248967	-0.0006984
75.259191	0.0003706
75.269416	-0.0002141
75.279641	0.0012443
75.289868	-0.0004894
75.300094	-0.0011589
75.310322	-0.0006009
75.320550	0.0007205
75.330779	0.0006536
75.341009	-0.0008797
75.351239	-0.0008562
75.361470	-0.0006747
75.371702	-0.0003520
75.381934	-0.0017345
75.392168	-0.0024597
75.402402	0.0023712
75.412636	-0.0004467
75.422871	-0.0011058
75.433107	0.0024762
75.443344	0.0016184
75.453581	0.0017023
75.463819	-0.0002291
75.474058	0.0009368
75.484298	0.0006465
75.494538	-0.0005774
75.504779	-0.0005391
75.515020	0.0003512
75.525263	-0.0005058
75.535506	-0.0010504
75.545749	0.0000817
75.555994	0.0014095
75.566239	0.0006037
75.576485	0.0006427
75.586731	-0.0006735
75.596979	-0.0015511
75.607226	-0.0011527
75.617475	-0.0005813
75.627724	0.0008369
75.637974	-0.0007945
75.648225	0.0001948
75.658477	-0.0002153
75.668729	-0.0003830
75.678982	-0.0003496
75.689235	0.0012965
75.699489	-0.0002212
75.709744	0.0014216
75.720000	-0.0004420
75.730256	0.0003422
75.740513	0.0008944
75.750771	-0.0007243
75.761030	0.0008344
75.771289	-0.0005783
75.781549	0.0016875
75.791809	0.0019783
75.802070	-0.0014287
75.812332	0.0009713
75.822595	-0.0006798
75.832858	0.0004544
75.843123	-0.0006052
75.853387	-0.0011194
75.863653	0.0017174
75.873919	0.0007168
75.884186	0.0003479
75.894453	-0.0007256
75.904722	-0.0010562
75.914991	0.0008633
75.925260	-0.0000295
75.935531	0.0002655
75.945802	0.0005284
75.956074	-0.0005772
75.966346	-0.0010809
75.976620	0.0005842
75.986893	-0.0002044
75.997168	-0.0005798
76.007443	0.0016931
76.017719	-0.0003787
76.027996	-0.0017104
76.038274	0.0017008
76.048552	0.0021204
76.058830	0.0013351
76.069110	-0.0019904
76.079390	0.0002597
76.089671	0.0000965
76.099953	-0.0002480
76.110235	-0.0004695
76.120518	0.0000914
76.130802	0.0013937
76.141086	-0.0004993
76.151372	0.0002332
76.161657	-0.0006103
76.171944	0.0000578
76.182231	0.0026452
76.192519	-0.0004391
76.202808	0.0009180
76.213097	-0.0000881
76.223387	-0.0011622
76.233678	0.0003398
76.243969	0.0006874
76.254262	-0.0011398
76.264555	-0.0007639
76.274848	0.0000137
76.285142	0.0007731
76.295437	-0.0001813
76.305733	0.0005291
76.316029	-0.0010473
76.326327	0.0014077
76.336624	-0.0018154
76.346923	0.0001496
76.357222	0.0004060
76.367522	0.0005690
76.377823	-0.0001157
76.388124	0.0009551
76.398426	-0.0006088
76.408729	0.0008650
76.419032	-0.0008272
76.429336	-0.0013460
76.439641	-0.0020341
76.449946	-0.0002475
76.460253	0.0000960
76.470560	-0.0006598
76.480867	0.0006659
76.491176	0.0018533
76.501485	0.0000045
76.511794	-0.0005884
76.522105	-0.0009094
76.532416	0.0004337
76.542728	0.0003009
76.553040	0.0020190
76.563353	-0.0001212
76.573667	-0.0011257
76.583982	-0.0007681
76.594297	0.0002196
76.604613	0.0002630
76.614930	-0.0009397
76.625248	-0.0010361
76.635566	-0.0001594
76.645885	-0.0002897
76.656204	-0.0006763
76.666525	-0.0003227
76.676846	-0.0003362
76.687167	0.0008553
76.697490	0.0024138
76.707813	0.0003938
76.718136	-0.0001814
76.728461	-0.0003078
76.738786	0.0012182
76.749112	0.0003635
76.759439	-0.0000760
76.769766	-0.0001320
76.780094	0.0003259
76.790423	-0.0011861
76.800752	-0.0005219
76.811082	-0.0002991
76.821413	0.0018440
76.831744	0.0009708
76.842077	-0.0000261
76.852410	-0.0011214
76.862743	-0.0011659
76.873077	-0.0013308
76.883412	0.0011180
76.893748	0.0004206
76.904085	0.0000068
76.914422	0.0013163
76.924760	0.0000338
76.935098	-0.0016243
76.945437	-0.0014752
76.955777	0.0005930
76.966118	-0.0003541
76.976459	0.0004989
76.986801	0.0001305
76.997144	0.0000329
77.007488	0.0005906
77.017832	0.0002161
77.028177	0.0016471
77.038522	0.0004410
77.048868	0.0011199
77.059215	0.0011835
77.069563	-0.0008268
77.079911	0.0008544
77.090260	0.0014890
77.100610	0.0003892
77.110961	-0.0001842
77.121312	0.0012463
77.131664	0.0012196
77.142016	0.0004596
77.152370	0.0002982
77.162724	-0.0007043
77.173078	-0.0001343
77.183434	-0.0004913
77.193790	-0.0021587
77.204146	-0.0007773
77.214504	0.0000550
77.224862	0.0002478
77.235221	0.0003518
77.245581	-0.0001811
77.255941	0.0006347
77.266302	0.0002457
77.276664	0.0006622
77.287026	0.0000284
77.297389	-0.0010448
77.307753	0.0013339
77.318118	-0.0010861
77.328483	-0.0007552
77.338849	-0.0015269
77.349215	-0.0003596
77.359583	-0.0006309
77.369951	0.0005763
77.380319	-0.0012483
77.390689	0.0009480
77.401059	-0.0001433
77.411430	-0.0015160
77.421801	0.0007343
77.432174	0.0011525
77.442547	0.0009544
77.452920	-0.0000422
77.463295	-0.0002659
77.473670	0.0005808
77.484045	0.0006175
77.494422	-0.0006386
77.504799	-0.0006076
77.515177	-0.0009162
77.525556	-0.0007556
77.535935	0.0005693
77.546315	0.0010267
77.556695	-0.0002667
77.567077	-0.0020003
77.577459	-0.0012127
77.587842	0.0007726
77.598225	0.0005965
77.608609	0.0000229
77.618994	-0.0021243
77.629380	0.0010737
77.639766	-0.0004007
77.650153	0.0008546
77.660541	0.0005321
77.670929	-0.0003455
77.681318	0.0009493
77.691708	-0.0009138
77.702099	-0.0008434
77.712490	0.0004138
77.722882	-0.0015303
77.733274	0.0008636
77.743668	0.0000223
77.754062	-0.0001377
77.764456	0.0001953
77.774852	-0.0003091
77.785248	0.0005369
77.795645	-0.0016743
77.806042	0.0007511
77.816441	0.0001822
77.826840	-0.0000221
77.837239	-0.0007566
77.847640	0.0007577
77.858041	0.0009315
77.868442	0.0006813
77.878845	-0.0018403
77.889248	0.0003069
77.899652	-0.0016195
77.910056	-0.0001695
77.920462	-0.0008716
77.930868	0.0002408
77.941274	0.0002484
77.951682	0.0006136
77.962090	-0.0013067
77.972498	0.0002113
77.982908	0.0015851
77.993318	0.0012209
78.003729	-0.0005545
78.014141	-0.0005421
78.024553	0.0009172
78.034966	0.0024310
78.045379	-0.0014864
78.055794	0.0008353
78.066209	0.0007610
78.076625	-0.0021624
78.087041	-0.0012931
78.097458	-0.0007718
78.107876	-0.0000731
78.118295	0.0000040
78.128714	0.0010075
78.139134	0.0008456
78.149555	0.0002144
78.159976	-0.0012324
78.170399	0.0008553
78.180821	0.0002964
78.191245	0.0011600
78.201669	-0.0006957
78.212094	0.0015292
78.222520	0.0001869
78.232946	-0.0004991
78.243373	0.0001402
78.253801	0.0007357
78.264229	0.0009689
78.274658	0.0000130
78.285088	-0.0004844
78.295519	-0.0000649
78.305950	0.0005882
78.316382	-0.0004908
78.326815	0.0009331
78.337248	-0.0002994
78.347682	-0.0001180
78.358117	0.0004172
78.368552	-0.0002476
78.378988	-0.0005521
78.389425	0.0011185
78.399863	0.0007706
78.410301	-0.0001352
78.420740	0.0001725
78.431180	-0.0007107
78.441620	0.0004890
78.452061	-0.0011372
78.462503	-0.0016165
78.472946	0.0019629
78.483389	0.0009930
78.493833	-0.0017027
78.504277	0.0001628
78.514722	-0.0006432
78.525168	0.0007422
78.535615	0.0020467
78.546063	0.0002114
78.556511	0.0003920
78.566960	-0.0010247
78.577409	0.0000028
78.587859	-0.0009562
78.598310	0.0007020
78.608762	0.0020264
78.619214	-0.0013942
78.629667	-0.0006312
78.640121	0.0001189
78.650575	0.0012402
78.661030	0.0006973
78.671486	-0.0014508
78.681943	-0.0002863
78.692400	-0.0006509
78.702858	0.0001427
78.713317	-0.0003462
78.723776	0.0001281
78.734236	0.0010276
78.744697	0.0007134
78.755158	-0.0023136
78.765620	-0.0007295
78.776083	-0.0005693
78.786547	-0.0003733
78.797011	-0.0008301
78.807476	-0.0007449
78.817942	0.0011201
78.828408	0.0005685
78.838875	-0.0003948
78.849343	-0.0003454
78.859811	-0.0002659
78.870280	-0.0000991
78.880750	0.0009646
78.891221	0.0006271
78.901692	-0.0012768
78.912164	0.0011334
78.922637	-0.0009568
78.933110	0.0015248
78.943584	-0.0028233
78.954059	-0.0004729
78.964535	-0.0006292
78.975011	0.0007260
78.985488	-0.0001062
78.995965	0.0000124
79.006444	-0.0004926
79.016923	0.0002572
79.027402	-0.0020393
79.037883	-0.0012807
79.048364	0.0002863
79.058846	0.0003726
79.069328	0.0000507
79.079812	0.0010967
79.090296	-0.0009547
79.100780	0.0001795
79.111265	-0.0000821
79.121752	-0.0004799
79.132238	-0.0010418
79.142726	0.0008600
79.153214	0.0024853
79.163703	-0.0007567
79.174192	0.0001554
79.184682	0.0000949
79.195173	-0.0001075
79.205665	0.0016032
79.216157	-0.0011965
79.226650	0.0017394
79.237144	0.0005695
79.247639	0.0001522
79.258134	-0.0006828
79.268630	0.0011410
79.279126	0.0008602
79.289624	-0.0012141
79.300122	-0.0007495
79.310620	0.0007263
79.321120	-0.0001722
79.331620	-0.0002100
79.342121	0.0005803
79.352622	-0.0000774
79.363124	-0.0010002
79.373627	-0.0003385
79.384131	0.0011055
79.394635	-0.0017580
79.405140	-0.0002184
79.415646	-0.0004814
79.426152	0.0008382
79.436659	-0.0009440
79.447167	-0.0008310
79.457676	-0.0004103
79.468185	-0.0003638
79.478695	0.0002702
79.489205	-0.0009030
79.499717	0.0000454
79.510229	0.0001950
79.520741	-0.0007360
79.531255	0.0014534
79.541769	0.0015461
79.552284	0.0007595
79.562799	-0.0013917
79.573316	0.0008016
79.583832	0.0004003
79.594350	-0.0007209
79.604868	-0.0000929
79.615387	0.0005991
79.625907	-0.0001803
79.636428	0.0006515
79.646949	0.0017539
79.657471	0.0000390
79.667993	0.0014056
79.678517	0.0016118
79.689041	0.0033072
79.699565	0.0019166
79.710091	-0.0016622
79.720617	0.0016465
79.731143	0.0007237
79.741671	0.0010451
79.752199	0.0007516
79.762728	0.0020521
79.773258	0.0015522
79.783788	-0.0005139
79.794319	0.0012297
79.804850	-0.0003783
79.815383	0.0005214
79.825916	0.0013011
79.836450	0.0007108
79.846984	-0.0006182
79.857519	-0.0006124
79.868055	0.0018036
79.878592	-0.0016940
79.889129	0.0002527
79.899667	-0.0004929
79.910206	0.0015185
79.920745	-0.0002035
79.931286	-0.0006849
79.941826	0.0007041
79.952368	-0.0000013
79.962910	-0.0007805
79.973453	0.0002506
79.983997	-0.0003389
79.994541	-0.0000868
80.005086	-0.0008457
80.015632	-0.0013369
80.026178	0.0004391
80.036725	-0.0016270
80.047273	-0.0006086
80.057822	-0.0001065
80.068371	0.0008417
80.078921	0.0007716
80.089472	-0.0003855
80.100023	0.0005702
80.110575	0.0007736
80.121128	0.0005395
80.131681	0.0005034
80.142236	0.0001484
80.152790	0.0022227
80.163346	-0.0012696
80.173902	-0.0007125
80.184459	-0.0006889
80.195017	-0.0012439
80.205575	0.0007181
80.216134	-0.0020062
80.226694	-0.0003895
80.237255	-0.0007440
80.247816	-0.0000681
80.258378	0.0022220
80.268940	-0.0005288
80.279504	0.0003649
80.290068	0.0013531
80.300632	-0.0007630
80.311198	0.0006406
80.321764	-0.0002314
80.332331	-0.0012754
80.342898	0.0007882
80.353466	-0.0019691
80.364035	0.0008638
80.374605	0.0012016
80.385175	-0.0013478
80.395746	-0.0007988
80.406318	-0.0017890
80.416890	0.0008053
80.427464	0.0024326
80.438037	0.0015331
80.448612	-0.0002226
80.459187	-0.0004749
80.469763	-0.0003985
80.480340	-0.0007771
80.490917	-0.0009761
80.501495	0.0015829
80.512074	-0.0004227
80.522653	-0.0016132
80.533234	0.0001201
80.543814	0.0011717
80.554396	-0.0014626
80.564978	-0.0009130
80.575561	0.0005499
80.586145	-0.0002130
80.596729	0.0003851
80.607314	-0.0013281
80.617900	0.0000191
80.628487	-0.0020116
80.639074	0.0013274
80.649662	0.0016814
80.660250	0.0009049
80.670839	0.0007786
80.681429	0.0004881
80.692020	-0.0021765
80.702612	-0.0008583
80.713204	-0.0001331
80.723796	-0.0005971
80.734390	0.0001465
80.744984	0.0001992
80.755579	-0.0017882
80.766175	-0.0000834
80.776771	-0.0013313
80.787368	0.0002038
80.797966	-0.0013049
80.808564	-0.0006201
80.819163	-0.0011638
80.829763	-0.0008857
80.840364	-0.0001122
80.850965	0.0007259
80.861567	0.0005898
80.872169	0.0000700
80.882773	0.0017895
80.893377	0.0007632
80.903982	-0.0017559
80.914587	0.0019215
80.925193	-0.0004296
80.935800	0.0004763
80.946408	-0.0015800
80.957016	0.0004822
80.967625	-0.0001105
80.978234	0.0020206
80.988845	-0.0003008
80.999456	-0.0017547
81.010068	0.0007798
81.020680	-0.0001329
81.031293	0.0006015
81.041907	-0.0001148
81.052522	0.0008492
81.063137	-0.0003586
81.073753	-0.0002097
81.084370	0.0002519
81.094987	-0.0012544
81.105605	0.0005129
81.116224	-0.0003500
81.126843	-0.0011201
81.137464	0.0004111
81.148084	-0.0000608
81.158706	0.0003183
81.169328	-0.0013715
81.179951	0.0007222
81.190575	-0.0016295
81.201200	-0.0008582
81.211825	0.0012232
81.222450	-0.0007017
81.233077	-0.0003604
81.243704	-0.0011453
81.254332	-0.0018048
81.264961	0.0017746
81.275590	-0.0017410
81.286220	-0.0010804
81.296851	0.0020549
81.307482	0.0003766
81.318114	-0.0016147
81.328747	-0.0002430
81.339381	-0.0016324
81.350015	0.0005737
81.360650	0.0001496
81.371286	0.0010139
81.381922	0.0012588
81.392559	0.0001239
81.403197	-0.0007887
81.413835	-0.0012586
81.424474	0.0006473
81.435114	0.0013457
81.445755	-0.0011944
81.456396	0.0007978
81.467038	0.0002504
81.477681	0.0007631
81.488324	-0.0007404
81.498968	-0.0010332
81.509613	-0.0006390
81.520258	0.0006018
81.530905	0.0003715
81.541551	-0.0000602
81.552199	0.0002296
81.562847	-0.0012947
81.573496	-0.0000055
81.584146	-0.0016140
81.594796	0.0004766
81.605448	-0.0021514
81.616099	-0.0001110
81.626752	0.0002012
81.637405	0.0009864
81.648059	0.0001958
81.658714	-0.0009277
81.669369	0.0009729
81.680025	-0.0016933
81.690682	0.0001409
81.701339	-0.0016011
81.711997	0.0011709
81.722656	-0.0003438
81.733316	0.0009575
81.743976	-0.0004664
81.754637	-0.0007245
81.765298	0.0001809
81.775961	0.0002824
81.786624	-0.0001314
81.797287	0.0000230
81.807952	0.0004930
81.818617	-0.0000224
81.829283	-0.0000543
81.839949	-0.0001672
81.850617	0.0010926
81.861285	-0.0005733
81.871953	-0.0003214
81.882623	0.0007605
81.893293	-0.0004316
81.903963	-0.0007478
81.914635	0.0001911
81.925307	-0.0001492
81.935980	0.0002162
81.946654	-0.0008709
81.957328	-0.0017262
81.968003	0.0005350
81.978679	-0.0006084
81.989355	-0.0016807
82.000032	-0.0008658
82.010710	0.0008774
82.021388	0.0006412
82.032067	0.0001980
82.042747	0.0012385
82.053428	-0.0001518
82.064109	-0.0001894
82.074791	-0.0024176
82.085474	0.0005089
82.096157	-0.0006602
82.106842	-0.0012089
82.117526	-0.0018711
82.128212	-0.0002837
82.138898	0.0016949
82.149585	0.0006737
82.160273	0.0003166
82.170961	-0.0000135
82.181650	0.0009314
82.192340	0.0010054
82.203030	0.0020895
82.213721	-0.0015859
82.224413	0.0003796
82.235106	-0.0009277
82.245799	-0.0007304
82.256493	0.0000496
82.267188	0.0002067
82.277883	0.0002935
82.288579	0.0022650
82.299276	0.0003367
82.309973	0.0004220
82.320671	-0.0002073
82.331370	0.0007615
82.342070	0.0005816
82.352770	0.0009078
82.363471	0.0001783
82.374173	-0.0016113
82.384875	-0.0008886
82.395578	0.0000381
82.406282	-0.0007194
82.416986	-0.0005159
82.427692	0.0001705
82.438397	0.0010147
82.449104	0.0006149
82.459811	-0.0000576
82.470519	-0.0009262
82.481228	-0.0010329
82.491937	-0.0007457
82.502647	0.0004347
82.513358	0.0022232
82.524070	-0.0012443
82.534782	0.0007603
82.545495	0.0000960
82.556209	-0.0001861
82.566923	0.0009899
82.577638	-0.0008048
82.588354	0.0000074
82.599070	0.0009089
82.609787	-0.0014937
82.620505	-0.0009768
82.631223	0.0008314
82.641943	0.0000546
82.652663	0.0005900
82.663383	-0.0000897
82.674105	-0.0000834
82.684827	0.0001284
82.695549	0.0007590
82.706273	0.0010071
82.716997	0.0003908
82.727722	-0.0002447
82.738447	-0.0017848
82.749174	-0.0022012
82.759901	-0.0014761
82.770628	0.0006590
82.781357	0.0005378
82.792086	-0.0013834
82.802816	-0.0000321
82.813546	-0.0004791
82.824277	-0.0016536
82.835009	-0.0001723
82.845742	-0.0021144
82.856475	-0.0005071
82.867209	0.0004922
82.877944	0.0002077
82.888679	0.0005324
82.899415	0.0011496
82.910152	0.0013215
82.920889	0.0010658
82.931628	0.0005047
82.942366	-0.0011565
82.953106	0.0007268
82.963846	-0.0003787
82.974587	0.0003440
82.985329	0.0006994
82.996071	0.0003223
83.006815	-0.0002635
83.017558	-0.0017256
83.028303	0.0002460
83.039048	-0.0013788
83.049794	0.0006236
83.060541	-0.0009923
83.071288	-0.0003764
83.082036	0.0006879
83.092785	0.0000334
83.103534	-0.0012048
83.114284	0.0001026
83.125035	-0.0000386
83.135787	-0.0010277
83.146539	-0.0002582
83.157292	-0.0007299
83.168046	-0.0000459
83.178800	-0.0001410
83.189555	-0.0000380
83.200311	0.0002520
83.211067	-0.0014529
83.221824	-0.0001976
83.232582	0.0017032
83.243341	-0.0021495
83.254100	0.0014847
83.264860	0.0003130
83.275621	0.0007890
83.286382	-0.0010896
83.297144	-0.0013836
83.307907	-0.0002170
83.318670	0.0002970
83.329435	-0.0004742
83.340199	-0.0000664
83.350965	0.0004683
83.361731	-0.0014581
83.372498	-0.0007433
83.383266	-0.0002286
83.394034	-0.0015276
83.404804	-0.0010092
83.415573	0.0006136
83.426344	0.0007179
83.437115	0.0006467
83.447887	0.0004033
83.458660	0.0009939
83.469433	0.0003285
83.480207	0.0011205
83.490982	0.0003199
83.501757	0.0002677
83.512533	0.0004748
83.523310	0.0001043
83.534088	-0.0024367
83.544866	-0.0002823
83.555645	0.0016030
83.566424	-0.0001859
83.577205	-0.0002502
83.587986	-0.0000949
83.598768	-0.0021530
83.609550	-0.0005159
83.620333	-0.0019634
83.631117	-0.0001070
83.641902	-0.0008954
83.652687	-0.0001086
83.663473	-0.0007175
83.674259	0.0018001
83.685047	0.0009220
83.695835	0.0009625
83.706624	-0.0001796
83.717413	0.0001051
83.728203	0.0005825
83.738994	-0.0005592
83.749786	-0.0003765
83.760578	0.0003894
83.771371	0.0011079
83.782165	-0.0006882
83.792959	0.0011524
83.803754	0.0018973
83.814550	-0.0011764
83.825346	-0.0005352
83.836144	-0.0009953
83.846942	0.0007342
83.857740	-0.0012524
83.868539	-0.0007160
83.879340	0.0005235
83.890140	-0.0005932
83.900942	-0.0010041
83.911744	0.0004010
83.922547	0.0000254
83.933350	0.0004027
83.944154	0.0008405
83.954959	-0.0002965
83.965765	-0.0007968
83.976571	0.0023308
83.987378	0.0012323
83.998186	0.0027199
84.008994	-0.0019874
84.019804	0.0002266
84.030613	-0.0003101
84.041424	-0.0019407
84.052235	-0.0006062
84.063047	0.0010398
84.073860	-0.0011591
84.084673	0.0011689
84.095487	-0.0008166
84.106302	-0.0003419
84.117117	-0.0012866
84.127934	0.0008699
84.138750	0.0009412
84.149568	-0.0012783
84.160386	-0.0004584
84.171205	-0.0001223
84.182025	-0.0007900
84.192845	-0.0005780
84.203666	-0.0001963
84.214488	-0.0007791
84.225311	0.0002322
84.236134	0.0002394
84.246958	0.0001122
84.257782	-0.0018480
84.268608	0.0008870
84.279434	0.0006100
84.290260	-0.0008303
84.301088	-0.0009452
84.311916	-0.0018322
84.322745	0.0001536
84.333574	-0.0003178
84.344404	-0.0003497
84.355235	-0.0023225
84.366067	0.0009411
84.376899	-0.0010444
84.387732	0.0005792
84.398566	-0.0018291
84.409400	0.0008030
84.420236	0.0008539
84.431071	-0.0011512
84.441908	-0.0006813
84.452745	-0.0008759
84.463583	0.0004719
84.474422	0.0001957
84.485261	-0.0006541
84.496101	-0.0000820
84.506942	-0.0001448
84.517783	0.0001871
84.528625	-0.0002157
84.539468	0.0020101
84.550312	-0.0000157
84.561156	-0.0018655
84.572001	0.0007782
84.582847	0.0019746
84.593693	-0.0004563
84.604540	-0.0003938
84.615388	-0.0014667
84.626236	0.0005957
84.637086	0.0002762
84.647935	-0.0005069
84.658786	-0.0002814
84.669637	0.0011064
84.680489	-0.0002426
84.691342	0.0007380
84.702195	-0.0001534
84.713049	0.0005264
84.723904	0.0005051
84.734760	0.0004721
84.745616	-0.0009555
84.756473	0.0004849
84.767330	-0.0011750
84.778189	0.0004188
84.789048	-0.0004948
84.799908	-0.0002846
84.810768	0.0010626
84.821629	-0.0008570
84.832491	0.0005777
84.843353	-0.0004185
84.854217	-0.0004494
84.865081	0.0006387
84.875945	0.0011266
84.886811	0.0008388
84.897677	-0.0002235
84.908543	-0.0001295
84.919411	-0.0005913
84.930279	0.0006674
84.941148	-0.0015942
84.952017	0.0001724
84.962888	-0.0003031
84.973758	-0.0009970
84.984630	0.0005147
84.995502	-0.0016397
85.006376	-0.0005480
85.017249	-0.0000736
85.028124	-0.0016289
85.038999	-0.0004299
85.049875	-0.0017544
85.060751	0.0001666
85.071629	-0.0008308
85.082507	0.0004460
85.093385	-0.0009609
85.104265	0.0020025
85.115145	-0.0005013
85.126026	-0.0021959
85.136907	0.0011244
85.147789	0.0005296
85.158672	0.0012559
85.169556	0.0003064
85.180440	0.0005104
85.191325	-0.0011327
85.202211	0.0009542
85.213097	0.0007773
85.223984	0.0003566
85.234872	0.0006337
85.245761	-0.0004397
85.256650	0.0001282
85.267540	0.0003129
85.278430	-0.0017477
85.289322	-0.0004387
85.300214	-0.0012935
85.311106	0.0006676
85.322000	0.0000463
85.332894	-0.0005253
85.343789	-0.0022886
85.354684	0.0001688
85.365580	0.0003691
85.376477	-0.0004397
85.387375	-0.0011828
85.398273	0.0001369
85.409172	-0.0008297
85.420072	-0.0004516
85.430973	-0.0017844
85.441874	0.0006124
85.452776	0.0002403
85.463678	0.0006792
85.474582	0.0007289
85.485485	-0.0004426
85.496390	-0.0014396
85.507296	0.0004762
85.518202	0.0009246
85.529108	0.0000521
85.540016	0.0002807
85.550924	-0.0002777
85.561833	-0.0003382
85.572742	0.0012731
85.583653	0.0009242
85.594564	-0.0001080
85.605475	0.0009266
85.616388	-0.0022427
85.627301	0.0015491
85.638215	0.0003500
85.649129	-0.0005494
85.660044	0.0010073
85.670960	-0.0001104
85.681877	-0.0008037
85.692794	0.0010723
85.703712	-0.0009388
85.714631	0.0006735
85.725550	0.0003444
85.736470	0.0004144
85.747391	-0.0005777
85.758313	0.0009620
85.769235	-0.0009007
85.780158	-0.0019129
85.791082	0.0011928
85.802006	-0.0001534
85.812931	0.0004690
85.823857	0.0004638
85.834783	0.0002158
85.845710	-0.0011704
85.856638	0.0015672
85.867567	0.0009924
85.878496	-0.0002879
85.889426	-0.0001324
85.900357	0.0005386
85.911288	0.0004139
85.922220	0.0011614
85.933153	-0.0010068
85.944086	-0.0001475
85.955020	0.0004336
85.965955	0.0014698
85.976891	-0.0003313
85.987827	-0.0000469
85.998764	0.0009785
86.009702	-0.0014454
86.020640	0.0002277
86.031579	0.0001298
86.042519	-0.0004161
86.053460	0.0006393
86.064401	-0.0003962
86.075343	-0.0008161
86.086285	-0.0000815
86.097228	-0.0006669
86.108172	0.0004722
86.119117	-0.0002704
86.130063	-0.0013846
86.141009	-0.0005413
86.151956	0.0003728
86.162903	-0.0009428
86.173851	-0.0002197
86.184800	-0.0000041
86.195750	0.0010282
86.206700	0.0012224
86.217651	0.0007528
86.228603	-0.0000247
86.239555	-0.0005385
86.250508	-0.0006890
86.261462	-0.0017333
86.272417	0.0015027
86.283372	-0.0009065
86.294328	0.0012394
86.305285	-0.0013867
86.316242	-0.0001943
86.327200	0.0004813
86.338159	-0.0000878
86.349118	0.0002910
86.360078	-0.0003892
86.371039	0.0004091
86.382001	0.0001289
86.392963	0.0008732
86.403926	-0.0001835
86.414890	0.0005889
86.425854	0.0002549
86.436819	-0.0010029
86.447785	0.0005728
86.458751	0.0017517
86.469719	-0.0001123
86.480686	0.0014877
86.491655	-0.0002088
86.502624	0.0000433
86.513594	0.0004490
86.524565	0.0002672
86.535536	0.0005708
86.546508	0.0002553
86.557481	-0.0000559
86.568455	-0.0003584
86.579429	0.0003928
86.590404	-0.0003857
86.601380	-0.0005309
86.612356	-0.0009954
86.623333	-0.0005592
86.634311	0.0012646
86.645289	0.0020454
86.656268	0.0014528
86.667248	0.0014789
86.678228	0.0005211
86.689210	-0.0009494
86.700192	-0.0000103
86.711174	0.0008574
86.722158	0.0000375
86.733142	-0.0000673
86.744126	-0.0017261
86.755112	0.0012698
86.766098	0.0007416
86.777085	0.0015003
86.788072	0.0003599
86.799061	-0.0007276
86.810050	-0.0014455
86.821039	-0.0007636
86.832030	-0.0019837
86.843021	0.0011165
86.854012	0.0001360
86.865005	-0.0018106
86.875998	0.0011541
86.886992	0.0005886
86.897986	-0.0006184
86.908982	0.0001528
86.919978	-0.0005906
86.930974	0.0000048
86.941972	-0.0015211
86.952970	-0.0004502
86.963969	0.0009721
86.974968	-0.0007539
86.985968	-0.0012298
86.996969	-0.0006262
87.007971	-0.0016759
87.018973	0.0006445
87.029976	0.0015402
87.040980	0.0002201
87.051984	-0.0005420
87.062989	-0.0012610
87.073995	0.0012263
87.085002	0.0014710
87.096009	0.0008203
87.107017	-0.0016052
87.118025	-0.0016099
87.129035	0.0004844
87.140045	0.0001334
87.151055	-0.0002562
87.162067	0.0013267
87.173079	0.0007439
87.184092	-0.0008910
87.195105	-0.0009700
87.206120	-0.0004962
87.217135	0.0002967
87.228150	0.0012463
87.239167	-0.0018676
87.250184	-0.0002783
87.261201	0.0008905
87.272220	0.0000423
87.283239	-0.0007135
87.294259	-0.0006709
87.305279	0.0007740
87.316301	-0.0005086
87.327323	0.0012322
87.338345	0.0000617
87.349369	0.0002318
87.360393	-0.0001686
87.371418	-0.0005730
87.382443	-0.0000211
87.393469	-0.0010086
87.404496	0.0012603
87.415524	0.0004304
87.426552	-0.0013185
87.437581	-0.0006101
87.448611	-0.0009868
87.459641	-0.0001489
87.470672	-0.0002398
87.481704	0.0007712
87.492736	0.0008077
87.503770	-0.0001355
87.514804	0.0003766
87.525838	-0.0006706
87.536874	-0.0002628
87.547910	0.0001322
87.558946	0.0004629
87.569984	0.0006961
87.581022	0.0012007
87.592061	-0.0013973
87.603100	0.0007757
87.614140	-0.0021112
87.625181	-0.0004334
87.636223	0.0013900
87.647265	0.0007777
87.658308	0.0002031
87.669352	-0.0006455
87.680397	0.0005159
87.691442	-0.0000741
87.702488	-0.0000406
87.713534	0.0000271
87.724581	0.0008292
87.735629	0.0001506
87.746678	-0.0009935
87.757727	0.0006429
87.768777	0.0020702
87.779828	0.0005057
87.790880	-0.0007700
87.801932	0.0003122
87.812985	-0.0028680
87.824038	0.0008786
87.835092	-0.0011960
87.846147	-0.0007143
87.857203	0.0012500
87.868260	0.0008579
87.879317	-0.0002058
87.890374	0.0002790
87.901433	-0.0009640
87.912492	-0.0000244
87.923552	-0.0001091
87.934613	0.0007478
87.945674	-0.0003969
87.956736	0.0015409
87.967799	0.0009813
87.978862	0.0004676
87.989926	0.0005045
88.000991	0.0000118
88.012056	-0.0010337
88.023123	0.0001298
88.034190	-0.0004340
88.045257	0.0019159
88.056326	-0.0002856
88.067395	-0.0006268
88.078464	-0.0007105
88.089535	0.0006313
88.100606	0.0004567
88.111678	0.0001142
88.122750	0.0015186
88.133823	0.0007184
88.144897	0.0011693
88.155972	0.0006175
88.167047	0.0018677
88.178123	0.0019049
88.189200	0.0006636
88.200278	-0.0005928
88.211356	-0.0001556
88.222435	-0.0005867
88.233514	-0.0015137
88.244595	-0.0006279
88.255676	-0.0002925
88.266757	0.0008059
88.277840	-0.0007778
88.288923	-0.0013904
88.300006	0.0009295
88.311091	0.0007953
88.322176	-0.0006198
88.333262	-0.0018378
88.344349	-0.0000563
88.355436	-0.0009209
88.366524	0.0012917
88.377613	-0.0009112
88.388702	-0.0013134
88.399792	0.0009697
88.410883	-0.0024109
88.421974	-0.0005188
88.433067	-0.0004773
88.444159	-0.0016029
88.455253	-0.0017100
88.466347	0.0000447
88.477442	0.0011333
88.488538	-0.0004179
88.499635	0.0001323
88.510732	-0.0009738
88.521829	0.0003553
88.532928	-0.0010436
88.544027	-0.0012616
88.555127	-0.0008631
88.566228	0.0002878
88.577329	0.0008100
88.588431	-0.0001426
88.599534	-0.0000225
88.610637	-0.0010266
88.621742	0.0003053
88.632846	0.0010470
88.643952	-0.0002197
88.655058	-0.0013500
88.666165	0.0008963
88.677273	0.0009524
88.688381	0.0008070
88.699490	0.0002106
88.710600	0.0012455
88.721710	0.0007359
88.732822	-0.0007232
88.743934	-0.0003721
88.755046	0.0006815
88.766159	0.0016173
88.777273	0.0016903
88.788388	-0.0024893
88.799503	-0.0003128
88.810620	-0.0010631
88.821736	0.0014594
88.832854	-0.0012731
88.843972	0.0006708
88.855091	-0.0006922
88.866210	0.0013104
88.877331	-0.0002469
88.888452	0.0006833
88.899573	0.0003841
88.910696	0.0021814
88.921819	0.0006777
88.932943	0.0023045
88.944067	0.0048203
88.955193	0.0083225
88.966318	0.0148660
88.977445	0.0306895
88.988572	0.0560211
88.999700	0.0856874
89.010829	0.1246155
89.021959	0.1602166
89.033089	0.1889424
89.044220	0.2000056
89.055351	0.1942405
89.066483	0.1688525
89.077616	0.1329719
89.088750	0.0980385
89.099884	0.0639249
89.111019	0.0367363
89.122155	0.0198622
89.133292	0.0118874
89.144429	0.0056770
89.155567	0.0034549
89.166705	0.0009552
89.177844	0.0000628
89.188984	-0.0007796
89.200125	0.0013706
89.211266	-0.0009820
89.222409	-0.0002469
89.233551	-0.0011909
89.244695	-0.0020808
89.255839	0.0010117
89.266984	-0.0017732
89.278129	0.0014907
89.289276	0.0002216
89.300423	0.0007582
89.311570	0.0003571
89.322719	0.0002884
89.333868	0.0008726
89.345018	0.0011158
89.356168	-0.0029143
89.367319	-0.0000977
89.378471	-0.0002664
89.389624	-0.0002671
89.400777	0.0014566
89.411931	-0.0002397
89.423086	0.0011825
89.434242	0.0017534
89.445398	0.0005486
89.456554	-0.0005334
89.467712	-0.0004845
89.478870	-0.0002724
89.490029	-0.0012456
89.501189	-0.0004608
89.512349	0.0001952
89.523510	0.0012278
89.534672	-0.0008885
89.545834	0.0018427
89.556998	-0.0025631
89.568161	-0.0006435
89.579326	-0.0001773
89.590491	-0.0003835
89.601657	-0.0016365
89.612824	0.0004759
89.623991	-0.0011784
89.635159	-0.0000056
89.646328	-0.0001394
89.657497	0.0006793
89.668668	-0.0031860
89.679839	0.0019403
89.691010	0.0014730
89.702182	-0.0009632
89.713355	0.0010848
89.724529	0.0002561
89.735703	0.0000530
89.746879	0.0007445
89.758054	0.0001572
89.769231	0.0009436
89.780408	-0.0001758
89.791586	0.0007570
89.802765	0.0004267
89.813944	-0.0025006
89.825124	0.0001524
89.836305	-0.0016906
89.847486	0.0002222
89.858668	-0.0000901
89.869851	0.0002153
89.881034	-0.0000213
89.892219	-0.0014587
89.903404	0.0007829
89.914589	-0.0005821
89.925776	0.0007691
89.936963	0.0002990
89.948150	0.0010239
89.959339	0.0004498
89.970528	0.0007061
89.981718	-0.0009720
89.992908	-0.0007189
90.004099	-0.0020519
90.015291	0.0010134
90.026484	0.0011271
90.037677	0.0011368
90.048871	-0.0024570
90.060066	-0.0005150
90.071262	-0.0020296
90.082458	0.0002883
90.093655	0.0004897
90.104852	0.0015205
90.116051	0.0010759
90.127250	0.0000716
90.138449	-0.0021248
90.149650	-0.0000369
90.160851	0.0002375
90.172052	0.0012093
90.183255	-0.0000452
90.194458	0.0000397
90.205662	0.0005909
90.216867	0.0013256
90.228072	0.0005491
90.239278	0.0008679
90.250485	-0.0009021
90.261692	-0.0000724
90.272900	0.0025665
90.284109	-0.0004563
90.295318	-0.0010606
90.306529	-0.0002574
90.317740	-0.0000183
90.328951	0.0002205
90.340163	0.0010037
90.351376	0.0000949
90.362590	-0.0000859
90.373805	0.0005811
90.385020	0.0012036
90.396236	0.0001160
90.407452	-0.0022051
90.418669	0.0016859
90.429887	0.0009040
90.441106	0.0016302
90.452325	-0.0002101
90.463545	0.0016217
90.474766	-0.0004129
90.485988	-0.0005490
90.497210	0.0010621
90.508433	0.0001162
90.519656	0.0003485
90.530880	0.0001716
90.542105	-0.0000787
90.553331	-0.0014383
90.564557	0.0006672
90.575784	0.0001021
90.587012	0.0003843
90.598241	-0.0010735
90.609470	-0.0011060
90.620700	-0.0003580
90.631930	-0.0010302
90.643162	0.0023084
90.654394	0.0014964
90.665626	0.0006389
90.676860	-0.0011398
90.688094	-0.0005507
90.699328	-0.0002770
90.710564	0.0014004
90.721800	-0.0000224
90.733037	0.0009857
90.744275	0.0004985
90.755513	0.0003944
90.766752	0.0013056
90.777992	-0.0002522
90.789232	-0.0002194
90.800473	-0.0000250
90.811715	0.0014535
90.822958	-0.0023541
90.834201	0.0002142
90.845445	-0.0001528
90.856689	0.0007862
90.867935	0.0008512
90.879181	-0.0010787
90.890427	0.0005490
90.901675	-0.0016791
90.912923	-0.0004613
90.924172	0.0004425
90.935421	-0.0013080
90.946672	-0.0006679
90.957923	0.0007033
90.969174	-0.0006448
90.980427	-0.0000738
90.991680	0.0021351
91.002933	-0.0005406
91.014188	-0.0002735
91.025443	-0.0002109
91.036699	0.0006456
91.047956	-0.0006170
91.059213	0.0000033
91.070471	0.0012009
91.081729	0.0013235
91.092989	0.0013754
91.104249	-0.0002824
91.115510	0.0002223
91.126771	0.0006394
91.138033	0.0019848
91.149296	-0.0007553
91.160560	-0.0006124
91.171824	0.0004329
91.183089	-0.0003281
91.194355	-0.0009565
91.205621	0.0002390
91.216888	0.0015781
91.228156	-0.0002666
91.239425	-0.0004917
91.250694	-0.0000704
91.261964	0.0003194
91.273234	0.0003445
91.284506	-0.0009870
91.295778	0.0001868
91.307050	-0.0001819
91.318324	0.0011256
91.329598	-0.0000623
91.340873	-0.0013304
91.352148	-0.0008093
91.363425	0.0019520
91.374702	0.0015088
91.385979	-0.0002948
91.397258	0.0003416
91.408537	0.0012549
91.419816	-0.0023073
91.431097	-0.0010427
91.442378	-0.0027712
91.453660	-0.0007607
91.464942	0.0016363
91.476226	-0.0003580
91.487510	-0.0017420
91.498794	0.0002642
91.510080	-0.0027865
91.521366	0.0001848
91.532652	0.0015287
91.543940	0.0015822
91.555228	-0.0002475
91.566517	-0.0002778
91.577807	0.0004299
91.589097	0.0002897
91.600388	-0.0008911
91.611680	-0.0002718
91.622972	-0.0004029
91.634265	0.0005844
91.645559	0.0009519
91.656853	0.0016565
91.668148	0.0013101
91.679444	0.0003092
91.690741	0.0007169
91.702038	-0.0001105
91.713336	-0.0000444
91.724635	0.0002843
91.735934	-0.0000143
91.747235	-0.0017727
91.758535	-0.0010026
91.769837	-0.0007346
91.781139	0.0025099
91.792442	0.0020908
91.803746	0.0006280
91.815050	0.0001344
91.826355	0.0007723
91.837661	-0.0003706
91.848967	-0.0004842
91.860274	-0.0011427
91.871582	-0.0002176
91.882891	-0.0003624
91.894200	-0.0002039
91.905510	0.0003326
91.916821	0.0006307
91.928132	0.0000488
91.939444	-0.0009244
91.950757	-0.0004815
91.962070	0.0004648
91.973384	-0.0019806
91.984699	0.0020230
91.996015	-0.0012715
92.007331	0.0010382
92.018648	0.0018361
92.029966	-0.0008946
92.041284	-0.0007323
92.052603	-0.0016502
92.063923	0.0009678
92.075244	-0.0011244
92.086565	0.0003886
92.097887	-0.0005082
92.109209	-0.0021043
92.120532	-0.0002380
92.131856	0.0015155
92.143181	-0.0000876
92.154507	0.0008526
92.165833	0.0000968
92.177159	0.0009979
92.188487	0.0005959
92.199815	0.0000812
92.211144	0.0006007
92.222474	0.0002525
92.233804	0.0004206
92.245135	0.0013288
92.256467	-0.0006241
92.267799	0.0016059
92.279132	-0.0005187
92.290466	-0.0003251
92.301801	-0.0004449
92.313136	0.0005069
92.324472	0.0000453
92.335809	-0.0001605
92.347146	-0.0001226
92.358484	0.0012598
92.369823	0.0002264
92.381162	0.0019498
92.392502	-0.0008586
92.403843	0.0002595
92.415185	0.0004472
92.426527	0.0017959
92.437870	-0.0000048
92.449214	-0.0003048
92.460558	0.0002649
92.471903	0.0001466
92.483249	0.0000675
92.494595	-0.0007087
92.505942	0.0003548
92.517290	-0.0018470
92.528639	0.0013386
92.539988	0.0003779
92.551338	-0.0006845
92.562689	-0.0002869
92.574040	0.0009216
92.585392	-0.0014607
92.596745	-0.0022924
92.608099	0.0003425
92.619453	-0.0014653
92.630808	-0.0004236
92.642163	0.0013863
92.653520	-0.0000513
92.664877	0.0016797
92.676234	0.0007241
92.687593	-0.0004373
92.698952	0.0009865
92.710312	0.0004866
92.721672	0.0002204
92.733034	0.0014400
92.744395	-0.0005002
92.755758	0.0010443
92.767121	-0.0003123
92.778486	0.0004010
92.789850	0.0001329
92.801216	-0.0015174
92.812582	0.0010211
92.823949	-0.0001288
92.835316	0.0015145
92.846684	-0.0003969
92.858053	0.0008525
92.869423	0.0011123
92.880793	-0.0015140
92.892164	0.0001403
92.903536	0.0016825
92.914909	0.0014377
92.926282	0.0016020
92.937656	0.0013191
92.949030	-0.0002913
92.960406	0.0011457
92.971782	-0.0005592
92.983158	0.0011915
92.994536	-0.0007425
93.005914	0.0013027
93.017293	-0.0004583
93.028672	0.0002527
93.040052	-0.0005808
93.051433	-0.0004284
93.062815	0.0006038
93.074197	-0.0005138
93.085580	-0.0000286
93.096964	-0.0014072
93.108348	-0.0000995
93.119733	-0.0001373
93.131119	0.0003926
93.142506	0.0003444
93.153893	0.0008357
93.165281	0.0005457
93.176669	0.0007112
93.188059	0.0013401
93.199449	-0.0005714
93.210839	-0.0012312
93.222231	-0.0006090
93.233623	0.0009760
93.245016	-0.0002562
93.256409	0.0018984
93.267804	-0.0018478
93.279198	0.0001839
93.290594	0.0011808
93.301990	-0.0017109
93.313388	0.0008750
93.324785	-0.0014589
93.336184	-0.0003252
93.347583	0.0009142
93.358983	-0.0007095
93.370383	0.0003745
93.381785	0.0012267
93.393187	-0.0010417
93.404589	-0.0004461
93.415993	0.0012495
93.427397	0.0005424
93.438801	-0.0010221
93.450207	0.0014187
93.461613	-0.0018156
93.473020	-0.0001866
93.484428	-0.0005744
93.495836	-0.0019475
93.507245	-0.0003126
93.518654	-0.0005664
93.530065	0.0015503
93.541476	0.0005216
93.552888	-0.0004294
93.564300	0.0006935
93.575713	-0.0008961
93.587127	-0.0012660
93.598542	0.0011425
93.609957	0.0015795
93.621373	0.0003587
93.632790	0.0009062
93.644207	0.0001217
93.655626	0.0009429
93.667044	0.0008706
93.678464	0.0021968
93.689884	0.0012335
93.701305	0.0015835
93.712727	0.0004700
93.724149	-0.0003640
93.735572	-0.0021572
93.746996	-0.0004244
93.758420	0.0001170
93.769845	-0.0002052
93.781271	-0.0008962
93.792698	-0.0000847
93.804125	0.0005794
93.815553	0.0018887
93.826982	0.0017268
93.838411	0.0010453
93.849841	0.0003376
93.861272	0.0009152
93.872703	-0.0001018
93.884136	-0.0009905
93.895568	0.0000623
93.907002	0.0010988
93.918436	0.0029607
93.929871	-0.0016814
93.941307	0.0008126
93.952743	0.0009669
93.964180	-0.0009305
93.975618	0.0000693
93.987057	-0.0010349
93.998496	0.0001723
94.009936	0.0006434
94.021376	-0.0010442
94.032818	-0.0011199
94.044260	0.0007944
94.055702	-0.0001261
94.067146	0.0008518
94.078590	0.0012795
94.090035	-0.0016684
94.101480	-0.0005687
94.112926	-0.0012027
94.124373	0.0003458
94.135821	-0.0006667
94.147269	-0.0011877
94.158718	0.0001609
94.170168	-0.0015452
94.181618	-0.0008044
94.193070	-0.0015070
94.204521	0.0009768
94.215974	0.0013092
94.227427	0.0006675
94.238881	0.0009381
94.250336	0.0012121
94.261791	0.0026216
94.273247	0.0001186
94.284704	0.0004236
94.296161	-0.0007625
94.307620	-0.0012315
94.319078	-0.0000274
94.330538	-0.0009243
94.341998	0.0026922
94.353459	0.0017453
94.364921	-0.0006585
94.376383	0.0002134
94.387846	-0.0001815
94.399310	0.0015435
94.410775	-0.0001684
94.422240	0.0014009
94.433706	0.0000924
94.445172	0.0021029
94.456640	0.0009432
94.468107	-0.0001570
94.479576	-0.0000074
94.491046	-0.0002466
94.502516	0.0003669
94.513986	-0.0007726
94.525458	-0.0005206
94.536930	-0.0003092
94.548403	-0.0010756
94.559877	-0.0004025
94.571351	-0.0006634
94.582826	0.0009244
94.594302	-0.0006696
94.605778	-0.0026222
94.617255	-0.0000471
94.628733	-0.0001873
94.640212	-0.0005816
94.651691	-0.0005503
94.663171	0.0005361
94.674651	0.0015815
94.686133	0.0000212
94.697615	0.0001720
94.709098	0.0004697
94.720581	-0.0006241
94.732065	0.0007638
94.743550	0.0005987
94.755036	-0.0002170
94.766522	0.0014826
94.778009	-0.0011239
94.789496	-0.0014158
94.800985	0.0006147
94.812474	-0.0003185
94.823964	0.0013935
94.835454	0.0002204
94.846945	0.0007622
94.858437	0.0005086
94.869930	0.0009718
94.881423	0.0016721
94.892917	-0.0014592
94.904412	0.0006109
94.915907	0.0005752
94.927403	0.0001302
94.938900	0.0007964
94.950397	-0.0002145
94.961896	-0.0001011
94.973394	-0.0007629
94.984894	0.0014979
94.996394	-0.0002884
95.007895	-0.0014153
95.019397	0.0010924
95.030899	-0.0003270
95.042403	0.0011567
95.053906	-0.0002925
95.065411	0.0007775
95.076916	-0.0001461
95.088422	-0.0010712
95.099929	0.0020873
95.111436	0.0001411
95.122944	-0.0005550
95.134453	-0.0012422
95.145962	0.0005288
95.157472	-0.0028094
95.168983	0.0005076
95.180495	0.0016840
95.192007	-0.0011019
95.203520	0.0013181
95.215034	0.0000775
95.226548	-0.0009817
95.238063	-0.0002423
95.249579	-0.0013568
95.261095	-0.0006302
95.272612	0.0000912
95.284130	-0.0001668
95.295649	-0.0010585
95.307168	0.0003315
95.318688	-0.0010807
95.330209	0.0003119
95.341730	-0.0004032
95.353252	-0.0012165
95.364775	-0.0002159
95.376298	0.0025121
95.387823	0.0004462
95.399347	-0.0004970
95.410873	0.0007470
95.422399	-0.0007683
95.433926	0.0012414
95.445454	-0.0013578
95.456982	0.0008855
95.468512	-0.0000358
95.480041	0.0000243
95.491572	0.0000730
95.503103	-0.0003156
95.514635	-0.0010084
95.526168	0.0017039
95.537701	-0.0000152
95.549235	-0.0004775
95.560770	-0.0020113
95.572305	-0.0006770
95.583841	0.0016335
95.595378	-0.0017690
95.606916	0.0008631
95.618454	-0.0004120
95.629993	0.0006626
95.641532	0.0005799
95.653073	0.0004953
95.664614	-0.0014511
95.676155	-0.0005323
95.687698	0.0001168
95.699241	0.0010125
95.710785	-0.0009658
95.722329	-0.0001658
95.733875	-0.0000850
95.745421	0.0001052
95.756967	-0.0000066
95.768515	0.0004485
95.780063	0.0023162
95.791611	0.0002697
95.803161	0.0004655
95.814711	-0.0014204
95.826262	-0.0017899
95.837814	-0.0010638
95.849366	-0.0001601
95.860919	0.0018288
95.872473	-0.0012346
95.884027	-0.0000145
95.895582	0.0018026
95.907138	-0.0008610
95.918694	0.0006263
95.930251	0.0001407
95.941809	0.0005924
95.953368	-0.0005442
95.964927	-0.0018408
95.976487	-0.0008153
95.988048	-0.0002101
95.999609	0.0004338
96.011172	0.0004780
96.022734	-0.0008506
96.034298	0.0001410
96.045862	-0.0009855
96.057427	0.0002764
96.068993	-0.0007329
96.080559	0.0011954
96.092126	0.0006310
96.103694	0.0006693
96.115262	-0.0000332
96.126831	-0.0008769
96.138401	0.0003131
96.149972	0.0003517
96.161543	0.0007220
96.173115	-0.0002280
96.184688	-0.0000977
96.196261	-0.0001613
96.207835	-0.0002058
96.219410	-0.0010804
96.230985	0.0014161
96.242561	-0.0004178
96.254138	-0.0003499
96.265716	0.0002709
96.277294	0.0002298
96.288873	-0.0005483
96.300453	-0.0010498
96.312033	0.0014802
96.323614	0.0006174
96.335196	0.0005566
96.346778	0.0014839
96.358362	0.0007737
96.369945	-0.0004111
96.381530	0.0002091
96.393115	-0.0000965
96.404701	-0.0009432
96.416288	0.0005638
96.427875	0.0015360
96.439463	-0.0005052
96.451052	-0.0009822
96.462642	0.0000639
96.474232	-0.0015597
96.485823	0.0001881
96.497415	0.0007076
96.509007	-0.0004334
96.520600	0.0008380
96.532194	-0.0001848
96.543788	0.0002517
96.555383	-0.0004386
96.566979	0.0000145
96.578575	-0.0000075
96.590173	-0.0001359
96.601771	-0.0001489
96.613369	-0.0007871
96.624969	-0.0006177
96.636569	-0.0016698
96.648169	0.0011214
96.659771	-0.0018052
96.671373	0.0007239
96.682976	0.0008039
96.694579	0.0009809
96.706184	-0.0000528
96.717789	-0.0005475
96.729394	0.0008583
96.741001	0.0001000
96.752608	0.0022718
96.764216	-0.0009261
96.775824	-0.0003944
96.787433	0.0019893
96.799043	0.0015472
96.810654	-0.0004009
96.822265	-0.0009354
96.833877	-0.0004263
96.845490	0.0003304
96.857103	-0.0005752
96.868717	-0.0008645
96.880332	-0.0002879
96.891947	-0.0007953
96.903564	-0.0004005
96.915180	0.0004321
96.926798	0.0015970
96.938416	-0.0000582
96.950035	0.0027498
96.961655	0.0002470
96.973275	-0.0009539
96.984897	0.0002559
96.996518	0.0005343
97.008141	-0.0012042
97.019764	-0.0022610
97.031388	-0.0014514
97.043013	-0.0018739
97.054638	0.0001130
97.066264	0.0003897
97.077891	0.0007269
97.089518	0.0005087
97.101146	0.0009510
97.112775	0.0017158
97.124405	0.0000888
97.136035	-0.0013411
97.147666	-0.0010581
97.159298	0.0003928
97.170930	-0.0005832
97.182563	-0.0005659
97.194197	0.0012076
97.205831	-0.0007664
97.217466	0.0006337
97.229102	-0.0013450
97.240739	0.0010738
97.252376	-0.0001116
97.264014	-0.0007211
97.275653	-0.0002243
97.287292	0.0018685
97.298932	0.0000215
97.310573	-0.0017480
97.322214	-0.0003625
97.333857	0.0002692
97.345500	0.0011996
97.357143	-0.0006849
97.368787	0.0019258
97.380432	0.0001739
97.392078	-0.0011187
97.403724	-0.0014147
97.415372	-0.0017121
97.427019	0.0004666
97.438668	-0.0000945
97.450317	0.0003898
97.461967	0.0006033
97.473618	0.0018034
97.485269	0.0002242
97.496921	-0.0002353
97.508574	0.0015364
97.520227	-0.0010525
97.531881	-0.0013076
97.543536	0.0003584
97.555192	0.0003601
97.566848	-0.0002724
97.578505	0.0022404
97.590162	0.0010561
97.601821	-0.0016158
97.613480	0.0000961
97.625140	-0.0000691
97.636800	-0.0003110
97.648461	0.0002045
97.660123	-0.0004069
97.671786	0.0006164
97.683449	0.0015347
97.695113	0.0012487
97.706777	0.0001432
97.718443	-0.0015197
97.730109	0.0008392
97.741776	-0.0008407
97.753443	0.0008410
97.765111	-0.0014895
97.776780	0.0011197
97.788450	-0.0002272
97.800120	-0.0014921
97.811791	0.0003399
97.823463	0.0005889
97.835135	0.0001007
97.846808	-0.0002508
97.858482	0.0017790
97.870156	0.0001342
97.881832	0.0011360
97.893508	0.0006169
97.905184	0.0007370
97.916861	0.0005777
97.928539	0.0002544
97.940218	-0.0006575
97.951898	0.0006305
97.963578	0.0003989
97.975259	0.0019161
97.986940	-0.0006139
97.998622	-0.0000632
98.010305	-0.0002540
98.021989	-0.0002734
98.033673	0.0002247
98.045358	0.0003190
98.057044	0.0003566
98.068730	-0.0011177
98.080418	0.0007952
98.092105	0.0001993
98.103794	-0.0000415
98.115483	0.0002358
98.127173	-0.0000848
98.138864	0.0007254
98.150555	-0.0006855
98.162247	-0.0002908
98.173940	-0.0005756
98.185633	-0.0004612
98.197328	0.0003033
98.209022	0.0005863
98.220718	0.0019633
98.232414	-0.0003317
98.244111	0.0009765
98.255809	-0.0006058
98.267507	-0.0001743
98.279206	0.0005371
98.290906	0.0006152
98.302607	-0.0002434
98.314308	0.0016482
98.326010	0.0012876
98.337712	-0.0005884
98.349416	-0.0006351
98.361120	0.0008557
98.372824	-0.0014583
98.384530	-0.0004764
98.396236	0.0000803
98.407943	0.0008355
98.419650	0.0000555
98.431358	0.0004898
98.443067	-0.0003876
98.454777	-0.0022505
98.466487	-0.0002893
98.478198	-0.0001512
98.489910	0.0012627
98.501622	0.0014110
98.513335	0.0000823
98.525049	0.0018896
98.536764	-0.0004940
98.548479	0.0008320
98.560195	-0.0005461
98.571912	0.0002535
98.583629	0.0003701
98.595347	-0.0003711
98.607066	0.0011402
98.618785	0.0003388
98.630505	-0.0007550
98.642226	-0.0003261
98.653948	0.0003607
98.665670	-0.0004152
98.677393	0.0015023
98.689117	-0.0000572
98.700841	-0.0003168
98.712566	0.0004127
98.724292	0.0016624
98.736018	-0.0003689
98.747746	0.0019913
98.759473	-0.0003524
98.771202	0.0007587
98.782931	-0.0003062
98.794661	0.0002868
98.806392	0.0008015
98.818123	0.0012012
98.829855	0.0007217
98.841588	0.0001520
98.853322	-0.0004782
98.865056	0.0010416
98.876791	-0.0010326
98.888526	-0.0003976
98.900263	0.0010568
98.912000	-0.0006825
98.923738	0.0009014
98.935476	-0.0001200
98.947215	-0.0010306
98.958955	-0.0002146
98.970695	0.0001690
98.982437	-0.0006710
98.994179	0.0010984
99.005921	-0.0003216
99.017665	-0.0001361
99.029409	0.0001964
99.041153	-0.0015733
99.052899	-0.0018883
99.064645	-0.0007411
99.076392	-0.0017774
99.088139	0.0013638
99.099888	-0.0014255
99.111636	-0.0000713
99.123386	-0.0000304
99.135136	0.0000163
99.146888	0.0005184
99.158639	0.0011248
99.170392	0.0007381
99.182145	0.0000046
99.193899	-0.0010277
99.205653	-0.0005477
99.217409	0.0009570
99.229165	0.0003455
99.240921	0.0003706
99.252679	0.0000414
99.264437	-0.0003678
99.276196	0.0009550
99.287955	0.0006011
99.299715	0.0010091
99.311476	0.0005430
99.323238	-0.0000892
99.335000	0.0000579
99.346763	-0.0017243
99.358527	0.0004060
99.370291	0.0001214
99.382056	0.0004975
99.393822	-0.0008921
99.405589	-0.0007242
99.417356	-0.0003101
99.429124	0.0006473
99.440892	-0.0013120
99.452662	-0.0006935
99.464432	0.0000928
99.476202	0.0004929
99.487974	-0.0012312
99.499746	-0.0000945
99.511519	-0.0000485
99.523292	0.0000221
99.535066	0.0016084
99.546841	0.0017094
99.558617	0.0004817
99.570393	0.0004834
99.582170	0.0015277
99.593948	0.0013049
99.605727	0.0007165
99.617506	-0.0013395
99.629286	0.0001857
99.641066	-0.0014815
99.652848	-0.0006993
99.664629	-0.0001848
99.676412	-0.0023235
99.688196	0.0003798
99.699980	-0.0006939
99.711764	-0.0006566
99.723550	0.0023465
99.735336	0.0004292
99.747123	-0.0007883
99.758910	-0.0004712
99.770699	0.0013608
99.782488	-0.0002117
99.794277	0.0012245
99.806068	-0.0001749
99.817859	-0.0003895
99.829651	-0.0002598
99.841443	-0.0007103
99.853236	0.0005267
99.865030	-0.0008670
99.876825	0.0005212
99.888620	0.0005724
99.900416	-0.0010525
99.912213	0.0009395
99.924010	-0.0016718
99.935808	0.0020319
99.947607	0.0007015
99.959407	-0.0009507
99.971207	-0.0018227
99.983008	-0.0004577
99.994810	-0.0004181
100.006612	0.0001135
100.018415	-0.0003997
100.030219	-0.0012706
100.042023	0.0002180
100.053828	-0.0008074
100.065634	0.0006703
100.077441	0.0004114
100.089248	0.0020757
100.101056	-0.0009265
100.112865	0.0002562
100.124674	0.0002566
100.136484	-0.0003967
100.148295	0.0007381
100.160106	-0.0009137
100.171918	0.0012754
100.183731	-0.0017281
100.195545	0.0010403
100.207359	0.0007143
100.219174	-0.0016940
100.230990	0.0001535
100.242806	0.0003065
100.254623	-0.0013044
100.266441	0.0013655
100.278260	-0.0013854
100.290079	-0.0004422
100.301899	0.0010387
100.313719	0.0000037
100.325540	0.0021851
100.337362	0.0006145
100.349185	-0.0006179
100.361009	-0.0002157
100.372833	0.0015236
100.384658	0.0009332
100.396483	0.0001102
100.408309	-0.0007101
100.420136	0.0018084
100.431964	-0.0008042
100.443792	0.0018845
100.455621	-0.0025515
100.467451	-0.0022476
100.479281	-0.0021770
100.491112	-0.0006813
100.502944	0.0004220
100.514777	0.0013170
100.526610	-0.0001342
100.538444	0.0011607
100.550279	-0.0011850
100.562114	0.0005130
100.573950	-0.0003342
100.585787	-0.0006641
100.597624	0.0012994
100.609462	0.0005737
100.621301	-0.0001963
100.633141	0.0014586
100.644981	-0.0002327
100.656822	-0.0004208
100.668664	0.0010209
100.680506	-0.0009805
100.692349	0.0006033
100.704193	0.0010927
100.716037	-0.0011268
100.727883	-0.0001060
100.739728	0.0009544
100.751575	0.0013941
100.763422	0.0001459
100.775270	0.0001432
100.787119	0.0006078
100.798968	-0.0017254
100.810818	0.0000998
100.822669	0.0013628
100.834521	0.0002354
100.846373	-0.0000969
100.858226	-0.0011693
100.870080	0.0015272
100.881934	-0.0015085
100.893789	-0.0005935
100.905645	0.0003679
100.917501	-0.0006912
100.929358	-0.0012933
100.941216	-0.0003420
100.953074	-0.0002417
100.964934	0.0003220
100.976794	0.0004451
100.988654	-0.0005317
101.000516	-0.0012605
101.012378	-0.0007948
101.024240	0.0009448
101.036104	-0.0003761
101.047968	0.0007428
101.059833	-0.0003802
101.071698	-0.0003894
101.083565	-0.0007839
101.095432	0.0017375
101.107299	0.0006065
101.119168	0.0007409
101.131037	-0.0007376
101.142906	-0.0006336
101.154777	-0.0003490
101.166648	-0.0013809
101.178520	-0.0021205
101.190392	-0.0011646
101.202266	0.0005510
101.214140	0.0003180
101.226014	0.0008816
101.237890	-0.0020368
101.249766	0.0001712
101.261643	-0.0001455
101.273520	-0.0007818
101.285398	-0.0002576
101.297277	-0.0008778
101.309157	0.0001661
101.321037	-0.0021286
101.332918	-0.0005122
101.344800	0.0001594
101.356682	-0.0000420
101.368565	0.0008685
101.380449	0.0010541
101.392334	-0.0007264
101.404219	-0.0018649
101.416105	0.0001020
101.427991	0.0005236
101.439879	0.0001613
101.451767	-0.0003352
101.463656	-0.0016197
101.475545	0.0006903
101.487435	-0.0003083
101.499326	-0.0002399
101.511217	0.0008164
101.523110	0.0003098
101.535003	-0.0019796
101.546896	0.0000923
101.558791	0.0019996
101.570686	0.0012459
101.582581	0.0001878
101.594478	-0.0005762
101.606375	-0.0002189
101.618273	0.0004403
101.630171	0.0002152
101.642071	0.0002119
101.653971	0.0018408
101.665871	0.0003562
101.677773	-0.0010766
101.689675	0.0007768
101.701578	-0.0014659
101.713481	0.0008848
101.725385	-0.0002629
101.737290	0.0025354
101.749196	-0.0026424
101.761102	-0.0001287
101.773009	0.0024128
101.784917	0.0022441
101.796825	0.0017018
101.808734	-0.0000297
101.820644	-0.0011814
101.832554	-0.0020541
101.844466	-0.0004764
101.856378	0.0000350
101.868290	-0.0004810
101.880204	0.0005395
101.892118	0.0006063
101.904032	-0.0004453
101.915948	0.0006431
101.927864	0.0005252
101.939781	0.0028866
101.951698	0.0012905
101.963616	0.0018861
101.975535	0.0003511
101.987455	0.0001987
101.999375	-0.0000528
102.011296	0.0003347
102.023218	-0.0000526
102.035141	-0.0008725
102.047064	0.0000036
102.058988	-0.0010033
102.070912	-0.0010913
102.082837	0.0008092
102.094763	-0.0006847
102.106690	0.0018498
102.118617	-0.0004715
102.130545	-0.0001897
102.142474	-0.0018463
102.154404	-0.0024947
102.166334	-0.0007078
102.178265	0.0005196
102.190196	0.0004560
102.202128	-0.0016798
102.214061	0.0002901
102.225995	0.0008143
102.237930	-0.0001136
102.249865	-0.0017004
102.261800	0.0018136
102.273737	-0.0009311
102.285674	-0.0008314
102.297612	0.0005529
102.309551	-0.0017886
102.321490	-0.0001545
102.333430	-0.0008121
102.345371	-0.0008836
102.357312	0.0001786
102.369254	0.0000667
102.381197	0.0002454
102.393140	-0.0010682
102.405085	0.0000206
102.417030	0.0000607
102.428975	-0.0003972
102.440922	-0.0015631
102.452869	0.0003628
102.464816	0.0009152
102.476765	0.0005648
102.488714	-0.0011458
102.500664	-0.0003314
102.512614	0.0010291
102.524565	-0.0008827
102.536517	-0.0023144
102.548470	-0.0014520
102.560423	-0.0006198
102.572377	0.0001662
102.584332	-0.0002816
102.596288	0.0006186
102.608244	0.0001753
102.620201	-0.0005280
102.632158	-0.0009162
102.644117	-0.0005204
102.656076	0.0008885
102.668035	-0.0009381
102.679996	0.0014334
102.691957	0.0003896
102.703918	-0.0000416
102.715881	0.0000575
102.727844	0.0002123
102.739808	0.0000868
102.751773	-0.0001296
102.763738	-0.0005004
102.775704	0.0007346
102.787671	0.0001646
102.799638	0.0002126
102.811606	0.0018791
102.823575	0.0026839
102.835544	0.0002294
102.847515	-0.0014580
102.859485	0.0003306
102.871457	0.0002647
102.883429	0.0005396
102.895402	-0.0008145
102.907376	0.0008487
102.919351	0.0006560
102.931326	-0.0014587
102.943301	0.0013631
102.955278	0.0007500
102.967255	-0.0015424
102.979233	0.0001995
102.991212	0.0005100
103.003191	-0.0002271
103.015171	0.0008007
103.027152	-0.0017268
103.039133	0.0002668
103.051116	-0.0007113
103.063098	0.0002510
103.075082	-0.0004490
103.087066	0.0011458
103.099051	-0.0010682
103.111037	0.0014117
103.123023	-0.0013165
103.135010	0.0019606
103.146998	0.0011595
103.158986	0.0008289
103.170976	0.0006731
103.182966	-0.0004910
103.194956	-0.0027334
103.206947	0.0001344
103.218939	0.0002505
103.230932	-0.0001121
103.242925	0.0002111
103.254920	0.0001154
103.266914	-0.0000945
103.278910	-0.0007199
103.290906	-0.0011073
103.302903	-0.0014238
103.314900	-0.0002673
103.326899	0.0004942
103.338898	-0.0004063
103.350897	-0.0000735
103.362898	-0.0005336
103.374899	-0.0014810
103.386901	-0.0002270
103.398903	-0.0007855
103.410907	-0.0014065
103.422910	0.0020785
103.434915	-0.0001720
103.446920	-0.0000259
103.458926	-0.0007300
103.470933	0.0014450
103.482941	0.0011792
103.494949	0.0007910
103.506958	0.0005652
103.518967	-0.0000988
103.530977	0.0007808
103.542988	-0.0000583
103.555000	-0.0008982
103.567012	-0.0007169
103.579025	-0.0005817
103.591039	-0.0008632
103.603054	0.0007859
103.615069	0.0011169
103.627085	-0.0000087
103.639101	0.0006194
103.651118	0.0014023
103.663136	0.0023044
103.675155	0.0004234
103.687174	-0.0009574
103.699195	0.0006058
103.711215	0.0000556
103.723237	-0.0024791
103.735259	0.0002049
103.747282	-0.0004736
103.759305	0.0018351
103.771330	-0.0019747
103.783355	0.0003361
103.795380	0.0004453
103.807407	-0.0013091
103.819434	0.0001798
103.831462	-0.0013775
103.843490	0.0003746
103.855520	-0.0000733
103.867549	0.0001422
103.879580	-0.0006555
103.891611	0.0003055
103.903643	-0.0012590
103.915676	-0.0000523
103.927710	-0.0005789
103.939744	-0.0000449
103.951778	-0.0009542
103.963814	0.0009667
103.975850	-0.0015998
103.987887	0.0015772
103.999925	-0.0003928
104.011963	-0.0011852
104.024002	-0.0000263
104.036042	0.0004699
104.048082	0.0003936
104.060124	0.0002369
104.072165	-0.0002421
104.084208	-0.0005537
104.096251	0.0003380
104.108295	-0.0010416
104.120340	-0.0022078
104.132385	-0.0013009
104.144431	0.0001280
104.156478	0.0012342
104.168525	-0.0028543
104.180574	0.0011310
104.192623	-0.0009187
104.204672	0.0007261
104.216722	0.0018424
104.228773	0.0008686
104.240825	-0.0009473
104.252877	0.0002789
104.264931	-0.0004973
104.276984	0.0001724
104.289039	-0.0000651
104.301094	0.0009616
104.313150	-0.0010727
104.325207	-0.0013712
104.337264	-0.0012548
104.349322	0.0003521
104.361381	0.0015945
104.373440	-0.0009275
104.385500	0.0007046
104.397561	-0.0002111
104.409622	-0.0005632
104.421685	0.0008689
104.433748	-0.0007396
104.445811	-0.0009975
104.457875	0.0001484
104.469941	0.0016681
104.482006	0.0013610
104.494073	0.0011532
104.506140	0.0000790
104.518208	-0.0003644
104.530276	-0.0000413
104.542345	0.0001846
104.554415	-0.0014731
104.566486	-0.0009403
104.578557	-0.0001172
104.590629	0.0008111
104.602702	0.0007852
104.614776	-0.0000908
104.626850	0.0002768
104.638925	-0.0013769
104.651000	0.0010695
104.663077	0.0002166
104.675154	0.0007650
104.687231	0.0001146
104.699310	0.0022016
104.711389	0.0005799
104.723468	-0.0018801
104.735549	-0.0004819
104.747630	0.0004640
104.759712	0.0007130
104.771795	-0.0003547
104.783878	0.0003906
104.795962	-0.0004667
104.808047	0.0009403
104.820132	-0.0002768
104.832218	0.0008150
104.844305	-0.0004839
104.856392	-0.0008239
104.868481	0.0016275
104.880570	0.0015897
104.892659	0.0014229
104.904749	0.0004173
104.916840	0.0019256
104.928932	0.0002311
104.941025	-0.0001328
104.953118	-0.0004402
104.965212	-0.0015793
104.977306	0.0014685
104.989401	0.0017479
105.001497	0.0010431
105.013594	0.0005107
105.025691	0.0004300
105.037789	0.0006945
105.049888	0.0008434
105.061988	0.0010645
105.074088	-0.0008855
105.086189	-0.0006935
105.098290	0.0003767
105.110392	-0.0004196
105.122495	-0.0002483
105.134599	0.0015827
105.146703	0.0005467
105.158808	0.0011562
105.170914	-0.0002743
105.183021	-0.0001777
105.195128	-0.0009070
105.207236	-0.0005372
105.219344	-0.0007108
105.231454	0.0010316
105.243564	0.0006200
105.255674	-0.0007597
105.267786	-0.0002433
105.279898	0.0004877
105.292010	0.0003606
105.304124	0.0002753
105.316238	-0.0031308
105.328353	0.0008399
105.340469	-0.0001063
105.352585	0.0004119
105.364702	0.0004149
105.376820	0.0011204
105.388938	0.0018964
105.401057	0.0004139
105.413177	-0.0021168
105.425298	-0.0015907
105.437419	-0.0000904
105.449541	0.0005425
105.461663	-0.0012943
105.473787	-0.0026586
105.485911	-0.0002778
105.498035	-0.0003038
105.510161	-0.0010841
105.522287	-0.0001963
105.534414	-0.0002720
105.546541	0.0022665
105.558670	0.0014335
105.570799	-0.0000653
105.582928	0.0001024
105.595059	0.0008758
105.607190	-0.0003707
105.619321	-0.0011408
105.631454	0.0007057
105.643587	-0.0006332
105.655721	0.0009220
105.667856	-0.0017994
105.679991	-0.0005253
105.692127	-0.0018738
105.704263	0.0002103
105.716401	0.0024457
105.728539	-0.0009710
105.740678	-0.0004114
105.752817	-0.0023824
105.764957	-0.0015513
105.777098	-0.0001480
105.789240	-0.0001000
105.801382	-0.0018969
105.813525	-0.0002185
105.825669	-0.0012733
105.837813	0.0005604
105.849958	0.0000416
105.862104	0.0000031
105.874251	-0.0016548
105.886398	-0.0006340
105.898546	0.0009296
105.910694	-0.0004814
105.922844	-0.0013840
105.934994	-0.0007076
105.947144	0.0001308
105.959296	-0.0002243
105.971448	-0.0010851
105.983601	0.0010823
105.995754	0.0001915
106.007909	0.0014230
106.020064	0.0000561
106.032219	-0.0006844
106.044376	-0.0011414
106.056533	0.0003872
106.068690	-0.0001034
106.080849	-0.0007610
106.093008	0.0008570
106.105168	0.0010981
106.117328	0.0010612
106.129490	-0.0011423
106.141652	-0.0018470
106.153814	-0.0011646
106.165978	0.0010448
106.178142	-0.0010048
106.190306	0.0006559
106.202472	0.0009634
106.214638	0.0003395
106.226805	0.0017064
106.238973	0.0002257
106.251141	-0.0000624
106.263310	-0.0014203
106.275480	0.0000053
106.287650	-0.0003458
106.299821	0.0000579
106.311993	-0.0019219
106.324165	-0.0000263
106.336338	0.0012776
106.348512	-0.0006666
106.360687	0.0007366
106.372862	-0.0014810
106.385038	-0.0002602
106.397215	-0.0013652
106.409392	0.0006940
106.421571	0.0006471
106.433749	-0.0009499
106.445929	0.0021763
106.458109	0.0016754
106.470290	0.0005661
106.482472	-0.0000083
106.494654	0.0007539
106.506837	-0.0001257
106.519021	0.0000186
106.531205	0.0007407
106.543390	0.0010784
106.555576	0.0006787
106.567763	0.0000743
106.579950	-0.0009510
106.592138	0.0007880
106.604327	0.0003722
106.616516	0.0007034
106.628706	-0.0015649
106.640897	0.0004913
106.653088	-0.0004687
106.665280	0.0015688
106.677473	-0.0000364
106.689667	0.0002809
106.701861	-0.0013499
106.714056	-0.0002872
106.726252	0.0005412
106.738448	0.0003154
106.750645	0.0006153
106.762843	-0.0023386
106.775042	-0.0005553
106.787241	-0.0002040
106.799441	-0.0000474
106.811641	-0.0003116
106.823842	-0.0004598
106.836044	0.0012107
106.848247	-0.0014263
106.860451	-0.0010202
106.872655	-0.0001825
106.884860	0.0007101
106.897065	0.0009286
106.909271	0.0009865
106.921478	0.0002408
106.933686	0.0034958
106.945894	0.0072508
106.958103	0.0162713
106.970313	0.0326157
106.982523	0.0573970
106.994734	0.0932936
107.006946	0.1425298
107.019159	0.1975487
107.031372	0.2471658
107.043586	0.2875249
107.055801	0.3003206
107.068016	0.2857964
107.080232	0.2494754
107.092449	0.1998002
107.104666	0.1443430
107.116884	0.0971378
107.129103	0.0588767
107.141323	0.0345480
107.153543	0.0165360
107.165764	0.0090874
107.177986	0.0046697
107.190208	0.0010102
107.202431	0.0001393
107.214655	-0.0005573
107.226879	0.0003479
107.239104	-0.0011760
107.251330	0.0000800
107.263557	-0.0010015
107.275784	0.0005956
107.288012	0.0004020
107.300241	0.0005791
107.312470	-0.0016301
107.324700	0.0001088
107.336931	0.0014766
107.349163	-0.0004946
107.361395	-0.0004098
107.373628	0.0006263
107.385861	-0.0005290
107.398096	0.0008815
107.410331	-0.0001719
107.422566	0.0010156
107.434803	-0.0009708
107.447040	0.0004382
107.459278	-0.0000079
107.471516	-0.0002409
107.483756	0.0000789
107.495996	0.0001053
107.508236	0.0009292
107.520477	-0.0006796
107.532720	-0.0000481
107.544962	-0.0005034
107.557206	-0.0007749
107.569450	-0.0002067
107.581695	-0.0012414
107.593940	0.0005398
107.606186	-0.0015288
107.618433	-0.0014652
107.630681	0.0005734
107.642929	-0.0021211
107.655178	0.0008134
107.667428	0.0009220
107.679679	0.0013423
107.691930	0.0018955
107.704182	-0.0002797
107.716434	-0.0012282
107.728688	-0.0012654
107.740942	-0.0024854
107.753196	0.0009545
107.765452	0.0016363
107.777708	-0.0021735
107.789965	0.0005792
107.802222	-0.0007221
107.814480	0.0015937
107.826739	0.0003664
107.838999	-0.0004553
107.851259	-0.0013478
107.863520	-0.0009094
107.875782	0.0001629
107.888044	-0.0011139
107.900307	-0.0006968
107.912571	0.0003098
107.924836	0.0016392
107.937101	-0.0007137
107.949367	0.0015730
107.961633	0.0003139
107.973901	-0.0000818
107.986169	0.0003698
107.998437	0.0002795
108.010707	0.0008553
108.022977	0.0022613
108.035248	0.0009222
108.047519	-0.0010338
108.059792	0.0008656
108.072064	-0.0002780
108.084338	-0.0009926
108.096612	0.0010288
108.108888	0.0015570
108.121163	0.0001152
108.133440	-0.0006734
108.145717	0.0000543
108.157995	0.0007415
108.170273	-0.0015596
108.182553	-0.0003985
108.194833	-0.0011322
108.207113	-0.0005644
108.219395	-0.0002135
108.231677	0.0001367
108.243959	-0.0006920
108.256243	-0.0012580
108.268527	-0.0020228
108.280812	-0.0001403
108.293098	-0.0010026
108.305384	0.0006216
108.317671	-0.0012694
108.329958	0.0004014
108.342247	0.0008648
108.354536	-0.0001756
108.366826	-0.0009199
108.379116	0.0004716
108.391407	0.0011377
108.403699	0.0004870
108.415992	0.0000130
108.428285	0.0005063
108.440579	-0.0008787
108.452874	0.0004865
108.465169	0.0002436
108.477466	0.0004819
108.489762	0.0002919
108.502060	0.0012834
108.514358	-0.0008556
108.526657	-0.0007281
108.538957	0.0003198
108.551257	0.0004296
108.563558	-0.0000825
108.575860	-0.0001323
108.588162	-0.0000891
108.600465	0.0004833
108.612769	-0.0000216
108.625074	0.0007743
108.637379	-0.0003071
108.649685	0.0005084
108.661992	-0.0008530
108.674299	0.0001617
108.686607	0.0019358
108.698916	0.0004883
108.711225	0.0005037
108.723536	-0.0021068
108.735846	0.0000856
108.748158	0.0002120
108.760470	0.0009361
108.772783	0.0006357
108.785097	0.0010764
108.797411	0.0010362
108.809726	-0.0001965
108.822042	0.0009947
108.834359	-0.0004043
108.846676	-0.0000395
108.858994	0.0001578
108.871312	0.0013951
108.883632	0.0011021
108.895952	-0.0016563
108.908272	0.0001516
108.920594	0.0014170
108.932916	-0.0008443
108.945239	0.0000232
108.957562	0.0000327
108.969886	0.0012175
108.982211	0.0000149
108.994537	-0.0006319
109.006863	0.0023653
109.019190	0.0000930
109.031518	0.0022550
109.043846	-0.0005204
109.056176	-0.0000743
109.068505	-0.0009664
109.080836	0.0010497
109.093167	0.0007436
109.105499	-0.0001689
109.117832	-0.0005370
109.130165	-0.0012808
109.142499	-0.0004757
109.154834	-0.0005337
109.167169	-0.0012766
109.179506	0.0022120
109.191842	-0.0002761
109.204180	0.0007663
109.216518	0.0005843
109.228857	-0.0002306
109.241197	-0.0012173
109.253537	0.0003380
109.265878	-0.0001843
109.278220	0.0009381
109.290563	-0.0012304
109.302906	-0.0003619
109.315250	-0.0015456
109.327594	-0.0005752
109.339940	-0.0001703
109.352285	0.0007160
109.364632	0.0019120
109.376980	0.0018486
109.389328	-0.0009849
109.401676	0.0022739
109.414026	-0.0016131
109.426376	-0.0018580
109.438727	0.0009316
109.451079	0.0013563
109.463431	-0.0021418
109.475784	-0.0001754
109.488138	-0.0010672
109.500492	-0.0002358
109.512847	-0.0005158
109.525203	-0.0017785
109.537560	0.0009740
109.549917	0.0004475
109.562275	-0.0001370
109.574633	0.0012764
109.586993	-0.0011183
109.599353	-0.0004764
109.611714	-0.0006912
109.624075	0.0000595
109.636437	0.0006048
109.648800	-0.0009291
109.661164	-0.0001597
109.673528	0.0000284
109.685893	-0.0002201
109.698258	-0.0012105
109.710625	0.0007344
109.722992	0.0009048
109.735360	0.0006339
109.747728	-0.0002293
109.760097	-0.0002517
109.772467	0.0000459
109.784838	-0.0004031
109.797209	-0.0008563
109.809581	-0.0000384
109.821954	0.0006388
109.834327	-0.0001772
109.846701	-0.0015759
109.859076	0.0024681
109.871451	-0.0001434
109.883828	-0.0007185
109.896204	-0.0006876
109.908582	-0.0002285
109.920960	0.0018771
109.933339	0.0001743
109.945719	-0.0010054
109.958100	0.0009559
109.970481	0.0006202
109.982862	-0.0013650
109.995245	-0.0005700
110.007628	-0.0000354
110.020012	0.0011693
110.032397	0.0012859
110.044782	0.0016825
110.057168	-0.0000121
110.069555	-0.0001531
110.081942	-0.0016358
110.094330	-0.0001837
110.106719	-0.0002894
110.119109	0.0007494
110.131499	0.0010474
110.143890	0.0016672
110.156282	-0.0006595
110.168674	-0.0005073
110.181067	-0.0005765
110.193461	0.0002146
110.205855	-0.0002611
110.218250	0.0022029
110.230646	0.0002100
110.243043	0.0005927
110.255440	-0.0011936
110.267838	0.0000460
110.280237	-0.0002804
110.292636	0.0005996
110.305036	0.0004239
110.317437	-0.0005991
110.329838	0.0004177
110.342241	0.0011672
110.354643	-0.0001733
110.367047	0.0011047
110.379451	-0.0008066
110.391856	0.0007365
110.404262	0.0011416
110.416668	0.0007019
110.429076	-0.0008619
110.441483	-0.0001169
110.453892	0.0007402
110.466301	0.0002324
110.478711	-0.0011289
110.491122	0.0004430
110.503533	-0.0008308
110.515945	0.0011279
110.528358	-0.0015461
110.540771	0.0005921
110.553185	0.0004625
110.565600	0.0000704
110.578016	0.0017115
110.590432	0.0012994
110.602849	0.0002097
110.615266	-0.0004275
110.627685	0.0003248
110.640104	-0.0017211
110.652523	-0.0018632
110.664944	-0.0010204
110.677365	-0.0012143
110.689787	-0.0003767
110.702209	-0.0006626
110.714633	0.0000971
110.727057	0.0013424
110.739481	0.0014476
110.751907	0.0015692
110.764333	0.0002213
110.776759	-0.0014975
110.789187	0.0016728
110.801615	-0.0007166
110.814044	0.0010274
110.826474	-0.0012832
110.838904	0.0019640
110.851335	-0.0002458
110.863767	-0.0008439
110.876199	0.0008796
110.888632	0.0001961
110.901066	0.0011595
110.913500	-0.0005314
110.925935	0.0010121
110.938371	0.0000949
110.950808	-0.0007374
110.963245	-0.0004589
110.975683	-0.0006545
110.988122	0.0002510
111.000561	-0.0003521
111.013002	0.0010858
111.025442	-0.0001001
111.037884	0.0020912
111.050326	0.0001070
111.062769	-0.0009639
111.075213	-0.0008272
111.087657	0.0008994
111.100102	0.0003368
111.112548	-0.0000003
111.124994	0.0015819
111.137441	-0.0009522
111.149889	0.0005996
111.162338	0.0004612
111.174787	0.0002631
111.187237	0.0017146
111.199688	0.0015461
111.212139	-0.0009223
111.224591	0.0001162
111.237044	-0.0007880
111.249497	-0.0007904
111.261951	0.0008387
111.274406	0.0010664
111.286862	-0.0007759
111.299318	0.0009830
111.311775	0.0014784
111.324233	0.0000916
111.336691	-0.0005919
111.349150	-0.0017896
111.361610	0.0004618
111.374070	0.0006773
111.386532	-0.0003679
111.398993	-0.0005758
111.411456	-0.0015398
111.423919	0.0009244
111.436383	0.0016471
111.448848	-0.0012778
111.461313	0.0006933
111.473779	-0.0005306
111.486246	0.0005000
111.498714	-0.0012705
111.511182	0.0017964
111.523651	-0.0000525
111.536121	0.0002463
111.548591	-0.0013731
111.561062	0.0002021
111.573534	0.0016506
111.586006	-0.0003392
111.598479	0.0002726
111.610953	-0.0002641
111.623427	-0.0001522
111.635903	-0.0003507
111.648379	-0.0004491
111.660855	0.0013703
111.673333	-0.0009569
111.685811	0.0009587
111.698289	-0.0003456
111.710769	-0.0002178
111.723249	0.0005600
111.735730	-0.0004368
111.748211	-0.0000454
111.760694	-0.0008256
111.773177	-0.0033772
111.785660	0.0006734
111.798145	0.0006861
111.810630	0.0005896
111.823116	-0.0015842
111.835602	0.0014495
111.848089	0.0008122
111.860577	0.0002013
111.873066	0.0014058
111.885555	-0.0002447
111.898045	-0.0003551
111.910536	-0.0018308
111.923027	0.0005380
111.935519	-0.0016739
111.948012	-0.0014632
111.960505	-0.0011136
111.973000	-0.0006889
111.985494	-0.0006746
111.997990	0.0009188
112.010486	-0.0003189
112.022983	0.0020066
112.035481	0.0002924
112.047979	-0.0000871
112.060479	0.0012397
112.072978	0.0018095
112.085479	0.0005300
112.097980	-0.0005871
112.110482	-0.0002185
112.122985	0.0015669
112.135488	0.0016416
112.147992	0.0006241
112.160497	0.0006888
112.173002	0.0003112
112.185508	0.0007813
112.198015	0.0018724
112.210523	0.0007173
112.223031	-0.0008763
112.235540	0.0005196
112.248050	0.0002309
112.260560	0.0001387
112.273071	0.0005444
112.285583	0.0007294
112.298095	0.0002637
112.310608	-0.0010816
112.323122	-0.0007061
112.335637	0.0006285
112.348152	-0.0010549
112.360668	0.0012787
112.373185	0.0012706
112.385702	0.0022002
112.398220	0.0006399
112.410739	-0.0005351
112.423258	-0.0015876
112.435779	0.0009788
112.448300	-0.0013817
112.460821	-0.0006563
112.473343	-0.0004619
112.485866	-0.0000196
112.498390	0.0005944
112.510914	-0.0005383
112.523440	-0.0008328
112.535965	0.0007776
112.548492	-0.0018908
112.561019	-0.0005268
112.573547	-0.0006442
112.586076	-0.0023247
112.598605	-0.0003844
112.611135	0.0004469
112.623666	0.0001459
112.636197	-0.0017192
112.648729	0.0011187
112.661262	0.0000487
112.673796	0.0005547
112.686330	0.0002042
112.698865	0.0000594
112.711400	0.0000382
112.723937	-0.0009288
112.736474	0.0007160
112.749012	0.0009301
112.761550	-0.0018151
112.774089	-0.0011690
112.786629	0.0009801
112.799170	0.0004551
112.811711	-0.0008273
112.824253	0.0008805
112.836795	-0.0003318
112.849339	0.0002107
112.861883	0.0003040
112.874428	0.0011917
112.886973	-0.0020672
112.899519	0.0026753
112.912066	-0.0017082
112.924614	0.0007036
112.937162	-0.0001516
112.949711	-0.0010308
112.962261	-0.0002038
112.974811	-0.0018577
112.987362	0.0009578
112.999914	-0.0010692
113.012466	-0.0010659
113.025020	0.0002236
113.037574	0.0004475
113.050128	-0.0003207
113.062683	-0.0005467
113.075240	0.0014472
113.087796	0.0004476
113.100354	-0.0003067
113.112912	0.0007698
113.125471	-0.0011171
113.138030	0.0003081
113.150590	-0.0020089
113.163151	0.0021015
113.175713	0.0008018
113.188275	-0.0006908
113.200838	-0.0001158
113.213402	0.0004120
113.225966	-0.0006141
113.238532	0.0002889
113.251097	0.0004697
113.263664	-0.0005246
113.276231	-0.0004208
113.288799	0.0008956
113.301368	-0.0011188
113.313937	0.0006204
113.326507	-0.0008198
113.339078	0.0010534
113.351649	0.0008198
113.364222	0.0006094
113.376794	0.0007900
113.389368	0.0008204
113.401942	0.0006675
113.414517	0.0001179
113.427093	0.0021392
113.439669	0.0003262
113.452246	-0.0000611
113.464824	0.0004664
113.477403	0.0002305
113.489982	0.0015617
113.502562	-0.0002583
113.515142	0.0027174
113.527724	0.0012644
113.540306	-0.0026062
113.552888	0.0001648
113.565472	-0.0002291
113.578056	-0.0002716
113.590641	-0.0000361
113.603226	0.0019430
113.615812	0.0003844
113.628399	0.0006920
113.640987	0.0022663
113.653575	0.0005075
113.666164	0.0005788
113.678754	-0.0004197
113.691344	-0.0006118
113.703936	0.0009780
113.716527	0.0005542
113.729120	-0.0004693
113.741713	-0.0009114
113.754307	0.0011412
113.766902	-0.0011997
113.779497	-0.0010028
113.792093	0.0014745
113.804690	-0.0020547
113.817287	0.0015144
113.829885	-0.0010606
113.842484	0.0005216
113.855084	-0.0016941
113.867684	0.0014152
113.880285	-0.0017531
113.892887	-0.0003595
113.905489	-0.0011963
113.918092	-0.0009465
113.930696	-0.0005083
113.943300	-0.0020416
113.955906	-0.0006424
113.968511	-0.0012603
113.981118	-0.0019528
113.993725	-0.0027250
114.006333	-0.0012575
114.018942	0.0000729
114.031551	0.0000653
114.044161	-0.0014300
114.056772	0.0009710
114.069384	-0.0015128
114.081996	0.0001617
114.094609	0.0010129
114.107222	-0.0002624
114.119837	-0.0012683
114.132452	0.0003508
114.145068	-0.0000943
114.157684	0.0008381
114.170301	-0.0008562
114.182919	0.0018895
114.195537	-0.0003389
114.208157	-0.0007388
114.220777	0.0002869
114.233397	-0.0021504
114.246019	-0.0002651
114.258641	0.0006590
114.271263	-0.0013745
114.283887	-0.0000983
114.296511	-0.0002717
114.309136	0.0016067
114.321761	-0.0013063
114.334388	0.0000425
114.347014	0.0010399
114.359642	-0.0007487
114.372270	-0.0008698
114.384900	-0.0018907
114.397529	-0.0005863
114.410160	-0.0008194
114.422791	0.0013858
114.435423	-0.0000599
114.448055	0.0009989
114.460689	-0.0013672
114.473323	-0.0013849
114.485957	0.0009689
114.498593	0.0006422
114.511229	0.0005262
114.523866	0.0005842
114.536503	0.0007851
114.549141	0.0019431
114.561780	0.0001269
114.574420	-0.0000643
114.587060	-0.0008953
114.599701	-0.0009099
114.612343	0.0011364
114.624985	0.0003539
114.637628	-0.0006096
114.650272	0.0006618
114.662917	-0.0007365
114.675562	0.0001304
114.688208	0.0005904
114.700854	-0.0011844
114.713502	-0.0005710
114.726150	0.0004475
114.738798	0.0010240
114.751448	-0.0017603
114.764098	0.0002287
114.776749	0.0001599
114.789400	-0.0007561
114.802052	0.0001943
114.814705	0.0004569
114.827359	-0.0015314
114.840013	0.0001331
114.852668	0.0004863
114.865324	0.0007011
114.877981	-0.0005514
114.890638	-0.0002303
114.903296	0.0010823
114.915954	0.0004091
114.928614	0.0008588
114.941273	-0.0001972
114.953934	-0.0020808
114.966596	-0.0003537
114.979258	-0.0017824
114.991920	-0.0003032
115.004584	0.0005271
115.017248	0.0008452
115.029913	0.0025408
115.042578	0.0000039
115.055245	0.0011315
115.067912	0.0005589
115.080579	-0.0001652
115.093248	0.0006922
115.105917	0.0002183
115.118587	-0.0001176
115.131257	0.0003961
115.143928	-0.0001284
115.156600	-0.0004136
115.169273	0.0001706
115.181946	-0.0017672
115.194620	0.0007320
115.207295	0.0001296
115.219970	-0.0001467
115.232646	-0.0009175
115.245323	0.0015563
115.258001	0.0005657
115.270679	-0.0005027
115.283358	-0.0005424
115.296038	-0.0007682
115.308718	0.0006194
115.321399	-0.0020189
115.334081	-0.0000036
115.346763	-0.0001461
115.359446	-0.0004783
115.372130	-0.0000742
115.384815	-0.0004884
115.397500	0.0020147
115.410186	-0.0018308
115.422873	0.0003476
115.435560	0.0014169
115.448248	0.0007291
115.460937	0.0005752
115.473626	0.0025958
115.486316	0.0001589
115.499007	0.0008781
115.511699	-0.0016719
115.524391	-0.0001508
115.537084	0.0008933
115.549778	0.0007116
115.562472	-0.0011719
115.575167	-0.0000715
115.587863	0.0002982
115.600560	-0.0008664
115.613257	-0.0000835
115.625955	-0.0005366
115.638653	0.0003004
115.651352	0.0003734
115.664052	-0.0010122
115.676753	-0.0006408
115.689455	0.0007364
115.702157	0.0006018
115.714860	0.0000232
115.727563	0.0001226
115.740267	-0.0017015
115.752972	-0.0005035
115.765678	0.0011740
115.778384	0.0017824
115.791091	-0.0004032
115.803799	0.0006501
115.816507	-0.0002311
115.829216	-0.0014695
115.841926	-0.0003937
115.854637	-0.0011644
115.867348	-0.0006777
115.880060	-0.0000855
115.892773	-0.0017471
115.905486	-0.0016104
115.918200	0.0008431
115.930915	0.0003506
115.943630	0.0003150
115.956346	-0.0009039
115.969063	-0.0009072
115.981781	0.0005569
115.994499	-0.0005747
116.007218	-0.0003559
116.019938	-0.0000195
116.032658	0.0001672
116.045379	-0.0012945
116.058101	-0.0003881
116.070823	0.0001013
116.083547	-0.0019672
116.096270	0.0004871
116.108995	-0.0003454
116.121720	0.0015711
116.134446	0.0005126
116.147173	0.0001381
116.159900	-0.0021045
116.172628	0.0005150
116.185357	-0.0007861
116.198087	-0.0007473
116.210817	0.0003044
116.223548	-0.0009893
116.236280	0.0008778
116.249012	-0.0006934
116.261745	-0.0000041
116.274479	0.0002661
116.287213	0.0000511
116.299948	0.0015873
116.312684	-0.0012169
116.325420	0.0005804
116.338158	-0.0000950
116.350896	-0.0003937
116.363634	0.0002356
116.376374	-0.0000981
116.389114	-0.0021424
116.401854	-0.0005602
116.414596	0.0006901
116.427338	0.0012606
116.440081	0.0015117
116.452824	-0.0019980
116.465569	0.0002878
116.478314	0.0005951
116.491059	0.0002656
116.503806	0.0011201
116.516553	0.0022011
116.529300	0.0008469
116.542049	-0.0005186
116.554798	0.0005870
116.567548	0.0020947
116.580298	-0.0009959
116.593050	-0.0010684
116.605802	0.0009891
116.618554	-0.0016223
116.631308	-0.0007469
116.644062	0.0002980
116.656817	0.0003548
116.669572	-0.0011167
116.682328	-0.0003109
116.695085	0.0007993
116.707843	-0.0001192
116.720601	-0.0006438
116.733360	0.0006232
116.746120	0.0009466
116.758880	0.0002348
116.771641	0.0003630
116.784403	-0.0000982
116.797166	-0.0003711
116.809929	0.0002753
116.822693	-0.0001180
116.835457	0.0001201
116.848223	0.0009256
116.860989	-0.0001960
116.873756	0.0019264
116.886523	0.0010153
116.899291	-0.0005221
116.912060	0.0014063
116.924829	-0.0012942
116.937600	-0.0011639
116.950371	-0.0002039
116.963142	0.0002821
116.975915	0.0001300
116.988688	-0.0005807
117.001461	-0.0006590
117.014236	-0.0011552
117.027011	0.0007436
117.039787	-0.0001538
117.052563	0.0002484
117.065341	0.0001050
117.078119	-0.0012682
117.090897	-0.0006239
117.103677	0.0012974
117.116457	-0.0001071
117.129238	0.0016889
117.142019	0.0004263
117.154801	0.0022284
117.167584	0.0000988
117.180368	-0.0002990
117.193152	0.0017897
117.205937	0.0002248
117.218723	-0.0010996
117.231509	-0.0000242
117.244296	-0.0006769
117.257084	0.0006306
117.269872	0.0013189
117.282662	0.0004271
117.295452	-0.0018313
117.308242	-0.0004103
117.321034	0.0010952
117.333826	0.0008279
117.346618	0.0000223
117.359412	0.0014289
117.372206	-0.0002709
117.385001	0.0007687
117.397796	-0.0005335
117.410592	0.0003015
117.423389	-0.0002174
117.436187	0.0004489
117.448985	-0.0003386
117.461784	-0.0017144
117.474584	-0.0009948
117.487385	-0.0004474
117.500186	0.0000642
117.512988	0.0006004
117.525790	0.0007734
117.538593	0.0009862
117.551397	0.0007801
117.564202	-0.0001570
117.577007	-0.0010005
117.589813	-0.0009045
117.602620	0.0000708
117.615428	-0.0004413
117.628236	-0.0004324
117.641045	-0.0003513
117.653854	0.0001386
117.666664	-0.0007838
117.679475	0.0001492
117.692287	-0.0005018
117.705100	-0.0003667
117.717913	0.0002073
117.730726	-0.0004623
117.743541	0.0013617
117.756356	-0.0008396
117.769172	-0.0003490
117.781989	0.0008304
117.794806	-0.0004870
117.807624	0.0006929
117.820443	-0.0003488
117.833262	0.0000949
117.846082	-0.0011501
117.858903	-0.0003405
117.871724	0.0012725
117.884547	0.0003959
117.897370	0.0008715
117.910193	0.0004003
117.923018	-0.0010550
117.935843	0.0012074
117.948668	0.0009284
117.961495	0.0015029
117.974322	-0.0002283
117.987150	0.0011877
117.999978	-0.0017433
118.012807	0.0003953
118.025637	0.0005642
118.038468	0.0001133
118.051299	-0.0008402
118.064131	0.0005231
118.076964	-0.0006208
118.089798	-0.0001344
118.102632	-0.0008320
118.115467	-0.0000861
118.128302	-0.0007831
118.141139	-0.0022864
118.153976	-0.0002843
118.166813	0.0000473
118.179652	0.0002894
118.192491	0.0001519
118.205330	0.0019625
118.218171	0.0002254
118.231012	0.0007420
118.243854	-0.0014365
118.256697	0.0007486
118.269540	0.0000163
118.282384	-0.0017342
118.295229	-0.0004904
118.308074	-0.0012818
118.320920	0.0009778
118.333767	0.0005757
118.346614	-0.0004066
118.359463	0.0003705
118.372311	0.0003086
118.385161	-0.0001486
118.398011	-0.0011748
118.410862	-0.0008264
118.423714	-0.0002730
118.436567	0.0020966
118.449420	-0.0006182
118.462273	-0.0002787
118.475128	-0.0011675
118.487983	-0.0012090
118.500839	0.0004261
118.513696	0.0001347
118.526553	0.0008779
118.539411	-0.0006949
118.552270	-0.0001672
118.565129	0.0006911
118.577990	0.0016043
118.590850	-0.0002734
118.603712	-0.0015342
118.616574	-0.0010517
118.629437	-0.0007280
118.642301	0.0012304
118.655165	-0.0023550
118.668030	-0.0001166
118.680896	-0.0013133
118.693762	0.0005137
118.706630	0.0007123
118.719498	0.0018155
118.732366	0.0003975
118.745235	0.0006057
118.758105	0.0002690
118.770976	-0.0000426
118.783847	0.0001530
118.796720	-0.0017112
118.809592	-0.0007220
118.822466	-0.0001460
118.835340	0.0001544
118.848215	-0.0012604
118.861090	-0.0002334
118.873967	0.0013353
118.886844	-0.0005585
118.899721	0.0014907
118.912600	-0.0001544
118.925479	-0.0003700
118.938359	0.0002571
118.951239	-0.0007322
118.964121	-0.0004810
118.977002	0.0002305
118.989885	-0.0006275
119.002768	-0.0018519
119.015652	-0.0014728
119.028537	0.0011050
119.041423	-0.0004607
119.054309	0.0000953
119.067196	-0.0012809
119.080083	0.0002824
119.092971	-0.0000505
119.105860	0.0008983
119.118750	-0.0007143
119.131640	0.0012399
119.144531	0.0008343
119.157423	-0.0005160
119.170316	-0.0007279
119.183209	0.0019609
119.196103	-0.0012183
119.208997	0.0002539
119.221892	0.0001359
119.234788	-0.0015297
119.247685	-0.0003282
119.260582	-0.0004547
119.273481	0.0000480
119.286379	0.0005665
119.299279	-0.0031845
119.312179	0.0007531
119.325080	-0.0003291
119.337981	0.0016196
119.350884	-0.0003646
119.363787	0.0012948
119.376690	0.0000091
119.389595	0.0019826
119.402500	-0.0016707
119.415406	0.0004183
119.428312	-0.0011598
119.441220	-0.0010313
119.454127	-0.0001709
119.467036	-0.0007030
119.479945	0.0008717
119.492855	0.0003385
119.505766	-0.0006307
119.518678	0.0008447
119.531590	-0.0003453
119.544502	0.0002927
119.557416	0.0003593
119.570330	-0.0005162
119.583245	0.0013167
119.596161	0.0000950
119.609077	0.0009799
119.621994	-0.0000108
119.634912	-0.0008709
119.647830	-0.0005651
119.660750	0.0002042
119.673669	-0.0013995
119.686590	0.0011340
119.699511	-0.0027816
119.712433	0.0002893
119.725356	0.0005765
119.738279	-0.0009768
119.751203	-0.0009434
119.764128	-0.0010115
119.777053	-0.0016684
119.789980	0.0023540
119.802907	-0.0000853
119.815834	-0.0001436
119.828762	-0.0009394
119.841691	-0.0000231
119.854621	0.0003994
119.867551	-0.0012105
119.880483	-0.0000456
119.893414	0.0020603
119.906347	0.0007700
119.919280	0.0009742
119.932214	0.0010598
119.945149	-0.0001269
119.958084	0.0008797
119.971020	-0.0004505
119.983957	0.0002424
119.996894	0.0013777
120.009832	-0.0010277
120.022771	-0.0012045
120.035710	-0.0016137
120.048651	-0.0016462
120.061592	0.0002279
120.074533	-0.0001623
120.087475	-0.0009113
120.100419	0.0009276
120.113362	-0.0001273
120.126307	-0.0004356
120.139252	-0.0016351
120.152198	-0.0000111
120.165144	-0.0005361
120.178091	-0.0006203
120.191039	0.0003970
120.203988	0.0013592
120.216937	-0.0006301
120.229887	0.0013872
120.242838	0.0013680
120.255790	0.0009990
120.268742	-0.0013236
120.281695	0.0007558
120.294648	0.0000197
120.307603	-0.0000453
120.320558	-0.0015153
120.333513	0.0019413
120.346470	0.0005628
120.359427	-0.0007273
120.372384	-0.0003396
120.385343	-0.0000493
120.398302	0.0003793
120.411262	0.0004421
120.424223	0.0006457
120.437184	0.0007197
120.450146	0.0010066
120.463109	0.0015627
120.476072	-0.0000184
120.489036	-0.0012184
120.502001	0.0006676
120.514966	0.0015944
120.527933	-0.0005271
120.540900	0.0004019
120.553867	-0.0004276
120.566835	-0.0002937
120.579804	-0.0004883
120.592774	0.0013311
120.605745	0.0002392
120.618716	0.0010038
120.631688	0.0014018
120.644660	-0.0006167
120.657633	-0.0008098
120.670607	-0.0010598
120.683582	-0.0003232
120.696557	-0.0005957
120.709533	-0.0012377
120.722510	-0.0004950
120.735488	-0.0001213
120.748466	-0.0013806
120.761445	0.0007201
120.774424	-0.0013850
120.787404	-0.0015168
120.800385	0.0003046
120.813367	-0.0002116
120.826349	0.0002903
120.839332	0.0009591
120.852316	0.0001709
120.865301	0.0005614
120.878286	-0.0005930
120.891272	-0.0015514
120.904258	-0.0006467
120.917246	0.0002314
120.930234	0.0009984
120.943222	-0.0004048
120.956212	0.0011580
120.969202	0.0008101
120.982192	-0.0003743
120.995184	-0.0006280
121.008176	-0.0014511
121.021169	0.0003688
121.034163	-0.0002785
121.047157	-0.0010376
121.060152	-0.0011183
121.073148	0.0011618
121.086144	-0.0003953
121.099141	-0.0000275
121.112139	0.0004553
121.125138	-0.0000368
121.138137	0.0011826
121.151137	-0.0006692
121.164137	-0.0010767
121.177139	-0.0005278
121.190141	0.0002026
121.203143	-0.0014729
121.216147	0.0003580
121.229151	0.0005711
121.242156	-0.0003923
121.255161	0.0011723
121.268168	-0.0002622
121.281175	0.0010377
121.294182	0.0000762
121.307191	-0.0002416
121.320200	0.0001144
121.333209	-0.0008208
121.346220	-0.0002631
121.359231	0.0017721
121.372243	-0.0002191
121.385256	-0.0007594
121.398269	0.0011248
121.411283	0.0007364
121.424297	-0.0007496
121.437313	0.0010781
121.450329	-0.0011558
121.463346	0.0007942
121.476363	-0.0005604
121.489381	0.0000731
121.502400	0.0007947
121.515420	-0.0005593
121.528440	0.0002425
121.541461	-0.0002041
121.554483	-0.0002256
121.567505	-0.0007246
121.580528	-0.0008731
121.593552	0.0009386
121.606577	-0.0001735
121.619602	0.0010532
121.632628	-0.0006296
121.645654	0.0012320
121.658682	-0.0021631
121.671710	-0.0004483
121.684738	-0.0007680
121.697768	-0.0012724
121.710798	-0.0007164
121.723829	0.0012043
121.736860	0.0006468
121.749893	0.0003628
121.762926	0.0007944
121.775959	0.0027381
121.788994	-0.0005822
121.802029	-0.0002973
121.815064	-0.0017126
121.828101	-0.0001304
121.841138	0.0004407
121.854176	-0.0017283
121.867214	0.0004341
121.880254	0.0010368
121.893294	-0.0002240
121.906334	0.0025693
121.919376	0.0016960
121.932418	-0.0005612
121.945460	-0.0004580
121.958504	-0.0011094
121.971548	0.0004957
121.984593	-0.0002171
121.997639	-0.0011480
122.010685	-0.0008628
122.023732	0.0009461
122.036780	0.0000246
122.049828	0.0014140
122.062877	-0.0006561
122.075927	-0.0009184
122.088977	0.0010707
122.102028	0.0015356
122.115080	-0.0012240
122.128133	0.0015690
122.141186	0.0005273
122.154240	0.0006000
122.167295	-0.0009340
122.180350	-0.0003287
122.193407	-0.0005931
122.206463	0.0004318
122.219521	-0.0004903
122.232579	-0.0020001
122.245638	0.0014292
122.258698	-0.0002504
122.271758	-0.0013931
122.284819	-0.0000403
122.297881	-0.0006038
122.310943	-0.0011334
122.324006	-0.0003144
122.337070	-0.0001234
122.350135	0.0001675
122.363200	0.0020371
122.376266	-0.0007023
122.389333	-0.0004760
122.402400	-0.0001804
122.415468	-0.0000791
122.428537	0.0004711
122.441606	0.0014646
122.454676	-0.0019453
122.467747	0.0003687
122.480819	0.0001987
122.493891	0.0015815
122.506964	0.0008041
122.520038	-0.0006707
122.533112	0.0006242
122.546187	0.0006455
122.559263	-0.0015548
122.572340	-0.0013962
122.585417	0.0004837
122.598495	0.0005445
122.611573	0.0006163
122.624652	-0.0010465
122.637732	0.0007614
122.650813	-0.0005689
122.663895	-0.0016102
122.676977	0.0011077
122.690060	0.0015416
122.703143	-0.0004762
122.716227	0.0002316
122.729312	0.0003291
122.742398	-0.0010328
122.755484	0.0007298
122.768571	0.0008513
122.781659	-0.0018460
122.794747	0.0016572
122.807836	0.0001981
122.820926	0.0001497
122.834017	-0.0001977
122.847108	0.0000763
122.860200	0.0013294
122.873293	-0.0001886
122.886386	-0.0004945
122.899480	-0.0014130
122.912575	0.0001335
122.925670	-0.0000467
122.938766	0.0005866
122.951863	0.0000321
122.964961	0.0017052
122.978059	0.0018798
122.991158	-0.0010839
123.004258	0.0021238
123.017358	0.0012323
123.030459	0.0004649
123.043561	-0.0002290
123.056663	-0.0007626
123.069766	-0.0012001
123.082870	-0.0012394
123.095975	0.0018178
123.109080	0.0003831
123.122186	-0.0004362
123.135293	0.0000768
123.148400	-0.0018720
123.161508	0.0021084
123.174617	0.0018393
123.187727	-0.0003563
123.200837	-0.0009111
123.213948	0.0003419
123.227059	-0.0011926
123.240172	0.0003215
123.253285	-0.0000291
123.266398	0.0008518
123.279513	-0.0029017
123.292628	0.0007205
123.305744	-0.0006458
123.318860	-0.0009889
123.331978	-0.0004026
123.345096	0.0006653
123.358214	-0.0001079
123.371333	0.0005737
123.384454	0.0008571
123.397574	-0.0001472
123.410696	-0.0007295
123.423818	-0.0024338
123.436941	0.0011802
123.450064	-0.0012687
123.463188	-0.0002034
123.476313	0.0001940
123.489439	0.0001382
123.502565	0.0004772
123.515692	0.0004577
123.528820	0.0001728
123.541949	0.0012570
123.555078	0.0009845
123.568208	0.0006122
123.581338	-0.0002734
123.594470	0.0002494
123.607602	-0.0013193
123.620734	-0.0006063
123.633868	0.0001779
123.647002	0.0002461
123.660137	-0.0004830
123.673272	0.0001568
123.686408	0.0010173
123.699545	-0.0006952
123.712683	0.0010226
123.725821	0.0018271
123.738960	0.0023180
123.752100	-0.0006624
123.765240	-0.0005566
123.778381	-0.0010063
123.791523	-0.0000134
123.804666	-0.0005295
123.817809	0.0013856
123.830953	-0.0015291
123.844097	-0.0004388
123.857243	0.0013066
123.870389	-0.0007597
123.883535	0.0034295
123.896683	0.0004306
123.909831	0.0002033
123.922980	0.0008435
123.936129	0.0005736
123.949280	-0.0004037
123.962430	0.0001059
123.975582	0.0002631
123.988734	-0.0003013
124.001887	-0.0006030
124.015041	0.0001672
124.028196	-0.0008522
124.041351	0.0003941
124.054507	-0.0014586
124.067663	-0.0003041
124.080821	0.0013539
124.093979	0.0015460
124.107137	0.0015065
124.120297	0.0000510
124.133457	0.0014818
124.146617	-0.0002073
124.159779	0.0001666
124.172941	-0.0000719
124.186104	-0.0008706
124.199268	0.0001370
124.212432	0.0001386
124.225597	-0.0004329
124.238762	0.0012351
124.251929	-0.0018828
124.265096	0.0013122
124.278264	0.0012652
124.291432	0.0012203
124.304601	-0.0003755
124.317771	-0.0001207
124.330942	-0.0006006
124.344113	0.0002988
124.357285	0.0008513
124.370458	0.0010265
124.383631	-0.0023031
124.396806	-0.0012267
124.409980	-0.0006374
124.423156	0.0000996
124.436332	-0.0010443
124.449509	0.0007956
124.462687	-0.0007757
124.475865	0.0007303
124.489044	0.0012189
124.502224	0.0011529
124.515404	-0.0001543
124.528585	-0.0004671
124.541767	0.0005153
124.554950	0.0012317
124.568133	0.0007147
124.581317	-0.0009577
124.594502	0.0009737
124.607687	-0.0002410
124.620873	0.0000528
124.634060	-0.0007115
124.647247	0.0013042
124.660436	0.0017615
124.673624	0.0012918
124.686814	0.0003693
124.700004	0.0002311
124.713195	0.0002402
124.726387	-0.0003734
124.739579	0.0002538
124.752772	-0.0005703
124.765966	-0.0024778
124.779161	-0.0006556
124.792356	0.0005290
124.805552	0.0000444
124.818748	-0.0014408
124.831946	0.0012899
124.845144	0.0009175
124.858342	0.0003640
124.871542	0.0001363
124.884742	-0.0007507
124.897943	0.0014277
124.911144	0.0016484
124.924346	0.0008394
124.937549	0.0056976
124.950753	0.0112800
124.963957	0.0216705
124.977162	0.0409245
124.990368	0.0712096
125.003574	0.1105291
125.016782	0.1612185
125.029989	0.2151100
125.043198	0.2611014
125.056407	0.2917549
125.069617	0.2989943
125.082828	0.2824425
125.096039	0.2425323
125.109251	0.1914330
125.122464	0.1406075
125.135677	0.0913822
125.148892	0.0566167
125.162106	0.0297483
125.175322	0.0141002
125.188538	0.0082878
125.201755	0.0026278
125.214973	0.0018423
125.228191	0.0008566
125.241410	0.0002072
125.254630	-0.0008245
125.267851	0.0019555
125.281072	-0.0019534
125.294294	-0.0005227
125.307516	0.0007416
125.320740	0.0016047
125.333963	-0.0006925
125.347188	0.0009728
125.360414	0.0005260
125.373640	-0.0000438
125.386866	0.0001586
125.400094	-0.0004244
125.413322	0.0000610
125.426551	-0.0002805
125.439781	0.0008098
125.453011	-0.0004823
125.466242	0.0000221
125.479474	-0.0001530
125.492706	0.0009123
125.505939	-0.0023053
125.519173	-0.0004944
125.532408	0.0012268
125.545643	0.0014378
125.558879	0.0001262
125.572115	0.0007554
125.585353	-0.0008710
125.598591	-0.0007239
125.611830	0.0002926
125.625069	0.0002530
125.638309	-0.0012755
125.651550	-0.0007401
125.664792	0.0007635
125.678034	0.0001657
125.691277	-0.0014803
125.704520	0.0022084
125.717765	0.0004953
125.731010	-0.0010857
125.744256	0.0018097
125.757502	0.0012314
125.770749	0.0004540
125.783997	-0.0008988
125.797246	-0.0004066
125.810495	0.0008602
125.823745	-0.0008578
125.836996	0.0005816
125.850247	-0.0012334
125.863499	-0.0015717
125.876752	0.0004813
125.890005	0.0008521
125.903260	0.0006197
125.916514	-0.0015483
125.929770	-0.0020530
125.943026	0.0009129
125.956283	0.0006314
125.969541	0.0012425
125.982800	-0.0003044
125.996059	0.0005675
126.009318	-0.0008614
126.022579	0.0009273
126.035840	-0.0011088
126.049102	0.0004370
126.062365	0.0012852
126.075628	-0.0012282
126.088892	-0.0007486
126.102157	-0.0006581
126.115422	0.0001315
126.128688	-0.0001632
126.141955	-0.0004335
126.155223	-0.0011080
126.168491	-0.0006155
126.181760	0.0016057
126.195030	0.0012895
126.208300	0.0019587
126.221571	0.0016211
126.234843	0.0001048
126.248115	-0.0012565
126.261388	0.0003683
126.274662	0.0010618
126.287937	-0.0001187
126.301212	0.0001175
126.314488	0.0004272
126.327765	0.0000985
126.341042	0.0007183
126.354320	0.0010909
126.367599	-0.0006118
126.380878	-0.0003573
126.394159	0.0004292
126.407439	-0.0003888
126.420721	0.0007886
126.434003	0.0017118
126.447286	-0.0000339
126.460570	-0.0006083
126.473854	-0.0011531
126.487140	-0.0005023
126.500425	0.0006800
126.513712	0.0020672
126.526999	0.0021390
126.540287	0.0009628
126.553576	0.0000181
126.566865	0.0002738
126.580155	0.0005370
126.593446	-0.0009536
126.606737	0.0007850
126.620029	-0.0007257
126.633322	-0.0011106
126.646615	0.0002843
126.659910	0.0002277
126.673205	0.0008020
126.686500	-0.0007014
126.699797	-0.0000093
126.713094	-0.0003925
126.726391	-0.0001505
126.739690	0.0010872
126.752989	-0.0010318
126.766289	-0.0006338
126.779589	-0.0006616
126.792891	-0.0012021
126.806193	-0.0003830
126.819495	0.0006481
126.832799	0.0004040
126.846103	0.0009297
126.859407	-0.0000502
126.872713	-0.0002109
126.886019	0.0005255
126.899326	0.0010309
126.912634	0.0006102
126.925942	0.0002420
126.939251	0.0001561
126.952561	-0.0010222
126.965871	0.0013850
126.979182	-0.0000742
126.992494	-0.0007397
127.005806	-0.0005589
127.019119	-0.0004552
127.032433	-0.0007623
127.045748	-0.0000816
127.059063	0.0001082
127.072379	0.0001595
127.085696	-0.0025406
127.099013	0.0007431
127.112332	0.0004752
127.125650	0.0012078
127.138970	-0.0018412
127.152290	0.0007897
127.165611	-0.0003345
127.178933	-0.0007577
127.192255	0.0002060
127.205578	-0.0003068
127.218902	0.0003298
127.232226	-0.0023116
127.245551	0.0021634
127.258877	-0.0000044
127.272204	-0.0005529
127.285531	-0.0002706
127.298859	-0.0004257
127.312188	-0.0008895
127.325517	-0.0018550
127.338847	0.0006810
127.352178	0.0005880
127.365509	0.0002766
127.378841	0.0000122
127.392174	0.0001242
127.405508	0.0000575
127.418842	0.0009485
127.432177	-0.0003875
127.445513	-0.0012065
127.458849	0.0006279
127.472186	-0.0009804
127.485524	0.0003356
127.498862	0.0004309
127.512202	-0.0010585
127.525541	0.0013439
127.538882	-0.0018563
127.552223	0.0015779
127.565565	0.0009358
127.578908	0.0002389
127.592251	0.0005770
127.605595	-0.0006941
127.618940	0.0000532
127.632286	-0.0002903
127.645632	-0.0003627
127.658979	0.0000808
127.672327	-0.0012414
127.685675	0.0020396
127.699024	0.0006722
127.712374	-0.0007816
127.725724	0.0005614
127.739075	-0.0017963
127.752427	-0.0015358
127.765779	0.0008566
127.779133	-0.0002432
127.792487	-0.0011276
127.805841	-0.0001858
127.819197	0.0004875
127.832553	-0.0006230
127.845909	-0.0002887
127.859267	-0.0019087
127.872625	-0.0004943
127.885984	-0.0004734
127.899343	-0.0014482
127.912704	-0.0009919
127.926065	-0.0002223
127.939426	0.0017743
127.952789	-0.0012517
127.966152	0.0009537
127.979516	0.0002358
127.992880	0.0019042
128.006245	0.0000245
128.019611	0.0013674
128.032978	-0.0017091
128.046345	0.0000942
128.059713	-0.0011747
128.073082	-0.0000033
128.086451	0.0002612
128.099821	-0.0001138
128.113192	0.0014099
128.126563	-0.0008060
128.139936	0.0000023
128.153308	0.0008919
128.166682	0.0003776
128.180056	-0.0000699
128.193431	0.0004452
128.206807	-0.0011515
128.220183	-0.0002564
128.233561	-0.0002865
128.246938	0.0010421
128.260317	-0.0004808
128.273696	-0.0007725
128.287076	-0.0013337
128.300457	0.0008822
128.313838	0.0009358
128.327220	-0.0005207
128.340603	-0.0012191
128.353986	-0.0007937
128.367370	-0.0002880
128.380755	0.0009529
128.394141	-0.0003747
128.407527	0.0006926
128.420914	-0.0000628
128.434302	-0.0011404
128.447690	-0.0005643
128.461079	-0.0009970
128.474469	-0.0021789
128.487859	-0.0007680
128.501250	-0.0007777
128.514642	0.0001208
128.528035	-0.0007135
128.541428	-0.0012667
128.554822	-0.0004911
128.568217	0.0001140
128.581612	-0.0003872
128.595008	0.0003495
128.608405	0.0007957
128.621802	0.0003329
128.635201	0.0018974
128.648600	0.0005616
128.661999	0.0002217
128.675399	-0.0018497
128.688800	0.0002013
128.702202	0.0005657
128.715604	-0.0001476
128.729008	-0.0007219
128.742411	-0.0009493
128.755816	-0.0016854
128.769221	0.0008655
128.782627	-0.0005979
128.796034	-0.0014157
128.809441	0.0006979
128.822849	-0.0012845
128.836258	0.0002527
128.849667	-0.0000048
128.863077	-0.0006973
128.876488	0.0016029
128.889900	0.0001525
128.903312	-0.0002376
128.916725	-0.0005109
128.930138	-0.0013807
128.943553	0.0003043
128.956968	0.0010765
128.970384	-0.0017515
128.983800	0.0004669
128.997217	-0.0016565
129.010635	0.0003865
129.024054	0.0002465
129.037473	0.0004503
129.050893	0.0009507
129.064313	0.0003296
129.077735	-0.0002025
129.091157	0.0012729
129.104580	0.0005984
129.118003	-0.0010436
129.131427	-0.0002504
129.144852	0.0011983
129.158278	0.0003868
129.171704	0.0010336
129.185131	0.0024612
129.198559	0.0006487
129.211987	-0.0012300
129.225416	-0.0001654
129.238846	-0.0007972
129.252276	0.0008944
129.265708	0.0006293
129.279140	-0.0003075
129.292572	-0.0004634
129.306005	-0.0001475
129.319440	-0.0002157
129.332874	0.0006645
129.346310	0.0002171
129.359746	-0.0006191
129.373183	-0.0014334
129.386620	0.0014498
129.400058	0.0017383
129.413497	-0.0009728
129.426937	0.0007735
129.440377	0.0007849
129.453818	-0.0013474
129.467260	0.0017732
129.480702	0.0010697
129.494146	0.0010085
129.507589	0.0004088
129.521034	-0.0005986
129.534479	0.0013372
129.547925	-0.0001238
129.561372	-0.0006849
129.574819	-0.0014503
129.588267	0.0013542
129.601716	0.0002281
129.615165	-0.0000722
129.628616	0.0000166
129.642066	-0.0002237
129.655518	0.0007121
129.668970	0.0006067
129.682423	0.0008998
129.695877	-0.0004624
129.709331	0.0011734
129.722786	-0.0014689
129.736242	0.0009485
129.749699	0.0006808
129.763156	0.0018253
129.776614	-0.0002527
129.790072	0.0001942
129.803532	-0.0016988
129.816992	0.0008571
129.830452	0.0009007
129.843914	0.0005761
129.857376	-0.0001615
129.870839	0.0005711
129.884302	-0.0003958
129.897766	-0.0020342
129.911231	-0.0007199
129.924697	-0.0006371
129.938163	0.0014126
129.951630	0.0003341
129.965098	-0.0009055
129.978566	-0.0004494
129.992036	-0.0004012
130.005505	0.0012181
130.018976	-0.0004849
130.032447	0.0005480
130.045919	0.0002702
130.059392	-0.0009265
130.072865	-0.0003849
130.086339	-0.0005941
130.099814	0.0011978
130.113289	-0.0007368
130.126765	0.0012976
130.140242	0.0006311
130.153720	-0.0006770
130.167198	0.0006431
130.180677	-0.0007912
130.194157	0.0006485
130.207637	-0.0013313
130.221118	-0.0001078
130.234600	0.0002656
130.248082	-0.0016264
130.261566	-0.0009702
130.275049	0.0005315
130.288534	0.0009773
130.302019	0.0008061
130.315505	-0.0008344
130.328992	-0.0011778
130.342479	-0.0011966
130.355967	-0.0011394
130.369456	0.0023561
130.382946	-0.0008473
130.396436	-0.0001104
130.409927	-0.0001581
130.423418	-0.0003818
130.436911	0.0011558
130.450404	-0.0003566
130.463898	0.0007684
130.477392	-0.0007208
130.490887	-0.0013315
130.504383	-0.0001079
130.517879	-0.0007787
130.531377	0.0005362
130.544875	-0.0001845
130.558373	-0.0006401
130.571873	-0.0002186
130.585373	-0.0003787
130.598873	0.0013409
130.612375	0.0010873
130.625877	0.0003097
130.639380	-0.0014256
130.652883	0.0003868
130.666388	-0.0009656
130.679892	-0.0001531
130.693398	-0.0012176
130.706904	-0.0027775
130.720412	-0.0007198
130.733919	0.0010690
130.747428	-0.0003279
130.760937	0.0006444
130.774447	-0.0001228
130.787957	-0.0005853
130.801469	0.0010975
130.814981	0.0001845
130.828493	-0.0014140
130.842007	0.0000342
130.855521	-0.0002753
130.869036	0.0013646
130.882551	0.0016853
130.896067	0.0006814
130.909584	-0.0005535
130.923102	0.0003131
130.936620	0.0000750
130.950139	-0.0004278
130.963659	0.0006381
130.977179	0.0010122
130.990700	-0.0006578
131.004222	0.0015634
131.017745	0.0000860
131.031268	-0.0009250
131.044792	-0.0008907
131.058316	-0.0011509
131.071842	0.0014473
131.085368	0.0007609
131.098894	0.0003142
131.112422	0.0006476
131.125950	0.0002824
131.139479	0.0018624
131.153008	0.0003844
131.166538	0.0021680
131.180069	-0.0019876
131.193601	0.0003024
131.207133	-0.0015682
131.220666	0.0023716
131.234200	0.0000335
131.247735	0.0018724
131.261270	0.0009062
131.274806	-0.0006030
131.288342	0.0000641
131.301880	0.0008790
131.315417	0.0003553
131.328956	0.0004463
131.342496	-0.0005717
131.356036	0.0006514
131.369576	0.0002300
131.383118	-0.0003677
131.396660	-0.0003150
131.410203	-0.0005767
131.423746	0.0011261
131.437291	-0.0012735
131.450836	0.0001666
131.464381	0.0000591
131.477928	0.0003988
131.491475	0.0012232
131.505023	0.0013867
131.518571	-0.0004720
131.532120	0.0006843
131.545670	-0.0009388
131.559221	0.0023379
131.572772	0.0023726
131.586324	0.0000915
131.599877	0.0017042
131.613430	-0.0009851
131.626984	0.0000872
131.640539	-0.0006521
131.654095	-0.0000057
131.667651	0.0004519
131.681208	0.0009013
131.694766	-0.0002024
131.708324	-0.0000423
131.721883	0.0000536
131.735443	0.0003170
131.749003	0.0017801
131.762564	0.0010813
131.776126	0.0004001
131.789689	-0.0002131
131.803252	-0.0007497
131.816816	-0.0000247
131.830381	-0.0009332
131.843946	0.0020005
131.857512	-0.0000207
131.871079	-0.0005222
131.884646	0.0010899
131.898214	-0.0001074
131.911783	-0.0018785
131.925353	-0.0002535
131.938923	0.0015898
131.952494	-0.0001468
131.966066	0.0005835
131.979638	-0.0012094
131.993211	0.0008190
132.006785	0.0018393
132.020360	0.0006439
132.033935	0.0014620
132.047511	0.0008064
132.061087	0.0000265
132.074664	-0.0002015
132.088242	-0.0006641
132.101821	-0.0000405
132.115401	-0.0018983
132.128981	-0.0003406
132.142562	0.0007953
132.156143	0.0004686
132.169725	0.0020230
132.183308	-0.0002679
132.196892	0.0001279
132.210476	0.0006852
132.224061	0.0016617
132.237647	0.0010997
132.251233	-0.0002005
132.264820	0.0006647
132.278408	-0.0015603
132.291997	-0.0005341
132.305586	0.0000632
132.319176	-0.0014818
132.332767	0.0026714
132.346358	-0.0005103
132.359950	-0.0006936
132.373543	0.0012662
132.387136	-0.0009266
132.400730	-0.0006440
132.414325	-0.0006915
132.427921	-0.0015107
132.441517	-0.0005775
132.455114	0.0014286
132.468712	-0.0016458
132.482310	-0.0001596
132.495909	-0.0000648
132.509509	-0.0001485
132.523109	-0.0006011
132.536711	0.0005991
132.550312	0.0011148
132.563915	0.0006010
132.577518	0.0010639
132.591122	-0.0009798
132.604727	-0.0005503
132.618332	0.0023388
132.631938	-0.0008096
132.645545	0.0005603
132.659153	-0.0001783
132.672761	-0.0004676
132.686370	0.0000092
132.699980	-0.0006682
132.713590	0.0004756
132.727201	-0.0016056
132.740813	-0.0005821
132.754425	-0.0015031
132.768038	-0.0006806
132.781652	0.0000971
132.795266	0.0006843
132.808882	0.0004817
132.822498	0.0000178
132.836114	-0.0000087
132.849732	-0.0006476
132.863350	0.0001192
132.876968	-0.0001691
132.890588	0.0007852
132.904208	-0.0010671
132.917829	-0.0002855
132.931450	0.0011637
132.945073	-0.0015663
132.958696	0.0006546
132.972319	0.0004008
132.985944	0.0000016
132.999569	-0.0008461
133.013194	-0.0009456
133.026821	-0.0003327
133.040448	-0.0007939
133.054076	0.0008114
133.067704	-0.0012873
133.081334	-0.0000611
133.094964	0.0017253
133.108594	0.0006067
133.122226	-0.0007183
133.135858	-0.0011784
133.149491	-0.0004655
133.163124	0.0014947
133.176758	0.0005452
133.190393	0.0012943
133.204029	0.0003417
133.217665	0.0003145
133.231302	0.0010757
133.244940	-0.0002272
133.258578	0.0007846
133.272217	-0.0028033
133.285857	0.0005889
133.299498	0.0004109
133.313139	0.0013723
133.326781	0.0015333
133.340423	0.0007528
133.354067	0.0003528
133.367711	-0.0010289
133.381356	0.0008835
133.395001	0.0002300
133.408647	-0.0007733
133.422294	0.0000605
133.435941	-0.0020184
133.449590	0.0004143
133.463239	-0.0010588
133.476888	0.0011705
133.490539	-0.0004296
133.504190	-0.0006552
133.517841	-0.0000626
133.531494	-0.0013697
133.545147	-0.0012407
133.558801	0.0009352
133.572455	0.0002610
133.586111	-0.0001192
133.599767	0.0013462
133.613423	-0.0000489
133.627081	-0.0005848
133.640739	-0.0004139
133.654398	0.0007433
133.668057	0.0007145
133.681717	-0.0001880
133.695378	-0.0002334
133.709040	0.0000798
133.722702	-0.0005333
133.736365	-0.0012356
133.750029	-0.0018706
133.763693	-0.0010112
133.777358	-0.0023099
133.791024	-0.0010082
133.804690	-0.0002330
133.818358	-0.0004021
133.832026	-0.0008950
133.845694	0.0013712
133.859364	-0.0004571
133.873034	0.0003428
133.886704	0.0008985
133.900376	0.0003492
133.914048	0.0012907
133.927721	-0.0015227
133.941394	0.0003121
133.955068	-0.0002730
133.968743	-0.0008652
133.982419	-0.0004484
133.996095	-0.0028069
134.009772	-0.0000408
134.023450	0.0002570
134.037129	-0.0002910
134.050808	-0.0000592
134.064488	0.0005626
134.078168	0.0017482
134.091849	0.0007596
134.105531	0.0000157
134.119214	0.0004921
134.132897	0.0002241
134.146581	0.0000627
134.160266	0.0016151
134.173952	-0.0001651
134.187638	-0.0006080
134.201325	-0.0000093
134.215012	-0.0000037
134.228700	0.0002783
134.242389	0.0005802
134.256079	0.0010751
134.269770	-0.0014096
134.283461	-0.0005655
134.297152	-0.0013992
134.310845	-0.0009108
134.324538	0.0003019
134.338232	0.0003860
134.351927	-0.0009082
134.365622	0.0005126
134.379318	0.0003758
134.393015	0.0008212
134.406712	-0.0003576
134.420410	0.0003408
134.434109	0.0003990
134.447808	-0.0006135
134.461509	-0.0004598
134.475210	0.0007105
134.488911	-0.0010315
134.502614	-0.0001733
134.516317	0.0001951
134.530020	0.0002203
134.543725	-0.0001914
134.557430	-0.0013027
134.571136	-0.0011960
134.584842	0.0012336
134.598549	0.0001244
134.612257	0.0008636
134.625966	-0.0017804
134.639675	-0.0004958
134.653385	0.0004658
134.667096	0.0007714
134.680808	0.0005872
134.694520	0.0001408
134.708233	-0.0015360
134.721946	-0.0007164
134.735661	0.0005131
134.749376	-0.0005202
134.763091	0.0004726
134.776808	-0.0008795
134.790525	0.0010971
134.804242	0.0006055
134.817961	-0.0015585
134.831680	-0.0010344
134.845400	0.0007320
134.859121	-0.0006808
134.872842	-0.0002589
134.886564	-0.0018770
134.900287	0.0002292
134.914010	0.0010760
134.927734	0.0007922
134.941459	-0.0012983
134.955184	0.0000340
134.968911	-0.0004915
134.982637	0.0004587
134.996365	-0.0008790
135.010093	0.0001416
135.023822	0.0000056
135.037552	0.0001646
135.051283	-0.0018879
135.065014	-0.0003619
135.078745	0.0010950
135.092478	0.0000669
135.106211	-0.0002589
135.119945	0.0001087
135.133680	0.0007349
135.147415	0.0007030
135.161151	0.0010135
135.174888	-0.0007657
135.188625	-0.0014536
135.202364	0.0004224
135.216102	-0.0000706
135.229842	0.0006512
135.243582	-0.0002155
135.257323	-0.0008264
135.271065	-0.0010770
135.284807	-0.0010660
135.298550	0.0003339
135.312294	0.0003547
135.326038	-0.0006060
135.339784	0.0013321
135.353530	-0.0008891
135.367276	0.0000403
135.381023	-0.0000113
135.394771	-0.0016793
135.408520	0.0004065
135.422269	-0.0009116
135.436020	-0.0002472
135.449770	-0.0004455
135.463522	0.0005192
135.477274	0.0001098
135.491027	0.0016566
135.504780	-0.0013133
135.518535	0.0007268
135.532290	0.0006879
135.546045	0.0002656
135.559802	0.0009179
135.573559	0.0002658
135.587317	0.0009296
135.601075	0.0009325
135.614835	-0.0001952
135.628594	-0.0001297
135.642355	0.0009796
135.656116	-0.0011904
135.669878	0.0011064
135.683641	0.0008482
135.697405	-0.0001901
135.711169	0.0004418
135.724934	0.0014547
135.738699	-0.0005674
135.752465	-0.0020112
135.766232	-0.0010551
135.780000	-0.0002203
135.793768	0.0000227
135.807537	0.0001774
135.821307	0.0009883
135.835078	0.0002243
135.848849	0.0013153
135.862621	-0.0003878
135.876393	-0.0000756
135.890166	-0.0004683
135.903940	0.0016070
135.917715	-0.0006350
135.931490	-0.0020941
135.945267	-0.0002131
135.959043	-0.0010257
135.972821	-0.0004669
135.986599	-0.0012045
136.000378	0.0002200
136.014157	0.0016981
136.027938	0.0011894
136.041719	-0.0007700
136.055500	-0.0017435
136.069283	-0.0004776
136.083066	0.0004076
136.096850	-0.0001949
136.110634	-0.0013633
136.124420	0.0005348
136.138205	-0.0002510
136.151992	0.0014453
136.165779	-0.0003260
136.179567	-0.0002405
136.193356	0.0002834
136.207146	-0.0002802
136.220936	0.0011190
136.234726	-0.0004076
136.248518	0.0007143
136.262310	-0.0001971
136.276103	-0.0007143
136.289897	-0.0010705
136.303691	-0.0016601
136.317486	-0.0005967
136.331282	-0.0010333
136.345078	-0.0003248
136.358876	-0.0006424
136.372673	-0.0009883
136.386472	-0.0003704
136.400271	0.0015868
136.414071	0.0014968
136.427872	-0.0008225
136.441673	0.0010487
136.455475	0.0007624
136.469278	0.0000214
136.483081	-0.0003251
136.496886	-0.0002588
136.510691	-0.0006775
136.524496	0.0008844
136.538302	-0.0005463
136.552109	-0.0005248
136.565917	-0.0010313
136.579725	0.0009904
136.593535	-0.0017866
136.607344	-0.0003996
136.621155	-0.0013072
136.634966	-0.0029165
136.648778	0.0000620
136.662591	0.0004669
136.676404	-0.0007650
136.690218	0.0007646
136.704033	0.0015723
136.717848	-0.0008803
136.731664	0.0019135
136.745481	-0.0002810
136.759298	-0.0001899
136.773117	-0.0012099
136.786936	0.0007103
136.800755	0.0014823
136.814575	0.0012726
136.828397	0.0020105
136.842218	-0.0004326
136.856041	0.0008043
136.869864	-0.0000418
136.883688	-0.0005319
136.897512	-0.0009760
136.911337	-0.0002686
136.925163	0.0004685
136.938990	-0.0005091
136.952817	0.0000798
136.966645	0.0003353
136.980474	0.0003151
136.994304	0.0004440
137.008134	-0.0011638
137.021965	0.0003218
137.035796	-0.0000006
137.049629	-0.0020688
137.063462	0.0006668
137.077295	0.0002259
137.091130	-0.0002544
137.104965	0.0013698
137.118800	0.0003049
137.132637	-0.0011234
137.146474	0.0006140
137.160312	0.0010506
137.174151	-0.0011788
137.187990	0.0015738
137.201830	-0.0019161
137.215671	-0.0000835
137.229512	0.0011209
137.243354	0.0006803
137.257197	-0.0008209
137.271040	0.0006280
137.284885	0.0015623
137.298730	0.0010790
137.312575	0.0002638
137.326421	0.0019695
137.340268	0.0003205
137.354116	0.0003018
137.367965	0.0004972
137.381814	-0.0008998
137.395664	-0.0020765
137.409514	0.0009102
137.423365	-0.0000193
137.437217	0.0010254
137.451070	-0.0007540
137.464923	-0.0001314
137.478777	0.0002984
137.492632	-0.0013916
137.506488	0.0005728
137.520344	0.0007355
137.534201	-0.0013754
137.548058	0.0010673
137.561916	0.0009924
137.575775	0.0008188
137.589635	0.0002242
137.603495	-0.0011713
137.617356	0.0018121
137.631218	0.0001662
137.645081	0.0006707
137.658944	-0.0002970
137.672808	-0.0003370
137.686672	0.0011553
137.700538	-0.0003421
137.714404	-0.0008784
137.728270	-0.0016398
137.742138	0.0006800
137.756006	0.0002123
137.769874	0.0020011
137.783744	-0.0009611
137.797614	0.0023536
137.811485	0.0002494
137.825357	-0.0002615
137.839229	0.0004148
137.853102	-0.0011583
137.866976	0.0005683
137.880850	-0.0009406
137.894725	-0.0009113
137.908601	0.0005652
137.922478	0.0002744
137.936355	-0.0005624
137.950233	-0.0002372
137.964111	-0.0005693
137.977991	0.0000728
137.991871	-0.0011632
138.005751	-0.0000923
138.019633	0.0005212
138.033515	0.0016315
138.047398	-0.0004782
138.061281	-0.0000658
138.075166	-0.0001484
138.089051	0.0008450
138.102936	0.0009732
138.116823	-0.0026696
138.130710	0.0011610
138.144597	0.0007097
138.158486	-0.0012653
138.172375	-0.0011120
138.186265	-0.0004815
138.200156	-0.0006431
138.214047	-0.0004345
138.227939	0.0010767
138.241831	0.0000411
138.255725	0.0001777
138.269619	-0.0004760
138.283514	0.0005930
138.297409	0.0003329
138.311305	0.0003057
138.325202	-0.0002968
138.339100	-0.0006680
138.352998	0.0011726
138.366897	0.0001351
138.380797	-0.0011033
138.394697	0.0000153
138.408598	0.0000247
138.422500	0.0013939
138.436403	-0.0002128
138.450306	0.0003558
138.464210	0.0008287
138.478114	0.0010157
138.492020	-0.0008644
138.505926	-0.0019288
138.519832	-0.0000512
138.533740	0.0003139
138.547648	-0.0005776
138.561557	-0.0004456
138.575466	0.0014622
138.589377	-0.0006310
138.603288	-0.0019293
138.617199	-0.0008054
138.631112	-0.0003353
138.645025	0.0004741
138.658938	-0.0018263
138.672853	-0.0007209
138.686768	0.0000040
138.700684	0.0000968
138.714600	0.0009596
138.728518	0.0005705
138.742436	-0.0017829
138.756354	0.0000389
138.770274	-0.0014104
138.784194	0.0013031
138.798114	0.0007291
138.812036	-0.0003329
138.825958	-0.0000404
138.839881	0.0011473
138.853805	0.0001941
138.867729	0.0006917
138.881654	-0.0003372
138.895580	-0.0001727
138.909506	0.0001121
138.923433	0.0013199
138.937361	0.0005121
138.951289	-0.0000382
138.965218	0.0005577
138.979148	-0.0020774
138.993079	0.0008762
139.007010	0.0011005
139.020942	-0.0004722
139.034875	-0.0004248
139.048808	-0.0005975
139.062743	0.0003111
139.076677	-0.0006156
139.090613	-0.0012672
139.104549	0.0012040
139.118486	0.0006199
139.132424	0.0006555
139.146362	0.0002618
139.160301	0.0007050
139.174241	-0.0002806
139.188181	0.0004794
139.202122	-0.0013738
139.216064	-0.0008058
139.230007	0.0014025
139.243950	0.0001362
139.257894	0.0012253
139.271839	0.0002259
139.285784	-0.0002246
139.299730	-0.0003470
139.313677	-0.0006628
139.327624	-0.0012109
139.341572	-0.0005455
139.355521	0.0007753
139.369471	0.0001459
139.383421	-0.0020400
139.397372	-0.0000312
139.411324	0.0008016
139.425276	-0.0016189
139.439229	0.0000230
139.453183	0.0013746
139.467138	0.0002077
139.481093	-0.0000161
139.495049	0.0007507
139.509005	0.0002130
139.522962	0.0001435
139.536920	-0.0025145
139.550879	0.0001912
139.564839	-0.0008105
139.578799	-0.0002356
139.592760	-0.0000667
139.606721	-0.0003483
139.620683	-0.0016150
139.634646	0.0001733
139.648610	-0.0002940
139.662574	0.0002354
139.676539	0.0006785
139.690505	0.0000641
139.704471	-0.0006243
139.718438	0.0000265
139.732406	0.0003119
139.746375	-0.0016001
139.760344	-0.0014409
139.774314	0.0000595
139.788285	-0.0005377
139.802256	0.0005158
139.816228	0.0022043
139.830201	0.0018186
139.844174	-0.0008686
139.858148	0.0013081
139.872123	-0.0008320
139.886099	-0.0004953
139.900075	0.0003645
139.914052	0.0008067
139.928030	-0.0004547
139.942008	0.0000433
139.955987	0.0000637
139.969967	-0.0002524
139.983947	-0.0009703
139.997928	0.0003465
140.011910	0.0007193
140.025893	0.0005198
140.039876	0.0004441
140.053860	0.0017760
140.067845	-0.0000957
140.081830	0.0000508
140.095816	0.0007470
140.109803	-0.0012987
140.123791	-0.0004953
140.137779	0.0006690
140.151768	-0.0007724
140.165757	-0.0000787
140.179748	0.0016050
140.193739	0.0006542
140.207730	0.0016443
140.221723	-0.0002306
140.235716	0.0008191
140.249710	0.0025539
140.263704	-0.0007783
140.277700	0.0004032
140.291696	0.0000362
140.305692	0.0001017
140.319689	0.0002145
140.333688	0.0012434
140.347686	0.0024294
140.361686	-0.0001323
140.375686	-0.0006761
140.389687	0.0016181
140.403688	0.0009719
140.417690	0.0000382
140.431693	0.0000259
140.445697	-0.0007250
140.459701	-0.0005944
140.473706	0.0014476
140.487712	-0.0004213
140.501719	-0.0002204
140.515726	0.0001333
140.529734	-0.0006319
140.543742	-0.0019358
140.557752	0.0010517
140.571762	0.0016830
140.585772	-0.0002481
140.599784	-0.0000181
140.613796	-0.0005862
140.627809	-0.0002776
140.641822	-0.0005397
140.655836	0.0004099
140.669851	0.0009659
140.683867	-0.0019627
140.697883	-0.0004832
140.711900	-0.0003317
140.725918	0.0001533
140.739936	-0.0002581
140.753955	0.0005148
140.767975	-0.0001517
140.781996	0.0009172
140.796017	0.0007809
140.810039	0.0014122
140.824061	-0.0015467
140.838085	-0.0002834
140.852109	0.0008086
140.866133	0.0005637
140.880159	-0.0008718
140.894185	0.0009784
140.908212	0.0003907
140.922239	0.0031884
140.936268	-0.0016794
140.950296	0.0000680
140.964326	0.0023080
140.978356	0.0001953
140.992388	-0.0011651
141.006419	0.0006960
141.020452	0.0013365
141.034485	0.0005551
141.048519	-0.0007242
141.062553	0.0009130
141.076589	0.0002008
141.090625	-0.0010997
141.104661	-0.0004204
141.118699	0.0003352
141.132737	-0.0000526
141.146775	0.0001753
141.160815	-0.0008767
141.174855	0.0005938
141.188896	-0.0010712
141.202938	0.0004953
141.216980	-0.0012022
141.231023	-0.0009449
141.245066	-0.0016295
141.259111	-0.0003898
141.273156	-0.0004940
141.287202	-0.0004326
141.301248	-0.0005793
141.315295	-0.0004655
141.329343	0.0010647
141.343392	-0.0005877
141.357441	-0.0006929
141.371491	-0.0004189
141.385542	0.0014482
141.399593	0.0000877
141.413646	-0.0007298
141.427698	-0.0008060
141.441752	0.0002763
141.455806	0.0002363
141.469861	0.0006776
141.483917	-0.0018962
141.497973	-0.0009614
141.512030	0.0009341
141.526088	0.0022114
141.540146	0.0003150
141.554205	-0.0005083
141.568265	0.0002594
141.582326	0.0006825
141.596387	-0.0004333
141.610449	-0.0007627
141.624512	-0.0000838
141.638575	-0.0001646
141.652639	0.0011554
141.666704	-0.0004177
141.680769	-0.0017668
141.694836	0.0014137
141.708902	-0.0004775
141.722970	-0.0008909
141.737038	0.0008678
141.751107	-0.0012584
141.765177	-0.0010107
141.779247	-0.0014391
141.793318	-0.0007994
141.807390	-0.0012137
141.821463	0.0019511
141.835536	0.0014435
141.849610	0.0002980
141.863684	0.0001976
141.877760	-0.0018291
141.891836	-0.0007171
141.905912	0.0004971
141.919990	0.0000516
141.934068	0.0015323
141.948147	-0.0000997
141.962226	0.0003280
141.976306	-0.0002561
141.990387	-0.0011647
142.004469	0.0004873
142.018551	0.0000387
142.032634	-0.0003113
142.046718	0.0000756
142.060802	-0.0006017
142.074888	-0.0005200
142.088973	-0.0013792
142.103060	0.0003085
142.117147	0.0018159
142.131235	0.0004914
142.145324	0.0010750
142.159413	0.0002173
142.173503	-0.0021261
142.187594	0.0009231
142.201685	-0.0005265
142.215778	-0.0012682
142.229870	0.0006867
142.243964	0.0002508
142.258058	0.0011729
142.272153	-0.0008420
142.286249	0.0005557
142.300345	-0.0000134
142.314442	-0.0005693
142.328540	-0.0012747
142.342639	0.0000362
142.356738	0.0009364
142.370838	0.0005779
142.384938	-0.0008204
142.399040	-0.0005142
142.413141	-0.0020399
142.427244	0.0002421
142.441348	0.0027670
142.455452	-0.0007935
142.469556	0.0008182
142.483662	-0.0015190
142.497768	0.0000947
142.511875	-0.0015975
142.525983	0.0012876
142.540091	-0.0019336
142.554200	-0.0001636
142.568310	0.0004759
142.582420	0.0013653
142.596531	0.0005503
142.610643	0.0000812
142.624756	-0.0010456
142.638869	0.0002437
142.652983	-0.0013310
142.667097	-0.0017890
142.681213	-0.0007044
142.695329	0.0006353
142.709446	-0.0001322
142.723563	0.0011445
142.737681	-0.0007320
142.751800	0.0012368
142.765920	0.0006857
142.780040	0.0001075
142.794161	-0.0003858
142.808282	0.0009025
142.822405	0.0004284
142.836528	0.0007448
142.850652	0.0007654
142.864776	-0.0000706
142.878901	0.0006625
142.893027	-0.0005030
142.907154	0.0011420
142.921281	0.0046270
142.935409	0.0097620
142.949538	0.0182714
142.963667	0.0346332
142.977797	0.0666886
142.991928	0.1106313
143.006059	0.1765385
143.020192	0.2557340
143.034324	0.3424572
143.048458	0.4236157
143.062592	0.4805993
143.076727	0.4993661
143.090863	0.4816208
143.105000	0.4258564
143.119137	0.3508821
143.133274	0.2610789
143.147413	0.1803502
143.161552	0.1161917
143.175692	0.0687544
143.189833	0.0375182
143.203974	0.0190310
143.218116	0.0069030
143.232259	0.0059092
143.246402	0.0018834
143.260546	-0.0003596
143.274691	0.0001623
143.288837	-0.0009360
143.302983	-0.0002867
143.317130	0.0011689
143.331278	0.0000427
143.345426	0.0005787
143.359575	0.0007539
143.373725	-0.0002936
143.387875	0.0020152
143.402026	0.0007039
143.416178	0.0016315
143.430331	0.0001492
143.444484	-0.0001258
143.458638	0.0002273
143.472793	-0.0002271
143.486948	-0.0017831
143.501104	-0.0002596
143.515261	-0.0003723
143.529418	-0.0003292
143.543577	0.0000825
143.557735	0.0007737
143.571895	-0.0010853
143.586055	0.0010785
143.600216	0.0010939
143.614378	0.0013427
143.628540	-0.0006804
143.642704	0.0005619
143.656867	-0.0009951
143.671032	0.0008411
143.685197	-0.0015655
143.699363	0.0011980
143.713530	-0.0025191
143.727697	-0.0000936
143.741865	-0.0006326
143.756034	-0.0008397
143.770203	0.0002206
143.784373	0.0028085
143.798544	-0.0010029
143.812716	-0.0003443
143.826888	0.0002352
143.841061	0.0005636
143.855234	-0.0000687
143.869409	0.0002409
143.883584	0.0008760
143.897759	0.0008400
143.911936	0.0001616
143.926113	0.0016112
143.940291	0.0017202
143.954469	-0.0007892
143.968649	0.0014140
143.982829	0.0006752
143.997009	0.0002796
144.011191	0.0014913
144.025373	-0.0004523
144.039555	0.0007451
144.053739	0.0009850
144.067923	-0.0013734
144.082108	0.0010458
144.096294	0.0008729
144.110480	0.0013861
144.124667	0.0001356
144.138855	0.0002914
144.153043	-0.0006968
144.167232	0.0001960
144.181422	0.0001534
144.195612	-0.0003599
144.209803	0.0009390
144.223995	0.0007118
144.238188	0.0033176
144.252381	-0.0001284
144.266575	0.0005127
144.280770	-0.0013911
144.294965	0.0011704
144.309162	-0.0006583
144.323358	0.0005799
144.337556	0.0008436
144.351754	-0.0015926
144.365953	-0.0018409
144.380153	-0.0004705
144.394353	0.0018992
144.408554	0.0000195
144.422756	-0.0002928
144.436958	0.0004012
144.451161	-0.0013101
144.465365	0.0011194
144.479570	-0.0000058
144.493775	0.0002632
144.507981	0.0014449
144.522188	-0.0007761
144.536395	0.0008109
144.550603	0.0009046
144.564812	-0.0003747
144.579021	0.0009572
144.593231	-0.0007597
144.607442	-0.0018113
144.621654	-0.0004084
144.635866	-0.0010853
144.650079	0.0016510
144.664293	-0.0009316
144.678507	-0.0001324
144.692722	0.0000544
144.706938	-0.0005240
144.721154	-0.0002130
144.735372	0.0024829
144.749589	0.0013604
144.763808	-0.0007125
144.778027	0.0006125
144.792247	0.0004437
144.806468	-0.0001211
144.820689	0.0013183
144.834911	-0.0014565
144.849134	-0.0004183
144.863358	0.0003697
144.877582	-0.0005695
144.891807	0.0010771
144.906033	0.0000873
144.920259	-0.0002457
144.934486	0.0008907
144.948714	-0.0011985
144.962942	0.0008630
144.977171	0.0003550
144.991401	-0.0003515
145.005631	0.0001012
145.019863	0.0006279
145.034095	0.0007959
145.048327	-0.0007770
145.062561	-0.0019701
145.076795	0.0008657
145.091029	-0.0000750
145.105265	-0.0022560
145.119501	-0.0007008
145.133738	0.0010933
145.147975	0.0004946
145.162214	0.0004695
145.176453	-0.0018144
145.190692	0.0004343
145.204933	0.0009717
145.219174	0.0016123
145.233416	0.0000634
145.247658	0.0015565
145.261901	0.0001657
145.276145	-0.0012666
145.290390	0.0001213
145.304635	-0.0011782
145.318881	0.0004852
145.333128	-0.0010737
145.347375	-0.0018628
145.361623	-0.0000754
145.375872	-0.0000704
145.390121	-0.0007145
145.404372	0.0002278
145.418622	0.0007125
145.432874	0.0016149
145.447126	0.0033511
145.461379	-0.0001459
145.475633	-0.0010799
145.489887	0.0010052
145.504143	-0.0007149
145.518398	0.0012082
145.532655	0.0005188
145.546912	0.0015819
145.561170	-0.0014780
145.575429	-0.0020080
145.589688	0.0004246
145.603948	-0.0004562
145.618209	0.0009290
145.632470	-0.0014173
145.646732	-0.0001753
145.660995	-0.0037805
145.675259	-0.0003656
145.689523	-0.0006515
145.703788	-0.0006348
145.718054	-0.0004666
145.732320	-0.0011133
145.746587	0.0000313
145.760855	-0.0001240
145.775123	0.0005774
145.789392	-0.0001808
145.803662	0.0009221
145.817933	-0.0013308
145.832204	0.0004050
145.846476	0.0007282
145.860749	0.0011101
145.875022	0.0007952
145.889296	-0.0019357
145.903571	0.0003848
145.917846	-0.0004643
145.932123	0.0005124
145.946400	-0.0005697
145.960677	0.0003146
145.974955	0.0012433
145.989234	0.0012447
146.003514	0.0002418
146.017794	0.0005416
146.032076	0.0012490
146.046357	0.0001292
146.060640	-0.0009726
146.074923	-0.0001327
146.089207	0.0006139
146.103492	-0.0019670
146.117777	-0.0008203
146.132063	-0.0011726
146.146350	-0.0004266
146.160637	0.0003120
146.174925	0.0008481
146.189214	-0.0012070
146.203504	0.0012528
146.217794	-0.0003715
146.232085	0.0002059
146.246376	-0.0009085
146.260669	-0.0009903
146.274962	-0.0014123
146.289256	0.0006754
146.303550	0.0006372
146.317845	-0.0000506
146.332141	0.0005482
146.346438	-0.0012246
146.360735	-0.0001990
146.375033	-0.0006093
146.389331	-0.0016188
146.403631	0.0003119
146.417931	0.0009851
146.432232	-0.0016389
146.446533	0.0005176
146.460835	-0.0001330
146.475138	-0.0005026
146.489442	-0.0004118
146.503746	0.0016356
146.518051	0.0007117
146.532357	-0.0004217
146.546663	-0.0005935
146.560970	0.0013443
146.575278	0.0000982
146.589586	-0.0007775
146.603896	0.0004877
146.618206	0.0004034
146.632516	0.0001639
146.646827	-0.0000605
146.661140	-0.0007445
146.675452	0.0003772
146.689766	-0.0008687
146.704080	-0.0009396
146.718395	0.0006768
146.732710	-0.0005986
146.747026	0.0004361
146.761343	-0.0002476
146.775661	0.0001406
146.789979	0.0011253
146.804298	0.0001518
146.818618	0.0011168
146.832938	-0.0004207
146.847260	0.0002517
146.861581	0.0001951
146.875904	0.0011842
146.890227	-0.0015109
146.904551	-0.0004856
146.918876	-0.0004903
146.933201	-0.0010023
146.947527	-0.0014244
146.961854	0.0003206
146.976181	-0.0008904
146.990510	-0.0019435
147.004838	-0.0003879
147.019168	0.0000935
147.033498	0.0011687
147.047829	0.0005456
147.062161	-0.0004401
147.076493	-0.0008648
147.090826	-0.0005130
147.105160	0.0008356
147.119495	0.0002917
147.133830	-0.0006708
147.148166	0.0000869
147.162502	-0.0012749
147.176840	0.0001372
147.191178	0.0006392
147.205516	-0.0000570
147.219856	0.0000934
147.234196	-0.0010750
147.248537	-0.0008666
147.262878	-0.0009411
147.277220	-0.0012956
147.291563	0.0006803
147.305907	0.0010360
147.320251	-0.0016152
147.334596	-0.0010365
147.348942	-0.0010467
147.363288	-0.0008477
147.377635	-0.0005418
147.391983	0.0017667
147.406332	-0.0006387
147.420681	-0.0006357
147.435031	-0.0005913
147.449382	0.0014385
147.463733	0.0000956
147.478085	-0.0000635
147.492438	0.0005406
147.506791	0.0004904
147.521145	-0.0007372
147.535500	-0.0011039
147.549856	0.0014772
147.564212	-0.0000324
147.578569	0.0001868
147.592927	0.0001540
147.607285	0.0015603
147.621644	-0.0018326
147.636004	-0.0014650
147.650364	-0.0016990
147.664726	-0.0019933
147.679087	-0.0002545
147.693450	0.0001663
147.707813	-0.0001682
147.722177	-0.0006305
147.736542	0.0002248
147.750907	-0.0014292
147.765273	-0.0004031
147.779640	0.0002098
147.794008	0.0003567
147.808376	-0.0012673
147.822745	-0.0007479
147.837114	0.0006960
147.851485	0.0006655
147.865856	-0.0008580
147.880228	0.0000534
147.894600	0.0004879
147.908973	0.0012402
147.923347	-0.0008583
147.937721	0.0006581
147.952097	-0.0005674
147.966473	0.0014996
147.980849	0.0022038
147.995227	-0.0012625
148.009605	0.0014326
148.023983	-0.0006943
148.038363	0.0009723
148.052743	-0.0017623
148.067124	0.0019474
148.081505	-0.0017571
148.095888	-0.0011335
148.110270	0.0011218
148.124654	-0.0017835
148.139038	-0.0004082
148.153424	-0.0006217
148.167809	0.0005010
148.182196	-0.0012220
148.196583	-0.0015128
148.210971	0.0005980
148.225359	0.0003779
148.239749	-0.0011218
148.254139	-0.0021633
148.268529	0.0002846
148.282921	0.0007123
148.297313	-0.0002155
148.311706	-0.0005785
148.326099	0.0013327
148.340493	0.0010167
148.354888	-0.0000909
148.369284	-0.0014068
148.383680	-0.0006950
148.398077	0.0002875
148.412475	0.0015239
148.426873	-0.0001157
148.441272	-0.0011466
148.455672	-0.0007743
148.470073	-0.0008046
148.484474	-0.0013902
148.498876	-0.0010233
148.513278	-0.0019571
148.527682	-0.0000286
148.542086	0.0003236
148.556490	0.0006959
148.570896	-0.0006041
148.585302	0.0006785
148.599709	0.0002870
148.614116	0.0014337
148.628524	0.0008464
148.642933	0.0016761
148.657343	-0.0014093
148.671753	-0.0009320
148.686164	-0.0012318
148.700576	0.0005008
148.714989	0.0021868
148.729402	-0.0000658
148.743816	0.0011210
148.758230	0.0000765
148.772646	0.0009309
148.787061	0.0002826
148.801478	-0.0011437
148.815896	0.0010124
148.830314	0.0007964
148.844732	-0.0011100
148.859152	-0.0001431
148.873572	0.0000835
148.887993	-0.0003632
148.902414	0.0003903
148.916837	0.0005781
148.931260	0.0019488
148.945683	0.0012195
148.960108	-0.0005663
148.974533	-0.0004805
148.988959	-0.0000878
149.003385	0.0002904
149.017812	0.0001032
149.032240	0.0005451
149.046669	0.0002403
149.061098	-0.0001867
149.075528	0.0006757
149.089959	0.0005162
149.104390	-0.0023566
149.118822	-0.0011695
149.133255	0.0010774
149.147689	0.0012186
149.162123	-0.0019945
149.176558	-0.0009064
149.190994	-0.0011219
149.205430	-0.0005861
149.219867	-0.0011404
149.234305	0.0001573
149.248743	-0.0011839
149.263182	0.0003536
149.277622	0.0003125
149.292063	-0.0001734
149.306504	-0.0002388
149.320946	0.0020578
149.335389	0.0020316
149.349832	-0.0012681
149.364276	-0.0016252
149.378721	0.0018740
149.393166	-0.0012351
149.407612	0.0006444
149.422059	0.0005543
149.436507	-0.0009898
149.450955	0.0007650
149.465404	0.0026169
149.479854	-0.0001548
149.494304	0.0004478
149.508755	-0.0011492
149.523207	-0.0003635
149.537660	0.0002836
149.552113	-0.0004983
149.566567	-0.0010720
149.581021	0.0012549
149.595476	-0.0000808
149.609932	-0.0007826
149.624389	-0.0005317
149.638847	-0.0007376
149.653305	-0.0009578
149.667764	-0.0000425
149.682223	-0.0002912
149.696683	0.0005327
149.711144	0.0008241
149.725606	0.0001994
149.740068	0.0004603
149.754531	0.0008766
149.768995	-0.0018575
149.783459	-0.0001744
149.797924	-0.0005422
149.812390	-0.0025537
149.826857	-0.0004477
149.841324	-0.0004640
149.855792	-0.0008252
149.870261	-0.0013551
149.884730	-0.0001459
149.899200	0.0006075
149.913671	-0.0020900
149.928142	-0.0000289
149.942614	-0.0020644
149.957087	-0.0004075
149.971561	0.0011653
149.986035	0.0013806
150.000510	0.0022745
150.014986	0.0014316
150.029462	0.0004722
150.043939	0.0010984
150.058417	0.0006639
150.072895	0.0013237
150.087375	0.0010870
150.101854	-0.0012872
150.116335	-0.0002116
150.130816	-0.0003667
150.145298	-0.0015844
150.159781	-0.0007239
150.174264	-0.0006221
150.188748	0.0000726
150.203233	0.0006448
150.217719	-0.0012896
150.232205	0.0013737
150.246692	-0.0005152
150.261180	0.0007714
150.275668	0.0009853
150.290157	-0.0003793
150.304647	-0.0000585
150.319137	-0.0007733
150.333628	-0.0004677
150.348120	-0.0004420
150.362612	0.0020334
150.377106	-0.0005493
150.391600	0.0021725
150.406094	-0.0004942
150.420590	-0.0004998
150.435086	0.0002610
150.449582	0.0011664
150.464080	0.0003875
150.478578	0.0002624
150.493077	0.0014732
150.507576	0.0030003
150.522077	-0.0005616
150.536578	0.0005472
150.551079	0.0000003
150.565582	0.0017161
150.580085	0.0001963
150.594588	0.0003274
150.609093	0.0002524
150.623598	0.0017773
150.638104	0.0004304
150.652610	-0.0013083
150.667118	-0.0020160
150.681626	-0.0009133
150.696134	0.0009621
150.710644	0.0017099
150.725154	-0.0009660
150.739665	0.0022333
150.754176	-0.0008165
150.768688	-0.0008329
150.783201	0.0000934
150.797715	-0.0000250
150.812229	0.0010079
150.826744	0.0010361
150.841260	-0.0018605
150.855776	-0.0011625
150.870293	0.0006909
150.884811	0.0011430
150.899330	-0.0002508
150.913849	-0.0001217
150.928369	-0.0016509
150.942889	0.0003008
150.957411	0.0004927
150.971933	-0.0006024
150.986456	-0.0009577
151.000979	-0.0001175
151.015503	0.0019983
151.030028	-0.0006797
151.044553	0.0003340
151.059080	-0.0022103
151.073607	-0.0000177
151.088134	0.0008635
151.102663	0.0000658
151.117192	0.0012618
151.131721	0.0004661
151.146252	-0.0018387
151.160783	-0.0001986
151.175315	0.0010573
151.189847	-0.0011430
151.204381	-0.0007112
151.218915	-0.0012533
151.233449	0.0003590
151.247985	0.0006476
151.262521	-0.0009649
151.277058	-0.0011564
151.291595	0.0009995
151.306133	0.0001778
151.320672	0.0012745
151.335212	0.0011717
151.349752	-0.0005098
151.364293	-0.0002925
151.378835	-0.0010074
151.393377	0.0006250
151.407920	-0.0011842
151.422464	0.0014012
151.437008	0.0010061
151.451554	0.0003384
151.466100	-0.0008635
151.480646	-0.0006834
151.495194	-0.0000387
151.509742	0.0004796
151.524290	-0.0002064
151.538840	-0.0003022
151.553390	-0.0007882
151.567941	-0.0009368
151.582492	-0.0016970
151.597044	0.0006170
151.611597	-0.0012384
151.626151	0.0005570
151.640705	0.0004894
151.655260	-0.0000479
151.669816	-0.0021006
151.684373	-0.0005076
151.698930	0.0007438
151.713488	-0.0004047
151.728046	0.0002394
151.742605	0.0002036
151.757165	0.0005456
151.771726	0.0007616
151.786287	0.0003286
151.800849	0.0014052
151.815412	-0.0015880
151.829976	-0.0009022
151.844540	0.0003721
151.859105	-0.0024962
151.873670	0.0003423
151.888236	-0.0001279
151.902803	0.0000992
151.917371	0.0013965
151.931940	0.0001358
151.946509	-0.0006686
151.961078	-0.0006358
151.975649	-0.0000668
151.990220	-0.0008127
152.004792	-0.0004133
152.019365	0.0002737
152.033938	-0.0006546
152.048512	0.0004131
152.063087	-0.0006264
152.077662	0.0012043
152.092238	0.0004853
152.106815	0.0007298
152.121392	-0.0002729
152.135971	0.0000903
152.150550	-0.0009929
152.165129	0.0010418
152.179710	0.0000385
152.194291	0.0006454
152.208872	-0.0008817
152.223455	-0.0002941
152.238038	0.0000990
152.252622	-0.0002886
152.267206	-0.0009044
152.281791	0.0008439
152.296377	0.0008948
152.310964	0.0009782
152.325551	-0.0016114
152.340139	0.0001009
152.354728	0.0002315
152.369318	0.0009771
152.383908	0.0001338
152.398499	0.0006500
152.413090	0.0006427
152.427683	-0.0007351
152.442276	0.0007528
152.456869	-0.0007376
152.471464	0.0000545
152.486059	0.0004110
152.500654	0.0000602
152.515251	-0.0011297
152.529848	0.0017679
152.544446	0.0000997
152.559045	-0.0001480
152.573644	-0.0004611
152.588244	0.0012556
152.602845	-0.0001849
152.617446	0.0021076
152.632048	0.0010618
152.646651	0.0003880
152.661254	0.0010515
152.675859	0.0013268
152.690463	-0.0013724
152.705069	-0.0012658
152.719675	-0.0003095
152.734282	0.0018943
152.748890	-0.0003415
152.763499	0.0000618
152.778108	0.0001227
152.792717	-0.0003312
152.807328	0.0009278
152.821939	-0.0015540
152.836551	-0.0010650
152.851164	0.0003548
152.865777	-0.0001374
152.880391	0.0003577
152.895006	-0.0006983
152.909621	-0.0014034
152.924238	-0.0000357
152.938854	0.0011123
152.953472	0.0002409
152.968090	-0.0011630
152.982709	-0.0000407
152.997329	0.0003156
153.011949	-0.0000998
153.026570	-0.0003543
153.041192	-0.0015202
153.055814	-0.0012930
153.070438	0.0011150
153.085062	0.0006978
153.099686	0.0009764
153.114311	0.0006324
153.128937	0.0008332
153.143564	0.0009248
153.158191	0.0003313
153.172820	-0.0008044
153.187448	0.0005514
153.202078	-0.0019453
153.216708	-0.0012914
153.231339	-0.0012524
153.245970	0.0000030
153.260603	0.0003178
153.275236	-0.0017768
153.289869	-0.0017503
153.304504	0.0023392
153.319139	-0.0017243
153.333775	-0.0003598
153.348411	-0.0002705
153.363049	0.0012802
153.377686	0.0000829
153.392325	0.0006535
153.406964	-0.0000177
153.421604	-0.0006773
153.436245	0.0007627
153.450887	-0.0001852
153.465529	0.0002142
153.480172	-0.0013441
153.494815	-0.0000204
153.509459	-0.0000954
153.524104	0.0005750
153.538750	0.0011408
153.553396	-0.0008092
153.568043	-0.0005604
153.582691	-0.0001235
153.597340	0.0012769
153.611989	0.0016716
153.626639	0.0000882
153.641289	-0.0005156
153.655940	0.0004502
153.670592	0.0014152
153.685245	0.0007586
153.699898	-0.0001577
153.714553	-0.0000822
153.729207	0.0006708
153.743863	-0.0007385
153.758519	0.0005185
153.773176	0.0011107
153.787833	0.0024505
153.802492	-0.0012523
153.817151	-0.0008716
153.831810	0.0003453
153.846471	0.0012873
153.861132	0.0011708
153.875794	0.0006557
153.890456	-0.0009892
153.905120	0.0004269
153.919783	0.0009495
153.934448	-0.0002577
153.949113	-0.0010914
153.963779	-0.0012122
153.978446	0.0011694
153.993114	-0.0003230
154.007782	0.0008180
154.022450	-0.0003393
154.037120	0.0008845
154.051790	-0.0005965
154.066461	0.0006119
154.081133	0.0019908
154.095805	0.0011272
154.110478	-0.0008821
154.125152	-0.0004309
154.139826	0.0009405
154.154502	-0.0008332
154.169177	0.0002349
154.183854	-0.0001702
154.198531	0.0011534
154.213209	-0.0004344
154.227888	0.0016079
154.242567	-0.0004262
154.257247	0.0004329
154.271928	-0.0004945
154.286609	0.0004053
154.301292	0.0007371
154.315975	-0.0002477
154.330658	-0.0000602
154.345342	-0.0003633
154.360027	0.0008137
154.374713	-0.0011588
154.389399	0.0014614
154.404087	-0.0027195
154.418774	0.0000895
154.433463	-0.0009622
154.448152	-0.0000701
154.462842	0.0005582
154.477533	-0.0008816
154.492224	0.0001347
154.506916	0.0017753
154.521609	-0.0008080
154.536302	0.0004342
154.550996	0.0010170
154.565691	-0.0007588
154.580386	-0.0003506
154.595083	-0.0021315
154.609780	-0.0008998
154.624477	0.0010062
154.639175	0.0022934
154.653875	-0.0002050
154.668574	-0.0009016
154.683275	0.0013817
154.697976	-0.0003502
154.712678	-0.0003057
154.727380	-0.0003890
154.742083	0.0008113
154.756787	-0.0020654
154.771492	0.0003742
154.786197	0.0007439
154.800903	-0.0007354
154.815610	0.0001870
154.830318	-0.0019169
154.845026	-0.0006026
154.859735	0.0000206
154.874444	-0.0003423
154.889155	0.0020063
154.903866	-0.0003726
154.918577	0.0015001
154.933290	0.0021556
154.948003	-0.0009676
154.962716	-0.0012418
154.977431	0.0019049
154.992146	-0.0001656
155.006862	-0.0005586
155.021579	-0.0006406
155.036296	0.0008872
155.051014	-0.0009221
155.065733	0.0010564
155.080452	-0.0005037
155.095172	-0.0005629
155.109893	-0.0002641
155.124614	-0.0006513
155.139337	-0.0001320
155.154060	-0.0016918
155.168783	0.0007829
155.183507	-0.0012019
155.198232	0.0008750
155.212958	0.0000881
155.227685	-0.0019338
155.242412	-0.0000711
155.257140	-0.0010823
155.271868	-0.0002479
155.286597	-0.0005220
155.301327	-0.0005850
155.316058	-0.0017974
155.330789	0.0019250
155.345521	0.0007594
155.360254	-0.0013620
155.374988	0.0013624
155.389722	0.0002152
155.404457	0.0026709
155.419192	0.0010321
155.433928	0.0002757
155.448665	-0.0003432
155.463403	0.0001068
155.478141	0.0003862
155.492880	-0.0001506
155.507620	0.0002895
155.522361	-0.0006172
155.537102	-0.0006589
155.551844	-0.0001496
155.566586	-0.0003110
155.581330	-0.0003850
155.596074	-0.0001297
155.610818	-0.0014853
155.625564	0.0000963
155.640310	0.0020731
155.655056	0.0013159
155.669804	0.0013649
155.684552	0.0004768
155.699301	-0.0001197
155.714051	0.0019589
155.728801	-0.0004380
155.743552	0.0003734
155.758304	-0.0002045
155.773056	-0.0000283
155.787809	0.0008071
155.802563	-0.0004282
155.817318	0.0008662
155.832073	-0.0004344
155.846829	0.0009888
155.861585	-0.0009621
155.876343	0.0009094
155.891101	0.0009023
155.905859	0.0019726
155.920619	0.0011623
155.935379	-0.0008711
155.950140	0.0010573
155.964901	-0.0015373
155.979664	-0.0035045
155.994427	0.0013158
156.009190	0.0010668
156.023955	-0.0003845
156.038720	-0.0007456
156.053485	-0.0014968
156.068252	0.0012696
156.083019	0.0002042
156.097787	0.0008065
156.112556	0.0005971
156.127325	0.0008594
156.142095	-0.0009807
156.156865	-0.0010681
156.171637	0.0000653
156.186409	0.0022903
156.201182	-0.0013046
156.215955	-0.0000931
156.230729	-0.0006180
156.245504	0.0017156
156.260280	-0.0007511
156.275056	0.0003553
156.289833	-0.0002303
156.304611	0.0006149
156.319389	-0.0000444
156.334168	0.0009801
156.348948	0.0008954
156.363729	-0.0006689
156.378510	-0.0005911
156.393292	-0.0007834
156.408074	0.0001783
156.422858	-0.0004331
156.437642	0.0013078
156.452426	-0.0008216
156.467212	-0.0009585
156.481998	-0.0013715
156.496785	0.0000350
156.511572	-0.0003309
156.526361	-0.0011696
156.541150	0.0007410
156.555939	0.0016830
156.570730	0.0007229
156.585521	0.0002394
156.600312	0.0000785
156.615105	-0.0005734
156.629898	-0.0008834
156.644692	-0.0016122
156.659486	0.0006763
156.674282	0.0009571
156.689078	0.0005370
156.703874	0.0008341
156.718672	-0.0001814
156.733470	-0.0010312
156.748268	-0.0002845
156.763068	-0.0001857
156.777868	-0.0008419
156.792669	-0.0001013
156.807471	0.0010396
156.822273	0.0000879
156.837076	-0.0006301
156.851880	-0.0014185
156.866684	0.0007196
156.881489	-0.0009820
156.896295	0.0007532
156.911101	-0.0007842
156.925908	0.0007704
156.940716	0.0006753
156.955525	-0.0007405
156.970334	-0.0007143
156.985144	-0.0003128
156.999955	0.0011613
157.014766	-0.0000821
157.029579	0.0003364
157.044391	-0.0000913
157.059205	0.0001671
157.074019	-0.0001064
157.088834	-0.0009433
157.103650	-0.0010493
157.118466	-0.0008751
157.133283	-0.0003916
157.148101	0.0006135
157.162919	-0.0002401
157.177738	-0.0000276
157.192558	0.0005896
157.207379	0.0003141
157.222200	-0.0000339
157.237022	0.0001824
157.251845	0.0015565
157.266668	-0.0007187
157.281492	-0.0003480
157.296317	0.0006841
157.311142	-0.0016474
157.325968	-0.0016161
157.340795	0.0012522
157.355623	0.0010842
157.370451	-0.0002721
157.385280	0.0011655
157.400110	0.0008948
157.414940	0.0006095
157.429771	0.0001727
157.444603	0.0009628
157.459436	-0.0008594
157.474269	0.0020699
157.489103	0.0004249
157.503937	0.0013727
157.518772	0.0016687
157.533608	-0.0004786
157.548445	-0.0004018
157.563283	-0.0001754
157.578121	-0.0001026
157.592960	0.0002569
157.607799	-0.0024338
157.622639	-0.0014971
157.637480	0.0000994
157.652322	-0.0012801
157.667164	-0.0001837
157.682007	0.0001582
157.696851	-0.0015827
157.711695	0.0000158
157.726540	-0.0001688
157.741386	0.0000294
157.756233	-0.0005079
157.771080	0.0007612
157.785928	-0.0008076
157.800777	-0.0000785
157.815626	0.0000895
157.830476	0.0002148
157.845327	-0.0001717
157.860178	-0.0012223
157.875030	0.0005675
157.889883	-0.0002798
157.904737	0.0005039
157.919591	0.0001365
157.934446	-0.0003275
157.949302	-0.0009842
157.964158	-0.0004700
157.979015	0.0002977
157.993873	-0.0004711
158.008731	-0.0006989
158.023590	-0.0003448
158.038450	-0.0000916
158.053311	0.0006483
158.068172	0.0006937
158.083034	0.0006375
158.097897	0.0009729
158.112760	-0.0010115
158.127624	0.0004309
158.142489	-0.0016794
158.157355	-0.0001208
158.172221	-0.0014104
158.187088	0.0004402
158.201955	0.0001430
158.216824	-0.0000466
158.231693	0.0005533
158.246562	-0.0013309
158.261433	-0.0006963
158.276304	0.0006045
158.291176	0.0019623
158.306048	-0.0003515
158.320922	0.0013248
158.335796	0.0007930
158.350670	0.0003678
158.365545	0.0010842
158.380422	-0.0008197
158.395298	-0.0006529
158.410176	0.0014011
158.425054	0.0003167
158.439933	-0.0001928
158.454812	-0.0013988
158.469692	-0.0009686
158.484573	-0.0008084
158.499455	-0.0002867
158.514337	-0.0009644
158.529220	-0.0008571
158.544104	-0.0014365
158.558989	0.0018432
158.573874	-0.0006949
158.588760	-0.0004166
158.603646	0.0003778
158.618534	-0.0010791
158.633422	0.0000613
158.648310	-0.0011645
158.663200	-0.0000233
158.678090	0.0004963
158.692981	0.0002080
158.707872	-0.0000887
158.722764	0.0007514
158.737657	-0.0003148
158.752551	-0.0001538
158.767445	0.0003546
158.782340	-0.0009089
158.797236	-0.0000841
158.812132	0.0009542
158.827029	0.0001718
158.841927	0.0020905
158.856826	-0.0011498
158.871725	0.0000264
158.886625	0.0001627
158.901525	0.0006379
158.916427	0.0000601
158.931329	0.0008704
158.946231	0.0008099
158.961135	-0.0010740
158.976039	-0.0007459
158.990944	0.0000714
159.005849	0.0003036
159.020756	-0.0003485
159.035662	-0.0011465
159.050570	0.0002283
159.065478	0.0007101
159.080388	0.0002196
159.095297	-0.0013532
159.110208	-0.0000977
159.125119	0.0002233
159.140031	-0.0015313
159.154943	-0.0023228
159.169857	-0.0004894
159.184771	-0.0011200
159.199685	0.0023121
159.214601	-0.0023320
159.229517	0.0009156
159.244433	-0.0010280
159.259351	-0.0010108
159.274269	0.0003591
159.289188	-0.0004768
159.304108	0.0006602
159.319028	0.0006993
159.333949	-0.0017690
159.348870	0.0004332
159.363793	0.0004449
159.378716	0.0003063
159.393640	-0.0003486
159.408564	0.0013391
159.423489	0.0017023
159.438415	0.0021493
159.453342	-0.0002827
159.468269	0.0022296
159.483197	-0.0000250
159.498126	0.0011525
159.513055	-0.0013812
159.527986	0.0003424
159.542916	-0.0002913
159.557848	-0.0001312
159.572780	-0.0018568
159.587713	0.0008194
159.602647	-0.0026193
159.617581	-0.0007377
159.632516	-0.0005679
159.647452	-0.0001604
159.662388	-0.0008558
159.677325	0.0007286
159.692263	-0.0003113
159.707202	-0.0011474
159.722141	0.0012564
159.737081	-0.0006198
159.752022	0.0009275
159.766963	-0.0002067
159.781905	-0.0004280
159.796848	-0.0006805
159.811791	0.0000441
159.826736	0.0016199
159.841680	-0.0000084
159.856626	-0.0010085
159.871572	-0.0004351
159.886519	0.0009727
159.901467	-0.0013117
159.916415	-0.0000964
159.931364	0.0004590
159.946314	0.0012079
159.961265	-0.0006042
159.976216	-0.0000479
159.991168	-0.0003298
160.006120	0.0005948
160.021074	-0.0025620
160.036028	-0.0003479
160.050982	-0.0016623
160.065938	0.0007647
160.080894	-0.0029427
160.095851	0.0014383
160.110808	-0.0030490
160.125766	-0.0003678
160.140725	-0.0007126
160.155685	-0.0003702
160.170645	-0.0005628
160.185606	0.0018682
160.200568	0.0000342
160.215530	0.0013961
160.230494	-0.0000763
160.245457	0.0008197
160.260422	-0.0010663
160.275387	-0.0005065
160.290353	0.0000800
160.305320	0.0003346
160.320287	-0.0005881
160.335255	0.0019115
160.350224	-0.0002221
160.365193	0.0016098
160.380164	0.0003752
160.395134	-0.0001474
160.410106	0.0017661
160.425078	0.0000002
160.440051	-0.0003934
160.455025	-0.0000300
160.469999	0.0004911
160.484974	-0.0003521
160.499950	0.0006132
160.514927	0.0012006
160.529904	0.0003782
160.544882	0.0007829
160.559860	-0.0014059
160.574840	0.0010519
160.589819	0.0008655
160.604800	0.0005955
160.619782	-0.0003181
160.634764	-0.0008027
160.649746	-0.0006493
160.664730	0.0021478
160.679714	-0.0002968
160.694699	-0.0009554
160.709685	-0.0007367
160.724671	-0.0013671
160.739658	0.0007966
160.754646	-0.0007068
160.769634	-0.0009551
160.784623	-0.0005605
160.799613	0.0008544
160.814604	-0.0013792
160.829595	-0.0008575
160.844587	0.0008404
160.859579	-0.0000297
160.874573	-0.0006515
160.889567	0.0001367
160.904562	0.0001448
160.919557	-0.0015296
160.934553	0.0006539
160.949550	0.0013963
160.964548	0.0047524
160.979546	0.0080242
160.994545	0.0114834
161.009544	0.0187902
161.024545	0.0247079
161.039546	0.0332654
161.054548	0.0407613
161.069550	0.0466475
161.084553	0.0498904
161.099557	0.0499699
161.114562	0.0427393
161.129567	0.0357642
161.144573	0.0289695
161.159580	0.0189142
161.174587	0.0144071
161.189595	0.0089899
161.204604	0.0068706
161.219613	0.0030586
161.234624	0.0008588
161.249634	0.0001467
161.264646	0.0020180
161.279658	0.0014389
161.294671	0.0005800
161.309685	0.0004358
161.324700	0.0016360
161.339715	-0.0007271
161.354730	-0.0009887
161.369747	0.0023972
161.384764	-0.0001520
161.399782	0.0010464
161.414801	0.0011623
161.429820	0.0002496
161.444840	0.0000513
161.459861	0.0017607
161.474882	0.0002961
161.489904	0.0001647
161.504927	0.0006227
161.519951	0.0005659
161.534975	-0.0011854
161.550000	-0.0005313
161.565026	0.0005835
161.580052	-0.0005738
161.595079	-0.0013994
161.610107	-0.0015307
161.625135	0.0002093
161.640164	0.0008439
161.655194	-0.0015588
161.670225	0.0000700
161.685256	0.0010621
161.700288	0.0007708
161.715321	-0.0000204
161.730354	-0.0006293
161.745388	-0.0018959
161.760423	0.0001587
161.775458	-0.0001138
161.790495	0.0007752
161.805531	-0.0024538
161.820569	0.0005672
161.835607	0.0015318
161.850646	0.0002422
161.865686	0.0009778
161.880726	-0.0003743
161.895768	-0.0001434
161.910809	0.0003967
161.925852	-0.0010629
161.940895	0.0007199
161.955939	-0.0009745
161.970984	-0.0005062
161.986029	-0.0018379
162.001075	-0.0002610
162.016122	0.0008547
162.031169	0.0004984
162.046217	0.0014007
162.061266	0.0013947
162.076315	0.0001617
162.091366	0.0002160
162.106417	-0.0006632
162.121468	0.0011761
162.136521	0.0021830
162.151574	0.0017859
162.166627	-0.0007541
162.181682	0.0013845
162.196737	0.0009435
162.211793	0.0027912
162.226849	0.0008327
162.241907	0.0001930
162.256965	-0.0004203
162.272023	0.0017598
162.287083	-0.0008251
162.302143	0.0019641
162.317203	0.0001768
162.332265	-0.0012093
162.347327	0.0035780
162.362390	-0.0003590
162.377454	-0.0000454
162.392518	-0.0007074
162.407583	-0.0001589
162.422649	-0.0012745
162.437715	0.0004941
162.452782	-0.0003091
162.467850	0.0012547
162.482918	-0.0006457
162.497987	0.0017084
162.513057	0.0005628
162.528128	-0.0001777
162.543199	-0.0011107
162.558271	-0.0002971
162.573344	-0.0000135
162.588417	0.0000476
162.603492	0.0011620
162.618566	-0.0002636
162.633642	-0.0012063
162.648718	-0.0012080
162.663795	0.0008608
162.678873	-0.0012888
162.693951	-0.0004771
162.709030	0.0001334
162.724110	0.0010113
162.739190	-0.0003980
162.754271	0.0017854
162.769353	-0.0007772
162.784436	0.0026230
162.799519	-0.0021229
162.814603	0.0021133
162.829688	-0.0006561
162.844773	0.0011609
162.859859	-0.0010777
162.874946	-0.0008845
162.890033	0.0000134
162.905121	0.0013812
162.920210	-0.0001403
162.935300	-0.0003401
162.950390	-0.0003311
162.965481	0.0000604
162.980573	0.0005900
162.995665	-0.0009653
163.010758	-0.0010678
163.025852	-0.0009567
163.040946	-0.0006080
163.056042	-0.0000962
163.071137	-0.0012898
163.086234	0.0001927
163.101331	-0.0008318
163.116429	-0.0004713
163.131528	0.0018259
163.146627	-0.0013240
163.161727	0.0003805
163.176828	0.0011520
163.191930	-0.0009877
163.207032	-0.0011800
163.222135	-0.0004046
163.237239	0.0014351
163.252343	-0.0014176
163.267448	0.0012377
163.282554	0.0005787
163.297660	-0.0008180
163.312767	0.0016454
163.327875	-0.0001600
163.342983	-0.0000472
163.358093	0.0001249
163.373203	0.0007508
163.388313	-0.0011354
163.403425	-0.0005404
163.418537	0.0024098
163.433649	-0.0009965
163.448763	0.0004626
163.463877	0.0000351
163.478992	0.0005684
163.494107	-0.0006114
163.509224	0.0008724
163.524341	-0.0001476
163.539458	-0.0003281
163.554577	-0.0015224
163.569696	0.0007673
163.584816	0.0009721
163.599936	0.0014949
163.615057	-0.0021944
163.630179	-0.0011504
163.645302	-0.0005733
163.660425	-0.0003201
163.675549	0.0010391
163.690674	0.0008299
163.705799	-0.0020724
163.720925	0.0016815
163.736052	-0.0011374
163.751179	-0.0007011
163.766308	0.0000036
163.781436	-0.0008902
163.796566	0.0012983
163.811696	0.0001509
163.826827	-0.0007439
163.841959	-0.0005523
163.857091	0.0004372
163.872225	-0.0004488
163.887358	0.0003212
163.902493	0.0001718
163.917628	-0.0011435
163.932764	-0.0012021
163.947901	0.0003141
163.963038	0.0000679
163.978176	0.0017562
163.993315	0.0001475
164.008454	-0.0009027
164.023594	0.0006336
164.038735	0.0020445
164.053877	-0.0008253
164.069019	0.0012963
164.084162	0.0017680
164.099306	0.0010808
164.114450	0.0016655
164.129595	-0.0011053
164.144741	-0.0002999
164.159887	0.0006665
164.175034	0.0002746
164.190182	0.0008692
164.205331	0.0017991
164.220480	0.0005369
164.235630	-0.0002454
164.250781	-0.0011120
164.265932	0.0003435
164.281084	0.0000699
164.296237	0.0009651
164.311390	-0.0007740
164.326545	-0.0001754
164.341700	-0.0000617
164.356855	0.0010412
164.372011	-0.0019078
164.387168	-0.0004603
164.402326	-0.0004246
164.417484	-0.0004840
164.432644	0.0011406
164.447803	-0.0003719
164.462964	-0.0004451
164.478125	0.0021339
164.493287	-0.0001871
164.508450	0.0007043
164.523613	0.0006580
164.538777	0.0006039
164.553942	-0.0006669
164.569107	0.0014142
164.584273	0.0000992
164.599440	0.0005179
164.614608	-0.0001631
164.629776	-0.0000319
164.644945	0.0005378
164.660114	0.0002192
164.675285	0.0005257
164.690456	0.0003122
164.705628	-0.0008162
164.720800	0.0008650
164.735973	-0.0008562
164.751147	0.0002945
164.766322	-0.0002610
164.781497	0.0013969
164.796673	-0.0007321
164.811849	0.0008940
164.827027	-0.0001986
164.842205	0.0019479
164.857384	0.0002393
164.872563	0.0012578
164.887743	-0.0008668
164.902924	0.0011543
164.918106	0.0001630
164.933288	0.0012437
164.948471	-0.0015722
164.963655	-0.0019750
164.978839	0.0013701
164.994024	-0.0011440
165.009210	0.0007571
165.024396	-0.0001686
165.039584	-0.0016795
165.054772	0.0004437
165.069960	-0.0000354
165.085149	-0.0005759
165.100340	0.0007402
165.115530	-0.0006797
165.130722	-0.0004631
165.145914	0.0001355
165.161107	-0.0001608
165.176300	0.0009915
165.191494	0.0011525
165.206689	0.0003568
165.221885	0.0000480
165.237081	0.0005043
165.252278	0.0005062
165.267476	-0.0011058
165.282674	-0.0017912
165.297874	0.0007795
165.313073	-0.0005256
165.328274	0.0001284
165.343475	-0.0010379
165.358677	-0.0002855
165.373880	-0.0004985
165.389083	-0.0000723
165.404287	0.0007545
165.419492	0.0009296
165.434697	-0.0007725
165.449904	-0.0018271
165.465110	0.0000019
165.480318	0.0004843
165.495526	-0.0003905
165.510735	-0.0004643
165.525945	-0.0017322
165.541155	-0.0009071
165.556366	0.0014767
165.571578	-0.0000348
165.586791	0.0001601
165.602004	0.0005352
165.617218	-0.0003066
165.632432	-0.0005743
165.647648	-0.0006506
165.662864	0.0000670
165.678080	0.0006236
165.693298	-0.0000997
165.708516	-0.0009360
165.723735	-0.0001314
165.738954	-0.0006541
165.754174	-0.0013232
165.769395	0.0009798
165.784617	-0.0003434
165.799839	0.0005233
165.815062	0.0010834
165.830286	0.0004725
165.845510	-0.0015343
165.860735	0.0015190
165.875961	-0.0009325
165.891188	-0.0015062
165.906415	-0.0014125
165.921643	0.0010448
165.936872	0.0013807
165.952101	-0.0008897
165.967331	-0.0001538
165.982562	-0.0016664
165.997793	0.0000500
166.013025	0.0003054
166.028258	0.0017388
166.043492	0.0000385
166.058726	0.0005245
166.073961	0.0011718
166.089197	-0.0008384
166.104433	-0.0000960
166.119670	0.0004083
166.134908	0.0006041
166.150146	0.0008066
166.165386	0.0015708
166.180625	0.0007164
166.195866	0.0004193
166.211107	0.0008025
166.226349	0.0005529
166.241592	0.0006525
166.256835	0.0014038
166.272079	0.0014310
166.287324	0.0003644
166.302570	-0.0018415
166.317816	-0.0022036
166.333063	0.0002619
166.348310	-0.0011231
166.363559	-0.0012687
166.378808	-0.0008459
166.394058	0.0014845
166.409308	0.0013355
166.424559	0.0010691
166.439811	-0.0000530
166.455063	-0.0010176
166.470317	0.0003125
166.485571	-0.0001204
166.500825	-0.0004002
166.516081	0.0012828
166.531337	-0.0020808
166.546593	0.0013850
166.561851	-0.0001593
166.577109	0.0013397
166.592368	0.0008244
166.607627	0.0020082
166.622888	0.0007228
166.638148	-0.0010982
166.653410	0.0015091
166.668672	0.0009087
166.683936	-0.0003036
166.699199	0.0024367
166.714464	0.0012475
166.729729	0.0004416
166.744995	-0.0005088
166.760261	0.0008309
166.775529	-0.0012639
166.790797	0.0007256
166.806065	0.0013722
166.821335	-0.0000848
166.836605	0.0003153
166.851876	-0.0002022
166.867147	-0.0004697
166.882419	0.0003848
166.897692	0.0011106
166.912966	-0.0023905
166.928240	-0.0006347
166.943515	-0.0010569
166.958791	-0.0027065
166.974067	0.0013510
166.989344	-0.0016760
167.004622	0.0009724
167.019901	-0.0010848
167.035180	-0.0008035
167.050460	0.0009009
167.065740	-0.0000114
167.081022	-0.0007171
167.096304	0.0012660
167.111586	-0.0002865
167.126870	0.0020568
167.142154	0.0001337
167.157439	0.0020511
167.172724	-0.0004630
167.188010	-0.0017944
167.203297	-0.0011216
167.218585	-0.0013874
167.233873	-0.0002229
167.249162	0.0003041
167.264452	-0.0005789
167.279743	0.0010448
167.295034	-0.0003052
167.310326	-0.0004824
167.325618	-0.0000660
167.340912	0.0006787
167.356205	0.0006165
167.371500	-0.0025867
167.386796	-0.0006105
167.402092	-0.0000223
167.417388	0.0001418
167.432686	0.0010795
167.447984	0.0007922
167.463283	0.0013858
167.478582	-0.0003830
167.493883	-0.0007807
167.509184	0.0024535
167.524485	0.0009541
167.539788	-0.0007986
167.555091	0.0001707
167.570395	-0.0000455
167.585699	0.0010698
167.601004	-0.0005108
167.616310	0.0005539
167.631617	-0.0002441
167.646924	-0.0004831
167.662232	-0.0005807
167.677541	0.0009440
167.692850	-0.0014064
167.708160	-0.0010087
167.723471	0.0003237
167.738783	-0.0009560
167.754095	0.0008205
167.769408	-0.0012565
167.784722	0.0017721
167.800036	-0.0015116
167.815351	0.0018501
167.830667	0.0013134
167.845983	0.0006342
167.861300	0.0003638
167.876618	0.0010349
167.891937	-0.0011394
167.907256	0.0002039
167.922576	0.0007274
167.937897	-0.0011508
167.953218	-0.0000890
167.968540	0.0006069
167.983863	0.0014542
167.999186	0.0001348
168.014510	-0.0015029
168.029835	0.0000302
168.045161	0.0001601
168.060487	0.0001502
168.075814	-0.0011691
168.091142	0.0020680
168.106470	-0.0005525
168.121799	-0.0012624
168.137129	-0.0000748
168.152460	-0.0006632
168.167791	0.0001678
168.183123	0.0001357
168.198455	0.0000478
168.213788	-0.0020997
168.229122	-0.0011138
168.244457	0.0005557
168.259793	-0.0000747
168.275129	-0.0009626
168.290466	0.0009410
168.305803	0.0000098
168.321141	0.0020895
168.336480	-0.0008428
168.351820	-0.0001163
168.367160	-0.0008309
168.382501	-0.0008927
168.397843	0.0001613
168.413185	-0.0007264
168.428528	0.0002592
168.443872	0.0005697
168.459217	0.0007859
168.474562	-0.0006602
168.489908	-0.0006227
168.505255	-0.0013316
168.520602	-0.0006440
168.535950	0.0011306
168.551299	-0.0007700
168.566648	0.0005498
168.581998	-0.0020255
168.597349	-0.0010884
168.612701	0.0004515
168.628053	0.0025670
168.643406	-0.0013370
168.658760	0.0011791
168.674114	0.0014793
168.689469	0.0006896
168.704825	-0.0000095
168.720181	-0.0012542
168.735539	-0.0008708
168.750896	0.0007695
168.766255	-0.0018073
168.781614	-0.0006128
168.796974	-0.0001310
168.812335	-0.0004628
168.827696	0.0018636
168.843058	-0.0024088
168.858421	-0.0021077
168.873785	0.0011692
168.889149	0.0005387
168.904514	-0.0013929
168.919880	-0.0022982
168.935246	0.0010315
168.950613	-0.0004885
168.965981	0.0006785
168.981349	0.0002489
168.996718	0.0006857
169.012088	-0.0011151
169.027458	-0.0010222
169.042830	-0.0008686
169.058202	-0.0003427
169.073574	-0.0005790
169.088948	-0.0000802
169.104322	-0.0020391
169.119696	-0.0010186
169.135072	-0.0005099
169.150448	0.0003280
169.165825	-0.0014442
169.181202	0.0005083
169.196581	0.0017821
169.211960	-0.0031914
169.227339	0.0002216
169.242720	0.0004421
169.258101	-0.0002200
169.273482	0.0003057
169.288865	0.0010745
169.304248	-0.0006580
169.319632	0.0013100
169.335016	0.0001566
169.350402	0.0005411
169.365788	-0.0014559
169.381174	0.0000444
169.396562	0.0014478
169.411950	-0.0000318
169.427339	0.0015948
169.442728	0.0008857
169.458118	0.0004040
169.473509	-0.0003836
169.488901	0.0018595
169.504293	-0.0005041
169.519686	0.0000418
169.535080	0.0017268
169.550474	0.0014393
169.565869	0.0011768
169.581265	-0.0001813
169.596662	-0.0009164
169.612059	-0.0001081
169.627457	0.0010035
169.642855	0.0006785
169.658255	-0.0002417
169.673655	0.0006918
169.689055	0.0001958
169.704457	-0.0008741
169.719859	0.0006421
169.735262	0.0007012
169.750665	-0.0005541
169.766070	0.0008721
169.781475	-0.0010259
169.796880	0.0016133
169.812287	0.0004864
169.827694	0.0004301
169.843101	0.0006126
169.858510	0.0014586
169.873919	0.0001398
169.889329	0.0008573
169.904739	0.0008485
169.920151	-0.0008982
169.935563	0.0004239
169.950975	0.0020700
169.966389	-0.0020172
169.981803	-0.0013018
169.997218	0.0000366
170.012633	-0.0006518
170.028049	-0.0020990
170.043466	0.0004512
170.058884	0.0010650
170.074302	0.0013652
170.089721	0.0012305
170.105141	-0.0004152
170.120561	-0.0006761
170.135982	0.0016917
170.151404	0.0008661
170.166826	0.0014385
170.182250	-0.0008252
170.197674	-0.0002441
170.213098	-0.0000684
170.228524	-0.0001331
170.243950	0.0006391
170.259376	-0.0011237
170.274804	-0.0006214
170.290232	0.0005655
170.305661	0.0003026
170.321090	0.0001519
170.336520	0.0005365
170.351951	0.0019575
170.367383	-0.0001079
170.382815	0.0013726
170.398248	-0.0013653
170.413682	-0.0000554
170.429117	-0.0016662
170.444552	0.0002034
170.459988	-0.0010551
170.475424	0.0007447
170.490861	0.0019782
170.506299	0.0007697
170.521738	0.0007689
170.537177	-0.0005398
170.552617	0.0013682
170.568058	-0.0000538
170.583500	-0.0001143
170.598942	-0.0005493
170.614385	0.0011003
170.629828	-0.0011500
170.645272	-0.0002158
170.660717	-0.0001063
170.676163	-0.0008169
170.691610	0.0004787
170.707057	0.0008653
170.722504	0.0002805
170.737953	0.0010319
170.753402	-0.0003976
170.768852	-0.0006653
170.784303	0.0000560
170.799754	0.0013294
170.815206	0.0005546
170.830659	0.0007496
170.846112	0.0006540
170.861566	0.0000922
170.877021	-0.0003870
170.892476	0.0001075
170.907933	0.0004870
170.923390	0.0011894
170.938847	0.0023190
170.954306	-0.0004524
170.969765	0.0006953
170.985224	0.0013761
171.000685	0.0015435
171.016146	-0.0005243
171.031608	0.0001115
171.047070	0.0002293
171.062533	0.0001659
171.077997	-0.0001225
171.093462	-0.0003945
171.108927	0.0002037
171.124393	-0.0005711
171.139860	-0.0009013
171.155328	0.0002426
171.170796	-0.0012302
171.186265	-0.0002559
171.201734	0.0003835
171.217205	-0.0008928
171.232676	0.0016539
171.248147	0.0013944
171.263620	-0.0018463
171.279093	0.0009716
171.294566	0.0003010
171.310041	0.0000690
171.325516	0.0015363
171.340992	-0.0013290
171.356469	0.0002482
171.371946	-0.0011111
171.387424	0.0000923
171.402903	-0.0001241
171.418382	0.0002277
171.433862	-0.0007529
171.449343	0.0009456
171.464824	0.0014027
171.480307	-0.0002155
171.495789	-0.0013871
171.511273	-0.0005857
171.526757	-0.0000884
171.542242	0.0002666
171.557728	-0.0001013
171.573215	0.0002656
171.588702	-0.0002811
171.604189	0.0022352
171.619678	-0.0018429
171.635167	0.0005255
171.650657	0.0002762
171.666148	0.0001840
171.681639	-0.0000680
171.697131	-0.0017225
171.712624	-0.0009408
171.728117	-0.0011363
171.743612	0.0002980
171.759106	-0.0016963
171.774602	-0.0001016
171.790098	0.0007387
171.805595	0.0013875
171.821093	0.0004747
171.836591	-0.0007623
171.852090	-0.0001138
171.867590	0.0002622
171.883090	0.0001220
171.898592	-0.0006808
171.914094	-0.0001793
171.929596	-0.0001034
171.945099	0.0021558
171.960603	-0.0000489
171.976108	0.0001133
171.991613	-0.0009812
172.007120	-0.0027343
172.022626	0.0004397
172.038134	0.0008488
172.053642	-0.0016010
172.069151	-0.0027110
172.084660	-0.0020695
172.100171	-0.0003623
172.115682	-0.0014217
172.131193	-0.0000105
172.146706	-0.0002897
172.162219	-0.0002261
172.177733	0.0009283
172.193247	0.0000784
172.208763	-0.0011727
172.224278	-0.0001012
172.239795	-0.0001206
172.255312	0.0001308
172.270830	-0.0009799
172.286349	-0.0012596
172.301869	-0.0010823
172.317389	0.0004515
172.332910	-0.0000859
172.348431	-0.0027700
172.363953	-0.0010857
172.379476	0.0002543
172.395000	0.0009760
172.410524	-0.0013698
172.426049	0.0003177
172.441575	0.0002676
172.457102	-0.0020875
172.472629	-0.0014606
172.488157	-0.0003951
172.503685	0.0005523
172.519214	-0.0002516
172.534744	0.0002950
172.550275	0.0006465
172.565806	-0.0012696
172.581339	-0.0007222
172.596871	0.0020712
172.612405	0.0004059
172.627939	-0.0005240
172.643474	0.0013177
172.659009	-0.0003559
172.674546	0.0011557
172.690083	-0.0015074
172.705620	0.0002861
172.721159	0.0011449
172.736698	0.0009140
172.752238	-0.0003302
172.767778	0.0022899
172.783320	0.0013992
172.798861	0.0001035
172.814404	-0.0016016
172.829947	-0.0002366
172.845491	-0.0000959
172.861036	-0.0009873
172.876582	-0.0005515
172.892128	-0.0007448
172.907674	0.0016133
172.923222	0.0004941
172.938770	-0.0012742
172.954319	-0.0011949
172.969869	-0.0000442
172.985419	0.0005574
173.000970	-0.0021013
173.016522	0.0023758
173.032074	-0.0008265
173.047628	-0.0002431
173.063181	-0.0002277
173.078736	0.0002571
173.094291	-0.0005593
173.109847	-0.0014397
173.125404	0.0029390
173.140961	0.0012587
173.156519	0.0028953
173.172078	0.0012244
173.187637	0.0004097
173.203198	-0.0010867
173.218759	-0.0005060
173.234320	-0.0013119
173.249882	0.0018361
173.265445	0.0006121
173.281009	-0.0015177
173.296573	-0.0001900
173.312139	0.0000458
173.327704	0.0008394
173.343271	0.0001866
173.358838	0.0006988
173.374406	0.0019752
173.389975	-0.0015680
173.405544	0.0007094
173.421114	0.0003205
173.436685	0.0007280
173.452256	0.0003218
173.467828	-0.0018185
173.483401	0.0009317
173.498974	0.0005714
173.514549	0.0001634
173.530124	0.0020229
173.545699	0.0012414
173.561275	-0.0012701
173.576853	-0.0001543
173.592430	0.0009154
173.608009	-0.0007255
173.623588	0.0010582
173.639168	0.0001875
173.654748	-0.0007019
173.670329	0.0012044
173.685911	0.0008785
173.701494	-0.0008787
173.717077	0.0009712
173.732661	0.0018058
173.748246	0.0011949
173.763832	-0.0003094
173.779418	-0.0008434
173.795005	-0.0000413
173.810592	0.0000934
173.826181	-0.0016646
173.841770	-0.0000310
173.857359	0.0003457
173.872950	-0.0041103
173.888541	-0.0011457
173.904132	-0.0004987
173.919725	-0.0014325
173.935318	-0.0009640
173.950912	-0.0015793
173.966507	-0.0010124
173.982102	0.0002475
173.997698	0.0000804
174.013295	-0.0000859
174.028892	0.0019760
174.044490	-0.0005521
174.060089	0.0011871
174.075688	0.0002083
174.091289	-0.0000180
174.106890	-0.0007888
174.122491	0.0001546
174.138093	0.0003573
174.153696	-0.0018236
174.169300	-0.0000229
174.184905	-0.0009440
174.200510	-0.0000415
174.216116	0.0000802
174.231722	0.0003369
174.247329	0.0010791
174.262937	-0.0002650
174.278546	0.0006636
174.294155	-0.0014184
174.309765	-0.0007875
174.325376	0.0002641
174.340988	0.0003503
174.356600	0.0005362
174.372213	-0.0003749
174.387826	0.0014922
174.403440	-0.0005556
174.419055	-0.0010150
174.434671	-0.0019361
174.450287	-0.0018642
174.465904	0.0030274
174.481522	-0.0007548
174.497141	-0.0001247
174.512760	-0.0004375
174.528380	-0.0004562
174.544000	0.0006190
174.559622	0.0003603
174.575244	0.0004765
174.590866	0.0000412
174.606490	0.0008834
174.622114	-0.0018818
174.637738	0.0003628
174.653364	0.0010970
174.668990	0.0007783
174.684617	-0.0003726
174.700245	-0.0009021
174.715873	-0.0008334
174.731502	-0.0011193
174.747132	0.0004229
174.762762	0.0005346
174.778393	-0.0003818
174.794025	-0.0001175
174.809658	-0.0000678
174.825291	0.0004657
174.840925	-0.0002188
174.856559	-0.0001840
174.872195	-0.0006661
174.887831	-0.0025676
174.903467	-0.0007437
174.919105	-0.0005088
174.934743	0.0014484
174.950382	-0.0010148
174.966021	0.0000389
174.981662	-0.0013991
174.997303	-0.0027350
175.012944	-0.0013032
175.028587	-0.0012687
175.044230	-0.0004077
175.059873	-0.0007445
175.075518	0.0014752
175.091163	0.0006303
175.106809	-0.0008982
175.122456	-0.0005037
175.138103	-0.0018337
175.153751	0.0000096
175.169399	0.0007228
175.185049	0.0010649
175.200699	0.0001468
175.216350	0.0008681
175.232001	0.0003836
175.247653	-0.0005937
175.263306	0.0020567
175.278960	-0.0010655
175.294614	-0.0006004
175.310269	-0.0008583
175.325925	-0.0000698
175.341581	-0.0012641
175.357238	0.0006038
175.372896	0.0008827
175.388555	-0.0004577
175.404214	-0.0003015
175.419874	-0.0007221
175.435534	-0.0000483
175.451196	0.0003663
175.466858	0.0011105
175.482520	-0.0010537
175.498184	-0.0005740
175.513848	0.0003510
175.529513	0.0000527
175.545178	-0.0003383
175.560845	-0.0010971
175.576512	0.0008816
175.592179	-0.0021567
175.607848	0.0008207
175.623517	0.0002895
175.639186	0.0006530
175.654857	-0.0020106
175.670528	-0.0012306
175.686200	0.0006112
175.701872	-0.0003975
175.717546	0.0012591
175.733220	-0.0011221
175.748894	0.0013246
175.764570	-0.0004589
175.780246	0.0018363
175.795922	0.0002431
175.811600	-0.0007252
175.827278	0.0001740
175.842957	0.0000281
175.858637	-0.0019446
175.874317	-0.0003104
175.889998	0.0010776
175.905680	0.0001612
175.921362	0.0005444
175.937045	-0.0001390
175.952729	-0.0000925
175.968413	0.0012588
175.984098	0.0007477
175.999784	-0.0008669
176.015471	-0.0017077
176.031158	0.0002653
176.046846	0.0005757
176.062535	0.0012422
176.078224	-0.0011442
176.093915	0.0021672
176.109605	-0.0010844
176.125297	0.0005593
176.140989	-0.0004908
176.156682	-0.0011610
176.172376	-0.0001663
176.188070	-0.0002083
176.203765	-0.0003731
176.219461	0.0011796
176.235157	0.0005304
176.250854	0.0007763
176.266552	-0.0005803
176.282251	0.0003714
176.297950	0.0002038
176.313650	0.0021259
176.329351	-0.0000518
176.345052	-0.0030972
176.360754	0.0004147
176.376457	0.0000763
176.392160	-0.0006763
176.407864	-0.0000768
176.423569	0.0008823
176.439275	-0.0001314
176.454981	0.0011367
176.470688	-0.0004751
176.486396	-0.0012800
176.502104	0.0001102
176.517813	-0.0010080
176.533523	0.0003754
176.549234	-0.0008871
176.564945	0.0023187
176.580657	-0.0009282
176.596369	-0.0000814
176.612082	-0.0004838
176.627796	-0.0001800
176.643511	0.0006891
176.659227	-0.0011270
176.674943	-0.0005920
176.690660	0.0008948
176.706377	-0.0008289
176.722095	-0.0009437
176.737814	-0.0014073
176.753534	-0.0002477
176.769254	-0.0013200
176.784975	-0.0003018
176.800697	0.0017002
176.816419	0.0006605
176.832142	0.0009584
176.847866	0.0005193
176.863591	-0.0002950
176.879316	-0.0005841
176.895042	0.0006131
176.910769	-0.0002432
176.926496	-0.0000118
176.942224	0.0016039
176.957953	0.0004840
176.973682	-0.0000155
176.989412	-0.0002773
177.005143	0.0000979
177.020875	0.0006676
177.036607	0.0017197
177.052340	0.0004377
177.068074	-0.0006997
177.083808	0.0016475
177.099543	-0.0001075
177.115279	-0.0014309
177.131015	-0.0003617
177.146752	0.0010734
177.162490	0.0003323
177.178229	0.0012817
177.193968	0.0002823
177.209708	0.0008165
177.225449	0.0018836
177.241190	0.0012435
177.256932	-0.0005309
177.272675	0.0005320
177.288419	-0.0007609
177.304163	-0.0001825
177.319908	-0.0004341
177.335653	-0.0010013
177.351400	-0.0001684
177.367147	-0.0001038
177.382894	-0.0010418
177.398643	0.0017164
177.414392	0.0003099
177.430142	0.0012001
177.445892	0.0000030
177.461644	0.0028136
177.477396	0.0007856
177.493148	0.0030355
177.508901	0.0011591
177.524656	0.0006069
177.540410	-0.0009082
177.556166	0.0000385
177.571922	0.0002108
177.587679	0.0008374
177.603436	0.0020033
177.619194	-0.0005188
177.634953	-0.0001408
177.650713	-0.0005598
177.666473	0.0007931
177.682234	0.0002148
177.697996	0.0008772
177.713759	-0.0013455
177.729522	-0.0000734
177.745286	-0.0005250
177.761050	0.0015157
177.776816	-0.0009357
177.792582	-0.0003778
177.808348	-0.0022903
177.824116	0.0004981
177.839884	-0.0007230
177.855653	-0.0000981
177.871422	-0.0007673
177.887192	0.0008260
177.902963	-0.0013874
177.918735	0.0001628
177.934507	0.0004303
177.950280	0.0001214
177.966054	0.0004167
177.981828	-0.0010940
177.997603	-0.0020623
178.013379	-0.0016328
178.029156	0.0012425
178.044933	0.0008182
178.060711	-0.0001222
178.076489	0.0003067
178.092269	0.0007434
178.108049	-0.0001623
178.123829	-0.0025636
178.139611	-0.0013453
178.155393	0.0002075
178.171176	0.0013521
178.186959	-0.0007241
178.202744	-0.0003936
178.218528	-0.0005636
178.234314	0.0000828
178.250100	0.0012740
178.265888	-0.0005739
178.281675	-0.0005342
178.297464	-0.0001025
178.313253	0.0005145
178.329043	-0.0000656
178.344833	-0.0007780
178.360625	-0.0010517
178.376417	-0.0010113
178.392209	0.0008387
178.408003	-0.0010996
178.423797	0.0017805
178.439591	0.0016244
178.455387	-0.0005182
178.471183	0.0004658
178.486980	-0.0009912
178.502778	0.0007895
178.518576	-0.0009083
178.534375	-0.0009096
178.550174	-0.0010816
178.565975	0.0016063
178.581776	-0.0004818
178.597578	-0.0007193
178.613380	0.0015540
178.629183	-0.0012842
178.644987	-0.0000498
178.660792	-0.0005672
178.676597	-0.0006676
178.692403	-0.0005044
178.708210	0.0002546
178.724017	-0.0007852
178.739826	-0.0004192
178.755634	0.0003891
178.771444	0.0005239
178.787254	0.0008444
178.803065	-0.0000290
178.818877	-0.0009035
178.834689	-0.0013917
178.850502	0.0009439
178.866316	-0.0010209
178.882130	0.0021894
178.897945	0.0024773
178.913761	0.0008334
178.929578	0.0030468
178.945395	0.0096430
178.961213	0.0171595
178.977032	0.0296839
178.992851	0.0565405
179.008671	0.0862513
179.024492	0.1291363
179.040313	0.1771288
179.056136	0.2244446
179.071958	0.2669963
179.087782	0.2927041
179.103606	0.2999422
179.119431	0.2847876
179.135257	0.2504673
179.151083	0.2096743
179.166910	0.1680833
179.182738	0.1297908
179.198567	0.1047824
179.214396	0.0947992
179.230226	0.0985298
179.246056	0.1118433
179.261888	0.1262868
179.277720	0.1432494
179.293552	0.1488016
179.309386	0.1496355
179.325220	0.1375364
179.341055	0.1181594
179.356890	0.0927548
179.372726	0.0696602
179.388563	0.0460048
179.404401	0.0316724
179.420239	0.0159068
179.436078	0.0087602
179.451918	0.0052212
179.467758	0.0009248
179.483600	0.0013594
179.499441	-0.0006354
179.515284	-0.0016900
179.531127	-0.0010687
179.546971	0.0017825
179.562816	-0.0001554
179.578661	-0.0001305
179.594507	-0.0007347
179.610354	0.0004751
179.626201	0.0013494
179.642050	0.0007431
179.657898	0.0027080
179.673748	-0.0007045
179.689598	0.0006777
179.705449	-0.0008124
179.721301	-0.0015906
179.737153	0.0014034
179.753006	-0.0011258
179.768860	0.0002265
179.784715	-0.0012292
179.800570	0.0000323
179.816426	0.0008025
179.832282	-0.0021914
179.848140	-0.0001606
179.863997	-0.0014285
179.879856	0.0002604
179.895716	-0.0009830
179.911576	-0.0012510
179.927436	0.0003653
179.943298	0.0007369
179.959160	-0.0006828
179.975023	-0.0007373
179.990887	-0.0000260
180.006751	-0.0002901
180.022616	-0.0015570
180.038482	0.0002401
180.054348	-0.0006132
180.070215	0.0011960
180.086083	-0.0015991
180.101952	0.0007581
180.117821	0.0021325
180.133691	0.0013622
180.149561	0.0015309
180.165433	-0.0006735
180.181305	-0.0006449
180.197178	0.0021383
180.213051	0.0004285
180.228925	-0.0001472
180.244800	-0.0006560
180.260676	0.0014229
180.276552	-0.0009390
180.292429	0.0022734
180.308306	0.0010418
180.324185	0.0003341
180.340064	0.0009014
180.355944	0.0005575
180.371824	0.0000822
180.387705	0.0008221
180.403587	0.0003518
180.419470	0.0013958
180.435353	0.0022914
180.451237	0.0011119
180.467122	-0.0009378
180.483007	-0.0006461
180.498893	0.0001294
180.514780	0.0015063
180.530667	0.0002552
180.546556	0.0000258
180.562444	0.0007619
180.578334	-0.0000343
180.594224	0.0016633
180.610115	-0.0000919
180.626007	0.0010786
180.641900	0.0003585
180.657793	-0.0004425
180.673686	0.0005901
180.689581	-0.0013848
180.705476	-0.0013372
180.721372	0.0013995
180.737269	0.0008258
180.753166	-0.0003115
180.769064	-0.0005208
180.784963	0.0006881
180.800862	0.0004147
180.816762	-0.0002140
180.832663	-0.0003134
180.848565	0.0014622
180.864467	0.0003630
180.880370	-0.0006130
180.896274	-0.0003490
180.912178	-0.0029982
180.928083	-0.0010805
180.943989	0.0009318
180.959895	-0.0014030
180.975802	0.0012047
180.991710	-0.0012630
181.007619	-0.0004980
181.023528	0.0005769
181.039438	-0.0007403
181.055349	-0.0001187
181.071260	0.0028060
181.087172	-0.0004704
181.103085	0.0005841
181.118998	-0.0002366
181.134913	-0.0003967
181.150827	0.0005479
181.166743	0.0002708
181.182659	0.0020055
181.198576	0.0030699
181.214494	-0.0002325
181.230412	0.0014140
181.246332	0.0016459
181.262251	-0.0018297
181.278172	-0.0003881
181.294093	0.0014621
181.310015	0.0000849
181.325938	0.0008804
181.341861	0.0007212
181.357785	-0.0000253
181.373710	-0.0004722
181.389635	-0.0008943
181.405561	0.0003910
181.421488	-0.0002767
181.437415	-0.0006815
181.453344	0.0001042
181.469273	-0.0004869
181.485202	0.0001606
181.501133	0.0021310
181.517064	-0.0003043
181.532995	-0.0005511
181.548928	-0.0002789
181.564861	-0.0000604
181.580795	-0.0008235
181.596729	0.0021165
181.612665	0.0012602
181.628601	-0.0027016
181.644537	-0.0014774
181.660475	-0.0012558
181.676413	0.0002620
181.692351	-0.0000031
181.708291	-0.0004439
181.724231	-0.0011461
181.740172	0.0003762
181.756114	-0.0019795
181.772056	0.0000227
181.787999	0.0012573
181.803943	-0.0005238
181.819887	-0.0001523
181.835832	0.0001861
181.851778	-0.0008908
181.867724	-0.0002285
181.883671	0.0007594
181.899619	0.0006079
181.915568	-0.0002040
181.931517	-0.0006440
181.947467	-0.0011584
181.963418	0.0007800
181.979369	0.0022064
181.995322	0.0001853
182.011274	0.0016207
182.027228	0.0009101
182.043182	-0.0000630
182.059137	0.0004941
182.075093	-0.0004122
182.091049	0.0007309
182.107006	0.0011357
182.122964	0.0004882
182.138922	0.0009397
182.154881	0.0000831
182.170841	0.0007398
182.186802	-0.0024632
182.202763	0.0002859
182.218725	0.0003436
182.234688	-0.0002421
182.250651	0.0024264
182.266615	-0.0007934
182.282580	-0.0009659
182.298545	-0.0005280
182.314511	-0.0010098
182.330478	-0.0000700
182.346446	-0.0017852
182.362414	0.0009472
182.378383	0.0000993
182.394353	-0.0000779
182.410323	0.0000355
182.426294	0.0004857
182.442266	-0.0004552
182.458238	-0.0010973
182.474212	-0.0011473
182.490185	0.0005263
182.506160	0.0002816
182.522135	0.0000420
182.538111	-0.0005330
182.554088	0.0007703
182.570065	0.0002992
182.586043	-0.0004441
182.602022	0.0009961
182.618002	-0.0002509
182.633982	-0.0007239
182.649963	-0.0002321
182.665945	-0.0002789
182.681927	0.0001271
182.697910	0.0020173
182.713894	-0.0010872
182.729878	0.0007250
182.745863	0.0001388
182.761849	0.0014574
182.777835	-0.0011811
182.793823	0.0006324
182.809811	0.0008939
182.825799	-0.0002007
182.841789	-0.0005641
182.857779	0.0003207
182.873769	-0.0009022
182.889761	-0.0001709
182.905753	-0.0008456
182.921746	-0.0012224
182.937739	-0.0000286
182.953734	-0.0006950
182.969729	-0.0013155
182.985724	0.0010706
183.001721	-0.0000710
183.017718	-0.0025658
183.033716	0.0005160
183.049714	-0.0001187
183.065713	0.0004502
183.081713	0.0015053
183.097714	-0.0005599
183.113715	-0.0003616
183.129717	0.0018009
183.145720	0.0022732
183.161723	-0.0000531
183.177727	-0.0008573
183.193732	-0.0010644
183.209737	0.0008217
183.225744	-0.0007419
183.241750	-0.0003524
183.257758	0.0002607
183.273766	0.0001138
183.289775	-0.0007671
183.305785	0.0002655
183.321795	-0.0009793
183.337807	-0.0005471
183.353818	-0.0008751
183.369831	-0.0000484
183.385844	-0.0002129
183.401858	0.0003396
183.417873	-0.0013095
183.433888	-0.0000602
183.449904	0.0011783
183.465921	0.0015034
183.481938	-0.0020091
183.497956	-0.0003147
183.513975	0.0008010
183.529995	-0.0010396
183.546015	-0.0015283
183.562036	-0.0015747
183.578058	-0.0002019
183.594080	-0.0001010
183.610103	-0.0021822
183.626127	0.0000482
183.642151	0.0004554
183.658176	-0.0000536
183.674202	0.0003348
183.690229	-0.0018522
183.706256	-0.0023237
183.722284	0.0011492
183.738313	0.0000033
183.754342	-0.0000874
183.770372	0.0018393
183.786403	-0.0007986
183.802434	0.0003381
183.818467	0.0002234
183.834500	-0.0004680
183.850533	-0.0015495
183.866567	-0.0007203
183.882602	0.0008871
183.898638	0.0001902
183.914674	-0.0010910
183.930712	0.0007370
183.946749	-0.0019533
183.962788	0.0013644
183.978827	0.0002037
183.994867	0.0010101
184.010908	-0.0000143
184.026949	0.0028030
184.042991	-0.0013722
184.059034	0.0001510
184.075077	-0.0001012
184.091121	0.0019686
184.107166	0.0001324
184.123212	0.0002000
184.139258	-0.0000486
184.155305	0.0009181
184.171352	-0.0006060
184.187401	-0.0001344
184.203450	0.0008836
184.219500	0.0010641
184.235550	0.0003047
184.251601	-0.0004046
184.267653	-0.0015169
184.283706	0.0013279
184.299759	-0.0011603
184.315813	0.0012017
184.331867	-0.0016454
184.347923	-0.0002089
184.363979	-0.0008495
184.380036	0.0001799
184.396093	-0.0001635
184.412151	-0.0004631
184.428210	0.0016108
184.444270	-0.0017481
184.460330	0.0000783
184.476391	-0.0012785
184.492453	0.0008592
184.508515	-0.0007323
184.524578	-0.0001753
184.540642	0.0014944
184.556706	0.0004189
184.572772	0.0002629
184.588838	-0.0003438
184.604904	-0.0019713
184.620971	0.0003139
184.637040	0.0001585
184.653108	-0.0010001
184.669178	0.0011886
184.685248	0.0003814
184.701319	0.0019953
184.717390	0.0012308
184.733462	0.0012210
184.749535	0.0000054
184.765609	-0.0018950
184.781683	-0.0002975
184.797758	0.0012793
184.813834	-0.0005869
184.829910	-0.0013933
184.845988	0.0006273
184.862065	0.0000821
184.878144	0.0004371
184.894223	-0.0017149
184.910303	0.0014568
184.926384	-0.0005942
184.942465	-0.0009809
184.958547	0.0007614
184.974630	-0.0010454
184.990713	0.0008370
185.006798	0.0006341
185.022882	-0.0016471
185.038968	0.0000940
185.055054	0.0005160
185.071141	-0.0010923
185.087229	0.0006997
185.103317	-0.0006796
185.119406	0.0006146
185.135496	-0.0014799
185.151587	0.0005103
185.167678	-0.0004201
185.183770	0.0001507
185.199862	0.0001915
185.215956	0.0001482
185.232050	-0.0004394
185.248144	-0.0009997
185.264240	0.0025833
185.280336	0.0012855
185.296433	-0.0008484
185.312530	0.0014259
185.328628	-0.0011791
185.344727	0.0009126
185.360827	0.0010638
185.376927	-0.0013824
185.393028	-0.0000520
185.409130	0.0011784
185.425232	-0.0008665
185.441335	-0.0002847
185.457439	-0.0001141
185.473544	0.0012852
185.489649	-0.0002069
185.505755	0.0009672
185.521862	0.0013796
185.537969	-0.0000003
185.554077	0.0021436
185.570186	0.0016015
185.586295	0.0015338
185.602405	0.0010291
185.618516	-0.0009185
185.634628	0.0008073
185.650740	-0.0002000
185.666853	-0.0013224
185.682967	0.0008880
185.699081	0.0007315
185.715196	0.0007377
185.731312	-0.0011847
185.747428	0.0018620
185.763546	0.0001927
185.779663	0.0018950
185.795782	0.0013687
185.811901	-0.0008607
185.828021	0.0004400
185.844142	0.0018550
185.860263	-0.0009454
185.876385	-0.0018784
185.892508	-0.0004839
185.908632	-0.0009504
185.924756	-0.0006943
185.940881	0.0006124
185.957006	-0.0001616
185.973133	0.0006899
185.989260	0.0001294
186.005388	-0.0002669
186.021516	-0.0001078
186.037645	-0.0001457
186.053775	0.0025476
186.069905	0.0003134
186.086037	-0.0007422
186.102169	-0.0017820
186.118301	0.0010538
186.134435	-0.0018435
186.150569	-0.0011384
186.166703	-0.0006151
186.182839	0.0001005
186.198975	-0.0016238
186.215112	0.0015330
186.231249	0.0001647
186.247388	0.0006185
186.263526	-0.0011164
186.279666	0.0000637
186.295806	0.0006485
186.311948	-0.0002427
186.328089	-0.0007973
186.344232	0.0000339
186.360375	-0.0009864
186.376519	-0.0022622
186.392663	0.0009153
186.408809	0.0006192
186.424955	-0.0000820
186.441101	-0.0006626
186.457249	0.0005280
186.473397	-0.0013011
186.489546	-0.0007977
186.505695	-0.0015864
186.521845	0.0000817
186.537996	-0.0004130
186.554148	0.0020924
186.570300	-0.0011062
186.586453	0.0008084
186.602607	-0.0002997
186.618761	-0.0007059
186.634916	-0.0014279
186.651072	0.0014468
186.667229	-0.0018718
186.683386	0.0011922
186.699544	-0.0004807
186.715702	0.0000205
186.731862	0.0006457
186.748022	0.0017372
186.764182	-0.0002152
186.780344	0.0011206
186.796506	0.0006383
186.812669	0.0002255
186.828832	-0.0001030
186.844996	-0.0003899
186.861161	0.0012932
186.877327	0.0001209
186.893493	-0.0000709
186.909660	0.0001343
186.925828	-0.0007295
186.941997	-0.0000577
186.958166	0.0004292
186.974336	0.0001351
186.990506	-0.0001887
187.006678	-0.0008879
187.022849	0.0010123
187.039022	0.0014739
187.055196	-0.0010484
187.071370	-0.0008430
187.087544	0.0008294
187.103720	0.0010345
187.119896	-0.0009588
187.136073	-0.0013784
187.152250	-0.0006872
187.168429	-0.0008826
187.184608	0.0011500
187.200787	0.0006289
187.216968	-0.0019940
187.233149	-0.0009695
187.249331	-0.0020699
187.265513	0.0009615
187.281696	-0.0004062
187.297880	-0.0002996
187.314065	-0.0023462
187.330250	-0.0002438
187.346436	0.0008306
187.362623	0.0007535
187.378810	0.0019135
187.394998	0.0022620
187.411187	-0.0001511
187.427377	-0.0000747
187.443567	-0.0015313
187.459758	0.0014131
187.475950	0.0009982
187.492142	0.0007044
187.508335	-0.0014269
187.524529	0.0021639
187.540723	0.0005484
187.556918	-0.0003868
187.573114	0.0021061
187.589311	-0.0004549
187.605508	0.0005371
187.621706	0.0000060
187.637905	-0.0007506
187.654104	0.0003485
187.670304	-0.0004519
187.686505	0.0004565
187.702706	0.0010279
187.718908	0.0008179
187.735111	-0.0000185
187.751315	0.0010913
187.767519	0.0003225
187.783724	0.0000788
187.799930	-0.0008665
187.816136	-0.0009355
187.832343	0.0001890
187.848551	-0.0003665
187.864760	-0.0008088
187.880969	0.0001188
187.897179	-0.0004102
187.913389	-0.0002497
187.929600	0.0007231
187.945812	0.0008860
187.962025	-0.0000628
187.978239	-0.0005968
187.994453	-0.0017601
188.010668	-0.0026223
188.026883	0.0002821
188.043099	0.0003866
188.059316	0.0008444
188.075534	-0.0004453
188.091752	0.0009343
188.107971	0.0006962
188.124191	0.0012283
188.140411	-0.0006810
188.156632	-0.0005818
188.172854	0.0006158
188.189077	-0.0020484
188.205300	-0.0000216
188.221524	-0.0010566
188.237749	0.0006039
188.253974	0.0013564
188.270200	-0.0016942
188.286427	0.0003828
188.302654	-0.0004584
188.318882	0.0011640
188.335111	0.0010574
188.351341	0.0006401
188.367571	-0.0000000
188.383802	0.0024859
188.400034	0.0001323
188.416266	-0.0003292
188.432499	0.0026870
188.448733	-0.0001125
188.464967	-0.0012073
188.481203	-0.0006805
188.497438	-0.0006064
188.513675	-0.0014597
188.529912	-0.0001283
188.546150	-0.0001900
188.562389	-0.0025154
188.578628	0.0002351
188.594868	-0.0004857
188.611109	-0.0009962
188.627351	0.0012072
188.643593	-0.0003865
188.659836	0.0010074
188.676080	-0.0021759
188.692324	-0.0004467
188.708569	0.0010287
188.724815	0.0001509
188.741061	0.0006353
188.757308	0.0019172
188.773556	0.0009522
188.789804	0.0002186
188.806054	-0.0008223
188.822304	0.0000994
188.838554	0.0015537
188.854806	-0.0008419
188.871058	0.0000895
188.887310	0.0001753
188.903564	0.0005469
188.919818	-0.0003856
188.936073	0.0000455
188.952328	-0.0006947
188.968585	-0.0006844
188.984842	0.0015479
189.001099	0.0009942
189.017358	0.0011054
189.033617	0.0012680
189.049876	-0.0004635
189.066137	-0.0017974
189.082398	-0.0005996
189.098660	0.0006128
189.114922	-0.0002978
189.131186	-0.0014644
189.147450	0.0003080
189.163714	-0.0011418
189.179980	0.0000723
189.196246	0.0002939
189.212513	-0.0000379
189.228780	-0.0004228
189.245048	0.0007807
189.261317	-0.0007285
189.277587	-0.0000489
189.293857	-0.0014689
189.310128	-0.0013758
189.326400	0.0023233
189.342672	-0.0021396
189.358945	0.0013727
189.375219	0.0013693
189.391494	-0.0011065
189.407769	-0.0006064
189.424045	-0.0013045
189.440321	-0.0007526
189.456599	-0.0008315
189.472877	-0.0003243
189.489156	0.0001244
189.505435	0.0008250
189.521715	-0.0011967
189.537996	-0.0032040
189.554277	-0.0002278
189.570560	-0.0014462
189.586843	-0.0010140
189.603126	0.0019692
189.619411	0.0015891
189.635696	-0.0011254
189.651981	0.0001972
189.668268	-0.0005653
189.684555	-0.0017203
189.700843	-0.0000785
189.717131	0.0012927
189.733421	-0.0005707
189.749711	0.0005532
189.766001	-0.0007978
189.782293	-0.0005187
189.798585	0.0007212
189.814878	0.0005556
189.831171	0.0005824
189.847465	0.0000714
189.863760	-0.0016043
189.880056	-0.0006588
189.896352	-0.0003447
189.912649	-0.0002409
189.928947	0.0015961
189.945245	-0.0003928
189.961544	0.0000955
189.977844	0.0010130
189.994144	0.0004364
190.010446	0.0009395
190.026748	-0.0004896
190.043050	0.0006401
190.059354	-0.0011806
190.075658	0.0003413
190.091962	-0.0008935
190.108268	-0.0014418
190.124574	-0.0005797
190.140881	-0.0001845
190.157188	-0.0009923
190.173496	-0.0021255
190.189805	0.0004045
190.206115	0.0000199
190.222425	0.0001715
190.238736	-0.0021499
190.255048	0.0001697
190.271361	0.0012169
190.287674	0.0000984
190.303988	0.0008629
190.320302	0.0004532
190.336617	-0.0007512
190.352933	0.0007033
190.369250	0.0009506
190.385567	0.0005086
190.401885	0.0014385
190.418204	0.0014594
190.434524	0.0016075
190.450844	-0.0003315
190.467165	-0.0006499
190.483486	0.0033993
190.499808	0.0014616
190.516131	-0.0020056
190.532455	0.0001184
190.548780	-0.0012181
190.565105	-0.0003828
190.581430	-0.0001651
190.597757	0.0003915
190.614084	0.0002978
190.630412	-0.0000176
190.646741	0.0006767
190.663070	-0.0008177
190.679400	-0.0004646
190.695731	-0.0010018
190.712062	-0.0007013
190.728394	0.0008446
190.744727	0.0001795
190.761060	-0.0007809
190.777395	0.0017048
190.793730	0.0016176
190.810065	0.0022193
190.826402	0.0006219
190.842739	-0.0003179
190.859076	0.0009945
190.875415	-0.0020330
190.891754	0.0011655
190.908094	-0.0010247
190.924434	0.0014236
190.940775	0.0009909
190.957117	0.0002369
190.973460	0.0010372
190.989803	-0.0002084
191.006147	-0.0008524
191.022492	0.0004770
191.038838	-0.0003064
191.055184	0.0026597
191.071531	-0.0001669
191.087878	-0.0016019
191.104227	-0.0016248
191.120576	-0.0001392
191.136925	0.0006008
191.153276	-0.0003254
191.169627	-0.0002138
191.185978	-0.0007952
191.202331	-0.0003940
191.218684	-0.0005456
191.235038	0.0016519
191.251393	-0.0011978
191.267748	0.0002120
191.284104	-0.0003982
191.300461	0.0013499
191.316818	0.0020762
191.333176	-0.0004425
191.349535	0.0002404
191.365894	0.0009920
191.382255	0.0004442
191.398615	0.0006597
191.414977	0.0004444
191.431339	-0.0007710
191.447702	0.0006314
191.464066	-0.0002682
191.480431	0.0002210
191.496796	0.0009668
191.513161	0.0008580
191.529528	-0.0007774
191.545895	0.0018413
191.562263	-0.0002773
191.578632	-0.0001281
191.595001	-0.0011093
191.611371	-0.0004620
191.627742	-0.0008430
191.644113	0.0002527
191.660486	-0.0007050
191.676858	0.0005437
191.693232	-0.0003558
191.709606	-0.0000188
191.725981	-0.0004760
191.742357	-0.0015034
191.758733	-0.0003151
191.775110	-0.0002932
191.791488	0.0001929
191.807866	0.0007171
191.824246	0.0012050
191.840626	0.0022113
191.857006	0.0000939
191.873387	0.0007303
191.889769	-0.0011365
191.906152	-0.0002188
191.922535	-0.0010828
191.938920	-0.0018389
191.955304	0.0007978
191.971690	-0.0009490
191.988076	-0.0017884
192.004463	0.0003373
192.020850	0.0015108
192.037239	-0.0011239
192.053628	0.0018667
192.070017	-0.0007114
192.086408	0.0005277
192.102799	-0.0000325
192.119191	0.0016541
192.135583	0.0002307
192.151977	-0.0003133
192.168370	0.0014773
192.184765	-0.0006310
192.201160	-0.0011437
192.217556	0.0014605
192.233953	-0.0009470
192.250351	0.0006987
192.266749	0.0021697
192.283148	0.0008873
192.299547	-0.0000110
192.315947	-0.0015494
192.332348	0.0005763
192.348750	-0.0006641
192.365152	0.0000756
192.381555	-0.0012379
192.397959	0.0003803
192.414364	0.0008841
192.430769	-0.0004601
192.447175	0.0008948
192.463581	-0.0005755
192.479988	-0.0012707
192.496396	-0.0000641
192.512805	-0.0010612
192.529214	0.0010601
192.545625	0.0002341
192.562035	0.0000383
192.578447	-0.0003324
192.594859	0.0004546
192.611272	-0.0007139
192.627685	-0.0010763
192.644100	-0.0000393
192.660515	0.0004333
192.676930	0.0004108
192.693347	0.0001191
192.709764	-0.0012157
192.726182	-0.0003221
192.742600	0.0007565
192.759020	-0.0000948
192.775439	-0.0000259
192.791860	0.0007502
192.808281	0.0001248
192.824703	0.0011144
192.841126	-0.0002523
192.857550	0.0006322
192.873974	0.0011150
192.890398	0.0003271
192.906824	-0.0001683
192.923250	-0.0007669
192.939677	-0.0010060
192.956105	0.0007112
192.972533	-0.0002252
192.988962	-0.0003033
193.005392	-0.0013070
193.021822	0.0005575
193.038254	0.0008006
193.054685	-0.0006203
193.071118	0.0004532
193.087551	-0.0005479
193.103985	0.0003549
193.120420	0.0008842
193.136855	0.0004860
193.153291	0.0004817
193.169728	0.0003312
193.186165	-0.0009949
193.202604	0.0002640
193.219043	-0.0006489
193.235482	0.0001767
193.251922	-0.0000688
193.268363	-0.0001692
193.284805	0.0009632
193.301247	0.0022489
193.317691	-0.0013520
193.334134	0.0005481
193.350579	0.0001199
193.367024	0.0009042
193.383470	0.0012666
193.399917	0.0001591
193.416364	0.0011443
193.432812	0.0013279
193.449261	0.0000223
193.465710	-0.0000487
193.482160	-0.0003115
193.498611	0.0014697
193.515062	0.0000433
193.531515	-0.0009050
193.547968	-0.0010492
193.564421	0.0004926
193.580876	0.0009837
193.597331	-0.0006566
193.613786	0.0005839
193.630243	0.0013017
193.646700	-0.0004029
193.663158	0.0007222
193.679616	0.0023947
193.696075	-0.0012267
193.712535	0.0013800
193.728996	-0.0005264
193.745457	0.0008587
193.761919	0.0016054
193.778382	0.0018698
193.794846	-0.0003781
193.811310	-0.0008226
193.827775	0.0005434
193.844240	-0.0018865
193.860707	0.0001988
193.877174	0.0007419
193.893641	0.0010783
193.910110	-0.0005401
193.926579	0.0015419
193.943048	0.0004065
193.959519	-0.0001299
193.975990	-0.0020937
193.992462	-0.0011743
194.008935	0.0007990
194.025408	0.0011437
194.041882	-0.0008293
194.058357	-0.0002117
194.074832	-0.0009060
194.091308	-0.0004122
194.107785	0.0008091
194.124262	-0.0004725
194.140741	-0.0000052
194.157220	0.0017194
194.173699	-0.0013171
194.190179	-0.0003098
194.206660	0.0024565
194.223142	-0.0000668
194.239625	-0.0014601
194.256108	-0.0002604
194.272592	-0.0001069
194.289076	-0.0004100
194.305561	0.0018223
194.322047	-0.0005595
194.338534	-0.0007007
194.355021	0.0008258
194.371509	0.0003970
194.387998	0.0004180
194.404488	-0.0011051
194.420978	0.0018104
194.437469	0.0001474
194.453960	-0.0006968
194.470452	0.0005478
194.486945	0.0007526
194.503439	0.0010727
194.519933	-0.0018667
194.536428	-0.0017874
194.552924	-0.0004137
194.569421	0.0006689
194.585918	0.0011172
194.602416	-0.0003473
194.618914	-0.0005743
194.635414	0.0003017
194.651914	0.0013488
194.668414	0.0015765
194.684916	0.0015297
194.701418	-0.0010319
194.717920	0.0008892
194.734424	0.0001155
194.750928	0.0013720
194.767433	0.0013953
194.783939	0.0024005
194.800445	-0.0013324
194.816952	-0.0005253
194.833460	-0.0008280
194.849968	0.0015675
194.866477	-0.0000463
194.882987	-0.0016690
194.899498	-0.0000070
194.916009	-0.0004380
194.932521	-0.0010689
194.949033	0.0015837
194.965547	-0.0001486
194.982061	0.0013129
194.998575	0.0013173
195.015091	0.0001611
195.031607	0.0014658
195.048124	0.0011933
195.064641	0.0006197
195.081160	-0.0007743
195.097679	-0.0006662
195.114198	-0.0010725
195.130719	-0.0012549
195.147240	0.0004191
195.163761	-0.0009649
195.180284	0.0023947
195.196807	-0.0001257
195.213331	-0.0003888
195.229855	-0.0012178
195.246381	0.0001974
195.262907	-0.0006360
195.279433	-0.0016642
195.295961	-0.0014202
195.312489	-0.0006198
195.329018	0.0005715
195.345547	-0.0005485
195.362077	0.0001152
195.378608	0.0005188
195.395140	0.0010875
195.411672	-0.0005076
195.428205	0.0018487
195.444739	-0.0002509
195.461273	0.0005650
195.477808	0.0001249
195.494344	0.0003793
195.510881	0.0008203
195.527418	0.0009173
195.543956	-0.0009722
195.560494	-0.0020782
195.577034	-0.0006318
195.593574	-0.0015758
195.610114	-0.0007408
195.626656	-0.0003118
195.643198	-0.0001464
195.659741	0.0002089
195.676284	0.0010325
195.692829	0.0001524
195.709374	0.0002458
195.725919	0.0009664
195.742466	-0.0003609
195.759013	0.0000054
195.775560	-0.0015445
195.792109	0.0008435
195.808658	-0.0004131
195.825208	-0.0003549
195.841758	-0.0000859
195.858310	0.0006046
195.874862	0.0004350
195.891414	0.0006327
195.907968	-0.0004094
195.924522	-0.0012238
195.941076	-0.0000020
195.957632	-0.0008091
195.974188	0.0013857
195.990745	-0.0008766
196.007303	-0.0008053
196.023861	0.0014916
196.040420	-0.0003171
196.056980	-0.0001051
196.073540	0.0010112
196.090101	-0.0005271
196.106663	0.0004247
196.123225	0.0007340
196.139788	-0.0001904
196.156352	0.0008400
196.172917	0.0012656
196.189482	-0.0008895
196.206048	-0.0008624
196.222615	0.0015046
196.239182	-0.0005353
196.255751	0.0002315
196.272319	-0.0000815
196.288889	-0.0002862
196.305459	0.0014186
196.322030	-0.0013816
196.338602	0.0002205
196.355174	-0.0007939
196.371747	0.0003899
196.388321	-0.0003585
196.404895	0.0005380
196.421470	-0.0001181
196.438046	-0.0004902
196.454623	-0.0008619
196.471200	0.0007037
196.487778	-0.0012773
196.504357	0.0005156
196.520936	-0.0008148
196.537516	0.0030040
196.554097	-0.0006416
196.570678	0.0010913
196.587260	-0.0005930
196.603843	0.0002891
196.620427	-0.0007088
196.637011	0.0009238
196.653596	-0.0005046
196.670182	-0.0012080
196.686768	0.0007797
196.703355	0.0000452
196.719943	-0.0006368
196.736532	-0.0009065
196.753121	-0.0005256
196.769711	0.0002038
196.786301	0.0001428
196.802892	0.0015251
196.819484	0.0004973
196.836077	0.0003045
196.852671	0.0016074
196.869265	0.0005049
196.885860	0.0010441
196.902455	-0.0007354
196.919051	0.0005700
196.935648	-0.0013682
196.952246	-0.0023246
196.968844	0.0006332
196.985443	0.0003345
197.002043	-0.0005831
197.018643	-0.0007419
197.035244	-0.0000828
197.051846	-0.0025297
197.068449	-0.0008222
197.085052	0.0005436
197.101656	0.0003413
197.118261	-0.0005272
197.134866	-0.0005007
197.151472	-0.0007708
197.168079	-0.0011872
197.184686	0.0007352
197.201294	0.0002027
197.217903	0.0000467
197.234513	-0.0001122
197.251123	-0.0003002
197.267734	-0.0002419
197.284346	-0.0006102
197.300958	0.0002505
197.317571	0.0002777
197.334185	-0.0029537
197.350799	0.0010043
197.367414	0.0005626
197.384030	-0.0000599
197.400647	0.0004769
197.417264	0.0010648
197.433882	0.0010215
197.450501	0.0008234
197.467120	-0.0004064
197.483740	-0.0004661
197.500361	0.0005864
197.516983	-0.0007137
197.533605	-0.0005111
197.550228	0.0006497
197.566851	-0.0005807
197.583476	-0.0005821
197.600101	0.0007558
197.616726	0.0002702
197.633353	0.0006446
197.649980	-0.0014782
197.666608	0.0013492
197.683236	0.0006546
197.699866	-0.0014255
197.716495	0.0013240
197.733126	-0.0021240
197.749757	-0.0004338
197.766390	0.0004828
197.783022	-0.0004406
197.799656	-0.0015800
197.816290	-0.0008736
197.832925	-0.0003124
197.849560	0.0007840
197.866196	0.0004883
197.882833	0.0003948
197.899471	-0.0000204
197.916109	-0.0006859
197.932748	-0.0001930
197.949388	0.0024578
197.966029	0.0006339
197.982670	0.0001824
197.999312	0.0003097
198.015954	0.0016988
198.032598	0.0000041
198.049242	0.0008432
198.065886	-0.0009314
198.082532	-0.0013753
198.099178	0.0000836
198.115825	0.0007350
198.132472	-0.0006978
198.149120	0.0005319
198.165769	-0.0003440
198.182419	0.0001318
198.199069	0.0000546
198.215720	0.0004961
198.232372	0.0008428
198.249024	-0.0014488
198.265677	-0.0016112
198.282331	-0.0008266
198.298986	-0.0001282
198.315641	0.0021010
198.332297	0.0014533
198.348953	-0.0004184
198.365611	-0.0006253
198.382269	-0.0006524
198.398927	0.0009991
198.415587	-0.0012061
198.432247	0.0007550
198.448908	0.0021856
198.465569	-0.0001062
198.482232	0.0004986
198.498894	0.0004920
198.515558	-0.0003846
198.532222	-0.0004345
198.548888	0.0005637
198.565553	0.0010353
198.582220	-0.0016916
198.598887	-0.0006934
198.615555	0.0007633
198.632223	0.0006831
198.648893	0.0014326
198.665563	0.0014206
198.682233	0.0010083
198.698905	0.0000545
198.715577	0.0000980
198.732249	-0.0001616
198.748923	-0.0014679
198.765597	0.0002313
198.782272	0.0007573
198.798948	0.0004206
198.815624	-0.0008513
198.832301	0.0019182
198.848978	0.0013818
198.865657	-0.0000865
198.882336	-0.0014829
198.899016	0.0009136
198.915696	0.0001224
198.932377	-0.0013835
198.949059	0.0004041
198.965742	0.0006819
198.982425	0.0004940
198.999109	0.0026901
199.015794	0.0011286
199.032479	-0.0002718
199.049166	0.0001889
199.065852	-0.0001604
199.082540	0.0004068
199.099228	-0.0000125
199.115917	-0.0006656
199.132607	-0.0011081
199.149297	0.0002776
199.165988	-0.0000486
199.182680	-0.0021345
199.199372	0.0012240
199.216065	-0.0000482
199.232759	0.0000045
199.249454	-0.0006094
199.266149	-0.0002917
199.282845	-0.0001110
199.299542	0.0000839
199.316239	-0.0004655
199.332937	-0.0004764
199.349636	0.0011371
199.366335	0.0013238
199.383036	0.0000742
199.399736	0.0015071
199.416438	0.0005463
199.433140	0.0001588
199.449843	0.0015857
199.466547	-0.0010377
199.483251	0.0017308
199.499956	0.0003766
199.516662	-0.0014604
199.533369	-0.0002527
199.550076	-0.0000404
199.566784	-0.0000216
199.583492	-0.0016035
199.600202	0.0004450
199.616912	0.0008569
199.633622	0.0009286
199.650334	-0.0018494
199.667046	-0.0017242
199.683759	0.0007165
199.700472	-0.0006143
199.717186	0.0004383
199.733901	0.0011057
199.750617	-0.0007566
199.767333	0.0001932
199.784050	0.0006488
199.800768	-0.0008643
199.817486	-0.0003822
199.834206	0.0004490
199.850925	-0.0008645
199.867646	-0.0012922
199.884367	-0.0007909
199.901089	-0.0001978
199.917812	-0.0001868
199.934535	0.0000803
199.951259	-0.0018273
199.967984	-0.0021791
199.984709	-0.0000514
200.001436	0.0015701
200.018162	0.0006293
200.034890	0.0012500
200.051618	0.0002101
200.068347	0.0007418
200.085077	-0.0015163
200.101807	-0.0016456
200.118538	-0.0010176
200.135270	0.0001277
200.152003	0.0014677
200.168736	0.0005278
200.185470	0.0010392
200.202204	0.0000221
200.218940	0.0010224
200.235675	-0.0015559
200.252412	0.0008900
200.269150	-0.0007170
200.285888	-0.0002697
200.302626	-0.0019781
200.319366	0.0002418
200.336106	0.0013574
200.352847	0.0006864
200.369589	0.0007421
200.386331	0.0005668
200.403074	-0.0002022
200.419818	0.0001008
200.436562	-0.0010667
200.453307	0.0015384
200.470053	-0.0003488
200.486800	-0.0001650
200.503547	-0.0007145
200.520295	0.0000879
200.537043	-0.0013988
200.553793	-0.0000964
200.570543	0.0014118
200.587294	0.0009522
200.604045	-0.0005334
200.620797	0.0011033
200.637550	0.0004598
200.654304	-0.0007981
200.671058	0.0015020
200.687813	-0.0000298
200.704568	-0.0003739
200.721325	0.0003590
200.738082	-0.0004401
200.754840	0.0014230
200.771598	-0.0010079
200.788357	-0.0000288
200.805117	-0.0006150
200.821878	0.0008858
200.838639	0.0016973
200.855401	-0.0007800
200.872164	-0.0001259
200.888927	-0.0004442
200.905691	-0.0009503
200.922456	0.0004954
200.939221	0.0016212
200.955988	0.0005283
200.972754	-0.0005180
200.989522	0.0000531
201.006290	0.0008071
201.023059	-0.0007770
201.039829	0.0008644
201.056600	0.0002605
201.073371	0.0010448
201.090142	0.0016477
201.106915	0.0004476
201.123688	0.0010460
201.140462	0.0020021
201.157237	0.0005476
201.174012	0.0006249
201.190788	-0.0011266
201.207565	0.0003661
201.224342	0.0000117
201.241120	-0.0003250
201.257899	-0.0008591
201.274679	-0.0001217
201.291459	0.0008319
201.308240	-0.0014181
201.325022	-0.0001187
201.341804	0.0004904
201.358587	0.0008119
201.375371	0.0019260
201.392155	0.0011937
201.408940	-0.0001543
201.425726	0.0022404
201.442513	-0.0013046
201.459300	0.0007658
201.476088	-0.0002091
201.492877	0.0010729
201.509666	-0.0002126
201.526456	-0.0025320
201.543247	-0.0006447
201.560038	0.0004516
201.576831	0.0020025
201.593623	0.0024662
201.610417	0.0002708
201.627211	-0.0003629
201.644006	-0.0001932
201.660802	-0.0012065
201.677598	0.0005040
201.694396	-0.0012723
201.711193	0.0002168
201.727992	-0.0005217
201.744791	0.0010152
201.761591	0.0004585
201.778392	-0.0009029
201.795193	0.0011238
201.811995	-0.0011148
201.828798	0.0003416
201.845601	-0.0001989
201.862405	0.0013433
201.879210	0.0000008
201.896015	-0.0000507
201.912822	0.0002039
201.929629	0.0004112
201.946436	-0.0006395
201.963245	-0.0010748
201.980054	-0.0006288
201.996863	-0.0003339
202.013674	-0.0006396
202.030485	-0.0009554
202.047297	0.0012093
202.064109	0.0013752
202.080923	0.0010057
202.097737	0.0000828
202.114551	-0.0001877
202.131367	0.0011091
202.148183	0.0013275
202.164999	0.0004795
202.181817	0.0002740
202.198635	-0.0023506
202.215454	-0.0006931
202.232274	0.0014663
202.249094	-0.0020046
202.265915	0.0004036
202.282737	-0.0023195
202.299559	-0.0011145
202.316382	-0.0008867
202.333206	-0.0004984
202.350030	-0.0001286
202.366855	-0.0009425
202.383681	-0.0017933
202.400508	0.0004951
202.417335	-0.0002534
202.434163	-0.0013442
202.450992	0.0014142
202.467821	0.0009017
202.484652	-0.0010524
202.501482	0.0007079
202.518314	0.0007647
202.535146	-0.0001690
202.551979	-0.0007020
202.568813	0.0005153
202.585647	0.0007386
202.602482	0.0000056
202.619318	0.0005386
202.636154	0.0001047
202.652991	-0.0008328
202.669829	-0.0005337
202.686668	-0.0002213
202.703507	0.0007649
202.720347	-0.0006313
202.737188	0.0012146
202.754029	0.0020061
202.770871	0.0013244
202.787714	0.0015020
202.804557	0.0000885
202.821401	0.0002874
202.838246	-0.0002119
202.855092	-0.0008246
202.871938	-0.0015393
202.888785	-0.0007546
202.905633	-0.0007047
202.922481	0.0008573
202.939330	-0.0004925
202.956180	-0.0000548
202.973030	-0.0001939
202.989882	0.0009689
203.006733	-0.0013911
203.023586	0.0009233
203.040439	0.0015735
203.057293	-0.0003840
203.074148	0.0021679
203.091003	-0.0002038
203.107859	-0.0004346
203.124716	-0.0014586
203.141574	-0.0021002
203.158432	0.0001472
203.175291	0.0006935
203.192151	0.0010815
203.209011	0.0005668
203.225872	-0.0004297
203.242734	-0.0008959
203.259596	-0.0005865
203.276459	-0.0012577
203.293323	0.0011323
203.310187	-0.0006747
203.327053	0.0008050
203.343919	-0.0008510
203.360785	-0.0002202
203.377653	0.0001939
203.394521	0.0016663
203.411389	0.0007439
203.428259	0.0014923
203.445129	-0.0000195
203.462000	0.0013462
203.478871	-0.0008378
203.495744	0.0001847
203.512617	-0.0001696
203.529490	-0.0011332
203.546365	0.0000949
203.563240	-0.0021375
203.580116	-0.0030194
203.596992	-0.0007608
203.613869	0.0004601
203.630747	0.0006682
203.647626	-0.0009182
203.664505	-0.0017822
203.681385	-0.0006961
203.698266	-0.0003703
203.715147	0.0002552
203.732029	0.0011221
203.748912	0.0003205
203.765795	-0.0012418
203.782680	-0.0004551
203.799564	-0.0001050
203.816450	-0.0003343
203.833336	-0.0007078
203.850223	-0.0030853
203.867111	-0.0000956
203.883999	0.0019588
203.900889	0.0012244
203.917778	-0.0005028
203.934669	-0.0006810
203.951560	-0.0017405
203.968452	-0.0004526
203.985345	-0.0002140
204.002238	-0.0002348
204.019132	-0.0004290
204.036027	-0.0010717
204.052922	-0.0003657
204.069818	-0.0004313
204.086715	0.0001534
204.103613	0.0010721
204.120511	-0.0010048
204.137410	0.0005624
204.154310	0.0000635
204.171210	-0.0005433
204.188111	0.0015878
204.205013	0.0004777
204.221915	0.0013689
204.238818	-0.0014010
204.255722	-0.0009701
204.272627	0.0003459
204.289532	0.0019794
204.306438	0.0010083
204.323345	-0.0009459
204.340252	0.0009752
204.357160	-0.0009989
204.374069	0.0003306
204.390978	0.0002515
204.407889	-0.0016542
204.424800	0.0013781
204.441711	0.0002437
204.458623	-0.0010883
204.475536	0.0014385
204.492450	-0.0003068
204.509364	0.0012045
204.526280	-0.0018860
204.543195	-0.0003387
204.560112	-0.0008232
204.577029	-0.0013619
204.593947	0.0003980
204.610866	0.0004211
204.627785	0.0003773
204.644705	0.0006134
204.661626	0.0000143
204.678547	0.0007254
204.695469	0.0005440
204.712392	0.0006871
204.729316	-0.0002909
204.746240	0.0002692
204.763165	0.0008352
204.780090	0.0001026
204.797017	-0.0004983
204.813944	-0.0008796
204.830872	-0.0000728
204.847800	-0.0016010
204.864729	0.0010085
204.881659	-0.0012540
204.898590	0.0002353
204.915521	0.0011415
204.932453	0.0005201
204.949385	0.0005472
204.966319	-0.0001119
204.983253	-0.0005524
205.000188	-0.0008635
205.017123	0.0009348
205.034059	0.0001273
205.050996	0.0001595
205.067934	0.0003040
205.084872	0.0004750
205.101811	-0.0002556
205.118751	0.0004978
205.135691	0.0009066
205.152632	0.0005361
205.169574	-0.0016295
205.186516	-0.0001583
205.203460	0.0008686
205.220404	-0.0009050
205.237348	-0.0006383
205.254293	0.0012512
205.271240	-0.0015888
205.288186	-0.0010075
205.305134	0.0001852
205.322082	-0.0012407
205.339031	0.0000504
205.355980	-0.0008071
205.372930	-0.0007660
205.389881	-0.0003951
205.406833	-0.0007308
205.423785	-0.0008203
205.440738	-0.0004917
205.457692	0.0000063
205.474646	-0.0006688
205.491602	0.0013653
205.508557	-0.0005238
205.525514	-0.0010118
205.542471	0.0011494
205.559429	-0.0004249
205.576388	-0.0007491
205.593347	-0.0003882
205.610307	0.0004510
205.627268	0.0016126
205.644229	-0.0005294
205.661192	-0.0013909
205.678154	0.0010312
205.695118	0.0002535
205.712082	0.0000394
205.729047	-0.0008958
205.746013	0.0004834
205.762979	0.0006791
205.779946	0.0009223
205.796914	-0.0015252
205.813883	0.0016845
205.830852	0.0023634
205.847822	0.0006420
205.864792	-0.0007055
205.881764	-0.0000813
205.898736	-0.0009514
205.915708	-0.0002093
205.932682	-0.0013276
205.949656	-0.0000201
205.966631	0.0002595
205.983606	-0.0014419
206.000582	0.0009394
206.017559	0.0005596
206.034537	0.0011644
206.051515	-0.0006107
206.068494	-0.0002705
206.085474	0.0017563
206.102454	0.0020778
206.119436	0.0001428
206.136417	-0.0013010
206.153400	-0.0015728
206.170383	-0.0002560
206.187367	0.0006316
206.204352	0.0011210
206.221337	0.0003746
206.238323	0.0007792
206.255310	0.0012339
206.272297	-0.0002426
206.289285	-0.0016648
206.306274	0.0010226
206.323264	0.0001705
206.340254	0.0005044
206.357245	0.0006206
206.374237	0.0014102
206.391229	-0.0003880
206.408222	-0.0010800
206.425216	0.0006576
206.442210	-0.0025026
206.459206	0.0009344
206.476201	0.0004447
206.493198	-0.0013624
206.510195	-0.0007486
206.527193	-0.0005412
206.544192	0.0001882
206.561191	-0.0002136
206.578191	-0.0012407
206.595192	0.0004201
206.612194	-0.0004859
206.629196	0.0004614
206.646199	0.0000631
206.663202	-0.0007949
206.680207	0.0002307
206.697212	0.0015295
206.714218	-0.0011333
206.731224	0.0001058
206.748231	-0.0009121
206.765239	0.0004982
206.782247	-0.0003756
206.799257	0.0018502
206.816267	0.0008791
206.833277	-0.0006312
206.850289	0.0000756
206.867301	0.0024116
206.884313	-0.0005621
206.901327	0.0009049
206.918341	0.0000792
206.935356	-0.0002198
206.952371	-0.0001211
206.969388	0.0001767
206.986404	-0.0012803
207.003422	-0.0006303
207.020440	-0.0003958
207.037460	0.0001821
207.054479	-0.0008380
207.071500	0.0005465
207.088521	-0.0002314
207.105543	-0.0004174
207.122565	-0.0013241
207.139589	0.0000965
207.156613	0.0011409
207.173637	-0.0002771
207.190663	0.0016935
207.207689	-0.0000115
207.224716	0.0010520
207.241743	-0.0012535
207.258771	0.0007641
207.275800	0.0003885
207.292830	0.0017046
207.309860	0.0005226
207.326891	-0.0003063
207.343923	0.0005878
207.360955	-0.0008858
207.377988	-0.0007501
207.395022	0.0004094
207.412057	0.0019543
207.429092	-0.0005664
207.446128	-0.0008387
207.463164	-0.0013755
207.480202	-0.0016181
207.497240	0.0006009
207.514278	-0.0018199
207.531318	-0.0029376
207.548358	-0.0003214
207.565399	0.0006496
207.582440	-0.0018055
207.599482	0.0002123
207.616525	0.0001881
207.633569	-0.0011125
207.650613	0.0019643
207.667658	-0.0003372
207.684704	-0.0017688
207.701751	-0.0006218
207.718798	-0.0000463
207.735846	-0.0002835
207.752894	0.0008308
207.769944	-0.0000415
207.786993	0.0013369
207.804044	-0.0011982
207.821096	0.0012069
207.838148	-0.0011748
207.855200	-0.0009845
207.872254	-0.0008353
207.889308	-0.0004982
207.906363	-0.0010466
207.923418	0.0014399
207.940475	-0.0000602
207.957532	0.0040892
207.974589	-0.0026666
207.991648	-0.0019989
208.008707	-0.0005053
208.025767	-0.0019400
208.042827	-0.0006229
208.059888	-0.0003238
208.076950	0.0002807
208.094013	-0.0009679
208.111076	0.0006690
208.128140	0.0002342
208.145205	-0.0012090
208.162270	0.0000580
208.179336	0.0002591
208.196403	0.0005291
208.213471	-0.0010274
208.230539	0.0002469
208.247608	0.0013308
208.264678	0.0003658
208.281748	-0.0000032
208.298819	0.0007063
208.315891	0.0008462
208.332963	0.0000431
208.350036	-0.0003827
208.367110	0.0002174
208.384185	-0.0005619
208.401260	-0.0028107
208.418336	0.0008797
208.435413	-0.0010411
208.452490	0.0015023
208.469568	-0.0006762
208.486647	0.0000735
208.503726	0.0002585
208.520806	0.0026063
208.537887	0.0034166
208.554969	-0.0002482
208.572051	0.0005701
208.589134	-0.0009194
208.606218	-0.0006841
208.623302	-0.0003888
208.640387	-0.0006654
208.657473	0.0006153
208.674560	0.0012252
208.691647	0.0001022
208.708735	-0.0015559
208.725823	-0.0000240
208.742912	0.0019466
208.760002	0.0019732
208.777093	-0.0003501
208.794185	-0.0006270
208.811277	0.0006509
208.828370	0.0002333
208.845463	0.0006293
208.862557	0.0000130
208.879652	0.0007438
208.896748	0.0008135
208.913844	-0.0002511
208.930941	-0.0014103
208.948039	0.0004308
208.965137	0.0008933
208.982236	0.0012753
208.999336	0.0012535
209.016437	0.0000938
209.033538	-0.0008662
209.050640	0.0004741
209.067743	0.0001427
209.084846	-0.0005657
209.101950	0.0005925
209.119055	-0.0004300
209.136160	0.0008967
209.153266	-0.0006872
209.170373	0.0012822
209.187481	-0.0003758
209.204589	0.0007172
209.221698	-0.0004462
209.238808	0.0008159
209.255918	-0.0007312
209.273029	0.0000785
209.290141	0.0001293
209.307253	0.0001627
209.324367	0.0012637
209.341480	0.0009186
209.358595	0.0012649
209.375710	-0.0005723
209.392826	-0.0010802
209.409943	0.0014163
209.427060	-0.0003159
209.444178	-0.0002594
209.461297	-0.0000167
209.478417	-0.0003386
209.495537	-0.0003213
209.512658	0.0000962
209.529780	0.0008990
209.546902	0.0011436
209.564025	-0.0013912
209.581149	-0.0016246
209.598273	0.0002063
209.615398	0.0016712
209.632524	0.0000753
209.649650	0.0000347
209.666778	0.0007180
209.683906	-0.0004994
209.701034	-0.0014129
209.718164	-0.0012620
209.735294	-0.0015011
209.752424	-0.0000111
209.769556	0.0013175
209.786688	0.0008763
209.803821	0.0025392
209.820954	0.0007885
209.838089	-0.0006362
209.855224	-0.0002953
209.872359	-0.0024002
209.889496	-0.0005693
209.906633	-0.0016218
209.923770	-0.0014878
209.940909	0.0016862
209.958048	-0.0003587
209.975188	-0.0002356
209.992328	-0.0004510
210.009470	0.0017617
210.026612	-0.0006901
210.043754	0.0002070
210.060898	-0.0004044
210.078042	-0.0009383
210.095187	-0.0007405
210.112332	-0.0013322
210.129478	0.0002223
210.146625	0.0009540
210.163773	0.0006972
210.180921	-0.0002578
210.198070	-0.0018146
210.215220	0.0016476
210.232370	0.0007889
210.249521	0.0005125
210.266673	0.0000696
210.283826	0.0008156
210.300979	0.0002199
210.318133	-0.0005893
210.335287	0.0000302
210.352443	-0.0000448
210.369599	0.0005282
210.386756	-0.0003576
210.403913	-0.0003729
210.421071	0.0002591
210.438230	-0.0008120
210.455389	-0.0011093
210.472550	0.0001836
210.489711	-0.0003174
210.506872	-0.0011148
210.524035	0.0012408
210.541198	0.0002488
210.558361	0.0002517
210.575526	0.0000972
210.592691	0.0005198
210.609857	0.0004125
210.627023	0.0027055
210.644191	-0.0010481
210.661359	0.0003775
210.678527	-0.0001946
210.695697	0.0008183
210.712867	-0.0003986
210.730038	0.0000407
210.747209	0.0000254
210.764381	0.0010481
210.781554	0.0008442
210.798728	0.0015229
210.815902	0.0010828
210.833077	0.0002092
210.850253	-0.0001337
210.867429	0.0008987
210.884606	0.0015754
210.901784	-0.0002014
210.918962	0.0019601
210.936142	0.0006778
210.953322	0.0004856
210.970502	0.0003781
210.987684	0.0010369
211.004866	0.0012009
211.022048	0.0015779
211.039232	-0.0006824
211.056416	-0.0002976
211.073601	-0.0005555
211.090786	0.0002711
211.107972	-0.0007322
211.125159	-0.0008479
211.142347	-0.0003735
211.159535	0.0017336
211.176724	-0.0002808
211.193914	-0.0003161
211.211105	-0.0005644
211.228296	0.0004524
211.245487	-0.0008587
211.262680	0.0001792
211.279873	-0.0000884
211.297067	-0.0016127
211.314262	0.0003227
211.331457	0.0001919
211.348653	-0.0020209
211.365850	-0.0005280
211.383048	0.0013636
211.400246	-0.0005140
211.417445	0.0013715
211.434644	0.0006272
211.451844	0.0019876
211.469045	-0.0000911
211.486247	-0.0010517
211.503450	-0.0001515
211.520653	-0.0000713
211.537856	0.0001473
211.555061	0.0007368
211.572266	0.0003813
211.589472	-0.0000200
211.606679	0.0004799
211.623886	-0.0008523
211.641094	-0.0015101
211.658303	-0.0022217
211.675512	0.0006835
211.692722	-0.0005178
211.709933	0.0004699
211.727144	0.0013319
211.744357	0.0019010
211.761570	0.0001090
211.778783	0.0018372
211.795998	0.0012448
211.813213	-0.0011779
211.830428	0.0000327
211.847645	0.0005470
211.864862	-0.0014022
211.882080	-0.0002619
211.899298	-0.0002735
211.916517	-0.0009964
211.933737	0.0003250
211.950958	-0.0009494
211.968179	-0.0003618
211.985401	-0.0000581
212.002624	-0.0000107
212.019848	0.0008154
212.037072	0.0014437
212.054297	-0.0009049
212.071522	0.0013257
212.088749	0.0008482
212.105975	-0.0001786
212.123203	0.0002039
212.140432	-0.0008267
212.157661	-0.0000124
212.174890	0.0007543
212.192121	-0.0002378
212.209352	-0.0012177
212.226584	0.0011413
212.243817	-0.0007678
212.261050	-0.0011021
212.278284	0.0015618
212.295519	0.0009542
212.312754	0.0005116
212.329990	-0.0008487
212.347227	0.0012483
212.364464	0.0005344
212.381703	-0.0010795
212.398941	0.0002679
212.416181	0.0013957
212.433421	-0.0020184
212.450662	-0.0000186
212.467904	0.0000861
212.485147	-0.0003027
212.502390	0.0001450
212.519633	0.0012393
212.536878	-0.0005346
212.554123	-0.0011422
212.571369	0.0000475
212.588616	-0.0002378
212.605863	-0.0012343
212.623111	0.0010692
212.640360	0.0014904
212.657609	-0.0008090
212.674860	-0.0007377
212.692110	-0.0009823
212.709362	0.0009955
212.726614	-0.0012554
212.743867	-0.0005557
212.761121	-0.0006699
212.778375	-0.0018516
212.795630	0.0006189
212.812886	-0.0019147
212.830142	0.0001789
212.847400	0.0016600
212.864658	-0.0007987
212.881916	-0.0015215
212.899175	-0.0001488
212.916435	0.0019507
212.933696	-0.0006723
212.950957	0.0019009
212.968220	-0.0006024
212.985482	-0.0012603
213.002746	0.0001350
213.020010	-0.0000435
213.037275	0.0007293
213.054540	0.0011773
213.071807	0.0007349
213.089074	-0.0002133
213.106341	0.0001039
213.123610	0.0001389
213.140879	0.0019171
213.158149	-0.0001096
213.175419	0.0005709
213.192691	0.0006183
213.209962	-0.0010040
213.227235	0.0002279
213.244508	0.0002575
213.261782	-0.0003120
213.279057	-0.0007898
213.296333	-0.0002373
213.313609	0.0000380
213.330886	-0.0004824
213.348163	0.0015381
213.365441	0.0007477
213.382720	0.0000382
213.400000	0.0009716
213.417280	0.0003070
213.434561	0.0001166
213.451843	-0.0014947
213.469126	-0.0004180
213.486409	-0.0007172
213.503693	-0.0010245
213.520977	0.0014106
213.538262	-0.0003195
213.555548	-0.0028056
213.572835	-0.0002153
213.590122	-0.0016929
213.607411	-0.0003853
213.624699	-0.0000095
213.641989	0.0014227
213.659279	-0.0015281
213.676570	-0.0004281
213.693861	-0.0009429
213.711154	0.0000237
213.728447	0.0001528
213.745740	0.0000108
213.763035	0.0003863
213.780330	0.0000227
213.797626	0.0002217
213.814922	-0.0007788
213.832220	-0.0003330
213.849517	0.0006448
213.866816	-0.0005114
213.884115	-0.0000241
213.901415	0.0005073
213.918716	-0.0005054
213.936018	0.0006033
213.953320	0.0000430
213.970622	-0.0004852
213.987926	-0.0001486
214.005230	0.0004755
214.022535	-0.0011369
214.039841	0.0000758
214.057147	-0.0021819
214.074454	0.0004354
214.091762	0.0002151
214.109070	-0.0023072
214.126380	-0.0000758
214.143689	-0.0004657
214.161000	-0.0011532
214.178311	0.0006649
214.195623	-0.0013269
214.212936	0.0019291
214.230249	-0.0008200
214.247563	-0.0002856
214.264878	0.0005811
214.282193	-0.0020161
214.299510	0.0013530
214.316827	0.0017962
214.334144	-0.0007589
214.351462	0.0002185
214.368781	0.0012383
214.386101	0.0000277
214.403421	-0.0004872
214.420743	-0.0009413
214.438064	0.0005595
214.455387	0.0011337
214.472710	-0.0001402
214.490034	0.0000477
214.507359	0.0005547
214.524684	-0.0004483
214.542010	0.0003410
214.559337	0.0002344
214.576664	0.0000584
214.593992	0.0001456
214.611321	0.0010339
214.628650	0.0014283
214.645981	0.0004575
214.663312	-0.0001836
214.680643	-0.0010490
214.697976	0.0005808
214.715309	-0.0017405
214.732642	-0.0007566
214.749977	-0.0029038
214.767312	0.0006117
214.784648	-0.0000319
214.801984	0.0007206
214.819321	-0.0001765
214.836659	-0.0008719
214.853998	0.0006044
214.871337	-0.0005024
214.888677	0.0013006
214.906018	0.0036213
214.923360	0.0078622
214.940702	0.0156116
214.958045	0.0261516
214.975388	0.0444553
214.992733	0.0713010
215.010078	0.1009205
215.027423	0.1398219
215.044770	0.1782044
215.062117	0.2123434
215.079464	0.2373771
215.096813	0.2505023
215.114162	0.2451261
215.131512	0.2233657
215.148863	0.1935728
215.166214	0.1537706
215.183566	0.1133766
215.200919	0.0795004
215.218272	0.0534605
215.235626	0.0308962
215.252981	0.0175876
215.270336	0.0090077
215.287693	0.0059647
215.305050	0.0067606
215.322407	0.0098141
215.339765	0.0156549
215.357124	0.0268597
215.374484	0.0418406
215.391845	0.0675056
215.409206	0.1004099
215.426568	0.1366719
215.443930	0.1740082
215.461293	0.2120469
215.478657	0.2362595
215.496022	0.2500067
215.513387	0.2435741
215.530753	0.2259199
215.548120	0.1926823
215.565488	0.1538889
215.582856	0.1163212
215.600225	0.0818390
215.617594	0.0538269
215.634964	0.0320649
215.652335	0.0180380
215.669707	0.0097129
215.687079	0.0060908
215.704452	0.0032049
215.721826	0.0013287
215.739201	-0.0019969
215.756576	0.0003488
215.773952	-0.0004067
215.791328	-0.0019123
215.808706	0.0008899
215.826084	-0.0013374
215.843462	0.0004711
215.860842	0.0002488
215.878222	0.0000766
215.895602	-0.0017800
215.912984	-0.0003846
215.930366	0.0001717
215.947749	0.0010568
215.965133	0.0008831
215.982517	-0.0002810
215.999902	0.0022616
216.017288	0.0013519
216.034674	0.0002046
216.052061	0.0013716
216.069449	0.0001890
216.086838	0.0008083
216.104227	-0.0005436
216.121617	0.0009336
216.139007	0.0010183
216.156399	0.0016978
216.173791	0.0004888
216.191183	-0.0006098
216.208577	0.0003413
216.225971	-0.0003370
216.243366	0.0014444
216.260761	0.0004458
216.278158	-0.0018268
216.295555	-0.0000499
216.312952	0.0019736
216.330351	-0.0013242
216.347750	-0.0012358
216.365149	0.0003809
216.382550	-0.0010857
216.399951	-0.0004327
216.417353	-0.0003954
216.434755	0.0008739
216.452159	-0.0005765
216.469563	0.0004987
216.486967	0.0015393
216.504373	-0.0003937
216.521779	-0.0016059
216.539186	0.0005198
216.556593	-0.0008869
216.574001	0.0002253
216.591410	-0.0003861
216.608820	-0.0001203
216.626230	-0.0008533
216.643641	0.0009361
216.661053	-0.0006759
216.678465	0.0002841
216.695878	0.0001468
216.713292	0.0003969
216.730707	-0.0001583
216.748122	-0.0006222
216.765538	-0.0002151
216.782954	-0.0001384
216.800372	-0.0016236
216.817790	-0.0004552
216.835208	-0.0003702
216.852628	0.0007498
216.870048	0.0011475
216.887469	-0.0009545
216.904890	0.0016018
216.922313	0.0001125
216.939736	-0.0004019
216.957159	-0.0012993
216.974584	0.0008518
216.992009	-0.0011912
217.009434	-0.0001437
217.026861	-0.0001525
217.044288	-0.0003384
217.061716	-0.0004817
217.079144	-0.0005735
217.096574	0.0009772
217.114004	-0.0006062
217.131434	-0.0012900
217.148866	0.0017554
217.166298	-0.0008428
217.183730	0.0008098
217.201164	0.0008321
217.218598	0.0003637
217.236033	-0.0016430
217.253469	-0.0004981
217.270905	0.0003693
217.288342	0.0006614
217.305780	0.0003527
217.323218	-0.0003067
217.340657	-0.0016930
217.358097	-0.0000846
217.375537	-0.0009209
217.392978	0.0002817
217.410420	-0.0008560
217.427863	0.0001357
217.445306	-0.0001493
217.462750	0.0010955
217.480195	0.0005502
217.497640	0.0003920
217.515087	-0.0005917
217.532533	-0.0003216
217.549981	0.0007399
217.567429	0.0000393
217.584878	-0.0004254
217.602328	0.0003116
217.619778	0.0003175
217.637229	-0.0013349
217.654681	0.0002367
217.672133	-0.0016132
217.689586	-0.0014658
217.707040	0.0010366
217.724495	0.0000454
217.741950	-0.0016602
217.759406	-0.0006253
217.776863	-0.0000056
217.794320	0.0007679
217.811778	-0.0000586
217.829237	-0.0000639
217.846696	-0.0010206
217.864156	-0.0001492
217.881617	-0.0004206
217.899079	-0.0000039
217.916541	-0.0007763
217.934004	0.0002897
217.951468	-0.0001924
217.968932	0.0003031
217.986397	-0.0001024
218.003863	-0.0005182
218.021330	0.0018335
218.038797	-0.0001043
218.056265	-0.0018834
218.073733	0.0007564
218.091202	0.0000159
218.108672	-0.0002671
218.126143	0.0007234
218.143615	-0.0016358
218.161087	-0.0001612
218.178560	-0.0006676
218.196033	0.0006469
218.213507	0.0011747
218.230982	0.0018414
218.248458	-0.0006321
218.265934	0.0002472
218.283411	-0.0018002
218.300889	0.0016111
218.318367	-0.0005621
218.335846	-0.0018667
218.353326	0.0001341
218.370807	-0.0004809
218.388288	0.0011655
218.405770	-0.0011128
218.423253	-0.0000611
218.440736	0.0012480
218.458220	0.0020968
218.475705	0.0003711
218.493190	0.0002894
218.510676	0.0000369
218.528163	-0.0009718
218.545651	-0.0000785
218.563139	0.0000301
218.580628	-0.0003369
218.598118	0.0016136
218.615608	-0.0007258
218.633099	-0.0021633
218.650591	0.0001444
218.668083	0.0006858
218.685576	0.0002967
218.703070	0.0006401
218.720565	-0.0010590
218.738060	-0.0010874
218.755556	-0.0004060
218.773053	-0.0003843
218.790550	0.0011858
218.808048	-0.0013571
218.825547	-0.0005007
218.843047	-0.0004346
218.860547	-0.0007880
218.878048	0.0003611
218.895549	-0.0012340
218.913052	-0.0009496
218.930555	-0.0014204
218.948058	-0.0000369
218.965563	0.0004037
218.983068	0.0005465
219.000574	0.0002817
219.018080	0.0018925
219.035588	0.0002421
219.053095	0.0008435
219.070604	-0.0000506
219.088113	0.0003731
219.105624	-0.0013114
219.123134	0.0011852
219.140646	0.0004063
219.158158	0.0004868
219.175671	-0.0011397
219.193184	-0.0009956
219.210698	-0.0000911
219.228213	0.0018534
219.245729	0.0005782
219.263245	0.0006882
219.280762	0.0004141
219.298280	-0.0008015
219.315799	0.0006534
219.333318	-0.0013765
219.350838	0.0013590
219.368358	0.0005551
219.385880	0.0003782
219.403402	0.0006292
219.420924	-0.0018862
219.438448	0.0015156
219.455972	0.0009816
219.473497	-0.0012657
219.491022	0.0012681
219.508548	0.0005960
219.526075	-0.0004229
219.543603	0.0004985
219.561131	-0.0002267
219.578660	-0.0000126
219.596190	-0.0002221
219.613720	-0.0002731
219.631251	-0.0008636
219.648783	-0.0013965
219.666316	-0.0009583
219.683849	-0.0006912
219.701383	0.0014795
219.718917	0.0015987
219.736453	-0.0015985
219.753989	-0.0009357
219.771525	-0.0009475
219.789063	0.0006852
219.806601	0.0020359
219.824140	-0.0005388
219.841679	0.0002047
219.859220	0.0009616
219.876760	-0.0004901
219.894302	0.0014896
219.911844	0.0004250
219.929388	-0.0015455
219.946931	-0.0016091
219.964476	-0.0005892
219.982021	-0.0008976
219.999567	0.0001562
220.017113	-0.0012625
220.034661	-0.0005518
220.052209	0.0017564
220.069757	-0.0005111
220.087307	0.0008382
220.104857	-0.0001428
220.122407	-0.0005023
220.139959	-0.0012542
220.157511	0.0002684
220.175064	0.0020035
220.192618	-0.0004643
220.210172	-0.0001356
220.227727	0.0011809
220.245282	-0.0011669
220.262839	-0.0002130
220.280396	0.0004922
220.297954	-0.0014369
220.315512	0.0003273
220.333071	-0.0002721
220.350631	0.0008375
220.368192	-0.0003223
220.385753	0.0000327
220.403315	-0.0008803
220.420878	0.0008245
220.438441	0.0001759
220.456006	-0.0002947
220.473570	0.0003655
220.491136	-0.0013245
220.508702	0.0021768
220.526269	0.0007306
220.543837	0.0014363
220.561405	-0.0003119
220.578974	0.0014088
220.596544	0.0001078
220.614114	-0.0003774
220.631685	-0.0009037
220.649257	0.0003223
220.666830	-0.0010894
220.684403	0.0016679
220.701977	0.0009483
220.719552	0.0001306
220.737127	0.0004214
220.754703	-0.0012003
220.772280	-0.0002300
220.789857	-0.0003754
220.807436	-0.0013070
220.825014	-0.0006791
220.842594	0.0016151
220.860174	-0.0002194
220.877755	-0.0023272
220.895337	0.0002208
220.912919	-0.0010147
220.930502	-0.0006436
220.948086	0.0003586
220.965671	-0.0008134
220.983256	0.0002382
221.000842	-0.0004424
221.018428	0.0010207
221.036016	0.0024967
221.053604	-0.0008198
221.071192	-0.0002822
221.088782	-0.0006659
221.106372	-0.0013963
221.123963	0.0000906
221.141554	0.0007312
221.159146	0.0007355
221.176739	-0.0006471
221.194333	-0.0003917
221.211927	0.0016436
221.229522	-0.0009481
221.247118	-0.0020083
221.264714	0.0007750
221.282312	0.0002997
221.299909	-0.0011157
221.317508	-0.0008116
221.335107	-0.0003644
221.352707	-0.0009923
221.370308	-0.0002388
221.387909	0.0003104
221.405511	0.0002902
221.423114	0.0014040
221.440717	-0.0002444
221.458322	-0.0014094
221.475926	-0.0004374
221.493532	-0.0009468
221.511138	0.0012908
221.528745	0.0009068
221.546353	-0.0013573
221.563961	-0.0005261
221.581570	-0.0005045
221.599180	0.0002073
221.616791	-0.0004927
221.634402	-0.0006289
221.652014	0.0007347
221.669626	-0.0008813
221.687240	-0.0008143
221.704853	-0.0000855
221.722468	-0.0017897
221.740084	-0.0005331
221.757700	0.0005565
221.775316	0.0002693
221.792934	0.0015081
221.810552	-0.0005200
221.828171	0.0003166
221.845791	0.0000565
221.863411	-0.0000587
221.881032	-0.0020289
221.898654	-0.0002964
221.916276	0.0010914
221.933899	-0.0019023
221.951523	0.0002358
221.969148	-0.0002295
221.986773	0.0003045
222.004399	-0.0007000
222.022025	-0.0002415
222.039653	0.0001129
222.057281	-0.0002746
222.074910	-0.0009385
222.092539	-0.0013440
222.110169	-0.0007884
222.127800	0.0004475
222.145432	-0.0000505
222.163064	-0.0002575
222.180697	-0.0006227
222.198330	0.0006070
222.215965	-0.0005290
222.233600	0.0008548
222.251236	-0.0008380
222.268872	0.0002950
222.286509	-0.0007102
222.304147	-0.0003108
222.321786	0.0010040
222.339425	0.0006828
222.357065	-0.0007746
222.374706	0.0013903
222.392347	-0.0009343
222.409989	0.0013342
222.427632	0.0017199
222.445275	-0.0004791
222.462920	0.0006014
222.480564	-0.0014638
222.498210	-0.0011733
222.515856	0.0015703
222.533503	0.0012234
222.551151	-0.0008565
222.568800	0.0001129
222.586449	-0.0007334
222.604098	0.0002734
222.621749	-0.0020515
222.639400	-0.0005661
222.657052	-0.0001195
222.674705	-0.0005168
222.692358	0.0005369
222.710012	0.0008474
222.727667	0.0000776
222.745322	0.0005512
222.762978	0.0008840
222.780635	0.0012327
222.798293	-0.0011281
222.815951	-0.0008759
222.833610	0.0005459
222.851270	0.0018448
222.868930	-0.0002939
222.886591	-0.0011106
222.904253	0.0001777
222.921915	-0.0012452
222.939578	-0.0003367
222.957242	0.0002957
222.974907	-0.0003920
222.992572	-0.0017844
223.010238	-0.0004416
223.027905	0.0000267
223.045572	0.0017410
223.063240	-0.0013884
223.080909	-0.0006882
223.098578	0.0000533
223.116249	-0.0002811
223.133919	-0.0011952
223.151591	-0.0004731
223.169263	0.0008886
223.186936	0.0002464
223.204610	-0.0022658
223.222284	0.0007924
223.239960	-0.0009211
223.257635	0.0012357
223.275312	-0.0002815
223.292989	-0.0008406
223.310667	0.0001349
223.328346	0.0006632
223.346025	-0.0015877
223.363705	0.0002412
223.381386	-0.0000638
223.399067	-0.0003883
223.416749	-0.0005472
223.434432	0.0010189
223.452115	0.0008791
223.469800	-0.0003317
223.487485	0.0004079
223.505170	0.0002467
223.522857	-0.0008412
223.540544	-0.0008650
223.558231	0.0020903
223.575920	0.0006511
223.593609	0.0001904
223.611299	-0.0003451
223.628989	-0.0010349
223.646681	0.0003041
223.664373	-0.0001679
223.682065	-0.0000614
223.699759	-0.0001026
223.717453	-0.0000246
223.735147	-0.0004999
223.752843	0.0012200
223.770539	0.0006820
223.788236	-0.0012001
223.805934	-0.0006644
223.823632	0.0006241
223.841331	-0.0009922
223.859031	-0.0016096
223.876731	-0.0009663
223.894432	-0.0012000
223.912134	-0.0002893
223.929836	0.0018390
223.947539	0.0015852
223.965243	-0.0003506
223.982948	0.0005214
224.000653	-0.0004332
224.018359	0.0003293
224.036066	-0.0012671
224.053773	0.0021861
224.071482	0.0003636
224.089190	-0.0004632
224.106900	-0.0007676
224.124610	-0.0011417
224.142321	0.0008873
224.160033	0.0007632
224.177745	-0.0001179
224.195458	-0.0004233
224.213172	-0.0002204
224.230886	-0.0002778
224.248601	0.0010553
224.266317	-0.0019921
224.284034	-0.0006737
224.301751	0.0002630
224.319469	0.0006818
224.337187	0.0001438
224.354907	0.0006678
224.372627	0.0012447
224.390348	-0.0014122
224.408069	-0.0011049
224.425791	-0.0010488
224.443514	-0.0001734
224.461238	-0.0002950
224.478962	-0.0013542
224.496687	0.0010405
224.514413	-0.0001156
224.532139	0.0008543
224.549866	-0.0006215
224.567594	0.0003771
224.585322	0.0002621
224.603052	0.0000687
224.620781	0.0003702
224.638512	-0.0018956
224.656243	0.0015155
224.673975	-0.0017321
224.691708	0.0010705
224.709441	0.0020754
224.727175	-0.0011689
224.744910	0.0008400
224.762646	-0.0012345
224.780382	-0.0003358
224.798119	0.0001882
224.815857	-0.0013707
224.833595	0.0002968
224.851334	-0.0004301
224.869074	0.0007312
224.886814	0.0006588
224.904555	-0.0015585
224.922297	-0.0016250
224.940039	-0.0014167
224.957783	-0.0006507
224.975527	-0.0008244
224.993271	0.0009543
225.011017	-0.0006691
225.028763	-0.0001125
225.046509	-0.0025495
225.064257	0.0006140
225.082005	0.0011196
225.099754	0.0010510
225.117503	0.0003711
225.135254	-0.0008441
225.153005	0.0009706
225.170756	-0.0001111
225.188509	0.0017216
225.206262	-0.0002637
225.224016	-0.0001569
225.241770	0.0013051
225.259525	-0.0007417
225.277281	0.0001472
225.295038	0.0007664
225.312795	0.0026929
225.330553	-0.0014510
225.348312	-0.0000797
225.366071	-0.0004487
225.383831	-0.0001404
225.401592	-0.0012561
225.419353	-0.0006023
225.437116	-0.0009016
225.454878	-0.0007496
225.472642	0.0004614
225.490406	-0.0021907
225.508171	-0.0002362
225.525937	0.0014692
225.543703	0.0002434
225.561471	0.0004268
225.579238	0.0009123
225.597007	-0.0003962
225.614776	0.0000174
225.632546	0.0004141
225.650317	0.0006956
225.668088	0.0001026
225.685860	-0.0009529
225.703633	-0.0003450
225.721406	-0.0004740
225.739180	-0.0001449
225.756955	-0.0002910
225.774731	0.0006998
225.792507	0.0019323
225.810284	0.0004538
225.828062	-0.0008974
225.845840	-0.0006684
225.863619	-0.0005544
225.881399	0.0009562
225.899179	-0.0008129
225.916960	0.0006850
225.934742	0.0008553
225.952525	0.0007965
225.970308	0.0004506
225.988092	0.0012147
226.005877	-0.0001870
226.023662	0.0017038
226.041448	0.0014923
226.059235	0.0005712
226.077022	0.0004028
226.094811	0.0009299
226.112600	0.0005544
226.130389	-0.0020544
226.148179	-0.0000426
226.165970	0.0000206
226.183762	0.0004686
226.201554	-0.0010687
226.219348	-0.0003673
226.237141	-0.0019019
226.254936	-0.0017742
226.272731	-0.0006723
226.290527	-0.0020073
226.308324	0.0007293
226.326121	-0.0005081
226.343919	0.0011842
226.361718	-0.0000578
226.379517	-0.0000933
226.397317	0.0005550
226.415118	-0.0001509
226.432920	-0.0005868
226.450722	-0.0009113
226.468525	0.0001582
226.486328	-0.0001448
226.504133	-0.0013862
226.521938	0.0000737
226.539744	0.0002270
226.557550	-0.0006742
226.575357	0.0001625
226.593165	-0.0000401
226.610974	-0.0004241
226.628783	0.0023783
226.646593	0.0014056
226.664403	0.0000102
226.682215	-0.0008829
226.700027	0.0004063
226.717840	0.0008630
226.735653	0.0002715
226.753467	-0.0005712
226.771282	-0.0006515
226.789098	0.0010202
226.806914	0.0005218
226.824731	-0.0003745
226.842549	0.0006085
226.860367	0.0001998
226.878186	-0.0014671
226.896006	-0.0007071
226.913826	0.0005770
226.931648	0.0018066
226.949470	0.0009221
226.967292	0.0001896
226.985115	0.0001768
227.002940	0.0002975
227.020764	0.0014822
227.038590	0.0006053
227.056416	0.0007848
227.074243	0.0010734
227.092070	-0.0000738
227.109898	-0.0008938
227.127727	-0.0006282
227.145557	0.0003215
227.163387	0.0025449
227.181218	-0.0017069
227.199050	-0.0021797
227.216882	-0.0018530
227.234716	0.0007431
227.252549	0.0019278
227.270384	0.0012712
227.288219	-0.0006195
227.306055	0.0004289
227.323892	0.0007365
227.341729	0.0007473
227.359567	-0.0002234
227.377406	-0.0005732
227.395245	-0.0001605
227.413086	0.0002419
227.430926	-0.0013172
227.448768	-0.0009420
227.466610	-0.0015959
227.484453	-0.0003445
227.502297	0.0013528
227.520141	0.0008939
227.537986	-0.0003234
227.555832	0.0012816
227.573679	-0.0004060
227.591526	-0.0002385
227.609374	-0.0001365
227.627222	-0.0002469
227.645072	-0.0002526
227.662922	-0.0005845
227.680772	-0.0017570
227.698624	-0.0002836
227.716476	0.0007379
227.734329	-0.0013309
227.752182	0.0007632
227.770036	-0.0013773
227.787891	-0.0000090
227.805747	0.0012694
227.823603	0.0003809
227.841460	-0.0009876
227.859318	0.0019221
227.877176	-0.0005395
227.895036	0.0017333
227.912895	0.0016407
227.930756	0.0008313
227.948617	0.0003814
227.966479	-0.0011225
227.984342	0.0005391
228.002205	0.0006943
228.020069	-0.0009581
228.037934	0.0006948
228.055799	0.0001268
228.073665	-0.0007186
228.091532	0.0016335
228.109400	-0.0004066
228.127268	0.0000642
228.145137	-0.0019980
228.163007	0.0000163
228.180877	-0.0018359
228.198748	-0.0002919
228.216620	0.0003474
228.234492	-0.0007120
228.252366	0.0003526
228.270239	-0.0003158
228.288114	0.0013926
228.305989	-0.0001268
228.323865	0.0008584
228.341742	-0.0002180
228.359619	-0.0003883
228.377497	-0.0009576
228.395376	-0.0005663
228.413256	-0.0009159
228.431136	0.0004317
228.449017	-0.0008736
228.466898	0.0009695
228.484781	0.0018929
228.502664	-0.0012629
228.520548	-0.0005707
228.538432	0.0002180
228.556317	-0.0005619
228.574203	0.0007669
228.592089	-0.0006897
228.609977	0.0010201
228.627865	-0.0007944
228.645753	-0.0000411
228.663643	0.0007590
228.681533	-0.0012281
228.699423	0.0012821
228.717315	0.0005007
228.735207	-0.0006346
228.753100	0.0004689
228.770993	0.0004426
228.788888	-0.0001113
228.806782	0.0002333
228.824678	-0.0000308
228.842574	0.0014589
228.860472	0.0003137
228.878369	-0.0003446
228.896268	0.0011098
228.914167	-0.0002187
228.932067	0.0000186
228.949967	0.0000679
228.967869	-0.0014264
228.985771	0.0005360
229.003673	-0.0013336
229.021577	-0.0006955
229.039481	-0.0004164
229.057386	0.0007633
229.075291	-0.0015309
229.093197	-0.0002440
229.111104	0.0013018
229.129012	-0.0007423
229.146920	-0.0010437
229.164829	-0.0013910
229.182739	0.0007948
229.200649	0.0010128
229.218560	0.0003042
229.236472	-0.0001987
229.254385	0.0003078
229.272298	-0.0014700
229.290212	-0.0006774
229.308126	-0.0006776
229.326042	-0.0005154
229.343958	0.0000674
229.361874	0.0007355
229.379792	-0.0006850
229.397710	-0.0017117
229.415629	0.0006249
229.433548	-0.0006133
229.451468	0.0007923
229.469389	-0.0007140
229.487311	-0.0023376
229.505233	0.0005693
229.523156	0.0008176
229.541080	0.0004391
229.559005	0.0001784
229.576930	-0.0006012
229.594856	-0.0001326
229.612782	-0.0005715
229.630710	-0.0000176
229.648637	0.0009319
229.666566	-0.0011698
229.684495	-0.0008913
229.702426	-0.0013882
229.720356	0.0010420
229.738288	0.0008970
229.756220	0.0007426
229.774153	0.0001703
229.792086	-0.0006136
229.810021	0.0002899
229.827956	0.0010235
229.845891	0.0001680
229.863828	0.0011537
229.881765	-0.0000113
229.899703	0.0005264
229.917641	0.0008912
229.935580	0.0007961
229.953520	-0.0003971
229.971461	-0.0005726
229.989402	-0.0003303
230.007344	-0.0008046
230.025287	0.0009592
230.043230	-0.0000450
230.061174	0.0005328
230.079119	-0.0002784
230.097065	0.0000551
230.115011	-0.0001400
230.132958	-0.0003606
230.150906	-0.0001892
230.168854	0.0011986
230.186803	-0.0019798
230.204753	-0.0004649
230.222703	0.0001533
230.240654	0.0001426
230.258606	-0.0030467
230.276559	-0.0018544
230.294512	0.0007591
230.312466	0.0005563
230.330421	-0.0001841
230.348376	0.0000934
230.366332	-0.0009789
230.384289	-0.0000376
230.402246	-0.0009487
230.420204	-0.0001008
230.438163	0.0012100
230.456123	-0.0010815
230.474083	-0.0005898
230.492044	-0.0001199
230.510006	-0.0006920
230.527968	-0.0013023
230.545931	-0.0004133
230.563895	-0.0000515
230.581860	0.0001094
230.599825	0.0001663
230.617791	0.0014330
230.635757	0.0015919
230.653724	0.0009188
230.671692	-0.0009663
230.689661	-0.0004719
230.707631	-0.0006618
230.725601	0.0005545
230.743572	0.0000830
230.761543	0.0007908
230.779515	0.0018290
230.797488	-0.0005483
230.815462	0.0010272
230.833436	0.0017074
230.851411	0.0007722
230.869387	0.0012978
230.887363	0.0004929
230.905340	-0.0009964
230.923318	-0.0010004
230.941297	-0.0005021
230.959276	-0.0007115
230.977256	0.0002961
230.995237	-0.0019897
231.013218	0.0011914
231.031200	-0.0000585
231.049183	-0.0002064
231.067166	-0.0007077
231.085150	-0.0012178
231.103135	-0.0004667
231.121121	0.0003958
231.139107	0.0012218
231.157094	-0.0005595
231.175082	-0.0011506
231.193070	-0.0003894
231.211059	0.0015058
231.229049	0.0009118
231.247039	0.0024257
231.265031	0.0003487
231.283022	0.0000043
231.301015	-0.0006618
231.319008	-0.0000436
231.337002	0.0026297
231.354997	-0.0002078
231.372992	0.0013591
231.390988	0.0009034
231.408985	-0.0005983
231.426983	0.0001727
231.444981	-0.0013642
231.462980	0.0004904
231.480980	-0.0001067
231.498980	-0.0003333
231.516981	0.0007346
231.534983	-0.0013148
231.552985	-0.0000411
231.570988	-0.0018470
231.588992	-0.0017820
231.606996	0.0002159
231.625002	-0.0001826
231.643008	0.0035019
231.661014	-0.0002308
231.679022	-0.0009992
231.697030	0.0005644
231.715038	-0.0004433
231.733048	-0.0011966
231.751058	0.0014563
231.769069	0.0025197
231.787080	0.0024224
231.805093	0.0005020
231.823106	0.0003251
231.841119	-0.0010990
231.859134	0.0006680
231.877149	-0.0016402
231.895164	-0.0007569
231.913181	0.0003927
231.931198	-0.0009719
231.949216	0.0004061
231.967234	0.0015304
231.985254	-0.0004357
232.003274	0.0003221
232.021294	-0.0009826
232.039316	-0.0006429
232.057338	-0.0005730
232.075361	-0.0002974
232.093384	-0.0013688
232.111408	-0.0009698
232.129433	0.0000299
232.147459	-0.0016466
232.165485	-0.0011292
232.183512	0.0003812
232.201540	0.0021220
232.219568	0.0003126
232.237597	0.0004461
232.255627	-0.0002622
232.273658	-0.0007980
232.291689	-0.0012489
232.309721	0.0000034
232.327753	-0.0002274
232.345787	0.0010881
232.363821	0.0011553
232.381856	-0.0013619
232.399891	-0.0013205
232.417927	-0.0014923
232.435964	0.0003512
232.454001	-0.0009537
232.472040	0.0013603
232.490079	0.0018685
232.508118	-0.0008522
232.526159	0.0010076
232.544200	0.0011785
232.562241	0.0000171
232.580284	-0.0007580
232.598327	-0.0007180
232.616371	0.0003713
232.634415	-0.0009350
232.652461	-0.0001212
232.670507	-0.0002699
232.688553	0.0007244
232.706601	0.0005385
232.724649	0.0000611
232.742698	0.0001794
232.760747	0.0000569
232.778797	-0.0003018
232.796848	0.0011489
232.814900	0.0008531
232.832952	0.0002205
232.851005	0.0006184
232.869059	0.0009721
232.887113	-0.0001261
232.905168	0.0007314
232.923224	0.0015373
232.941280	0.0001546
232.959338	-0.0001657
232.977396	-0.0001639
232.995454	-0.0010129
233.013514	0.0027372
233.031574	0.0006159
233.049634	-0.0015068
233.067696	0.0006683
233.085758	0.0011464
233.103821	-0.0008448
233.121884	0.0008909
233.139948	-0.0031689
233.158013	-0.0009526
233.176079	0.0004812
233.194145	0.0003895
233.212212	0.0003861
233.230280	-0.0006332
233.248349	0.0019720
233.266418	0.0005602
233.284488	-0.0002859
233.302558	-0.0010829
233.320629	0.0002544
233.338701	-0.0013495
233.356774	0.0011106
233.374847	-0.0011966
233.392921	0.0024438
233.410996	0.0005405
233.429072	-0.0019463
233.447148	0.0006844
233.465225	-0.0018505
233.483302	-0.0006927
233.501380	0.0010718
233.519459	0.0016814
233.537539	-0.0005728
233.555620	0.0005556
233.573701	-0.0018408
233.591782	-0.0002971
233.609865	0.0007690
233.627948	-0.0025013
233.646032	0.0012136
233.664117	0.0001662
233.682202	0.0005901
233.700288	-0.0005599
233.718375	-0.0012507
233.736462	-0.0011690
233.754550	0.0007230
233.772639	0.0003650
233.790728	0.0008791
233.808819	-0.0003810
233.826910	0.0014609
233.845001	0.0000995
233.863094	-0.0007999
233.881187	-0.0011608
233.899280	-0.0005941
233.917375	0.0012838
233.935470	0.0007913
233.953566	-0.0002138
233.971662	0.0004880
233.989759	0.0002790
234.007857	-0.0005195
234.025956	-0.0010774
234.044055	0.0009632
234.062155	-0.0006161
234.080256	0.0013068
234.098358	-0.0000650
234.116460	-0.0011465
234.134563	-0.0005438
234.152666	-0.0015644
234.170771	-0.0016241
234.188876	-0.0013188
234.206981	0.0002706
234.225088	-0.0013379
234.243195	-0.0016549
234.261302	-0.0003646
234.279411	-0.0003610
234.297520	0.0003641
234.315630	-0.0006904
234.333741	0.0010701
234.351852	0.0004532
234.369964	-0.0017364
234.388077	0.0003944
234.406190	0.0004191
234.424304	0.0007134
234.442419	-0.0010791
234.460534	0.0023560
234.478651	0.0003183
234.496767	-0.0005990
234.514885	-0.0011181
234.533003	-0.0005240
234.551122	-0.0000416
234.569242	0.0001319
234.587363	-0.0004132
234.605484	-0.0001447
234.623605	-0.0004464
234.641728	0.0005476
234.659851	0.0014481
234.677975	-0.0000268
234.696100	-0.0006876
234.714225	0.0019267
234.732351	-0.0012487
234.750478	0.0004424
234.768605	0.0003843
234.786734	0.0010746
234.804862	0.0005294
234.822992	-0.0014275
234.841122	0.0019090
234.859253	0.0007098
234.877385	0.0013396
234.895517	-0.0012675
234.913650	-0.0013409
234.931784	0.0001717
234.949918	0.0010323
234.968054	0.0005874
234.986190	-0.0005321
235.004326	0.0008171
235.022463	-0.0004682
235.040601	-0.0000016
235.058740	-0.0006352
235.076879	0.0006230
235.095020	-0.0007765
235.113160	0.0007706
235.131302	-0.0001534
235.149444	0.0002351
235.167587	-0.0007703
235.185730	0.0000304
235.203875	-0.0013733
235.222020	-0.0004800
235.240165	-0.0006731
235.258312	0.0005702
235.276459	0.0005973
235.294607	0.0011357
235.312755	-0.0002941
235.330905	0.0015201
235.349054	0.0010347
235.367205	0.0012059
235.385356	-0.0006726
235.403508	0.0014564
235.421661	0.0022352
235.439815	-0.0003619
235.457969	0.0000453
235.476124	-0.0004394
235.494279	-0.0020570
235.512435	0.0018495
235.530592	-0.0000197
235.548750	-0.0005657
235.566908	0.0008620
235.585067	0.0001432
235.603227	0.0024418
235.621388	0.0011662
235.639549	0.0003752
235.657711	-0.0011480
235.675873	-0.0002725
235.694036	0.0008189
235.712200	-0.0008774
235.730365	-0.0009021
235.748530	-0.0026912
235.766697	0.0009715
235.784863	-0.0011828
235.803031	0.0014677
235.821199	0.0003179
235.839368	0.0001320
235.857537	0.0004138
235.875708	-0.0006236
235.893879	0.0007732
235.912050	0.0005088
235.930223	0.0003911
235.948396	0.0014132
235.966570	-0.0010858
235.984744	0.0015780
236.002920	0.0001314
236.021095	0.0022436
236.039272	-0.0001122
236.057449	0.0000074
236.075627	-0.0000593
236.093806	0.0005020
236.111986	-0.0002616
236.130166	-0.0006881
236.148346	0.0005184
236.166528	-0.0011443
236.184710	-0.0006218
236.202893	-0.0010112
236.221077	-0.0008706
236.239261	-0.0002181
236.257446	0.0002222
236.275632	0.0005582
236.293818	0.0007503
236.312006	0.0000334
236.330193	-0.0004827
236.348382	-0.0009823
236.366571	0.0016011
236.384761	0.0013310
236.402952	0.0001751
236.421143	0.0001882
236.439335	-0.0005109
236.457528	0.0019237
236.475721	0.0001918
236.493916	0.0010611
236.512111	0.0002408
236.530306	0.0009841
236.548502	0.0002432
236.566699	-0.0005469
236.584897	-0.0009475
236.603095	-0.0003059
236.621295	-0.0008953
236.639494	0.0008293
236.657695	0.0005238
236.675896	0.0010876
236.694098	0.0011787
236.712301	0.0005327
236.730504	0.0024345
236.748708	0.0005944
236.766913	-0.0004743
236.785118	-0.0001412
236.803324	-0.0012217
236.821531	-0.0006822
236.839738	-0.0020671
236.857947	0.0002556
236.876156	0.0006631
236.894365	-0.0002375
236.912576	-0.0008323
236.930787	-0.0004258
236.948998	-0.0000826
236.967211	-0.0010741
236.985424	0.0003405
237.003638	0.0009195
237.021852	-0.0002182
237.040067	-0.0011487
237.058283	0.0022180
237.076500	0.0001858
237.094717	0.0003846
237.112935	0.0015700
237.131154	0.0015915
237.149374	0.0006590
237.167594	0.0014751
237.185815	-0.0013912
237.204036	-0.0001320
237.222259	-0.0005576
237.240482	-0.0001380
237.258705	-0.0015585
237.276930	-0.0011662
237.295155	0.0006634
237.313380	0.0000026
237.331607	0.0016365
237.349834	-0.0000599
237.368062	0.0016108
237.386291	0.0001931
237.404520	0.0020774
237.422750	0.0004998
237.440981	0.0018725
237.459212	-0.0003047
237.477444	0.0003777
237.495677	0.0001324
237.513910	0.0001777
237.532145	-0.0014601
237.550380	-0.0012107
237.568615	0.0017912
237.586851	-0.0004850
237.605088	-0.0020292
237.623326	0.0023551
237.641565	0.0015529
237.659804	0.0010744
237.678044	-0.0007966
237.696284	0.0007897
237.714525	0.0016931
237.732767	-0.0000991
237.751010	-0.0005158
237.769253	0.0009876
237.787497	0.0000333
237.805742	-0.0005041
237.823988	0.0006629
237.842234	0.0010381
237.860481	0.0009718
237.878728	-0.0011665
237.896976	-0.0011882
237.915225	-0.0018530
237.933475	-0.0011684
237.951725	0.0007039
237.969976	-0.0009412
237.988228	0.0005434
238.006481	-0.0005423
238.024734	-0.0010210
238.042988	0.0013123
238.061242	-0.0004282
238.079498	0.0014889
238.097754	0.0001959
238.116010	-0.0016575
238.134268	0.0001517
238.152526	-0.0001040
238.170784	-0.0012750
238.189044	-0.0005626
238.207304	-0.0005621
238.225565	-0.0004516
238.243827	-0.0002419
238.262089	0.0007039
238.280352	0.0024501
238.298616	0.0022217
238.316880	-0.0008800
238.335145	0.0017641
238.353411	0.0019242
238.371678	0.0007247
238.389945	-0.0008493
238.408213	0.0003517
238.426481	-0.0006344
238.444751	0.0003536
238.463021	-0.0001510
238.481291	0.0015825
238.499563	-0.0019955
238.517835	-0.0012943
238.536108	0.0001361
238.554381	-0.0003456
238.572656	0.0001003
238.590931	0.0007879
238.609206	0.0006026
238.627483	-0.0000076
238.645760	0.0001062
238.664037	0.0000781
238.682316	0.0009342
238.700595	-0.0007923
238.718875	-0.0002189
238.737156	-0.0020675
238.755437	-0.0003705
238.773719	-0.0001338
238.792001	0.0011781
238.810285	0.0026898
238.828569	-0.0035252
238.846854	-0.0006534
238.865139	0.0006152
238.883425	-0.0003462
238.901712	0.0012117
238.920000	0.0000754
238.938288	-0.0011256
238.956577	-0.0002323
238.974867	-0.0005161
238.993157	0.0008813
239.011448	0.0005949
239.029740	-0.0011456
239.048033	0.0010304
239.066326	0.0010148
239.084620	-0.0008538
239.102914	-0.0002910
239.121210	0.0002378
239.139506	0.0001107
239.157802	-0.0004075
239.176100	0.0012589
239.194398	0.0006711
239.212697	0.0004934
239.230996	0.0006777
239.249297	-0.0006648
239.267598	0.0009100
239.285899	-0.0003890
239.304202	-0.0011213
239.322505	-0.0000039
239.340808	-0.0012663
239.359113	0.0002178
239.377418	-0.0005805
239.395724	0.0010083
239.414030	0.0016599
239.432338	0.0000070
239.450646	0.0004743
239.468954	0.0006810
239.487264	0.0006618
239.505574	-0.0002110
239.523884	0.0015838
239.542196	0.0001484
239.560508	-0.0006084
239.578821	-0.0011998
239.597135	-0.0025827
239.615449	-0.0010591
239.633764	0.0010408
239.652080	0.0008338
239.670396	-0.0007608
239.688713	-0.0001960
239.707031	0.0007757
239.725349	-0.0010060
239.743668	0.0007039
239.761988	0.0005026
239.780309	-0.0003188
239.798630	0.0018722
239.816952	0.0001466
239.835275	-0.0002652
239.853598	-0.0006078
239.871923	0.0006500
239.890247	0.0019002
239.908573	0.0015155
239.926899	0.0002851
239.945226	0.0006504
239.963554	0.0003759
239.981882	-0.0011542
240.000211	-0.0012528
240.018541	0.0005912
240.036871	0.0000430
240.055202	-0.0004807
240.073534	-0.0010102
240.091867	-0.0023921
240.110200	-0.0001287
240.128534	0.0015273
240.146869	-0.0009540
240.165204	0.0006660
240.183540	-0.0003212
240.201877	-0.0003346
240.220214	-0.0007785
240.238552	0.0006079
240.256891	0.0003277
240.275231	0.0020493
240.293571	-0.0011979
240.311912	-0.0009107
240.330254	-0.0011283
240.348596	-0.0003508
240.366939	-0.0016203
240.385283	-0.0001789
240.403628	-0.0006135
240.421973	-0.0004911
240.440319	-0.0000536
240.458665	0.0001003
240.477012	-0.0000702
240.495360	0.0001851
240.513709	0.0003252
240.532059	-0.0016000
240.550409	-0.0002966
240.568760	-0.0007389
240.587111	-0.0014035
240.605463	0.0008066
240.623816	0.0015693
240.642170	0.0005984
240.660524	-0.0019555
240.678879	0.0002399
240.697235	0.0009380
240.715591	0.0009316
240.733948	-0.0012543
240.752306	-0.0018343
240.770665	0.0006368
240.789024	0.0000369
240.807384	0.0012376
240.825745	0.0000490
240.844106	-0.0015345
240.862468	0.0001525
240.880831	0.0016264
240.899194	-0.0011744
240.917558	0.0004888
240.935923	-0.0021595
240.954289	0.0002911
240.972655	0.0004044
240.991022	0.0009211
241.009390	-0.0001785
241.027758	-0.0005053
241.046127	-0.0006020
241.064497	0.0000840
241.082867	-0.0001546
241.101238	0.0013788
241.119610	0.0006727
241.137983	0.0001675
241.156356	0.0011428
241.174730	0.0006634
241.193105	0.0008111
241.211480	-0.0014079
241.229856	0.0004107
241.248233	-0.0004827
241.266611	-0.0001654
241.284989	0.0001056
241.303368	-0.0000081
241.321747	-0.0000464
241.340128	0.0000528
241.358509	0.0007583
241.376890	0.0008990
241.395273	-0.0014698
241.413656	0.0016973
241.432040	-0.0017076
241.450424	-0.0002911
241.468810	0.0000347
241.487195	0.0009237
241.505582	0.0006672
241.523969	-0.0000549
241.542358	-0.0023329
241.560746	0.0000226
241.579136	0.0001669
241.597526	0.0000242
241.615917	-0.0007996
241.634308	0.0007611
241.652700	-0.0005847
241.671093	0.0001483
241.689487	0.0016862
241.707881	-0.0003866
241.726276	0.0004709
241.744672	0.0007325
241.763069	-0.0007754
241.781466	0.0009596
241.799864	0.0004644
241.818262	-0.0015511
241.836662	0.0010558
241.855062	-0.0005063
241.873462	-0.0009421
241.891864	-0.0007306
241.910266	-0.0006049
241.928669	-0.0015548
241.947072	-0.0012066
241.965476	-0.0007640
241.983881	0.0020595
242.002287	0.0005865
242.020693	0.0011575
242.039100	-0.0000446
242.057508	-0.0004738
242.075916	-0.0001549
242.094325	-0.0005018
242.112735	0.0002773
242.131146	0.0002371
242.149557	0.0005161
242.167969	-0.0009650
242.186381	-0.0012744
242.204795	0.0010786
242.223209	-0.0002114
242.241623	0.0017834
242.260039	-0.0000752
242.278455	-0.0006535
242.296872	-0.0002511
242.315289	-0.0010281
242.333708	-0.0027299
242.352126	-0.0008356
242.370546	-0.0002562
242.388966	-0.0016785
242.407387	0.0005170
242.425809	-0.0002886
242.444232	0.0010112
242.462655	0.0006516
242.481079	-0.0000696
242.499503	0.0008857
242.517929	-0.0003610
242.536355	0.0011283
242.554781	0.0004844
242.573209	-0.0008227
242.591637	-0.0011759
242.610065	0.0005501
242.628495	0.0016368
242.646925	-0.0007482
242.665356	-0.0008331
242.683788	0.0008011
242.702220	0.0003136
242.720653	-0.0013363
242.739086	0.0005589
242.757521	0.0022651
242.775956	0.0016133
242.794392	-0.0006554
242.812828	0.0010939
242.831265	-0.0002752
242.849703	-0.0004667
242.868142	-0.0010966
242.886581	-0.0016702
242.905021	-0.0014199
242.923462	-0.0002510
242.941903	0.0001558
242.960346	-0.0003271
242.978788	0.0014683
242.997232	-0.0034577
243.015676	0.0004454
243.034121	-0.0000258
243.052567	0.0009884
243.071013	0.0014333
243.089460	-0.0010067
243.107908	0.0004978
243.126356	0.0007272
243.144805	0.0012577
243.163255	-0.0000470
243.181706	0.0015919
243.200157	-0.0004444
243.218609	0.0003618
243.237062	0.0006982
243.255515	-0.0002780
243.273969	-0.0010044
243.292424	-0.0026378
243.310879	-0.0004591
243.329336	-0.0014326
243.347792	0.0019944
243.366250	0.0002519
243.384708	-0.0005075
243.403167	-0.0004523
243.421627	-0.0007609
243.440087	0.0001314
243.458548	0.0004695
243.477010	-0.0005146
243.495473	0.0003106
243.513936	0.0010052
243.532400	0.0018470
243.550864	0.0006987
243.569330	0.0008660
243.587796	0.0019681
243.606262	0.0013075
243.624730	0.0002282
243.643198	0.0008113
243.661667	-0.0003165
243.680136	0.0009056
243.698606	-0.0003619
243.717077	0.0006253
243.735549	0.0010233
243.754021	-0.0008455
243.772494	0.0016661
243.790968	0.0000852
243.809442	0.0007515
243.827918	-0.0004175
243.846393	-0.0010879
243.864870	0.0011598
243.883347	-0.0007968
243.901825	0.0000980
243.920304	0.0012429
243.938783	0.0022863
243.957263	-0.0011471
243.975744	-0.0015744
243.994225	-0.0005892
244.012708	0.0014930
244.031190	-0.0007389
244.049674	-0.0000751
244.068158	-0.0003115
244.086643	-0.0002022
244.105129	0.0003173
244.123615	0.0004859
244.142102	0.0000287
244.160590	0.0003240
244.179079	0.0013116
244.197568	-0.0002403
244.216058	0.0004740
244.234548	0.0000302
244.253040	-0.0010022
244.271531	-0.0006186
244.290024	0.0007317
244.308518	0.0003557
244.327012	0.0014935
244.345506	0.0020450
244.364002	-0.0014400
244.382498	-0.0001353
244.400995	0.0013204
244.419493	0.0006220
244.437991	-0.0015460
244.456490	0.0019713
244.474990	-0.0004323
244.493490	-0.0009846
244.511991	-0.0010768
244.530493	-0.0000035
244.548996	0.0024285
244.567499	-0.0002121
244.586003	-0.0003790
244.604507	0.0009085
244.623013	-0.0001842
244.641519	0.0014956
244.660026	-0.0003922
244.678533	-0.0000118
244.697041	0.0005560
244.715550	-0.0001140
244.734060	-0.0011663
244.752570	0.0006099
244.771081	-0.0010818
244.789592	0.0001936
244.808105	0.0012711
244.826618	0.0004785
244.845132	0.0010091
244.863646	0.0024507
244.882161	0.0005574
244.900677	0.0010398
244.919194	0.0014294
244.937711	-0.0003793
244.956229	-0.0005949
244.974748	0.0005509
244.993267	-0.0015037
245.011787	-0.0009234
245.030308	0.0007130
245.048829	-0.0013574
245.067352	0.0008704
245.085874	-0.0007860
245.104398	0.0003679
245.122922	-0.0004480
245.141447	-0.0004080
245.159973	-0.0018930
245.178500	-0.0003891
245.197027	-0.0007065
245.215554	0.0008735
245.234083	-0.0005845
245.252612	0.0007472
245.271142	-0.0006335
245.289673	0.0001134
245.308204	-0.0002123
245.326736	-0.0004054
245.345269	-0.0005442
245.363802	0.0003348
245.382336	0.0016772
245.400871	0.0003759
245.419407	-0.0009260
245.437943	-0.0001547
245.456480	0.0001493
245.475018	0.0009875
245.493556	0.0011911
245.512095	-0.0012576
245.530635	-0.0019161
245.549175	-0.0017117
245.567716	-0.0011128
245.586258	0.0010638
245.604801	-0.0008742
245.623344	-0.0000706
245.641888	0.0006867
245.660433	0.0008798
245.678978	0.0016526
245.697524	-0.0019830
245.716071	-0.0004204
245.734618	-0.0001437
245.753167	-0.0004723
245.771715	0.0021262
245.790265	-0.0000283
245.808815	0.0002727
245.827366	0.0010840
245.845918	0.0003709
245.864470	0.0016914
245.883024	0.0003120
245.901577	0.0001748
245.920132	0.0001736
245.938687	-0.0013744
245.957243	0.0007235
245.975800	-0.0000717
245.994357	0.0006763
246.012915	0.0009235
246.031474	0.0005979
246.050033	0.0001026
246.068593	-0.0003148
246.087154	0.0005344
246.105716	-0.0013690
246.124278	-0.0002735
246.142841	0.0010089
246.161404	-0.0001135
246.179969	0.0011590
246.198534	-0.0006240
246.217099	-0.0005971
246.235666	-0.0000809
246.254233	-0.0003953
246.272801	0.0022818
246.291369	-0.0015301
246.309939	-0.0018906
246.328509	0.0001283
246.347079	-0.0001894
246.365651	-0.0002832
246.384223	0.0011621
246.402795	-0.0009513
246.421369	-0.0006901
246.439943	0.0000282
246.458518	0.0000333
246.477094	0.0001233
246.495670	0.0004989
246.514247	0.0016446
246.532825	0.0000313
246.551403	-0.0002678
246.569982	0.0001472
246.588562	-0.0001890
246.607142	0.0003600
246.625723	-0.0006483
246.644305	-0.0002699
246.662888	-0.0014894
246.681471	-0.0001794
246.700055	-0.0001880
246.718640	0.0000755
246.737225	0.0002819
246.755812	0.0003540
246.774398	0.0010379
246.792986	0.0016840
246.811574	0.0005718
246.830163	-0.0022197
246.848753	0.0001505
246.867343	0.0004792
246.885934	-0.0010640
246.904526	0.0018609
246.923118	0.0020964
246.941711	-0.0019677
246.960305	0.0007798
246.978900	-0.0005769
246.997495	-0.0008496
247.016091	0.0003599
247.034688	0.0007230
247.053285	-0.0006767
247.071883	-0.0002513
247.090482	-0.0000336
247.109081	0.0002172
247.127681	-0.0018094
247.146282	0.0008502
247.164884	-0.0013122
247.183486	0.0015676
247.202089	-0.0003802
247.220693	-0.0016569
247.239297	0.0007094
247.257902	-0.0007599
247.276508	0.0012172
247.295114	-0.0004292
247.313722	0.0011387
247.332329	-0.0023656
247.350938	0.0011763
247.369547	0.0010735
247.388157	0.0002188
247.406768	0.0002551
247.425379	0.0002084
247.443991	-0.0009615
247.462604	0.0012625
247.481218	0.0013938
247.499832	0.0004712
247.518447	-0.0013054
247.537063	0.0001004
247.555679	0.0007767
247.574296	-0.0009609
247.592914	0.0009522
247.611532	-0.0014308
247.630151	0.0005885
247.648771	-0.0012850
247.667391	0.0003047
247.686013	-0.0005412
247.704635	0.0002784
247.723257	0.0006435
247.741881	0.0005659
247.760505	0.0009444
247.779129	-0.0004338
247.797755	0.0002578
247.816381	-0.0007917
247.835008	-0.0026323
247.853635	-0.0010371
247.872264	-0.0013677
247.890893	0.0007009
247.909522	0.0000480
247.928153	0.0010621
247.946784	-0.0006046
247.965416	0.0006984
247.984048	-0.0007879
248.002681	0.0022133
248.021315	-0.0010717
248.039950	-0.0014182
248.058585	-0.0003530
248.077221	-0.0005121
248.095858	-0.0006437
248.114495	-0.0012384
248.133133	0.0005007
248.151772	0.0006128
248.170411	-0.0004230
248.189052	-0.0010410
248.207692	0.0008722
248.226334	-0.0008228
248.244976	0.0002226
248.263619	0.0012620
248.282263	-0.0015176
248.300907	-0.0007241
248.319553	0.0003683
248.338198	0.0001421
248.356845	-0.0025546
248.375492	0.0005632
248.394140	-0.0001283
248.412789	0.0008369
248.431438	-0.0020437
248.450088	-0.0000390
248.468739	-0.0008436
248.487390	0.0007862
248.506042	0.0023961
248.524695	0.0005895
248.543349	0.0001147
248.562003	0.0008200
248.580658	0.0019192
248.599314	-0.0008645
248.617970	-0.0003052
248.636627	-0.0006520
248.655285	-0.0014562
248.673943	-0.0001019
248.692602	-0.0037675
248.711262	-0.0008391
248.729923	0.0000304
248.748584	-0.0005815
248.767246	-0.0001769
248.785909	0.0003877
248.804572	-0.0011583
248.823236	-0.0002411
248.841901	0.0008507
248.860566	0.0001972
248.879233	0.0004586
248.897900	-0.0000727
248.916567	-0.0011910
248.935235	0.0004156
248.953904	0.0015088
248.972574	-0.0005299
248.991244	-0.0000952
249.009916	-0.0006316
249.028587	0.0001832
249.047260	0.0001993
249.065933	-0.0020223
249.084607	0.0003015
249.103282	0.0020221
249.121957	-0.0017752
249.140633	-0.0013522
249.159310	0.0010776
249.177987	-0.0002486
249.196665	0.0010739
249.215344	0.0012535
249.234024	0.0021162
249.252704	0.0010038
249.271385	0.0000986
249.290066	-0.0002613
249.308749	0.0002842
249.327432	0.0000699
249.346116	-0.0007423
249.364800	-0.0003223
249.383485	0.0001213
249.402171	0.0019422
249.420858	-0.0014520
249.439545	-0.0007852
249.458233	-0.0000918
249.476921	0.0010443
249.495611	0.0000284
249.514301	-0.0011188
249.532992	-0.0003877
249.551683	-0.0017745
249.570375	0.0002729
249.589068	0.0003525
249.607762	0.0000547
249.626456	-0.0007072
249.645151	0.0013614
249.663847	-0.0012785
249.682543	-0.0006382
249.701240	0.0003328
249.719938	0.0003423
249.738636	0.0005951
249.757336	-0.0008615
249.776036	-0.0004085
249.794736	0.0003564
249.813437	-0.0001389
249.832140	0.0009082
249.850842	0.0003686
249.869546	0.0009857
249.888250	0.0019035
249.906955	0.0022717
249.925660	0.0017298
249.944366	0.0019752
249.963073	0.0021109
249.981781	0.0030219
250.000489	0.0028302
250.019198	0.0028634
250.037908	0.0031323
250.056618	0.0027758
250.075330	0.0027086
250.094041	0.0018647
250.112754	0.0002214
250.131467	0.0012364
250.150181	-0.0000090
250.168896	-0.0005784
250.187611	-0.0003401
250.206327	-0.0011585
250.225044	0.0006839
250.243761	-0.0005837
250.262480	-0.0013508
250.281198	-0.0000611
250.299918	0.0002273
250.318638	0.0004240
250.337359	0.0012448
250.356081	0.0016736
250.374803	0.0009391
250.393526	0.0001237
250.412250	-0.0000103
250.430975	0.0009408
250.449700	0.0011450
250.468426	-0.0016841
250.487152	0.0004849
250.505880	0.0009613
250.524608	-0.0009358
250.543336	-0.0015498
250.562066	-0.0001628
250.580796	0.0011335
250.599527	0.0014649
250.618258	-0.0011055
250.636990	0.0004373
250.655723	0.0015453
250.674457	0.0005132
250.693191	-0.0019159
250.711926	-0.0010665
250.730662	0.0000222
250.749398	-0.0021155
250.768136	0.0010954
250.786873	0.0021608
250.805612	-0.0014490
250.824351	-0.0010751
250.843091	0.0009274
250.861832	-0.0005204
250.880573	-0.0002915
250.899315	-0.0007715
250.918058	-0.0014006
250.936801	-0.0008252
250.955545	-0.0002427
250.974290	-0.0004596
250.993036	0.0000279
251.011782	-0.0008381
251.030529	0.0000483
251.049277	0.0002237
251.068025	0.0001304
251.086774	0.0001920
251.105524	0.0007281
251.124274	0.0007431
251.143026	-0.0002825
251.161777	0.0010397
251.180530	0.0026765
251.199283	0.0000910
251.218037	-0.0008675
251.236792	0.0001259
251.255547	0.0018064
251.274303	-0.0007677
251.293060	0.0011836
251.311818	-0.0008443
251.330576	-0.0002341
251.349335	-0.0001269
251.368094	0.0006257
251.386855	-0.0013148
251.405616	-0.0000760
251.424378	0.0023626
251.443140	-0.0015120
251.461903	0.0009263
251.480667	-0.0011601
251.499431	0.0006728
251.518197	0.0003180
251.536963	-0.0001523
251.555729	0.0018619
251.574497	-0.0011663
251.593265	-0.0012600
251.612033	-0.0006367
251.630803	-0.0006549
251.649573	-0.0030825
251.668344	-0.0000978
251.687115	0.0009069
251.705888	-0.0005151
251.724660	0.0011340
251.743434	-0.0007781
251.762208	-0.0010068
251.780984	-0.0007575
251.799759	0.0001350
251.818536	-0.0002468
251.837313	0.0005002
251.856091	-0.0003167
251.874869	-0.0013940
251.893649	0.0005794
251.912429	0.0012765
251.931209	0.0011180
251.949991	0.0024599
251.968773	-0.0008413
251.987556	-0.0003263
252.006339	0.0002271
252.025123	0.0005127
252.043908	-0.0019945
252.062694	-0.0003949
252.081480	-0.0001527
252.100267	0.0006795
252.119055	-0.0002370
252.137843	0.0000000
252.156632	0.0013882
252.175422	-0.0004237
252.194213	0.0017664
252.213004	0.0004405
252.231796	0.0011364
252.250588	0.0004712
252.269382	0.0002382
252.288176	-0.0006415
252.306970	-0.0006561
252.325766	0.0002544
252.344562	0.0004605
252.363359	0.0000494
252.382156	0.0011215
252.400954	0.0008276
252.419753	0.0019391
252.438553	0.0011065
252.457353	0.0013597
252.476154	-0.0011337
252.494956	-0.0011420
252.513759	-0.0003355
252.532562	0.0004210
252.551366	-0.0005832
252.570170	-0.0008036
252.588976	0.0003019
252.607781	0.0008509
252.626588	-0.0002893
252.645396	0.0006503
252.664204	0.0007125
252.683012	0.0005353
252.701822	0.0007172
252.720632	-0.0005462
252.739443	-0.0008624
252.758254	0.0007300
252.777067	0.0013902
252.795880	0.0007561
252.814693	0.0004862
252.833508	0.0013362
252.852323	0.0009731
252.871139	-0.0009484
252.889955	-0.0017451
252.908772	0.0006398
252.927590	-0.0012460
252.946409	-0.0016529
252.965228	-0.0002523
252.984048	-0.0003418
253.002869	-0.0014833
253.021690	0.0015067
253.040512	-0.0012751
253.059335	0.0005638
253.078159	-0.0012295
253.096983	-0.0003637
253.115808	-0.0010271
253.134634	0.0004157
253.153460	0.0000082
253.172287	0.0002292
253.191115	-0.0005028
253.209943	0.0002075
253.228772	0.0008175
253.247602	-0.0006191
253.266433	-0.0000487
253.285264	0.0018524
253.304096	-0.0008308
253.322929	-0.0000633
253.341762	0.0004939
253.360596	0.0015729
253.379431	0.0025916
253.398266	-0.0013480
253.417102	-0.0010982
253.435939	-0.0025152
253.454777	-0.0016067
253.473615	-0.0002762
253.492454	-0.0004888
253.511294	-0.0007400
253.530134	0.0008226
253.548975	-0.0012255
253.567817	-0.0017966
253.586660	-0.0002853
253.605503	0.0007653
253.624347	0.0007525
253.643191	0.0008045
253.662036	0.0002390
253.680882	-0.0014215
253.699729	0.0007642
253.718577	-0.0002107
253.737425	0.0023863
253.756274	0.0009555
253.775123	-0.0005920
253.793973	-0.0006616
253.812824	-0.0004362
253.831676	-0.0022202
253.850528	-0.0001293
253.869381	-0.0006180
253.888235	-0.0004097
253.907089	-0.0006974
253.925944	-0.0009876
253.944800	0.0000283
253.963657	0.0002472
253.982514	0.0016535
254.001372	0.0004025
254.020231	0.0004104
254.039090	0.0025686
254.057950	0.0006178
254.076811	0.0009638
254.095672	0.0014793
254.114534	0.0009313
254.133397	0.0005158
254.152261	0.0017860
254.171125	0.0003442
254.189990	-0.0007862
254.208856	0.0014473
254.227722	0.0001553
254.246589	-0.0010061
254.265457	0.0005972
254.284325	-0.0010603
254.303195	0.0003014
254.322064	-0.0003537
254.340935	-0.0013741
254.359806	0.0010087
254.378678	-0.0010116
254.397551	-0.0006155
254.416424	-0.0004303
254.435298	-0.0002237
254.454173	-0.0020750
254.473049	0.0012092
254.491925	-0.0000342
254.510802	0.0006346
254.529680	0.0021725
254.548558	0.0008330
254.567437	0.0013410
254.586317	-0.0005319
254.605197	-0.0008542
254.624078	0.0005550
254.642960	0.0005209
254.661842	0.0016014
254.680726	0.0003982
254.699610	0.0009031
254.718494	-0.0017010
254.737380	-0.0011326
254.756266	-0.0017486
254.775152	-0.0009031
254.794040	0.0011490
254.812928	0.0011701
254.831817	0.0001970
254.850706	-0.0005688
254.869597	-0.0008459
254.888488	-0.0006269
254.907379	0.0012058
254.926272	0.0010124
254.945165	0.0014607
254.964058	-0.0010422
254.982953	0.0019667
255.001848	0.0007624
255.020744	0.0010770
255.039640	0.0014134
255.058538	0.0000761
255.077436	-0.0011489
255.096334	-0.0009262
255.115234	0.0008440
255.134134	0.0001689
255.153035	0.0004160
255.171936	-0.0003203
255.190838	0.0002526
255.209741	0.0008335
255.228645	0.0020427
255.247549	0.0001291
255.266454	0.0004766
255.285360	-0.0015346
255.304266	-0.0001669
255.323173	0.0004433
255.342081	-0.0017802
255.360990	-0.0010841
255.379899	-0.0004342
255.398809	0.0001876
255.417719	-0.0008402
255.436631	0.0003143
255.455543	0.0006847
255.474456	0.0007580
255.493369	-0.0009971
255.512283	-0.0001602
255.531198	0.0003894
255.550113	0.0014998
255.569030	-0.0017764
255.587947	-0.0028225
255.606864	0.0004047
255.625783	0.0003570
255.644702	0.0001977
255.663621	0.0009564
255.682542	-0.0013745
255.701463	0.0002608
255.720385	0.0007568
255.739307	0.0000026
255.758231	0.0007085
255.777155	-0.0008433
255.796079	0.0002995
255.815005	-0.0001136
255.833931	0.0009883
255.852858	0.0007563
255.871785	-0.0015908
255.890713	-0.0009727
255.909642	-0.0002992
255.928572	-0.0004667
255.947502	0.0008946
255.966433	-0.0013159
255.985365	-0.0000718
256.004297	0.0002858
256.023230	-0.0011051
256.042164	0.0010832
256.061098	-0.0001720
256.080034	-0.0001876
256.098970	-0.0001699
256.117906	-0.0014684
256.136844	-0.0010983
256.155782	-0.0004893
256.174720	-0.0009213
256.193660	0.0008615
256.212600	0.0013950
256.231541	-0.0020500
256.250482	-0.0005076
256.269424	0.0007069
256.288367	0.0013087
256.307311	-0.0005279
256.326255	0.0003464
256.345200	0.0008800
256.364146	-0.0003839
256.383093	-0.0007647
256.402040	-0.0006615
256.420988	0.0001047
256.439936	0.0002451
256.458885	0.0000681
256.477835	-0.0011091
256.496786	-0.0009086
256.515737	-0.0019470
256.534689	-0.0000763
256.553642	-0.0014755
256.572596	0.0003259
256.591550	-0.0007854
256.610505	0.0013733
256.629460	0.0023227
256.648416	0.0003928
256.667373	0.0012519
256.686331	-0.0012786
256.705290	0.0002251
256.724249	-0.0004727
256.743208	0.0011060
256.762169	0.0006033
256.781130	0.0004240
256.800092	-0.0021113
256.819055	0.0016017
256.838018	0.0010250
256.856982	-0.0001028
256.875947	0.0002598
256.894912	0.0001708
256.913878	-0.0005445
256.932845	0.0003496
256.951812	-0.0007351
256.970781	-0.0000396
256.989750	-0.0000644
257.008719	-0.0016815
257.027690	-0.0010262
257.046661	0.0027502
257.065632	-0.0002189
257.084605	0.0010441
257.103578	-0.0000817
257.122552	0.0010125
257.141526	-0.0003592
257.160501	0.0011146
257.179477	-0.0004379
257.198454	-0.0026562
257.217431	-0.0005246
257.236409	0.0009794
257.255388	-0.0002929
257.274368	0.0000178
257.293348	-0.0009158
257.312329	-0.0014635
257.331310	-0.0007781
257.350293	0.0010536
257.369276	0.0025998
257.388259	-0.0006555
257.407244	-0.0014192
257.426229	-0.0010638
257.445214	-0.0002723
257.464201	-0.0007080
257.483188	-0.0002409
257.502176	-0.0012430
257.521165	0.0012346
257.540154	-0.0010772
257.559144	0.0007180
257.578135	-0.0010037
257.597126	-0.0001099
257.616118	0.0009504
257.635111	-0.0001833
257.654104	-0.0009477
257.673099	-0.0014499
257.692093	0.0010293
257.711089	0.0009020
257.730085	-0.0004889
257.749082	0.0013209
257.768080	-0.0006247
257.787079	0.0009426
257.806078	-0.0011183
257.825077	0.0015848
257.844078	0.0004948
257.863079	0.0005378
257.882081	-0.0009600
257.901084	0.0000372
257.920087	-0.0007921
257.939091	0.0013991
257.958096	0.0007854
257.977101	-0.0003578
257.996108	-0.0013269
258.015114	0.0008054
258.034122	0.0019270
258.053130	0.0013031
258.072139	-0.0004836
258.091149	-0.0010872
258.110159	-0.0001122
258.129170	-0.0006726
258.148182	-0.0008988
258.167194	0.0007574
258.186208	0.0000881
258.205222	0.0005883
258.224236	-0.0006448
258.243251	-0.0014535
258.262267	0.0006683
258.281284	-0.0003959
258.300301	0.0006380
258.319320	-0.0003431
258.338338	-0.0006892
258.357358	0.0001453
258.376378	0.0002592
258.395399	-0.0010004
258.414420	0.0003521
258.433443	-0.0005960
258.452466	-0.0007108
258.471489	0.0009461
258.490514	-0.0016194
258.509539	0.0010238
258.528565	0.0013076
258.547591	0.0009725
258.566619	-0.0005243
258.585646	-0.0008968
258.604675	-0.0005756
258.623704	-0.0017705
258.642734	0.0017254
258.661765	0.0008252
258.680797	-0.0008151
258.699829	0.0009158
258.718862	0.0019975
258.737895	-0.0002715
258.756929	0.0000268
258.775964	-0.0021466
258.795000	-0.0007742
258.814036	0.0014695
258.833073	-0.0001684
258.852111	-0.0017247
258.871150	-0.0001961
258.890189	0.0010336
258.909229	-0.0004576
258.928269	-0.0004105
258.947310	0.0002671
258.966352	-0.0006324
258.985395	0.0001433
259.004438	0.0011291
259.023483	0.0010072
259.042527	-0.0011244
259.061573	0.0007617
259.080619	0.0027466
259.099666	0.0011474
259.118713	0.0011497
259.137762	0.0021474
259.156811	0.0007642
259.175860	0.0005714
259.194911	-0.0000289
259.213962	-0.0010031
259.233014	-0.0009054
259.252066	-0.0005444
259.271120	-0.0007558
259.290173	0.0013375
259.309228	-0.0013040
259.328283	0.0010630
259.347339	0.0008093
259.366396	0.0021720
259.385454	-0.0006653
259.404512	0.0000460
259.423570	-0.0006885
259.442630	0.0012967
259.461690	-0.0007422
259.480751	-0.0001750
259.499813	-0.0002903
259.518875	-0.0022174
259.537938	0.0006600
259.557002	0.0006322
259.576066	-0.0000302
259.595132	0.0035342
259.614197	-0.0002045
259.633264	0.0006415
259.652331	0.0010724
259.671399	0.0001530
259.690468	-0.0010869
259.709537	0.0023930
259.728607	-0.0006255
259.747678	0.0003546
259.766749	-0.0021798
259.785822	0.0005952
259.804895	-0.0008850
259.823968	0.0002577
259.843042	0.0018293
259.862117	0.0015743
259.881193	0.0019231
259.900269	0.0028371
259.919347	0.0029475
259.938424	0.0035469
259.957503	0.0032331
259.976582	0.0062311
259.995662	0.0039115
260.014743	0.0050553
260.033824	0.0038529
260.052906	0.0040675
260.071989	0.0031986
260.091072	0.0011382
260.110156	0.0019693
260.129241	0.0008641
260.148326	-0.0000184
260.167413	0.0016208
260.186500	0.0009945
260.205587	-0.0014605
260.224675	0.0015033
260.243765	-0.0002723
260.262854	-0.0002630
260.281945	-0.0000441
260.301036	0.0009233
260.320128	0.0006168
260.339220	0.0002064
260.358313	0.0011229
260.377407	-0.0005125
260.396502	0.0021439
260.415597	0.0014514
260.434693	-0.0015265
260.453790	0.0001525
260.472888	-0.0002661
260.491986	0.0016250
260.511085	-0.0012109
260.530184	-0.0003593
260.549285	0.0005945
260.568386	-0.0003064
260.587487	0.0004853
260.606590	0.0023764
260.625693	-0.0003362
260.644796	0.0011619
260.663901	-0.0001190
260.683006	-0.0011602
260.702112	-0.0007145
260.721219	-0.0002984
260.740326	-0.0010350
260.759434	0.0008819
260.778543	0.0000476
260.797652	-0.0008956
260.816762	-0.0009617
260.835873	-0.0007557
260.854984	0.0019629
260.874097	-0.0007231
260.893210	-0.0004468
260.912323	0.0005063
260.931437	-0.0007203
260.950552	-0.0008820
260.969668	-0.0012098
260.988785	-0.0006077
261.007902	-0.0000926
261.027020	-0.0003420
261.046138	0.0002195
261.065257	0.0001060
261.084377	-0.0019137
261.103498	0.0014068
261.122619	-0.0026212
261.141741	-0.0014271
261.160864	0.0007265
261.179987	-0.0008459
261.199112	-0.0002713
261.218237	-0.0001412
261.237362	-0.0014219
261.256488	-0.0012611
261.275615	-0.0003080
261.294743	0.0002826
261.313871	-0.0008319
261.333000	0.0012026
261.352130	0.0009824
261.371261	0.0002382
261.390392	0.0013186
261.409524	0.0017477
261.428656	0.0003610
261.447790	-0.0001074
261.466924	-0.0012168
261.486058	-0.0007149
261.505194	0.0021070
261.524330	0.0017787
261.543466	-0.0005001
261.562604	0.0004150
261.581742	-0.0005083
261.600881	0.0002135
261.620021	0.0002721
261.639161	0.0002763
261.658302	-0.0011119
261.677444	0.0001106
261.696586	-0.0003597
261.715729	0.0006139
261.734873	-0.0010127
261.754018	-0.0003432
261.773163	0.0022058
261.792309	0.0000209
261.811455	0.0000352
261.830603	-0.0000975
261.849751	-0.0008036
261.868899	0.0003239
261.888049	-0.0006261
261.907199	0.0026470
261.926350	0.0006203
261.945501	-0.0004686
261.964654	-0.0010334
261.983807	-0.0006109
262.002960	-0.0005978
262.022115	-0.0012969
262.041270	0.0002013
262.060425	0.0010338
262.079582	-0.0010854
262.098739	-0.0005580
262.117897	0.0010020
262.137055	-0.0013605
262.156215	0.0018872
262.175375	0.0001229
262.194535	0.0023592
262.213697	-0.0010841
262.232859	-0.0015735
262.252022	-0.0005202
262.271185	0.0006231
262.290349	0.0009776
262.309514	-0.0004072
262.328680	0.0017335
262.347846	0.0004448
262.367013	-0.0005509
262.386181	-0.0011599
262.405349	-0.0004700
262.424518	-0.0005565
262.443688	-0.0000050
262.462859	-0.0027494
262.482030	-0.0002685
262.501202	-0.0000412
262.520374	-0.0000059
262.539548	0.0030103
262.558722	-0.0002508
262.577896	-0.0014248
262.597072	-0.0000115
262.616248	0.0020334
262.635425	-0.0000602
262.654602	0.0000601
262.673781	0.0002704
262.692960	-0.0004503
262.712139	0.0004729
262.731320	-0.0008425
262.750501	-0.0015546
262.769682	-0.0006171
262.788865	-0.0002317
262.808048	-0.0012532
262.827232	0.0003328
262.846416	-0.0000511
262.865602	0.0013706
262.884788	-0.0008545
262.903974	-0.0007222
262.923162	0.0008471
262.942350	0.0005512
262.961538	0.0002101
262.980728	0.0005355
262.999918	0.0004909
263.019109	0.0008717
263.038301	-0.0004117
263.057493	-0.0012890
263.076686	0.0002770
263.095880	0.0007601
263.115074	0.0007140
263.134269	-0.0011086
263.153465	0.0004189
263.172661	0.0004105
263.191858	-0.0004827
263.211056	0.0005015
263.230255	-0.0000581
263.249454	-0.0022113
263.268654	-0.0012434
263.287855	0.0005796
263.307056	0.0019672
263.326259	0.0004378
263.345461	0.0018342
263.364665	-0.0002048
263.383869	-0.0006103
263.403074	-0.0011804
263.422280	-0.0008524
263.441486	-0.0010570
263.460693	0.0014246
263.479901	0.0009569
263.499109	-0.0026564
263.518318	-0.0009631
263.537528	-0.0013682
263.556739	-0.0003141
263.575950	0.0007500
263.595162	-0.0004555
263.614375	-0.0013792
263.633588	-0.0014747
263.652802	-0.0017897
263.672017	-0.0004531
263.691232	0.0003272
263.710448	-0.0008299
263.729665	0.0007226
263.748883	0.0008373
263.768101	-0.0003051
263.787320	-0.0014137
263.806540	0.0009139
263.825760	-0.0001814
263.844981	-0.0012924
263.864203	-0.0005806
263.883426	0.0002686
263.902649	-0.0018485
263.921873	-0.0012628
263.941097	0.0018114
263.960322	-0.0021968
263.979548	-0.0003051
263.998775	-0.0008987
264.018003	-0.0005166
264.037231	-0.0000385
264.056460	-0.0003423
264.075689	0.0001813
264.094919	-0.0011256
264.114150	-0.0016223
264.133382	-0.0007479
264.152614	0.0008006
264.171847	-0.0003467
264.191081	0.0005387
264.210315	-0.0007411
264.229550	-0.0005842
264.248786	-0.0012086
264.268023	0.0002940
264.287260	0.0003491
264.306498	-0.0001258
264.325737	-0.0003901
264.344976	-0.0022613
264.364216	0.0004522
264.383457	0.0013129
264.402698	0.0007112
264.421940	-0.0021253
264.441183	0.0000880
264.460427	0.0009754
264.479671	0.0007854
264.498916	-0.0014111
264.518162	0.0000552
264.537408	0.0001459
264.556655	-0.0005065
264.575903	-0.0005413
264.595151	0.0015809
264.614400	0.0010116
264.633650	0.0009432
264.652901	0.0003641
264.672152	0.0002676
264.691404	-0.0007026
264.710657	0.0015704
264.729910	-0.0014753
264.749164	0.0017297
264.768419	0.0006346
264.787675	-0.0000080
264.806931	0.0000826
264.826188	0.0002709
264.845445	0.0015304
264.864704	0.0006973
264.883963	-0.0001649
264.903222	-0.0003012
264.922483	-0.0016833
264.941744	0.0008224
264.961006	0.0006261
264.980268	0.0006286
264.999532	0.0007602
265.018795	0.0014184
265.038060	-0.0005341
265.057325	-0.0003895
265.076592	0.0022742
265.095858	-0.0005628
265.115126	-0.0001542
265.134394	-0.0014904
265.153663	-0.0009506
265.172932	0.0001056
265.192202	0.0007759
265.211473	-0.0018125
265.230745	-0.0006904
265.250017	-0.0006018
265.269290	-0.0009677
265.288564	0.0009434
265.307839	-0.0011364
265.327114	-0.0007231
265.346390	-0.0008631
265.365666	-0.0003029
265.384944	0.0005054
265.404222	-0.0014907
265.423500	0.0003507
265.442780	0.0004223
265.462060	0.0005650
265.481341	-0.0007435
265.500622	0.0006353
265.519904	0.0009828
265.539187	-0.0011953
265.558471	-0.0000378
265.577755	-0.0003713
265.597040	-0.0002070
265.616326	-0.0002430
265.635612	0.0010749
265.654899	-0.0001875
265.674187	-0.0011783
265.693476	0.0014549
265.712765	0.0003798
265.732055	-0.0003199
265.751345	-0.0002760
265.770637	0.0003090
265.789929	0.0014713
265.809221	-0.0005207
265.828515	0.0005063
265.847809	0.0002717
265.867104	-0.0001162
265.886399	0.0006009
265.905696	0.0004703
265.924992	-0.0006605
265.944290	0.0010724
265.963588	0.0006278
265.982888	-0.0000261
266.002187	0.0007271
266.021488	-0.0000581
266.040789	-0.0006904
266.060091	-0.0004779
266.079393	0.0001397
266.098697	-0.0002465
266.118001	-0.0011993
266.137305	0.0018073
266.156611	-0.0001005
266.175917	0.0000354
266.195223	0.0003197
266.214531	0.0009735
266.233839	-0.0007706
266.253148	0.0016226
266.272458	0.0008658
266.291768	0.0006574
266.311079	-0.0024413
266.330390	-0.0005533
266.349703	-0.0000208
266.369016	0.0004666
266.388330	0.0003904
266.407644	0.0007535
266.426959	0.0003016
266.446275	-0.0002166
266.465592	-0.0000402
266.484909	-0.0013546
266.504227	0.0010335
266.523546	-0.0010357
266.542865	-0.0000580
266.562186	-0.0010848
266.581506	0.0016849
266.600828	0.0013834
266.620150	-0.0014558
266.639473	-0.0011941
266.658797	0.0001445
266.678121	0.0003613
266.697446	0.0019799
266.716772	0.0002122
266.736098	0.0009080
266.755425	-0.0000524
266.774753	-0.0002094
266.794082	0.0011311
266.813411	0.0008119
266.832741	-0.0006437
266.852072	-0.0009022
266.871403	0.0002038
266.890735	0.0010907
266.910068	0.0007842
266.929401	0.0011476
266.948735	-0.0007193
266.968070	0.0001678
266.987406	-0.0008785
267.006742	0.0003536
267.026079	0.0010770
267.045417	-0.0005566
267.064755	0.0007362
267.084094	-0.0003018
267.103434	-0.0009437
267.122775	0.0017192
267.142116	0.0009345
267.161458	0.0005309
267.180800	-0.0010072
267.200144	0.0017111
267.219488	0.0015549
267.238832	-0.0001017
267.258178	-0.0003265
267.277524	0.0001365
267.296871	-0.0006050
267.316218	-0.0007246
267.335566	-0.0014219
267.354915	-0.0000840
267.374265	-0.0005884
267.393615	0.0005822
267.412966	0.0001373
267.432318	-0.0003137
267.451670	0.0012862
267.471024	-0.0003883
267.490377	0.0014146
267.509732	-0.0003928
267.529087	0.0006416
267.548443	0.0008562
267.567800	0.0001865
267.587157	-0.0011150
267.606515	-0.0002164
267.625874	0.0007648
267.645233	0.0013602
267.664594	-0.0002294
267.683954	-0.0003302
267.703316	0.0015610
267.722678	-0.0018505
267.742041	0.0003519
267.761405	0.0012116
267.780769	-0.0011536
267.800134	0.0002889
267.819500	-0.0011246
267.838867	-0.0001484
267.858234	0.0006959
267.877602	0.0007354
267.896970	0.0011388
267.916339	-0.0008735
267.935709	0.0005072
267.955080	0.0018099
267.974452	0.0002208
267.993824	0.0002234
268.013196	-0.0017713
268.032570	0.0010440
268.051944	0.0009512
268.071319	0.0001713
268.090695	0.0003958
268.110071	0.0004957
268.129448	-0.0010861
268.148826	-0.0008883
268.168204	0.0019221
268.187583	0.0013673
268.206963	0.0002106
268.226344	0.0008500
268.245725	0.0006102
268.265107	0.0001390
268.284489	0.0014089
268.303873	-0.0016405
268.323257	-0.0002644
268.342642	-0.0002651
268.362027	0.0000280
268.381413	-0.0004076
268.400800	0.0007277
268.420188	-0.0004209
268.439576	-0.0011784
268.458965	0.0009063
268.478354	-0.0001801
268.497745	-0.0000917
268.517136	-0.0002206
268.536528	-0.0015305
268.555920	-0.0003054
268.575313	-0.0006954
268.594707	0.0000050
268.614102	-0.0003662
268.633497	-0.0004194
268.652893	-0.0006197
268.672290	0.0005337
268.691687	0.0009184
268.711085	0.0007196
268.730484	-0.0005903
268.749883	-0.0003763
268.769284	-0.0004999
268.788684	-0.0010872
268.808086	-0.0007108
268.827488	-0.0010366
268.846891	0.0008482
268.866295	-0.0020155
268.885700	0.0003281
268.905105	0.0002927
268.924510	-0.0011235
268.943917	-0.0005136
268.963324	0.0007859
268.982732	-0.0007543
269.002141	0.0001669
269.021550	-0.0002071
269.040960	0.0011012
269.060371	0.0015176
269.079782	-0.0007040
269.099194	0.0004629
269.118607	0.0000069
269.138021	0.0014357
269.157435	-0.0008556
269.176850	-0.0005627
269.196266	-0.0007572
269.215682	0.0018975
269.235099	0.0006091
269.254517	0.0006062
269.273935	-0.0008901
269.293354	0.0002121
269.312774	-0.0000718
269.332195	-0.0007453
269.351616	-0.0007687
269.371038	-0.0003319
269.390461	0.0014589
269.409884	-0.0003893
269.429308	-0.0008456
269.448733	-0.0009827
269.468158	0.0012743
269.487585	0.0007048
269.507011	-0.0002022
269.526439	-0.0000373
269.545867	0.0004642
269.565296	-0.0007425
269.584726	0.0004909
269.604156	-0.0004455
269.623588	-0.0010594
269.643019	0.0001007
269.662452	0.0000748
269.681885	-0.0010375
269.701319	-0.0007501
269.720754	0.0002777
269.740189	-0.0002512
269.759625	0.0004447
269.779062	0.0021258
269.798499	0.0006755
269.817937	0.0012613
269.837376	0.0013308
269.856815	0.0032166
269.876256	0.0025887
269.895697	0.0066338
269.915138	0.0036839
269.934581	0.0065355
269.954024	0.0079352
269.973467	0.0086094
269.992912	0.0111174
270.012357	0.0097826
270.031803	0.0096353
270.051249	0.0079962
270.070697	0.0054689
270.090145	0.0050065
270.109593	0.0032769
270.129043	0.0016916
270.148493	0.0003954
270.167943	0.0009605
270.187395	0.0005219
270.206847	-0.0006410
270.226300	-0.0002169
270.245754	-0.0009090
270.265208	-0.0015721
270.284663	-0.0005455
270.304119	0.0005477
270.323575	0.0007451
270.343032	-0.0011490
270.362490	0.0006271
270.381948	0.0012539
270.401407	-0.0000067
270.420867	-0.0001980
270.440328	-0.0013133
270.459789	-0.0001959
270.479251	0.0011179
270.498714	0.0008175
270.518177	-0.0020575
270.537642	0.0004980
270.557106	-0.0008188
270.576572	-0.0006479
270.596038	0.0010359
270.615505	0.0013513
270.634973	0.0006343
270.654441	-0.0012228
270.673910	0.0006425
270.693380	0.0017885
270.712850	-0.0012087
270.732321	0.0002144
270.751793	-0.0005063
270.771266	-0.0005640
270.790739	0.0003348
270.810213	-0.0002082
270.829687	0.0003743
270.849163	-0.0010049
270.868639	-0.0021696
270.888116	0.0005543
270.907593	-0.0005129
270.927071	0.0015209
270.946550	-0.0029771
270.966030	0.0009120
270.985510	0.0013327
271.004991	0.0005951
271.024473	-0.0002372
271.043955	-0.0002407
271.063438	-0.0006036
271.082922	-0.0016830
271.102406	-0.0002070
271.121892	0.0002375
271.141377	-0.0000875
271.160864	-0.0003202
271.180351	-0.0011320
271.199839	0.0010037
271.219328	0.0007650
271.238817	-0.0003323
271.258307	-0.0019893
271.277798	-0.0007906
271.297290	0.0006878
271.316782	-0.0019217
271.336275	0.0005165
271.355769	-0.0003850
271.375263	-0.0000207
271.394758	0.0008470
271.414254	0.0015421
271.433750	-0.0011805
271.453247	0.0005109
271.472745	-0.0008549
271.492243	0.0009204
271.511743	-0.0008320
271.531243	-0.0002463
271.550743	-0.0007660
271.570245	-0.0007199
271.589747	0.0017932
271.609249	0.0011182
271.628753	-0.0020731
271.648257	0.0009455
271.667762	0.0002447
271.687267	-0.0002884
271.706774	0.0014358
271.726281	0.0008686
271.745788	-0.0000845
271.765297	-0.0006016
271.784806	-0.0003585
271.804315	0.0015179
271.823826	-0.0002834
271.843337	-0.0003293
271.862849	-0.0000843
271.882362	-0.0033459
271.901875	0.0002816
271.921389	-0.0015639
271.940904	-0.0006476
271.960419	0.0002199
271.979935	-0.0002116
271.999452	0.0003822
272.018969	-0.0008670
272.038488	-0.0005774
272.058006	0.0007661
272.077526	0.0002942
272.097046	0.0012567
272.116567	-0.0002578
272.136089	-0.0002365
272.155611	0.0005867
272.175135	0.0007493
272.194658	0.0008549
272.214183	0.0000040
272.233708	0.0007740
272.253234	0.0009988
272.272761	0.0008889
272.292288	0.0012935
272.311816	0.0017890
272.331345	0.0015005
272.350874	-0.0008771
272.370404	0.0007078
272.389935	0.0018230
272.409467	-0.0017101
272.428999	0.0009586
272.448532	-0.0001028
272.468066	-0.0004552
272.487600	-0.0001392
272.507135	0.0009297
272.526671	0.0009836
272.546207	-0.0009123
272.565744	-0.0002035
272.585282	-0.0004747
272.604821	-0.0005364
272.624360	-0.0010267
272.643900	0.0008408
272.663441	-0.0005330
272.682982	-0.0007574
272.702524	-0.0011191
272.722067	-0.0009600
272.741610	0.0009265
272.761155	-0.0004369
272.780700	-0.0008795
272.800245	-0.0015132
272.819791	0.0009238
272.839338	-0.0011469
272.858886	0.0008824
272.878434	0.0001230
272.897984	0.0002111
272.917533	0.0003360
272.937084	0.0003596
272.956635	-0.0002925
272.976187	0.0000063
272.995740	0.0002450
273.015293	-0.0009766
273.034847	0.0001200
273.054402	-0.0004645
273.073957	0.0006725
273.093513	0.0009260
273.113070	0.0005894
273.132628	-0.0001395
273.152186	-0.0003347
273.171745	0.0008288
273.191304	0.0000239
273.210865	0.0019965
273.230426	-0.0004027
273.249988	-0.0013043
273.269550	0.0006010
273.289113	0.0003486
273.308677	-0.0001892
273.328242	-0.0004106
273.347807	-0.0010761
273.367373	-0.0011110
273.386939	0.0003631
273.406507	-0.0001595
273.426075	-0.0005232
273.445644	0.0000764
273.465213	-0.0004532
273.484783	-0.0005416
273.504354	-0.0000292
273.523926	0.0012852
273.543498	-0.0000395
273.563071	-0.0011334
273.582645	0.0006393
273.602219	0.0008949
273.621794	-0.0014379
273.641370	-0.0007964
273.660946	-0.0008906
273.680524	0.0021680
273.700102	-0.0009448
273.719680	0.0001353
273.739259	0.0014180
273.758840	-0.0008096
273.778420	0.0003902
273.798002	0.0005264
273.817584	0.0002489
273.837167	0.0000728
273.856750	0.0002924
273.876334	-0.0016823
273.895919	-0.0013891
273.915505	-0.0020432
273.935091	-0.0000963
273.954678	-0.0017325
273.974266	-0.0020693
273.993854	-0.0002711
274.013444	0.0000807
274.033033	-0.0004963
274.052624	0.0001358
274.072215	-0.0002858
274.091807	0.0004917
274.111400	-0.0007336
274.130993	0.0019763
274.150587	0.0014897
274.170182	-0.0000105
274.189777	0.0007991
274.209374	0.0000823
274.228970	0.0007192
274.248568	-0.0003208
274.268166	0.0007178
274.287765	-0.0000342
274.307365	0.0010485
274.326965	0.0003399
274.346566	-0.0007922
274.366168	-0.0001703
274.385771	0.0001448
274.405374	-0.0001952
274.424978	-0.0002349
274.444582	-0.0015014
274.464188	0.0013501
274.483794	0.0007993
274.503400	-0.0007466
274.523008	0.0011929
274.542616	0.0020673
274.562225	-0.0010293
274.581834	-0.0002586
274.601444	0.0001944
274.621055	-0.0009885
274.640667	0.0004792
274.660279	-0.0009555
274.679892	0.0012502
274.699506	0.0008116
274.719120	-0.0000294
274.738736	0.0000807
274.758351	-0.0003185
274.777968	-0.0030888
274.797585	0.0001053
274.817203	-0.0002309
274.836822	-0.0004800
274.856441	0.0013667
274.876061	0.0003786
274.895682	0.0025745
274.915303	-0.0007654
274.934925	-0.0005746
274.954548	0.0003414
274.974172	-0.0007022
274.993796	0.0004385
275.013421	-0.0012608
275.033047	-0.0015857
275.052673	-0.0009559
275.072300	-0.0002552
275.091928	-0.0012430
275.111556	-0.0009361
275.131186	0.0015106
275.150815	-0.0001432
275.170446	0.0000260
275.190077	-0.0001364
275.209709	0.0012200
275.229342	0.0011323
275.248975	-0.0004117
275.268609	-0.0012342
275.288244	0.0009234
275.307880	0.0004162
275.327516	-0.0005874
275.347153	0.0006682
275.366790	0.0021471
275.386429	-0.0007155
275.406068	-0.0010978
275.425708	-0.0005466
275.445348	0.0000489
275.464989	-0.0002573
275.484631	-0.0010419
275.504273	-0.0002253
275.523917	-0.0011124
275.543561	-0.0003364
275.563205	-0.0007907
275.582851	0.0015827
275.602497	-0.0002294
275.622143	-0.0010220
275.641791	0.0026698
275.661439	-0.0002614
275.681088	-0.0005826
275.700737	-0.0015147
275.720388	-0.0012159
275.740038	-0.0003075
275.759690	0.0009075
275.779342	0.0014250
275.798996	0.0005400
275.818649	0.0011708
275.838304	0.0003488
275.857959	-0.0014960
275.877615	-0.0006063
275.897271	0.0009561
275.916929	-0.0009108
275.936587	-0.0013818
275.956245	-0.0010189
275.975905	0.0004599
275.995565	0.0006225
276.015226	-0.0007000
276.034887	-0.0005670
276.054549	-0.0016321
276.074212	0.0024278
276.093876	-0.0007713
276.113540	0.0009904
276.133205	0.0005083
276.152871	0.0000693
276.172537	-0.0015183
276.192204	-0.0008892
276.211872	0.0009783
276.231541	-0.0009008
276.251210	0.0004701
276.270880	0.0008192
276.290550	0.0019591
276.310222	0.0006300
276.329894	-0.0010840
276.349566	-0.0003706
276.369240	0.0012441
276.388914	-0.0007971
276.408589	0.0004262
276.428264	-0.0002704
276.447940	-0.0006173
276.467617	-0.0007989
276.487295	0.0000810
276.506973	0.0012959
276.526652	0.0012202
276.546332	-0.0010653
276.566013	-0.0004568
276.585694	0.0002434
276.605376	-0.0005342
276.625058	0.0001728
276.644742	0.0003779
276.664425	0.0005470
276.684110	0.0004480
276.703796	-0.0008109
276.723482	0.0000585
276.743168	0.0021567
276.762856	-0.0006380
276.782544	-0.0010013
276.802233	0.0014354
276.821922	0.0002809
276.841613	-0.0010372
276.861304	-0.0004275
276.880995	-0.0005031
276.900688	0.0015560
276.920381	0.0004722
276.940075	-0.0019401
276.959769	-0.0004296
276.979464	-0.0001665
276.999160	0.0012113
277.018857	0.0000089
277.038554	0.0012005
277.058252	0.0009637
277.077951	-0.0001004
277.097650	-0.0018544
277.117350	-0.0001349
277.137051	0.0006645
277.156753	-0.0020810
277.176455	-0.0000805
277.196158	-0.0007573
277.215862	-0.0008261
277.235566	-0.0020520
277.255271	-0.0002300
277.274977	-0.0009213
277.294683	0.0012442
277.314390	-0.0009998
277.334098	0.0007756
277.353807	-0.0002659
277.373516	-0.0013716
277.393226	-0.0004405
277.412937	0.0010790
277.432648	0.0009559
277.452360	-0.0010978
277.472073	-0.0004072
277.491786	0.0002362
277.511500	-0.0019975
277.531215	0.0000393
277.550931	0.0015827
277.570647	0.0016703
277.590364	-0.0011732
277.610082	-0.0009185
277.629800	-0.0006031
277.649519	-0.0004069
277.669239	-0.0005451
277.688960	-0.0002715
277.708681	-0.0004614
277.728403	0.0012356
277.748125	0.0006923
277.767848	0.0005734
277.787572	-0.0002911
277.807297	0.0000828
277.827023	0.0000998
277.846749	0.0001163
277.866476	-0.0011464
277.886203	0.0008886
277.905931	0.0014426
277.925660	0.0007210
277.945390	-0.0026801
277.965120	0.0029812
277.984851	0.0005219
278.004583	-0.0022908
278.024315	-0.0008660
278.044048	0.0016797
278.063782	-0.0009902
278.083517	-0.0017711
278.103252	0.0006108
278.122988	-0.0015191
278.142725	0.0000537
278.162462	-0.0010197
278.182200	0.0006466
278.201939	-0.0011552
278.221678	0.0000793
278.241418	0.0000215
278.261159	0.0002791
278.280901	-0.0004356
278.300643	-0.0015636
278.320386	0.0002163
278.340130	0.0002708
278.359874	-0.0006174
278.379619	0.0005989
278.399365	-0.0011815
278.419111	-0.0001606
278.438859	0.0002516
278.458606	-0.0003574
278.478355	0.0003631
278.498104	0.0005291
278.517854	-0.0006239
278.537605	-0.0006702
278.557356	0.0020233
278.577108	-0.0011184
278.596861	0.0006428
278.616615	-0.0002111
278.636369	-0.0000474
278.656124	0.0000635
278.675880	0.0020209
278.695636	-0.0016899
278.715393	-0.0014278
278.735151	0.0019820
278.754909	-0.0017476
278.774668	-0.0021684
278.794428	0.0004383
278.814188	0.0010978
278.833950	-0.0002574
278.853712	-0.0008447
278.873474	-0.0006115
278.893238	0.0002785
278.913002	-0.0014645
278.932766	0.0018495
278.952532	-0.0009979
278.972298	0.0000494
278.992065	0.0004526
279.011832	0.0010241
279.031601	0.0000166
279.051370	-0.0003018
279.071139	-0.0012476
279.090910	0.0020284
279.110681	0.0008626
279.130452	-0.0004228
279.150225	-0.0005459
279.169998	-0.0002823
279.189772	0.0001155
279.209546	0.0012223
279.229322	0.0014162
279.249098	-0.0006370
279.268874	-0.0001952
279.288652	-0.0017145
279.308430	0.0001193
279.328209	0.0008781
279.347988	0.0006746
279.367768	-0.0008149
279.387549	0.0009533
279.407331	-0.0000496
279.427113	-0.0010350
279.446896	-0.0002453
279.466680	0.0000912
279.486464	-0.0004566
279.506249	-0.0002503
279.526035	0.0007592
279.545822	0.0012471
279.565609	-0.0005978
279.585397	0.0012398
279.605185	-0.0008340
279.624975	-0.0010737
279.644765	0.0009322
279.664556	-0.0005491
279.684347	-0.0014665
279.704139	-0.0011645
279.723932	0.0004278
279.743725	0.0002333
279.763520	0.0005495
279.783315	0.0001365
279.803110	0.0017627
279.822907	0.0032733
279.842704	0.0019591
279.862501	0.0060743
279.882300	0.0085935
279.902099	0.0103169
279.921899	0.0136985
279.941699	0.0154014
279.961501	0.0173231
279.981303	0.0176053
280.001105	0.0185736
280.020909	0.0183378
280.040713	0.0177590
280.060518	0.0163698
280.080323	0.0119173
280.100129	0.0096338
280.119936	0.0046537
280.139744	0.0055011
280.159552	0.0034058
280.179361	0.0025742
280.199171	0.0024116
280.218981	0.0016097
280.238792	0.0026287
280.258604	0.0002235
280.278416	0.0003908
280.298230	-0.0001664
280.318044	-0.0010855
280.337858	-0.0008384
280.357674	0.0015861
280.377490	-0.0012246
280.397306	-0.0003122
280.417124	0.0004532
280.436942	0.0009895
280.456761	0.0004017
280.476580	-0.0000133
280.496400	0.0008510
280.516221	-0.0000956
280.536043	-0.0014272
280.555865	-0.0007814
280.575688	-0.0008344
280.595512	-0.0006668
280.615337	0.0002904
280.635162	-0.0000857
280.654988	-0.0005861
280.674814	0.0004464
280.694641	0.0028258
280.714469	-0.0009071
280.734298	0.0007014
280.754127	-0.0000140
280.773957	0.0012099
280.793788	-0.0009003
280.813620	-0.0003520
280.833452	-0.0033500
280.853285	0.0016327
280.873118	0.0012066
280.892952	-0.0012373
280.912787	0.0009886
280.932623	0.0007676
280.952460	0.0004399
280.972297	-0.0001740
280.992134	-0.0008615
281.011973	-0.0012337
281.031812	-0.0020873
281.051652	0.0005928
281.071493	0.0001068
281.091334	0.0002439
281.111176	0.0007481
281.131019	0.0008978
281.150862	-0.0005431
281.170706	-0.0005939
281.190551	-0.0023838
281.210396	-0.0000489
281.230243	-0.0007920
281.250090	0.0011539
281.269937	-0.0020457
281.289786	0.0007738
281.309635	-0.0007664
281.329484	-0.0001333
281.349335	0.0002433
281.369186	0.0018328
281.389038	0.0007348
281.408890	0.0017184
281.428743	-0.0004431
281.448597	-0.0001671
281.468452	-0.0011691
281.488307	-0.0009011
281.508163	0.0004230
281.528020	-0.0012360
281.547878	0.0013097
281.567736	-0.0001752
281.587595	0.0005284
281.607454	-0.0001153
281.627315	0.0002737
281.647176	0.0003053
281.667037	0.0001415
281.686900	0.0010856
281.706763	0.0005452
281.726626	-0.0002840
281.746491	0.0011333
281.766356	-0.0000772
281.786222	-0.0004954
281.806089	-0.0018030
281.825956	0.0003480
281.845824	-0.0001633
281.865693	0.0000057
281.885562	0.0001759
281.905432	0.0007703
281.925303	-0.0006486
281.945174	-0.0018585
281.965047	0.0007915
281.984919	-0.0001835
282.004793	0.0006142
282.024667	-0.0004822
282.044542	-0.0001567
282.064418	-0.0004318
282.084295	0.0000398
282.104172	-0.0007020
282.124049	0.0009579
282.143928	-0.0000292
282.163807	0.0006258
282.183687	0.0008225
282.203568	0.0019721
282.223449	0.0017470
282.243331	-0.0014624
282.263214	-0.0001219
282.283097	0.0005785
282.302982	0.0004322
282.322866	-0.0002305
282.342752	0.0009708
282.362638	-0.0005209
282.382525	0.0001278
282.402413	0.0009292
282.422301	0.0003934
282.442190	-0.0020232
282.462080	-0.0011933
282.481970	0.0024035
282.501862	0.0011370
282.521754	0.0002153
282.541646	0.0004600
282.561539	-0.0002095
282.581433	0.0006047
282.601328	-0.0013198
282.621223	-0.0009761
282.641120	0.0010515
282.661016	0.0019648
282.680914	0.0020818
282.700812	0.0006387
282.720711	-0.0008547
282.740610	0.0006171
282.760511	0.0004200
282.780412	-0.0002717
282.800313	0.0011867
282.820216	0.0008062
282.840119	0.0002603
282.860023	0.0006364
282.879927	0.0013624
282.899833	-0.0001117
282.919738	0.0012462
282.939645	-0.0008665
282.959552	-0.0012856
282.979460	0.0003063
282.999369	0.0015099
283.019279	0.0015334
283.039189	-0.0002062
283.059100	-0.0004568
283.079011	0.0000940
283.098923	0.0010879
283.118836	0.0011890
283.138750	-0.0003357
283.158664	0.0002196
283.178579	-0.0026832
283.198495	-0.0002152
283.218412	-0.0010554
283.238329	0.0013431
283.258247	0.0001062
283.278165	-0.0000801
283.298084	-0.0004041
283.318004	0.0007027
283.337925	0.0006585
283.357846	-0.0000816
283.377769	-0.0005566
283.397691	-0.0005446
283.417615	0.0026458
283.437539	0.0003979
283.457464	0.0004307
283.477389	0.0002701
283.497316	-0.0009941
283.517243	0.0007227
283.537170	-0.0006806
283.557099	0.0009242
283.577028	0.0006899
283.596958	0.0019256
283.616888	0.0000742
283.636820	-0.0013765
283.656751	-0.0002378
283.676684	-0.0008961
283.696617	-0.0010845
283.716551	0.0007380
283.736486	-0.0010205
283.756422	-0.0010530
283.776358	-0.0004786
283.796294	-0.0003159
283.816232	-0.0001465
283.836170	-0.0001212
283.856109	-0.0000527
283.876049	-0.0005753
283.895989	0.0004717
283.915930	0.0007024
283.935872	0.0004703
283.955814	0.0019242
283.975758	0.0000627
283.995701	0.0012901
284.015646	0.0010498
284.035591	0.0003670
284.055537	-0.0007993
284.075484	0.0004398
284.095431	-0.0002772
284.115379	0.0004302
284.135328	0.0007643
284.155277	-0.0006937
284.175228	0.0007941
284.195179	-0.0000339
284.215130	-0.0011729
284.235082	0.0004276
284.255035	-0.0016902
284.274989	0.0006855
284.294943	-0.0001688
284.314899	0.0000405
284.334854	0.0000884
284.354811	-0.0010234
284.374768	-0.0029832
284.394726	0.0004786
284.414685	0.0009388
284.434644	0.0016553
284.454604	0.0007526
284.474565	-0.0006405
284.494526	-0.0026016
284.514488	-0.0003886
284.534451	0.0003571
284.554414	-0.0002266
284.574379	0.0010520
284.594344	0.0008473
284.614309	0.0002084
284.634275	-0.0004990
284.654243	0.0002266
284.674210	0.0002691
284.694179	-0.0014199
284.714148	-0.0007787
284.734118	0.0004981
284.754088	-0.0004786
284.774059	-0.0003293
284.794031	0.0016834
284.814004	0.0010957
284.833977	0.0009803
284.853951	-0.0017774
284.873926	-0.0009518
284.893902	-0.0003301
284.913878	-0.0002940
284.933855	-0.0024176
284.953832	0.0006988
284.973811	0.0003974
284.993790	-0.0008539
285.013769	-0.0000299
285.033750	0.0013972
285.053731	0.0010662
285.073712	-0.0008336
285.093695	0.0004861
285.113678	-0.0009192
285.133662	-0.0019637
285.153647	0.0011817
285.173632	0.0004715
285.193618	-0.0008524
285.213605	-0.0006604
285.233592	-0.0003632
285.253580	-0.0013075
285.273569	-0.0011551
285.293558	-0.0000563
285.313549	-0.0002775
285.333540	-0.0013438
285.353531	0.0000913
285.373523	0.0002506
285.393516	-0.0021829
285.413510	0.0003993
285.433505	-0.0004489
285.453500	0.0003741
285.473496	-0.0003127
285.493492	0.0008440
285.513489	-0.0004543
285.533487	0.0021029
285.553486	0.0008989
285.573485	0.0018261
285.593485	0.0006742
285.613486	0.0010522
285.633488	0.0016283
285.653490	0.0001225
285.673493	-0.0001306
285.693496	0.0004703
285.713500	-0.0003476
285.733505	0.0003830
285.753511	0.0016629
285.773517	-0.0000412
285.793524	-0.0003566
285.813532	-0.0013465
285.833541	-0.0008925
285.853550	-0.0018910
285.873560	-0.0017961
285.893570	-0.0004051
285.913582	-0.0006020
285.933594	0.0006923
285.953606	-0.0003865
285.973620	-0.0009081
285.993634	-0.0006935
286.013648	0.0004963
286.033664	0.0011560
286.053680	-0.0003667
286.073697	-0.0000645
286.093715	0.0000437
286.113733	0.0002813
286.133752	0.0010956
286.153772	0.0016363
286.173792	0.0018759
286.193813	0.0002001
286.213835	0.0006581
286.233858	0.0001340
286.253881	-0.0007770
286.273905	0.0008787
286.293929	0.0010853
286.313955	0.0009658
286.333981	0.0007587
286.354007	0.0002207
286.374035	0.0006060
286.394063	-0.0006096
286.414092	-0.0001729
286.434121	0.0018223
286.454152	0.0003599
286.474183	0.0021312
286.494214	-0.0000114
286.514247	-0.0006514
286.534280	-0.0010949
286.554313	0.0009806
286.574348	-0.0007102
286.594383	0.0002919
286.614419	-0.0015270
286.634456	0.0013248
286.654493	0.0000379
286.674531	0.0019513
286.694569	-0.0002406
286.714609	0.0010311
286.734649	-0.0000702
286.754690	-0.0001113
286.774731	0.0010118
286.794773	-0.0007475
286.814816	0.0016710
286.834860	-0.0002686
286.854904	-0.0009017
286.874949	-0.0001637
286.894995	0.0011999
286.915041	0.0006871
286.935088	0.0003577
286.955136	0.0010998
286.975185	-0.0006308
286.995234	0.0000588
287.015284	-0.0006111
287.035334	-0.0003503
287.055386	-0.0000268
287.075438	0.0012895
287.095490	0.0011403
287.115544	-0.0012312
287.135598	0.0008415
287.155653	0.0007744
287.175708	0.0006648
287.195765	0.0005087
287.215822	-0.0009141
287.235879	0.0012215
287.255938	0.0013455
287.275997	0.0001166
287.296056	0.0009575
287.316117	-0.0006271
287.336178	0.0002251
287.356240	-0.0008272
287.376302	-0.0006291
287.396366	-0.0008225
287.416430	-0.0005638
287.436494	-0.0009554
287.456560	-0.0002534
287.476626	-0.0012050
287.496692	-0.0006169
287.516760	0.0004741
287.536828	-0.0006377
287.556897	0.0013901
287.576967	-0.0002644
287.597037	0.0004916
287.617108	0.0001565
287.637180	0.0002264
287.657252	0.0021181
287.677325	-0.0010601
287.697399	-0.0008709
287.717473	0.0011048
287.737548	0.0006731
287.757624	0.0007762
287.777701	-0.0016430
287.797778	-0.0001878
287.817856	0.0011885
287.837935	0.0003013
287.858014	-0.0016378
287.878095	0.0004376
287.898175	-0.0013578
287.918257	0.0000215
287.938339	0.0016234
287.958422	0.0003811
287.978506	0.0000759
287.998590	-0.0002347
288.018675	0.0004688
288.038761	0.0000506
288.058847	-0.0002060
288.078934	0.0000597
288.099022	0.0020729
288.119111	0.0001048
288.139200	0.0006505
288.159290	0.0016182
288.179381	-0.0008964
288.199472	0.0004188
288.219564	-0.0019852
288.239657	0.0001261
288.259750	0.0003762
288.279844	-0.0002261
288.299939	0.0004576
288.320035	0.0007903
288.340131	-0.0011717
288.360228	-0.0001959
288.380326	-0.0011464
288.400424	-0.0000109
288.420523	0.0005812
288.440623	-0.0021541
288.460724	0.0001159
288.480825	-0.0014242
288.500927	-0.0001432
288.521029	-0.0005138
288.541132	-0.0000606
288.561236	-0.0004712
288.581341	0.0024913
288.601447	-0.0006576
288.621553	-0.0005357
288.641660	0.0001505
288.661767	0.0002659
288.681875	0.0002722
288.701984	-0.0000137
288.722094	0.0011090
288.742204	0.0003291
288.762315	-0.0006988
288.782427	0.0006985
288.802539	-0.0000295
288.822652	0.0016065
288.842766	-0.0013261
288.862881	0.0011723
288.882996	-0.0003599
288.903112	-0.0019147
288.923229	0.0004866
288.943346	0.0023389
288.963464	0.0002672
288.983583	-0.0000329
289.003702	-0.0013488
289.023822	0.0018398
289.043943	0.0001280
289.064065	0.0009526
289.084187	-0.0020954
289.104310	-0.0008540
289.124434	-0.0014377
289.144558	-0.0011198
289.164683	0.0008939
289.184809	0.0003636
289.204935	0.0002806
289.225062	0.0005995
289.245190	0.0001355
289.265319	0.0002534
289.285448	0.0000107
289.305578	-0.0002076
289.325709	0.0003738
289.345840	0.0000077
289.365972	0.0012332
289.386105	-0.0005864
289.406239	0.0005380
289.426373	-0.0001332
289.446508	0.0012524
289.466643	0.0002662
289.486780	-0.0013005
289.506917	-0.0007284
289.527054	0.0004755
289.547193	-0.0011501
289.567332	-0.0000470
289.587472	0.0012589
289.607612	0.0006313
289.627754	0.0006049
289.647895	-0.0003738
289.668038	0.0002342
289.688181	0.0021299
289.708326	-0.0003538
289.728470	-0.0002898
289.748616	-0.0002640
289.768762	0.0012941
289.788909	0.0027505
289.809056	0.0029996
289.829204	0.0079067
289.849353	0.0104611
289.869503	0.0153668
289.889653	0.0209026
289.909804	0.0277688
289.929956	0.0360210
289.950109	0.0419056
289.970262	0.0484303
289.990416	0.0502966
290.010570	0.0502023
290.030726	0.0468879
290.050882	0.0435940
290.071038	0.0375771
290.091196	0.0277249
290.111354	0.0201937
290.131513	0.0158604
290.151672	0.0093821
290.171832	0.0079475
290.191993	0.0039731
290.212155	0.0032281
290.232317	0.0025376
290.252480	0.0013211
290.272644	0.0009813
290.292808	0.0026891
290.312973	0.0001934
290.333139	-0.0004938
290.353306	0.0005728
290.373473	-0.0000895
290.393641	0.0004620
290.413809	-0.0010662
290.433979	-0.0010300
290.454149	0.0004726
290.474319	0.0001087
290.494491	-0.0002528
290.514663	-0.0007122
290.534836	0.0004110
290.555009	-0.0017510
290.575184	-0.0005044
290.595358	0.0013262
290.615534	-0.0013282
290.635710	0.0005266
290.655887	-0.0010840
290.676065	-0.0000694
290.696244	-0.0011540
290.716423	-0.0005179
290.736603	0.0001833
290.756783	-0.0008428
290.776965	-0.0008181
290.797147	0.0001496
290.817329	0.0020930
290.837513	0.0012731
290.857697	0.0002788
290.877881	0.0011394
290.898067	-0.0003766
290.918253	-0.0002630
290.938440	-0.0007897
290.958628	-0.0014752
290.978816	0.0001572
290.999005	0.0007405
291.019194	0.0005203
291.039385	-0.0000643
291.059576	0.0001912
291.079768	0.0019349
291.099960	-0.0008667
291.120153	0.0012353
291.140347	0.0011493
291.160542	0.0006055
291.180737	-0.0004422
291.200933	-0.0005814
291.221130	-0.0021684
291.241327	0.0002424
291.261526	0.0010590
291.281724	-0.0015500
291.301924	-0.0020193
291.322124	0.0016561
291.342325	0.0006304
291.362527	-0.0006426
291.382729	0.0000108
291.402932	-0.0008425
291.423136	0.0008479
291.443340	-0.0015073
291.463545	0.0000796
291.483751	-0.0002148
291.503958	0.0020389
291.524165	-0.0006819
291.544373	-0.0007026
291.564582	-0.0003667
291.584791	-0.0004416
291.605001	0.0002179
291.625212	0.0014705
291.645423	0.0016205
291.665636	0.0005457
291.685848	0.0007175
291.706062	-0.0015053
291.726276	0.0006639
291.746491	0.0014324
291.766707	0.0005723
291.786923	0.0001811
291.807140	0.0002974
291.827358	0.0010620
291.847577	0.0019614
291.867796	-0.0016601
291.888016	-0.0011942
291.908236	0.0003718
291.928458	0.0004654
291.948680	-0.0019749
291.968902	0.0000421
291.989126	-0.0004823
292.009350	0.0005786
292.029575	-0.0002238
292.049800	0.0001181
292.070026	0.0002085
292.090253	0.0017486
292.110481	0.0001961
292.130709	-0.0010112
292.150938	-0.0003341
292.171168	-0.0011511
292.191398	0.0012453
292.211630	-0.0005302
292.231861	0.0007384
292.252094	0.0017785
292.272327	0.0000198
292.292561	-0.0008218
292.312796	-0.0011193
292.333031	0.0007066
292.353267	0.0010949
292.373504	0.0005167
292.393741	0.0000839
292.413980	-0.0009361
292.434218	-0.0005264
292.454458	-0.0008108
292.474698	0.0009307
292.494939	-0.0004624
292.515181	0.0008446
292.535423	0.0001313
292.555666	0.0005644
292.575910	0.0000744
292.596155	-0.0000334
292.616400	0.0004815
292.636646	-0.0003327
292.656892	-0.0011798
292.677140	-0.0011411
292.697387	0.0002616
292.717636	0.0015872
292.737886	-0.0006867
292.758136	0.0006918
292.778386	-0.0000351
292.798638	0.0016771
292.818890	-0.0002600
292.839143	0.0016668
292.859397	0.0004345
292.879651	-0.0021007
292.899906	0.0008875
292.920162	0.0014331
292.940418	-0.0000610
292.960675	-0.0000947
292.980933	0.0005024
293.001192	0.0017543
293.021451	0.0004801
293.041711	0.0010955
293.061971	-0.0007448
293.082233	-0.0002169
293.102495	-0.0016625
293.122758	-0.0007333
293.143021	0.0005254
293.163285	-0.0010241
293.183550	-0.0016629
293.203816	-0.0002329
293.224082	0.0007451
293.244349	0.0008249
293.264616	0.0002901
293.284885	-0.0006714
293.305154	0.0001372
293.325424	0.0030822
293.345694	0.0016542
293.365965	-0.0003775
293.386237	0.0016440
293.406510	0.0002642
293.426783	-0.0012529
293.447057	-0.0005676
293.467332	-0.0008109
293.487607	-0.0003859
293.507883	-0.0000700
293.528160	0.0007316
293.548437	0.0001018
293.568716	0.0003357
293.588994	0.0004132
293.609274	0.0002213
293.629554	0.0007207
293.649835	0.0000878
293.670117	-0.0001287
293.690400	-0.0023678
293.710683	0.0002367
293.730966	0.0007479
293.751251	-0.0015914
293.771536	-0.0007830
293.791822	0.0000941
293.812109	-0.0006435
293.832396	-0.0014567
293.852684	0.0020466
293.872973	0.0004508
293.893262	0.0008070
293.913552	-0.0018340
293.933843	0.0007445
293.954135	-0.0007352
293.974427	0.0011774
293.994720	0.0001754
294.015014	-0.0015861
294.035308	0.0010643
294.055603	0.0006437
294.075899	0.0007282
294.096195	0.0006305
294.116492	-0.0000144
294.136790	0.0013462
294.157089	0.0005368
294.177388	-0.0002934
294.197688	0.0004417
294.217989	0.0014227
294.238290	0.0003470
294.258592	-0.0002854
294.278895	0.0001958
294.299198	0.0001139
294.319503	-0.0000171
294.339807	-0.0000357
294.360113	-0.0008290
294.380419	0.0004425
294.400726	0.0005856
294.421034	-0.0012768
294.441342	-0.0011092
294.461652	0.0002410
294.481961	0.0013850
294.502272	0.0003009
294.522583	0.0003897
294.542895	0.0021665
294.563208	-0.0005563
294.583521	-0.0000649
294.603835	-0.0002460
294.624150	-0.0003314
294.644465	0.0013168
294.664781	0.0005646
294.685098	0.0002109
294.705415	-0.0003526
294.725734	0.0008290
294.746053	0.0007796
294.766372	0.0009058
294.786693	0.0002990
294.807014	0.0001666
294.827335	0.0003410
294.847658	0.0007190
294.867981	-0.0010907
294.888305	-0.0003914
294.908629	-0.0000207
294.928955	-0.0005328
294.949281	0.0011113
294.969607	-0.0010886
294.989935	-0.0010925
295.010263	-0.0007916
295.030591	-0.0002935
295.050921	0.0003337
295.071251	0.0003398
295.091582	-0.0002898
295.111914	0.0018205
295.132246	0.0011311
295.152579	0.0006538
295.172913	-0.0002556
295.193247	-0.0005405
295.213582	0.0004835
295.233918	-0.0009477
295.254254	-0.0007287
295.274591	-0.0008972
295.294929	0.0003629
295.315268	0.0009427
295.335607	-0.0007595
295.355947	0.0003418
295.376288	0.0004623
295.396629	-0.0008451
295.416972	-0.0003408
295.437314	-0.0012565
295.457658	-0.0024053
295.478002	-0.0006539
295.498347	-0.0001180
295.518693	-0.0009694
295.539039	-0.0001728
295.559386	0.0002865
295.579734	0.0005875
295.600082	0.0004673
295.620431	-0.0013980
295.640781	0.0021348
295.661132	0.0021438
295.681483	-0.0003728
295.701835	-0.0019913
295.722187	0.0002847
295.742541	-0.0004443
295.762895	-0.0009286
295.783250	0.0029738
295.803605	-0.0005744
295.823961	-0.0006500
295.844318	-0.0000615
295.864676	-0.0002483
295.885034	-0.0001733
295.905393	-0.0006569
295.925753	-0.0003165
295.946113	-0.0005113
295.966474	0.0010174
295.986836	-0.0004015
296.007198	0.0012923
296.027562	0.0000232
296.047925	-0.0012361
296.068290	-0.0000094
296.088655	-0.0011910
296.109021	0.0008811
296.129388	-0.0014660
296.149755	-0.0002861
296.170123	0.0019721
296.190492	-0.0000204
296.210862	-0.0014813
296.231232	-0.0007709
296.251603	0.0014186
296.271975	0.0010173
296.292347	-0.0003178
296.312720	0.0010117
296.333094	0.0004517
296.353468	0.0012178
296.373843	-0.0009388
296.394219	0.0007079
296.414595	0.0001543
296.434973	0.0018781
296.455351	0.0010504
296.475729	-0.0001015
296.496109	0.0002303
296.516489	-0.0012309
296.536869	-0.0002648
296.557251	0.0005710
296.577633	0.0010037
296.598016	-0.0007632
296.618399	0.0010240
296.638784	-0.0001752
296.659169	0.0008823
296.679554	0.0003298
296.699941	-0.0000590
296.720328	-0.0004504
296.740716	-0.0009974
296.761104	0.0004109
296.781493	-0.0016713
296.801883	0.0003008
296.822274	-0.0007985
296.842665	0.0000638
296.863057	0.0001407
296.883450	0.0005508
296.903843	-0.0005119
296.924237	-0.0008526
296.944632	0.0002827
296.965027	0.0007446
296.985424	0.0016596
297.005820	-0.0009379
297.026218	-0.0006955
297.046616	-0.0015826
297.067015	-0.0005041
297.087415	-0.0008181
297.107815	0.0003079
297.128217	-0.0009130
297.148618	0.0002359
297.169021	0.0004741
297.189424	-0.0008500
297.209828	-0.0005655
297.230233	-0.0001256
297.250638	0.0004789
297.271044	-0.0001640
297.291451	0.0002626
297.311858	-0.0002444
297.332266	-0.0001964
297.352675	0.0000650
297.373085	-0.0011050
297.393495	-0.0025735
297.413906	0.0009621
297.434318	-0.0021012
297.454730	0.0014633
297.475143	0.0012167
297.495557	0.0027348
297.515971	-0.0005428
297.536386	0.0012073
297.556802	0.0008959
297.577219	0.0002646
297.597636	0.0000599
297.618054	-0.0009400
297.638473	0.0001692
297.658892	0.0011446
297.679312	0.0009394
297.699733	-0.0001046
297.720154	-0.0001298
297.740577	0.0009295
297.761000	0.0001324
297.781423	-0.0002831
297.801847	0.0002053
297.822272	-0.0002820
297.842698	0.0021443
297.863124	0.0012925
297.883552	-0.0005869
297.903979	0.0016339
297.924408	-0.0005327
297.944837	-0.0006044
297.965267	-0.0004114
297.985698	0.0017529
298.006129	0.0009888
298.026561	-0.0008524
298.046994	0.0006434
298.067427	0.0007607
298.087861	-0.0014501
298.108296	-0.0003712
298.128732	-0.0007617
298.149168	0.0009194
298.169605	-0.0004412
298.190042	0.0017239
298.210481	-0.0016296
298.230920	0.0002753
298.251360	-0.0011180
298.271800	0.0000005
298.292241	-0.0007773
298.312683	-0.0019087
298.333126	0.0008440
298.353569	0.0016275
298.374013	0.0006633
298.394457	0.0034597
298.414903	-0.0001943
298.435349	-0.0006735
298.455796	-0.0003967
298.476243	0.0014585
298.496691	0.0008890
298.517140	-0.0018034
298.537590	0.0008532
298.558040	-0.0005512
298.578491	0.0008176
298.598943	-0.0006221
298.619395	-0.0000297
298.639848	-0.0008281
298.660302	0.0007087
298.680756	-0.0008790
298.701212	0.0007599
298.721668	-0.0002239
298.742124	0.0012507
298.762581	-0.0011097
298.783040	-0.0003313
298.803498	0.0008083
298.823958	0.0006277
298.844418	0.0014356
298.864879	-0.0003954
298.885340	-0.0011477
298.905802	-0.0002509
298.926265	-0.0003255
298.946729	-0.0021987
298.967193	0.0015850
298.987658	-0.0009943
299.008124	0.0001549
299.028590	-0.0002296
299.049058	0.0008023
299.069525	-0.0006027
299.089994	0.0001185
299.110463	-0.0002604
299.130933	-0.0004722
299.151404	0.0011198
299.171875	0.0006033
299.192347	0.0004856
299.212820	0.0009944
299.233293	-0.0005006
299.253768	0.0004399
299.274242	-0.0011577
299.294718	0.0014211
299.315194	-0.0001225
299.335671	-0.0000419
299.356149	-0.0007995
299.376627	0.0007689
299.397106	0.0006996
299.417586	0.0003994
299.438067	0.0008079
299.458548	-0.0013576
299.479030	-0.0002518
299.499512	0.0001601
299.519996	-0.0001455
299.540480	-0.0005940
299.560964	0.0002509
299.581450	-0.0005483
299.601936	-0.0005320
299.622423	-0.0021357
299.642910	-0.0000612
299.663398	-0.0007391
299.683887	0.0011033
299.704377	-0.0002716
299.724867	0.0007724
299.745358	-0.0011425
299.765850	-0.0011768
299.786342	0.0016211
299.806835	-0.0000511
299.827329	0.0011126
299.847824	-0.0000888
299.868319	0.0002546
299.888815	-0.0000855
299.909312	0.0010904
299.929809	-0.0028552
299.950307	-0.0030032
299.970806	0.0006069
299.991305	0.0007278
300.011805	-0.0006946
300.032306	-0.0011162
300.052808	-0.0016463
300.073310	-0.0010856
300.093813	-0.0003140
300.114317	0.0004374
300.134821	-0.0006592
300.155326	0.0002260
300.175832	-0.0006505
300.196338	-0.0007111
300.216846	-0.0004060
300.237353	-0.0004075
300.257862	0.0002795
300.278371	0.0012265
300.298881	-0.0028682
300.319392	-0.0003257
300.339903	0.0008057
300.360415	0.0004853
300.380928	0.0011143
300.401442	0.0008989
300.421956	0.0006208
300.442471	0.0007260
300.462986	0.0008389
300.483503	0.0004092
300.504020	0.0001261
300.524538	0.0022138
300.545056	0.0016036
300.565575	0.0005673
300.586095	-0.0002425
300.606615	-0.0014207
300.627137	0.0000553
300.647659	-0.0005455
300.668181	0.0010860
300.688705	0.0000394
300.709229	0.0001184
300.729753	-0.0005168
300.750279	-0.0007155
300.770805	0.0013918
300.791332	0.0004763
300.811859	-0.0005696
300.832387	-0.0007893
300.852916	-0.0007801
300.873446	0.0012730
300.893976	0.0014466
300.914508	0.0002770
300.935039	-0.0013344
300.955572	-0.0002955
300.976105	-0.0005183
300.996639	0.0025088
301.017173	0.0006169
301.037709	-0.0007795
301.058245	0.0000192
301.078781	0.0022720
301.099319	-0.0006917
301.119857	-0.0001519
301.140396	0.0007970
301.160935	0.0004478
301.181475	-0.0004708
301.202016	0.0002140
301.222558	-0.0005668
301.243100	0.0014407
301.263643	-0.0015525
301.284187	-0.0004065
301.304731	-0.0006181
301.325276	-0.0010369
301.345822	0.0017668
301.366369	0.0001119
301.386916	0.0003798
301.407464	0.0010640
301.428012	-0.0002733
301.448562	0.0014364
301.469112	-0.0000023
301.489662	-0.0012262
301.510214	0.0002979
301.530766	0.0015039
301.551319	0.0004926
301.571872	-0.0021012
301.592426	0.0004090
301.612981	-0.0002673
301.633537	0.0008915
301.654093	-0.0001576
301.674650	0.0004870
301.695208	-0.0002889
301.715767	0.0007552
301.736326	0.0005663
301.756886	-0.0003146
301.777446	0.0001206
301.798008	0.0002441
301.818569	0.0005985
301.839132	-0.0011518
301.859695	0.0014948
301.880260	0.0001202
301.900824	0.0020390
301.921390	-0.0004048
301.941956	0.0016365
301.962523	-0.0003959
301.983090	0.0003565
302.003659	0.0019680
302.024228	0.0005428
302.044797	0.0006290
302.065368	0.0002267
302.085939	-0.0013470
302.106511	-0.0003977
302.127083	-0.0013880
302.147656	0.0003148
302.168230	-0.0005235
302.188805	-0.0001299
302.209380	-0.0000366
302.229956	-0.0001619
302.250533	0.0014629
302.271110	0.0004413
302.291688	0.0003220
302.312267	0.0008276
302.332847	-0.0006867
302.353427	-0.0003376
302.374008	0.0007491
302.394590	0.0003071
302.415172	0.0015181
302.435755	-0.0012004
302.456339	0.0003174
302.476923	0.0009193
302.497508	0.0007733
302.518094	-0.0008823
302.538681	0.0018539
302.559268	0.0014229
302.579856	-0.0011327
302.600445	-0.0014399
302.621034	0.0006828
302.641624	-0.0000035
302.662215	-0.0002026
302.682806	0.0014250
302.703398	-0.0012272
302.723991	-0.0004818
302.744585	0.0005355
302.765179	-0.0013410
302.785774	0.0003625
302.806370	0.0006306
302.826966	0.0012200
302.847563	0.0000330
302.868161	0.0002291
302.888760	0.0000600
302.909359	-0.0003175
302.929959	-0.0000640
302.950559	-0.0007769
302.971160	0.0008536
302.991762	0.0005160
303.012365	-0.0008154
303.032969	-0.0000666
303.053573	0.0002922
303.074178	-0.0003377
303.094783	0.0019342
303.115389	-0.0004843
303.135996	-0.0009212
303.156604	-0.0007737
303.177212	0.0005955
303.197821	0.0002280
303.218431	-0.0011785
303.239041	0.0003503
303.259652	0.0002167
303.280264	-0.0013982
303.300877	0.0013735
303.321490	-0.0002032
303.342104	0.0011739
303.362719	0.0023045
303.383334	0.0001728
303.403950	0.0003353
303.424567	0.0000643
303.445184	-0.0016771
303.465802	0.0013006
303.486421	0.0024276
303.507041	-0.0000663
303.527661	-0.0003268
303.548282	0.0005084
303.568904	0.0022206
303.589526	0.0005545
303.610149	0.0003161
303.630773	-0.0001021
303.651397	-0.0003664
303.672023	0.0008979
303.692648	0.0008085
303.713275	-0.0008784
303.733902	-0.0007270
303.754530	-0.0003200
303.775159	0.0000369
303.795788	0.0008829
303.816418	-0.0011886
303.837049	-0.0003422
303.857681	-0.0003706
303.878313	-0.0012272
303.898946	0.0008096
303.919580	-0.0001800
303.940214	-0.0014050
303.960849	0.0002723
303.981485	0.0005708
304.002121	0.0013194
304.022758	0.0015201
304.043396	0.0008018
304.064034	-0.0008568
304.084674	0.0011858
304.105314	0.0000051
304.125954	0.0005800
304.146596	-0.0007952
304.167238	-0.0010032
304.187880	-0.0003458
304.208524	0.0004852
304.229168	-0.0014526
304.249813	0.0002637
304.270458	-0.0011567
304.291105	0.0002774
304.311752	-0.0002793
304.332399	0.0013132
304.353048	0.0010576
304.373697	-0.0003984
304.394346	-0.0015613
304.414997	-0.0001064
304.435648	-0.0012821
304.456300	-0.0004981
304.476952	0.0017781
304.497606	-0.0007718
304.518260	0.0014533
304.538914	-0.0010542
304.559570	-0.0009836
304.580226	-0.0000573
304.600883	0.0006660
304.621540	0.0008974
304.642198	-0.0024388
304.662857	0.0015338
304.683517	-0.0003003
304.704177	0.0003944
304.724838	-0.0007257
304.745500	0.0000849
304.766162	-0.0009829
304.786825	-0.0014637
304.807489	0.0000738
304.828154	0.0007071
304.848819	0.0009609
304.869485	0.0002151
304.890151	0.0007704
304.910819	-0.0010691
304.931487	0.0003068
304.952156	-0.0004229
304.972825	0.0020435
304.993495	-0.0007051
305.014166	0.0011247
305.034837	0.0007099
305.055510	0.0014629
305.076183	0.0001402
305.096856	-0.0004411
305.117531	-0.0008942
305.138206	-0.0004479
305.158881	-0.0000305
305.179558	-0.0000202
305.200235	0.0006274
305.220913	-0.0000539
305.241591	0.0003213
305.262271	0.0003828
305.282951	0.0007169
305.303631	-0.0012327
305.324313	0.0027115
305.344995	-0.0017727
305.365678	-0.0003472
305.386361	0.0007032
305.407045	-0.0007241
305.427730	0.0004664
305.448416	0.0005162
305.469102	0.0000672
305.489789	-0.0004510
305.510477	0.0014495
305.531165	-0.0011445
305.551854	0.0000547
305.572544	-0.0005125
305.593234	0.0015068
305.613926	-0.0009297
305.634618	0.0001097
305.655310	-0.0015462
305.676004	-0.0001412
305.696698	-0.0007336
305.717392	-0.0014433
305.738088	0.0007785
305.758784	0.0001256
305.779481	-0.0001606
305.800178	-0.0022373
305.820876	-0.0008268
305.841575	-0.0016666
305.862275	0.0006851
305.882975	-0.0014743
305.903676	0.0000285
305.924378	0.0000391
305.945081	-0.0004704
305.965784	0.0005260
305.986487	0.0017293
306.007192	0.0007416
306.027897	-0.0006936
306.048603	0.0006352
306.069310	-0.0021743
306.090017	0.0011537
306.110725	-0.0011403
306.131434	-0.0002227
306.152144	-0.0012811
306.172854	-0.0007601
306.193565	-0.0012610
306.214276	-0.0013369
306.234988	0.0011616
306.255701	-0.0008892
306.276415	-0.0006252
306.297130	0.0005426
306.317845	0.0013739
306.338560	0.0005454
306.359277	0.0005493
306.379994	0.0023551
306.400712	0.0009911
306.421431	-0.0001820
306.442150	-0.0021428
306.462870	0.0010885
306.483591	-0.0007536
306.504312	-0.0015873
306.525034	-0.0019406
306.545757	-0.0013375
306.566480	0.0018107
306.587205	0.0015821
306.607930	0.0001894
306.628655	0.0013117
306.649382	0.0008133
306.670109	-0.0006577
306.690836	0.0017568
306.711565	-0.0017458
306.732294	0.0009187
306.753024	-0.0000099
306.773754	0.0014877
306.794485	0.0004965
306.815217	-0.0000087
306.835950	0.0009897
306.856683	0.0001845
306.877417	0.0000932
306.898152	-0.0007354
306.918888	-0.0013703
306.939624	0.0000428
306.960361	-0.0004813
306.981098	0.0019352
307.001837	0.0011893
307.022575	0.0010385
307.043315	-0.0003629
307.064056	0.0003209
307.084797	0.0013429
307.105538	-0.0011787
307.126281	0.0011622
307.147024	-0.0006746
307.167768	-0.0007602
307.188513	0.0010124
307.209258	0.0010522
307.230004	-0.0001125
307.250751	-0.0014118
307.271498	-0.0019415
307.292246	0.0003809
307.312995	-0.0019260
307.333744	0.0014819
307.354495	0.0003494
307.375245	0.0004384
307.395997	0.0013170
307.416749	0.0012197
307.437502	-0.0001766
307.458256	0.0017702
307.479011	-0.0011851
307.499766	0.0001678
307.520521	0.0009111
307.541278	-0.0001840
307.562035	0.0003411
307.582793	-0.0006015
307.603552	-0.0018474
307.624311	-0.0014957
307.645071	0.0000007
307.665832	0.0000464
307.686593	0.0001410
307.707356	0.0008561
307.728118	0.0002183
307.748882	-0.0009348
307.769646	0.0004245
307.790411	-0.0009022
307.811177	-0.0008611
307.831943	-0.0003894
307.852710	0.0007207
307.873478	0.0018349
307.894246	-0.0003528
307.915016	-0.0004167
307.935786	0.0000265
307.956556	-0.0014694
307.977327	0.0012075
307.998099	-0.0016691
308.018872	-0.0010177
308.039645	-0.0007957
308.060420	-0.0012409
308.081194	0.0003890
308.101970	-0.0011307
308.122746	0.0006064
308.143523	0.0014041
308.164300	0.0014515
308.185079	-0.0002708
308.205858	-0.0005553
308.226637	-0.0011271
308.247418	0.0001225
308.268199	-0.0005274
308.288981	-0.0003701
308.309763	0.0002407
308.330547	0.0016409
308.351330	0.0000642
308.372115	-0.0000053
308.392900	0.0001398
308.413686	0.0005238
308.434473	0.0014925
308.455261	0.0002711
308.476049	-0.0001822
308.496838	0.0014617
308.517627	-0.0012325
308.538417	0.0005932
308.559208	-0.0011049
308.580000	0.0016054
308.600792	-0.0009922
308.621585	-0.0000993
308.642379	-0.0027196
308.663174	-0.0010164
308.683969	-0.0004056
308.704765	-0.0003918
308.725561	-0.0004316
308.746358	-0.0013641
308.767156	0.0004943
308.787955	0.0008447
308.808754	-0.0001941
308.829555	-0.0000180
308.850355	-0.0001725
308.871157	0.0000222
308.891959	-0.0001438
308.912762	0.0000834
308.933565	0.0008956
308.954370	-0.0007226
308.975175	-0.0012003
308.995980	0.0001383
309.016787	0.0004124
309.037594	-0.0008851
309.058402	0.0007923
309.079210	-0.0006904
309.100020	0.0002943
309.120829	-0.0000269
309.141640	0.0002184
309.162451	-0.0006834
309.183263	0.0007841
309.204076	0.0005732
309.224890	0.0017225
309.245704	0.0021236
309.266518	-0.0006596
309.287334	0.0000620
309.308150	-0.0009665
309.328967	-0.0014412
309.349785	-0.0013329
309.370603	-0.0008425
309.391422	0.0010150
309.412242	-0.0009965
309.433062	-0.0005628
309.453884	-0.0006647
309.474705	0.0000677
309.495528	0.0000370
309.516351	0.0004126
309.537175	0.0002080
309.558000	0.0006697
309.578825	-0.0012806
309.599651	0.0003823
309.620478	-0.0000507
309.641305	0.0010554
309.662134	0.0007179
309.682963	-0.0006253
309.703792	0.0006432
309.724622	-0.0004616
309.745453	-0.0001713
309.766285	-0.0014987
309.787117	-0.0004912
309.807951	0.0007013
309.828784	-0.0009237
309.849619	-0.0013460
309.870454	-0.0007029
309.891290	-0.0010729
309.912127	0.0004867
309.932964	-0.0005519
309.953802	-0.0005513
309.974641	0.0003611
309.995480	-0.0000452
310.016320	0.0005590
310.037161	-0.0005927
310.058002	-0.0010524
310.078845	0.0005470
310.099688	0.0008555
310.120531	-0.0008581
310.141375	-0.0017089
310.162221	-0.0001083
310.183066	0.0005408
310.203913	-0.0000721
310.224760	-0.0000818
310.245608	0.0002878
310.266456	-0.0002774
310.287305	0.0004183
310.308155	0.0010864
310.329006	-0.0012395
310.349857	0.0010191
310.370709	-0.0010526
310.391562	0.0009605
310.412416	-0.0000819
310.433270	0.0003248
310.454125	0.0006389
310.474980	0.0007998
310.495837	-0.0003404
310.516694	0.0024198
310.537551	0.0009272
310.558410	0.0010292
310.579269	-0.0005599
310.600128	-0.0002167
310.620989	-0.0009663
310.641850	-0.0018351
310.662712	0.0005730
310.683575	0.0010989
310.704438	-0.0016027
310.725302	-0.0000604
310.746167	0.0010804
310.767032	0.0003917
310.787898	0.0005811
310.808765	0.0000178
310.829632	0.0023304
310.850501	-0.0009113
310.871370	0.0005328
310.892239	0.0001356
310.913109	0.0012060
310.933980	-0.0003489
310.954852	0.0010674
310.975725	-0.0014372
310.996598	-0.0000958
311.017472	0.0006464
311.038346	-0.0014267
311.059221	0.0013096
311.080097	0.0001272
311.100974	0.0009510
311.121851	0.0014975
311.142729	0.0017138
311.163608	0.0007280
311.184487	-0.0004126
311.205368	0.0020181
311.226249	-0.0000823
311.247130	0.0014182
311.268012	-0.0008931
311.288895	0.0006822
311.309779	-0.0007582
311.330663	-0.0007890
311.351548	-0.0016201
311.372434	-0.0005766
311.393321	-0.0015546
311.414208	-0.0000487
311.435096	0.0005546
311.455984	0.0001711
311.476874	-0.0004210
311.497764	0.0004358
311.518654	0.0002201
311.539546	-0.0013690
311.560438	0.0014721
311.581330	0.0002072
311.602224	-0.0001654
311.623118	0.0003068
311.644013	0.0010679
311.664909	-0.0007524
311.685805	0.0006587
311.706702	-0.0001322
311.727600	0.0000799
311.748498	-0.0011523
311.769397	-0.0011694
311.790297	0.0002265
311.811198	-0.0008397
311.832099	0.0018626
311.853001	0.0000819
311.873903	-0.0005524
311.894807	-0.0002618
311.915711	0.0000203
311.936615	0.0020454
311.957521	0.0002063
311.978427	0.0004016
311.999334	0.0005251
312.020241	-0.0001353
312.041150	-0.0015391
312.062059	0.0013049
312.082968	-0.0016209
312.103879	0.0001248
312.124790	0.0004914
312.145701	-0.0007005
312.166614	-0.0004394
312.187527	-0.0006836
312.208441	-0.0003065
312.229355	0.0002991
312.250271	0.0013768
312.271187	0.0006580
312.292103	0.0006064
312.313021	0.0005582
312.333939	-0.0002521
312.354858	-0.0008187
312.375777	-0.0017410
312.396697	-0.0016754
312.417618	-0.0008125
312.438540	0.0011639
312.459462	-0.0019095
312.480385	0.0009911
312.501309	0.0013763
312.522233	0.0011986
312.543158	0.0001677
312.564084	0.0000111
312.585011	-0.0002116
312.605938	-0.0003535
312.626866	-0.0006820
312.647794	-0.0004685
312.668724	-0.0005707
312.689654	-0.0002887
312.710584	0.0010675
312.731516	0.0013136
312.752448	0.0000848
312.773381	-0.0003977
312.794314	-0.0006065
312.815249	0.0020393
312.836184	-0.0001132
312.857119	-0.0001502
312.878056	0.0006647
312.898993	0.0011077
312.919930	0.0005370
312.940869	-0.0013049
312.961808	-0.0013541
312.982748	-0.0003234
313.003688	-0.0009028
313.024630	-0.0012253
313.045572	0.0002352
313.066514	-0.0004839
313.087458	0.0030013
313.108402	0.0000464
313.129346	0.0009905
313.150292	-0.0000173
313.171238	0.0004185
313.192185	-0.0000781
313.213133	-0.0003022
313.234081	-0.0021063
313.255030	-0.0004777
313.275980	0.0012857
313.296930	0.0012936
313.317881	0.0007937
313.338833	-0.0000337
313.359785	0.0009498
313.380738	0.0003617
313.401692	-0.0009548
313.422647	0.0014324
313.443602	-0.0009659
313.464558	-0.0005451
313.485515	0.0001795
313.506472	0.0010187
313.527431	0.0010875
313.548389	-0.0008240
313.569349	-0.0004465
313.590309	-0.0004048
313.611270	-0.0010257
313.632232	-0.0013800
313.653194	-0.0007593
313.674157	0.0007383
313.695121	-0.0014276
313.716085	-0.0001895
313.737050	0.0019073
313.758016	0.0019900
313.778983	-0.0000810
313.799950	0.0012283
313.820918	0.0010141
313.841887	-0.0004533
313.862856	-0.0012927
313.883826	0.0001617
313.904797	-0.0006584
313.925768	0.0001642
313.946740	-0.0016387
313.967713	-0.0013231
313.988687	0.0002312
314.009661	-0.0004071
314.030636	0.0025747
314.051612	-0.0018822
314.072588	-0.0007089
314.093565	-0.0007042
314.114543	0.0002107
314.135522	0.0017216
314.156501	0.0010511
314.177481	0.0023574
314.198461	-0.0004985
314.219442	-0.0015319
314.240424	0.0005765
314.261407	0.0000730
314.282391	0.0000019
314.303375	-0.0005011
314.324360	0.0009118
314.345345	0.0002208
314.366331	-0.0000897
314.387318	-0.0009806
314.408306	0.0007543
314.429294	-0.0018641
314.450283	0.0008610
314.471273	0.0003222
314.492263	-0.0005009
314.513254	-0.0000046
314.534246	0.0004620
314.555239	0.0006571
314.576232	-0.0007652
314.597226	0.0001414
314.618221	-0.0008913
314.639216	0.0004505
314.660212	0.0001709
314.681209	-0.0003346
314.702206	0.0015267
314.723204	-0.0012178
314.744203	0.0000920
314.765203	-0.0003793
314.786203	-0.0001162
314.807204	-0.0001825
314.828206	-0.0001529
314.849208	0.0007237
314.870211	-0.0008410
314.891215	0.0005597
314.912219	-0.0008345
314.933224	-0.0001202
314.954230	0.0003725
314.975237	-0.0002868
314.996244	0.0000114
315.017252	0.0007409
315.038261	0.0009070
315.059270	0.0008167
315.080280	-0.0008349
315.101291	0.0002388
315.122303	-0.0012905
315.143315	-0.0001653
315.164328	0.0004149
315.185341	0.0007706
315.206356	0.0011319
315.227371	0.0009080
315.248386	-0.0022095
315.269403	-0.0006198
315.290420	0.0000922
315.311438	0.0011260
315.332456	-0.0000154
315.353476	-0.0006733
315.374495	0.0002470
315.395516	-0.0000094
315.416537	0.0007303
315.437560	0.0018372
315.458582	0.0003844
315.479606	0.0000602
315.500630	-0.0008978
315.521655	0.0005640
315.542680	-0.0013987
315.563706	-0.0018035
315.584733	0.0002900
315.605761	0.0002419
315.626789	-0.0001994
315.647818	-0.0005419
315.668848	0.0009815
315.689879	-0.0000324
315.710910	-0.0009369
315.731942	-0.0002476
315.752974	-0.0007406
315.774008	-0.0003277
315.795042	0.0011943
315.816076	-0.0010330
315.837112	-0.0008589
315.858148	-0.0006462
315.879185	-0.0017506
315.900222	-0.0009564
315.921260	-0.0001500
315.942299	-0.0008227
315.963339	-0.0004161
315.984379	-0.0000870
316.005420	0.0003057
316.026462	-0.0024958
316.047504	0.0000429
316.068547	-0.0007352
316.089591	-0.0001531
316.110636	-0.0012973
316.131681	-0.0011399
316.152727	-0.0005342
316.173773	0.0003352
316.194821	0.0006922
316.215869	-0.0002462
316.236917	0.0005542
316.257967	0.0002264
316.279017	-0.0017542
316.300068	-0.0002563
316.321119	0.0011862
316.342172	-0.0011188
316.363224	0.0000146
316.384278	0.0002501
316.405332	-0.0006818
316.426387	0.0005993
316.447443	0.0002968
316.468500	-0.0001746
316.489557	0.0002319
316.510615	-0.0005836
316.531673	-0.0011287
316.552733	0.0005117
316.573793	-0.0001640
316.594853	-0.0009843
316.615915	0.0011547
316.636977	0.0011366
316.658039	-0.0014725
316.679103	0.0010399
316.700167	0.0001424
316.721232	-0.0010431
316.742298	-0.0011872
316.763364	-0.0003896
316.784431	0.0013356
316.805498	-0.0012721
316.826567	0.0006675
316.847636	-0.0009829
316.868706	-0.0004137
316.889776	-0.0010858
316.910847	0.0001560
316.931919	0.0011681
316.952992	0.0002761
316.974065	-0.0016287
316.995139	-0.0021889
317.016214	0.0013848
317.037289	-0.0002357
317.058366	-0.0011412
317.079442	0.0003092
317.100520	0.0008417
317.121598	0.0003094
317.142677	0.0001536
317.163757	0.0014553
317.184837	0.0004932
317.205918	0.0000362
317.227000	0.0005032
317.248082	-0.0005265
317.269165	0.0005686
317.290249	0.0010230
317.311334	-0.0001789
317.332419	-0.0001288
317.353505	-0.0001292
317.374592	-0.0014110
317.395679	0.0010031
317.416767	-0.0004042
317.437856	0.0015266
317.458945	-0.0001334
317.480035	0.0012215
317.501126	-0.0022479
317.522218	0.0020874
317.543310	0.0004674
317.564403	-0.0003012
317.585497	0.0020333
317.606591	0.0009281
317.627686	-0.0019693
317.648782	-0.0003864
317.669879	0.0003084
317.690976	0.0003732
317.712074	0.0007724
317.733172	0.0004010
317.754272	0.0009262
317.775372	0.0002187
317.796472	0.0011299
317.817574	0.0003149
317.838676	-0.0000748
317.859779	0.0001724
317.880882	0.0003414
317.901986	-0.0004291
317.923091	0.0006510
317.944197	0.0001317
317.965303	0.0001185
317.986410	-0.0005183
318.007518	0.0000750
318.028626	0.0011899
318.049736	-0.0000212
318.070845	0.0008899
318.091956	-0.0008577
318.113067	0.0007648
318.134179	0.0013255
318.155292	-0.0003783
318.176405	0.0010569
318.197519	-0.0001651
318.218634	-0.0014480
318.239749	0.0013597
318.260866	0.0013641
318.281982	0.0020339
318.303100	-0.0017790
318.324218	0.0002114
318.345337	0.0006593
318.366457	-0.0001342
318.387577	0.0008387
318.408698	-0.0004893
318.429820	-0.0007780
318.450943	0.0009512
318.472066	0.0003294
318.493190	-0.0013008
318.514314	0.0010988
318.535439	0.0010586
318.556565	-0.0015117
318.577692	0.0008693
318.598820	0.0012375
318.619948	-0.0020635
318.641076	-0.0020787
318.662206	-0.0008518
318.683336	0.0013523
318.704467	0.0004420
318.725599	0.0013311
318.746731	-0.0000576
318.767864	0.0007626
318.788998	-0.0000865
318.810132	0.0007873
318.831267	0.0005519
318.852403	-0.0006698
318.873540	-0.0003533
318.894677	-0.0002961
318.915815	0.0010649
318.936953	0.0005476
318.958093	0.0015445
318.979233	0.0002281
319.000374	0.0003454
319.021515	0.0002269
319.042657	-0.0006040
319.063800	0.0010364
319.084944	-0.0003433
319.106088	0.0012274
319.127233	-0.0006305
319.148378	0.0007856
319.169525	-0.0007335
319.190672	-0.0001576
319.211820	0.0007185
319.232968	0.0006198
319.254117	-0.0008451
319.275267	-0.0018428
319.296418	0.0004332
319.317569	-0.0000310
319.338721	-0.0006050
319.359874	-0.0004621
319.381027	0.0009086
319.402181	0.0002824
319.423336	0.0001480
319.444491	-0.0012120
319.465648	-0.0001746
319.486804	0.0020850
319.507962	0.0000950
319.529120	-0.0007384
319.550279	0.0013350
319.571439	0.0012331
319.592600	-0.0009880
319.613761	-0.0003607
319.634922	-0.0002497
319.656085	0.0016971
319.677248	0.0017639
319.698412	0.0017121
319.719577	-0.0012849
319.740742	-0.0001700
319.761908	0.0001302
319.783075	-0.0000520
319.804242	0.0002564
319.825410	0.0013737
319.846579	-0.0009352
319.867749	0.0005001
319.888919	0.0001719
319.910090	-0.0007073
319.931262	0.0007278
319.952434	-0.0004833
319.973607	0.0016970
319.994781	-0.0008704
320.015955	0.0017866
320.037130	0.0008189
320.058306	0.0005833
320.079483	-0.0010320
320.100660	0.0000690
320.121838	0.0011829
320.143017	-0.0001831
320.164196	0.0009982
320.185376	-0.0000317
320.206557	-0.0008814
320.227738	-0.0019020
320.248921	0.0022457
320.270103	-0.0010303
320.291287	0.0000911
320.312471	0.0006824
320.333656	-0.0006034
320.354842	0.0021265
320.376028	-0.0004596
320.397216	-0.0002623
320.418403	-0.0017699
320.439592	-0.0003118
320.460781	0.0004517
320.481971	-0.0019329
320.503162	0.0001888
320.524353	0.0000257
320.545545	0.0024258
320.566738	-0.0006736
320.587931	-0.0016600
320.609125	-0.0010094
320.630320	0.0005195
320.651516	-0.0025160
320.672712	0.0009655
320.693909	-0.0007838
320.715106	-0.0001546
320.736305	-0.0015325
320.757504	-0.0005970
320.778703	0.0005648
320.799904	0.0009251
320.821105	0.0005676
320.842307	-0.0005456
320.863509	-0.0000382
320.884713	-0.0013932
320.905917	0.0007552
320.927121	0.0010711
320.948327	-0.0000419
320.969533	-0.0009035
320.990739	-0.0007666
321.011947	-0.0003409
321.033155	-0.0003095
321.054364	0.0008408
321.075574	-0.0000424
321.096784	-0.0015897
321.117995	0.0009412
321.139207	0.0005616
321.160419	-0.0002065
321.181632	0.0002037
321.202846	-0.0000458
321.224060	0.0005605
321.245275	0.0024972
321.266491	0.0016825
321.287708	-0.0000890
321.308925	0.0009877
321.330143	0.0006979
321.351362	-0.0004623
321.372581	-0.0005367
321.393802	0.0004891
321.415022	-0.0004501
321.436244	-0.0007836
321.457466	-0.0009110
321.478689	-0.0008617
321.499913	0.0008651
321.521137	0.0007916
321.542362	-0.0004070
321.563588	-0.0006326
321.584814	-0.0019596
321.606041	0.0007826
321.627269	-0.0010980
321.648498	-0.0002886
321.669727	-0.0000127
321.690957	0.0020860
321.712188	-0.0012407
321.733419	-0.0001437
321.754651	0.0005576
321.775884	0.0000038
321.797117	-0.0004237
321.818351	0.0003663
321.839586	-0.0004244
321.860822	-0.0029946
321.882058	-0.0003228
321.903295	0.0000196
321.924533	-0.0002442
321.945771	0.0008428
321.967010	0.0009735
321.988250	-0.0016133
322.009490	-0.0014337
322.030732	-0.0014525
322.051973	0.0002807
322.073216	-0.0003571
322.094459	0.0006861
322.115703	-0.0011755
322.136948	-0.0003097
322.158193	0.0012883
322.179439	-0.0006412
322.200686	-0.0009458
322.221934	-0.0015546
322.243182	-0.0002615
322.264431	-0.0005273
322.285681	-0.0003516
322.306931	-0.0002129
322.328182	0.0004445
322.349434	0.0005294
322.370686	0.0000422
322.391939	-0.0004417
322.413193	-0.0005893
322.434447	0.0009576
322.455703	0.0004230
322.476959	-0.0004155
322.498215	-0.0015422
322.519473	0.0000665
322.540731	0.0009260
322.561989	0.0009013
322.583249	0.0012054
322.604509	-0.0002384
322.625770	0.0007042
322.647031	-0.0004484
322.668294	0.0009646
322.689557	0.0009513
322.710820	-0.0000626
322.732085	-0.0011746
322.753350	0.0012518
322.774615	-0.0002520
322.795882	-0.0010996
322.817149	0.0009863
322.838417	-0.0008161
322.859686	-0.0006621
322.880955	0.0000586
322.902225	-0.0018411
322.923496	-0.0013980
322.944767	0.0006652
322.966039	-0.0004667
322.987312	-0.0001242
323.008585	0.0004366
323.029860	-0.0013476
323.051134	-0.0004616
323.072410	0.0005952
323.093686	0.0014928
323.114963	0.0001346
323.136241	0.0012662
323.157519	-0.0019051
323.178799	-0.0000212
323.200078	0.0013373
323.221359	0.0004515
323.242640	0.0009886
323.263922	0.0007845
323.285205	0.0003877
323.306488	-0.0011883
323.327772	0.0006047
323.349057	-0.0014979
323.370342	0.0009913
323.391628	-0.0017434
323.412915	-0.0000251
323.434203	0.0013518
323.455491	0.0001729
323.476780	0.0017667
323.498070	0.0010371
323.519360	-0.0008886
323.540651	-0.0011722
323.561943	0.0009660
323.583235	-0.0004172
323.604528	0.0010979
323.625822	-0.0010052
323.647117	-0.0010278
323.668412	0.0005950
323.689708	-0.0000817
323.711005	0.0002225
323.732302	-0.0015803
323.753600	-0.0005120
323.774899	0.0024268
323.796198	0.0000212
323.817499	-0.0010698
323.838799	-0.0014347
323.860101	-0.0007390
323.881403	0.0000543
323.902706	0.0009010
323.924010	0.0002872
323.945314	-0.0000991
323.966620	0.0001275
323.987925	0.0006193
324.009232	-0.0001284
324.030539	0.0004093
324.051847	0.0002067
324.073156	-0.0005944
324.094465	0.0009751
324.115775	-0.0004430
324.137086	-0.0000728
324.158397	-0.0004299
324.179709	0.0012692
324.201022	-0.0010668
324.222336	-0.0001916
324.243650	0.0012892
324.264965	0.0008742
324.286280	-0.0002328
324.307597	-0.0003706
324.328914	0.0016867
324.350232	-0.0006895
324.371550	-0.0008369
324.392869	0.0001196
324.414189	-0.0013802
324.435510	-0.0000795
324.456831	-0.0005212
324.478153	-0.0011687
324.499475	-0.0001796
324.520799	-0.0017430
324.542123	0.0009031
324.563448	0.0006224
324.584773	0.0007445
324.606099	0.0008592
324.627426	-0.0004266
324.648754	0.0013653
324.670082	0.0006416
324.691411	0.0004559
324.712741	0.0001202
324.734071	0.0013382
324.755402	0.0009666
324.776734	0.0016087
324.798066	0.0002351
324.819400	-0.0004036
324.840734	-0.0001887
324.862068	-0.0007942
324.883403	0.0012950
324.904740	-0.0013522
324.926076	-0.0005363
324.947414	-0.0008565
324.968752	-0.0003124
324.990091	0.0025352
325.011430	-0.0007380
325.032770	0.0010254
325.054111	0.0010690
325.075453	-0.0011989
325.096795	-0.0002684
325.118138	0.0023362
325.139482	0.0007647
325.160826	0.0000832
325.182172	-0.0024184
325.203517	-0.0012229
325.224864	0.0005357
325.246211	-0.0004613
325.267559	-0.0010582
325.288908	-0.0001172
325.310257	-0.0000867
325.331607	0.0008802
325.352958	0.0009852
325.374309	0.0016571
325.395662	0.0010588
325.417014	-0.0016307
325.438368	-0.0018699
325.459722	-0.0001457
325.481077	0.0005603
325.502433	-0.0008454
325.523789	-0.0002776
325.545146	-0.0000038
325.566504	-0.0002617
325.587863	0.0000940
325.609222	-0.0007712
325.630582	0.0023257
325.651942	-0.0008719
325.673304	-0.0007542
325.694666	-0.0007632
325.716028	0.0016258
325.737392	0.0003897
325.758756	-0.0015025
325.780121	-0.0008419
325.801486	0.0004035
325.822852	0.0003749
325.844219	0.0009027
325.865587	0.0011604
325.886955	0.0008656
325.908324	0.0002464
325.929694	0.0013612
325.951064	-0.0001300
325.972435	-0.0005681
325.993807	-0.0002506
326.015180	0.0005734
326.036553	0.0000279
326.057927	0.0005178
326.079302	0.0005189
326.100677	-0.0002223
326.122053	0.0006085
326.143430	-0.0007600
326.164807	0.0007693
326.186185	0.0004762
326.207564	-0.0000816
326.228944	0.0007471
326.250324	0.0011461
326.271705	0.0014044
326.293087	0.0008870
326.314469	-0.0003074
326.335852	-0.0007455
326.357236	-0.0013210
326.378620	-0.0007727
326.400006	0.0001620
326.421391	0.0004890
326.442778	-0.0000758
326.464165	0.0014463
326.485553	0.0005749
326.506942	-0.0003680
326.528331	0.0003797
326.549721	0.0006055
326.571112	-0.0018437
326.592504	-0.0010919
326.613896	-0.0000827
326.635289	0.0014274
326.656682	0.0012427
326.678077	-0.0010760
326.699472	0.0015139
326.720868	0.0000546
326.742264	0.0004177
326.763661	0.0018496
326.785059	0.0005227
326.806457	-0.0008501
326.827857	0.0007947
326.849257	0.0004513
326.870657	0.0002541
326.892059	0.0005288
326.913461	-0.0016102
326.934863	0.0012674
326.956267	0.0011060
326.977671	-0.0002375
326.999076	-0.0021063
327.020481	-0.0018580
327.041888	-0.0003856
327.063294	-0.0002908
327.084702	-0.0001963
327.106110	0.0000275
327.127520	-0.0010347
327.148929	0.0002762
327.170340	0.0017539
327.191751	0.0004160
327.213163	0.0000024
327.234575	0.0002286
327.255989	-0.0004601
327.277403	0.0014695
327.298817	0.0007221
327.320233	0.0020839
327.341649	0.0012353
327.363066	-0.0015192
327.384483	0.0007617
327.405901	-0.0003444
327.427320	-0.0005258
327.448740	-0.0017431
327.470160	0.0011877
327.491581	-0.0013049
327.513003	0.0012649
327.534425	0.0003562
327.555848	-0.0003369
327.577272	0.0017839
327.598697	0.0007217
327.620122	0.0004382
327.641548	0.0015420
327.662974	-0.0006515
327.684402	0.0000532
327.705830	0.0012079
327.727258	-0.0000173
327.748688	-0.0012225
327.770118	-0.0007072
327.791549	0.0003942
327.812980	-0.0007247
327.834412	0.0004506
327.855845	-0.0002073
327.877279	-0.0002007
327.898713	-0.0016379
327.920148	-0.0003877
327.941584	0.0011243
327.963021	-0.0001434
327.984458	0.0023410
328.005896	-0.0000882
328.027334	-0.0018777
328.048774	-0.0020322
328.070213	0.0005964
328.091654	0.0008529
328.113095	-0.0003732
328.134538	0.0001403
328.155980	-0.0003412
328.177424	0.0007709
328.198868	-0.0006925
328.220313	0.0018462
328.241758	0.0019446
328.263205	0.0004335
328.284652	-0.0005221
328.306099	-0.0004395
328.327548	-0.0013316
328.348997	0.0011695
328.370447	-0.0016014
328.391897	-0.0010580
328.413348	0.0003140
328.434800	0.0004630
328.456253	0.0021270
328.477706	0.0006284
328.499160	-0.0005479
328.520615	0.0006560
328.542070	-0.0002606
328.563526	-0.0002401
328.584983	-0.0002350
328.606441	0.0011736
328.627899	0.0012339
328.649358	-0.0006829
328.670818	0.0000821
328.692278	0.0011658
328.713739	-0.0008575
328.735201	0.0000480
328.756663	0.0011681
328.778126	-0.0010337
328.799590	0.0013424
328.821055	0.0009953
328.842520	0.0003056
328.863986	-0.0014062
328.885453	0.0008213
328.906920	0.0000926
328.928388	-0.0007810
328.949857	-0.0006879
328.971326	0.0017595
328.992796	-0.0020587
329.014267	0.0000120
329.035739	-0.0014825
329.057211	0.0002771
329.078684	-0.0012321
329.100158	-0.0003450
329.121632	0.0006277
329.143107	-0.0000676
329.164583	-0.0012719
329.186059	0.0001380
329.207537	-0.0003627
329.229015	-0.0001541
329.250493	0.0005054
329.271972	0.0005621
329.293452	-0.0006817
329.314933	0.0005431
329.336415	0.0005128
329.357897	-0.0000192
329.379380	0.0010271
329.400863	0.0010680
329.422347	0.0002513
329.443832	-0.0012620
329.465318	0.0006596
329.486804	0.0000091
329.508291	-0.0002953
329.529779	0.0008888
329.551267	0.0001498
329.572756	-0.0006126
329.594246	-0.0004385
329.615737	0.0010967
329.637228	0.0008004
329.658720	-0.0022699
329.680213	0.0002090
329.701706	0.0018766
329.723200	-0.0000575
329.744695	0.0004871
329.766190	0.0002321
329.787686	0.0004830
329.809183	0.0010576
329.830681	-0.0004864
329.852179	0.0010441
329.873678	-0.0005955
329.895178	-0.0010719
329.916678	-0.0015273
329.938179	0.0012252
329.959681	-0.0018356
329.981183	0.0009546
330.002687	-0.0001712
330.024190	0.0008039
330.045695	0.0001101
330.067200	-0.0007693
330.088706	0.0000907
330.110213	0.0004654
330.131720	0.0013237
330.153228	0.0007484
330.174737	-0.0011234
330.196247	-0.0007408
330.217757	-0.0009640
330.239268	0.0012293
330.260780	-0.0012772
330.282292	0.0013130
330.303805	-0.0000450
330.325319	0.0013254
330.346833	0.0018176
330.368348	0.0007327
330.389864	-0.0002082
330.411380	0.0001805
330.432898	0.0014893
330.454416	-0.0008030
330.475934	0.0017518
330.497454	-0.0011864
330.518974	0.0006614
330.540494	0.0011443
330.562016	-0.0001440
330.583538	0.0006215
330.605061	-0.0001397
330.626584	-0.0024181
330.648109	-0.0011781
330.669634	0.0018220
330.691159	-0.0007645
330.712686	0.0007034
330.734213	0.0011415
330.755740	-0.0011261
330.777269	-0.0006404
330.798798	-0.0006914
330.820328	-0.0000892
330.841858	0.0003157
330.863390	0.0017487
330.884922	0.0004333
330.906454	0.0021232
330.927988	0.0004141
330.949522	-0.0000328
330.971057	0.0004446
330.992592	0.0003360
331.014128	-0.0004278
331.035665	-0.0002391
331.057203	-0.0019743
331.078741	-0.0009989
331.100280	0.0014299
331.121820	-0.0011550
331.143360	0.0009323
331.164901	0.0014857
331.186443	-0.0009594
331.207986	-0.0008767
331.229529	-0.0004943
331.251073	-0.0003495
331.272617	0.0001766
331.294163	-0.0004570
331.315709	0.0018244
331.337255	-0.0010826
331.358803	0.0004574
331.380351	0.0004184
331.401900	-0.0000327
331.423449	-0.0020857
331.445000	-0.0016380
331.466551	-0.0012316
331.488102	0.0003401
331.509655	-0.0014623
331.531208	-0.0005782
331.552761	0.0000867
331.574316	-0.0009173
331.595871	-0.0005826
331.617427	0.0015261
331.638983	-0.0023204
331.660541	-0.0004151
331.682099	0.0000933
331.703657	0.0005331
331.725217	0.0014120
331.746777	-0.0004079
331.768338	-0.0006344
331.789899	0.0005309
331.811461	-0.0009511
331.833024	0.0003567
331.854588	-0.0026497
331.876152	0.0009196
331.897717	-0.0007911
331.919283	-0.0008963
331.940849	-0.0005601
331.962416	-0.0000898
331.983984	0.0000484
332.005552	0.0018326
332.027122	0.0005650
332.048692	0.0018376
332.070262	-0.0000237
332.091834	0.0005605
332.113406	0.0000720
332.134978	-0.0011153
332.156552	0.0001341
332.178126	0.0009432
332.199701	0.0013004
332.221276	-0.0006445
332.242852	-0.0002336
332.264429	-0.0006505
332.286007	0.0007421
332.307585	0.0014753
332.329164	-0.0004569
332.350744	-0.0031343
332.372325	-0.0001919
332.393906	0.0006467
332.415488	0.0006459
332.437070	-0.0003669
332.458653	-0.0009648
332.480237	0.0003757
332.501822	0.0003986
332.523407	0.0005407
332.544993	0.0001335
332.566580	0.0001543
332.588168	0.0003621
332.609756	0.0008506
332.631345	-0.0013455
332.652934	0.0003931
332.674524	0.0006450
332.696115	0.0007325
332.717707	-0.0011674
332.739300	0.0001864
332.760893	-0.0001315
332.782486	-0.0011725
332.804081	0.0016940
332.825676	0.0000585
332.847272	-0.0013223
332.868869	0.0004044
332.890466	0.0004816
332.912064	-0.0000790
332.933663	-0.0009594
332.955262	0.0005813
332.976862	-0.0016447
332.998463	0.0000393
333.020064	0.0002438
333.041667	-0.0014395
333.063270	-0.0005289
333.084873	0.0006849
333.106478	-0.0007232
333.128083	-0.0001629
333.149688	-0.0019116
333.171295	0.0001897
333.192902	-0.0010927
333.214510	-0.0003015
333.236118	0.0016734
333.257727	-0.0002049
333.279337	-0.0006228
333.300948	0.0008642
333.322559	-0.0008321
333.344171	0.0016784
333.365784	-0.0001727
333.387398	0.0003461
333.409012	-0.0006476
333.430627	0.0008450
333.452242	0.0011609
333.473859	-0.0023863
333.495475	-0.0020097
333.517093	-0.0007020
333.538712	0.0002078
333.560331	0.0007070
333.581950	0.0008936
333.603571	-0.0010882
333.625192	-0.0000293
333.646814	0.0016355
333.668437	-0.0000943
333.690060	0.0013175
333.711684	-0.0002416
333.733309	0.0003297
333.754934	-0.0009626
333.776560	-0.0012856
333.798187	0.0010749
333.819814	-0.0005442
333.841443	-0.0017584
333.863071	0.0006110
333.884701	0.0008837
333.906331	0.0003298
333.927962	-0.0003205
333.949594	-0.0011202
333.971227	-0.0005148
333.992860	0.0005503
334.014493	-0.0013020
334.036128	0.0003426
334.057763	-0.0006775
334.079399	-0.0018964
334.101036	0.0010705
334.122673	-0.0004718
334.144311	-0.0003282
334.165950	-0.0007441
334.187589	0.0009826
334.209230	0.0004030
334.230870	0.0005701
334.252512	0.0001597
334.274154	-0.0007031
334.295797	-0.0002315
334.317441	-0.0003867
334.339085	0.0021107
334.360730	-0.0003031
334.382376	0.0008690
334.404022	-0.0001161
334.425670	0.0001574
334.447318	0.0007228
334.468966	0.0021614
334.490615	0.0000119
334.512265	-0.0006891
334.533916	-0.0006110
334.555567	0.0011322
334.577220	0.0003667
334.598872	-0.0011430
334.620526	-0.0002253
334.642180	-0.0003594
334.663835	0.0013618
334.685490	0.0006154
334.707147	-0.0002052
334.728804	0.0005510
334.750461	0.0002965
334.772120	-0.0005899
334.793779	-0.0011631
334.815439	-0.0022120
334.837099	-0.0004722
334.858761	0.0006962
334.880422	-0.0007849
334.902085	0.0000670
334.923748	-0.0005367
334.945412	0.0001317
334.967077	-0.0005695
334.988743	0.0001034
335.010409	-0.0007510
335.032076	-0.0009134
335.053743	-0.0000889
335.075411	0.0008435
335.097080	-0.0003895
335.118750	-0.0005597
335.140420	-0.0004039
335.162091	0.0004737
335.183763	-0.0003185
335.205436	0.0006199
335.227109	-0.0004521
335.248783	-0.0001207
335.270457	0.0015085
335.292132	0.0005739
335.313808	-0.0015562
335.335485	0.0012253
335.357162	-0.0003301
335.378841	0.0010811
335.400519	-0.0000835
335.422199	-0.0015332
335.443879	0.0004794
335.465560	-0.0003690
335.487241	0.0010297
335.508924	0.0006582
335.530607	0.0013593
335.552290	0.0010041
335.573975	0.0013904
335.595660	0.0004446
335.617346	-0.0001381
335.639032	0.0006201
335.660720	0.0013491
335.682407	-0.0007295
335.704096	-0.0020743
335.725785	0.0001622
335.747475	-0.0004175
335.769166	0.0002685
335.790858	0.0008753
335.812550	0.0002621
335.834242	-0.0008277
335.855936	0.0002927
335.877630	-0.0003797
335.899325	-0.0011127
335.921021	-0.0004832
335.942717	0.0018710
335.964414	0.0005251
335.986112	-0.0013007
336.007810	0.0001226
336.029510	0.0001449
336.051209	-0.0016700
336.072910	-0.0001510
336.094611	0.0006287
336.116313	-0.0010958
336.138016	-0.0001978
336.159719	0.0004276
336.181423	0.0003308
336.203128	0.0006898
336.224833	-0.0007456
336.246540	-0.0014127
336.268247	-0.0013086
336.289954	0.0003941
336.311662	-0.0005163
336.333371	0.0010953
336.355081	-0.0004900
336.376791	-0.0006509
336.398503	0.0016419
336.420214	-0.0006987
336.441927	-0.0013446
336.463640	0.0001575
336.485354	0.0004502
336.507069	-0.0005609
336.528784	-0.0018946
336.550500	0.0018398
336.572217	0.0000090
336.593934	0.0003562
336.615652	0.0006742
336.637371	0.0008216
336.659090	0.0005678
336.680811	0.0004879
336.702532	0.0000258
336.724253	-0.0001626
336.745975	-0.0001030
336.767699	-0.0003415
336.789422	0.0002969
336.811147	0.0012139
336.832872	0.0009956
336.854598	0.0001367
336.876324	0.0005604
336.898051	0.0003058
336.919779	0.0000379
336.941508	-0.0003115
336.963237	-0.0007358
336.984967	0.0001026
337.006698	0.0011273
337.028430	0.0017771
337.050162	0.0015204
337.071895	-0.0017398
337.093628	0.0004915
337.115363	0.0000201
337.137098	-0.0017212
337.158833	0.0010775
337.180570	0.0003953
337.202307	-0.0006069
337.224044	0.0010604
337.245783	0.0003668
337.267522	-0.0009803
337.289262	0.0006200
337.311003	-0.0014028
337.332744	-0.0010914
337.354486	0.0008781
337.376229	0.0014192
337.397972	0.0000889
337.419716	-0.0001732
337.441461	-0.0002730
337.463206	-0.0004194
337.484953	-0.0006704
337.506700	-0.0016981
337.528447	0.0024329
337.550195	-0.0004772
337.571944	-0.0000712
337.593694	0.0006139
337.615445	-0.0017361
337.637196	0.0002085
337.658948	-0.0016613
337.680700	-0.0012768
337.702453	-0.0006930
337.724207	0.0005267
337.745962	-0.0010155
337.767717	-0.0014738
337.789473	-0.0010694
337.811230	0.0008162
337.832987	-0.0006216
337.854746	-0.0016361
337.876505	-0.0009748
337.898264	-0.0009280
337.920024	-0.0006057
337.941785	0.0003635
337.963547	0.0001200
337.985309	0.0002914
338.007072	-0.0003976
338.028836	-0.0009848
338.050601	-0.0011899
338.072366	-0.0007920
338.094132	0.0008936
338.115898	-0.0001521
338.137666	0.0008387
338.159434	0.0007740
338.181202	-0.0005884
338.202972	-0.0001710
338.224742	-0.0014383
338.246512	0.0005582
338.268284	0.0005626
338.290056	0.0017959
338.311829	0.0012551
338.333603	0.0008898
338.355377	0.0004162
338.377152	-0.0002377
338.398928	0.0006470
338.420704	0.0004215
338.442481	-0.0003564
338.464259	-0.0005016
338.486038	-0.0004207
338.507817	0.0008846
338.529597	0.0009552
338.551377	-0.0002012
338.573159	-0.0002581
338.594941	-0.0007021
338.616723	0.0014943
338.638507	0.0004151
338.660291	0.0005059
338.682076	0.0012230
338.703861	0.0006177
338.725648	0.0005098
338.747435	-0.0006826
338.769222	0.0016493
338.791011	0.0010261
338.812800	0.0000069
338.834589	-0.0000705
338.856380	0.0019579
338.878171	0.0012055
338.899963	0.0002807
338.921756	0.0013876
338.943549	-0.0000734
338.965343	-0.0013436
338.987137	0.0007009
339.008933	-0.0003366
339.030729	0.0011903
339.052526	0.0014410
339.074323	-0.0020175
339.096121	-0.0006786
339.117920	-0.0005073
339.139720	0.0015644
339.161520	0.0000717
339.183321	-0.0015369
339.205123	-0.0002991
339.226925	-0.0015841
339.248728	-0.0000988
339.270532	0.0006008
339.292337	-0.0003499
339.314142	0.0001329
339.335948	-0.0012008
339.357754	0.0018799
339.379562	0.0000776
339.401370	-0.0004540
339.423178	-0.0017187
339.444988	0.0003709
339.466798	-0.0006318
339.488609	-0.0003753
339.510420	0.0021950
339.532233	0.0022190
339.554046	0.0001080
339.575859	0.0004492
339.597674	-0.0006612
339.619489	0.0000341
339.641304	-0.0011765
339.663121	-0.0008677
339.684938	-0.0014335
339.706756	-0.0009367
339.728574	0.0007152
339.750394	0.0009265
339.772214	-0.0011052
339.794034	0.0013552
339.815856	-0.0011770
339.837678	-0.0001869
339.859500	0.0003235
339.881324	-0.0000349
339.903148	0.0008127
339.924973	0.0010409
339.946799	-0.0008575
339.968625	-0.0003832
339.990452	0.0005215
340.012280	-0.0027491
340.034108	-0.0008304
340.055937	-0.0002071
340.077767	-0.0012842
340.099597	0.0005731
340.121428	-0.0007299
340.143260	-0.0006004
340.165093	-0.0010685
340.186926	-0.0003018
340.208760	0.0002676
340.230595	0.0015352
340.252430	0.0006265
340.274267	0.0000827
340.296103	-0.0001525
340.317941	0.0001811
340.339779	-0.0007281
340.361618	0.0000424
340.383458	0.0005273
340.405298	-0.0007224
340.427139	-0.0013110
340.448981	0.0006512
340.470823	-0.0004504
340.492666	0.0016290
340.514510	0.0004662
340.536355	-0.0007278
340.558200	0.0006737
340.580046	-0.0005390
340.601893	0.0018792
340.623740	-0.0010154
340.645588	0.0013100
340.667437	0.0005149
340.689286	-0.0013656
340.711136	0.0009908
340.732987	-0.0016607
340.754839	0.0010045
340.776691	-0.0003284
340.798544	-0.0012017
340.820398	-0.0001290
340.842252	0.0010090
340.864107	0.0000379
340.885963	0.0002469
340.907820	-0.0003618
340.929677	0.0012214
340.951535	-0.0003280
340.973393	0.0013146
340.995252	0.0000055
341.017112	-0.0017790
341.038973	0.0011097
341.060835	-0.0003150
341.082697	-0.0010730
341.104560	-0.0004686
341.126423	0.0007253
341.148287	0.0004244
341.170152	0.0003516
341.192018	-0.0000190
341.213884	0.0004672
341.235751	-0.0010180
341.257619	-0.0001709
341.279487	-0.0016565
341.301356	-0.0000867
341.323226	0.0003338
341.345097	0.0018292
341.366968	-0.0001024
341.388840	-0.0009674
341.410713	0.0012276
341.432586	0.0007273
341.454460	-0.0004094
341.476335	0.0004736
341.498210	0.0013030
341.520086	0.0000726
341.541963	-0.0007634
341.563841	-0.0005886
341.585719	-0.0005590
341.607598	0.0026524
341.629478	-0.0000494
341.651358	0.0003840
341.673239	0.0007346
341.695121	-0.0006119
341.717003	-0.0001087
341.738886	-0.0004408
341.760770	-0.0013022
341.782655	0.0005959
341.804540	0.0009576
341.826426	0.0015620
341.848313	-0.0006885
341.870200	0.0002693
341.892088	-0.0006755
341.913977	0.0013453
341.935867	0.0021877
341.957757	0.0008787
341.979648	-0.0010915
342.001539	0.0006829
342.023432	-0.0008477
342.045325	-0.0010954
342.067218	0.0012399
342.089113	-0.0010469
342.111008	-0.0007445
342.132904	-0.0031572
342.154800	0.0006940
342.176698	0.0002486
342.198595	-0.0001888
342.220494	0.0000945
342.242393	-0.0014497
342.264294	0.0005259
342.286194	-0.0015047
342.308096	-0.0001846
342.329998	0.0011394
342.351901	-0.0005040
342.373804	-0.0013537
342.395708	0.0004922
342.417613	-0.0001341
342.439519	-0.0010044
342.461425	0.0014024
342.483332	-0.0017309
342.505240	0.0001086
342.527149	-0.0000489
342.549058	-0.0007503
342.570968	0.0024722
342.592878	-0.0002790
342.614790	-0.0004583
342.636702	-0.0002832
342.658614	0.0004529
342.680528	-0.0003600
342.702442	0.0016235
342.724357	0.0002703
342.746272	-0.0003697
342.768188	-0.0008316
342.790105	-0.0012200
342.812023	0.0004734
342.833941	0.0011258
342.855860	-0.0005457
342.877780	0.0010191
342.899700	0.0009389
342.921621	-0.0006677
342.943543	-0.0011881
342.965466	-0.0004097
342.987389	0.0006278
343.009313	-0.0008032
343.031237	-0.0014879
343.053163	-0.0002871
343.075089	-0.0000609
343.097015	0.0013523
343.118943	-0.0005276
343.140871	-0.0011381
343.162800	0.0008939
343.184729	-0.0013165
343.206660	-0.0004111
343.228590	-0.0006877
343.250522	0.0008530
343.272454	0.0001690
343.294387	-0.0000244
343.316321	0.0007861
343.338256	0.0001117
343.360191	0.0013775
343.382127	0.0000621
343.404063	0.0009309
343.426001	-0.0022921
343.447939	-0.0003690
343.469877	-0.0005686
343.491817	-0.0004047
343.513757	-0.0021725
343.535697	-0.0009321
343.557639	-0.0006432
343.579581	0.0008752
343.601524	0.0004307
343.623468	0.0014327
343.645412	-0.0006497
343.667357	-0.0003571
343.689302	0.0003104
343.711249	0.0000315
343.733196	0.0021398
343.755144	-0.0004111
343.777092	-0.0000722
343.799041	-0.0004495
343.820991	-0.0000495
343.842942	-0.0003297
343.864893	-0.0009676
343.886845	-0.0008030
343.908798	-0.0007872
343.930751	0.0011648
343.952706	-0.0009360
343.974660	-0.0028083
343.996616	0.0008083
344.018572	0.0010793
344.040529	0.0009782
344.062487	0.0011404
344.084445	0.0005540
344.106404	-0.0004998
344.128364	0.0008536
344.150324	-0.0001885
344.172285	0.0004516
344.194247	0.0001702
344.216210	-0.0000550
344.238173	-0.0002851
344.260137	0.0004509
344.282102	-0.0005214
344.304067	0.0003864
344.326033	0.0001009
344.348000	-0.0010039
344.369967	0.0003856
344.391935	-0.0008380
344.413904	-0.0003854
344.435874	0.0008280
344.457844	0.0003171
344.479815	0.0011959
344.501787	0.0006656
344.523759	0.0000196
344.545732	-0.0021394
344.567706	-0.0011952
344.589681	0.0009959
344.611656	-0.0005317
344.633632	0.0003569
344.655608	-0.0006891
344.677586	0.0013581
344.699564	0.0001056
344.721542	0.0008922
344.743522	-0.0011843
344.765502	0.0009119
344.787483	-0.0001601
344.809464	-0.0004130
344.831446	-0.0001372
344.853429	0.0004983
344.875413	-0.0010247
344.897397	-0.0007749
344.919382	0.0002212
344.941368	0.0001121
344.963354	0.0003781
344.985342	0.0006867
345.007329	-0.0021727
345.029318	0.0007639
345.051307	0.0011056
345.073297	0.0002003
345.095288	-0.0006098
345.117279	-0.0005970
345.139271	0.0004081
345.161264	0.0010148
345.183257	0.0008453
345.205252	0.0005653
345.227246	-0.0001452
345.249242	-0.0004416
345.271238	-0.0002219
345.293235	-0.0002492
345.315233	0.0018856
345.337231	-0.0004179
345.359230	-0.0001988
345.381230	-0.0005695
345.403231	-0.0000030
345.425232	0.0006231
345.447234	0.0019823
345.469236	-0.0003361
345.491240	0.0007713
345.513243	-0.0012805
345.535248	0.0014744
345.557254	-0.0012473
345.579260	0.0015345
345.601266	0.0001771
345.623274	-0.0018354
345.645282	-0.0003936
345.667291	0.0012688
345.689301	0.0029328
345.711311	-0.0008130
345.733322	-0.0019730
345.755334	0.0001543
345.777346	-0.0017137
345.799359	-0.0014073
345.821373	-0.0003680
345.843388	0.0000075
345.865403	0.0021972
345.887419	0.0018670
345.909435	-0.0002480
345.931453	0.0004418
345.953471	-0.0006990
345.975490	-0.0011507
345.997509	0.0018063
346.019529	0.0001092
346.041550	0.0010116
346.063572	0.0006817
346.085594	0.0015320
346.107617	0.0016444
346.129640	0.0012978
346.151665	0.0006218
346.173690	0.0016613
346.195716	0.0014921
346.217742	0.0009861
346.239769	0.0005589
346.261797	0.0011678
346.283826	0.0001542
346.305855	0.0003283
346.327885	0.0026136
346.349916	-0.0006274
346.371947	0.0037324
346.393979	-0.0002216
346.416012	0.0000371
346.438045	0.0007669
346.460080	0.0011371
346.482114	0.0011541
346.504150	0.0005495
346.526186	0.0028542
346.548223	0.0012313
346.570261	0.0005590
346.592300	0.0020776
346.614339	0.0036972
346.636378	0.0033008
346.658419	0.0025392
346.680460	0.0007666
346.702502	0.0009541
346.724545	0.0021857
346.746588	0.0028960
346.768632	0.0037352
346.790677	0.0034841
346.812722	0.0023843
346.834768	0.0024240
346.856815	0.0034691
346.878863	0.0041067
346.900911	0.0041422
346.922960	0.0036353
346.945010	0.0058629
346.967060	0.0034158
346.989111	0.0019621
347.011163	0.0046162
347.033215	0.0051954
347.055268	0.0066438
347.077322	0.0052212
347.099377	0.0043434
347.121432	0.0051452
347.143488	0.0069584
347.165545	0.0064255
347.187602	0.0073517
347.209660	0.0063575
347.231719	0.0060414
347.253778	0.0083669
347.275839	0.0100125
347.297899	0.0080731
347.319961	0.0079691
347.342023	0.0059376
347.364086	0.0101083
347.386150	0.0090080
347.408214	0.0078801
347.430280	0.0115904
347.452345	0.0118048
347.474412	0.0117935
347.496479	0.0125033
347.518547	0.0132156
347.540616	0.0134128
347.562685	0.0143775
347.584755	0.0118294
347.606826	0.0166258
347.628897	0.0152065
347.650969	0.0153348
347.673042	0.0161705
347.695115	0.0159055
347.717190	0.0142652
347.739265	0.0159241
347.761340	0.0178717
347.783417	0.0179806
347.805494	0.0183407
347.827571	0.0194136
347.849650	0.0191144
347.871729	0.0196302
347.893809	0.0216828
347.915889	0.0228191
347.937971	0.0223256
347.960053	0.0232685
347.982135	0.0240367
348.004219	0.0259341
348.026303	0.0271766
348.048387	0.0267950
348.070473	0.0280648
348.092559	0.0287911
348.114646	0.0288957
348.136734	0.0301102
348.158822	0.0303815
348.180911	0.0321369
348.203001	0.0309199
348.225091	0.0344287
348.247182	0.0325900
348.269274	0.0354469
348.291366	0.0362971
348.313459	0.0357902
348.335553	0.0401037
348.357648	0.0383145
348.379743	0.0394687
348.401839	0.0414951
348.423936	0.0419388
348.446033	0.0450021
348.468132	0.0441843
348.490230	0.0454989
348.512330	0.0479917
348.534430	0.0471566
348.556531	0.0471233
348.578633	0.0517614
348.600735	0.0529648
348.622838	0.0520000
348.644942	0.0532722
348.667046	0.0543517
348.689151	0.0543718
348.711257	0.0580195
348.733364	0.0581450
348.755471	0.0591534
348.777579	0.0591838
348.799688	0.0606751
348.821797	0.0626972
348.843907	0.0629417
348.866018	0.0645748
348.888129	0.0647684
348.910241	0.0670424
348.932354	0.0653472
348.954468	0.0696239
348.976582	0.0704555
348.998697	0.0700421
349.020813	0.0712214
349.042929	0.0712082
349.065046	0.0764587
349.087164	0.0770058
349.109282	0.0758072
349.131402	0.0777525
349.153521	0.0783640
349.175642	0.0798612
349.197763	0.0803200
349.219885	0.0809914
349.242008	0.0805767
349.264131	0.0820076
349.286255	0.0850971
349.308380	0.0842102
349.330506	0.0862169
349.352632	0.0870978
349.374759	0.0864812
349.396887	0.0881448
349.419015	0.0892824
349.441144	0.0902167
349.463274	0.0919952
349.485404	0.0921141
349.507535	0.0914818
349.529667	0.0916846
349.551799	0.0925160
349.573933	0.0945147
349.596067	0.0930435
349.618201	0.0944029
349.640337	0.0963946
349.662473	0.0952891
349.684609	0.0956701
349.706747	0.0983005
349.728885	0.0968375
349.751024	0.0961109
349.773163	0.0977040
349.795304	0.0977570
349.817445	0.0979615
349.839586	0.0989313
349.861729	0.0988023
349.883872	0.0995351
349.906015	0.1006844
349.928160	0.0991841
349.950305	0.1010523
349.972451	0.1006427
349.994598	0.1013429
350.016745	0.1012424
350.038893	0.1023861
350.061042	0.1015215
350.083191	0.0981029
350.105341	0.0988307
350.127492	0.0992268
350.149643	0.0985123
350.171796	0.0970019
350.193948	0.0987961
350.216102	0.0986374
350.238256	0.0984573
350.260411	0.0989512
350.282567	0.0966468
350.304723	0.0967305
350.326881	0.0956392
350.349038	0.0952445
350.371197	0.0937436
350.393356	0.0937565
350.415516	0.0946790
350.437677	0.0927316
350.459838	0.0930280
350.482000	0.0932944
350.504163	0.0906671
350.526326	0.0905844
350.548490	0.0919359
350.570655	0.0891772
350.592821	0.0879097
350.614987	0.0872378
350.637154	0.0867246
350.659322	0.0861630
350.681490	0.0868513
350.703659	0.0825609
350.725829	0.0839751
350.747999	0.0825381
350.770170	0.0814137
350.792342	0.0817672
350.814515	0.0791568
350.836688	0.0800508
350.858862	0.0792683
350.881037	0.0771861
350.903212	0.0744204
350.925388	0.0748382
350.947565	0.0726276
350.969742	0.0713677
350.991921	0.0716275
351.014100	0.0699786
351.036279	0.0669297
351.058459	0.0677932
351.080640	0.0649287
351.102822	0.0666502
351.125004	0.0656852
351.147188	0.0648577
351.169371	0.0615843
351.191556	0.0621276
351.213741	0.0600913
351.235927	0.0593379
351.258114	0.0589051
351.280301	0.0571416
351.302489	0.0560303
351.324678	0.0541777
351.346867	0.0538183
351.369057	0.0524663
351.391248	0.0515652
351.413440	0.0506517
351.435632	0.0490029
351.457825	0.0467347
351.480018	0.0455535
351.502213	0.0469785
351.524408	0.0451501
351.546604	0.0440458
351.568800	0.0426316
351.590997	0.0415561
351.613195	0.0399173
351.635394	0.0400188
351.657593	0.0384474
351.679793	0.0383470
351.701993	0.0365586
351.724195	0.0367731
351.746397	0.0348616
351.768600	0.0327581
351.790803	0.0309907
351.813007	0.0331113
351.835212	0.0329722
351.857418	0.0311605
351.879624	0.0299488
351.901831	0.0290344
351.924039	0.0280617
351.946247	0.0283288
351.968456	0.0285693
351.990666	0.0276018
352.012876	0.0244472
352.035088	0.0235364
352.057300	0.0241531
352.079512	0.0228383
352.101725	0.0217644
352.123939	0.0222761
352.146154	0.0195378
352.168370	0.0209192
352.190586	0.0183128
352.212803	0.0177373
352.235020	0.0187972
352.257238	0.0167028
352.279457	0.0155802
352.301677	0.0183269
352.323897	0.0164048
352.346118	0.0163646
352.368340	0.0128495
352.390562	0.0151910
352.412786	0.0142276
352.435009	0.0118779
352.457234	0.0122904
352.479459	0.0126751
352.501685	0.0120357
352.523912	0.0103295
352.546139	0.0107891
352.568367	0.0116686
352.590596	0.0118117
352.612825	0.0088055
352.635056	0.0096998
352.657286	0.0107382
352.679518	0.0072066
352.701750	0.0078011
352.723983	0.0095667
352.746217	0.0083149
352.768451	0.0056210
352.790686	0.0053118
352.812922	0.0057445
352.835159	0.0061505
352.857396	0.0053981
352.879634	0.0041694
352.901872	0.0057186
352.924112	0.0067044
352.946352	0.0025220
352.968592	0.0056485
352.990834	0.0032111
353.013076	0.0042549
353.035319	0.0046031
353.057562	0.0040339
353.079806	0.0054874
353.102051	0.0023117
353.124297	0.0027113
353.146543	0.0027371
353.168790	0.0032746
353.191038	0.0033439
353.213286	0.0031850
353.235536	0.0030475
353.257785	0.0020463
353.280036	0.0021949
353.302287	0.0030010
353.324539	0.0019679
353.346792	0.0032082
353.369045	0.0024322
353.391299	-0.0000565
353.413554	0.0013326
353.435809	0.0022650
353.458065	0.0020965
353.480322	0.0014485
353.502580	0.0015004
353.524838	0.0007515
353.547097	-0.0003796
353.569357	0.0018496
353.591617	0.0011925
353.613878	0.0010123
353.636140	0.0015420
353.658402	0.0015901
353.680666	-0.0005259
353.702929	0.0014654
353.725194	0.0004091
353.747459	0.0029807
353.769725	0.0007622
353.791992	0.0001677
353.814259	0.0006919
353.836527	-0.0003184
353.858796	0.0006952
353.881066	-0.0001647
353.903336	0.0002539
353.925607	0.0014194
353.947878	-0.0002064
353.970151	0.0007590
353.992424	0.0003519
354.014698	-0.0007010
354.036972	-0.0006698
354.059247	0.0013317
354.081523	0.0011957
354.103799	0.0007145
354.126077	0.0005398
354.148355	0.0017461
354.170633	0.0015706
354.192913	0.0004001
354.215193	-0.0000467
354.237473	0.0005854
354.259755	-0.0011086
354.282037	0.0037697
354.304320	-0.0003059
354.326603	-0.0000637
354.348887	-0.0019231
354.371172	0.0015710
354.393458	-0.0002253
354.415744	-0.0000389
354.438032	-0.0000390
354.460319	0.0018468
354.482608	0.0013540
354.504897	0.0004710
354.527187	-0.0015684
354.549477	-0.0003867
354.571769	0.0011533
354.594061	-0.0001381
354.616353	0.0006340
354.638647	-0.0009096
354.660941	0.0013267
354.683236	0.0001360
354.705531	0.0000182
354.727827	0.0001381
354.750124	0.0002263
354.772422	-0.0011945
354.794720	-0.0008890
354.817019	0.0017677
354.839319	0.0002913
354.861619	0.0015056
354.883920	0.0000576
354.906222	0.0011177
354.928525	0.0003745
354.950828	-0.0002392
354.973132	0.0000298
354.995436	-0.0005194
355.017742	-0.0007222
355.040048	0.0005956
355.062354	-0.0022034
355.084662	0.0010592
355.106970	0.0009633
355.129279	-0.0002794
355.151588	-0.0002728
355.173898	0.0000665
355.196209	-0.0000697
355.218521	-0.0009764
355.240833	0.0004586
355.263146	0.0013483
355.285460	-0.0002380
355.307775	0.0007885
355.330090	0.0009257
355.352406	0.0006416
355.374722	-0.0007020
355.397040	0.0001959
355.419357	0.0012348
355.441676	0.0011614
355.463995	0.0007449
355.486316	0.0006909
355.508636	-0.0005681
355.530958	0.0005780
355.553280	0.0011859
355.575603	0.0007536
355.597926	-0.0004574
355.620251	0.0004731
355.642576	-0.0002585
355.664901	-0.0002658
355.687228	0.0002612
355.709555	-0.0003710
355.731883	-0.0012331
355.754211	0.0000408
355.776540	-0.0005545
355.798870	-0.0024670
355.821201	-0.0001119
355.843532	0.0001795
355.865864	0.0011320
355.888197	-0.0002210
355.910530	-0.0006093
355.932864	-0.0014575
355.955199	-0.0000762
355.977535	-0.0007992
355.999871	0.0007847
356.022208	-0.0001718
356.044546	0.0003447
356.066884	0.0005447
356.089223	-0.0011374
356.111563	0.0000151
356.133903	0.0013104
356.156244	0.0002636
356.178586	0.0009965
356.200929	0.0005515
356.223272	-0.0003024
356.245616	-0.0010141
356.267961	-0.0004370
356.290306	0.0008272
356.312652	0.0001172
356.334999	-0.0002558
356.357346	0.0007494
356.379694	-0.0012431
356.402043	-0.0010373
356.424393	-0.0006994
356.446743	-0.0012533
356.469094	0.0000047
356.491446	0.0001644
356.513798	0.0012883
356.536151	0.0008638
356.558505	-0.0004280
356.580860	-0.0020061
356.603215	0.0020497
356.625571	0.0011297
356.647927	0.0021454
356.670284	0.0008521
356.692642	-0.0003733
356.715001	-0.0015208
356.737361	0.0003883
356.759721	-0.0011979
356.782082	0.0009348
356.804443	-0.0005760
356.826805	-0.0010994
356.849168	-0.0009023
356.871532	-0.0013070
356.893896	-0.0015420
356.916261	0.0011530
356.938627	0.0001203
356.960993	-0.0004344
356.983360	-0.0004816
357.005728	0.0008025
357.028097	-0.0019162
357.050466	-0.0002472
357.072836	-0.0014595
357.095207	0.0006059
357.117578	-0.0005840
357.139950	-0.0002745
357.162323	-0.0001187
357.184696	-0.0005473
357.207070	-0.0002686
357.229445	-0.0008813
357.251821	0.0004838
357.274197	0.0002841
357.296574	-0.0007885
357.318952	0.0000576
357.341330	0.0007665
357.363709	-0.0010493
357.386089	0.0004617
357.408469	0.0011467
357.430851	-0.0011487
357.453232	-0.0012187
357.475615	-0.0002070
357.497998	0.0008378
357.520382	0.0001811
357.542767	0.0007296
357.565152	0.0005692
357.587538	-0.0014617
357.609925	-0.0011241
357.632313	-0.0009949
357.654701	0.0003514
357.677090	0.0011794
357.699479	-0.0007431
357.721870	0.0013507
357.744261	0.0006467
357.766653	0.0011676
357.789045	0.0003389
357.811438	0.0006711
357.833832	0.0008468
357.856226	0.0005136
357.878622	0.0002710
357.901018	0.0005673
357.923414	0.0017563
357.945812	-0.0007203
357.968210	0.0023628
357.990608	-0.0010047
358.013008	-0.0007531
358.035408	-0.0002826
358.057809	-0.0002518
358.080210	-0.0000805
358.102613	0.0007056
358.125016	-0.0001286
358.147419	0.0003126
358.169824	0.0004130
358.192229	0.0000834
358.214634	-0.0004271
358.237041	-0.0000170
358.259448	-0.0007488
358.281856	0.0009307
358.304264	0.0003742
358.326674	0.0007021
358.349084	0.0023768
358.371494	0.0009784
358.393906	-0.0012311
358.416318	-0.0004823
358.438731	-0.0012375
358.461144	-0.0014338
358.483558	0.0007051
358.505973	0.0003805
358.528389	-0.0001457
358.550805	-0.0010206
358.573222	0.0010566
358.595640	0.0003729
358.618058	-0.0008433
358.640477	-0.0005623
358.662897	0.0014806
358.685318	0.0007955
358.707739	0.0007350
358.730161	-0.0001885
358.752583	0.0006916
358.775007	0.0008357
358.797431	-0.0009195
358.819856	0.0010413
358.842281	-0.0009802
358.864707	-0.0004487
358.887134	-0.0010130
358.909561	0.0006128
358.931990	-0.0005535
358.954419	-0.0003384
358.976848	-0.0004607
358.999279	-0.0001127
359.021710	-0.0006093
359.044141	0.0001010
359.066574	0.0013737
359.089007	-0.0008056
359.111441	-0.0019895
359.133875	-0.0007160
359.156311	-0.0010565
359.178747	0.0002663
359.201183	-0.0003296
359.223621	0.0005337
359.246059	0.0009201
359.268498	-0.0003806
359.290937	0.0012612
359.313377	-0.0015785
359.335818	-0.0003127
359.358260	0.0003179
359.380702	-0.0023958
359.403145	0.0000493
359.425589	-0.0007841
359.448033	0.0003574
359.470478	0.0013844
359.492924	0.0004990
359.515370	0.0001008
359.537818	0.0014046
359.560266	0.0001178
359.582714	0.0004534
359.605164	-0.0002396
359.627614	0.0005582
359.650064	0.0001568
359.672516	-0.0009606
359.694968	0.0008013
359.717421	-0.0009883
359.739874	0.0001889
359.762328	0.0012483
359.784783	0.0002887
359.807239	-0.0010941
359.829695	0.0007943
359.852152	0.0016986
359.874610	-0.0006963
359.897069	0.0001780
359.919528	0.0009308
359.941987	-0.0012964
359.964448	-0.0000915
359.986909	0.0005923
360.009371	-0.0016670
360.031834	-0.0014389
360.054297	-0.0021695
360.076761	0.0002354
360.099226	0.0005942
360.121692	-0.0014827
360.144158	0.0015068
360.166625	0.0006016
360.189092	-0.0004454
360.211560	0.0001094
360.234029	-0.0002387
360.256499	-0.0005631
360.278970	-0.0013237
360.301441	-0.0003306
360.323912	0.0000383
360.346385	-0.0004014
360.368858	0.0006331
360.391332	0.0005616
360.413807	0.0000313
360.436282	0.0000455
360.458758	0.0011036
360.481235	-0.0000919
360.503712	-0.0007313
360.526190	0.0008990
360.548669	0.0016555
360.571148	-0.0004585
360.593629	0.0011788
360.616110	0.0030219
360.638591	0.0005243
360.661074	0.0012733
360.683557	-0.0012679
360.706040	-0.0013049
360.728525	-0.0012558
360.751010	-0.0009907
360.773496	-0.0001799
360.795982	0.0007254
360.818469	-0.0009358
360.840957	0.0008703
360.863446	0.0008783
360.885935	-0.0013338
360.908425	0.0008932
360.930916	0.0001580
360.953408	0.0000635
360.975900	-0.0016220
360.998393	0.0006812
361.020886	0.0002813
361.043381	-0.0000035
361.065875	-0.0004496
361.088371	0.0007521
361.110868	-0.0000032
361.133365	0.0009920
361.155862	-0.0004694
361.178361	0.0007183
361.200860	0.0014028
361.223360	0.0010187
361.245861	-0.0005527
361.268362	-0.0001392
361.290864	-0.0011634
361.313367	-0.0019331
361.335870	0.0002060
361.358374	-0.0004070
361.380879	0.0013049
361.403384	-0.0010647
361.425891	0.0001256
361.448397	0.0005010
361.470905	0.0001647
361.493413	0.0003644
361.515922	0.0009534
361.538432	-0.0019723
361.560943	0.0017842
361.583454	-0.0001730
361.605965	-0.0004983
361.628478	-0.0010169
361.650991	0.0003886
361.673505	0.0018658
361.696020	0.0020314
361.718535	0.0001173
361.741051	0.0007989
361.763568	-0.0020244
361.786085	-0.0003134
361.808604	0.0013138
361.831122	0.0012010
361.853642	0.0001294
361.876162	0.0005224
361.898683	0.0023549
361.921205	-0.0003134
361.943727	0.0008268
361.966250	0.0002010
361.988774	0.0004750
362.011298	-0.0003112
362.033824	0.0006590
362.056350	-0.0019158
362.078876	-0.0007013
362.101403	0.0018859
362.123931	-0.0005951
362.146460	-0.0005094
362.168989	0.0009001
362.191520	-0.0006371
362.214050	-0.0006373
362.236582	-0.0016460
362.259114	-0.0011589
362.281647	0.0017968
362.304180	0.0003222
362.326715	0.0004935
362.349250	0.0007172
362.371785	0.0008816
362.394322	0.0001665
362.416859	0.0006052
362.439397	-0.0004480
362.461935	-0.0015398
362.484475	0.0006459
362.507014	0.0003310
362.529555	0.0019689
362.552096	0.0001609
362.574638	0.0001096
362.597181	-0.0009019
362.619725	-0.0000447
362.642269	0.0003568
362.664814	0.0008433
362.687359	-0.0006356
362.709905	-0.0008901
362.732452	-0.0007996
362.755000	0.0000970
362.777548	-0.0003652
362.800097	0.0007568
362.822647	-0.0008577
362.845198	-0.0002574
362.867749	-0.0004372
362.890301	-0.0012889
362.912853	-0.0004391
362.935406	0.0027455
362.957960	0.0006561
362.980515	0.0018678
363.003070	-0.0014379
363.025627	-0.0012024
363.048183	-0.0006276
363.070741	-0.0007953
363.093299	0.0009135
363.115858	-0.0011255
363.138417	0.0006305
363.160978	-0.0004161
363.183539	-0.0005844
363.206100	0.0005296
363.228663	-0.0013807
363.251226	0.0003371
363.273790	-0.0006223
363.296354	0.0015199
363.318919	0.0005588
363.341485	0.0006255
363.364052	-0.0008772
363.386619	0.0015297
363.409187	0.0012093
363.431756	-0.0018077
363.454326	-0.0010016
363.476896	0.0008132
363.499466	-0.0001115
363.522038	0.0016654
363.544610	0.0003445
363.567183	0.0005901
363.589757	0.0026111
363.612331	-0.0006829
363.634906	0.0002415
363.657482	-0.0013824
363.680058	0.0007859
363.702636	0.0002051
363.725213	0.0000388
363.747792	0.0007914
363.770371	0.0001927
363.792951	-0.0002791
363.815532	-0.0019215
363.838113	0.0003695
363.860695	-0.0022295
363.883278	0.0009738
363.905861	-0.0000968
363.928446	0.0001244
363.951031	-0.0019380
363.973616	0.0006601
363.996202	-0.0012132
364.018789	0.0010473
364.041377	0.0003021
364.063965	0.0011437
364.086555	0.0002280
364.109144	0.0003496
364.131735	-0.0009997
364.154326	-0.0009609
364.176918	-0.0008815
364.199511	-0.0004799
364.222104	-0.0006811
364.244698	0.0004035
364.267293	0.0016312
364.289888	0.0007618
364.312484	0.0012481
364.335081	0.0002411
364.357678	0.0012858
364.380277	-0.0016747
364.402876	-0.0006175
364.425475	0.0005378
364.448076	-0.0019481
364.470677	-0.0000290
364.493278	-0.0011405
364.515881	0.0004455
364.538484	0.0007370
364.561088	-0.0010177
364.583692	0.0000515
364.606297	0.0000018
364.628903	-0.0012090
364.651510	-0.0001665
364.674117	0.0011376
364.696725	0.0005738
364.719334	0.0000699
364.741944	-0.0012629
364.764554	0.0006221
364.787165	-0.0005881
364.809776	0.0002552
364.832389	0.0014532
364.855002	0.0004758
364.877615	0.0006632
364.900230	0.0006797
364.922845	0.0016100
364.945460	0.0009366
364.968077	0.0008615
364.990694	-0.0009147
365.013312	-0.0000229
365.035931	0.0006365
365.058550	-0.0004122
365.081170	0.0004845
365.103791	0.0011946
365.126412	0.0003617
365.149034	-0.0012735
365.171657	0.0003039
365.194280	0.0011682
365.216905	0.0003876
365.239530	0.0018187
365.262155	-0.0010373
365.284781	-0.0017871
365.307408	0.0014432
365.330036	0.0001610
365.352665	0.0000136
365.375294	-0.0012807
365.397924	-0.0014862
365.420554	-0.0019180
365.443185	0.0005095
365.465817	0.0002480
365.488450	0.0008189
365.511083	-0.0009063
365.533717	-0.0012293
365.556352	-0.0014063
365.578987	0.0012112
365.601624	0.0023484
365.624261	0.0019835
365.646898	0.0000164
365.669536	-0.0006454
365.692175	-0.0004640
365.714815	0.0003894
365.737455	-0.0000279
365.760096	0.0008711
365.782738	0.0005324
365.805381	0.0006286
365.828024	-0.0019821
365.850668	0.0017851
365.873312	-0.0015702
365.895958	-0.0007483
365.918604	0.0006189
365.941250	0.0008345
365.963898	0.0001766
365.986546	0.0009674
366.009194	-0.0005356
366.031844	0.0005109
366.054494	-0.0006834
366.077145	-0.0001834
366.099797	0.0001920
366.122449	-0.0001592
366.145102	-0.0001110
366.167756	0.0007155
366.190410	-0.0008921
366.213065	0.0002785
366.235721	0.0007235
366.258378	0.0004647
366.281035	0.0012213
366.303693	-0.0002876
366.326351	-0.0002605
366.349011	0.0006822
366.371671	-0.0004053
366.394331	0.0004270
366.416993	0.0004850
366.439655	-0.0004196
366.462318	0.0017648
366.484981	-0.0014006
366.507646	0.0005119
366.530311	-0.0000175
366.552976	-0.0009835
366.575643	-0.0015522
366.598310	-0.0013372
366.620977	-0.0004456
366.643646	-0.0003211
366.666315	0.0012357
366.688985	0.0006794
366.711655	0.0003578
366.734327	-0.0008487
366.756999	0.0008646
366.779671	0.0006048
366.802345	0.0019458
366.825019	-0.0008720
366.847694	-0.0003124
366.870369	-0.0004469
366.893045	0.0000278
366.915722	0.0015085
366.938400	-0.0013644
366.961078	-0.0006296
366.983757	0.0010595
367.006437	0.0001248
367.029117	-0.0003676
367.051798	-0.0014770
367.074480	-0.0003539
367.097163	-0.0009626
367.119846	-0.0015963
367.142530	-0.0004863
367.165214	-0.0001837
367.187900	-0.0006058
367.210586	0.0003564
367.233272	-0.0001357
367.255960	0.0011016
367.278648	0.0000446
367.301337	-0.0020524
367.324026	0.0006936
367.346717	0.0029582
367.369408	-0.0007620
367.392099	0.0018216
367.414792	-0.0001331
367.437485	-0.0000915
367.460178	0.0003572
367.482873	0.0002942
367.505568	0.0006017
367.528264	0.0011793
367.550960	-0.0013364
367.573658	-0.0001978
367.596356	-0.0001818
367.619054	-0.0026253
367.641754	0.0020163
367.664454	0.0021035
367.687154	-0.0008347
367.709856	0.0008968
367.732558	-0.0011298
367.755261	0.0019767
367.777965	0.0002711
367.800669	0.0019910
367.823374	0.0005946
367.846080	-0.0029627
367.868786	-0.0002113
367.891493	-0.0003561
367.914201	0.0007583
367.936909	-0.0021381
367.959618	-0.0007030
367.982328	0.0012622
368.005039	0.0006432
368.027750	-0.0015848
368.050462	0.0000590
368.073175	-0.0003391
368.095888	0.0006114
368.118603	0.0005439
368.141317	0.0003888
368.164033	-0.0013212
368.186749	0.0006193
368.209466	0.0001522
368.232184	-0.0006963
368.254902	-0.0000818
368.277621	0.0000506
368.300341	0.0007856
368.323061	0.0012720
368.345782	-0.0008923
368.368504	0.0001293
368.391227	-0.0015197
368.413950	0.0009081
368.436674	-0.0003310
368.459399	0.0001678
368.482124	0.0007747
368.504850	-0.0013701
368.527577	-0.0011955
368.550304	-0.0002887
368.573032	-0.0000611
368.595761	0.0005059
368.618491	0.0005266
368.641221	-0.0002494
368.663952	-0.0001961
368.686684	-0.0011866
368.709416	0.0001428
368.732149	-0.0007737
368.754883	-0.0001522
368.777618	0.0001396
368.800353	-0.0003027
368.823089	-0.0005982
368.845825	0.0022724
368.868562	0.0001725
368.891300	-0.0008011
368.914039	0.0003256
368.936779	-0.0004894
368.959519	0.0010861
368.982259	-0.0003338
369.005001	0.0001988
369.027743	0.0000894
369.050486	-0.0000654
369.073230	0.0015754
369.095974	0.0020192
369.118719	0.0002293
369.141465	0.0014231
369.164211	-0.0005702
369.186958	-0.0006650
369.209706	0.0010925
369.232455	-0.0009175
369.255204	0.0014473
369.277954	-0.0001853
369.300705	-0.0005122
369.323456	-0.0011119
369.346208	0.0010548
369.368961	-0.0002020
369.391714	0.0000538
369.414468	-0.0006368
369.437223	0.0001345
369.459979	0.0025293
369.482735	-0.0004181
369.505492	0.0006340
369.528250	0.0002976
369.551008	0.0019754
369.573767	-0.0000185
369.596527	-0.0008169
369.619287	-0.0014755
369.642048	0.0013378
369.664810	0.0008424
369.687573	-0.0002742
369.710336	0.0010292
369.733100	-0.0001538
369.755865	0.0011290
369.778630	-0.0001301
369.801396	-0.0004782
369.824163	-0.0003736
369.846931	0.0010179
369.869699	-0.0012646
369.892468	0.0001572
369.915237	-0.0013727
369.938008	-0.0002060
369.960779	0.0006383
369.983550	0.0002400
370.006323	0.0006217
370.029096	0.0005416
370.051870	-0.0025117
370.074644	-0.0002647
370.097420	0.0007317
370.120196	0.0002892
370.142972	0.0004001
370.165749	0.0000936
370.188528	-0.0008333
370.211306	0.0005458
370.234086	-0.0016220
370.256866	-0.0005736
370.279647	0.0013291
370.302428	-0.0013981
370.325210	0.0008490
370.347993	-0.0001808
370.370777	-0.0009157
370.393561	0.0001450
370.416346	-0.0008829
370.439132	0.0004700
370.461919	0.0009797
370.484706	0.0005107
370.507494	-0.0009879
370.530282	0.0013028
370.553072	-0.0013545
370.575862	-0.0005471
370.598652	-0.0001321
370.621444	0.0004915
370.644236	0.0007737
370.667029	-0.0006798
370.689822	-0.0006029
370.712616	-0.0010208
370.735411	0.0013409
370.758207	0.0009014
370.781003	-0.0020416
370.803800	0.0006385
370.826598	0.0013246
370.849396	0.0009739
370.872195	0.0015476
370.894995	-0.0003167
370.917796	-0.0010788
370.940597	-0.0003975
370.963399	0.0000488
370.986201	-0.0020891
371.009005	0.0003055
371.031809	-0.0003421
371.054613	-0.0000294
371.077419	0.0023754
371.100225	-0.0004134
371.123032	0.0003617
371.145839	0.0012701
371.168648	-0.0010117
371.191456	-0.0010693
371.214266	0.0018200
371.237076	-0.0024437
371.259887	-0.0006691
371.282699	0.0012800
371.305512	0.0003706
371.328325	-0.0000815
371.351139	0.0000464
371.373953	0.0002886
371.396769	-0.0014994
371.419585	-0.0002780
371.442401	0.0015908
371.465219	0.0001169
371.488037	-0.0008417
371.510855	0.0010304
371.533675	-0.0011924
371.556495	0.0003661
371.579316	-0.0002039
371.602138	-0.0000113
371.624960	0.0005846
371.647783	0.0009147
371.670606	-0.0003327
371.693431	0.0001611
371.716256	0.0000688
371.739082	-0.0003541
371.761908	-0.0010480
371.784735	-0.0008711
371.807563	0.0004933
371.830392	-0.0004916
371.853221	-0.0002129
371.876051	-0.0005257
371.898882	-0.0013294
371.921713	-0.0001243
371.944546	0.0005214
371.967378	-0.0005540
371.990212	-0.0000841
372.013046	-0.0024287
372.035881	0.0011069
372.058717	-0.0001832
372.081553	0.0012304
372.104390	0.0001237
372.127228	-0.0008871
372.150066	-0.0012851
372.172905	0.0008712
372.195745	0.0000818
372.218586	0.0003416
372.241427	0.0001482
372.264269	0.0001841
372.287112	0.0007928
372.309955	0.0009495
372.332799	0.0002701
372.355644	0.0000040
372.378489	-0.0018171
372.401335	0.0006534
372.424182	0.0004624
372.447030	-0.0004234
372.469878	0.0000343
372.492727	-0.0009341
372.515577	-0.0001098
372.538427	0.0002988
372.561278	0.0009313
372.584130	0.0006457
372.606983	0.0000555
372.629836	-0.0007398
372.652690	0.0000032
372.675544	-0.0027084
372.698400	-0.0016794
372.721256	-0.0004059
372.744112	0.0004891
372.766970	-0.0003072
372.789828	0.0005742
372.812687	-0.0003064
372.835546	-0.0007915
372.858406	-0.0005660
372.881267	-0.0016207
372.904129	0.0001937
372.926991	0.0009343
372.949854	-0.0001300
372.972718	0.0008027
372.995582	0.0022108
373.018448	0.0009721
373.041313	0.0007255
373.064180	0.0005777
373.087047	0.0016871
373.109915	-0.0001249
373.132784	0.0011853
373.155653	-0.0010208
373.178523	-0.0013754
373.201394	0.0004145
373.224265	0.0015090
373.247138	-0.0013471
373.270010	0.0015550
373.292884	-0.0002402
373.315758	-0.0009434
373.338633	0.0017383
373.361509	0.0005751
373.384385	0.0003477
373.407262	0.0010100
373.430140	0.0015390
373.453019	0.0015859
373.475898	-0.0016981
373.498778	-0.0023794
373.521658	-0.0002012
373.544539	-0.0004662
373.567421	-0.0005907
373.590304	0.0002486
373.613188	-0.0000574
373.636072	-0.0002790
373.658956	0.0010225
373.681842	0.0000969
373.704728	-0.0005724
373.727615	0.0008442
373.750503	0.0016220
373.773391	-0.0013321
373.796280	-0.0003719
373.819170	-0.0022730
373.842060	-0.0009771
373.864951	0.0004813
373.887843	0.0000449
373.910736	-0.0019505
373.933629	-0.0003650
373.956523	-0.0005730
373.979417	0.0009254
374.002313	-0.0003387
374.025209	-0.0011125
374.048106	0.0003384
374.071003	0.0005497
374.093901	0.0001890
374.116800	-0.0012297
374.139700	0.0022950
374.162600	0.0015903
374.185501	0.0001899
374.208402	-0.0001122
374.231305	-0.0018121
374.254208	0.0012014
374.277112	-0.0009743
374.300016	0.0009462
374.322921	-0.0001165
374.345827	-0.0004539
374.368734	-0.0011676
374.391641	0.0016620
374.414549	-0.0000879
374.437458	-0.0003438
374.460367	0.0000577
374.483277	0.0005380
374.506188	-0.0008288
374.529099	0.0014552
374.552012	0.0011359
374.574924	0.0007987
374.597838	0.0006105
374.620752	0.0003165
374.643667	0.0001506
374.666583	0.0018522
374.689499	-0.0007875
374.712417	-0.0002316
374.735334	0.0003928
374.758253	-0.0006302
374.781172	0.0002528
374.804092	-0.0002584
374.827013	0.0001460
374.849934	-0.0001555
374.872856	0.0009428
374.895779	0.0004373
374.918702	-0.0000849
374.941626	-0.0001493
374.964551	-0.0011501
374.987477	-0.0015658
375.010403	-0.0010498
375.033330	-0.0005380
375.056258	-0.0001435
375.079186	-0.0003233
375.102115	0.0010234
375.125045	-0.0020738
375.147975	0.0008802
375.170906	-0.0005598
375.193838	0.0014253
375.216771	-0.0026449
375.239704	-0.0012588
375.262638	0.0003165
375.285573	-0.0008405
375.308508	0.0009091
375.331444	0.0002634
375.354381	-0.0012535
375.377318	0.0013211
375.400257	0.0009144
375.423195	0.0018061
375.446135	0.0008764
375.469075	-0.0000522
375.492016	0.0003591
375.514958	-0.0012957
375.537900	0.0000490
375.560844	0.0005507
375.583787	-0.0011124
375.606732	0.0025669
375.629677	-0.0006898
375.652623	0.0005540
375.675570	-0.0002549
375.698517	0.0005699
375.721465	0.0010521
375.744414	0.0002825
375.767363	0.0005535
375.790313	-0.0012305
375.813264	0.0005836
375.836216	-0.0002890
375.859168	0.0002769
375.882121	-0.0010963
375.905074	0.0009867
375.928029	0.0009263
375.950984	-0.0005363
375.973939	-0.0007286
375.996896	0.0021678
376.019853	-0.0002263
376.042811	-0.0011470
376.065769	0.0010694
376.088729	-0.0002422
376.111689	0.0004806
376.134649	-0.0005140
376.157611	-0.0001721
376.180573	0.0003920
376.203535	0.0016640
376.226499	0.0003729
376.249463	-0.0009049
376.272428	-0.0003164
376.295394	-0.0013547
376.318360	-0.0000025
376.341327	0.0015945
376.364295	0.0003343
376.387263	0.0012310
376.410232	-0.0000991
376.433202	0.0014213
376.456172	0.0013084
376.479143	-0.0004559
376.502115	0.0002601
376.525088	0.0003371
376.548061	-0.0011377
376.571035	-0.0016440
376.594010	-0.0008666
376.616985	-0.0015826
376.639962	0.0011077
376.662938	-0.0001737
376.685916	-0.0000774
376.708894	0.0004050
376.731873	0.0024138
376.754853	0.0016272
376.777833	0.0015343
376.800814	0.0004609
376.823796	-0.0001074
376.846778	0.0023384
376.869761	-0.0016965
376.892745	-0.0007763
376.915730	0.0030073
376.938715	-0.0017012
376.961701	0.0010943
376.984688	0.0010821
377.007675	0.0014539
377.030663	0.0002878
377.053652	0.0002448
377.076641	0.0012335
377.099631	0.0002218
377.122622	-0.0002451
377.145614	-0.0011418
377.168606	0.0020027
377.191599	-0.0000102
377.214593	0.0006976
377.237587	0.0002673
377.260582	0.0009019
377.283578	-0.0002491
377.306574	-0.0004972
377.329572	-0.0011643
377.352569	0.0003451
377.375568	-0.0001653
377.398567	-0.0012172
377.421567	-0.0001206
377.444568	0.0015054
377.467569	-0.0016945
377.490571	-0.0012879
377.513574	0.0026977
377.536578	0.0012330
377.559582	-0.0013842
377.582587	0.0000556
377.605593	0.0009967
377.628599	-0.0010385
377.651606	0.0006946
377.674614	-0.0003624
377.697622	0.0000125
377.720631	0.0008146
377.743641	-0.0003724
377.766651	-0.0001044
377.789663	0.0000481
377.812675	-0.0020262
377.835687	0.0002799
377.858701	-0.0009443
377.881715	0.0008919
377.904729	-0.0013440
377.927745	0.0003144
377.950761	-0.0015542
377.973778	-0.0007853
377.996795	-0.0003284
378.019814	0.0001842
378.042833	-0.0002662
378.065852	0.0007724
378.088873	0.0008480
378.111894	0.0010072
378.134915	-0.0007623
378.157938	-0.0006295
378.180961	-0.0001257
378.203985	0.0002660
378.227010	0.0003930
378.250035	0.0002291
378.273061	0.0005738
378.296088	-0.0004524
378.319115	-0.0012034
378.342143	0.0008870
378.365172	-0.0002591
378.388201	-0.0008302
378.411232	0.0020964
378.434262	-0.0014494
378.457294	-0.0012514
378.480326	0.0002244
378.503359	-0.0010376
378.526393	-0.0025008
378.549427	0.0003609
378.572463	0.0014142
378.595498	-0.0010470
378.618535	0.0009139
378.641572	0.0003647
378.664610	-0.0007495
378.687649	0.0011982
378.710688	-0.0019538
378.733728	-0.0015115
378.756769	0.0015465
378.779810	-0.0018848
378.802852	0.0007050
378.825895	-0.0005346
378.848939	-0.0002990
378.871983	0.0008182
378.895028	-0.0003469
378.918074	0.0004037
378.941120	-0.0000833
378.964167	-0.0003565
378.987215	0.0012142
379.010263	-0.0005897
379.033312	-0.0014313
379.056362	-0.0018354
379.079413	-0.0011396
379.102464	-0.0006948
379.125516	0.0004388
379.148569	-0.0018504
379.171622	0.0005868
379.194676	0.0002628
379.217731	0.0015313
379.240786	0.0016013
379.263843	0.0004944
379.286900	-0.0004870
379.309957	-0.0008930
379.333015	-0.0001243
379.356074	-0.0007826
379.379134	-0.0010447
379.402194	0.0015923
379.425256	0.0014999
379.448317	0.0008248
379.471380	-0.0004144
379.494443	-0.0011792
379.517507	0.0004071
379.540572	-0.0003935
379.563637	-0.0005128
379.586703	-0.0001960
379.609770	-0.0008381
379.632837	-0.0011809
379.655905	-0.0013692
379.678974	-0.0016464
379.702044	-0.0005777
379.725114	-0.0009334
379.748185	0.0007947
379.771256	0.0007175
379.794329	-0.0009174
379.817402	-0.0016145
379.840476	-0.0004624
379.863550	0.0004168
379.886625	-0.0010758
379.909701	0.0002530
379.932778	0.0002909
379.955855	-0.0001199
379.978933	0.0008767
380.002011	0.0003513
380.025091	-0.0023125
380.048171	-0.0006420
380.071252	-0.0014272
380.094333	0.0007081
380.117415	-0.0018155
380.140498	0.0017180
380.163582	0.0007672
380.186666	-0.0003337
380.209751	-0.0005096
380.232837	0.0019039
380.255923	-0.0001729
380.279010	-0.0000133
380.302098	0.0000837
380.325186	0.0020076
380.348276	0.0002656
380.371366	0.0013271
380.394456	0.0010251
380.417547	-0.0001596
380.440639	0.0001983
380.463732	-0.0003581
380.486826	0.0025643
380.509920	0.0002732
380.533015	0.0002820
380.556110	-0.0000254
380.579206	-0.0015562
380.602303	0.0004246
380.625401	0.0033028
380.648499	-0.0023494
380.671598	-0.0013947
380.694698	0.0001388
380.717798	-0.0003161
380.740900	0.0013526
380.764001	0.0000677
380.787104	0.0019334
380.810207	-0.0002823
380.833311	-0.0014912
380.856416	0.0010463
380.879521	-0.0002756
380.902627	0.0004861
380.925734	-0.0008252
380.948841	-0.0009902
380.971950	-0.0001823
380.995058	0.0013554
381.018168	-0.0015923
381.041278	0.0019702
381.064389	-0.0012544
381.087501	0.0007179
381.110613	-0.0006183
381.133726	0.0011261
381.156840	0.0014353
381.179955	-0.0004582
381.203070	0.0009058
381.226186	-0.0012809
381.249302	0.0000372
381.272420	0.0002968
381.295538	0.0001313
381.318656	0.0001352
381.341776	-0.0002854
381.364896	-0.0001802
381.388017	-0.0000704
381.411138	0.0014377
381.434260	-0.0002745
381.457383	0.0003320
381.480507	0.0004070
381.503631	0.0008296
381.526756	-0.0012022
381.549882	0.0005617
381.573008	-0.0018050
381.596136	0.0015559
381.619263	-0.0002525
381.642392	-0.0016478
381.665521	-0.0003553
381.688651	-0.0001161
381.711782	-0.0017238
381.734913	-0.0001960
381.758045	0.0008878
381.781178	0.0001710
381.804311	-0.0002457
381.827445	-0.0001663
381.850580	0.0002207
381.873716	0.0009924
381.896852	0.0013725
381.919989	-0.0006086
381.943127	0.0002876
381.966265	0.0001120
381.989404	0.0011922
382.012544	-0.0005462
382.035684	0.0000436
382.058826	0.0003809
382.081967	-0.0017907
382.105110	-0.0001304
382.128253	0.0013313
382.151397	-0.0011235
382.174542	-0.0008864
382.197687	-0.0005014
382.220833	0.0001736
382.243980	-0.0014470
382.267128	0.0017809
382.290276	-0.0005845
382.313425	0.0005975
382.336574	-0.0007660
382.359725	0.0000182
382.382876	0.0016512
382.406028	-0.0007615
382.429180	-0.0003677
382.452333	0.0004445
382.475487	-0.0008435
382.498641	0.0000721
382.521797	0.0010915
382.544953	0.0016337
382.568109	0.0000321
382.591267	-0.0016043
382.614425	0.0006266
382.637583	0.0003928
382.660743	0.0003910
382.683903	0.0000863
382.707064	-0.0007000
382.730225	0.0012282
382.753387	0.0005988
382.776550	-0.0011006
382.799714	0.0006644
382.822878	-0.0005154
382.846044	0.0003104
382.869209	0.0004569
382.892376	0.0002476
382.915543	0.0007155
382.938711	0.0011907
382.961879	-0.0003370
382.985049	-0.0007130
383.008219	0.0009027
383.031389	-0.0004242
383.054561	0.0001174
383.077733	-0.0000641
383.100906	0.0024819
383.124079	-0.0009258
383.147253	0.0007005
383.170428	0.0010904
383.193604	-0.0024795
383.216780	0.0010608
383.239957	-0.0006149
383.263135	-0.0004141
383.286313	0.0007013
383.309492	0.0003829
383.332672	-0.0015087
383.355853	0.0011410
383.379034	0.0006695
383.402216	-0.0014196
383.425398	0.0007641
383.448582	-0.0004684
383.471766	0.0003102
383.494950	-0.0017135
383.518136	-0.0005981
383.541322	0.0000659
383.564509	-0.0010137
383.587696	-0.0002152
383.610884	-0.0008131
383.634073	-0.0008859
383.657263	-0.0006486
383.680453	-0.0008998
383.703644	0.0000224
383.726836	-0.0000958
383.750029	-0.0015824
383.773222	-0.0017570
383.796416	0.0031027
383.819610	-0.0001020
383.842806	0.0017481
383.866001	-0.0011133
383.889198	-0.0002650
383.912396	0.0017860
383.935594	-0.0000660
383.958792	0.0013501
383.981992	-0.0006789
384.005192	-0.0007490
384.028393	0.0003896
384.051594	-0.0005165
384.074797	-0.0005331
384.098000	-0.0015349
384.121203	-0.0018981
384.144408	0.0009300
384.167613	-0.0007065
384.190819	-0.0003676
384.214025	-0.0009413
384.237232	-0.0013841
384.260440	0.0007855
384.283649	-0.0005799
384.306858	0.0005377
384.330068	0.0003991
384.353279	-0.0001431
384.376490	0.0002022
384.399702	-0.0017385
384.422915	0.0003219
384.446129	0.0003445
384.469343	0.0001472
384.492558	-0.0005186
384.515774	-0.0004447
384.538990	0.0008280
384.562207	0.0003291
384.585425	-0.0001520
384.608643	0.0014971
384.631862	0.0003029
384.655082	0.0002348
384.678303	0.0008165
384.701524	-0.0006068
384.724746	-0.0001889
384.747969	-0.0005229
384.771192	0.0009408
384.794416	0.0001699
384.817641	-0.0005758
384.840866	0.0008642
384.864092	-0.0005442
384.887319	0.0004434
384.910547	0.0004059
384.933775	-0.0000861
384.957004	0.0012389
384.980234	-0.0000614
385.003464	0.0000411
385.026695	-0.0009635
385.049927	-0.0002233
385.073160	0.0004545
385.096393	0.0003754
385.119627	-0.0002364
385.142861	-0.0006521
385.166096	-0.0010571
385.189332	0.0016132
385.212569	0.0001996
385.235807	-0.0005399
385.259045	0.0015557
385.282284	0.0006656
385.305523	0.0006564
385.328763	0.0004343
385.352004	0.0002145
385.375246	0.0002688
385.398488	-0.0021748
385.421731	0.0020095
385.444975	-0.0013675
385.468219	0.0003439
385.491464	-0.0008924
385.514710	0.0001415
385.537957	-0.0011654
385.561204	-0.0003939
385.584452	0.0001434
385.607701	0.0006707
385.630950	0.0001261
385.654200	0.0005032
385.677451	-0.0003645
385.700702	0.0008813
385.723954	-0.0003356
385.747207	0.0001815
385.770461	0.0007328
385.793715	-0.0013457
385.816970	-0.0007108
385.840226	0.0018855
385.863482	0.0001729
385.886739	-0.0003607
385.909997	-0.0020181
385.933255	-0.0000405
385.956515	-0.0002489
385.979774	-0.0001409
386.003035	-0.0009994
386.026296	0.0027109
386.049558	0.0009130
386.072821	0.0002981
386.096084	0.0006526
386.119348	0.0007291
386.142613	-0.0014115
386.165879	-0.0012233
386.189145	-0.0008312
386.212412	-0.0005002
386.235679	-0.0002880
386.258948	-0.0018003
386.282217	0.0017290
386.305487	-0.0016470
386.328757	-0.0001947
386.352028	-0.0016130
386.375300	0.0001407
386.398572	-0.0006580
386.421846	0.0005537
386.445120	-0.0011904
386.468394	0.0006336
386.491670	0.0004942
386.514946	0.0012516
386.538222	-0.0007267
386.561500	-0.0004726
386.584778	0.0012140
386.608057	-0.0004350
386.631336	-0.0010017
386.654617	-0.0016025
386.677898	0.0007218
386.701179	0.0015789
386.724462	-0.0011837
386.747745	0.0011079
386.771028	-0.0008668
386.794313	-0.0014628
386.817598	-0.0014750
386.840884	-0.0006968
386.864170	0.0002593
386.887458	-0.0001793
386.910746	-0.0017321
386.934034	-0.0016269
386.957324	-0.0012018
386.980614	0.0008033
387.003905	0.0011066
387.027196	0.0008975
387.050488	0.0001001
387.073781	-0.0020067
387.097075	-0.0016336
387.120369	-0.0013980
387.143664	0.0000602
387.166960	-0.0008066
387.190256	0.0006450
387.213553	-0.0010542
387.236851	0.0003465
387.260150	0.0004850
387.283449	-0.0001963
387.306749	0.0018505
387.330049	0.0013899
387.353351	-0.0002786
387.376653	-0.0007404
387.399956	-0.0010023
387.423259	0.0005029
387.446563	0.0006168
387.469868	-0.0009505
387.493173	-0.0021128
387.516480	0.0005062
387.539787	0.0001128
387.563094	-0.0007075
387.586403	-0.0004124
387.609712	-0.0000817
387.633021	0.0006620
387.656332	0.0000827
387.679643	-0.0012965
387.702955	0.0003792
387.726267	0.0000693
387.749581	0.0003862
387.772895	0.0000447
387.796209	0.0001266
387.819525	0.0009836
387.842841	-0.0000021
387.866158	-0.0009074
387.889475	0.0020755
387.912793	-0.0005250
387.936112	-0.0006434
387.959432	-0.0008377
387.982752	-0.0005100
388.006073	0.0012416
388.029395	-0.0003706
388.052717	-0.0007102
388.076040	-0.0005900
388.099364	-0.0001854
388.122688	-0.0004188
388.146014	0.0000351
388.169340	-0.0013148
388.192666	-0.0001422
388.215994	-0.0001891
388.239322	-0.0000173
388.262650	-0.0019071
388.285980	0.0011042
388.309310	0.0001231
388.332641	-0.0020628
388.355972	0.0002354
388.379304	-0.0011106
388.402637	-0.0007573
388.425971	0.0004215
388.449305	0.0003775
388.472640	0.0015691
388.495976	-0.0002825
388.519313	0.0013380
388.542650	-0.0004408
388.565987	0.0010302
388.589326	0.0006188
388.612665	0.0004124
388.636005	-0.0001432
388.659346	0.0010750
388.682687	0.0003891
388.706029	0.0011513
388.729372	0.0014133
388.752716	0.0009285
388.776060	-0.0006979
388.799405	0.0009026
388.822750	0.0003469
388.846096	0.0003408
388.869443	0.0020048
388.892791	-0.0017082
388.916140	0.0003556
388.939489	0.0002017
388.962838	-0.0001941
388.986189	-0.0009710
389.009540	-0.0012039
389.032892	-0.0011285
389.056245	-0.0002857
389.079598	-0.0005212
389.102952	-0.0010545
389.126307	-0.0018057
389.149662	0.0000391
389.173018	-0.0011112
389.196375	-0.0003452
389.219732	-0.0002555
389.243091	-0.0007013
389.266450	0.0001180
389.289809	0.0007217
389.313170	0.0009530
389.336531	0.0000130
389.359892	-0.0018374
389.383255	-0.0027672
389.406618	0.0006324
389.429982	0.0000121
389.453346	0.0006991
389.476711	-0.0009257
389.500077	-0.0010299
389.523444	-0.0006258
389.546811	-0.0005852
389.570179	-0.0013093
389.593548	0.0008225
389.616918	-0.0003067
389.640288	0.0015356
389.663659	0.0007385
389.687030	0.0020928
389.710403	0.0010424
389.733775	-0.0005907
389.757149	0.0001969
389.780524	-0.0007093
389.803899	-0.0002147
389.827274	-0.0004291
389.850651	0.0010903
389.874028	-0.0001362
389.897406	-0.0006777
389.920785	-0.0007570
389.944164	-0.0000058
389.967544	-0.0002012
389.990925	-0.0010097
390.014306	-0.0012201
390.037688	-0.0013374
390.061071	-0.0013470
390.084454	0.0001259
390.107839	-0.0011619
390.131223	-0.0010362
390.154609	0.0005514
390.177995	0.0014773
390.201382	0.0004213
390.224770	0.0004872
390.248159	0.0016388
390.271548	-0.0013271
390.294937	-0.0004551
390.318328	0.0002950
390.341719	-0.0007523
390.365111	0.0002964
390.388504	-0.0014472
390.411897	-0.0012332
390.435291	0.0014240
390.458686	0.0011242
390.482081	0.0010297
390.505478	-0.0000590
390.528874	-0.0011144
390.552272	-0.0017041
390.575670	-0.0009166
390.599069	-0.0009299
390.622469	-0.0014268
390.645869	0.0000625
390.669270	-0.0009941
390.692672	0.0008259
390.716074	0.0009957
390.739478	-0.0001450
390.762882	0.0011182
390.786286	-0.0006027
390.809691	-0.0002066
390.833097	-0.0008651
390.856504	-0.0009268
390.879911	0.0001715
390.903320	-0.0004741
390.926728	-0.0003545
390.950138	0.0006435
390.973548	-0.0007905
390.996959	0.0005692
391.020370	-0.0010708
391.043783	-0.0013755
391.067196	-0.0000579
391.090609	0.0007480
391.114024	0.0012315
391.137439	-0.0009355
391.160855	-0.0000495
391.184271	-0.0001773
391.207689	0.0020459
391.231106	0.0001598
391.254525	-0.0001789
391.277944	0.0023128
391.301364	0.0005591
391.324785	0.0016896
391.348207	-0.0008643
391.371629	0.0019504
391.395052	0.0011653
391.418475	0.0020228
391.441899	-0.0004545
391.465324	0.0009376
391.488750	-0.0004847
391.512176	0.0019669
391.535603	-0.0008971
391.559031	-0.0011374
391.582460	0.0002901
391.605889	0.0004201
391.629319	-0.0008735
391.652749	-0.0013161
391.676180	-0.0010070
391.699612	0.0005974
391.723045	-0.0006449
391.746478	-0.0002872
391.769913	-0.0002958
391.793347	0.0001034
391.816783	0.0006827
391.840219	0.0006935
391.863656	0.0027377
391.887093	-0.0007728
391.910532	0.0006452
391.933971	0.0005172
391.957410	0.0003168
391.980851	0.0003959
392.004292	0.0006166
392.027734	0.0001172
392.051176	-0.0004069
392.074619	-0.0004212
392.098063	0.0010427
392.121508	-0.0009113
392.144953	-0.0008685
392.168399	-0.0002802
392.191846	0.0004160
392.215294	0.0013985
392.238742	-0.0008187
392.262190	-0.0003400
392.285640	-0.0000841
392.309090	0.0004898
392.332541	0.0011419
392.355993	-0.0003499
392.379445	-0.0003775
392.402898	-0.0000602
392.426352	0.0009865
392.449806	0.0002393
392.473262	0.0010345
392.496717	0.0000801
392.520174	0.0003994
392.543631	0.0012807
392.567089	-0.0001163
392.590548	-0.0006904
392.614007	-0.0013310
392.637467	-0.0008715
392.660928	0.0007643
392.684389	0.0004125
392.707852	-0.0009210
392.731315	-0.0003356
392.754778	-0.0012746
392.778242	-0.0004609
392.801707	-0.0006242
392.825173	0.0000001
392.848639	0.0002757
392.872107	-0.0001909
392.895574	0.0011105
392.919043	0.0019838
392.942512	0.0003450
392.965982	-0.0003454
392.989453	-0.0019133
393.012924	0.0004962
393.036396	0.0011689
393.059869	0.0002464
393.083342	0.0003511
393.106816	0.0005215
393.130291	-0.0008248
393.153766	-0.0003907
393.177243	0.0006206
393.200720	-0.0013051
393.224197	0.0009430
393.247676	0.0007312
393.271155	-0.0004644
393.294634	-0.0001044
393.318115	-0.0014108
393.341596	-0.0003125
393.365078	-0.0007203
393.388560	-0.0001863
393.412043	0.0003226
393.435527	-0.0003285
393.459012	0.0003953
393.482497	0.0005376
393.505983	-0.0002716
393.529470	-0.0008730
393.552958	0.0007044
393.576446	-0.0010690
393.599935	-0.0000313
393.623424	-0.0000792
393.646915	-0.0001682
393.670406	-0.0010359
393.693897	-0.0004324
393.717390	0.0019087
393.740883	-0.0003001
393.764376	-0.0012807
393.787871	-0.0006746
393.811366	0.0005851
393.834862	-0.0008167
393.858359	0.0000474
393.881856	0.0016714
393.905354	-0.0007358
393.928853	-0.0007247
393.952352	-0.0009974
393.975852	0.0004577
393.999353	0.0018050
394.022854	0.0016522
394.046357	-0.0003682
394.069860	0.0004590
394.093363	0.0016936
394.116867	-0.0010214
394.140372	0.0003948
394.163878	0.0011421
394.187385	0.0004193
394.210892	0.0004759
394.234400	-0.0002810
394.257908	-0.0027941
394.281417	0.0000628
394.304927	0.0017078
394.328438	-0.0006085
394.351949	-0.0007345
394.375461	-0.0010774
394.398974	-0.0005619
394.422487	-0.0016530
394.446002	0.0012297
394.469517	-0.0025003
394.493032	0.0002397
394.516548	-0.0008197
394.540065	0.0010691
394.563583	-0.0013401
394.587101	-0.0008356
394.610620	-0.0003906
394.634140	-0.0007398
394.657661	0.0008537
394.681182	-0.0008813
394.704704	0.0003792
394.728226	-0.0024397
394.751750	-0.0022967
394.775274	0.0012155
394.798798	0.0019288
394.822324	-0.0005899
394.845850	-0.0004544
394.869376	0.0000478
394.892904	0.0012778
394.916432	0.0001092
394.939961	0.0002825
394.963491	-0.0006583
394.987021	0.0002255
395.010552	-0.0017494
395.034084	0.0008751
395.057616	0.0019060
395.081149	-0.0000726
395.104683	0.0010158
395.128218	0.0004108
395.151753	0.0005518
395.175289	-0.0001770
395.198825	-0.0001794
395.222363	-0.0000471
395.245901	-0.0003882
395.269439	-0.0009220
395.292979	-0.0005709
395.316519	-0.0011405
395.340060	-0.0002139
395.363601	0.0020822
395.387144	-0.0013512
395.410687	-0.0009778
395.434230	-0.0001551
395.457775	0.0008715
395.481320	-0.0001975
395.504865	-0.0013154
395.528412	-0.0008854
395.551959	-0.0002653
395.575507	-0.0014188
395.599055	0.0008233
395.622605	0.0008142
395.646155	-0.0011498
395.669705	-0.0019495
395.693257	-0.0009993
395.716809	-0.0003880
395.740362	0.0003710
395.763915	0.0014656
395.787469	-0.0008242
395.811024	0.0000291
395.834580	-0.0001095
395.858136	-0.0015144
395.881693	-0.0000498
395.905251	0.0014952
395.928809	0.0007287
395.952368	-0.0001067
395.975928	-0.0001024
395.999489	0.0003371
396.023050	-0.0007481
396.046612	-0.0015864
396.070174	-0.0010591
396.093738	0.0005562
396.117302	0.0002842
396.140866	-0.0001257
396.164432	-0.0003353
396.187998	0.0016526
396.211565	0.0005998
396.235132	0.0000850
396.258701	0.0008515
396.282270	-0.0002895
396.305839	-0.0014973
396.329410	0.0001881
396.352981	-0.0009422
396.376552	-0.0002799
396.400125	0.0003650
396.423698	-0.0001546
396.447272	0.0016585
396.470846	-0.0006501
396.494422	0.0003228
396.517998	-0.0010554
396.541574	-0.0006786
396.565152	-0.0001476
396.588730	-0.0009780
396.612308	0.0001213
396.635888	-0.0000363
396.659468	0.0015194
396.683049	0.0000763
396.706631	0.0005822
396.730213	0.0017167
396.753796	0.0010533
396.777380	0.0007602
396.800964	-0.0014094
396.824549	0.0006000
396.848135	0.0003980
396.871721	0.0001765
396.895308	0.0001811
396.918896	-0.0005691
396.942485	0.0002883
396.966074	-0.0003697
396.989664	0.0009046
397.013255	-0.0003140
397.036846	0.0001680
397.060439	-0.0012465
397.084031	-0.0003356
397.107625	0.0001864
397.131219	-0.0005416
397.154814	0.0016250
397.178410	0.0007304
397.202006	-0.0000163
397.225603	0.0007101
397.249201	-0.0019974
397.272799	0.0003457
397.296398	-0.0010170
397.319998	-0.0003422
397.343599	-0.0006307
397.367200	-0.0002384
397.390802	-0.0010081
397.414405	-0.0007448
397.438008	0.0003169
397.461612	-0.0017676
397.485217	-0.0002529
397.508822	0.0005448
397.532428	0.0008347
397.556035	0.0003801
397.579643	-0.0004006
397.603251	0.0002633
397.626860	0.0010227
397.650470	-0.0002144
397.674080	-0.0006319
397.697691	0.0018120
397.721303	0.0000341
397.744916	0.0011344
397.768529	0.0002795
397.792143	-0.0006295
397.815757	0.0004863
397.839372	0.0000325
397.862988	-0.0012108
397.886605	0.0013037
397.910223	-0.0001764
397.933841	-0.0009329
397.957459	0.0014967
397.981079	0.0015448
398.004699	0.0014819
398.028320	-0.0001229
398.051942	0.0007955
398.075564	0.0022295
398.099187	-0.0011668
398.122811	0.0001710
398.146435	-0.0002509
398.170060	-0.0007004
398.193686	0.0011754
398.217313	0.0009118
398.240940	0.0002481
398.264568	-0.0004184
398.288197	0.0007547
398.311826	-0.0023218
398.335456	-0.0014534
398.359087	0.0002227
398.382718	0.0018505
398.406350	-0.0001422
398.429983	0.0005907
398.453617	0.0004621
398.477251	-0.0009640
398.500886	0.0008949
398.524522	0.0012366
398.548158	0.0003448
398.571795	0.0004484
398.595433	0.0009249
398.619071	-0.0007023
398.642710	0.0007902
398.666350	0.0011696
398.689991	0.0000956
398.713632	0.0006489
398.737274	-0.0011105
398.760917	0.0004404
398.784560	-0.0019490
398.808204	-0.0028356
398.831849	-0.0015625
398.855495	-0.0004121
398.879141	0.0011408
398.902788	0.0024255
398.926435	-0.0008719
398.950084	0.0004189
398.973733	-0.0008132
398.997382	-0.0015612
399.021033	0.0008724
399.044684	0.0017218
399.068336	0.0009818
399.091988	-0.0003317
399.115642	-0.0007105
399.139296	0.0007935
399.162950	0.0002011
399.186605	-0.0012096
399.210262	0.0007261
399.233918	0.0008158
399.257576	0.0019747
399.281234	-0.0000261
399.304893	0.0003430
399.328552	-0.0004386
399.352212	0.0016904
399.375873	0.0009181
399.399535	-0.0008372
399.423197	0.0002921
399.446860	-0.0002596
399.470524	0.0005984
399.494189	0.0004510
399.517854	0.0007343
399.541520	-0.0002657
399.565186	0.0005994
399.588854	0.0001216
399.612522	0.0006899
399.636190	0.0006256
399.659860	0.0005208
399.683530	-0.0006514
399.707201	0.0006731
399.730872	0.0001418
399.754544	-0.0011505
399.778217	0.0008106
399.801891	0.0016548
399.825565	0.0008075
399.849240	-0.0007203
399.872916	0.0016780
399.896592	-0.0005388
399.920269	0.0013410
399.943947	0.0007103
399.967626	0.0001474
399.991305	0.0004780
400.014985	0.0007504
400.038665	-0.0007133
400.062347	-0.0007324
400.086029	0.0005953
400.109711	-0.0010739
400.133395	-0.0007913
400.157079	-0.0017325
400.180764	0.0003890
400.204449	0.0007181
400.228136	0.0005476
400.251822	-0.0012900
400.275510	0.0000696
400.299198	-0.0002661
400.322887	0.0004901
400.346577	0.0015425
400.370268	0.0000508
400.393959	-0.0000159
400.417651	-0.0003809
400.441343	0.0005240
400.465037	-0.0001505
400.488731	0.0001782
400.512425	0.0004996
400.536121	0.0009365
400.559817	0.0014018
400.583513	0.0012896
400.607211	-0.0007875
400.630909	0.0010017
400.654608	-0.0001256
400.678308	0.0017772
400.702008	0.0005523
400.725709	-0.0014154
400.749410	0.0009641
400.773113	-0.0002777
400.796816	0.0006655
400.820520	0.0003807
400.844224	0.0015936
400.867929	-0.0008004
400.891635	-0.0012834
400.915342	0.0013581
400.939049	0.0016920
400.962757	0.0012039
400.986466	-0.0000104
401.010175	0.0016597
401.033886	-0.0011506
401.057596	0.0006804
401.081308	0.0008448
401.105020	0.0003113
401.128733	0.0020830
401.152447	-0.0002493
401.176161	0.0002863
401.199876	-0.0006930
401.223592	-0.0010474
401.247308	-0.0012985
401.271025	-0.0005222
401.294743	0.0014926
401.318462	0.0001584
401.342181	-0.0010438
401.365901	-0.0003666
401.389622	-0.0002081
401.413343	-0.0008743
401.437065	0.0008321
401.460788	-0.0007677
401.484511	-0.0006974
401.508236	0.0021599
401.531960	0.0028923
401.555686	0.0010499
401.579412	0.0006203
401.603139	-0.0000282
401.626867	-0.0014086
401.650595	-0.0004686
401.674324	0.0009565
401.698054	0.0008673
401.721785	-0.0012978
401.745516	-0.0016461
401.769248	-0.0003989
401.792980	0.0000652
401.816714	-0.0002956
401.840448	0.0004675
401.864182	0.0005458
401.887918	-0.0008607
401.911654	0.0003683
401.935391	-0.0005582
401.959128	-0.0003599
401.982866	-0.0003412
402.006605	-0.0003030
402.030345	-0.0011061
402.054085	0.0009995
402.077826	0.0002334
402.101568	0.0002133
402.125310	-0.0000644
402.149054	0.0009889
402.172797	-0.0006120
402.196542	-0.0005077
402.220287	0.0002846
402.244033	-0.0003135
402.267780	-0.0002881
402.291527	-0.0009009
402.315275	0.0009188
402.339024	-0.0008897
402.362773	-0.0004434
402.386524	-0.0013749
402.410274	0.0014946
402.434026	0.0019402
402.457778	-0.0008007
402.481531	0.0004124
402.505285	0.0003614
402.529039	-0.0008530
402.552794	0.0000450
402.576550	0.0011826
402.600307	0.0013426
402.624064	-0.0011044
402.647822	-0.0003258
402.671580	0.0005192
402.695339	0.0010242
402.719099	-0.0020836
402.742860	0.0002683
402.766622	-0.0010114
402.790384	-0.0002337
402.814146	-0.0021183
402.837910	0.0008686
402.861674	0.0004420
402.885439	-0.0007954
402.909205	0.0001880
402.932971	0.0001878
402.956738	-0.0002000
402.980506	-0.0006761
403.004274	-0.0010179
403.028043	0.0003278
403.051813	0.0000194
403.075584	-0.0000904
403.099355	0.0009255
403.123127	-0.0008965
403.146899	-0.0007350
403.170673	-0.0004676
403.194447	-0.0000539
403.218222	0.0006682
403.241997	0.0005507
403.265773	-0.0012599
403.289550	-0.0027617
403.313328	0.0000723
403.337106	0.0007344
403.360885	-0.0003138
403.384664	-0.0013184
403.408445	0.0007987
403.432226	-0.0004528
403.456008	-0.0016650
403.479790	0.0022085
403.503573	0.0002999
403.527357	0.0010256
403.551142	0.0010239
403.574927	0.0006561
403.598713	-0.0008433
403.622500	0.0005821
403.646287	-0.0001136
403.670075	0.0004714
403.693864	-0.0013004
403.717653	0.0010806
403.741444	-0.0003930
403.765234	-0.0002223
403.789026	-0.0008809
403.812818	-0.0001055
403.836611	-0.0005846
403.860405	-0.0008672
403.884200	0.0006972
403.907995	-0.0000636
403.931790	-0.0013989
403.955587	0.0010567
403.979384	0.0015001
404.003182	0.0018363
404.026981	-0.0000596
404.050780	-0.0001076
404.074580	0.0017134
404.098381	0.0004767
404.122182	-0.0026161
404.145984	-0.0009092
404.169787	0.0010941
404.193591	-0.0002087
404.217395	-0.0008668
404.241200	0.0021897
404.265006	-0.0019646
404.288812	0.0005945
404.312619	0.0005270
404.336427	0.0014034
404.360235	0.0007200
404.384044	0.0016846
404.407854	-0.0005950
404.431665	0.0023442
404.455476	-0.0014094
404.479288	0.0009397
404.503101	0.0013490
404.526914	0.0001760
404.550728	0.0005598
404.574543	-0.0002803
404.598358	0.0009309
404.622175	-0.0007337
404.645991	-0.0001844
404.669809	-0.0011500
404.693627	-0.0004209
404.717446	-0.0009541
404.741266	-0.0009830
404.765086	-0.0023055
404.788908	-0.0011550
404.812729	0.0002207
404.836552	0.0000056
404.860375	-0.0009409
404.884199	-0.0005661
404.908024	-0.0002447
404.931849	-0.0002380
404.955675	-0.0007008
404.979502	-0.0007470
405.003329	-0.0000026
405.027157	0.0010127
405.050986	-0.0004462
405.074816	0.0005761
405.098646	0.0013747
405.122477	0.0020106
405.146308	-0.0003481
405.170141	0.0014001
405.193974	-0.0003891
405.217807	0.0002970
405.241642	0.0003774
405.265477	0.0004400
405.289313	0.0004482
405.313149	0.0018402
405.336987	-0.0007461
405.360825	0.0001946
405.384663	0.0001723
405.408503	-0.0016742
405.432343	-0.0011152
405.456183	-0.0005616
405.480025	-0.0012485
405.503867	-0.0009376
405.527710	0.0013308
405.551554	-0.0006022
405.575398	-0.0007390
405.599243	-0.0004873
405.623089	0.0007637
405.646935	0.0003175
405.670782	0.0009700
405.694630	0.0005640
405.718478	-0.0010159
405.742327	0.0003172
405.766177	0.0004117
405.790028	0.0013045
405.813879	-0.0008890
405.837731	0.0008602
405.861584	-0.0013849
405.885437	-0.0000146
405.909292	-0.0010894
405.933146	0.0001931
405.957002	0.0002106
405.980858	0.0023616
406.004715	-0.0008186
406.028573	0.0005287
406.052431	-0.0003113
406.076290	0.0014901
406.100150	0.0009277
406.124010	0.0005390
406.147871	-0.0002277
406.171733	0.0018150
406.195596	-0.0002027
406.219459	0.0003855
406.243323	0.0018519
406.267187	-0.0020847
406.291053	-0.0001076
406.314919	-0.0005211
406.338786	-0.0023747
406.362653	0.0007948
406.386521	0.0007437
406.410390	0.0001160
406.434260	0.0006761
406.458130	0.0001939
406.482001	0.0004676
406.505873	-0.0020264
406.529745	-0.0015299
406.553618	0.0008863
406.577492	0.0001095
406.601366	-0.0003727
406.625242	0.0002571
406.649117	-0.0006155
406.672994	-0.0003515
406.696871	0.0001459
406.720749	0.0002338
406.744628	-0.0009354
406.768507	0.0011382
406.792387	-0.0007009
406.816268	-0.0013198
406.840150	0.0009209
406.864032	0.0017228
406.887915	0.0000500
406.911799	-0.0012796
406.935683	0.0007003
406.959568	0.0009495
406.983454	-0.0000851
407.007340	0.0012785
407.031227	0.0012087
407.055115	-0.0004310
407.079003	-0.0025462
407.102893	0.0000763
407.126783	-0.0005681
407.150673	0.0000032
407.174565	0.0005419
407.198457	0.0000684
407.222349	-0.0005901
407.246243	0.0010923
407.270137	0.0014982
407.294032	0.0001883
407.317927	0.0003282
407.341824	-0.0009054
407.365721	-0.0023201
407.389618	0.0000659
407.413517	-0.0013586
407.437416	0.0002481
407.461316	0.0012524
407.485216	0.0018329
407.509117	-0.0000584
407.533019	-0.0015667
407.556922	-0.0013279
407.580825	-0.0014041
407.604729	0.0007964
407.628634	0.0011411
407.652539	0.0002976
407.676445	-0.0003132
407.700352	0.0004844
407.724259	0.0019367
407.748168	-0.0009617
407.772076	-0.0006771
407.795986	0.0001609
407.819896	0.0005911
407.843807	0.0001231
407.867719	0.0003755
407.891631	-0.0001984
407.915545	0.0002074
407.939458	0.0009745
407.963373	0.0003556
407.987288	0.0008209
408.011204	0.0009888
408.035121	-0.0012061
408.059038	0.0013101
408.082956	0.0006873
408.106875	0.0001858
408.130794	0.0007732
408.154714	0.0004004
408.178635	-0.0004647
408.202557	0.0012370
408.226479	-0.0000447
408.250402	0.0007031
408.274326	-0.0018914
408.298250	0.0002886
408.322175	-0.0020427
408.346101	0.0011823
408.370027	0.0001556
408.393954	-0.0006391
408.417882	0.0004820
408.441811	-0.0000655
408.465740	0.0015576
408.489670	-0.0003071
408.513601	0.0004355
408.537532	-0.0009966
408.561464	-0.0022842
408.585397	0.0023436
408.609330	0.0011760
408.633265	0.0004137
408.657199	0.0006022
408.681135	-0.0000616
408.705071	-0.0006681
408.729008	-0.0005965
408.752946	-0.0000843
408.776884	-0.0006270
408.800824	0.0005091
408.824763	-0.0004021
408.848704	0.0010256
408.872645	-0.0007552
408.896587	-0.0002240
408.920530	-0.0013576
408.944473	0.0006360
408.968417	-0.0009100
408.992362	0.0005149
409.016307	-0.0000356
409.040253	0.0008807
409.064200	-0.0004131
409.088148	0.0000738
409.112096	0.0008010
409.136045	0.0007191
409.159994	0.0005518
409.183945	-0.0007601
409.207896	-0.0007654
409.231848	0.0015091
409.255800	0.0004554
409.279753	0.0002432
409.303707	0.0010758
409.327662	-0.0000849
409.351617	0.0013732
409.375573	-0.0002894
409.399529	0.0013559
409.423487	0.0012095
409.447445	0.0011754
409.471404	-0.0012705
409.495363	0.0003743
409.519323	0.0000292
409.543284	-0.0009037
409.567246	-0.0016785
409.591208	-0.0000594
409.615171	0.0006735
409.639135	0.0000833
409.663099	0.0012038
409.687064	-0.0007764
409.711030	0.0008694
409.734996	0.0003536
409.758964	-0.0023109
409.782932	0.0005718
409.806900	0.0015435
409.830869	0.0004103
409.854839	0.0014267
409.878810	0.0008868
409.902782	-0.0005883
409.926754	0.0001358
409.950727	0.0002324
409.974700	-0.0010813
409.998674	-0.0003243
410.022649	0.0000722
410.046625	-0.0018439
410.070601	-0.0006243
410.094578	0.0001931
410.118556	0.0005538
410.142534	0.0002091
410.166514	-0.0008579
410.190493	0.0001156
410.214474	-0.0011096
410.238455	-0.0006033
410.262437	0.0005706
410.286420	-0.0004062
410.310403	0.0013803
410.334387	0.0011364
410.358372	0.0004610
410.382357	-0.0007858
410.406344	0.0000523
410.430330	0.0017384
410.454318	0.0005957
410.478306	-0.0015487
410.502295	-0.0007745
410.526285	-0.0008722
410.550275	-0.0015432
410.574266	-0.0013400
410.598258	0.0010627
410.622251	-0.0005169
410.646244	-0.0004219
410.670238	-0.0005200
410.694232	-0.0011185
410.718228	0.0007131
410.742224	-0.0010274
410.766220	-0.0013986
410.790218	0.0010337
410.814216	0.0008706
410.838215	0.0002684
410.862214	0.0010722
410.886214	0.0000921
410.910215	0.0001216
410.934217	0.0011556
410.958219	0.0007355
410.982222	0.0007526
411.006226	0.0000840
411.030230	0.0002548
411.054236	-0.0011421
411.078241	-0.0010377
411.102248	0.0007484
411.126255	0.0004734
411.150263	0.0007749
411.174272	-0.0018119
411.198281	0.0008938
411.222291	-0.0003341
411.246302	0.0008068
411.270313	0.0001577
411.294325	-0.0008557
411.318338	0.0001153
411.342352	0.0003259
411.366366	-0.0001113
411.390381	0.0019916
411.414397	0.0009196
411.438413	0.0011034
411.462430	-0.0007638
411.486448	-0.0016941
411.510466	0.0000841
411.534486	-0.0004512
411.558505	-0.0012667
411.582526	-0.0004605
411.606547	-0.0022438
411.630569	0.0001571
411.654592	0.0014124
411.678615	0.0004522
411.702639	0.0000770
411.726664	-0.0000723
411.750690	-0.0010331
411.774716	-0.0007121
411.798743	0.0002797
411.822770	0.0010278
411.846799	0.0002787
411.870828	-0.0011407
411.894858	0.0016500
411.918888	0.0011050
411.942919	0.0001890
411.966951	-0.0001391
411.990983	0.0011419
412.015017	-0.0014602
412.039051	0.0006222
412.063085	-0.0005466
412.087121	0.0004708
412.111157	-0.0000608
412.135193	-0.0008298
412.159231	0.0005272
412.183269	-0.0011650
412.207308	-0.0007345
412.231347	0.0002886
412.255387	0.0009788
412.279428	0.0003580
412.303470	0.0011392
412.327512	0.0006070
412.351556	0.0005392
412.375599	-0.0007413
412.399644	-0.0015371
412.423689	-0.0007307
412.447735	-0.0005968
412.471781	-0.0003031
412.495829	0.0016413
412.519877	-0.0006731
412.543925	0.0003808
412.567975	-0.0003699
412.592025	0.0014548
412.616076	0.0001459
412.640127	-0.0015800
412.664179	0.0001938
412.688232	-0.0008567
412.712286	-0.0000110
412.736340	-0.0008684
412.760395	-0.0015656
412.784451	-0.0026697
412.808507	-0.0001511
412.832564	-0.0004786
412.856622	-0.0012197
412.880681	0.0001671
412.904740	-0.0000380
412.928800	0.0006093
412.952860	-0.0014418
412.976922	-0.0012692
413.000984	0.0004390
413.025046	-0.0005736
413.049110	-0.0006204
413.073174	0.0001526
413.097239	0.0003692
413.121304	-0.0003380
413.145370	0.0010338
413.169437	0.0009365
413.193505	0.0008544
413.217573	-0.0003929
413.241642	-0.0016158
413.265712	-0.0010587
413.289783	0.0021845
413.313854	-0.0005417
413.337926	0.0011599
413.361998	-0.0001204
413.386072	0.0007139
413.410145	0.0014695
413.434220	0.0000544
413.458296	0.0004594
413.482372	-0.0008817
413.506448	0.0004452
413.530526	-0.0010255
413.554604	-0.0008766
413.578683	0.0006272
413.602762	0.0009246
413.626843	0.0009807
413.650924	0.0013080
413.675005	0.0001657
413.699088	-0.0001659
413.723171	-0.0003341
413.747255	-0.0012239
413.771339	-0.0013510
413.795424	-0.0002536
413.819510	-0.0003073
413.843597	-0.0002501
413.867684	-0.0010611
413.891772	0.0010442
413.915861	-0.0006743
413.939950	-0.0016570
413.964040	-0.0001404
413.988131	-0.0002911
414.012223	0.0017123
414.036315	-0.0008688
414.060408	0.0003827
414.084502	0.0003330
414.108596	0.0011450
414.132691	-0.0001744
414.156787	0.0007821
414.180883	0.0004055
414.204980	-0.0002643
414.229078	0.0008873
414.253177	0.0019665
414.277276	-0.0011790
414.301376	0.0004713
414.325477	0.0001605
414.349578	0.0002139
414.373680	-0.0008799
414.397783	-0.0004080
414.421886	0.0002415
414.445990	0.0008144
414.470095	-0.0005468
414.494201	-0.0001149
414.518307	-0.0012510
414.542414	0.0008357
414.566522	0.0019141
414.590630	-0.0002985
414.614739	-0.0002993
414.638849	-0.0007563
414.662960	0.0005322
414.687071	0.0000393
414.711183	0.0014279
414.735295	-0.0001829
414.759408	-0.0005686
414.783522	-0.0009939
414.807637	-0.0015416
414.831753	0.0007727
414.855869	0.0006963
414.879986	0.0001076
414.904103	0.0016128
414.928221	-0.0004930
414.952340	0.0005185
414.976460	-0.0011790
415.000580	0.0010603
415.024701	-0.0005315
415.048823	-0.0002802
415.072945	0.0004304
415.097068	-0.0005361
415.121192	0.0008704
415.145317	0.0007671
415.169442	0.0005137
415.193568	-0.0013174
415.217695	-0.0015723
415.241822	-0.0010631
415.265950	-0.0007722
415.290079	-0.0009277
415.314208	0.0013365
415.338338	-0.0005398
415.362469	-0.0001310
415.386601	0.0006226
415.410733	0.0005537
415.434866	0.0001088
415.459000	-0.0006502
415.483134	-0.0010774
415.507269	-0.0024901
415.531405	0.0010584
415.555541	-0.0004579
415.579679	0.0006795
415.603816	0.0001996
415.627955	-0.0009242
415.652094	0.0005853
415.676234	0.0009744
415.700375	-0.0006301
415.724516	0.0008254
415.748658	-0.0007384
415.772801	-0.0007808
415.796945	0.0006360
415.821089	0.0005410
415.845234	-0.0013334
415.869379	0.0014285
415.893526	-0.0000530
415.917673	-0.0008192
415.941821	-0.0009570
415.965969	-0.0009686
415.990118	0.0009612
416.014268	0.0006720
416.038418	-0.0016881
416.062570	-0.0020811
416.086722	-0.0013227
416.110874	-0.0009066
416.135028	0.0004954
416.159182	0.0002298
416.183336	-0.0001236
416.207492	-0.0000770
416.231648	-0.0028509
416.255805	-0.0009826
416.279962	-0.0007392
416.304121	0.0004163
416.328280	-0.0001939
416.352439	0.0008434
416.376600	0.0000230
416.400761	0.0001628
416.424922	0.0004308
416.449085	0.0001473
416.473248	-0.0007838
416.497412	-0.0000331
416.521576	0.0006555
416.545742	0.0003365
416.569908	0.0007420
416.594074	0.0005353
416.618242	-0.0001624
416.642410	-0.0005590
416.666579	0.0014882
416.690748	0.0006509
416.714918	0.0009886
416.739089	0.0006579
416.763261	0.0007319
416.787433	-0.0008475
416.811606	-0.0015134
416.835780	-0.0004307
416.859954	0.0002738
416.884129	0.0020625
416.908305	0.0006490
416.932482	-0.0003706
416.956659	0.0009359
416.980837	-0.0005234
417.005015	-0.0012737
417.029195	0.0006507
417.053375	0.0004140
417.077556	-0.0002314
417.101737	0.0016142
417.125919	-0.0001357
417.150102	-0.0012770
417.174285	0.0035960
417.198470	-0.0012428
417.222655	0.0021779
417.246840	0.0001096
417.271027	-0.0004887
417.295214	-0.0010448
417.319401	-0.0003071
417.343590	0.0016426
417.367779	-0.0009246
417.391969	-0.0001211
417.416159	-0.0004508
417.440351	0.0000523
417.464543	0.0006330
417.488735	-0.0003186
417.512929	-0.0005001
417.537123	-0.0009878
417.561318	-0.0007540
417.585513	-0.0004157
417.609709	-0.0022072
417.633906	-0.0014409
417.658104	-0.0000409
417.682302	-0.0002974
417.706501	0.0018383
417.730701	0.0009919
417.754901	-0.0008693
417.779102	-0.0001272
417.803304	0.0005463
417.827506	-0.0011881
417.851710	0.0004688
417.875914	0.0008785
417.900118	-0.0008160
417.924324	0.0001338
417.948530	-0.0002541
417.972736	-0.0002687
417.996944	0.0006018
418.021152	-0.0001170
418.045361	0.0001135
418.069570	0.0006897
418.093780	-0.0016173
418.117991	0.0005551
418.142203	0.0009538
418.166415	0.0007393
418.190628	-0.0008782
418.214842	-0.0010719
418.239057	0.0004994
418.263272	-0.0002909
418.287487	0.0010946
418.311704	-0.0000176
418.335921	-0.0002471
418.360139	0.0015575
418.384358	0.0004017
418.408577	-0.0014590
418.432797	0.0000259
418.457018	-0.0011419
418.481240	-0.0006742
418.505462	-0.0002323
418.529685	-0.0014004
418.553908	-0.0000265
418.578132	-0.0006249
418.602357	-0.0011869
418.626583	-0.0000763
418.650810	0.0004610
418.675037	0.0015260
418.699264	-0.0016146
418.723493	0.0008633
418.747722	-0.0005267
418.771952	0.0022563
418.796183	0.0003873
418.820414	-0.0020133
418.844646	0.0008972
418.868879	0.0016264
418.893112	-0.0008920
418.917346	-0.0002901
418.941581	0.0003632
418.965816	0.0014079
418.990053	-0.0001198
419.014290	0.0013084
419.038527	-0.0014674
419.062766	-0.0010615
419.087005	0.0006659
419.111244	0.0009684
419.135485	-0.0002484
419.159726	0.0004138
419.183968	0.0009209
419.208210	0.0011766
419.232453	-0.0002608
419.256697	-0.0002193
419.280942	-0.0008238
419.305187	0.0003618
419.329433	-0.0017502
419.353680	-0.0002889
419.377928	-0.0003917
419.402176	-0.0003945
419.426425	-0.0005631
419.450674	0.0002184
419.474925	-0.0003633
419.499176	-0.0001873
419.523427	0.0013133
419.547680	-0.0001635
419.571933	0.0009228
419.596186	0.0013919
419.620441	-0.0008901
419.644696	-0.0014262
419.668952	-0.0000946
419.693209	0.0023915
419.717466	-0.0019860
419.741724	-0.0009466
419.765983	0.0003254
419.790242	-0.0002969
419.814502	0.0005430
419.838763	-0.0000392
419.863024	-0.0000046
419.887287	0.0005469
419.911549	0.0008161
419.935813	-0.0014453
419.960077	0.0002232
419.984342	0.0014802
420.008608	-0.0015844
420.032875	0.0007301
420.057142	-0.0011402
420.081409	0.0006077
420.105678	-0.0011999
420.129947	-0.0002142
420.154217	-0.0007082
420.178488	0.0003144
420.202759	0.0017387
420.227031	0.0006655
420.251304	0.0005811
420.275577	0.0020889
420.299852	0.0008019
420.324126	-0.0013015
420.348402	0.0009841
420.372678	0.0013813
420.396955	0.0006684
420.421233	-0.0000748
420.445511	0.0008363
420.469790	-0.0004444
420.494070	-0.0000687
420.518350	0.0005249
420.542632	-0.0015321
420.566914	-0.0008155
420.591196	-0.0006770
420.615479	-0.0007907
420.639763	-0.0009641
420.664048	0.0003985
420.688333	0.0003443
420.712620	0.0007773
420.736906	-0.0010962
420.761194	0.0001773
420.785482	0.0002914
420.809771	0.0014421
420.834060	-0.0024324
420.858351	0.0010408
420.882642	0.0018758
420.906933	0.0008582
420.931226	-0.0005476
420.955519	0.0013989
420.979813	0.0001713
421.004107	-0.0012301
421.028403	0.0007744
421.052698	-0.0001980
421.076995	0.0017801
421.101292	0.0006722
421.125590	0.0004942
421.149889	-0.0014981
421.174189	0.0009841
421.198489	0.0003111
421.222790	-0.0003784
421.247091	0.0013958
421.271393	-0.0001150
421.295696	-0.0002334
421.320000	-0.0007439
421.344304	0.0008437
421.368609	-0.0002885
421.392915	0.0001454
421.417222	-0.0005677
421.441529	-0.0008358
421.465837	0.0019247
421.490145	0.0006046
421.514454	0.0012766
421.538764	-0.0008833
421.563075	0.0007245
421.587386	0.0009391
421.611699	0.0003650
421.636011	0.0001011
421.660325	0.0000901
421.684639	0.0006752
421.708954	-0.0003250
421.733269	-0.0019621
421.757586	0.0013864
421.781903	0.0013079
421.806220	-0.0016086
421.830539	0.0004467
421.854858	-0.0007496
421.879178	0.0011241
421.903498	-0.0004982
421.927819	-0.0018257
421.952141	-0.0013661
421.976464	-0.0000674
422.000787	-0.0020508
422.025111	-0.0004844
422.049436	0.0002530
422.073762	-0.0004243
422.098088	-0.0009862
422.122414	0.0014597
422.146742	0.0018339
422.171070	-0.0000484
422.195399	-0.0012231
422.219729	0.0001036
422.244059	-0.0005603
422.268390	-0.0002380
422.292722	0.0010836
422.317054	0.0011805
422.341388	0.0009054
422.365721	-0.0011924
422.390056	-0.0013555
422.414391	-0.0002288
422.438727	0.0013817
422.463064	0.0009799
422.487401	0.0001628
422.511739	-0.0000042
422.536078	0.0000091
422.560417	0.0000277
422.584758	0.0010989
422.609099	-0.0001770
422.633440	-0.0017875
422.657782	-0.0006492
422.682125	-0.0000056
422.706469	0.0014014
422.730813	0.0002598
422.755159	-0.0004855
422.779504	0.0008319
422.803851	-0.0001854
422.828198	-0.0002356
422.852546	0.0016278
422.876895	0.0002940
422.901244	-0.0004671
422.925594	-0.0007311
422.949945	-0.0005914
422.974296	-0.0012923
422.998648	0.0006701
423.023001	0.0016174
423.047354	-0.0018786
423.071709	-0.0005746
423.096064	-0.0006143
423.120419	0.0019163
423.144776	0.0000151
423.169133	-0.0015161
423.193490	0.0007783
423.217849	-0.0004434
423.242208	-0.0020036
423.266568	0.0014188
423.290928	-0.0004704
423.315289	0.0002779
423.339651	0.0002142
423.364014	0.0007629
423.388377	0.0000642
423.412741	-0.0019403
423.437106	-0.0003696
423.461472	-0.0000984
423.485838	-0.0012503
423.510205	-0.0009599
423.534572	-0.0012008
423.558941	0.0014720
423.583310	-0.0013462
423.607679	-0.0009914
423.632050	0.0011304
423.656421	0.0022609
423.680792	-0.0022316
423.705165	0.0001735
423.729538	0.0022096
423.753912	-0.0002399
423.778287	-0.0000856
423.802662	0.0018846
423.827038	0.0000867
423.851415	0.0008863
423.875792	-0.0005646
423.900170	0.0006597
423.924549	-0.0011496
423.948928	0.0002781
423.973309	-0.0005008
423.997690	-0.0005651
424.022071	0.0013101
424.046453	0.0009404
424.070836	0.0002131
424.095220	0.0002407
424.119605	-0.0009151
424.143990	-0.0006461
424.168376	0.0006055
424.192762	-0.0012334
424.217149	-0.0004110
424.241537	-0.0001045
424.265926	-0.0007219
424.290315	0.0007903
424.314705	0.0002735
424.339096	-0.0011435
424.363488	0.0008137
424.387880	-0.0008912
424.412273	-0.0007497
424.436666	0.0003472
424.461060	-0.0001732
424.485455	-0.0004003
424.509851	0.0018809
424.534247	0.0011336
424.558644	0.0001908
424.583042	0.0007167
424.607441	-0.0001271
424.631840	-0.0003713
424.656240	0.0002683
424.680640	0.0005444
424.705042	0.0001908
424.729444	0.0004746
424.753846	-0.0008890
424.778250	0.0012152
424.802654	0.0023163
424.827058	-0.0001907
424.851464	0.0008572
424.875870	0.0003593
424.900277	0.0006951
424.924685	0.0007255
424.949093	0.0012356
424.973502	0.0004415
424.997912	-0.0007630
425.022322	-0.0012441
425.046733	0.0013450
425.071145	-0.0009856
425.095558	0.0012609
425.119971	0.0002327
425.144385	0.0009592
425.168799	0.0011621
425.193215	0.0000203
425.217631	0.0008666
425.242047	-0.0013386
425.266465	0.0002602
425.290883	-0.0000495
425.315302	0.0002313
425.339721	-0.0018722
425.364142	-0.0026587
425.388563	0.0000804
425.412984	0.0000391
425.437407	-0.0011164
425.461830	0.0013681
425.486253	0.0006121
425.510678	-0.0011849
425.535103	0.0001568
425.559529	0.0002350
425.583956	-0.0008109
425.608383	-0.0013161
425.632811	-0.0005904
425.657239	-0.0000200
425.681669	0.0009737
425.706099	-0.0001123
425.730530	-0.0000280
425.754961	-0.0005840
425.779393	0.0013883
425.803826	0.0001754
425.828260	0.0005540
425.852694	-0.0015025
425.877129	0.0003673
425.901565	0.0009178
425.926001	0.0019984
425.950438	-0.0004819
425.974876	-0.0003478
425.999315	0.0007052
426.023754	-0.0014076
426.048194	0.0011634
426.072634	-0.0007832
426.097076	-0.0005104
426.121518	-0.0006146
426.145960	0.0006749
426.170404	-0.0013717
426.194848	-0.0006966
426.219293	-0.0003138
426.243738	0.0005161
426.268185	-0.0015990
426.292632	0.0007736
426.317079	0.0003781
426.341528	-0.0009853
426.365977	-0.0007349
426.390426	-0.0007472
426.414877	0.0007029
426.439328	0.0006097
426.463780	0.0011939
426.488232	0.0007616
426.512686	0.0004109
426.537140	-0.0015303
426.561594	-0.0017421
426.586050	-0.0009693
426.610506	-0.0004627
426.634962	-0.0005877
426.659420	0.0006454
426.683878	0.0001553
426.708337	-0.0002997
426.732797	-0.0018905
426.757257	0.0005030
426.781718	0.0003209
426.806180	-0.0001108
426.830642	0.0012341
426.855105	-0.0004479
426.879569	0.0003637
426.904033	-0.0006243
426.928498	-0.0015558
426.952964	-0.0009039
426.977431	-0.0013544
427.001898	-0.0000745
427.026366	-0.0002475
427.050835	-0.0002427
427.075304	0.0002820
427.099775	0.0011163
427.124245	-0.0018892
427.148717	-0.0018312
427.173189	-0.0000366
427.197662	0.0020514
427.222136	-0.0008327
427.246610	0.0010509
427.271085	0.0010642
427.295561	0.0007587
427.320037	-0.0008485
427.344514	-0.0002461
427.368992	-0.0001180
427.393471	0.0004264
427.417950	0.0004432
427.442430	-0.0006776
427.466911	-0.0006222
427.491392	0.0010465
427.515874	0.0000444
427.540357	0.0006598
427.564840	0.0006934
427.589324	-0.0000410
427.613809	0.0013835
427.638295	-0.0022902
427.662781	-0.0022153
427.687268	-0.0003362
427.711756	-0.0019016
427.736244	0.0010786
427.760733	-0.0011610
427.785223	0.0006107
427.809714	0.0011962
427.834205	-0.0016443
427.858697	0.0006831
427.883189	0.0006862
427.907682	0.0011153
427.932176	-0.0010566
427.956671	0.0009716
427.981167	0.0007565
428.005663	-0.0000364
428.030159	0.0017555
428.054657	0.0009380
428.079155	-0.0004042
428.103654	-0.0017485
428.128154	-0.0008942
428.152654	0.0005010
428.177155	-0.0007585
428.201657	-0.0001352
428.226159	-0.0026587
428.250662	-0.0000549
428.275166	0.0004263
428.299671	-0.0009915
428.324176	0.0003967
428.348682	0.0001910
428.373189	-0.0009493
428.397696	-0.0003812
428.422204	0.0000326
428.446713	-0.0008352
428.471222	-0.0004396
428.495732	-0.0002975
428.520243	0.0010214
428.544755	-0.0003030
428.569267	-0.0000449
428.593780	0.0001746
428.618294	0.0011437
428.642808	0.0002978
428.667323	0.0000780
428.691839	0.0002841
428.716355	0.0005900
428.740872	0.0009083
428.765390	-0.0003700
428.789909	0.0005167
428.814428	-0.0007598
428.838948	-0.0004787
428.863469	0.0006648
428.887990	0.0006140
428.912512	0.0008615
428.937035	-0.0020974
428.961559	0.0006517
428.986083	0.0014359
429.010608	0.0011923
429.035133	0.0009059
429.059660	-0.0004060
429.084187	-0.0006376
429.108714	-0.0006461
429.133243	0.0018743
429.157772	0.0012784
429.182302	0.0017140
429.206832	-0.0001923
429.231364	0.0003708
429.255896	-0.0010161
429.280428	-0.0002888
429.304961	0.0000798
429.329496	0.0000272
429.354030	0.0002964
429.378566	-0.0000000
429.403102	0.0018336
429.427639	0.0013244
429.452176	0.0000849
429.476714	0.0008539
429.501253	0.0002708
429.525793	-0.0006787
429.550333	0.0020192
429.574874	0.0008431
429.599416	0.0003499
429.623959	-0.0001416
429.648502	-0.0007409
429.673046	0.0000995
429.697590	0.0012054
429.722136	-0.0025834
429.746682	-0.0015923
429.771228	-0.0004929
429.795776	-0.0005356
429.820324	-0.0010555
429.844873	0.0007174
429.869422	0.0003776
429.893972	-0.0009190
429.918523	0.0003442
429.943075	-0.0003044
429.967627	-0.0004176
429.992180	-0.0000307
430.016734	-0.0006785
430.041288	0.0004648
430.065843	-0.0008535
430.090399	0.0007767
430.114956	0.0001273
430.139513	0.0000291
430.164071	0.0001190
430.188629	0.0005036
430.213189	-0.0009334
430.237749	-0.0005977
430.262309	-0.0006907
430.286871	-0.0004910
430.311433	0.0008028
430.335996	-0.0006106
430.360559	0.0002728
430.385124	-0.0002838
430.409688	0.0009330
430.434254	0.0017297
430.458820	-0.0009021
430.483387	-0.0002938
430.507955	-0.0013127
430.532524	0.0015920
430.557093	0.0005616
430.581663	-0.0004184
430.606233	0.0002090
430.630805	-0.0007406
430.655377	-0.0002611
430.679949	-0.0016577
430.704523	0.0002299
430.729097	-0.0003366
430.753671	-0.0004599
430.778247	0.0008445
430.802823	-0.0010165
430.827400	-0.0016669
430.851978	0.0010292
430.876556	0.0006007
430.901135	0.0004192
430.925714	-0.0002332
430.950295	-0.0006430
430.974876	0.0003834
430.999458	0.0007513
431.024040	-0.0000202
431.048623	-0.0002469
431.073207	0.0003419
431.097792	-0.0001436
431.122377	-0.0000865
431.146963	-0.0008285
431.171550	0.0010385
431.196137	0.0011089
431.220726	0.0001728
431.245314	-0.0022822
431.269904	0.0024348
431.294494	0.0000003
431.319085	0.0001667
431.343677	-0.0004594
431.368269	-0.0024067
431.392862	0.0007685
431.417456	-0.0002845
431.442050	0.0034354
431.466645	0.0004418
431.491241	-0.0001777
431.515838	0.0004305
431.540435	-0.0005022
431.565033	-0.0018051
431.589632	0.0001405
431.614231	0.0004661
431.638831	0.0002070
431.663432	-0.0022522
431.688033	0.0003697
431.712636	0.0000285
431.737238	-0.0002289
431.761842	0.0000452
431.786446	-0.0011758
431.811051	-0.0005840
431.835657	0.0000766
431.860263	-0.0000525
431.884870	0.0000854
431.909478	-0.0013713
431.934087	0.0007453
431.958696	-0.0008326
431.983306	-0.0016254
432.007916	-0.0010134
432.032528	-0.0006369
432.057140	-0.0009754
432.081752	0.0013494
432.106366	-0.0001910
432.130980	-0.0009771
432.155595	0.0009024
432.180210	0.0001595
432.204826	-0.0000436
432.229443	0.0017005
432.254061	-0.0008772
432.278679	0.0005733
432.303298	-0.0007030
432.327918	-0.0009918
432.352538	-0.0004170
432.377160	0.0006812
432.401781	-0.0007924
432.426404	-0.0005744
432.451027	0.0015157
432.475651	0.0008296
432.500276	0.0005731
432.524901	0.0000278
432.549527	-0.0007042
432.574154	0.0007917
432.598781	-0.0001867
432.623410	0.0006665
432.648038	0.0010769
432.672668	-0.0027646
432.697298	0.0000855
432.721929	0.0017915
432.746561	-0.0002437
432.771193	-0.0007858
432.795826	0.0007528
432.820460	-0.0009594
432.845095	-0.0006660
432.869730	-0.0006737
432.894366	0.0011492
432.919002	0.0008939
432.943640	-0.0014086
432.968277	-0.0003198
432.992916	0.0006196
433.017556	-0.0010801
433.042196	0.0019474
433.066836	-0.0002573
433.091478	0.0009187
433.116120	0.0005468
433.140763	0.0003810
433.165407	0.0014193
433.190051	0.0007085
433.214696	0.0007138
433.239342	0.0010290
433.263988	-0.0002421
433.288635	-0.0004444
433.313283	-0.0007998
433.337932	0.0004706
433.362581	-0.0006073
433.387231	-0.0021047
433.411881	-0.0004921
433.436533	-0.0001496
433.461185	0.0007605
433.485838	0.0001369
433.510491	-0.0007745
433.535145	-0.0017628
433.559800	0.0000167
433.584456	-0.0010850
433.609112	-0.0003561
433.633769	-0.0005361
433.658426	-0.0029677
433.683085	0.0005913
433.707744	0.0006885
433.732404	0.0010540
433.757064	0.0009644
433.781725	-0.0013645
433.806387	0.0008655
433.831050	0.0017189
433.855713	-0.0009552
433.880377	-0.0002738
433.905042	-0.0002513
433.929707	0.0006971
433.954373	-0.0008058
433.979040	0.0003704
434.003707	0.0008282
434.028376	-0.0015204
434.053044	0.0003673
434.077714	0.0015514
434.102384	-0.0007063
434.127055	0.0002212
434.151727	0.0014094
434.176400	-0.0000572
434.201073	0.0005870
434.225746	0.0008103
434.250421	-0.0015988
434.275096	0.0000646
434.299772	-0.0006644
434.324449	-0.0011109
434.349126	-0.0017955
434.373804	0.0008804
434.398483	-0.0009930
434.423162	-0.0005422
434.447842	-0.0006069
434.472523	-0.0003233
434.497205	-0.0004399
434.521887	-0.0010917
434.546570	0.0016401
434.571254	0.0000907
434.595938	0.0012980
434.620623	0.0001411
434.645309	0.0002363
434.669995	-0.0014077
434.694682	-0.0023939
434.719370	-0.0004977
434.744059	0.0003602
434.768748	0.0015047
434.793438	-0.0014405
434.818129	-0.0016942
434.842820	-0.0016753
434.867512	-0.0017717
434.892205	-0.0012517
434.916898	-0.0000337
434.941593	0.0003286
434.966287	0.0004513
434.990983	-0.0005418
435.015679	-0.0002868
435.040376	0.0018144
435.065074	-0.0017153
435.089772	0.0016939
435.114472	0.0006640
435.139171	0.0001498
435.163872	-0.0004939
435.188573	0.0002826
435.213275	-0.0016309
435.237978	0.0016851
435.262681	-0.0001072
435.287385	-0.0002002
435.312090	-0.0001076
435.336795	0.0002844
435.361501	0.0012689
435.386208	-0.0021581
435.410916	0.0008052
435.435624	-0.0005134
435.460333	-0.0011585
435.485042	-0.0011474
435.509753	-0.0010850
435.534464	0.0016240
435.559175	0.0002804
435.583888	0.0010658
435.608601	0.0005366
435.633315	-0.0009062
435.658029	-0.0010601
435.682745	-0.0015852
435.707461	0.0000258
435.732177	0.0001643
435.756895	0.0002004
435.781613	-0.0005928
435.806331	-0.0008123
435.831051	-0.0011128
435.855771	-0.0005242
435.880492	0.0002290
435.905214	-0.0000517
435.929936	-0.0008172
435.954659	-0.0009785
435.979383	-0.0010051
436.004107	0.0009006
436.028832	-0.0013206
436.053558	-0.0018754
436.078284	-0.0005427
436.103011	-0.0005681
436.127739	0.0028055
436.152468	0.0019034
436.177197	0.0002318
436.201927	0.0008319
436.226658	-0.0021811
436.251389	0.0002727
436.276122	-0.0001944
436.300854	0.0003499
436.325588	-0.0016878
436.350322	-0.0012016
436.375057	0.0010982
436.399793	0.0001872
436.424529	-0.0011581
436.449266	0.0008916
436.474004	-0.0009565
436.498742	-0.0000934
436.523481	-0.0008859
436.548221	-0.0011137
436.572962	0.0006876
436.597703	0.0007951
436.622445	-0.0014494
436.647187	-0.0008036
436.671931	0.0006113
436.696675	-0.0004872
436.721420	0.0000988
436.746165	0.0015491
436.770911	0.0012358
436.795658	-0.0013480
436.820406	0.0022629
436.845154	0.0005901
436.869903	-0.0001333
436.894653	-0.0002406
436.919403	0.0002919
436.944154	-0.0004093
436.968906	-0.0002434
436.993658	-0.0006986
437.018412	-0.0003660
437.043165	-0.0012054
437.067920	-0.0009903
437.092675	0.0002876
437.117431	0.0012955
437.142188	-0.0005894
437.166945	0.0016682
437.191703	-0.0009455
437.216462	0.0007250
437.241222	0.0006186
437.265982	-0.0003290
437.290743	0.0011643
437.315505	-0.0009971
437.340267	-0.0012538
437.365030	-0.0018671
437.389794	0.0011488
437.414558	-0.0016846
437.439323	-0.0007447
437.464089	0.0008744
437.488855	-0.0009229
437.513623	-0.0010077
437.538391	0.0004527
437.563159	-0.0016744
437.587929	0.0000291
437.612699	0.0007443
437.637469	-0.0016748
437.662241	0.0007898
437.687013	0.0009970
437.711786	-0.0000619
437.736559	0.0001608
437.761334	-0.0004494
437.786109	0.0010173
437.810884	0.0004295
437.835661	0.0012821
437.860438	0.0011360
437.885216	0.0003806
437.909994	0.0010811
437.934773	-0.0002012
437.959553	0.0010948
437.984334	-0.0009156
438.009115	-0.0009150
438.033897	-0.0008551
438.058680	0.0004253
438.083463	0.0011979
438.108247	-0.0005186
438.133032	0.0032096
438.157817	-0.0001339
438.182604	-0.0008093
438.207390	-0.0010839
438.232178	-0.0000810
438.256966	-0.0011046
438.281755	0.0022066
438.306545	-0.0002602
438.331335	-0.0011300
438.356127	0.0000950
438.380918	-0.0002190
438.405711	-0.0000867
438.430504	0.0015514
438.455298	-0.0001907
438.480093	-0.0008128
438.504888	0.0001969
438.529684	0.0001261
438.554481	-0.0007561
438.579278	-0.0006909
438.604076	0.0005639
438.628875	-0.0020713
438.653675	0.0013182
438.678475	0.0005335
438.703276	0.0014711
438.728078	-0.0005872
438.752880	0.0008436
438.777683	0.0010517
438.802487	-0.0005439
438.827291	0.0015325
438.852096	0.0013091
438.876902	-0.0001595
438.901709	0.0005341
438.926516	0.0011101
438.951324	0.0003896
438.976133	0.0017355
439.000942	-0.0013885
439.025752	0.0011211
439.050563	-0.0005663
439.075374	-0.0000146
439.100187	0.0020420
439.125000	-0.0000010
439.149813	-0.0007186
439.174627	-0.0011355
439.199442	0.0003263
439.224258	0.0002155
439.249074	-0.0006143
439.273892	0.0002597
439.298709	-0.0013773
439.323528	0.0001703
439.348347	0.0002945
439.373167	0.0022041
439.397988	-0.0005653
439.422809	0.0011531
439.447631	0.0017961
439.472454	-0.0011011
439.497277	0.0003114
439.522101	-0.0015033
439.546926	-0.0005429
439.571752	-0.0009232
439.596578	-0.0007067
439.621405	0.0003068
439.646232	-0.0000637
439.671061	-0.0010374
439.695890	0.0004710
439.720720	-0.0002578
439.745550	-0.0000693
439.770381	-0.0003619
439.795213	-0.0005694
439.820046	-0.0000375
439.844879	0.0005824
439.869713	0.0008667
439.894547	0.0006830
439.919383	0.0000345
439.944219	0.0007326
439.969056	0.0003251
439.993893	0.0024890
440.018731	-0.0003633
440.043570	-0.0002240
440.068410	-0.0027613
440.093250	-0.0005584
440.118091	0.0009070
440.142933	-0.0005866
440.167775	0.0010625
440.192618	-0.0008643
440.217462	-0.0008216
440.242306	-0.0011003
440.267152	-0.0004413
440.291998	-0.0010451
440.316844	-0.0001304
440.341691	0.0009347
440.366539	0.0008632
440.391388	-0.0006627
440.416238	-0.0005541
440.441088	-0.0014442
440.465939	-0.0012153
440.490790	0.0015179
440.515642	-0.0000826
440.540495	0.0014921
440.565349	-0.0000647
440.590203	-0.0009563
440.615058	-0.0017301
440.639914	-0.0005575
440.664770	0.0003391
440.689628	-0.0005008
440.714485	0.0006109
440.739344	0.0000692
440.764203	0.0001071
440.789063	0.0005947
440.813924	0.0020768
440.838785	-0.0000210
440.863647	0.0003379
440.888510	0.0013362
440.913373	-0.0010396
440.938238	-0.0002613
440.963102	0.0004600
440.987968	-0.0011353
441.012834	0.0002180
441.037701	-0.0011649
441.062569	-0.0015713
441.087437	0.0019530
441.112306	0.0009274
441.137176	0.0002973
441.162047	0.0001615
441.186918	-0.0015595
441.211790	0.0000003
441.236662	0.0021343
441.261536	0.0007450
441.286410	0.0013616
441.311284	0.0004813
441.336160	0.0001229
441.361036	0.0004166
441.385913	0.0001686
441.410790	-0.0002670
441.435668	0.0004537
441.460547	0.0017986
441.485427	0.0011480
441.510307	-0.0012178
441.535188	-0.0006332
441.560070	0.0006567
441.584952	0.0009297
441.609836	0.0009276
441.634719	-0.0007688
441.659604	-0.0019712
441.684489	-0.0004942
441.709375	-0.0003526
441.734262	-0.0000332
441.759149	0.0005532
441.784037	-0.0000692
441.808926	-0.0007091
441.833815	-0.0010934
441.858705	-0.0019853
441.883596	0.0031868
441.908488	0.0019325
441.933380	-0.0007254
441.958273	0.0007537
441.983167	-0.0000475
442.008061	-0.0000855
442.032956	-0.0005587
442.057852	0.0000043
442.082748	0.0000613
442.107646	-0.0005633
442.132543	-0.0003997
442.157442	0.0004585
442.182341	-0.0000672
442.207241	0.0014761
442.232142	0.0011829
442.257043	0.0008896
442.281945	-0.0013688
442.306848	0.0004945
442.331752	0.0002994
442.356656	-0.0006064
442.381561	-0.0004614
442.406466	-0.0015532
442.431373	0.0010079
442.456280	0.0006474
442.481188	0.0002487
442.506096	0.0006848
442.531005	-0.0001600
442.555915	0.0009785
442.580825	0.0022335
442.605737	0.0000357
442.630649	-0.0016474
442.655561	0.0012083
442.680475	-0.0002807
442.705389	0.0012155
442.730303	0.0003214
442.755219	0.0016073
442.780135	0.0006303
442.805052	-0.0000993
442.829969	-0.0002702
442.854887	0.0002363
442.879806	-0.0012610
442.904726	0.0004177
442.929646	-0.0009514
442.954568	-0.0008742
442.979489	-0.0013121
443.004412	0.0002085
443.029335	-0.0004422
443.054259	-0.0013009
443.079183	0.0009636
443.104109	0.0010635
443.129035	-0.0002525
443.153961	-0.0000846
443.178889	0.0005056
443.203817	0.0000736
443.228746	0.0005567
443.253675	0.0001077
443.278605	-0.0002186
443.303536	0.0006508
443.328468	0.0000391
443.353400	0.0021288
443.378333	0.0010232
443.403267	0.0004181
443.428201	0.0000578
443.453136	0.0006198
443.478072	0.0009283
443.503009	0.0008989
443.527946	0.0023061
443.552884	-0.0006282
443.577822	0.0013886
443.602762	0.0000630
443.627702	0.0010668
443.652642	0.0007679
443.677584	-0.0006263
443.702526	-0.0000054
443.727469	-0.0005942
443.752412	-0.0003183
443.777356	-0.0001465
443.802301	-0.0005305
443.827247	0.0010202
443.852193	0.0004681
443.877140	-0.0004710
443.902088	-0.0018885
443.927037	0.0007771
443.951986	-0.0016149
443.976936	-0.0007198
444.001886	0.0000535
444.026838	-0.0007157
444.051789	0.0004363
444.076742	-0.0001215
444.101696	-0.0014304
444.126650	-0.0001431
444.151604	-0.0022455
444.176560	-0.0018358
444.201516	-0.0008765
444.226473	-0.0001748
444.251430	-0.0016888
444.276389	-0.0000994
444.301348	0.0006293
444.326307	-0.0004055
444.351268	0.0018864
444.376229	0.0009459
444.401191	-0.0002979
444.426153	-0.0024492
444.451116	0.0005141
444.476080	0.0003459
444.501045	0.0004190
444.526010	-0.0005491
444.550976	-0.0007472
444.575943	0.0001071
444.600910	-0.0004886
444.625878	-0.0004288
444.650847	-0.0015825
444.675817	-0.0006817
444.700787	-0.0019064
444.725758	0.0014222
444.750730	0.0010284
444.775702	-0.0000219
444.800675	-0.0014203
444.825649	-0.0003222
444.850623	0.0003571
444.875598	0.0006917
444.900574	-0.0012704
444.925551	0.0010217
444.950528	0.0006176
444.975506	0.0002705
445.000485	0.0011273
445.025464	-0.0000046
445.050444	0.0008039
445.075425	0.0006011
445.100406	-0.0004671
445.125388	-0.0005151
445.150371	0.0010496
445.175355	-0.0014657
445.200339	0.0015288
445.225324	0.0004896
445.250310	0.0003493
445.275296	0.0015332
445.300283	-0.0014267
445.325271	0.0006534
445.350260	-0.0000133
445.375249	-0.0005825
445.400239	0.0008401
445.425229	0.0012208
445.450220	-0.0007176
445.475212	0.0004862
445.500205	0.0004011
445.525199	0.0001111
445.550193	-0.0013106
445.575188	0.0005630
445.600183	0.0009764
445.625179	-0.0004130
445.650176	0.0002733
445.675174	0.0000141
445.700172	0.0004667
445.725171	0.0009694
445.750171	-0.0009686
445.775171	-0.0002318
445.800172	0.0002392
445.825174	-0.0007049
445.850177	-0.0001291
445.875180	0.0004354
445.900184	-0.0006907
445.925189	-0.0008143
445.950194	0.0003160
