0.980000	0.0070000
0.979729	0.0250097
0.979459	0.0645727
0.979190	0.0619374
0.978922	0.1327242
0.978654	0.0881751
0.978387	0.1017099
0.978120	0.0866213
0.977854	0.0141739
0.977589	0.0322588
0.977325	0.0166888
0.977061	0.0217396
0.976799	0.0506188
0.976536	0.0495796
0.976275	0.1246433
0.976014	0.0735033
0.975754	0.0897647
0.975494	0.0653568
0.975236	0.0319989
0.974978	0.0070000
0.974720	0.0070000
0.974464	0.0730547
0.974208	0.0978823
0.973953	0.0891090
0.973698	0.0734489
0.973445	0.1335163
0.973191	0.0725657
0.972939	0.0512688
0.972687	0.0607633
0.972436	0.0257686
0.972186	0.0086812
0.971937	0.0547001
0.971688	0.1121289
0.971439	0.0987744
0.971192	0.0549605
0.970945	0.1261834
0.970699	0.0171162
0.970454	0.0540474
0.970209	0.0332687
0.969965	0.0138197
0.969722	0.0070000
0.969479	0.0070000
0.969238	0.0737885
0.968996	0.0785606
0.968756	0.0909606
0.968516	0.1360698
0.968277	0.0880714
0.968039	0.0445297
0.967801	0.0525616
0.967564	0.0070000
0.967328	0.0593681
0.967092	0.0656764
0.966858	0.0389033
0.966624	0.0727788
0.966390	0.0981203
0.966157	0.1246214
0.965925	0.0639107
0.965694	0.0519695
0.965463	0.0263834
0.965234	0.0229498
0.965004	0.0639608
0.964776	0.0199108
0.964548	0.1071780
0.964321	0.1010063
0.964095	0.1032846
0.963869	0.0269571
0.963644	0.0457355
0.963420	0.0361742
0.963196	0.0070000
0.962973	0.0485230
0.962751	0.0707852
0.962529	0.0532602
0.962309	0.0446957
0.962089	0.0845159
0.961869	0.1018352
0.961650	0.0942409
0.961433	0.0493815
0.961215	0.0070000
0.960999	0.0356376
0.960783	0.0254861
0.960568	0.0612240
0.960353	0.0628579
0.960139	0.0935198
0.959926	0.0861571
0.959714	0.0525762
0.959502	0.0688047
0.959291	0.0690034
0.959081	0.0070000
0.958872	0.0070000
0.958663	0.0657441
0.958455	0.0693020
0.958247	0.0718334
0.958041	0.0772615
0.957835	0.0626701
0.957629	0.0612486
0.957425	0.0372304
0.957221	0.0308417
0.957017	0.0070000
0.956815	0.0263449
0.956613	0.0184694
0.956412	0.0302310
0.956212	0.0443219
0.956012	0.1307355
0.955813	0.0873274
0.955615	0.0622074
0.955417	0.0669785
0.955220	0.0158964
0.955024	0.0330011
0.954828	0.0339488
0.954634	0.0265312
0.954440	0.0620422
0.954246	0.0574191
0.954053	0.0959801
0.953861	0.0909873
0.953670	0.0849797
0.953480	0.0548820
0.953290	0.0070000
0.953101	0.0070000
0.952912	0.0741585
0.952724	0.0671207
0.952537	0.0833948
0.952351	0.0897483
0.952165	0.0457137
0.951980	0.0517870
0.951796	0.1104868
0.951612	0.0499513
0.951430	0.0070000
0.951248	0.0335011
0.951066	0.0602664
0.950885	0.0723296
0.950705	0.0848748
0.950526	0.0791423
0.950347	0.0419493
0.950169	0.0477733
0.949992	0.0538686
0.949816	0.0108780
0.949640	0.0201538
0.949465	0.0185271
0.949290	0.0408567
0.949117	0.0599952
0.948944	0.0598150
0.948771	0.1008105
0.948600	0.0729847
0.948429	0.0528443
0.948258	0.0122194
0.948089	0.0108918
0.947920	0.0263524
0.947752	0.0306699
0.947585	0.0581424
0.947418	0.1088490
0.947252	0.0769711
0.947087	0.0769173
0.946922	0.0915890
0.946758	0.0869811
0.946595	0.0070000
0.946433	0.0224272
0.946271	0.0512184
0.946110	0.0070000
0.945949	0.0404102
0.945790	0.0683697
0.945631	0.0485493
0.945472	0.0562154
0.945315	0.0508231
0.945158	0.0634447
0.945002	0.0268756
0.944846	0.0110938
0.944692	0.0162609
0.944538	0.0553861
0.944384	0.0452806
0.944232	0.0724521
0.944080	0.0585310
0.943928	0.0675870
0.943778	0.0832607
0.943628	0.0339868
0.943479	0.0499907
0.943331	0.0070000
0.943183	0.0070000
0.943036	0.0657667
0.942889	0.0589034
0.942744	0.0420966
0.942599	0.0897713
0.942455	0.0785831
0.942311	0.0647709
0.942168	0.0153406
0.942026	0.0479644
0.941885	0.0423288
0.941744	0.0241590
0.941604	0.0813839
0.941465	0.0651420
0.941326	0.0685259
0.941188	0.0645966
0.941051	0.0219255
0.940915	0.0796001
0.940779	0.0134076
0.940644	0.0269479
0.940509	0.0082272
0.940376	0.0287734
0.940243	0.0462544
0.940110	0.1018795
0.939979	0.0580006
0.939848	0.0640818
0.939718	0.0458643
0.939588	0.0327178
0.939460	0.0465461
0.939332	0.0179001
0.939204	0.0213041
0.939078	0.0310135
0.938952	0.0070000
0.938826	0.0600471
0.938702	0.0446287
0.938578	0.0578963
0.938455	0.0387788
0.938332	0.0441893
0.938211	0.0157749
0.938090	0.0247634
0.937969	0.0446644
0.937850	0.0365790
0.937731	0.0359575
0.937612	0.0975224
0.937495	0.0782759
0.937378	0.0656548
0.937262	0.0129039
0.937147	0.0362006
0.937032	0.0557168
0.936918	0.0070000
0.936805	0.0499789
0.936692	0.0390518
0.936580	0.0465319
0.936469	0.0353959
0.936358	0.0619845
0.936248	0.0644389
0.936139	0.0193352
0.936031	0.0374262
0.935923	0.0070000
0.935816	0.0492925
0.935710	0.0070000
0.935604	0.0410809
0.935500	0.0318578
0.935395	0.0406194
0.935292	0.0485384
0.935189	0.0792696
0.935087	0.0717494
0.934986	0.0703047
0.934885	0.0127253
0.934785	0.0170347
0.934686	0.0278413
0.934587	0.0562304
0.934489	0.0729088
0.934392	0.0481946
0.934296	0.1068347
0.934200	0.0414083
0.934105	0.0263257
0.934011	0.0385606
0.933917	0.0160801
0.933824	0.0154009
0.933732	0.0523974
0.933640	0.0453085
0.933549	0.0640576
0.933459	0.0674955
0.933370	0.0509397
0.933281	0.0298251
0.933193	0.0418728
0.933106	0.0307180
0.933019	0.0070000
0.932933	0.0428290
0.932848	0.0439237
0.932764	0.0572404
0.932680	0.0722320
0.932597	0.0493345
0.932514	0.0563923
0.932432	0.0492548
0.932351	0.0394236
0.932271	0.0070000
0.932192	0.0251083
0.932113	0.0204505
0.932034	0.0482936
0.931957	0.0504089
0.931880	0.0554528
0.931804	0.0658980
0.931729	0.0520861
0.931654	0.0099653
0.931580	0.0656636
0.931507	0.0237708
0.931434	0.0283180
0.931362	0.0282909
0.931291	0.0621988
0.931221	0.0448439
0.931151	0.0296437
0.931082	0.0707964
0.931014	0.0624120
0.930946	0.0236167
0.930879	0.0537356
0.930813	0.0070000
0.930747	0.0362104
0.930682	0.0225417
0.930618	0.0614138
0.930555	0.0650328
0.930492	0.0655448
0.930430	0.0429396
0.930369	0.0187535
0.930308	0.0437585
0.930248	0.0366620
0.930189	0.0188884
0.930130	0.0275188
0.930072	0.0651944
0.930015	0.0541398
0.929959	0.0266756
0.929903	0.0602552
0.929848	0.0620789
0.929794	0.0564248
0.929740	0.0276962
0.929687	0.0317648
0.929635	0.0070000
0.929584	0.0183415
0.929533	0.0241523
0.929483	0.0482375
0.929433	0.0775966
0.929385	0.0874265
0.929337	0.0639384
0.929289	0.0577337
0.929243	0.0300748
0.929197	0.0134682
0.929152	0.0234723
0.929107	0.0525599
0.929064	0.0116317
0.929021	0.0672791
0.928978	0.0682191
0.928936	0.0448837
0.928896	0.0723195
0.928855	0.0090557
0.928816	0.0233799
0.928777	0.0169992
0.928739	0.0241589
0.928701	0.0365852
0.928664	0.0449991
0.928628	0.0250158
0.928593	0.0476859
0.928558	0.0460830
0.928524	0.0495827
0.928491	0.0559370
0.928459	0.0121592
0.928427	0.0115139
0.928396	0.0155772
0.928365	0.0250908
0.928336	0.0508965
0.928307	0.0392817
0.928278	0.0365625
0.928251	0.0593811
0.928224	0.0113058
0.928198	0.0526439
0.928172	0.0192422
0.928147	0.0409163
0.928123	0.0152955
0.928100	0.0260609
0.928077	0.0471607
0.928055	0.0591733
0.928034	0.0738273
0.928013	0.0120300
0.927993	0.0322426
0.927974	0.0225836
0.927956	0.0287329
0.927938	0.0189756
0.927921	0.0070000
0.927904	0.0506023
0.927889	0.0384817
0.927874	0.0360840
0.927859	0.0450495
0.927846	0.0455959
0.927833	0.0137581
0.927821	0.0374044
0.927809	0.0070000
0.927799	0.0238757
0.927788	0.0274819
0.927779	0.0549878
0.927770	0.0415604
0.927763	0.0395596
0.927755	0.0323180
0.927749	0.0509277
0.927743	0.0451888
0.927738	0.0182075
0.927733	0.0070000
0.927730	0.0207058
0.927727	0.0500526
0.927724	0.0556399
0.927723	0.0163253
0.927722	0.0399169
0.927721	0.0414563
0.927722	0.0204091
0.927723	0.0269769
0.927725	0.0213210
0.927728	0.0228696
0.927731	0.0385830
0.927735	0.0334820
0.927739	0.0426259
0.927745	0.0540469
0.927751	0.0609402
0.927758	0.0458864
0.927765	0.0157359
0.927773	0.0416105
0.927782	0.0131746
0.927792	0.0203330
0.927802	0.0289324
0.927813	0.0586407
0.927825	0.0575618
0.927837	0.0442290
0.927851	0.0511304
0.927864	0.0365010
0.927879	0.0392099
0.927894	0.0462837
0.927910	0.0152108
0.927927	0.0276395
0.927944	0.0362214
0.927962	0.0388675
0.927981	0.0492652
0.928000	0.0528117
0.928020	0.0357234
0.928041	0.0410155
0.928063	0.0170013
0.928085	0.0154418
0.928108	0.0076738
0.928132	0.0226746
0.928156	0.0415260
0.928181	0.0274374
0.928207	0.0713333
0.928233	0.0463584
0.928261	0.0318518
0.928288	0.0529232
0.928317	0.0398058
0.928346	0.0199766
0.928376	0.0090328
0.928407	0.0142292
0.928438	0.0070000
0.928470	0.0450135
0.928503	0.0366993
0.928537	0.0508720
0.928571	0.0300886
0.928606	0.0287544
0.928641	0.0401251
0.928678	0.0152348
0.928715	0.0193183
0.928752	0.0286024
0.928791	0.0356837
0.928830	0.0326613
0.928870	0.0483803
0.928910	0.0436047
0.928951	0.0408815
0.928993	0.0268294
0.929036	0.0130578
0.929079	0.0070000
0.929123	0.0242073
0.929168	0.0219605
0.929213	0.0489019
0.929260	0.0589841
0.929306	0.0232250
0.929354	0.0541740
0.929402	0.0295007
0.929451	0.0282064
0.929501	0.0070000
0.929551	0.0164738
0.929602	0.0244931
0.929654	0.0407455
0.929706	0.0407015
0.929760	0.0297805
0.929813	0.0531291
0.929868	0.0332083
0.929923	0.0539269
0.929979	0.0070000
0.930036	0.0126037
0.930093	0.0154800
0.930151	0.0310675
0.930210	0.0287294
0.930270	0.0380636
0.930330	0.0204523
0.930391	0.0330941
0.930452	0.0232806
0.930515	0.0336812
0.930577	0.0203378
0.930641	0.0111833
0.930706	0.0316013
0.930771	0.0168635
0.930836	0.0180666
0.930903	0.0542290
0.930970	0.0399584
0.931038	0.0293957
0.931107	0.0461204
0.931176	0.0167612
0.931246	0.0364623
0.931317	0.0070000
0.931388	0.0232248
0.931460	0.0418531
0.931533	0.0338575
0.931607	0.0305423
0.931681	0.0571679
0.931756	0.0368460
0.931831	0.0391930
0.931908	0.0387458
0.931985	0.0095950
0.932063	0.0201115
0.932141	0.0139341
0.932220	0.0294306
0.932300	0.0162021
0.932381	0.0349886
0.932462	0.0310738
0.932544	0.0321225
0.932626	0.0256088
0.932710	0.0129778
0.932794	0.0070000
0.932879	0.0121184
0.932964	0.0070000
0.933050	0.0226604
0.933137	0.0332809
0.933225	0.0434642
0.933313	0.0297532
0.933402	0.0236207
0.933492	0.0194407
0.933582	0.0230456
0.933673	0.0070000
0.933765	0.0200863
0.933857	0.0195779
0.933951	0.0380973
0.934044	0.0355011
0.934139	0.0540782
0.934234	0.0225613
0.934330	0.0490696
0.934427	0.0193119
0.934524	0.0200818
0.934623	0.0086713
0.934721	0.0190041
0.934821	0.0311437
0.934921	0.0297141
0.935022	0.0224647
0.935124	0.0521166
0.935226	0.0371271
0.935329	0.0371711
0.935433	0.0305403
0.935537	0.0376588
0.935642	0.0070000
0.935748	0.0200939
0.935855	0.0343112
0.935962	0.0359092
0.936070	0.0291340
0.936179	0.0361951
0.936288	0.0293452
0.936398	0.0278683
0.936509	0.0151454
0.936620	0.0177665
0.936732	0.0185714
0.936845	0.0160604
0.936959	0.0275521
0.937073	0.0303786
0.937188	0.0258856
0.937304	0.0289916
0.937420	0.0349041
0.937537	0.0168094
0.937655	0.0432515
0.937773	0.0070000
0.937893	0.0208740
0.938012	0.0377157
0.938133	0.0333057
0.938254	0.0424110
0.938376	0.0296505
0.938499	0.0486060
0.938622	0.0231318
0.938747	0.0384246
0.938871	0.0179560
0.938997	0.0119590
0.939123	0.0175157
0.939250	0.0196608
0.939378	0.0317882
0.939506	0.0356073
0.939635	0.0384576
0.939765	0.0293076
0.939895	0.0264238
0.940026	0.0091061
0.940158	0.0105271
0.940291	0.0155426
0.940424	0.0127695
0.940558	0.0323592
0.940692	0.0303554
0.940828	0.0262364
0.940964	0.0412009
0.941100	0.0436938
0.941238	0.0312597
0.941376	0.0203913
0.941515	0.0070000
0.941654	0.0187698
0.941795	0.0186823
0.941936	0.0428158
0.942077	0.0276447
0.942220	0.0306552
0.942363	0.0395344
0.942506	0.0250836
0.942651	0.0235369
0.942796	0.0070000
0.942942	0.0157989
0.943089	0.0246429
0.943236	0.0141060
0.943384	0.0317882
0.943533	0.0318134
0.943682	0.0398482
0.943832	0.0331221
0.943983	0.0237227
0.944134	0.0285141
0.944286	0.0255568
0.944439	0.0123040
0.944593	0.0228424
0.944747	0.0207406
0.944902	0.0241940
0.945058	0.0333603
0.945214	0.0312865
0.945372	0.0254807
0.945529	0.0255181
0.945688	0.0291144
0.945847	0.0131121
0.946007	0.0148740
0.946168	0.0273083
0.946329	0.0176856
0.946491	0.0402500
0.946654	0.0348180
0.946817	0.0223027
0.946981	0.0441289
0.947146	0.0129928
0.947312	0.0182799
0.947478	0.0110763
0.947645	0.0127277
0.947812	0.0286397
0.947981	0.0265813
0.948150	0.0276157
0.948320	0.0228464
0.948490	0.0362567
0.948661	0.0228576
0.948833	0.0184809
0.949006	0.0098483
0.949179	0.0212329
0.949353	0.0237381
0.949528	0.0151818
0.949703	0.0386064
0.949879	0.0342803
0.950056	0.0306475
0.950233	0.0244018
0.950412	0.0199324
0.950590	0.0198673
0.950770	0.0201461
0.950950	0.0070000
0.951131	0.0213441
0.951313	0.0175062
0.951495	0.0172347
0.951678	0.0242072
0.951862	0.0214855
0.952047	0.0230606
0.952232	0.0209505
0.952418	0.0226878
0.952605	0.0070000
0.952792	0.0070000
0.952980	0.0220409
0.953169	0.0376882
0.953358	0.0220875
0.953548	0.0335411
0.953739	0.0350565
0.953930	0.0239896
0.954123	0.0136392
0.954316	0.0147832
0.954509	0.0077785
0.954704	0.0241605
0.954899	0.0232608
0.955094	0.0185664
0.955291	0.0077746
0.955488	0.0289582
0.955686	0.0343257
0.955884	0.0186973
0.956084	0.0108693
0.956284	0.0124090
0.956484	0.0156567
0.956686	0.0284467
0.956888	0.0139034
0.957091	0.0251221
0.957294	0.0246228
0.957498	0.0256552
0.957703	0.0386891
0.957909	0.0319335
0.958115	0.0093865
0.958322	0.0079234
0.958530	0.0070000
0.958738	0.0263271
0.958947	0.0333755
0.959157	0.0288907
0.959367	0.0344199
0.959579	0.0279610
0.959790	0.0344369
0.960003	0.0300633
0.960216	0.0284547
0.960430	0.0201527
0.960645	0.0139633
0.960860	0.0243554
0.961077	0.0210714
0.961293	0.0191052
0.961511	0.0237767
0.961729	0.0218247
0.961948	0.0262654
0.962168	0.0280342
0.962388	0.0192261
0.962609	0.0070000
0.962831	0.0117977
0.963053	0.0181128
0.963276	0.0225184
0.963500	0.0314203
0.963725	0.0280740
0.963950	0.0256045
0.964176	0.0274075
0.964403	0.0128004
0.964630	0.0075782
0.964858	0.0072191
0.965087	0.0183508
0.965316	0.0273988
0.965546	0.0158317
0.965777	0.0267477
0.966009	0.0306564
0.966241	0.0210992
0.966474	0.0200430
0.966708	0.0232629
0.966942	0.0281876
0.967177	0.0209544
0.967413	0.0144976
0.967649	0.0186529
0.967887	0.0333632
0.968124	0.0252799
0.968363	0.0289072
0.968602	0.0231824
0.968842	0.0201240
0.969083	0.0097078
0.969324	0.0070000
0.969567	0.0170558
0.969809	0.0252642
0.970053	0.0229450
0.970297	0.0199601
0.970542	0.0157487
0.970788	0.0158653
0.971034	0.0321369
0.971281	0.0247241
0.971529	0.0110355
0.971777	0.0070000
0.972026	0.0182899
0.972276	0.0173692
0.972527	0.0366558
0.972778	0.0122387
0.973030	0.0165965
0.973282	0.0104402
0.973536	0.0306740
0.973790	0.0201185
0.974045	0.0075651
0.974300	0.0156962
0.974556	0.0070000
0.974813	0.0208665
0.975071	0.0244998
0.975329	0.0289410
0.975588	0.0242827
0.975847	0.0281663
0.976108	0.0218655
0.976369	0.0215762
0.976631	0.0201247
0.976893	0.0080237
0.977156	0.0116699
0.977420	0.0180938
0.977685	0.0222350
0.977950	0.0226997
0.978216	0.0233621
0.978483	0.0278885
0.978750	0.0195437
0.979018	0.0194209
0.979287	0.0185013
0.979556	0.0140336
0.979827	0.0167622
0.980098	0.0310319
0.980369	0.0288096
0.980641	0.0194332
0.980915	0.0254268
0.981188	0.0236222
0.981463	0.0103221
0.981738	0.0109146
0.982014	0.0070000
0.982290	0.0196051
0.982567	0.0193553
0.982845	0.0215524
0.983124	0.0320275
0.983403	0.0374990
0.983683	0.0309227
0.983964	0.0155515
0.984245	0.0205669
0.984528	0.0075232
0.984810	0.0070000
0.985094	0.0187638
0.985378	0.0243169
0.985663	0.0132640
0.985949	0.0265117
0.986235	0.0187595
0.986522	0.0221885
0.986810	0.0285586
0.987098	0.0154455
0.987388	0.0070000
0.987677	0.0133215
0.987968	0.0138851
0.988259	0.0193907
0.988551	0.0190666
0.988844	0.0270853
0.989137	0.0244551
0.989431	0.0221878
0.989726	0.0227201
0.990022	0.0160733
0.990318	0.0127495
0.990615	0.0189400
0.990912	0.0131244
0.991211	0.0166820
0.991510	0.0207096
0.991809	0.0232199
0.992110	0.0201649
0.992411	0.0245755
0.992713	0.0223130
0.993015	0.0079918
0.993318	0.0093575
0.993622	0.0206382
0.993927	0.0125136
0.994232	0.0263287
0.994538	0.0175611
0.994845	0.0260317
0.995152	0.0227009
0.995460	0.0180683
0.995769	0.0218681
0.996079	0.0112253
0.996389	0.0070000
0.996700	0.0143238
0.997012	0.0203054
0.997324	0.0324010
0.997637	0.0104909
0.997951	0.0152138
0.998265	0.0256231
0.998580	0.0263415
0.998896	0.0116119
0.999213	0.0130348
0.999530	0.0134266
0.999848	0.0141048
1.000167	0.0144767
1.000486	0.0244154
1.000806	0.0263491
1.001127	0.0224324
1.001448	0.0211452
1.001771	0.0148429
1.002093	0.0133125
1.002417	0.0070000
1.002741	0.0150057
1.003066	0.0116603
1.003392	0.0173084
1.003718	0.0219379
1.004045	0.0236601
1.004373	0.0250231
1.004702	0.0204391
1.005031	0.0142414
1.005361	0.0110700
1.005691	0.0192784
1.006023	0.0240363
1.006355	0.0087775
1.006688	0.0209464
1.007021	0.0214736
1.007355	0.0245534
1.007690	0.0200053
1.008025	0.0153672
1.008362	0.0187941
1.008699	0.0183070
1.009036	0.0083176
1.009375	0.0140110
1.009714	0.0205594
1.010053	0.0168146
1.010394	0.0209546
1.010735	0.0235607
1.011077	0.0166234
1.011419	0.0163698
1.011762	0.0230534
1.012106	0.0161193
1.012451	0.0103638
1.012796	0.0120980
1.013143	0.0107146
1.013489	0.0236883
1.013837	0.0193507
1.014185	0.0179736
1.014534	0.0191350
1.014883	0.0162435
1.015234	0.0183894
1.015585	0.0070000
1.015936	0.0150806
1.016289	0.0071769
1.016642	0.0205622
1.016996	0.0236784
1.017350	0.0218662
1.017705	0.0193512
1.018061	0.0233086
1.018418	0.0151590
1.018775	0.0129749
1.019133	0.0152214
1.019492	0.0070000
1.019851	0.0170939
1.020211	0.0254431
1.020572	0.0161028
1.020934	0.0219829
1.021296	0.0237922
1.021659	0.0173808
1.022022	0.0170314
1.022387	0.0128107
1.022752	0.0118659
1.023117	0.0147278
1.023484	0.0191323
1.023851	0.0156104
1.024219	0.0219860
1.024587	0.0199387
1.024956	0.0151728
1.025326	0.0233173
1.025697	0.0096792
1.026068	0.0079661
1.026440	0.0095652
1.026813	0.0165231
1.027187	0.0189345
1.027561	0.0131473
1.027936	0.0264042
1.028311	0.0131052
1.028688	0.0203628
1.029064	0.0077892
1.029442	0.0111532
1.029821	0.0105497
1.030200	0.0134622
1.030579	0.0233680
1.030960	0.0207463
1.031341	0.0216862
1.031723	0.0300357
1.032105	0.0222077
1.032489	0.0153551
1.032873	0.0220129
1.033257	0.0151710
1.033643	0.0133457
1.034029	0.0174815
1.034416	0.0170173
1.034803	0.0220937
1.035191	0.0193039
1.035580	0.0178052
1.035970	0.0177301
1.036360	0.0161983
1.036751	0.0101956
1.037143	0.0156425
1.037535	0.0079410
1.037928	0.0132276
1.038322	0.0168172
1.038717	0.0210243
1.039112	0.0204788
1.039508	0.0108232
1.039905	0.0149636
1.040302	0.0183384
1.040700	0.0105926
1.041099	0.0088501
1.041498	0.0101718
1.041898	0.0161893
1.042299	0.0147132
1.042701	0.0193742
1.043103	0.0190692
1.043506	0.0159298
1.043910	0.0172989
1.044314	0.0132797
1.044719	0.0096870
1.045125	0.0099330
1.045531	0.0105477
1.045938	0.0113016
1.046346	0.0140887
1.046755	0.0153120
1.047164	0.0208331
1.047574	0.0212799
1.047985	0.0142957
1.048396	0.0156648
1.048808	0.0170579
1.049221	0.0070000
1.049635	0.0088228
1.050049	0.0157099
1.050464	0.0231340
1.050879	0.0205311
1.051295	0.0223533
1.051712	0.0188084
1.052130	0.0225084
1.052549	0.0153257
1.052968	0.0090796
1.053388	0.0120526
1.053808	0.0170822
1.054229	0.0131164
1.054651	0.0183393
1.055074	0.0201869
1.055497	0.0213990
1.055921	0.0123880
1.056346	0.0183924
1.056771	0.0078439
1.057197	0.0162246
1.057624	0.0085804
1.058052	0.0186861
1.058480	0.0128214
1.058909	0.0213388
1.059339	0.0163032
1.059769	0.0228139
1.060200	0.0230878
1.060632	0.0128473
1.061064	0.0136551
1.061497	0.0091840
1.061931	0.0176656
1.062366	0.0108817
1.062801	0.0244503
1.063237	0.0167382
1.063674	0.0215001
1.064111	0.0173463
1.064549	0.0184987
1.064988	0.0169019
1.065427	0.0133867
1.065868	0.0097967
1.066308	0.0113699
1.066750	0.0174479
1.067192	0.0196727
1.067635	0.0179375
1.068079	0.0163758
1.068523	0.0119709
1.068968	0.0193487
1.069414	0.0127378
1.069861	0.0123171
1.070308	0.0106569
1.070756	0.0124007
1.071204	0.0176182
1.071654	0.0131666
1.072104	0.0173930
1.072555	0.0282590
1.073006	0.0147720
1.073458	0.0111427
1.073911	0.0158253
1.074364	0.0070000
1.074819	0.0110363
1.075274	0.0081053
1.075729	0.0153914
1.076186	0.0159326
1.076643	0.0189614
1.077100	0.0167559
1.077559	0.0213059
1.078018	0.0165942
1.078478	0.0094596
1.078938	0.0126730
1.079400	0.0135427
1.079862	0.0084983
1.080324	0.0157835
1.080788	0.0161461
1.081252	0.0164326
1.081716	0.0144026
1.082182	0.0161555
1.082648	0.0147402
1.083115	0.0107743
1.083582	0.0127401
1.084051	0.0106083
1.084520	0.0197230
1.084989	0.0170165
1.085460	0.0177374
1.085931	0.0171285
1.086403	0.0190032
1.086875	0.0139865
1.087348	0.0157289
1.087822	0.0097390
1.088297	0.0102792
1.088772	0.0070000
1.089248	0.0198354
1.089725	0.0189548
1.090202	0.0214143
1.090680	0.0199388
1.091159	0.0211081
1.091639	0.0070000
1.092119	0.0131634
1.092600	0.0126565
1.093081	0.0070000
1.093564	0.0128213
1.094047	0.0165674
1.094531	0.0146555
1.095015	0.0161184
1.095500	0.0148262
1.095986	0.0163744
1.096472	0.0120800
1.096960	0.0109619
1.097448	0.0070000
1.097936	0.0128877
1.098426	0.0137183
1.098916	0.0138982
1.099406	0.0165584
1.099898	0.0129816
1.100390	0.0241790
1.100883	0.0104605
1.101376	0.0095742
1.101871	0.0119253
1.102366	0.0090978
1.102861	0.0109610
1.103358	0.0170070
1.103855	0.0128761
1.104353	0.0160764
1.104851	0.0195628
1.105350	0.0206319
1.105850	0.0136920
1.106351	0.0124484
1.106852	0.0135562
1.107354	0.0070000
1.107857	0.0135502
1.108360	0.0171014
1.108864	0.0174708
1.109369	0.0192523
1.109874	0.0205654
1.110381	0.0092563
1.110888	0.0142240
1.111395	0.0108203
1.111904	0.0127529
1.112413	0.0109517
1.112922	0.0129922
1.113433	0.0126364
1.113944	0.0167458
1.114456	0.0173904
1.114968	0.0185163
1.115481	0.0163674
1.115995	0.0121081
1.116510	0.0114831
1.117025	0.0080859
1.117541	0.0108985
1.118058	0.0134000
1.118576	0.0124865
1.119094	0.0170868
1.119613	0.0179589
1.120132	0.0099890
1.120652	0.0140167
1.121173	0.0135085
1.121695	0.0070000
1.122217	0.0108834
1.122740	0.0121325
1.123264	0.0138448
1.123789	0.0149489
1.124314	0.0112412
1.124840	0.0183815
1.125366	0.0144016
1.125893	0.0193917
1.126421	0.0109908
1.126950	0.0096421
1.127480	0.0120629
1.128010	0.0132408
1.128540	0.0139722
1.129072	0.0135660
1.129604	0.0183090
1.130137	0.0178151
1.130671	0.0127366
1.131205	0.0126495
1.131740	0.0114466
1.132276	0.0074796
1.132812	0.0146886
1.133349	0.0108465
1.133887	0.0183237
1.134425	0.0195136
1.134965	0.0201732
1.135505	0.0204090
1.136045	0.0204443
1.136587	0.0125382
1.137129	0.0126655
1.137671	0.0102395
1.138215	0.0114217
1.138759	0.0171211
1.139304	0.0177928
1.139849	0.0167221
1.140395	0.0170749
1.140942	0.0202840
1.141490	0.0149979
1.142038	0.0110068
1.142587	0.0070000
1.143137	0.0117354
1.143688	0.0143897
1.144239	0.0106744
1.144791	0.0163582
1.145343	0.0151712
1.145897	0.0177166
1.146451	0.0183493
1.147005	0.0148948
1.147561	0.0151266
1.148117	0.0111893
1.148673	0.0115761
1.149231	0.0147265
1.149789	0.0129039
1.150348	0.0218104
1.150908	0.0155136
1.151468	0.0124134
1.152029	0.0139197
1.152591	0.0153742
1.153153	0.0112648
1.153716	0.0107672
1.154280	0.0081482
1.154844	0.0149400
1.155410	0.0143326
1.155975	0.0150585
1.156542	0.0166228
1.157109	0.0212377
1.157677	0.0152935
1.158246	0.0195408
1.158816	0.0111769
1.159386	0.0070000
1.159956	0.0093252
1.160528	0.0153905
1.161100	0.0111747
1.161673	0.0151147
1.162247	0.0141923
1.162821	0.0174136
1.163396	0.0135150
1.163972	0.0118562
1.164548	0.0109036
1.165126	0.0088561
1.165703	0.0070000
1.166282	0.0070000
1.166861	0.0173448
1.167441	0.0153234
1.168022	0.0141010
1.168603	0.0104406
1.169185	0.0166279
1.169768	0.0103245
1.170351	0.0109480
1.170936	0.0070000
1.171521	0.0114060
1.172106	0.0102079
1.172692	0.0149591
1.173279	0.0167544
1.173867	0.0186089
1.174455	0.0156968
1.175045	0.0135161
1.175634	0.0129340
1.176225	0.0070000
1.176816	0.0105365
1.177408	0.0135599
1.178000	0.0138615
1.178594	0.0179166
1.179188	0.0163504
1.179782	0.0148873
1.180378	0.0175725
1.180974	0.0149111
1.181571	0.0121740
1.182168	0.0141599
1.182767	0.0115509
1.183365	0.0145061
1.183965	0.0140278
1.184565	0.0155169
1.185166	0.0142205
1.185768	0.0144668
1.186371	0.0110323
1.186974	0.0097486
1.187578	0.0095064
1.188182	0.0105402
1.188787	0.0112644
1.189393	0.0144142
1.190000	0.0130840
1.190607	0.0134897
1.191215	0.0150268
1.191824	0.0150807
1.192434	0.0125983
1.193044	0.0091893
1.193655	0.0135972
1.194266	0.0079301
1.194878	0.0122283
1.195491	0.0165784
1.196105	0.0121131
1.196719	0.0138471
1.197335	0.0138734
1.197950	0.0131814
1.198567	0.0099478
1.199184	0.0101784
1.199802	0.0088830
1.200420	0.0113579
1.201040	0.0145181
1.201660	0.0131129
1.202280	0.0169381
1.202902	0.0122407
1.203524	0.0136953
1.204147	0.0133070
1.204770	0.0106173
1.205395	0.0106488
1.206019	0.0117092
1.206645	0.0095096
1.207271	0.0141628
1.207898	0.0151075
1.208526	0.0122540
1.209155	0.0164802
1.209784	0.0154587
1.210413	0.0168087
1.211044	0.0137588
1.211675	0.0120943
1.212307	0.0082059
1.212940	0.0126290
1.213573	0.0115108
1.214207	0.0174466
1.214842	0.0136156
1.215477	0.0153130
1.216114	0.0131099
1.216750	0.0150020
1.217388	0.0110209
1.218026	0.0092659
1.218665	0.0133738
1.219305	0.0154585
1.219945	0.0178276
1.220586	0.0132064
1.221228	0.0149706
1.221870	0.0131397
1.222514	0.0139179
1.223158	0.0134161
1.223802	0.0085102
1.224447	0.0097978
1.225093	0.0090242
1.225740	0.0099487
1.226387	0.0132798
1.227036	0.0147758
1.227684	0.0144527
1.228334	0.0120535
1.228984	0.0130612
1.229635	0.0121171
1.230287	0.0079127
1.230939	0.0107987
1.231592	0.0148871
1.232246	0.0124645
1.232900	0.0164736
1.233555	0.0144241
1.234211	0.0129328
1.234867	0.0133849
1.235525	0.0135809
1.236183	0.0139856
1.236841	0.0117451
1.237501	0.0119977
1.238161	0.0121984
1.238821	0.0145193
1.239483	0.0124060
1.240145	0.0161695
1.240808	0.0155125
1.241471	0.0131172
1.242135	0.0132280
1.242800	0.0100422
1.243466	0.0097342
1.244132	0.0120333
1.244799	0.0085192
1.245467	0.0138830
1.246136	0.0132006
1.246805	0.0173356
1.247475	0.0142120
1.248145	0.0123220
1.248817	0.0102315
1.249489	0.0092868
1.250161	0.0108933
1.250835	0.0114206
1.251509	0.0136333
1.252183	0.0178178
1.252859	0.0150814
1.253535	0.0152916
1.254212	0.0123424
1.254890	0.0132781
1.255568	0.0129778
1.256247	0.0106896
1.256927	0.0076501
1.257607	0.0128766
1.258288	0.0114278
1.258970	0.0136691
1.259652	0.0147415
1.260336	0.0156965
1.261020	0.0117222
1.261704	0.0140806
1.262389	0.0116537
1.263075	0.0113312
1.263762	0.0117114
1.264450	0.0088004
1.265138	0.0106991
1.265827	0.0117571
1.266516	0.0138295
1.267206	0.0131844
1.267897	0.0123784
1.268589	0.0129099
1.269281	0.0078371
1.269974	0.0092927
1.270668	0.0093464
1.271363	0.0137347
1.272058	0.0130044
1.272754	0.0125758
1.273450	0.0132631
1.274147	0.0140733
1.274845	0.0121408
1.275544	0.0139549
1.276243	0.0085621
1.276943	0.0074662
1.277644	0.0103210
1.278346	0.0108317
1.279048	0.0128891
1.279751	0.0134763
1.280454	0.0114786
1.281159	0.0126094
1.281864	0.0129392
1.282569	0.0122486
1.283276	0.0099360
1.283983	0.0092669
1.284690	0.0098423
1.285399	0.0101814
1.286108	0.0121592
1.286818	0.0141704
1.287529	0.0145616
1.288240	0.0128181
1.288952	0.0110887
1.289665	0.0114556
1.290378	0.0091803
1.291092	0.0111523
1.291807	0.0140955
1.292523	0.0138850
1.293239	0.0131880
1.293956	0.0148007
1.294673	0.0122540
1.295392	0.0127921
1.296111	0.0095097
1.296830	0.0082544
1.297551	0.0112954
1.298272	0.0113348
1.298994	0.0142852
1.299716	0.0137090
1.300440	0.0148456
1.301164	0.0149817
1.301888	0.0137213
1.302614	0.0109242
1.303340	0.0115131
1.304066	0.0105071
1.304794	0.0096548
1.305522	0.0113664
1.306251	0.0115465
1.306980	0.0143688
1.307711	0.0132630
1.308442	0.0117160
1.309173	0.0121403
1.309906	0.0135978
1.310639	0.0085938
1.311373	0.0108037
1.312107	0.0095021
1.312842	0.0109860
1.313578	0.0118813
1.314315	0.0148815
1.315052	0.0155659
1.315790	0.0128563
1.316529	0.0119286
1.317268	0.0132674
1.318008	0.0109880
1.318749	0.0111100
1.319491	0.0101448
1.320233	0.0122815
1.320976	0.0136089
1.321719	0.0142828
1.322464	0.0135616
1.323209	0.0154550
1.323954	0.0124860
1.324701	0.0129917
1.325448	0.0103604
1.326196	0.0118970
1.326944	0.0102700
1.327694	0.0102996
1.328444	0.0080516
1.329194	0.0122649
1.329946	0.0132945
1.330698	0.0125979
1.331450	0.0110683
1.332204	0.0110364
1.332958	0.0108965
1.333713	0.0081801
1.334468	0.0099977
1.335225	0.0132530
1.335982	0.0126444
1.336739	0.0136550
1.337498	0.0120295
1.338257	0.0103387
1.339016	0.0140081
1.339777	0.0120769
1.340538	0.0106802
1.341300	0.0111265
1.342063	0.0106455
1.342826	0.0137846
1.343590	0.0120834
1.344354	0.0109685
1.345120	0.0140194
1.345886	0.0122769
1.346653	0.0123462
1.347420	0.0126273
1.348188	0.0113138
1.348957	0.0112564
1.349727	0.0108104
1.350497	0.0135529
1.351268	0.0111327
1.352040	0.0138745
1.352812	0.0117258
1.353586	0.0132250
1.354359	0.0126893
1.355134	0.0078488
1.355909	0.0083540
1.356685	0.0117569
1.357462	0.0114135
1.358239	0.0142491
1.359017	0.0118419
1.359796	0.0125966
1.360575	0.0130886
1.361355	0.0124739
1.362136	0.0139722
1.362918	0.0125813
1.363700	0.0077904
1.364483	0.0113587
1.365267	0.0138783
1.366051	0.0102227
1.366836	0.0116777
1.367622	0.0120689
1.368408	0.0099326
1.369195	0.0108265
1.369983	0.0115055
1.370772	0.0082016
1.371561	0.0097098
1.372351	0.0085033
1.373142	0.0133580
1.373933	0.0144333
1.374725	0.0123649
1.375518	0.0141051
1.376312	0.0114231
1.377106	0.0130028
1.377901	0.0107084
1.378696	0.0078779
1.379492	0.0107100
1.380289	0.0120004
1.381087	0.0118213
1.381886	0.0123611
1.382685	0.0142101
1.383485	0.0123622
1.384285	0.0136230
1.385086	0.0120302
1.385888	0.0124829
1.386691	0.0106542
1.387494	0.0110720
1.388298	0.0115158
1.389103	0.0110791
1.389908	0.0135867
1.390714	0.0125257
1.391521	0.0135273
1.392329	0.0126738
1.393137	0.0117783
1.393946	0.0113763
1.394756	0.0089063
1.395566	0.0104676
1.396377	0.0107276
1.397189	0.0132496
1.398001	0.0112361
1.398814	0.0115777
1.399628	0.0122444
1.400443	0.0120077
1.401258	0.0104345
1.402074	0.0118610
1.402891	0.0079550
1.403708	0.0097423
1.404526	0.0125076
1.405345	0.0102260
1.406164	0.0118698
1.406984	0.0106796
1.407805	0.0110713
1.408627	0.0138082
1.409449	0.0122446
1.410272	0.0099780
1.411096	0.0102542
1.411920	0.0114757
1.412745	0.0124780
1.413571	0.0150112
1.414398	0.0134335
1.415225	0.0099289
1.416053	0.0103329
1.416881	0.0120014
1.417711	0.0105721
1.418541	0.0087011
1.419371	0.0113143
1.420203	0.0101055
1.421035	0.0115895
1.421868	0.0105120
1.422701	0.0109997
1.423536	0.0112794
1.424370	0.0110996
1.425206	0.0106077
1.426042	0.0110499
1.426880	0.0094705
1.427717	0.0104283
1.428556	0.0100386
1.429395	0.0132594
1.430235	0.0128212
1.431075	0.0115691
1.431916	0.0120416
1.432758	0.0092300
1.433601	0.0103722
1.434444	0.0085120
1.435288	0.0102535
1.436133	0.0111702
1.436979	0.0100352
1.437825	0.0119082
1.438672	0.0135964
1.439519	0.0122162
1.440368	0.0109548
1.441217	0.0096982
1.442066	0.0109078
1.442917	0.0111520
1.443768	0.0106512
1.444620	0.0123463
1.445472	0.0127254
1.446325	0.0124232
1.447179	0.0112735
1.448034	0.0123138
1.448889	0.0131964
1.449745	0.0112522
1.450602	0.0085731
1.451459	0.0101340
1.452317	0.0124835
1.453176	0.0111703
1.454036	0.0103572
1.454896	0.0115107
1.455757	0.0119781
1.456618	0.0120170
1.457481	0.0116625
1.458344	0.0101001
1.459207	0.0103840
1.460072	0.0097872
1.460937	0.0097681
1.461803	0.0138472
1.462669	0.0118136
1.463537	0.0108584
1.464404	0.0117313
1.465273	0.0114514
1.466142	0.0112969
1.467012	0.0102045
1.467883	0.0087236
1.468755	0.0116245
1.469627	0.0103511
1.470500	0.0104208
1.471373	0.0107971
1.472248	0.0126587
1.473123	0.0117108
1.473998	0.0109827
1.474875	0.0098323
1.475752	0.0098181
1.476629	0.0099002
1.477508	0.0084438
1.478387	0.0089157
1.479267	0.0122383
1.480148	0.0126960
1.481029	0.0119271
1.481911	0.0136122
1.482793	0.0137505
1.483677	0.0117551
1.484561	0.0094905
1.485446	0.0093790
1.486331	0.0108221
1.487217	0.0102326
1.488104	0.0095665
1.488992	0.0123813
1.489880	0.0111455
1.490769	0.0111168
1.491659	0.0118048
1.492549	0.0118100
1.493441	0.0097498
1.494332	0.0122238
1.495225	0.0105367
1.496118	0.0096481
1.497012	0.0116435
1.497907	0.0142357
1.498802	0.0104380
1.499698	0.0105907
1.500595	0.0119656
1.501492	0.0099494
1.502390	0.0106043
1.503289	0.0098754
1.504189	0.0110860
1.505089	0.0106587
1.505990	0.0116812
1.506892	0.0131356
1.507794	0.0138455
1.508697	0.0128780
1.509601	0.0115956
1.510505	0.0103367
1.511410	0.0099540
1.512316	0.0085536
1.513223	0.0116619
1.514130	0.0103252
1.515038	0.0106007
1.515947	0.0122304
1.516856	0.0102447
1.517766	0.0100883
1.518677	0.0107264
1.519589	0.0107856
1.520501	0.0094825
1.521414	0.0078195
1.522327	0.0108670
1.523242	0.0113112
1.524157	0.0122618
1.525072	0.0106821
1.525989	0.0133029
1.526906	0.0100536
1.527824	0.0112428
1.528742	0.0095195
1.529661	0.0122492
1.530581	0.0113674
1.531502	0.0106054
1.532423	0.0117954
1.533345	0.0109827
1.534268	0.0118203
1.535191	0.0118882
1.536116	0.0103001
1.537040	0.0111384
1.537966	0.0116308
1.538892	0.0087304
1.539819	0.0086111
1.540747	0.0113354
1.541675	0.0129398
1.542604	0.0134954
1.543534	0.0126270
1.544464	0.0097563
1.545396	0.0117445
1.546327	0.0103855
1.547260	0.0109499
1.548193	0.0089953
1.549127	0.0108714
1.550062	0.0094215
1.550997	0.0118653
1.551933	0.0115968
1.552870	0.0106299
1.553808	0.0104418
1.554746	0.0107546
1.555685	0.0079345
1.556624	0.0100599
1.557565	0.0094312
1.558505	0.0113498
1.559447	0.0120861
1.560390	0.0117728
1.561333	0.0100385
1.562276	0.0121624
1.563221	0.0106837
1.564166	0.0115695
1.565112	0.0083477
1.566059	0.0109389
1.567006	0.0094446
1.567954	0.0106796
1.568903	0.0115412
1.569852	0.0107039
1.570802	0.0108338
1.571753	0.0108916
1.572705	0.0104568
1.573657	0.0103348
1.574610	0.0104218
1.575563	0.0103532
1.576518	0.0096149
1.577473	0.0111715
1.578429	0.0108758
1.579385	0.0128973
1.580342	0.0112320
1.581300	0.0134729
1.582259	0.0106491
1.583218	0.0105616
1.584178	0.0102389
1.585138	0.0104514
1.586100	0.0095581
1.587062	0.0099810
1.588025	0.0111754
1.588988	0.0118667
1.589952	0.0113292
1.590917	0.0100509
1.591883	0.0109914
1.592849	0.0109348
1.593816	0.0102103
1.594784	0.0103611
1.595752	0.0108683
1.596721	0.0119922
1.597691	0.0110936
1.598661	0.0114645
1.599633	0.0111026
1.600604	0.0115795
1.601577	0.0117853
1.602550	0.0101234
1.603524	0.0100392
1.604499	0.0096747
1.605474	0.0103786
1.606451	0.0104989
1.607427	0.0103531
1.608405	0.0111243
1.609383	0.0112213
1.610362	0.0107514
1.611342	0.0089463
1.612322	0.0099798
1.613303	0.0110719
1.614285	0.0094145
1.615267	0.0103646
1.616250	0.0093524
1.617234	0.0111992
1.618219	0.0115100
1.619204	0.0116813
1.620190	0.0088835
1.621177	0.0103223
1.622164	0.0086624
1.623152	0.0108133
1.624141	0.0105522
1.625130	0.0102030
1.626120	0.0107556
1.627111	0.0109530
1.628103	0.0122411
1.629095	0.0095957
1.630088	0.0100107
1.631082	0.0105864
1.632076	0.0083839
1.633071	0.0090088
1.634067	0.0098648
1.635063	0.0101366
1.636061	0.0118133
1.637058	0.0104189
1.638057	0.0097912
1.639056	0.0111747
1.640056	0.0105298
1.641057	0.0090930
1.642058	0.0103986
1.643061	0.0101953
1.644063	0.0097177
1.645067	0.0097893
1.646071	0.0127349
1.647076	0.0100581
1.648082	0.0112367
1.649088	0.0102853
1.650095	0.0092101
1.651103	0.0101962
1.652111	0.0102607
1.653120	0.0102013
1.654130	0.0108930
1.655141	0.0097981
1.656152	0.0123207
1.657164	0.0120044
1.658176	0.0113528
1.659190	0.0093329
1.660204	0.0083902
1.661218	0.0098193
1.662234	0.0104693
1.663250	0.0112242
1.664267	0.0113213
1.665284	0.0110679
1.666303	0.0113767
1.667322	0.0120573
1.668341	0.0115817
1.669362	0.0106977
1.670383	0.0106140
1.671404	0.0086132
1.672427	0.0102419
1.673450	0.0110118
1.674474	0.0113067
1.675499	0.0106247
1.676524	0.0107995
1.677550	0.0118448
1.678577	0.0120072
1.679604	0.0107049
1.680632	0.0098288
1.681661	0.0097700
1.682690	0.0112270
1.683720	0.0113531
1.684751	0.0112261
1.685783	0.0120624
1.686815	0.0112953
1.687848	0.0115473
1.688882	0.0099750
1.689916	0.0099161
1.690952	0.0104141
1.691987	0.0102979
1.693024	0.0089548
1.694061	0.0093740
1.695099	0.0111151
1.696138	0.0122567
1.697177	0.0110624
1.698217	0.0125724
1.699258	0.0107559
1.700299	0.0096030
1.701341	0.0092990
1.702384	0.0096001
1.703428	0.0095572
1.704472	0.0104070
1.705517	0.0100301
1.706562	0.0101903
1.707609	0.0120262
1.708656	0.0116962
1.709704	0.0103182
1.710752	0.0098190
1.711801	0.0096705
1.712851	0.0105519
1.713902	0.0090349
1.714953	0.0117378
1.716005	0.0115660
1.717058	0.0105808
1.718111	0.0106656
1.719165	0.0093309
1.720220	0.0102837
1.721275	0.0081795
1.722332	0.0106628
1.723388	0.0110408
1.724446	0.0110296
1.725504	0.0103677
1.726563	0.0111301
1.727623	0.0118112
1.728683	0.0101301
1.729744	0.0097902
1.730806	0.0087503
1.731869	0.0088420
1.732932	0.0108895
1.733996	0.0098574
1.735061	0.0121487
1.736126	0.0106473
1.737192	0.0109753
1.738259	0.0116493
1.739326	0.0106067
1.740394	0.0099055
1.741463	0.0098799
1.742532	0.0095577
1.743603	0.0094126
1.744674	0.0099276
1.745745	0.0098073
1.746818	0.0117514
1.747891	0.0090253
1.748964	0.0097352
1.750039	0.0106330
1.751114	0.0099426
1.752190	0.0102861
1.753266	0.0098772
1.754344	0.0093444
1.755422	0.0112410
1.756500	0.0113196
1.757580	0.0105128
1.758660	0.0112996
1.759741	0.0115655
1.760822	0.0107323
1.761904	0.0102602
1.762987	0.0101087
1.764071	0.0099709
1.765155	0.0089367
1.766240	0.0097341
1.767326	0.0091488
1.768412	0.0110217
1.769499	0.0108823
1.770587	0.0110147
1.771675	0.0109411
1.772765	0.0107629
1.773854	0.0100119
1.774945	0.0098101
1.776036	0.0098274
1.777128	0.0097907
1.778221	0.0105472
1.779314	0.0095508
1.780409	0.0112732
1.781503	0.0105900
1.782599	0.0104180
1.783695	0.0109306
1.784792	0.0101618
1.785890	0.0106201
1.786988	0.0109433
1.788087	0.0120612
1.789187	0.0109152
1.790287	0.0113364
1.791388	0.0105290
1.792490	0.0117808
1.793593	0.0107484
1.794696	0.0107646
1.795800	0.0109341
1.796905	0.0096607
1.798010	0.0117047
1.799116	0.0099554
1.800223	0.0100874
1.801330	0.0111675
1.802438	0.0109901
1.803547	0.0091167
1.804657	0.0091703
1.805767	0.0100186
1.806878	0.0088820
1.807990	0.0111856
1.809102	0.0106141
1.810215	0.0104127
1.811329	0.0108027
1.812443	0.0102271
1.813559	0.0106044
1.814674	0.0110341
1.815791	0.0097513
1.816908	0.0094858
1.818026	0.0099184
1.819145	0.0102573
1.820264	0.0110620
1.821385	0.0109466
1.822505	0.0101676
1.823627	0.0115582
1.824749	0.0113727
1.825872	0.0104812
1.826996	0.0105450
1.828120	0.0101189
1.829245	0.0109822
1.830371	0.0104078
1.831497	0.0102189
1.832624	0.0112681
1.833752	0.0107593
1.834881	0.0101453
1.836010	0.0109301
1.837140	0.0104593
1.838270	0.0105575
1.839402	0.0100069
1.840534	0.0106733
1.841667	0.0108290
1.842800	0.0104731
1.843934	0.0108043
1.845069	0.0098765
1.846205	0.0107570
1.847341	0.0108118
1.848478	0.0092530
1.849615	0.0097784
1.850754	0.0095940
1.851893	0.0102010
1.853033	0.0104769
1.854173	0.0115928
1.855314	0.0104836
1.856456	0.0105357
1.857599	0.0099884
1.858742	0.0107105
1.859886	0.0098593
1.861031	0.0109063
1.862176	0.0098191
1.863322	0.0103652
1.864469	0.0105811
1.865616	0.0089795
1.866765	0.0105881
1.867914	0.0118002
1.869063	0.0101071
1.870213	0.0087072
1.871365	0.0105397
1.872516	0.0101176
1.873669	0.0107785
1.874822	0.0118946
1.875976	0.0093601
1.877130	0.0105557
1.878285	0.0107458
1.879441	0.0108938
1.880598	0.0105644
1.881755	0.0101592
1.882913	0.0100450
1.884072	0.0098297
1.885231	0.0105696
1.886392	0.0117268
1.887552	0.0119784
1.888714	0.0108562
1.889876	0.0111499
1.891039	0.0116526
1.892203	0.0108832
1.893367	0.0108076
1.894532	0.0085657
1.895698	0.0102287
1.896864	0.0100018
1.898032	0.0114846
1.899199	0.0104119
1.900368	0.0102608
1.901537	0.0098243
1.902707	0.0115987
1.903878	0.0097953
1.905049	0.0094425
1.906221	0.0102383
1.907394	0.0091078
1.908568	0.0085615
1.909742	0.0107317
1.910917	0.0103142
1.912092	0.0102078
1.913269	0.0111436
1.914446	0.0103326
1.915623	0.0102726
1.916802	0.0091674
1.917981	0.0094741
1.919161	0.0089526
1.920341	0.0101895
1.921522	0.0112149
1.922704	0.0104078
1.923887	0.0118096
1.925070	0.0107973
1.926254	0.0103311
1.927439	0.0096295
1.928624	0.0105125
1.929811	0.0093883
1.930997	0.0105785
1.932185	0.0107121
1.933373	0.0102515
1.934562	0.0117464
1.935752	0.0098311
1.936942	0.0109577
1.938133	0.0107980
1.939325	0.0110626
1.940517	0.0110740
1.941710	0.0101331
1.942904	0.0103431
1.944099	0.0107295
1.945294	0.0107623
1.946490	0.0100529
1.947687	0.0113728
1.948884	0.0107772
1.950082	0.0101616
1.951281	0.0103579
1.952480	0.0092924
1.953681	0.0102342
1.954881	0.0090857
1.956083	0.0110365
1.957285	0.0091191
1.958488	0.0113076
1.959692	0.0104230
1.960896	0.0103422
1.962101	0.0089687
1.963307	0.0096987
1.964514	0.0102711
1.965721	0.0105141
1.966929	0.0104441
1.968137	0.0111100
1.969347	0.0118908
1.970557	0.0096989
1.971768	0.0100888
1.972979	0.0096445
1.974191	0.0095253
1.975404	0.0103846
1.976617	0.0097005
1.977832	0.0111150
1.979047	0.0098287
1.980262	0.0117951
1.981479	0.0109794
1.982696	0.0104581
1.983913	0.0104219
1.985132	0.0099917
1.986351	0.0106567
1.987571	0.0095873
1.988791	0.0110450
1.990012	0.0102526
1.991234	0.0107962
1.992457	0.0105687
1.993680	0.0094732
1.994905	0.0100223
1.996129	0.0106154
1.997355	0.0103554
1.998581	0.0093758
1.999808	0.0096302
2.001035	0.0092296
2.002264	0.0103889
2.003493	0.0109116
2.004722	0.0108138
2.005953	0.0103501
2.007184	0.0117242
2.008416	0.0094703
2.009648	0.0098461
2.010881	0.0102730
2.012115	0.0105078
2.013350	0.0104507
2.014585	0.0090604
2.015821	0.0102525
2.017058	0.0114709
2.018295	0.0100219
2.019533	0.0101198
2.020772	0.0097922
2.022012	0.0105274
2.023252	0.0102940
2.024493	0.0094843
2.025734	0.0097754
2.026977	0.0104356
2.028220	0.0094571
2.029463	0.0090976
2.030708	0.0106130
2.031953	0.0096193
2.033199	0.0100693
2.034445	0.0109840
2.035692	0.0091732
2.036940	0.0107459
2.038189	0.0101293
2.039438	0.0108378
2.040688	0.0110857
2.041939	0.0109784
2.043191	0.0104780
2.044443	0.0104471
2.045696	0.0102238
2.046949	0.0105061
2.048204	0.0095407
2.049458	0.0090316
2.050714	0.0098369
2.051971	0.0094574
2.053228	0.0108759
2.054485	0.0115887
2.055744	0.0109291
2.057003	0.0111311
2.058263	0.0104699
2.059523	0.0104208
2.060785	0.0102348
2.062047	0.0096129
2.063309	0.0117498
2.064573	0.0102902
2.065837	0.0103556
2.067102	0.0100923
2.068367	0.0109907
2.069633	0.0101478
2.070900	0.0115969
2.072168	0.0097702
2.073436	0.0108192
2.074705	0.0112265
2.075975	0.0095953
2.077245	0.0106328
2.078516	0.0118555
2.079788	0.0112997
2.081061	0.0108335
2.082334	0.0094163
2.083608	0.0100396
2.084883	0.0104615
2.086158	0.0101079
2.087434	0.0097978
2.088711	0.0103470
2.089988	0.0104413
2.091266	0.0108443
2.092545	0.0107196
2.093825	0.0103456
2.095105	0.0097129
2.096386	0.0101082
2.097668	0.0088710
2.098950	0.0097035
2.100233	0.0107049
2.101517	0.0098198
2.102801	0.0103033
2.104086	0.0113291
2.105372	0.0096527
2.106659	0.0105995
2.107946	0.0100851
2.109234	0.0099585
2.110523	0.0106750
2.111812	0.0101639
2.113102	0.0091140
2.114393	0.0100406
2.115684	0.0099940
2.116977	0.0107396
2.118270	0.0100886
2.119563	0.0102094
2.120857	0.0092996
2.122152	0.0084321
2.123448	0.0085444
2.124745	0.0099571
2.126042	0.0111009
2.127340	0.0091431
2.128638	0.0105470
2.129937	0.0098245
2.131237	0.0093383
2.132538	0.0111606
2.133839	0.0088007
2.135141	0.0086727
2.136444	0.0102834
2.137747	0.0098637
2.139051	0.0120504
2.140356	0.0106295
2.141662	0.0103043
2.142968	0.0100819
2.144275	0.0089672
2.145583	0.0102807
2.146891	0.0095910
2.148200	0.0085807
2.149510	0.0095994
2.150820	0.0113164
2.152131	0.0107320
2.153443	0.0105770
2.154756	0.0108549
2.156069	0.0106946
2.157383	0.0107940
2.158698	0.0100467
2.160013	0.0096269
2.161329	0.0106636
2.162646	0.0104945
2.163963	0.0090995
2.165282	0.0095384
2.166600	0.0101922
2.167920	0.0117364
2.169240	0.0099002
2.170561	0.0084310
2.171883	0.0098098
2.173205	0.0105075
2.174528	0.0106907
2.175852	0.0096925
2.177177	0.0098978
2.178502	0.0120592
2.179828	0.0103511
2.181154	0.0105298
2.182482	0.0106034
2.183810	0.0100857
2.185139	0.0101720
2.186468	0.0104053
2.187798	0.0111669
2.189129	0.0107753
2.190460	0.0104003
2.191793	0.0092086
2.193126	0.0108545
2.194459	0.0099675
2.195794	0.0095238
2.197129	0.0091186
2.198464	0.0094804
2.199801	0.0096764
2.201138	0.0105439
2.202476	0.0093372
2.203814	0.0096744
2.205154	0.0103335
2.206494	0.0095911
2.207834	0.0107221
2.209176	0.0111568
2.210518	0.0094109
2.211860	0.0095294
2.213204	0.0101189
2.214548	0.0079060
2.215893	0.0096934
2.217238	0.0113227
2.218585	0.0098292
2.219932	0.0080498
2.221279	0.0099319
2.222628	0.0105226
2.223977	0.0095427
2.225327	0.0097903
2.226677	0.0098315
2.228028	0.0099701
2.229380	0.0093764
2.230733	0.0106358
2.232086	0.0104983
2.233440	0.0094948
2.234795	0.0102279
2.236150	0.0096653
2.237506	0.0095170
2.238863	0.0089500
2.240221	0.0105098
2.241579	0.0094324
2.242938	0.0109150
2.244297	0.0084022
2.245658	0.0114948
2.247019	0.0103981
2.248381	0.0097569
2.249743	0.0105363
2.251106	0.0101490
2.252470	0.0091306
2.253834	0.0096996
2.255200	0.0108834
2.256566	0.0108542
2.257932	0.0093544
2.259300	0.0108664
2.260668	0.0106919
2.262036	0.0095018
2.263406	0.0093351
2.264776	0.0106186
2.266147	0.0101126
2.267518	0.0098245
2.268891	0.0104137
2.270264	0.0103901
2.271637	0.0094082
2.273012	0.0098740
2.274387	0.0098183
2.275763	0.0109371
2.277139	0.0094020
2.278516	0.0098852
2.279894	0.0084407
2.281273	0.0091155
2.282652	0.0095130
2.284032	0.0107956
2.285413	0.0097876
2.286794	0.0095999
2.288176	0.0097065
2.289559	0.0105650
2.290942	0.0089287
2.292327	0.0106007
2.293712	0.0104487
2.295097	0.0096578
2.296484	0.0097575
2.297871	0.0099560
2.299258	0.0096216
2.300647	0.0102071
2.302036	0.0098303
2.303426	0.0102067
2.304816	0.0096919
2.306207	0.0100691
2.307599	0.0093226
2.308992	0.0099924
2.310385	0.0108197
2.311779	0.0098173
2.313174	0.0101277
2.314570	0.0108940
2.315966	0.0103993
2.317363	0.0098066
2.318760	0.0097215
2.320158	0.0092457
2.321557	0.0094341
2.322957	0.0112672
2.324357	0.0091698
2.325758	0.0101737
2.327160	0.0106820
2.328563	0.0109259
2.329966	0.0107587
2.331370	0.0094569
2.332774	0.0087995
2.334179	0.0094719
2.335585	0.0098890
2.336992	0.0108663
2.338400	0.0105954
2.339808	0.0092859
2.341216	0.0116709
2.342626	0.0097746
2.344036	0.0095036
2.345447	0.0095055
2.346859	0.0091032
2.348271	0.0104101
2.349684	0.0093097
2.351098	0.0100589
2.352512	0.0097675
2.353927	0.0106909
2.355343	0.0093838
2.356759	0.0106656
2.358177	0.0103666
2.359595	0.0100117
2.361013	0.0095852
2.362433	0.0102245
2.363853	0.0096374
2.365273	0.0098603
2.366695	0.0105092
2.368117	0.0100119
2.369540	0.0107328
2.370963	0.0094256
2.372387	0.0094527
2.373812	0.0097228
2.375238	0.0096820
2.376664	0.0090240
2.378091	0.0094317
2.379519	0.0096098
2.380948	0.0094329
2.382377	0.0098448
2.383807	0.0093965
2.385237	0.0103157
2.386669	0.0101113
2.388100	0.0102499
2.389533	0.0101772
2.390967	0.0096584
2.392401	0.0100605
2.393835	0.0107185
2.395271	0.0096859
2.396707	0.0104575
2.398144	0.0100167
2.399582	0.0096835
2.401020	0.0090856
2.402459	0.0097401
2.403899	0.0085707
2.405339	0.0105057
2.406780	0.0100636
2.408222	0.0091635
2.409664	0.0098565
2.411108	0.0093118
2.412551	0.0100545
2.413996	0.0093325
2.415441	0.0095121
2.416887	0.0099173
2.418334	0.0095306
2.419782	0.0100639
2.421230	0.0097899
2.422678	0.0101816
2.424128	0.0102722
2.425578	0.0102262
2.427029	0.0101508
2.428481	0.0091903
2.429933	0.0093048
2.431386	0.0097376
2.432840	0.0097619
2.434294	0.0093103
2.435750	0.0098629
2.437205	0.0103316
2.438662	0.0101499
2.440119	0.0096634
2.441577	0.0094862
2.443036	0.0094719
2.444495	0.0095596
2.445955	0.0097450
2.447416	0.0098532
2.448877	0.0094635
2.450340	0.0096899
2.451803	0.0095831
2.453266	0.0084405
2.454730	0.0104501
2.456195	0.0099801
2.457661	0.0099416
2.459127	0.0100149
2.460595	0.0093693
2.462062	0.0103456
2.463531	0.0105533
2.465000	0.0099886
2.466470	0.0105081
2.467940	0.0108061
2.469412	0.0104867
2.470884	0.0102271
2.472356	0.0101001
2.473830	0.0102633
2.475304	0.0112860
2.476779	0.0095491
2.478254	0.0114527
2.479731	0.0109840
2.481207	0.0106958
2.482685	0.0107881
2.484163	0.0095414
2.485642	0.0104475
2.487122	0.0094264
2.488603	0.0093715
2.490084	0.0101035
2.491566	0.0098321
2.493048	0.0119804
2.494531	0.0102650
2.496015	0.0094463
2.497500	0.0093445
2.498985	0.0095453
2.500471	0.0102540
2.501958	0.0106049
2.503446	0.0107092
2.504934	0.0095182
2.506423	0.0098112
2.507912	0.0102669
2.509402	0.0093407
2.510893	0.0100817
2.512385	0.0106855
2.513877	0.0099697
2.515371	0.0100195
2.516864	0.0095749
2.518359	0.0091064
2.519854	0.0094278
2.521350	0.0094004
2.522846	0.0110456
2.524344	0.0090154
2.525842	0.0099606
2.527340	0.0101273
2.528840	0.0097245
2.530340	0.0096392
2.531841	0.0095952
2.533342	0.0095961
2.534844	0.0095352
2.536347	0.0104059
2.537851	0.0105800
2.539355	0.0101434
2.540860	0.0109576
2.542366	0.0112047
2.543873	0.0092224
2.545380	0.0102029
2.546887	0.0097247
2.548396	0.0099007
2.549905	0.0095747
2.551415	0.0103195
2.552926	0.0101174
2.554437	0.0096450
2.555949	0.0095322
2.557462	0.0102846
2.558975	0.0097162
2.560490	0.0099830
2.562004	0.0098558
2.563520	0.0104377
2.565036	0.0091868
2.566553	0.0094740
2.568071	0.0107457
2.569589	0.0113858
2.571108	0.0085743
2.572628	0.0094901
2.574148	0.0103511
2.575670	0.0097425
2.577192	0.0107580
2.578714	0.0095567
2.580237	0.0099238
2.581761	0.0104088
2.583286	0.0103438
2.584811	0.0108509
2.586338	0.0104849
2.587864	0.0098489
2.589392	0.0102446
2.590920	0.0099393
2.592449	0.0099647
2.593979	0.0093418
2.595509	0.0109051
2.597040	0.0097725
2.598572	0.0097997
2.600104	0.0098588
2.601637	0.0105320
2.603171	0.0101701
2.604705	0.0105241
2.606241	0.0100425
2.607777	0.0100609
2.609313	0.0091006
2.610851	0.0104954
2.612389	0.0100002
2.613927	0.0091607
2.615467	0.0099185
2.617007	0.0100219
2.618548	0.0106053
2.620089	0.0104640
2.621631	0.0107808
2.623174	0.0100475
2.624718	0.0097070
2.626262	0.0107554
2.627807	0.0090886
2.629353	0.0098578
2.630900	0.0101153
2.632447	0.0092350
2.633995	0.0101592
2.635543	0.0100686
2.637093	0.0096980
2.638643	0.0092841
2.640193	0.0093526
2.641745	0.0103328
2.643297	0.0110979
2.644849	0.0110255
2.646403	0.0097645
2.647957	0.0100058
2.649512	0.0094593
2.651068	0.0100194
2.652624	0.0098859
2.654181	0.0092580
2.655739	0.0100181
2.657297	0.0094464
2.658856	0.0109698
2.660416	0.0110818
2.661976	0.0086613
2.663538	0.0099582
2.665100	0.0103032
2.666662	0.0095037
2.668225	0.0103774
2.669789	0.0098747
2.671354	0.0096686
2.672920	0.0107363
2.674486	0.0098927
2.676053	0.0093913
2.677620	0.0100949
2.679188	0.0098619
2.680757	0.0105831
2.682327	0.0103198
2.683897	0.0107178
2.685468	0.0098945
2.687040	0.0090127
2.688613	0.0097810
2.690186	0.0095697
2.691760	0.0088504
2.693334	0.0097247
2.694909	0.0104562
2.696485	0.0088331
2.698062	0.0090476
2.699639	0.0101789
2.701217	0.0118770
2.702796	0.0105894
2.704376	0.0087637
2.705956	0.0101820
2.707537	0.0097298
2.709118	0.0096331
2.710701	0.0100384
2.712284	0.0096857
2.713867	0.0094608
2.715452	0.0096230
2.717037	0.0108758
2.718622	0.0097514
2.720209	0.0098927
2.721796	0.0109848
2.723384	0.0097675
2.724973	0.0107545
2.726562	0.0106962
2.728152	0.0110641
2.729743	0.0105378
2.731334	0.0099029
2.732926	0.0096362
2.734519	0.0087878
2.736113	0.0111264
2.737707	0.0105363
2.739302	0.0093270
2.740897	0.0085323
2.742494	0.0101864
2.744091	0.0096040
2.745688	0.0096864
2.747287	0.0096182
2.748886	0.0095149
2.750486	0.0091326
2.752086	0.0083491
2.753688	0.0117101
2.755290	0.0101811
2.756892	0.0100577
2.758496	0.0088446
2.760100	0.0103702
2.761704	0.0096291
2.763310	0.0094388
2.764916	0.0098327
2.766523	0.0098724
2.768131	0.0103934
2.769739	0.0092365
2.771348	0.0090102
2.772957	0.0097310
2.774568	0.0098774
2.776179	0.0101158
2.777791	0.0105469
2.779403	0.0094600
2.781016	0.0100738
2.782630	0.0106742
2.784245	0.0095050
2.785860	0.0103497
2.787476	0.0109809
2.789093	0.0102992
2.790710	0.0099225
2.792328	0.0106833
2.793947	0.0105222
2.795567	0.0096381
2.797187	0.0114177
2.798808	0.0109412
2.800429	0.0085652
2.802052	0.0097466
2.803675	0.0092466
2.805298	0.0093349
2.806923	0.0094853
2.808548	0.0108802
2.810174	0.0085422
2.811800	0.0102685
2.813428	0.0090967
2.815056	0.0111322
2.816684	0.0093242
2.818314	0.0095185
2.819944	0.0098106
2.821574	0.0098312
2.823206	0.0088005
2.824838	0.0090936
2.826471	0.0099928
2.828104	0.0098330
2.829739	0.0105118
2.831374	0.0107056
2.833009	0.0102233
2.834646	0.0098424
2.836283	0.0098795
2.837920	0.0105223
2.839559	0.0102427
2.841198	0.0096037
2.842838	0.0104156
2.844479	0.0092254
2.846120	0.0095150
2.847762	0.0107372
2.849405	0.0097852
2.851048	0.0096614
2.852692	0.0106064
2.854337	0.0088046
2.855982	0.0087988
2.857628	0.0097317
2.859275	0.0113771
2.860923	0.0090761
2.862571	0.0107860
2.864220	0.0099147
2.865870	0.0094502
2.867520	0.0105257
2.869172	0.0104123
2.870823	0.0103548
2.872476	0.0104703
2.874129	0.0113256
2.875783	0.0089840
2.877438	0.0100074
2.879093	0.0099928
2.880749	0.0094970
2.882406	0.0096725
2.884063	0.0097628
2.885721	0.0091953
2.887380	0.0093779
2.889040	0.0103129
2.890700	0.0096415
2.892361	0.0106773
2.894023	0.0098184
2.895685	0.0100570
2.897348	0.0103175
2.899012	0.0103569
2.900676	0.0099721
2.902341	0.0095748
2.904007	0.0101310
2.905674	0.0105205
2.907341	0.0095808
2.909009	0.0103282
2.910678	0.0098611
2.912347	0.0091723
2.914017	0.0092482
2.915688	0.0099979
2.917360	0.0102001
2.919032	0.0102621
2.920705	0.0104471
2.922378	0.0115382
2.924052	0.0102005
2.925727	0.0102281
2.927403	0.0101097
2.929080	0.0095450
2.930757	0.0091749
2.932434	0.0095184
2.934113	0.0097367
2.935792	0.0091902
2.937472	0.0101872
2.939153	0.0099304
2.940834	0.0098573
2.942516	0.0094575
2.944199	0.0101501
2.945882	0.0103817
2.947566	0.0096409
2.949251	0.0099244
2.950937	0.0098083
2.952623	0.0092145
2.954310	0.0097127
2.955998	0.0096727
2.957686	0.0105913
2.959375	0.0106819
2.961065	0.0103939
2.962755	0.0102969
2.964446	0.0103074
2.966138	0.0097417
2.967831	0.0100475
2.969524	0.0094586
2.971218	0.0092592
2.972913	0.0104080
2.974608	0.0096083
2.976304	0.0104092
2.978001	0.0086644
2.979698	0.0103466
2.981396	0.0089429
2.983095	0.0100115
2.984795	0.0099980
2.986495	0.0102388
2.988196	0.0101697
2.989898	0.0109609
2.991600	0.0093410
2.993303	0.0098808
2.995007	0.0094686
2.996712	0.0102351
2.998417	0.0109142
3.000123	0.0097916
3.001829	0.0093786
3.003537	0.0097895
3.005245	0.0102808
3.006953	0.0106355
3.008663	0.0108127
3.010373	0.0102792
3.012084	0.0101514
3.013795	0.0083900
3.015508	0.0097721
3.017220	0.0103707
3.018934	0.0104683
3.020648	0.0095191
3.022364	0.0096355
3.024079	0.0120157
3.025796	0.0119367
3.027513	0.0106892
3.029231	0.0105928
3.030949	0.0105365
3.032668	0.0100156
3.034388	0.0103783
3.036109	0.0097137
3.037830	0.0098964
3.039552	0.0099908
3.041275	0.0093177
3.042999	0.0096642
3.044723	0.0094922
3.046448	0.0104586
3.048173	0.0093164
3.049900	0.0100522
3.051627	0.0114647
3.053354	0.0101964
3.055083	0.0099950
3.056812	0.0093166
3.058542	0.0094638
3.060272	0.0096034
3.062003	0.0104869
3.063735	0.0101072
3.065468	0.0098675
3.067201	0.0103894
3.068935	0.0093505
3.070670	0.0096919
3.072405	0.0092386
3.074141	0.0106635
3.075878	0.0102814
3.077616	0.0092133
3.079354	0.0103081
3.081093	0.0087144
3.082832	0.0100845
3.084573	0.0105547
3.086314	0.0095016
3.088055	0.0103189
3.089798	0.0099962
3.091541	0.0108000
3.093285	0.0085604
3.095029	0.0099485
3.096775	0.0103542
3.098520	0.0103852
3.100267	0.0099159
3.102014	0.0110249
3.103763	0.0084745
3.105511	0.0104467
3.107261	0.0081193
3.109011	0.0101903
3.110762	0.0112217
3.112513	0.0096906
3.114266	0.0093255
3.116019	0.0094324
3.117772	0.0092574
3.119527	0.0111071
3.121282	0.0090005
3.123037	0.0110905
3.124794	0.0097791
3.126551	0.0110256
3.128309	0.0104832
3.130068	0.0105286
3.131827	0.0088642
3.133587	0.0090697
3.135347	0.0104117
3.137109	0.0098252
3.138871	0.0094129
3.140634	0.0102004
3.142397	0.0107729
3.144161	0.0107288
3.145926	0.0106683
3.147692	0.0100502
3.149458	0.0097047
3.151225	0.0106198
3.152993	0.0097311
3.154761	0.0098130
3.156531	0.0096515
3.158300	0.0095799
3.160071	0.0113569
3.161842	0.0100356
3.163614	0.0098714
3.165387	0.0100476
3.167160	0.0090125
3.168934	0.0097048
3.170709	0.0085437
3.172484	0.0104228
3.174260	0.0107686
3.176037	0.0101525
3.177815	0.0100368
3.179593	0.0090766
3.181372	0.0098264
3.183152	0.0091591
3.184932	0.0094617
3.186713	0.0107891
3.188495	0.0103660
3.190277	0.0102857
3.192060	0.0097456
3.193844	0.0109246
3.195629	0.0104317
3.197414	0.0097650
3.199200	0.0093887
3.200987	0.0099095
3.202774	0.0089985
3.204562	0.0100059
3.206351	0.0087277
3.208141	0.0085311
3.209931	0.0100900
3.211722	0.0083317
3.213513	0.0092958
3.215306	0.0089171
3.217099	0.0091433
3.218892	0.0091257
3.220687	0.0104323
3.222482	0.0097372
3.224278	0.0099993
3.226074	0.0089673
3.227871	0.0102695
3.229669	0.0095973
3.231468	0.0081924
3.233267	0.0100162
3.235067	0.0090120
3.236868	0.0107839
3.238669	0.0096857
3.240472	0.0096216
3.242274	0.0093548
3.244078	0.0101724
3.245882	0.0094462
3.247687	0.0110800
3.249493	0.0108763
3.251299	0.0121333
3.253106	0.0097191
3.254914	0.0106554
3.256722	0.0103611
3.258532	0.0106844
3.260341	0.0093582
3.262152	0.0105494
3.263963	0.0091283
3.265775	0.0101661
3.267588	0.0096651
3.269401	0.0096664
3.271215	0.0106828
3.273030	0.0090742
3.274846	0.0102627
3.276662	0.0107314
3.278479	0.0109643
3.280296	0.0093071
3.282115	0.0099864
3.283933	0.0095979
3.285753	0.0100002
3.287574	0.0100138
3.289395	0.0104928
3.291216	0.0090070
3.293039	0.0091983
3.294862	0.0097074
3.296686	0.0094798
3.298511	0.0101186
3.300336	0.0102537
3.302162	0.0109357
3.303989	0.0101542
3.305816	0.0096741
3.307644	0.0105099
3.309473	0.0100150
3.311303	0.0099652
3.313133	0.0097150
3.314964	0.0093931
3.316795	0.0098540
3.318628	0.0098314
3.320461	0.0090252
3.322295	0.0096279
3.324129	0.0094924
3.325964	0.0101231
3.327800	0.0103386
3.329637	0.0110103
3.331474	0.0103737
3.333312	0.0095252
3.335150	0.0112207
3.336990	0.0091206
3.338830	0.0097108
3.340671	0.0111118
3.342512	0.0105217
3.344354	0.0095799
3.346197	0.0109169
3.348041	0.0092166
3.349885	0.0088264
3.351730	0.0093498
3.353576	0.0102613
3.355422	0.0104071
3.357269	0.0098714
3.359117	0.0097075
3.360965	0.0081825
3.362815	0.0104510
3.364664	0.0100453
3.366515	0.0104130
3.368366	0.0098415
3.370218	0.0096617
3.372071	0.0097336
3.373925	0.0107942
3.375779	0.0105786
3.377633	0.0099231
3.379489	0.0093012
3.381345	0.0089645
3.383202	0.0102583
3.385060	0.0095521
3.386918	0.0087257
3.388777	0.0102047
3.390637	0.0096344
3.392497	0.0096786
3.394358	0.0090376
3.396220	0.0093804
3.398083	0.0097934
3.399946	0.0099161
3.401810	0.0099315
3.403675	0.0095564
3.405540	0.0101665
3.407406	0.0092776
3.409273	0.0093500
3.411140	0.0104586
3.413008	0.0096804
3.414877	0.0103919
3.416747	0.0104403
3.418617	0.0083106
3.420488	0.0099378
3.422360	0.0099938
3.424232	0.0094364
3.426105	0.0104745
3.427979	0.0098859
3.429853	0.0093571
3.431729	0.0093904
3.433604	0.0100698
3.435481	0.0092924
3.437358	0.0108869
3.439236	0.0103280
3.441115	0.0109542
3.442994	0.0095341
3.444875	0.0105152
3.446755	0.0101436
3.448637	0.0109983
3.450519	0.0102684
3.452402	0.0111694
3.454286	0.0096631
3.456170	0.0102560
3.458055	0.0087356
3.459941	0.0112486
3.461827	0.0100160
3.463714	0.0090917
3.465602	0.0099745
3.467491	0.0098682
3.469380	0.0104346
3.471270	0.0103320
3.473160	0.0099718
3.475052	0.0106368
3.476944	0.0105375
3.478836	0.0091333
3.480730	0.0101550
3.482624	0.0110173
3.484519	0.0108349
3.486414	0.0096684
3.488311	0.0104964
3.490208	0.0095116
3.492105	0.0107499
3.494004	0.0100148
3.495903	0.0092193
3.497802	0.0104500
3.499703	0.0106196
3.501604	0.0101160
3.503506	0.0099077
3.505409	0.0106621
3.507312	0.0097432
3.509216	0.0100049
3.511121	0.0099144
3.513026	0.0096254
3.514932	0.0102041
3.516839	0.0105925
3.518746	0.0108153
3.520654	0.0092059
3.522563	0.0103784
3.524473	0.0095802
3.526383	0.0100493
3.528294	0.0094688
3.530206	0.0104391
3.532118	0.0100402
3.534032	0.0095570
3.535945	0.0096770
3.537860	0.0094516
3.539775	0.0088106
3.541691	0.0099106
3.543608	0.0096617
3.545525	0.0091954
3.547443	0.0087699
3.549362	0.0097760
3.551281	0.0105526
3.553201	0.0098246
3.555122	0.0101705
3.557044	0.0096919
3.558966	0.0100871
3.560889	0.0109705
3.562812	0.0106422
3.564737	0.0089108
3.566662	0.0091704
3.568588	0.0102681
3.570514	0.0108201
3.572441	0.0093701
3.574369	0.0094434
3.576298	0.0102966
3.578227	0.0104618
3.580157	0.0104653
3.582088	0.0101560
3.584019	0.0106749
3.585951	0.0095577
3.587884	0.0104006
3.589817	0.0093380
3.591752	0.0098835
3.593686	0.0095402
3.595622	0.0107340
3.597558	0.0092946
3.599495	0.0106478
3.601433	0.0098580
3.603371	0.0107313
3.605310	0.0097453
3.607250	0.0102164
3.609191	0.0101589
3.611132	0.0111488
3.613074	0.0100323
3.615017	0.0102756
3.616960	0.0096653
3.618904	0.0115819
3.620849	0.0104650
3.622794	0.0098891
3.624740	0.0094655
3.626687	0.0097950
3.628634	0.0104941
3.630583	0.0097132
3.632532	0.0108203
3.634481	0.0092907
3.636432	0.0105430
3.638383	0.0081344
3.640334	0.0104497
3.642287	0.0106249
3.644240	0.0085560
3.646194	0.0105712
3.648148	0.0093378
3.650104	0.0105426
3.652060	0.0104043
3.654016	0.0097071
3.655974	0.0105443
3.657932	0.0102337
3.659891	0.0096598
3.661850	0.0111746
3.663810	0.0106451
3.665771	0.0123502
3.667733	0.0104008
3.669695	0.0098806
3.671658	0.0105136
3.673622	0.0095187
3.675586	0.0099430
3.677551	0.0099339
3.679517	0.0095492
3.681483	0.0095775
3.683451	0.0097587
3.685418	0.0110007
3.687387	0.0094953
3.689356	0.0109281
3.691326	0.0099610
3.693297	0.0116476
3.695268	0.0101880
3.697241	0.0108213
3.699213	0.0102231
3.701187	0.0107497
3.703161	0.0087550
3.705136	0.0106372
3.707112	0.0113870
3.709088	0.0100125
3.711065	0.0090704
3.713043	0.0114191
3.715021	0.0103034
3.717000	0.0094351
3.718980	0.0092538
3.720961	0.0109270
3.722942	0.0104091
3.724924	0.0095931
3.726907	0.0092728
3.728890	0.0109252
3.730874	0.0104958
3.732859	0.0098692
3.734844	0.0106395
3.736830	0.0093068
3.738817	0.0106542
3.740805	0.0099650
3.742793	0.0090565
3.744782	0.0102966
3.746772	0.0102945
3.748762	0.0093916
3.750753	0.0099733
3.752745	0.0095912
3.754737	0.0090268
3.756731	0.0107901
3.758725	0.0095481
3.760719	0.0088916
3.762714	0.0105318
3.764710	0.0101235
3.766707	0.0100004
3.768704	0.0106184
3.770703	0.0098324
3.772701	0.0101017
3.774701	0.0106971
3.776701	0.0093465
3.778702	0.0105353
3.780704	0.0091990
3.782706	0.0099427
3.784709	0.0086769
3.786713	0.0106025
3.788717	0.0107373
3.790722	0.0107776
3.792728	0.0099116
3.794735	0.0088624
3.796742	0.0083297
3.798750	0.0109827
3.800758	0.0105207
3.802768	0.0095970
3.804778	0.0096796
3.806789	0.0101554
3.808800	0.0090402
3.810812	0.0101692
3.812825	0.0100154
3.814839	0.0105148
3.816853	0.0100548
3.818868	0.0105133
3.820883	0.0103539
3.822900	0.0100679
3.824917	0.0105301
3.826935	0.0105329
3.828953	0.0101344
3.830972	0.0093233
3.832992	0.0107179
3.835013	0.0104845
3.837034	0.0102797
3.839056	0.0098489
3.841079	0.0098444
3.843102	0.0104363
3.845126	0.0111706
3.847151	0.0103761
3.849176	0.0117599
3.851203	0.0105242
3.853230	0.0101269
3.855257	0.0110186
3.857285	0.0112029
3.859314	0.0098544
3.861344	0.0095561
3.863375	0.0084112
3.865406	0.0097498
3.867438	0.0099251
3.869470	0.0109560
3.871503	0.0099067
3.873537	0.0086287
3.875572	0.0099338
3.877607	0.0101315
3.879643	0.0102451
3.881680	0.0111010
3.883717	0.0104406
3.885756	0.0106482
3.887794	0.0102863
3.889834	0.0104276
3.891874	0.0097423
3.893915	0.0099530
3.895957	0.0099019
3.897999	0.0086356
3.900042	0.0104487
3.902086	0.0095604
3.904130	0.0104561
3.906176	0.0104701
3.908221	0.0103309
3.910268	0.0103007
3.912315	0.0103089
3.914363	0.0103569
3.916412	0.0096013
3.918461	0.0100953
3.920511	0.0103956
3.922562	0.0104862
3.924614	0.0111595
3.926666	0.0101689
3.928719	0.0097382
3.930772	0.0095322
3.932827	0.0100247
3.934882	0.0107092
3.936937	0.0103458
3.938994	0.0095300
3.941051	0.0094198
3.943109	0.0101116
3.945167	0.0100852
3.947226	0.0094866
3.949286	0.0099775
3.951347	0.0091984
3.953408	0.0097540
3.955470	0.0097475
3.957533	0.0104427
3.959596	0.0088716
3.961661	0.0108673
3.963725	0.0099924
3.965791	0.0101249
3.967857	0.0099654
3.969924	0.0107048
3.971992	0.0112928
3.974060	0.0093229
3.976129	0.0109955
3.978199	0.0103577
3.980269	0.0102489
3.982340	0.0093779
3.984412	0.0106113
3.986485	0.0097707
3.988558	0.0092637
3.990632	0.0091262
3.992707	0.0102241
3.994782	0.0093581
3.996858	0.0106228
3.998935	0.0106317
4.001012	0.0099806
4.003091	0.0101795
4.005169	0.0100816
4.007249	0.0087355
4.009329	0.0095344
4.011410	0.0113831
4.013492	0.0110535
4.015574	0.0097298
4.017657	0.0092859
4.019741	0.0098988
4.021826	0.0093331
4.023911	0.0090742
4.025997	0.0106404
4.028083	0.0109585
4.030171	0.0106835
4.032259	0.0094666
4.034348	0.0085251
4.036437	0.0099941
4.038527	0.0102781
4.040618	0.0108640
4.042709	0.0112591
4.044802	0.0097578
4.046895	0.0104560
4.048988	0.0095957
4.051083	0.0096865
4.053178	0.0094744
4.055273	0.0105465
4.057370	0.0092218
4.059467	0.0094750
4.061565	0.0105560
4.063663	0.0097888
4.065762	0.0096226
4.067862	0.0105079
4.069963	0.0102699
4.072064	0.0106888
4.074167	0.0090696
4.076269	0.0089829
4.078373	0.0101368
4.080477	0.0092767
4.082582	0.0097047
4.084687	0.0102674
4.086794	0.0098211
4.088901	0.0095599
4.091008	0.0105839
4.093117	0.0096970
4.095226	0.0101656
4.097336	0.0101342
4.099446	0.0092969
4.101557	0.0103969
4.103669	0.0097730
4.105782	0.0101394
4.107895	0.0109192
4.110009	0.0098649
4.112124	0.0105623
4.114239	0.0099904
4.116355	0.0098575
4.118472	0.0100785
4.120590	0.0092686
4.122708	0.0097626
4.124827	0.0092666
4.126946	0.0080354
4.129067	0.0091064
4.131188	0.0098130
4.133309	0.0094374
4.135432	0.0096715
4.137555	0.0094082
4.139679	0.0100375
4.141803	0.0098818
4.143928	0.0100593
4.146054	0.0102189
4.148181	0.0101361
4.150308	0.0107474
4.152436	0.0097588
4.154565	0.0100815
4.156695	0.0101183
4.158825	0.0101525
4.160956	0.0096315
4.163087	0.0100199
4.165220	0.0110808
4.167352	0.0093652
4.169486	0.0096837
4.171621	0.0108592
4.173756	0.0105784
4.175891	0.0107305
4.178028	0.0100226
4.180165	0.0108324
4.182303	0.0099652
4.184441	0.0099547
4.186581	0.0099779
4.188721	0.0093388
4.190861	0.0110229
4.193003	0.0108803
4.195145	0.0100111
4.197288	0.0102408
4.199431	0.0099969
4.201575	0.0095615
4.203720	0.0095251
4.205866	0.0096276
4.208012	0.0097461
4.210159	0.0097737
4.212307	0.0102568
4.214455	0.0107810
4.216604	0.0103289
4.218754	0.0097161
4.220905	0.0095578
4.223056	0.0098623
4.225208	0.0105790
4.227361	0.0099990
4.229514	0.0101911
4.231668	0.0097708
4.233823	0.0107559
4.235978	0.0105075
4.238134	0.0100401
4.240291	0.0101713
4.242449	0.0113204
4.244607	0.0086710
4.246766	0.0105659
4.248926	0.0100886
4.251086	0.0100556
4.253247	0.0102049
4.255409	0.0101503
4.257571	0.0100812
4.259734	0.0107308
4.261898	0.0092797
4.264063	0.0098997
4.266228	0.0099291
4.268394	0.0104808
4.270561	0.0105315
4.272728	0.0108839
4.274896	0.0094005
4.277065	0.0103720
4.279235	0.0109181
4.281405	0.0107654
4.283576	0.0102920
4.285747	0.0105488
4.287919	0.0102634
4.290092	0.0095727
4.292266	0.0104575
4.294441	0.0103117
4.296616	0.0102684
4.298792	0.0101095
4.300968	0.0097185
4.303145	0.0095970
4.305323	0.0108927
4.307502	0.0101349
4.309681	0.0098134
4.311861	0.0100768
4.314042	0.0102067
4.316223	0.0104766
4.318405	0.0095130
4.320588	0.0108610
4.322772	0.0101899
4.324956	0.0105205
4.327141	0.0097307
4.329327	0.0102925
4.331513	0.0097237
4.333700	0.0102586
4.335888	0.0114581
4.338076	0.0112007
4.340265	0.0095132
4.342455	0.0102519
4.344646	0.0100659
4.346837	0.0096805
4.349029	0.0091127
4.351222	0.0098213
4.353415	0.0094061
4.355609	0.0100150
4.357804	0.0104808
4.359999	0.0098162
4.362196	0.0109432
4.364392	0.0097974
4.366590	0.0102914
4.368788	0.0108489
4.370987	0.0103097
4.373187	0.0095643
4.375387	0.0099802
4.377588	0.0102992
4.379790	0.0105450
4.381993	0.0103024
4.384196	0.0090955
4.386400	0.0108870
4.388605	0.0104010
4.390810	0.0089370
4.393016	0.0103277
4.395223	0.0103908
4.397430	0.0101372
4.399638	0.0099940
4.401847	0.0096222
4.404056	0.0095297
4.406267	0.0110223
4.408478	0.0117119
4.410689	0.0111255
4.412902	0.0098387
4.415115	0.0096495
4.417328	0.0102914
4.419543	0.0101164
4.421758	0.0118164
4.423974	0.0103787
4.426190	0.0091211
4.428408	0.0111067
4.430626	0.0104958
4.432844	0.0098771
4.435064	0.0097746
4.437284	0.0107531
4.439504	0.0091185
4.441726	0.0109552
4.443948	0.0105542
4.446171	0.0097011
4.448394	0.0100638
4.450619	0.0099528
4.452844	0.0094828
4.455069	0.0110906
4.457296	0.0088415
4.459523	0.0093351
4.461751	0.0087857
4.463979	0.0087395
4.466208	0.0105265
4.468438	0.0102217
4.470669	0.0095625
4.472900	0.0097120
4.475132	0.0105501
4.477365	0.0089824
4.479598	0.0094376
4.481832	0.0097566
4.484067	0.0106117
4.486303	0.0110774
4.488539	0.0103671
4.490776	0.0101351
4.493013	0.0106929
4.495252	0.0093960
4.497491	0.0092674
4.499731	0.0102124
4.501971	0.0106720
4.504212	0.0090987
4.506454	0.0104876
4.508696	0.0104503
4.510940	0.0110334
4.513184	0.0095030
4.515428	0.0100442
4.517674	0.0105533
4.519920	0.0100465
4.522166	0.0109574
4.524414	0.0105250
4.526662	0.0098121
4.528911	0.0112056
4.531160	0.0109075
4.533411	0.0105655
4.535662	0.0103474
4.537913	0.0092756
4.540166	0.0097005
4.542419	0.0106481
4.544673	0.0095704
4.546927	0.0098384
4.549182	0.0117682
4.551438	0.0102716
4.553695	0.0111994
4.555952	0.0103110
4.558210	0.0088563
4.560469	0.0097229
4.562728	0.0100992
4.564988	0.0096994
4.567249	0.0099199
4.569510	0.0109529
4.571773	0.0094818
4.574036	0.0102799
4.576299	0.0101302
4.578564	0.0095408
4.580829	0.0093473
4.583094	0.0092621
4.585361	0.0109736
4.587628	0.0107241
4.589896	0.0101683
4.592164	0.0104262
4.594433	0.0104884
4.596703	0.0100420
4.598974	0.0101599
4.601245	0.0111844
4.603517	0.0102211
4.605790	0.0104196
4.608064	0.0104988
4.610338	0.0103638
4.612613	0.0088795
4.614888	0.0100699
4.617164	0.0094413
4.619441	0.0100503
4.621719	0.0100722
4.623997	0.0096880
4.626276	0.0080492
4.628556	0.0097557
4.630837	0.0102523
4.633118	0.0093790
4.635400	0.0095928
4.637682	0.0099348
4.639965	0.0094092
4.642249	0.0099808
4.644534	0.0098999
4.646820	0.0105002
4.649106	0.0094363
4.651392	0.0108751
4.653680	0.0103765
4.655968	0.0096819
4.658257	0.0103296
4.660547	0.0102861
4.662837	0.0103077
4.665128	0.0094577
4.667420	0.0100528
4.669712	0.0108325
4.672005	0.0100427
4.674299	0.0098651
4.676593	0.0110002
4.678889	0.0100750
4.681185	0.0097495
4.683481	0.0088347
4.685779	0.0095511
4.688077	0.0095652
4.690375	0.0095766
4.692675	0.0100431
4.694975	0.0098760
4.697276	0.0096916
4.699577	0.0106795
4.701879	0.0103520
4.704182	0.0092382
4.706486	0.0110592
4.708790	0.0093678
4.711095	0.0093895
4.713401	0.0103428
4.715708	0.0107216
4.718015	0.0109257
4.720323	0.0092379
4.722631	0.0101004
4.724941	0.0100967
4.727251	0.0113913
4.729561	0.0094254
4.731873	0.0103092
4.734185	0.0108097
4.736497	0.0104928
4.738811	0.0105361
4.741125	0.0104145
4.743440	0.0096752
4.745756	0.0097403
4.748072	0.0102544
4.750389	0.0104966
4.752707	0.0097051
4.755025	0.0113296
4.757344	0.0091646
4.759664	0.0097817
4.761984	0.0107664
4.764306	0.0095496
4.766627	0.0097696
4.768950	0.0096663
4.771273	0.0113918
4.773597	0.0093246
4.775922	0.0095397
4.778248	0.0102046
4.780574	0.0111048
4.782900	0.0102747
4.785228	0.0105043
4.787556	0.0102558
4.789885	0.0097545
4.792215	0.0092680
4.794545	0.0102766
4.796876	0.0103190
4.799208	0.0100389
4.801540	0.0099284
4.803874	0.0094499
4.806207	0.0105672
4.808542	0.0092730
4.810877	0.0104847
4.813213	0.0098531
4.815550	0.0114213
4.817887	0.0102885
4.820225	0.0102980
4.822564	0.0098466
4.824903	0.0098706
4.827244	0.0094344
4.829585	0.0112275
4.831926	0.0093013
4.834268	0.0103781
4.836611	0.0103298
4.838955	0.0100885
4.841299	0.0092657
4.843645	0.0102316
4.845990	0.0109652
4.848337	0.0104754
4.850684	0.0105735
4.853032	0.0100363
4.855380	0.0097301
4.857730	0.0094885
4.860080	0.0100036
4.862430	0.0094570
4.864782	0.0099043
4.867134	0.0103352
4.869487	0.0114684
4.871840	0.0103384
4.874195	0.0096230
4.876549	0.0106906
4.878905	0.0099519
4.881261	0.0097957
4.883618	0.0098484
4.885976	0.0100635
4.888335	0.0096999
4.890694	0.0103818
4.893054	0.0105342
4.895414	0.0103409
4.897775	0.0107733
4.900137	0.0103325
4.902500	0.0110353
4.904863	0.0090017
4.907227	0.0096354
4.909592	0.0104449
4.911958	0.0106742
4.914324	0.0097222
4.916691	0.0097633
4.919058	0.0100398
4.921426	0.0097091
4.923795	0.0093452
4.926165	0.0101426
4.928535	0.0092874
4.930907	0.0092377
4.933278	0.0099335
4.935651	0.0103078
4.938024	0.0095605
4.940398	0.0102783
4.942772	0.0100458
4.945148	0.0109217
4.947524	0.0108774
4.949900	0.0091795
4.952278	0.0103484
4.954656	0.0101299
4.957035	0.0100235
4.959414	0.0099035
4.961794	0.0107875
4.964175	0.0115343
4.966557	0.0102186
4.968939	0.0101523
4.971322	0.0098719
4.973706	0.0095810
4.976091	0.0102961
4.978476	0.0086900
4.980861	0.0103451
4.983248	0.0090913
4.985635	0.0095313
4.988023	0.0112268
4.990412	0.0101756
4.992801	0.0106683
4.995191	0.0106993
4.997582	0.0104089
4.999973	0.0103557
5.002366	0.0101262
5.004758	0.0100068
5.007152	0.0100119
5.009546	0.0104346
5.011941	0.0091483
5.014337	0.0092515
5.016733	0.0094589
5.019130	0.0108685
5.021528	0.0103052
5.023926	0.0097196
5.026326	0.0095043
5.028726	0.0103450
5.031126	0.0108596
5.033527	0.0104275
5.035929	0.0104817
5.038332	0.0092125
5.040735	0.0109833
5.043140	0.0093405
5.045544	0.0106697
5.047950	0.0118104
5.050356	0.0105699
5.052763	0.0097785
5.055171	0.0107318
5.057579	0.0103566
5.059988	0.0096893
5.062398	0.0103014
5.064808	0.0098525
5.067219	0.0103085
5.069631	0.0095985
5.072043	0.0112370
5.074457	0.0103419
5.076871	0.0093524
5.079285	0.0113875
5.081701	0.0108767
5.084117	0.0106318
5.086533	0.0100426
5.088951	0.0112901
5.091369	0.0100065
5.093788	0.0108628
5.096207	0.0080791
5.098627	0.0096803
5.101048	0.0094548
5.103470	0.0108429
5.105892	0.0103224
5.108315	0.0096961
5.110739	0.0088276
5.113164	0.0101925
5.115589	0.0111889
5.118015	0.0095333
5.120441	0.0101288
5.122869	0.0109153
5.125297	0.0101129
5.127725	0.0104588
5.130155	0.0099719
5.132585	0.0099848
5.135015	0.0091803
5.137447	0.0099545
5.139879	0.0102509
5.142312	0.0106503
5.144746	0.0107982
5.147180	0.0101698
5.149615	0.0101060
5.152051	0.0107841
5.154487	0.0092732
5.156924	0.0096205
5.159362	0.0103804
5.161800	0.0095132
5.164240	0.0099379
5.166680	0.0099061
5.169120	0.0097006
5.171561	0.0100857
5.174003	0.0098165
5.176446	0.0099494
5.178890	0.0107126
5.181334	0.0100146
5.183779	0.0111904
5.186224	0.0107462
5.188670	0.0092131
5.191117	0.0104833
5.193565	0.0090219
5.196013	0.0098643
5.198462	0.0100258
5.200912	0.0100810
5.203362	0.0104944
5.205814	0.0107588
5.208266	0.0097562
5.210718	0.0101365
5.213171	0.0109524
5.215625	0.0098449
5.218080	0.0099447
5.220535	0.0101039
5.222991	0.0106268
5.225448	0.0090787
5.227906	0.0101201
5.230364	0.0100405
5.232823	0.0106141
5.235282	0.0094503
5.237743	0.0102403
5.240204	0.0100762
5.242665	0.0101770
5.245128	0.0094544
5.247591	0.0099936
5.250054	0.0098234
5.252519	0.0090589
5.254984	0.0108042
5.257450	0.0111715
5.259917	0.0095405
5.262384	0.0107298
5.264852	0.0091542
5.267321	0.0102852
5.269790	0.0104313
5.272260	0.0100339
5.274731	0.0097384
5.277203	0.0098359
5.279675	0.0100441
5.282148	0.0104783
5.284621	0.0103069
5.287096	0.0096903
5.289571	0.0105281
5.292046	0.0110837
5.294523	0.0096903
5.297000	0.0102540
5.299478	0.0111758
5.301956	0.0098826
5.304436	0.0099480
5.306916	0.0094659
5.309396	0.0115026
5.311878	0.0092415
5.314360	0.0114053
5.316842	0.0104701
5.319326	0.0095947
5.321810	0.0101030
5.324295	0.0104772
5.326781	0.0105353
5.329267	0.0094873
5.331754	0.0111193
5.334241	0.0110107
5.336730	0.0100878
5.339219	0.0102376
5.341709	0.0101551
5.344199	0.0101469
5.346690	0.0103586
5.349182	0.0099094
5.351675	0.0104545
5.354168	0.0100717
5.356662	0.0102652
5.359157	0.0097096
5.361652	0.0104300
5.364148	0.0096433
5.366645	0.0100692
5.369143	0.0099931
5.371641	0.0111570
5.374140	0.0102965
5.376639	0.0095189
5.379140	0.0101902
5.381641	0.0104762
5.384142	0.0101714
5.386645	0.0116745
5.389148	0.0103731
5.391652	0.0100809
5.394156	0.0096943
5.396662	0.0102202
5.399168	0.0099258
5.401674	0.0099166
5.404182	0.0105829
5.406690	0.0099071
5.409198	0.0103191
5.411708	0.0110517
5.414218	0.0098079
5.416729	0.0106202
5.419240	0.0092721
5.421753	0.0102575
5.424266	0.0097828
5.426779	0.0090338
5.429294	0.0092134
5.431809	0.0092741
5.434324	0.0102594
5.436841	0.0099019
5.439358	0.0097954
5.441876	0.0094619
5.444395	0.0100659
5.446914	0.0104445
5.449434	0.0093318
5.451955	0.0097791
5.454476	0.0087335
5.456998	0.0097153
5.459521	0.0103132
5.462044	0.0098268
5.464568	0.0111780
5.467093	0.0099186
5.469619	0.0101111
5.472145	0.0103810
5.474672	0.0105202
5.477200	0.0102196
5.479728	0.0085419
5.482258	0.0089952
5.484787	0.0095414
5.487318	0.0100102
5.489849	0.0086258
5.492381	0.0100235
5.494914	0.0095361
5.497447	0.0104987
5.499981	0.0110960
5.502516	0.0103605
5.505051	0.0105194
5.507587	0.0089227
5.510124	0.0095378
5.512662	0.0100752
5.515200	0.0103435
5.517739	0.0093738
5.520279	0.0104040
5.522819	0.0095103
5.525360	0.0106587
5.527902	0.0091398
5.530444	0.0094476
5.532987	0.0092515
5.535531	0.0097154
5.538076	0.0095375
5.540621	0.0103674
5.543167	0.0099282
5.545714	0.0098945
5.548261	0.0096279
5.550809	0.0100695
5.553358	0.0096969
5.555908	0.0103423
5.558458	0.0105703
5.561009	0.0112021
5.563560	0.0112361
5.566112	0.0100443
5.568665	0.0098479
5.571219	0.0103601
5.573774	0.0100554
5.576329	0.0107558
5.578885	0.0109953
5.581441	0.0098628
5.583998	0.0099265
5.586556	0.0096812
5.589115	0.0100993
5.591674	0.0097192
5.594234	0.0093897
5.596795	0.0107554
5.599356	0.0112284
5.601918	0.0100900
5.604481	0.0095146
5.607045	0.0115983
5.609609	0.0102118
5.612174	0.0110814
5.614740	0.0105734
5.617306	0.0100988
5.619873	0.0098016
5.622441	0.0101860
5.625009	0.0102325
5.627578	0.0096170
5.630148	0.0107177
5.632719	0.0110036
5.635290	0.0088069
5.637862	0.0109219
5.640435	0.0112859
5.643008	0.0094121
5.645582	0.0102997
5.648157	0.0102271
5.650732	0.0112792
5.653308	0.0101097
5.655885	0.0107339
5.658463	0.0092130
5.661041	0.0095074
5.663620	0.0106976
5.666200	0.0097723
5.668780	0.0106519
5.671361	0.0106906
5.673943	0.0109272
5.676526	0.0110074
5.679109	0.0103843
5.681693	0.0098542
5.684277	0.0103301
5.686863	0.0097190
5.689449	0.0100429
5.692035	0.0103623
5.694623	0.0095338
5.697211	0.0098557
5.699800	0.0101614
5.702389	0.0101280
5.704980	0.0101418
5.707571	0.0103795
5.710162	0.0103200
5.712754	0.0100656
5.715348	0.0105367
5.717941	0.0107136
5.720536	0.0107488
5.723131	0.0102621
5.725727	0.0102271
5.728323	0.0104536
5.730920	0.0101059
5.733518	0.0099510
5.736117	0.0104210
5.738716	0.0102304
5.741316	0.0081749
5.743917	0.0096919
5.746519	0.0098400
5.749121	0.0104265
5.751724	0.0104570
5.754327	0.0104284
5.756932	0.0107440
5.759537	0.0101821
5.762142	0.0093771
5.764749	0.0113139
5.767356	0.0103090
5.769964	0.0106202
5.772572	0.0103885
5.775181	0.0101788
5.777791	0.0106871
5.780402	0.0097157
5.783013	0.0098467
5.785625	0.0108960
5.788238	0.0105185
5.790851	0.0104426
5.793465	0.0105124
5.796080	0.0098711
5.798696	0.0108676
5.801312	0.0098452
5.803929	0.0101289
5.806546	0.0094508
5.809165	0.0095703
5.811784	0.0109298
5.814403	0.0105570
5.817024	0.0113910
5.819645	0.0099548
5.822267	0.0112357
5.824889	0.0091472
5.827513	0.0105956
5.830136	0.0101940
5.832761	0.0104185
5.835386	0.0085884
5.838012	0.0109968
5.840639	0.0099045
5.843267	0.0105006
5.845895	0.0097249
5.848524	0.0106546
5.851153	0.0097435
5.853784	0.0090435
5.856415	0.0103658
5.859046	0.0105718
5.861679	0.0100937
5.864312	0.0104858
5.866945	0.0087419
5.869580	0.0095898
5.872215	0.0110005
5.874851	0.0093637
5.877488	0.0097909
5.880125	0.0106993
5.882763	0.0096667
5.885401	0.0110797
5.888041	0.0109992
5.890681	0.0096822
5.893322	0.0115021
5.895963	0.0100719
5.898605	0.0098279
5.901248	0.0112526
5.903892	0.0105996
5.906536	0.0098705
5.909181	0.0109512
5.911827	0.0110018
5.914473	0.0111766
5.917121	0.0109175
5.919768	0.0100613
5.922417	0.0113795
5.925066	0.0101028
5.927716	0.0100081
5.930367	0.0107580
5.933018	0.0093707
5.935670	0.0108322
5.938323	0.0106534
5.940976	0.0094238
5.943630	0.0104617
5.946285	0.0113164
5.948941	0.0099721
5.951597	0.0102710
5.954254	0.0107303
5.956912	0.0104031
5.959570	0.0106031
5.962229	0.0104339
5.964889	0.0095033
5.967549	0.0094974
5.970211	0.0095345
5.972872	0.0101665
5.975535	0.0105675
5.978198	0.0098233
5.980862	0.0107759
5.983527	0.0110031
5.986192	0.0099764
5.988858	0.0105674
5.991525	0.0096932
5.994193	0.0100932
5.996861	0.0100154
5.999530	0.0100837
6.002199	0.0099426
6.004870	0.0107959
6.007541	0.0097123
6.010212	0.0099513
6.012885	0.0093747
6.015558	0.0100463
6.018232	0.0103074
6.020906	0.0095383
6.023581	0.0093476
6.026257	0.0096114
6.028934	0.0093264
6.031611	0.0100629
6.034289	0.0094941
6.036968	0.0099417
6.039647	0.0103771
6.042328	0.0092027
6.045008	0.0096583
6.047690	0.0103095
6.050372	0.0107623
6.053055	0.0101370
6.055739	0.0101789
6.058423	0.0110427
6.061108	0.0105553
6.063794	0.0106878
6.066480	0.0110955
6.069168	0.0094167
6.071855	0.0106029
6.074544	0.0101741
6.077233	0.0109969
6.079923	0.0108449
6.082614	0.0090356
6.085305	0.0097514
6.087997	0.0098920
6.090690	0.0099543
6.093384	0.0111797
6.096078	0.0094022
6.098773	0.0120537
6.101468	0.0100594
6.104165	0.0106139
6.106861	0.0098679
6.109559	0.0102963
6.112258	0.0089795
6.114957	0.0102373
6.117656	0.0099008
6.120357	0.0100279
6.123058	0.0110636
6.125760	0.0109680
6.128463	0.0096909
6.131166	0.0106661
6.133870	0.0106685
6.136575	0.0107758
6.139280	0.0090174
6.141986	0.0098466
6.144693	0.0100225
6.147401	0.0098658
6.150109	0.0104525
6.152818	0.0094311
6.155527	0.0096156
6.158238	0.0099831
6.160949	0.0102662
6.163661	0.0103506
6.166373	0.0095800
6.169086	0.0102615
6.171800	0.0107035
6.174515	0.0114422
6.177230	0.0110234
6.179946	0.0098032
6.182662	0.0093403
6.185380	0.0099898
6.188098	0.0113427
6.190817	0.0098418
6.193536	0.0105452
6.196256	0.0094599
6.198977	0.0103763
6.201699	0.0097524
6.204421	0.0103588
6.207144	0.0104596
6.209868	0.0106114
6.212592	0.0097446
6.215317	0.0110012
6.218043	0.0109138
6.220769	0.0106604
6.223497	0.0097520
6.226224	0.0098861
6.228953	0.0092484
6.231682	0.0098386
6.234412	0.0104479
6.237143	0.0113832
6.239875	0.0091257
6.242607	0.0111797
6.245339	0.0088564
6.248073	0.0103304
6.250807	0.0095339
6.253542	0.0092731
6.256278	0.0105091
6.259014	0.0110525
6.261751	0.0100482
6.264489	0.0106228
6.267227	0.0106059
6.269966	0.0101115
6.272706	0.0102367
6.275447	0.0105991
6.278188	0.0090839
6.280930	0.0106010
6.283673	0.0106044
6.286416	0.0107636
6.289160	0.0109247
6.291905	0.0095189
6.294650	0.0087486
6.297396	0.0099891
6.300143	0.0099243
6.302891	0.0111504
6.305639	0.0101283
6.308388	0.0113197
6.311138	0.0101010
6.313888	0.0104131
6.316639	0.0109851
6.319391	0.0086143
6.322143	0.0097564
6.324897	0.0094483
6.327650	0.0109097
6.330405	0.0110214
6.333160	0.0105344
6.335916	0.0100786
6.338673	0.0108590
6.341430	0.0097931
6.344189	0.0098309
6.346947	0.0100900
6.349707	0.0105891
6.352467	0.0101693
6.355228	0.0104098
6.357990	0.0108239
6.360752	0.0095513
6.363515	0.0101995
6.366279	0.0101272
6.369043	0.0104799
6.371808	0.0103446
6.374574	0.0099642
6.377341	0.0092989
6.380108	0.0102461
6.382876	0.0106642
6.385644	0.0090533
6.388414	0.0103458
6.391184	0.0103803
6.393954	0.0093250
6.396726	0.0106011
6.399498	0.0104692
6.402271	0.0102378
6.405044	0.0096341
6.407819	0.0089416
6.410594	0.0105116
6.413369	0.0096674
6.416146	0.0105237
6.418923	0.0104112
6.421700	0.0106805
6.424479	0.0106016
6.427258	0.0115294
6.430038	0.0103798
6.432819	0.0102514
6.435600	0.0101233
6.438382	0.0119067
6.441165	0.0102123
6.443948	0.0104161
6.446732	0.0110551
6.449517	0.0110408
6.452302	0.0097019
6.455088	0.0097882
6.457875	0.0101199
6.460663	0.0107169
6.463451	0.0102993
6.466240	0.0091843
6.469030	0.0104023
6.471820	0.0103885
6.474612	0.0093306
6.477403	0.0099504
6.480196	0.0108968
6.482989	0.0108309
6.485783	0.0106064
6.488578	0.0097148
6.491373	0.0108094
6.494169	0.0096658
6.496966	0.0103412
6.499763	0.0104479
6.502561	0.0100872
6.505360	0.0108107
6.508160	0.0108878
6.510960	0.0111105
6.513761	0.0098498
6.516563	0.0099521
6.519365	0.0101769
6.522168	0.0102667
6.524972	0.0103442
6.527776	0.0105050
6.530581	0.0100052
6.533387	0.0095102
6.536194	0.0105177
6.539001	0.0101907
6.541809	0.0116437
6.544618	0.0114644
6.547427	0.0098313
6.550237	0.0101955
6.553048	0.0103933
6.555859	0.0097658
6.558672	0.0104493
6.561484	0.0101752
6.564298	0.0106336
6.567112	0.0117537
6.569927	0.0097640
6.572743	0.0110102
6.575559	0.0102993
6.578376	0.0089707
6.581194	0.0101367
6.584013	0.0103847
6.586832	0.0101497
6.589652	0.0100867
6.592473	0.0106553
6.595294	0.0098278
6.598116	0.0103553
6.600939	0.0094024
6.603762	0.0104990
6.606586	0.0098320
6.609411	0.0112022
6.612236	0.0109026
6.615063	0.0108715
6.617890	0.0092468
6.620717	0.0100799
6.623546	0.0105499
6.626375	0.0098310
6.629204	0.0103052
6.632035	0.0102068
6.634866	0.0107845
6.637698	0.0096604
6.640530	0.0099022
6.643364	0.0105678
6.646198	0.0113235
6.649032	0.0102944
6.651868	0.0114172
6.654704	0.0101492
6.657540	0.0107610
6.660378	0.0107299
6.663216	0.0091394
6.666055	0.0103132
6.668895	0.0100969
6.671735	0.0100088
6.674576	0.0108035
6.677418	0.0093943
6.680260	0.0103289
6.683103	0.0104155
6.685947	0.0105768
6.688791	0.0095101
6.691637	0.0125590
6.694482	0.0098739
6.697329	0.0115544
6.700176	0.0095990
6.703024	0.0104213
6.705873	0.0096314
6.708722	0.0098581
6.711573	0.0100395
6.714423	0.0101577
6.717275	0.0096186
6.720127	0.0112313
6.722980	0.0103969
6.725834	0.0103786
6.728688	0.0100687
6.731543	0.0106154
6.734399	0.0091997
6.737255	0.0103709
6.740112	0.0095223
6.742970	0.0095385
6.745829	0.0100800
6.748688	0.0101346
6.751548	0.0104723
6.754409	0.0096044
6.757270	0.0105888
6.760132	0.0105115
6.762995	0.0099096
6.765858	0.0098686
6.768722	0.0099070
6.771587	0.0103366
6.774453	0.0103834
6.777319	0.0110224
6.780186	0.0104869
6.783054	0.0101044
6.785922	0.0090896
6.788791	0.0110736
6.791661	0.0105600
6.794531	0.0099848
6.797403	0.0106551
6.800275	0.0101790
6.803147	0.0092957
6.806020	0.0087274
6.808894	0.0088474
6.811769	0.0091170
6.814644	0.0100727
6.817521	0.0105987
6.820397	0.0108130
6.823275	0.0091146
6.826153	0.0107415
6.829032	0.0104779
6.831912	0.0096621
6.834792	0.0101831
6.837673	0.0105395
6.840555	0.0098474
6.843437	0.0120135
6.846320	0.0095979
6.849204	0.0093659
6.852089	0.0096880
6.854974	0.0108381
6.857860	0.0104896
6.860746	0.0110131
6.863634	0.0097164
6.866522	0.0108545
6.869411	0.0105960
6.872300	0.0097829
6.875190	0.0102988
6.878081	0.0107782
6.880973	0.0100654
6.883865	0.0094546
6.886758	0.0108103
6.889651	0.0106721
6.892546	0.0108131
6.895441	0.0094053
6.898337	0.0112789
6.901233	0.0090134
6.904130	0.0103835
6.907028	0.0093810
6.909927	0.0098144
6.912826	0.0102460
6.915726	0.0091956
6.918627	0.0087466
6.921528	0.0099451
6.924430	0.0092580
6.927333	0.0094778
6.930236	0.0098577
6.933141	0.0109665
6.936046	0.0101431
6.938951	0.0106664
6.941857	0.0108203
6.944765	0.0099145
6.947672	0.0110552
6.950581	0.0100406
6.953490	0.0104040
6.956400	0.0090016
6.959310	0.0102617
6.962221	0.0107986
6.965133	0.0101630
6.968046	0.0109738
6.970959	0.0105812
6.973873	0.0113071
6.976788	0.0107609
6.979703	0.0112813
6.982620	0.0106336
6.985536	0.0096134
6.988454	0.0099469
6.991372	0.0111833
6.994291	0.0103990
6.997211	0.0088670
7.000131	0.0107724
7.003052	0.0096183
7.005974	0.0107159
7.008896	0.0104705
7.011820	0.0102897
7.014743	0.0099310
7.017668	0.0098746
7.020593	0.0091763
7.023519	0.0091503
7.026446	0.0112781
7.029373	0.0103161
7.032301	0.0109404
7.035230	0.0096048
7.038160	0.0104189
7.041090	0.0108869
7.044021	0.0099734
7.046952	0.0101946
7.049885	0.0103933
7.052818	0.0103216
7.055751	0.0101197
7.058686	0.0098843
7.061621	0.0094700
7.064557	0.0101121
7.067493	0.0105981
7.070430	0.0091388
7.073368	0.0101424
7.076307	0.0098518
7.079246	0.0099053
7.082186	0.0101943
7.085127	0.0098591
7.088068	0.0101447
7.091011	0.0101971
7.093953	0.0105211
7.096897	0.0104421
7.099841	0.0089648
7.102786	0.0104907
7.105732	0.0111617
7.108678	0.0097862
7.111625	0.0095578
7.114573	0.0106989
7.117521	0.0088282
7.120470	0.0099307
7.123420	0.0092890
7.126371	0.0109638
7.129322	0.0104015
7.132274	0.0104882
7.135227	0.0109226
7.138180	0.0102911
7.141134	0.0113159
7.144089	0.0104988
7.147044	0.0106279
7.150001	0.0097492
7.152957	0.0099907
7.155915	0.0109363
7.158873	0.0088731
7.161832	0.0101684
7.164792	0.0101410
7.167752	0.0099732
7.170713	0.0093967
7.173675	0.0114755
7.176638	0.0099940
7.179601	0.0097068
7.182565	0.0103676
7.185529	0.0094652
7.188495	0.0101452
7.191461	0.0100693
7.194428	0.0109617
7.197395	0.0108210
7.200363	0.0108843
7.203332	0.0104248
7.206301	0.0099742
7.209272	0.0095687
7.212243	0.0110376
7.215214	0.0102647
7.218187	0.0104906
7.221160	0.0110453
7.224133	0.0100850
7.227108	0.0104407
7.230083	0.0114623
7.233059	0.0102277
7.236035	0.0093664
7.239013	0.0101563
7.241990	0.0103448
7.244969	0.0092649
7.247948	0.0108679
7.250929	0.0097267
7.253909	0.0096454
7.256891	0.0104050
7.259873	0.0108254
7.262856	0.0099398
7.265839	0.0098770
7.268824	0.0098598
7.271809	0.0119178
7.274794	0.0119255
7.277781	0.0101761
7.280768	0.0105363
7.283756	0.0101730
7.286744	0.0094956
7.289733	0.0102422
7.292723	0.0112403
7.295714	0.0110551
7.298705	0.0107112
7.301697	0.0107256
7.304690	0.0106157
7.307683	0.0113641
7.310677	0.0096875
7.313672	0.0099427
7.316668	0.0096927
7.319664	0.0098691
7.322661	0.0116242
7.325658	0.0108873
7.328657	0.0094853
7.331656	0.0098926
7.334655	0.0104306
7.337656	0.0118212
7.340657	0.0116644
7.343659	0.0101877
7.346661	0.0090770
7.349664	0.0094747
7.352668	0.0094821
7.355673	0.0103695
7.358678	0.0094416
7.361684	0.0097050
7.364691	0.0102932
7.367699	0.0099700
7.370707	0.0108420
7.373716	0.0094406
7.376725	0.0109459
7.379736	0.0099297
7.382746	0.0094826
7.385758	0.0106282
7.388770	0.0107835
7.391784	0.0092762
7.394797	0.0095391
7.397812	0.0095648
7.400827	0.0103848
7.403843	0.0104288
7.406859	0.0114808
7.409877	0.0106937
7.412895	0.0107827
7.415913	0.0115531
7.418933	0.0094807
7.421953	0.0106227
7.424974	0.0105998
7.427995	0.0100062
7.431017	0.0103243
7.434040	0.0100513
7.437064	0.0106839
7.440088	0.0107972
7.443113	0.0110381
7.446139	0.0093652
7.449165	0.0105830
7.452192	0.0105516
7.455220	0.0096993
7.458249	0.0100344
7.461278	0.0096195
7.464308	0.0101167
7.467339	0.0094273
7.470370	0.0104036
7.473402	0.0095322
7.476435	0.0088232
7.479468	0.0104202
7.482502	0.0098752
7.485537	0.0100114
7.488573	0.0104789
7.491609	0.0101832
7.494646	0.0103433
7.497684	0.0101038
7.500722	0.0099099
7.503761	0.0101382
7.506801	0.0107238
7.509841	0.0107530
7.512882	0.0099232
7.515924	0.0106750
7.518967	0.0110481
7.522010	0.0102281
7.525054	0.0105872
7.528099	0.0110029
7.531144	0.0103862
7.534190	0.0108406
7.537237	0.0100004
7.540285	0.0096690
7.543333	0.0108370
7.546382	0.0102171
7.549431	0.0110667
7.552481	0.0097619
7.555532	0.0100434
7.558584	0.0097780
7.561637	0.0100449
7.564690	0.0095181
7.567744	0.0097928
7.570798	0.0092174
7.573853	0.0117190
7.576909	0.0092641
7.579966	0.0091871
7.583023	0.0111189
7.586081	0.0093355
7.589140	0.0113297
7.592199	0.0102276
7.595259	0.0109520
7.598320	0.0106061
7.601382	0.0101919
7.604444	0.0112771
7.607507	0.0095645
7.610571	0.0097362
7.613635	0.0102438
7.616700	0.0103144
7.619766	0.0101305
7.622832	0.0112806
7.625899	0.0099242
7.628967	0.0085324
7.632036	0.0089256
7.635105	0.0108277
7.638175	0.0098436
7.641246	0.0107129
7.644317	0.0106086
7.647389	0.0105821
7.650462	0.0121172
7.653535	0.0095420
7.656610	0.0089820
7.659684	0.0099771
7.662760	0.0108255
7.665836	0.0096063
7.668913	0.0104164
7.671991	0.0104208
7.675069	0.0092676
7.678148	0.0098652
7.681228	0.0114786
7.684309	0.0101338
7.687390	0.0100249
7.690472	0.0098486
7.693555	0.0109936
7.696638	0.0111884
7.699722	0.0099464
7.702807	0.0103314
7.705892	0.0114462
7.708978	0.0097830
7.712065	0.0110132
7.715152	0.0099573
7.718241	0.0098702
7.721330	0.0101998
7.724419	0.0101645
7.727510	0.0108888
7.730601	0.0094506
7.733692	0.0101693
7.736785	0.0103100
7.739878	0.0093619
7.742972	0.0097265
7.746066	0.0102301
7.749162	0.0109584
7.752258	0.0105051
7.755354	0.0100868
7.758452	0.0088499
7.761550	0.0111436
7.764648	0.0100760
7.767748	0.0103329
7.770848	0.0102376
7.773949	0.0105992
7.777050	0.0107262
7.780153	0.0092968
7.783256	0.0108411
7.786359	0.0093874
7.789464	0.0104776
7.792569	0.0113543
7.795675	0.0118994
7.798781	0.0106948
7.801888	0.0112962
7.804996	0.0110697
7.808105	0.0097081
7.811214	0.0108790
7.814324	0.0105205
7.817435	0.0101930
7.820546	0.0090132
7.823658	0.0107290
7.826771	0.0104455
7.829885	0.0102871
7.832999	0.0094288
7.836114	0.0110034
7.839229	0.0104698
7.842346	0.0100299
7.845463	0.0105390
7.848581	0.0107741
7.851699	0.0101685
7.854818	0.0109053
7.857938	0.0107773
7.861058	0.0103795
7.864180	0.0108423
7.867302	0.0104371
7.870424	0.0101661
7.873548	0.0104703
7.876672	0.0102601
7.879796	0.0101247
7.882922	0.0100075
7.886048	0.0108948
7.889175	0.0103647
7.892302	0.0108527
7.895431	0.0108070
7.898560	0.0102401
7.901689	0.0110340
7.904820	0.0095527
7.907951	0.0094740
7.911083	0.0094948
7.914215	0.0105161
7.917348	0.0098364
7.920482	0.0108564
7.923617	0.0108826
7.926752	0.0106893
7.929888	0.0108690
7.933025	0.0108752
7.936162	0.0104846
7.939300	0.0101195
7.942439	0.0104222
7.945578	0.0111412
7.948719	0.0118925
7.951860	0.0108665
7.955001	0.0106839
7.958144	0.0101638
7.961287	0.0089120
7.964430	0.0104520
7.967575	0.0109914
7.970720	0.0099234
7.973866	0.0100503
7.977012	0.0111242
7.980159	0.0102980
7.983307	0.0107406
7.986456	0.0097724
7.989605	0.0110514
7.992755	0.0104819
7.995906	0.0103502
7.999058	0.0108630
8.002210	0.0099592
8.005363	0.0100378
8.008516	0.0111383
8.011670	0.0101879
8.014825	0.0099325
8.017981	0.0110350
8.021137	0.0099015
8.024294	0.0098605
8.027452	0.0097602
8.030611	0.0107579
8.033770	0.0105821
8.036930	0.0100750
8.040090	0.0101637
8.043251	0.0094656
8.046413	0.0095674
8.049576	0.0111265
8.052740	0.0121464
8.055904	0.0117083
8.059068	0.0106972
8.062234	0.0106479
8.065400	0.0105136
8.068567	0.0106957
8.071735	0.0108581
8.074903	0.0114082
8.078072	0.0101428
8.081242	0.0101760
8.084412	0.0093093
8.087583	0.0086659
8.090755	0.0099745
8.093927	0.0110186
8.097101	0.0110516
8.100275	0.0096904
8.103449	0.0112681
8.106625	0.0101980
8.109801	0.0106516
8.112977	0.0104180
8.116155	0.0112681
8.119333	0.0108493
8.122512	0.0112879
8.125691	0.0108745
8.128871	0.0104495
8.132052	0.0100404
8.135234	0.0108947
8.138416	0.0108855
8.141599	0.0109191
8.144783	0.0115292
8.147968	0.0110714
8.151153	0.0104566
8.154339	0.0101600
8.157525	0.0104596
8.160713	0.0100064
8.163901	0.0095472
8.167089	0.0106276
8.170279	0.0096280
8.173469	0.0099649
8.176659	0.0119951
8.179851	0.0097597
8.183043	0.0097982
8.186236	0.0102771
8.189430	0.0102701
8.192624	0.0099900
8.195819	0.0096347
8.199015	0.0093268
8.202211	0.0107752
8.205408	0.0101942
8.208606	0.0105062
8.211804	0.0100075
8.215004	0.0104710
8.218203	0.0107620
8.221404	0.0098553
8.224605	0.0114701
8.227807	0.0096948
8.231010	0.0107978
8.234214	0.0101797
8.237418	0.0105165
8.240622	0.0104882
8.243828	0.0089114
8.247034	0.0099390
8.250241	0.0094039
8.253449	0.0095188
8.256657	0.0106312
8.259866	0.0104424
8.263076	0.0101949
8.266286	0.0099885
8.269498	0.0094840
8.272709	0.0102231
8.275922	0.0098190
8.279135	0.0095356
8.282349	0.0112922
8.285564	0.0095569
8.288779	0.0108886
8.291995	0.0104934
8.295212	0.0101219
8.298429	0.0106153
8.301648	0.0115814
8.304867	0.0113181
8.308086	0.0104647
8.311306	0.0097321
8.314527	0.0106495
8.317749	0.0109846
8.320971	0.0107182
8.324195	0.0103236
8.327418	0.0106037
8.330643	0.0103910
8.333868	0.0106673
8.337094	0.0107427
8.340320	0.0103057
8.343548	0.0096449
8.346776	0.0102136
8.350004	0.0103954
8.353234	0.0100412
8.356464	0.0108885
8.359695	0.0108043
8.362926	0.0102357
8.366159	0.0095908
8.369391	0.0100603
8.372625	0.0108328
8.375859	0.0104788
8.379094	0.0102753
8.382330	0.0110356
8.385567	0.0102214
8.388804	0.0094492
8.392042	0.0109601
8.395280	0.0096945
8.398519	0.0097798
8.401759	0.0103992
8.405000	0.0109745
8.408241	0.0104125
8.411483	0.0106131
8.414726	0.0098672
8.417970	0.0101664
8.421214	0.0115079
8.424459	0.0102388
8.427704	0.0106510
8.430950	0.0099611
8.434197	0.0101980
8.437445	0.0101993
8.440693	0.0110492
8.443943	0.0099259
8.447192	0.0101170
8.450443	0.0112932
8.453694	0.0099354
8.456946	0.0101008
8.460198	0.0112852
8.463452	0.0110898
8.466706	0.0098743
8.469960	0.0102865
8.473216	0.0101406
8.476472	0.0108804
8.479729	0.0111226
8.482986	0.0111292
8.486245	0.0104241
8.489503	0.0103673
8.492763	0.0092072
8.496023	0.0112563
8.499284	0.0093794
8.502546	0.0112295
8.505809	0.0107760
8.509072	0.0099149
8.512335	0.0115001
8.515600	0.0114221
8.518865	0.0103457
8.522131	0.0104987
8.525398	0.0095021
8.528665	0.0099396
8.531933	0.0107543
8.535202	0.0086540
8.538471	0.0105547
8.541742	0.0097214
8.545012	0.0097827
8.548284	0.0105709
8.551556	0.0108268
8.554829	0.0105799
8.558103	0.0096102
8.561377	0.0105317
8.564652	0.0102732
8.567928	0.0098527
8.571204	0.0096151
8.574482	0.0091120
8.577760	0.0105500
8.581038	0.0089648
8.584317	0.0094232
8.587597	0.0112473
8.590878	0.0107662
8.594159	0.0107813
8.597442	0.0108411
8.600724	0.0100139
8.604008	0.0104591
8.607292	0.0101913
8.610577	0.0105923
8.613863	0.0108915
8.617149	0.0102736
8.620436	0.0092990
8.623724	0.0107468
8.627012	0.0105210
8.630301	0.0108258
8.633591	0.0099067
8.636881	0.0111096
8.640173	0.0099171
8.643465	0.0101588
8.646757	0.0105899
8.650050	0.0109212
8.653345	0.0105263
8.656639	0.0113229
8.659935	0.0113357
8.663231	0.0108836
8.666528	0.0107591
8.669825	0.0117150
8.673123	0.0108376
8.676422	0.0112872
8.679722	0.0098408
8.683022	0.0094913
8.686323	0.0105019
8.689625	0.0102494
8.692928	0.0104944
8.696231	0.0091970
8.699535	0.0103139
8.702839	0.0102227
8.706145	0.0110248
8.709451	0.0091334
8.712757	0.0100985
8.716065	0.0110851
8.719373	0.0100294
8.722681	0.0098198
8.725991	0.0106011
8.729301	0.0098677
8.732612	0.0110071
8.735924	0.0100678
8.739236	0.0104331
8.742549	0.0108697
8.745863	0.0105995
8.749177	0.0107742
8.752492	0.0100143
8.755808	0.0101027
8.759124	0.0088197
8.762442	0.0091528
8.765760	0.0093362
8.769078	0.0111800
8.772397	0.0104880
8.775717	0.0095001
8.779038	0.0089916
8.782360	0.0098369
8.785682	0.0115169
8.789005	0.0117118
8.792328	0.0113732
8.795652	0.0107423
8.798977	0.0108283
8.802303	0.0107597
8.805629	0.0094091
8.808956	0.0101746
8.812284	0.0095187
8.815613	0.0099336
8.818942	0.0096362
8.822272	0.0106938
8.825602	0.0115583
8.828933	0.0109833
8.832265	0.0102684
8.835598	0.0107457
8.838931	0.0103087
8.842265	0.0098904
8.845600	0.0108714
8.848936	0.0104403
8.852272	0.0101686
8.855609	0.0097752
8.858946	0.0101366
8.862285	0.0102975
8.865624	0.0110111
8.868963	0.0112380
8.872304	0.0095105
8.875645	0.0095596
8.878986	0.0103843
8.882329	0.0109585
8.885672	0.0098351
8.889016	0.0096021
8.892361	0.0106025
8.895706	0.0109782
8.899052	0.0098944
8.902399	0.0105229
8.905746	0.0089628
8.909094	0.0101606
8.912443	0.0098866
8.915793	0.0107576
8.919143	0.0099777
8.922494	0.0104738
8.925845	0.0111325
8.929198	0.0095994
8.932551	0.0111089
8.935904	0.0097309
8.939259	0.0104926
8.942614	0.0112028
8.945970	0.0104476
8.949326	0.0101811
8.952684	0.0111873
8.956042	0.0100558
8.959400	0.0114122
8.962760	0.0103867
8.966120	0.0099385
8.969480	0.0098662
8.972842	0.0107492
8.976204	0.0107669
8.979567	0.0097168
8.982931	0.0099483
8.986295	0.0105733
8.989660	0.0091059
8.993025	0.0114391
8.996392	0.0108241
8.999759	0.0105571
9.003127	0.0094221
9.006495	0.0100855
9.009864	0.0103475
9.013234	0.0108538
9.016605	0.0104024
9.019976	0.0107454
9.023348	0.0106188
9.026721	0.0108127
9.030094	0.0109898
9.033468	0.0107519
9.036843	0.0104291
9.040219	0.0106874
9.043595	0.0095550
9.046972	0.0099716
9.050349	0.0106949
9.053728	0.0111786
9.057107	0.0098296
9.060486	0.0097264
9.063867	0.0105836
9.067248	0.0102592
9.070630	0.0109742
9.074012	0.0106065
9.077396	0.0105326
9.080780	0.0100811
9.084164	0.0096237
9.087550	0.0102214
9.090936	0.0102226
9.094322	0.0102552
9.097710	0.0115231
9.101098	0.0098263
9.104487	0.0092983
9.107876	0.0101359
9.111267	0.0099762
9.114658	0.0099727
9.118049	0.0107466
9.121442	0.0105132
9.124835	0.0102037
9.128228	0.0097099
9.131623	0.0107716
9.135018	0.0111525
9.138414	0.0097069
9.141811	0.0098109
9.145208	0.0102803
9.148606	0.0093602
9.152005	0.0108172
9.155404	0.0095790
9.158804	0.0099552
9.162205	0.0107072
9.165606	0.0104318
9.169008	0.0118961
9.172411	0.0104588
9.175815	0.0097960
9.179219	0.0105110
9.182624	0.0109735
9.186030	0.0098340
9.189436	0.0101751
9.192844	0.0108010
9.196251	0.0106726
9.199660	0.0104664
9.203069	0.0101610
9.206479	0.0105431
9.209890	0.0105819
9.213301	0.0107473
9.216713	0.0111305
9.220126	0.0105553
9.223539	0.0099397
9.226953	0.0099492
9.230368	0.0116041
9.233784	0.0111405
9.237200	0.0104257
9.240617	0.0089536
9.244035	0.0112860
9.247453	0.0104196
9.250872	0.0110582
9.254292	0.0097362
9.257712	0.0106306
9.261133	0.0103310
9.264555	0.0110506
9.267978	0.0110245
9.271401	0.0104031
9.274825	0.0098551
9.278250	0.0099584
9.281675	0.0112423
9.285101	0.0091503
9.288528	0.0104972
9.291956	0.0109590
9.295384	0.0102866
9.298813	0.0086323
9.302242	0.0103103
9.305672	0.0101248
9.309103	0.0108421
9.312535	0.0099962
9.315968	0.0115529
9.319401	0.0097935
9.322835	0.0117895
9.326269	0.0090140
9.329704	0.0105695
9.333140	0.0098453
9.336577	0.0111216
9.340014	0.0104581
9.343452	0.0098286
9.346891	0.0097919
9.350330	0.0107131
9.353770	0.0107535
9.357211	0.0086620
9.360653	0.0100991
9.364095	0.0114492
9.367538	0.0115219
9.370982	0.0092881
9.374426	0.0106897
9.377871	0.0100253
9.381317	0.0104171
9.384763	0.0095154
9.388210	0.0095728
9.391658	0.0094768
9.395107	0.0099299
9.398556	0.0101423
9.402006	0.0108452
9.405457	0.0107129
9.408908	0.0111238
9.412360	0.0089600
9.415813	0.0105161
9.419266	0.0101838
9.422720	0.0102279
9.426175	0.0103763
9.429631	0.0108711
9.433087	0.0111707
9.436544	0.0114325
9.440002	0.0097226
9.443460	0.0098939
9.446919	0.0120125
9.450379	0.0107480
9.453840	0.0097595
9.457301	0.0108723
9.460763	0.0100239
9.464225	0.0101108
9.467689	0.0105590
9.471153	0.0098200
9.474617	0.0102990
9.478083	0.0108222
9.481549	0.0097570
9.485016	0.0116663
9.488483	0.0099827
9.491952	0.0114687
9.495421	0.0105062
9.498890	0.0106025
9.502360	0.0109304
9.505832	0.0097809
9.509303	0.0107768
9.512776	0.0102305
9.516249	0.0098135
9.519723	0.0103584
9.523197	0.0100391
9.526672	0.0107485
9.530148	0.0113507
9.533625	0.0104576
9.537102	0.0100481
9.540580	0.0112228
9.544059	0.0100343
9.547539	0.0109958
9.551019	0.0102177
9.554500	0.0099814
9.557981	0.0114607
9.561464	0.0101386
9.564947	0.0116345
9.568430	0.0108502
9.571915	0.0095531
9.575400	0.0105807
9.578886	0.0099513
9.582372	0.0113923
9.585859	0.0108711
9.589347	0.0107713
9.592836	0.0096590
9.596325	0.0100563
9.599815	0.0099092
9.603306	0.0098457
9.606797	0.0096947
9.610289	0.0101108
9.613782	0.0099471
9.617276	0.0103741
9.620770	0.0104341
9.624265	0.0098462
9.627760	0.0099176
9.631257	0.0108120
9.634754	0.0099334
9.638251	0.0096382
9.641750	0.0096066
9.645249	0.0096308
9.648749	0.0115562
9.652249	0.0121990
9.655751	0.0106659
9.659252	0.0107766
9.662755	0.0100409
9.666258	0.0102668
9.669763	0.0100324
9.673267	0.0108355
9.676773	0.0097293
9.680279	0.0102759
9.683786	0.0103940
9.687293	0.0097821
9.690802	0.0116490
9.694311	0.0098842
9.697820	0.0113660
9.701331	0.0109367
9.704842	0.0102718
9.708353	0.0104825
9.711866	0.0106286
9.715379	0.0097620
9.718893	0.0108157
9.722408	0.0106689
9.725923	0.0104025
9.729439	0.0108332
9.732955	0.0107473
9.736473	0.0098680
9.739991	0.0105197
9.743510	0.0089051
9.747029	0.0100310
9.750549	0.0103036
9.754070	0.0094420
9.757592	0.0112050
9.761114	0.0112837
9.764637	0.0099330
9.768161	0.0114340
9.771685	0.0105595
9.775211	0.0114660
9.778736	0.0098856
9.782263	0.0110898
9.785790	0.0101656
9.789318	0.0114396
9.792847	0.0107446
9.796376	0.0109738
9.799906	0.0101836
9.803437	0.0108677
9.806968	0.0100254
9.810500	0.0113449
9.814033	0.0097988
9.817567	0.0110685
9.821101	0.0108109
9.824636	0.0113089
9.828172	0.0106680
9.831708	0.0098283
9.835245	0.0093171
9.838783	0.0103011
9.842321	0.0102054
9.845861	0.0099495
9.849400	0.0109409
9.852941	0.0100657
9.856482	0.0106041
9.860024	0.0096189
9.863567	0.0105401
9.867110	0.0107889
9.870654	0.0102749
9.874199	0.0112454
9.877745	0.0105563
9.881291	0.0105415
9.884838	0.0105756
9.888385	0.0109219
9.891934	0.0102658
9.895483	0.0103752
9.899032	0.0114748
9.902583	0.0106599
9.906134	0.0110349
9.909686	0.0106934
9.913238	0.0099242
9.916791	0.0115229
9.920345	0.0098743
9.923900	0.0102098
9.927455	0.0103564
9.931011	0.0089154
9.934568	0.0107606
9.938125	0.0116381
9.941684	0.0099974
9.945242	0.0103204
9.948802	0.0112243
9.952362	0.0101936
9.955923	0.0107193
9.959485	0.0103383
9.963047	0.0095866
9.966610	0.0097185
9.970174	0.0107385
9.973738	0.0101260
9.977304	0.0108169
9.980869	0.0100123
9.984436	0.0103522
9.988003	0.0098384
9.991571	0.0110291
9.995140	0.0108675
9.998709	0.0100878
10.002279	0.0104769
10.005850	0.0107194
10.009422	0.0104541
10.012994	0.0105603
10.016567	0.0095545
10.020140	0.0104770
10.023715	0.0108613
10.027289	0.0110791
10.030865	0.0100444
10.034442	0.0103178
10.038019	0.0099606
10.041596	0.0103951
10.045175	0.0103560
10.048754	0.0104252
10.052334	0.0112633
10.055915	0.0106821
10.059496	0.0099338
10.063078	0.0104537
10.066661	0.0111037
10.070244	0.0101261
10.073828	0.0104817
10.077413	0.0104621
10.080999	0.0114356
10.084585	0.0105540
10.088172	0.0097869
10.091759	0.0104137
10.095348	0.0105016
10.098937	0.0112169
10.102527	0.0104627
10.106117	0.0095284
10.109708	0.0108618
10.113300	0.0099859
10.116893	0.0109547
10.120486	0.0116677
10.124080	0.0113361
10.127674	0.0097129
10.131270	0.0107485
10.134866	0.0097616
10.138463	0.0104103
10.142060	0.0097560
10.145658	0.0103689
10.149257	0.0109843
10.152857	0.0096872
10.156457	0.0105740
10.160058	0.0097446
10.163660	0.0102847
10.167262	0.0105890
10.170865	0.0104968
10.174469	0.0106973
10.178073	0.0107285
10.181679	0.0103850
10.185284	0.0106316
10.188891	0.0105029
10.192498	0.0099585
10.196106	0.0109638
10.199715	0.0101922
10.203325	0.0108899
10.206935	0.0111462
10.210545	0.0101646
10.214157	0.0094969
10.217769	0.0108635
10.221382	0.0104456
10.224996	0.0113430
10.228610	0.0095431
10.232225	0.0105894
10.235841	0.0107321
10.239457	0.0113393
10.243074	0.0112463
10.246692	0.0104140
10.250311	0.0103985
10.253930	0.0102568
10.257550	0.0102297
10.261171	0.0098869
10.264792	0.0102865
10.268414	0.0100013
10.272037	0.0110725
10.275660	0.0101290
10.279284	0.0105282
10.282909	0.0103636
10.286535	0.0105223
10.290161	0.0097776
10.293788	0.0097571
10.297416	0.0109192
10.301044	0.0104465
10.304673	0.0109559
10.308303	0.0113581
10.311933	0.0094189
10.315565	0.0102355
10.319196	0.0108065
10.322829	0.0103478
10.326462	0.0101022
10.330096	0.0104832
10.333731	0.0112763
10.337366	0.0095560
10.341003	0.0111413
10.344639	0.0103137
10.348277	0.0096793
10.351915	0.0109330
10.355554	0.0117712
10.359194	0.0101760
10.362834	0.0115206
10.366475	0.0097465
10.370117	0.0105919
10.373759	0.0112326
10.377402	0.0096264
10.381046	0.0111908
10.384691	0.0108847
10.388336	0.0112061
10.391982	0.0098916
10.395628	0.0118869
10.399276	0.0112070
10.402924	0.0104093
10.406572	0.0102449
10.410222	0.0106540
10.413872	0.0105167
10.417523	0.0120291
10.421174	0.0112228
10.424827	0.0099985
10.428480	0.0114794
10.432133	0.0095722
10.435788	0.0110382
10.439443	0.0101025
10.443098	0.0109858
10.446755	0.0109196
10.450412	0.0108045
10.454070	0.0101752
10.457729	0.0102917
10.461388	0.0099914
10.465048	0.0117760
10.468709	0.0109362
10.472370	0.0101648
10.476032	0.0101195
10.479695	0.0105195
10.483358	0.0095014
10.487022	0.0108583
10.490687	0.0096038
10.494353	0.0104778
10.498019	0.0102224
10.501686	0.0106720
10.505354	0.0108734
10.509022	0.0099518
10.512692	0.0100066
10.516361	0.0101672
10.520032	0.0104886
10.523703	0.0103625
10.527375	0.0113563
10.531048	0.0113338
10.534721	0.0105198
10.538395	0.0104658
10.542070	0.0105594
10.545745	0.0106834
10.549421	0.0102302
10.553098	0.0101676
10.556776	0.0112224
10.560454	0.0104501
10.564133	0.0101797
10.567813	0.0105746
10.571493	0.0105190
10.575174	0.0101046
10.578856	0.0097147
10.582538	0.0105024
10.586221	0.0111782
10.589905	0.0108640
10.593590	0.0102563
10.597275	0.0114892
10.600961	0.0096829
10.604648	0.0112231
10.608335	0.0109113
10.612023	0.0108183
10.615712	0.0107281
10.619401	0.0110885
10.623092	0.0112038
10.626782	0.0108780
10.630474	0.0106577
10.634166	0.0098532
10.637859	0.0101035
10.641553	0.0119986
10.645247	0.0106886
10.648942	0.0116858
10.652638	0.0115225
10.656335	0.0120784
10.660032	0.0107457
10.663730	0.0103834
10.667429	0.0105233
10.671128	0.0118450
10.674828	0.0104246
10.678529	0.0110709
10.682230	0.0093755
10.685932	0.0098258
10.689635	0.0098886
10.693338	0.0098484
10.697043	0.0116070
10.700748	0.0108011
10.704453	0.0110584
10.708160	0.0102657
10.711867	0.0104771
10.715574	0.0121288
10.719283	0.0107483
10.722992	0.0096529
10.726702	0.0096905
10.730412	0.0105906
10.734124	0.0110547
10.737836	0.0099486
10.741548	0.0102779
10.745262	0.0100056
10.748976	0.0109443
10.752690	0.0103558
10.756406	0.0103482
10.760122	0.0105156
10.763839	0.0117300
10.767557	0.0106200
10.771275	0.0100964
10.774994	0.0091243
10.778714	0.0104376
10.782434	0.0110119
10.786155	0.0109089
10.789877	0.0098166
10.793599	0.0102476
10.797323	0.0107677
10.801046	0.0105827
10.804771	0.0109662
10.808496	0.0109812
10.812222	0.0104344
10.815949	0.0108807
10.819676	0.0099523
10.823405	0.0110830
10.827133	0.0106753
10.830863	0.0104198
10.834593	0.0116830
10.838324	0.0122506
10.842056	0.0104104
10.845788	0.0111247
10.849521	0.0113787
10.853255	0.0109802
10.856989	0.0115002
10.860724	0.0105983
10.864460	0.0113131
10.868197	0.0114614
10.871934	0.0106788
10.875672	0.0111639
10.879411	0.0116559
10.883150	0.0095553
10.886890	0.0102005
10.890631	0.0105340
10.894372	0.0101928
10.898114	0.0103818
10.901857	0.0104126
10.905601	0.0103884
10.909345	0.0105634
10.913090	0.0106250
10.916836	0.0116876
10.920582	0.0102381
10.924329	0.0104968
10.928077	0.0102041
10.931825	0.0102600
10.935575	0.0099686
10.939325	0.0095862
10.943075	0.0098950
10.946826	0.0106367
10.950578	0.0105162
10.954331	0.0097868
10.958084	0.0100772
10.961839	0.0108712
10.965593	0.0095871
10.969349	0.0106840
10.973105	0.0100136
10.976862	0.0097564
10.980620	0.0119500
10.984378	0.0109879
10.988137	0.0110248
10.991897	0.0111924
10.995657	0.0096590
10.999418	0.0110220
11.003180	0.0112630
11.006943	0.0110045
11.010706	0.0105578
11.014470	0.0118627
11.018234	0.0111116
11.022000	0.0117234
11.025766	0.0106369
11.029533	0.0107762
11.033300	0.0120863
11.037068	0.0112717
11.040837	0.0111195
11.044607	0.0111254
11.048377	0.0095590
11.052148	0.0116046
11.055919	0.0110396
11.059692	0.0113603
11.063465	0.0103834
11.067239	0.0117101
11.071013	0.0101001
11.074788	0.0104390
11.078564	0.0101614
11.082341	0.0108009
11.086118	0.0109946
11.089896	0.0093410
11.093675	0.0109709
11.097454	0.0100619
11.101234	0.0102256
11.105015	0.0103108
11.108796	0.0101380
11.112579	0.0111631
11.116362	0.0109071
11.120145	0.0105156
11.123929	0.0113007
11.127715	0.0109605
11.131500	0.0109489
11.135287	0.0108293
11.139074	0.0103631
11.142862	0.0099579
11.146650	0.0114711
11.150439	0.0106765
11.154229	0.0102306
11.158020	0.0101318
11.161811	0.0103322
11.165603	0.0091110
11.169396	0.0111383
11.173189	0.0108185
11.176984	0.0111869
11.180778	0.0104472
11.184574	0.0115816
11.188370	0.0111278
11.192167	0.0098214
11.195965	0.0109886
11.199763	0.0108592
11.203562	0.0109901
11.207362	0.0116106
11.211162	0.0110542
11.214964	0.0105159
11.218765	0.0099321
11.222568	0.0103495
11.226371	0.0109996
11.230175	0.0101229
11.233980	0.0112221
11.237785	0.0104754
11.241591	0.0102784
11.245398	0.0103768
11.249206	0.0105573
11.253014	0.0107197
11.256823	0.0118756
11.260632	0.0112336
11.264443	0.0121078
11.268254	0.0101117
11.272065	0.0110243
11.275878	0.0103482
11.279691	0.0097089
11.283505	0.0101961
11.287319	0.0107994
11.291134	0.0100173
11.294950	0.0104324
11.298767	0.0104877
11.302584	0.0101866
11.306402	0.0104094
11.310221	0.0109560
11.314040	0.0097352
11.317861	0.0099740
11.321681	0.0101120
11.325503	0.0110722
11.329325	0.0103395
11.333148	0.0103946
11.336972	0.0104142
11.340796	0.0105632
11.344621	0.0108106
11.348447	0.0126746
11.352273	0.0112558
11.356100	0.0103119
11.359928	0.0107406
11.363757	0.0101361
11.367586	0.0115307
11.371416	0.0108225
11.375247	0.0108010
11.379078	0.0102799
11.382910	0.0106790
11.386743	0.0105149
11.390576	0.0107492
11.394411	0.0103055
11.398245	0.0114217
11.402081	0.0108862
11.405917	0.0114123
11.409754	0.0122547
11.413592	0.0093631
11.417430	0.0101670
11.421269	0.0109505
11.425109	0.0123395
11.428950	0.0112095
11.432791	0.0110904
11.436633	0.0103771
11.440475	0.0103283
11.444319	0.0114603
11.448163	0.0106219
11.452008	0.0102350
11.455853	0.0102007
11.459699	0.0107933
11.463546	0.0095011
11.467393	0.0098554
11.471242	0.0109982
11.475091	0.0107628
11.478940	0.0107260
11.482791	0.0108791
11.486642	0.0106324
11.490493	0.0112059
11.494346	0.0109862
11.498199	0.0101407
11.502053	0.0101154
11.505907	0.0114933
11.509763	0.0099563
11.513618	0.0102315
11.517475	0.0096675
11.521332	0.0102146
11.525191	0.0099698
11.529049	0.0099691
11.532909	0.0095672
11.536769	0.0094568
11.540630	0.0111803
11.544491	0.0096497
11.548354	0.0100504
11.552217	0.0108992
11.556080	0.0105132
11.559945	0.0098189
11.563810	0.0107533
11.567676	0.0111603
11.571542	0.0097814
11.575409	0.0112855
11.579277	0.0100943
11.583146	0.0112743
11.587015	0.0112884
11.590885	0.0099831
11.594756	0.0103533
11.598627	0.0110982
11.602499	0.0096071
11.606372	0.0102248
11.610246	0.0101982
11.614120	0.0106440
11.617995	0.0097337
11.621870	0.0115096
11.625747	0.0104163
11.629624	0.0105418
11.633501	0.0105014
11.637380	0.0108941
11.641259	0.0107613
11.645139	0.0102634
11.649019	0.0108823
11.652900	0.0100397
11.656782	0.0105891
11.660665	0.0094756
11.664548	0.0110708
11.668432	0.0108560
11.672317	0.0104619
11.676203	0.0098965
11.680089	0.0099795
11.683976	0.0112771
11.687863	0.0109843
11.691752	0.0097478
11.695640	0.0107119
11.699530	0.0098474
11.703420	0.0107275
11.707312	0.0101904
11.711203	0.0097229
11.715096	0.0098583
11.718989	0.0100740
11.722883	0.0098522
11.726777	0.0111842
11.730673	0.0112723
11.734569	0.0108692
11.738465	0.0108212
11.742363	0.0112408
11.746261	0.0104472
11.750160	0.0112279
11.754059	0.0108952
11.757959	0.0114966
11.761860	0.0097106
11.765762	0.0096662
11.769664	0.0111293
11.773567	0.0107612
11.777471	0.0100023
11.781375	0.0109602
11.785280	0.0104332
11.789186	0.0108736
11.793093	0.0106971
11.797000	0.0107329
11.800908	0.0111813
11.804817	0.0114314
11.808726	0.0113062
11.812636	0.0105155
11.816547	0.0112540
11.820458	0.0100616
11.824370	0.0116666
11.828283	0.0113784
11.832197	0.0109063
11.836111	0.0112494
11.840026	0.0104595
11.843942	0.0107162
11.847858	0.0109577
11.851775	0.0108439
11.855693	0.0099707
11.859611	0.0106057
11.863530	0.0104269
11.867450	0.0108258
11.871371	0.0100452
11.875292	0.0104351
11.879214	0.0118042
11.883137	0.0101650
11.887060	0.0101061
11.890984	0.0099266
11.894909	0.0118448
11.898835	0.0102258
11.902761	0.0101805
11.906688	0.0109147
11.910615	0.0095491
11.914543	0.0118783
11.918472	0.0109056
11.922402	0.0111472
11.926333	0.0109909
11.930264	0.0110344
11.934196	0.0110156
11.938128	0.0098071
11.942061	0.0108702
11.945995	0.0110051
11.949930	0.0109656
11.953865	0.0101587
11.957801	0.0101548
11.961738	0.0100950
11.965675	0.0099692
11.969613	0.0102771
11.973552	0.0104151
11.977492	0.0119335
11.981432	0.0103142
11.985373	0.0100090
11.989315	0.0105710
11.993257	0.0102241
11.997200	0.0108655
12.001144	0.0104342
12.005088	0.0100862
12.009033	0.0116369
12.012979	0.0116735
12.016926	0.0107250
12.020873	0.0106057
12.024821	0.0110736
12.028770	0.0098672
12.032719	0.0099704
12.036669	0.0110405
12.040620	0.0114918
12.044571	0.0098120
12.048524	0.0109497
12.052476	0.0109498
12.056430	0.0104783
12.060384	0.0108143
12.064339	0.0092675
12.068295	0.0116398
12.072251	0.0099671
12.076208	0.0109560
12.080166	0.0101023
12.084125	0.0099816
12.088084	0.0107605
12.092044	0.0109195
12.096005	0.0099816
12.099966	0.0108757
12.103928	0.0116882
12.107891	0.0113719
12.111854	0.0109231
12.115818	0.0111449
12.119783	0.0104056
12.123748	0.0100243
12.127715	0.0106364
12.131682	0.0113064
12.135649	0.0105766
12.139618	0.0099429
12.143587	0.0112629
12.147556	0.0115178
12.151527	0.0104839
12.155498	0.0109889
12.159470	0.0093643
12.163442	0.0099228
12.167416	0.0116512
12.171390	0.0115024
12.175364	0.0108973
12.179340	0.0097363
12.183316	0.0101572
12.187292	0.0112988
12.191270	0.0104665
12.195248	0.0103506
12.199227	0.0110139
12.203206	0.0115133
12.207187	0.0099566
12.211168	0.0096449
12.215149	0.0111374
12.219132	0.0109894
12.223115	0.0108800
12.227099	0.0092323
12.231083	0.0104900
12.235068	0.0089376
12.239054	0.0109784
12.243041	0.0103370
12.247028	0.0102096
12.251016	0.0114322
12.255005	0.0108422
12.258994	0.0105277
12.262984	0.0101603
12.266975	0.0107722
12.270967	0.0099487
12.274959	0.0110883
12.278952	0.0105711
12.282945	0.0101420
12.286940	0.0101515
12.290935	0.0113806
12.294930	0.0104065
12.298927	0.0104685
12.302924	0.0108764
12.306922	0.0102128
12.310920	0.0108211
12.314920	0.0117695
12.318920	0.0104410
12.322920	0.0113935
12.326922	0.0103104
12.330924	0.0102081
12.334926	0.0114742
12.338930	0.0109102
12.342934	0.0112759
12.346939	0.0109777
12.350944	0.0107826
12.354951	0.0095974
12.358958	0.0097735
12.362965	0.0096360
12.366974	0.0098339
12.370983	0.0109790
12.374993	0.0092985
12.379003	0.0109501
12.383014	0.0102634
12.387026	0.0108805
12.391039	0.0103403
12.395052	0.0098720
12.399066	0.0114458
12.403081	0.0096642
12.407096	0.0113040
12.411112	0.0113579
12.415129	0.0102172
12.419146	0.0113391
12.423165	0.0098719
12.427184	0.0104278
12.431203	0.0105433
12.435224	0.0098827
12.439245	0.0086654
12.443266	0.0105350
12.447289	0.0112525
12.451312	0.0099711
12.455336	0.0105588
12.459360	0.0108812
12.463385	0.0109596
12.467411	0.0104497
12.471438	0.0100096
12.475465	0.0110504
12.479493	0.0110958
12.483522	0.0103083
12.487552	0.0110607
12.491582	0.0107264
12.495613	0.0111701
12.499644	0.0116356
12.503676	0.0107432
12.507709	0.0104675
12.511743	0.0101451
12.515777	0.0108826
12.519812	0.0102800
12.523848	0.0114476
12.527885	0.0111414
12.531922	0.0107402
12.535960	0.0100511
12.539998	0.0104645
12.544037	0.0101548
12.548077	0.0100380
12.552118	0.0112275
12.556160	0.0103687
12.560202	0.0099920
12.564244	0.0111268
12.568288	0.0103031
12.572332	0.0110480
12.576377	0.0112011
12.580423	0.0117805
12.584469	0.0108055
12.588516	0.0106955
12.592564	0.0106730
12.596612	0.0111028
12.600661	0.0105781
12.604711	0.0115895
12.608761	0.0107620
12.612813	0.0098479
12.616865	0.0117821
12.620917	0.0093178
12.624971	0.0096084
12.629025	0.0115587
12.633079	0.0101357
12.637135	0.0099086
12.641191	0.0113071
12.645248	0.0099387
12.649305	0.0112801
12.653363	0.0108388
12.657422	0.0102864
12.661482	0.0117345
12.665542	0.0107214
12.669603	0.0112915
12.673665	0.0102642
12.677728	0.0104328
12.681791	0.0103026
12.685855	0.0103673
12.689919	0.0102721
12.693985	0.0107778
12.698050	0.0099165
12.702117	0.0104152
12.706185	0.0110538
12.710253	0.0113814
12.714321	0.0105966
12.718391	0.0110120
12.722461	0.0110244
12.726532	0.0111061
12.730604	0.0103060
12.734676	0.0103953
12.738749	0.0093752
12.742823	0.0103086
12.746897	0.0099826
12.750972	0.0111108
12.755048	0.0112696
12.759124	0.0105439
12.763202	0.0100758
12.767279	0.0106589
12.771358	0.0099370
12.775437	0.0102823
12.779517	0.0104548
12.783598	0.0107287
12.787680	0.0104478
12.791762	0.0114153
12.795844	0.0099873
12.799928	0.0110243
12.804012	0.0109094
12.808097	0.0094011
12.812183	0.0101060
12.816269	0.0106595
12.820356	0.0106048
12.824444	0.0100162
12.828532	0.0099605
12.832622	0.0103951
12.836711	0.0105298
12.840802	0.0107700
12.844893	0.0095528
12.848985	0.0101278
12.853078	0.0100125
12.857171	0.0095039
12.861265	0.0110491
12.865360	0.0109748
12.869455	0.0103498
12.873552	0.0100693
12.877649	0.0114659
12.881746	0.0097097
12.885844	0.0110463
12.889943	0.0102809
12.894043	0.0097906
12.898143	0.0108263
12.902245	0.0106456
12.906346	0.0111951
12.910449	0.0103335
12.914552	0.0110052
12.918656	0.0105540
12.922760	0.0103633
12.926866	0.0105511
12.930972	0.0102934
12.935078	0.0109524
12.939186	0.0104842
12.943294	0.0103970
12.947403	0.0116957
12.951512	0.0093593
12.955623	0.0101520
12.959733	0.0107288
12.963845	0.0095204
12.967957	0.0099657
12.972070	0.0114026
12.976184	0.0103917
12.980299	0.0107759
12.984414	0.0110220
12.988530	0.0109311
12.992646	0.0105243
12.996763	0.0098870
13.000881	0.0098774
13.005000	0.0112521
13.009119	0.0107011
13.013239	0.0110561
13.017360	0.0104984
13.021482	0.0098909
13.025604	0.0108610
13.029727	0.0109561
13.033850	0.0110768
13.037974	0.0103331
13.042099	0.0096102
13.046225	0.0104772
13.050351	0.0107603
13.054479	0.0119736
13.058606	0.0095315
13.062735	0.0105922
13.066864	0.0104479
13.070994	0.0101548
13.075124	0.0090604
13.079256	0.0113985
13.083388	0.0105667
13.087520	0.0107135
13.091654	0.0100577
13.095788	0.0105172
13.099923	0.0101326
13.104058	0.0106551
13.108195	0.0120148
13.112331	0.0101860
13.116469	0.0107229
13.120607	0.0093233
13.124746	0.0105714
13.128886	0.0116562
13.133027	0.0118914
13.137168	0.0105045
13.141309	0.0106847
13.145452	0.0112859
13.149595	0.0099540
13.153739	0.0101157
13.157884	0.0109824
13.162029	0.0106512
13.166175	0.0107627
13.170322	0.0109312
13.174469	0.0113323
13.178618	0.0122174
13.182766	0.0109402
13.186916	0.0098374
13.191066	0.0103881
13.195217	0.0104392
13.199369	0.0115301
13.203521	0.0109945
13.207674	0.0097688
13.211828	0.0097836
13.215982	0.0111825
13.220138	0.0100905
13.224294	0.0106891
13.228450	0.0099127
13.232607	0.0106742
13.236765	0.0106000
13.240924	0.0114169
13.245083	0.0120158
13.249244	0.0112981
13.253404	0.0108283
13.257566	0.0112989
13.261728	0.0108559
13.265891	0.0112550
13.270055	0.0118600
13.274219	0.0113195
13.278384	0.0115208
13.282550	0.0094704
13.286716	0.0104703
13.290883	0.0107600
13.295051	0.0102100
13.299219	0.0107061
13.303389	0.0106277
13.307559	0.0117592
13.311729	0.0100111
13.315900	0.0109674
13.320073	0.0100283
13.324245	0.0114159
13.328419	0.0109555
13.332593	0.0089448
13.336768	0.0104131
13.340943	0.0111251
13.345119	0.0095495
13.349296	0.0104445
13.353474	0.0109242
13.357652	0.0099082
13.361831	0.0113451
13.366011	0.0111168
13.370192	0.0107204
13.374373	0.0094781
13.378555	0.0100887
13.382737	0.0111524
13.386921	0.0107719
13.391105	0.0107817
13.395289	0.0105223
13.399475	0.0099599
13.403661	0.0097747
13.407847	0.0103167
13.412035	0.0114730
13.416223	0.0108847
13.420412	0.0097139
13.424602	0.0098327
13.428792	0.0119573
13.432983	0.0107930
13.437175	0.0109043
13.441367	0.0103265
13.445560	0.0112198
13.449754	0.0102992
13.453948	0.0099236
13.458144	0.0106605
13.462340	0.0108838
13.466536	0.0111059
13.470733	0.0109224
13.474931	0.0114822
13.479130	0.0100240
13.483330	0.0102742
13.487530	0.0107216
13.491731	0.0105038
13.495932	0.0100074
13.500134	0.0109234
13.504337	0.0102981
13.508541	0.0097270
13.512745	0.0096699
13.516950	0.0109133
13.521156	0.0108694
13.525363	0.0108337
13.529570	0.0104650
13.533778	0.0084270
13.537986	0.0111076
13.542195	0.0095539
13.546405	0.0104551
13.550616	0.0108926
13.554827	0.0108716
13.559039	0.0105347
13.563252	0.0104718
13.567466	0.0108938
13.571680	0.0106937
13.575895	0.0113266
13.580110	0.0109606
13.584327	0.0117779
13.588544	0.0106537
13.592761	0.0105591
13.596980	0.0101779
13.601199	0.0100059
13.605418	0.0104818
13.609639	0.0105552
13.613860	0.0102558
13.618082	0.0114408
13.622305	0.0110195
13.626528	0.0103051
13.630752	0.0103735
13.634977	0.0101866
13.639202	0.0106020
13.643428	0.0105965
13.647655	0.0106187
13.651883	0.0109619
13.656111	0.0108833
13.660340	0.0117646
13.664569	0.0106656
13.668800	0.0103941
13.673031	0.0105650
13.677262	0.0109199
13.681495	0.0103135
13.685728	0.0105441
13.689962	0.0114367
13.694196	0.0107467
13.698432	0.0110916
13.702668	0.0114884
13.706904	0.0116284
13.711142	0.0115935
13.715380	0.0098627
13.719618	0.0105083
13.723858	0.0111413
13.728098	0.0111554
13.732339	0.0111609
13.736581	0.0115842
13.740823	0.0114810
13.745066	0.0113967
13.749309	0.0092679
13.753554	0.0103626
13.757799	0.0101343
13.762045	0.0096492
13.766291	0.0106228
13.770538	0.0107353
13.774786	0.0105340
13.779035	0.0109289
13.783284	0.0119100
13.787534	0.0095139
13.791785	0.0107696
13.796036	0.0114790
13.800288	0.0103124
13.804541	0.0108791
13.808795	0.0101742
13.813049	0.0106635
13.817304	0.0104839
13.821559	0.0121294
13.825816	0.0116364
13.830073	0.0112869
13.834330	0.0106263
13.838589	0.0109254
13.842848	0.0093606
13.847108	0.0099613
13.851368	0.0112484
13.855630	0.0092107
13.859892	0.0107639
13.864154	0.0102279
13.868418	0.0117860
13.872682	0.0097135
13.876946	0.0109197
13.881212	0.0107478
13.885478	0.0120808
13.889745	0.0111198
13.894012	0.0115908
13.898281	0.0096255
13.902550	0.0109781
13.906819	0.0120726
13.911090	0.0105340
13.915361	0.0123848
13.919632	0.0111673
13.923905	0.0098641
13.928178	0.0103431
13.932452	0.0106666
13.936727	0.0090760
13.941002	0.0104056
13.945278	0.0107814
13.949555	0.0105539
13.953832	0.0104464
13.958110	0.0109381
13.962389	0.0106839
13.966668	0.0116866
13.970948	0.0105738
13.975229	0.0110291
13.979511	0.0110480
13.983793	0.0104952
13.988076	0.0107767
13.992360	0.0103601
13.996644	0.0112284
14.000930	0.0106726
14.005215	0.0117610
14.009502	0.0102308
14.013789	0.0093829
14.018077	0.0095112
14.022366	0.0117143
14.026655	0.0110244
14.030945	0.0111543
14.035236	0.0099374
14.039527	0.0108047
14.043819	0.0098275
14.048112	0.0104002
14.052406	0.0101200
14.056700	0.0107570
14.060995	0.0114788
14.065291	0.0097100
14.069587	0.0096438
14.073884	0.0113725
14.078182	0.0096756
14.082480	0.0108715
14.086779	0.0104276
14.091079	0.0122444
14.095380	0.0110267
14.099681	0.0099938
14.103983	0.0104683
14.108286	0.0103568
14.112589	0.0104472
14.116893	0.0108251
14.121198	0.0105772
14.125504	0.0110664
14.129810	0.0116521
14.134117	0.0100244
14.138424	0.0112388
14.142732	0.0108477
14.147041	0.0110845
14.151351	0.0101007
14.155662	0.0112660
14.159973	0.0099258
14.164285	0.0113609
14.168597	0.0112774
14.172910	0.0117797
14.177224	0.0104852
14.181539	0.0100148
14.185854	0.0112072
14.190170	0.0104741
14.194487	0.0098474
14.198804	0.0110285
14.203122	0.0110359
14.207441	0.0107961
14.211761	0.0109524
14.216081	0.0106415
14.220402	0.0107776
14.224724	0.0109833
14.229046	0.0111337
14.233369	0.0106900
14.237693	0.0100546
14.242017	0.0112900
14.246342	0.0112831
14.250668	0.0107630
14.254995	0.0108390
14.259322	0.0114921
14.263650	0.0114916
14.267979	0.0110822
14.272308	0.0108557
14.276638	0.0107627
14.280969	0.0107687
14.285300	0.0095135
14.289632	0.0110133
14.293965	0.0102197
14.298299	0.0115570
14.302633	0.0096327
14.306968	0.0116265
14.311304	0.0109947
14.315640	0.0104831
14.319977	0.0105676
14.324315	0.0100297
14.328654	0.0111956
14.332993	0.0106677
14.337333	0.0104175
14.341673	0.0106695
14.346015	0.0097388
14.350357	0.0118413
14.354699	0.0105065
14.359043	0.0116202
14.363387	0.0099637
14.367732	0.0110201
14.372077	0.0098548
14.376424	0.0105800
14.380771	0.0109042
14.385118	0.0101630
14.389466	0.0117484
14.393816	0.0103317
14.398165	0.0112231
14.402516	0.0107704
14.406867	0.0098957
14.411219	0.0102382
14.415571	0.0107640
14.419924	0.0100198
14.424278	0.0106084
14.428633	0.0101433
14.432988	0.0112126
14.437344	0.0109233
14.441701	0.0116261
14.446059	0.0116225
14.450417	0.0096254
14.454776	0.0125918
14.459135	0.0111464
14.463496	0.0117165
14.467857	0.0111859
14.472218	0.0113019
14.476581	0.0095101
14.480944	0.0118576
14.485308	0.0102545
14.489672	0.0116773
14.494037	0.0107845
14.498403	0.0111395
14.502770	0.0107635
14.507137	0.0101265
14.511505	0.0119238
14.515874	0.0110021
14.520243	0.0102352
14.524613	0.0104535
14.528984	0.0107279
14.533356	0.0096975
14.537728	0.0103428
14.542101	0.0116268
14.546474	0.0107846
14.550849	0.0107901
14.555224	0.0113357
14.559599	0.0098853
14.563976	0.0106404
14.568353	0.0107113
14.572731	0.0115832
14.577109	0.0113906
14.581489	0.0108337
14.585868	0.0099895
14.590249	0.0110713
14.594630	0.0105913
14.599013	0.0102493
14.603395	0.0103406
14.607779	0.0111562
14.612163	0.0108926
14.616548	0.0110181
14.620933	0.0111933
14.625320	0.0115250
14.629707	0.0102916
14.634094	0.0115494
14.638483	0.0114120
14.642872	0.0099597
14.647261	0.0110168
14.651652	0.0106433
14.656043	0.0101039
14.660435	0.0122638
14.664828	0.0107721
14.669221	0.0111904
14.673615	0.0107709
14.678009	0.0090502
14.682405	0.0115549
14.686801	0.0110283
14.691198	0.0108760
14.695595	0.0104179
14.699993	0.0112131
14.704392	0.0115981
14.708792	0.0108774
14.713192	0.0118504
14.717593	0.0110444
14.721995	0.0111329
14.726397	0.0114046
14.730801	0.0101421
14.735204	0.0112023
14.739609	0.0111516
14.744014	0.0110130
14.748420	0.0109469
14.752827	0.0109203
14.757234	0.0104430
14.761642	0.0111519
14.766051	0.0114375
14.770460	0.0110630
14.774870	0.0101020
14.779281	0.0099921
14.783693	0.0100303
14.788105	0.0100243
14.792518	0.0112329
14.796932	0.0106856
14.801346	0.0105980
14.805761	0.0092538
14.810177	0.0108765
14.814593	0.0102064
14.819011	0.0110426
14.823428	0.0102369
14.827847	0.0104902
14.832266	0.0109101
14.836686	0.0101889
14.841107	0.0111621
14.845528	0.0112265
14.849950	0.0110266
14.854373	0.0107461
14.858797	0.0099408
14.863221	0.0105705
14.867646	0.0104932
14.872071	0.0107455
14.876498	0.0108250
14.880925	0.0093651
14.885352	0.0117973
14.889781	0.0105642
14.894210	0.0110886
14.898640	0.0111451
14.903070	0.0114923
14.907501	0.0107821
14.911933	0.0109707
14.916366	0.0105474
14.920799	0.0110363
14.925233	0.0111001
14.929668	0.0104398
14.934103	0.0111436
14.938540	0.0098720
14.942976	0.0110886
14.947414	0.0108976
14.951852	0.0109227
14.956291	0.0102141
14.960731	0.0108482
14.965171	0.0111932
14.969612	0.0118485
14.974054	0.0103288
14.978496	0.0104184
14.982940	0.0116577
14.987383	0.0110079
14.991828	0.0099419
14.996273	0.0115133
15.000719	0.0116804
15.005166	0.0103740
15.009613	0.0104173
15.014061	0.0116981
15.018510	0.0106447
15.022960	0.0107174
15.027410	0.0113719
15.031861	0.0108802
15.036312	0.0109025
15.040765	0.0104124
15.045217	0.0106570
15.049671	0.0101372
15.054126	0.0098142
15.058581	0.0126134
15.063036	0.0098868
15.067493	0.0104260
15.071950	0.0111071
15.076408	0.0107708
15.080867	0.0110927
15.085326	0.0124410
15.089786	0.0106808
15.094247	0.0093563
15.098708	0.0102605
15.103170	0.0112753
15.107633	0.0110742
15.112097	0.0117996
15.116561	0.0106834
15.121026	0.0104627
15.125491	0.0096894
15.129958	0.0110422
15.134425	0.0114878
15.138893	0.0105403
15.143361	0.0098257
15.147830	0.0109573
15.152300	0.0106722
15.156771	0.0112711
15.161242	0.0105818
15.165714	0.0108443
15.170186	0.0104788
15.174660	0.0100924
15.179134	0.0110308
15.183609	0.0111323
15.188084	0.0099243
15.192560	0.0103989
15.197037	0.0110335
15.201515	0.0110206
15.205993	0.0105650
15.210472	0.0103149
15.214952	0.0118298
15.219432	0.0110688
15.223913	0.0106489
15.228395	0.0113566
15.232877	0.0099843
15.237361	0.0095855
15.241844	0.0114640
15.246329	0.0104710
15.250814	0.0108398
15.255300	0.0101652
15.259787	0.0105885
15.264275	0.0119262
15.268763	0.0098816
15.273251	0.0105431
15.277741	0.0110714
15.282231	0.0096514
15.286722	0.0108349
15.291214	0.0109312
15.295706	0.0112001
15.300199	0.0102792
15.304693	0.0105095
15.309187	0.0105495
15.313682	0.0096084
15.318178	0.0114084
15.322675	0.0107903
15.327172	0.0094896
15.331670	0.0107787
15.336169	0.0113152
15.340668	0.0119026
15.345168	0.0100763
15.349669	0.0113292
15.354170	0.0091036
15.358672	0.0115011
15.363175	0.0104366
15.367679	0.0101162
15.372183	0.0109107
15.376688	0.0101738
15.381194	0.0112085
15.385700	0.0120764
15.390207	0.0109754
15.394715	0.0109317
15.399223	0.0107809
15.403733	0.0098267
15.408242	0.0097060
15.412753	0.0110806
15.417264	0.0106785
15.421776	0.0107735
15.426289	0.0111671
15.430802	0.0108702
15.435317	0.0105916
15.439831	0.0109095
15.444347	0.0105700
15.448863	0.0099588
15.453380	0.0099526
15.457898	0.0113500
15.462416	0.0100953
15.466935	0.0092004
15.471455	0.0102795
15.475975	0.0115865
15.480496	0.0096756
15.485018	0.0097836
15.489541	0.0103280
15.494064	0.0102121
15.498588	0.0112157
15.503112	0.0100235
15.507638	0.0108657
15.512164	0.0103835
15.516690	0.0109971
15.521218	0.0092412
15.525746	0.0109828
15.530275	0.0104943
15.534804	0.0116420
15.539335	0.0104573
15.543866	0.0104314
15.548397	0.0111225
15.552930	0.0098853
15.557463	0.0114859
15.561996	0.0105724
15.566531	0.0110365
15.571066	0.0116345
15.575602	0.0112543
15.580139	0.0108130
15.584676	0.0107925
15.589214	0.0107546
15.593753	0.0106964
15.598292	0.0100085
15.602832	0.0111643
15.607373	0.0107153
15.611914	0.0116274
15.616456	0.0103638
15.620999	0.0106964
15.625543	0.0100574
15.630087	0.0104372
15.634632	0.0102395
15.639178	0.0106387
15.643724	0.0114430
15.648272	0.0113420
15.652819	0.0099353
15.657368	0.0100216
15.661917	0.0108694
15.666467	0.0107721
15.671018	0.0109673
15.675569	0.0108861
15.680121	0.0107749
15.684674	0.0112797
15.689227	0.0107106
15.693781	0.0095953
15.698336	0.0110070
15.702892	0.0102951
15.707448	0.0102214
15.712005	0.0114759
15.716563	0.0114659
15.721121	0.0111288
15.725680	0.0102484
15.730240	0.0110935
15.734800	0.0106447
15.739361	0.0106823
15.743923	0.0103260
15.748486	0.0109765
15.753049	0.0113681
15.757613	0.0114106
15.762178	0.0093540
15.766743	0.0114830
15.771309	0.0094333
15.775876	0.0095131
15.780443	0.0121714
15.785012	0.0104434
15.789580	0.0096278
15.794150	0.0106403
15.798720	0.0112919
15.803291	0.0106439
15.807863	0.0106406
15.812435	0.0115780
15.817008	0.0107157
15.821582	0.0111768
15.826157	0.0111908
15.830732	0.0099147
15.835308	0.0102265
15.839885	0.0114251
15.844462	0.0102422
15.849040	0.0118372
15.853619	0.0106858
15.858198	0.0108138
15.862778	0.0110546
15.867359	0.0105955
15.871940	0.0102865
15.876523	0.0106341
15.881106	0.0113521
15.885689	0.0100649
15.890274	0.0124321
15.894859	0.0100526
15.899444	0.0113949
15.904031	0.0100715
15.908618	0.0106648
15.913206	0.0106801
15.917794	0.0099604
15.922384	0.0116218
15.926974	0.0109570
15.931564	0.0111321
15.936156	0.0106602
15.940748	0.0117964
15.945340	0.0112168
15.949934	0.0111599
15.954528	0.0119338
15.959123	0.0104743
15.963719	0.0106960
15.968315	0.0105177
15.972912	0.0119183
15.977510	0.0104573
15.982108	0.0112959
15.986707	0.0104877
15.991307	0.0115400
15.995907	0.0114072
16.000509	0.0104920
16.005110	0.0108495
16.009713	0.0105405
16.014316	0.0101701
16.018920	0.0108854
16.023525	0.0100234
16.028130	0.0096435
16.032737	0.0109365
16.037343	0.0104942
16.041951	0.0110263
16.046559	0.0115161
16.051168	0.0104079
16.055778	0.0100734
16.060388	0.0110901
16.064999	0.0106135
16.069611	0.0108143
16.074223	0.0116888
16.078836	0.0113765
16.083450	0.0105070
16.088065	0.0119282
16.092680	0.0109572
16.097296	0.0114273
16.101913	0.0098448
16.106530	0.0109986
16.111148	0.0112135
16.115767	0.0109488
16.120386	0.0121541
16.125006	0.0103552
16.129627	0.0102868
16.134249	0.0112781
16.138871	0.0117859
16.143494	0.0114813
16.148118	0.0107550
16.152742	0.0106575
16.157367	0.0113131
16.161993	0.0101827
16.166619	0.0114533
16.171247	0.0114191
16.175875	0.0103244
16.180503	0.0107150
16.185132	0.0104806
16.189762	0.0110965
16.194393	0.0108383
16.199024	0.0098182
16.203657	0.0114819
16.208289	0.0095805
16.212923	0.0112574
16.217557	0.0100733
16.222192	0.0104907
16.226828	0.0110451
16.231464	0.0108128
16.236101	0.0105020
16.240739	0.0117180
16.245377	0.0113445
16.250016	0.0113777
16.254656	0.0106321
16.259297	0.0103228
16.263938	0.0108729
16.268580	0.0115853
16.273222	0.0110619
16.277866	0.0105574
16.282510	0.0113344
16.287155	0.0114370
16.291800	0.0100267
16.296446	0.0102270
16.301093	0.0100395
16.305741	0.0116083
16.310389	0.0099055
16.315038	0.0113123
16.319687	0.0109824
16.324338	0.0113111
16.328989	0.0096467
16.333641	0.0105190
16.338293	0.0106380
16.342946	0.0109323
16.347600	0.0096977
16.352255	0.0111167
16.356910	0.0114981
16.361566	0.0109389
16.366223	0.0115289
16.370880	0.0107760
16.375538	0.0103384
16.380197	0.0112043
16.384856	0.0113665
16.389517	0.0111164
16.394178	0.0117287
16.398839	0.0102530
16.403501	0.0106098
16.408165	0.0108324
16.412828	0.0104884
16.417493	0.0100300
16.422158	0.0115604
16.426824	0.0102923
16.431490	0.0115498
16.436157	0.0103315
16.440825	0.0119239
16.445494	0.0111140
16.450163	0.0113849
16.454833	0.0106860
16.459504	0.0117125
16.464175	0.0109204
16.468848	0.0102063
16.473520	0.0109387
16.478194	0.0107555
16.482868	0.0117753
16.487543	0.0115008
16.492219	0.0111643
16.496895	0.0100524
16.501572	0.0099497
16.506250	0.0107451
16.510928	0.0101634
16.515608	0.0117478
16.520287	0.0102571
16.524968	0.0103170
16.529649	0.0118103
16.534331	0.0109706
16.539014	0.0115854
16.543697	0.0101768
16.548381	0.0105829
16.553066	0.0108408
16.557752	0.0110658
16.562438	0.0105599
16.567125	0.0116496
16.571812	0.0108355
16.576501	0.0101159
16.581190	0.0110179
16.585879	0.0111609
16.590570	0.0104518
16.595261	0.0112371
16.599953	0.0110067
16.604645	0.0109082
16.609338	0.0104622
16.614032	0.0104376
16.618727	0.0108358
16.623422	0.0111418
16.628118	0.0119632
16.632815	0.0112775
16.637512	0.0102909
16.642210	0.0110028
16.646909	0.0103200
16.651609	0.0120125
16.656309	0.0115783
16.661010	0.0111480
16.665712	0.0101551
16.670414	0.0097905
16.675117	0.0107772
16.679821	0.0118897
16.684525	0.0105910
16.689230	0.0108119
16.693936	0.0099108
16.698643	0.0116325
16.703350	0.0100349
16.708058	0.0112452
16.712767	0.0119255
16.717476	0.0111764
16.722186	0.0111489
16.726897	0.0107832
16.731608	0.0096867
16.736321	0.0110334
16.741033	0.0121237
16.745747	0.0117049
16.750461	0.0100807
16.755176	0.0111154
16.759892	0.0119877
16.764608	0.0106685
16.769325	0.0112897
16.774043	0.0100346
16.778762	0.0112850
16.783481	0.0115974
16.788201	0.0099058
16.792921	0.0108696
16.797643	0.0106501
16.802365	0.0110481
16.807088	0.0097124
16.811811	0.0094895
16.816535	0.0115665
16.821260	0.0104470
16.825985	0.0101626
16.830712	0.0124322
16.835439	0.0107298
16.840166	0.0105344
16.844895	0.0111586
16.849624	0.0118276
16.854353	0.0099856
16.859084	0.0111692
16.863815	0.0102794
16.868547	0.0112468
16.873279	0.0108286
16.878012	0.0105482
16.882746	0.0113156
16.887481	0.0106108
16.892216	0.0114159
16.896953	0.0120069
16.901689	0.0105493
16.906427	0.0112660
16.911165	0.0124447
16.915904	0.0103443
16.920643	0.0108216
16.925384	0.0113713
16.930125	0.0122489
16.934866	0.0108070
16.939609	0.0106015
16.944352	0.0116058
16.949096	0.0107002
16.953840	0.0112687
16.958585	0.0110954
16.963331	0.0101634
16.968078	0.0112905
16.972825	0.0108695
16.977573	0.0118350
16.982322	0.0105742
16.987071	0.0104480
16.991821	0.0109078
16.996572	0.0105429
17.001324	0.0121467
17.006076	0.0110322
17.010829	0.0114616
17.015582	0.0112716
17.020337	0.0114760
17.025092	0.0109235
17.029847	0.0104112
17.034604	0.0115656
17.039361	0.0103021
17.044119	0.0104370
17.048877	0.0119717
17.053636	0.0118533
17.058396	0.0118539
17.063157	0.0100058
17.067918	0.0110421
17.072680	0.0106368
17.077443	0.0108504
17.082207	0.0102572
17.086971	0.0116956
17.091736	0.0106905
17.096501	0.0101809
17.101268	0.0091624
17.106034	0.0100606
17.110802	0.0098509
17.115570	0.0093807
17.120340	0.0116338
17.125109	0.0115907
17.129880	0.0107080
17.134651	0.0103195
17.139423	0.0120324
17.144195	0.0104234
17.148969	0.0104536
17.153743	0.0105241
17.158517	0.0103863
17.163293	0.0106778
17.168069	0.0092614
17.172846	0.0105827
17.177623	0.0110128
17.182401	0.0101160
17.187180	0.0113227
17.191960	0.0109985
17.196740	0.0102998
17.201521	0.0097479
17.206303	0.0116676
17.211085	0.0111355
17.215868	0.0110049
17.220652	0.0105732
17.225437	0.0109560
17.230222	0.0110025
17.235008	0.0104402
17.239795	0.0113890
17.244582	0.0109932
17.249370	0.0112868
17.254159	0.0109487
17.258948	0.0110871
17.263738	0.0098746
17.268529	0.0106565
17.273321	0.0114055
17.278113	0.0113441
17.282906	0.0106526
17.287700	0.0106020
17.292494	0.0106091
17.297289	0.0105968
17.302085	0.0119451
17.306881	0.0114288
17.311678	0.0113157
17.316476	0.0101498
17.321275	0.0118493
17.326074	0.0108380
17.330874	0.0103285
17.335675	0.0104152
17.340476	0.0107879
17.345278	0.0114014
17.350081	0.0116490
17.354885	0.0102788
17.359689	0.0106699
17.364494	0.0110847
17.369299	0.0119793
17.374105	0.0113696
17.378912	0.0110133
17.383720	0.0108943
17.388529	0.0111890
17.393338	0.0105064
17.398148	0.0110003
17.402958	0.0110742
17.407769	0.0103034
17.412581	0.0113138
17.417394	0.0120911
17.422207	0.0100662
17.427021	0.0113087
17.431836	0.0114291
17.436651	0.0111057
17.441467	0.0104392
17.446284	0.0114835
17.451102	0.0106553
17.455920	0.0106161
17.460739	0.0117718
17.465559	0.0116804
17.470379	0.0110896
17.475200	0.0113881
17.480022	0.0109148
17.484844	0.0104866
17.489667	0.0102401
17.494491	0.0109787
17.499316	0.0103858
17.504141	0.0111008
17.508967	0.0104128
17.513794	0.0107591
17.518621	0.0119045
17.523449	0.0103019
17.528278	0.0111082
17.533107	0.0106373
17.537938	0.0103957
17.542768	0.0110587
17.547600	0.0106970
17.552432	0.0105953
17.557265	0.0108325
17.562099	0.0111439
17.566933	0.0115884
17.571768	0.0112637
17.576604	0.0100951
17.581441	0.0107096
17.586278	0.0110330
17.591116	0.0094737
17.595955	0.0107334
17.600794	0.0113074
17.605634	0.0106650
17.610475	0.0113201
17.615316	0.0108883
17.620158	0.0110063
17.625001	0.0115648
17.629844	0.0113807
17.634689	0.0103910
17.639534	0.0107201
17.644379	0.0107659
17.649226	0.0099789
17.654073	0.0117297
17.658920	0.0101903
17.663769	0.0103291
17.668618	0.0107063
17.673468	0.0096791
17.678318	0.0107764
17.683170	0.0104428
17.688022	0.0103532
17.692874	0.0100971
17.697728	0.0104777
17.702582	0.0102547
17.707436	0.0096573
17.712292	0.0106437
17.717148	0.0109320
17.722005	0.0113536
17.726862	0.0103370
17.731721	0.0117521
17.736580	0.0104237
17.741439	0.0119578
17.746300	0.0112073
17.751161	0.0103523
17.756023	0.0110413
17.760885	0.0109388
17.765748	0.0107555
17.770612	0.0114299
17.775477	0.0104028
17.780342	0.0106952
17.785208	0.0105706
17.790075	0.0104288
17.794942	0.0101096
17.799810	0.0108337
17.804679	0.0100756
17.809549	0.0106501
17.814419	0.0098785
17.819290	0.0100644
17.824161	0.0099895
17.829034	0.0105806
17.833907	0.0104706
17.838780	0.0115161
17.843655	0.0101625
17.848530	0.0110787
17.853406	0.0110817
17.858282	0.0110437
17.863160	0.0101390
17.868038	0.0105542
17.872916	0.0094738
17.877796	0.0113602
17.882676	0.0123823
17.887556	0.0110160
17.892438	0.0102245
17.897320	0.0106571
17.902203	0.0100781
17.907086	0.0106235
17.911971	0.0111499
17.916856	0.0107074
17.921741	0.0114452
17.926628	0.0099540
17.931515	0.0125944
17.936403	0.0104642
17.941291	0.0105544
17.946180	0.0114245
17.951070	0.0097934
17.955961	0.0104675
17.960852	0.0099281
17.965744	0.0107489
17.970637	0.0112385
17.975530	0.0115928
17.980424	0.0113266
17.985319	0.0110581
17.990214	0.0107129
17.995111	0.0110330
18.000008	0.0110739
18.004905	0.0106867
18.009804	0.0104941
18.014703	0.0101275
18.019602	0.0114682
18.024503	0.0117638
18.029404	0.0104331
18.034306	0.0113567
18.039208	0.0110363
18.044111	0.0113290
18.049015	0.0109106
18.053920	0.0109393
18.058825	0.0114197
18.063731	0.0123327
18.068638	0.0115119
18.073546	0.0102338
18.078454	0.0108579
18.083362	0.0114978
18.088272	0.0102968
18.093182	0.0105212
18.098093	0.0112187
18.103005	0.0118400
18.107917	0.0096085
18.112830	0.0119382
18.117744	0.0112127
18.122659	0.0117355
18.127574	0.0116383
18.132490	0.0107932
18.137406	0.0117428
18.142323	0.0135090
18.147241	0.0152746
18.152160	0.0197223
18.157080	0.0292398
18.162000	0.0414697
18.166920	0.0560667
18.171842	0.0698300
18.176764	0.0784422
18.181687	0.0785256
18.186611	0.0758271
18.191535	0.0695200
18.196460	0.0604267
18.201386	0.0465617
18.206312	0.0365172
18.211239	0.0265842
18.216167	0.0220045
18.221095	0.0166266
18.226025	0.0142532
18.230955	0.0114078
18.235885	0.0115632
18.240817	0.0118104
18.245749	0.0117731
18.250681	0.0099923
18.255615	0.0104015
18.260549	0.0106603
18.265484	0.0107340
18.270419	0.0107613
18.275355	0.0109364
18.280292	0.0109431
18.285230	0.0106208
18.290168	0.0110733
18.295107	0.0115246
18.300047	0.0108917
18.304988	0.0111769
18.309929	0.0108118
18.314871	0.0109344
18.319813	0.0101385
18.324757	0.0110249
18.329700	0.0104722
18.334645	0.0114564
18.339591	0.0103668
18.344537	0.0114010
18.349483	0.0097923
18.354431	0.0098857
18.359379	0.0114050
18.364328	0.0110342
18.369278	0.0106988
18.374228	0.0113731
18.379179	0.0108549
18.384131	0.0110306
18.389083	0.0109850
18.394036	0.0115751
18.398990	0.0111591
18.403944	0.0108735
18.408900	0.0110862
18.413855	0.0112761
18.418812	0.0111830
18.423769	0.0111257
18.428727	0.0111909
18.433686	0.0116462
18.438646	0.0104668
18.443606	0.0108172
18.448566	0.0119983
18.453528	0.0114057
18.458490	0.0113442
18.463453	0.0104441
18.468417	0.0096735
18.473381	0.0106831
18.478346	0.0114380
18.483312	0.0107283
18.488278	0.0115357
18.493246	0.0117093
18.498213	0.0104228
18.503182	0.0111565
18.508151	0.0108782
18.513121	0.0098222
18.518092	0.0115324
18.523063	0.0116862
18.528035	0.0116327
18.533008	0.0111158
18.537981	0.0105038
18.542956	0.0099944
18.547931	0.0116040
18.552906	0.0111555
18.557882	0.0106315
18.562859	0.0106400
18.567837	0.0100041
18.572815	0.0109250
18.577795	0.0103493
18.582774	0.0118187
18.587755	0.0113279
18.592736	0.0105344
18.597718	0.0113524
18.602700	0.0110050
18.607684	0.0099178
18.612668	0.0103589
18.617652	0.0119671
18.622638	0.0106469
18.627624	0.0120911
18.632611	0.0110722
18.637598	0.0113710
18.642587	0.0108673
18.647575	0.0131145
18.652565	0.0106354
18.657555	0.0107421
18.662546	0.0095597
18.667538	0.0105798
18.672531	0.0100059
18.677524	0.0113442
18.682518	0.0104408
18.687512	0.0121233
18.692507	0.0109158
18.697503	0.0115790
18.702500	0.0102553
18.707497	0.0114961
18.712495	0.0112612
18.717494	0.0104798
18.722494	0.0110567
18.727494	0.0110653
18.732495	0.0119438
18.737496	0.0107254
18.742498	0.0102447
18.747501	0.0115020
18.752505	0.0119948
18.757509	0.0121458
18.762515	0.0107946
18.767520	0.0108357
18.772527	0.0100241
18.777534	0.0110396
18.782542	0.0117738
18.787550	0.0108868
18.792560	0.0108520
18.797570	0.0113696
18.802580	0.0114082
18.807592	0.0101240
18.812604	0.0119156
18.817617	0.0105500
18.822630	0.0104184
18.827645	0.0104424
18.832659	0.0111266
18.837675	0.0101588
18.842691	0.0113525
18.847708	0.0106292
18.852726	0.0112590
18.857745	0.0120091
18.862764	0.0122349
18.867783	0.0098674
18.872804	0.0116555
18.877825	0.0122690
18.882847	0.0111307
18.887870	0.0104544
18.892893	0.0118351
18.897917	0.0106514
18.902942	0.0106912
18.907967	0.0100847
18.912994	0.0103109
18.918020	0.0107652
18.923048	0.0104979
18.928076	0.0113547
18.933105	0.0109605
18.938135	0.0113295
18.943165	0.0105122
18.948196	0.0117125
18.953228	0.0114919
18.958260	0.0108780
18.963294	0.0101253
18.968328	0.0108052
18.973362	0.0107179
18.978397	0.0119362
18.983433	0.0105279
18.988470	0.0114148
18.993507	0.0121733
18.998546	0.0112604
19.003584	0.0109789
19.008624	0.0112765
19.013664	0.0116168
19.018705	0.0112584
19.023747	0.0101301
19.028789	0.0107233
19.033832	0.0113329
19.038876	0.0105376
19.043920	0.0117117
19.048965	0.0103328
19.054011	0.0114253
19.059057	0.0115068
19.064105	0.0109602
19.069153	0.0114062
19.074201	0.0106415
19.079250	0.0107024
19.084301	0.0102406
19.089351	0.0123420
19.094403	0.0114593
19.099455	0.0105014
19.104508	0.0111348
19.109561	0.0106912
19.114615	0.0117448
19.119670	0.0117069
19.124726	0.0107251
19.129782	0.0103437
19.134839	0.0108439
19.139897	0.0122405
19.144956	0.0129323
19.150015	0.0153336
19.155075	0.0154978
19.160135	0.0171674
19.165197	0.0182544
19.170259	0.0172533
19.175321	0.0167970
19.180385	0.0162064
19.185449	0.0155294
19.190513	0.0144808
19.195579	0.0127441
19.200645	0.0121022
19.205712	0.0126516
19.210780	0.0113196
19.215848	0.0118393
19.220917	0.0114681
19.225987	0.0115805
19.231057	0.0118990
19.236128	0.0106014
19.241200	0.0108778
19.246272	0.0110009
19.251346	0.0110624
19.256420	0.0102887
19.261494	0.0107308
19.266569	0.0111540
19.271645	0.0107660
19.276722	0.0111405
19.281800	0.0110785
19.286878	0.0115041
19.291957	0.0112510
19.297036	0.0098512
19.302116	0.0103990
19.307197	0.0105852
19.312279	0.0113056
19.317361	0.0109718
19.322444	0.0109613
19.327528	0.0103842
19.332612	0.0119338
19.337698	0.0121044
19.342784	0.0117364
19.347870	0.0110272
19.352957	0.0107085
19.358045	0.0098636
19.363134	0.0104986
19.368223	0.0118262
19.373313	0.0100175
19.378404	0.0110855
19.383496	0.0105792
19.388588	0.0127910
19.393681	0.0100673
19.398774	0.0115627
19.403869	0.0104483
19.408964	0.0115201
19.414059	0.0112614
19.419156	0.0104027
19.424253	0.0112122
19.429350	0.0120679
19.434449	0.0105857
19.439548	0.0100273
19.444648	0.0116185
19.449749	0.0120132
19.454850	0.0106073
19.459952	0.0110146
19.465055	0.0117334
19.470158	0.0115819
19.475262	0.0108275
19.480367	0.0108857
19.485473	0.0100605
19.490579	0.0115109
19.495686	0.0118983
19.500793	0.0117688
19.505902	0.0100524
19.511011	0.0111129
19.516120	0.0111241
19.521231	0.0110270
19.526342	0.0110126
19.531454	0.0109402
19.536566	0.0100157
19.541680	0.0120644
19.546794	0.0111476
19.551908	0.0098902
19.557024	0.0116453
19.562140	0.0114084
19.567256	0.0111437
19.572374	0.0114539
19.577492	0.0115388
19.582611	0.0112511
19.587730	0.0121095
19.592851	0.0107847
19.597972	0.0110064
19.603093	0.0100340
19.608216	0.0110676
19.613339	0.0107798
19.618463	0.0112799
19.623587	0.0113446
19.628712	0.0116228
19.633838	0.0103830
19.638965	0.0105961
19.644092	0.0118005
19.649220	0.0122350
19.654349	0.0111958
19.659478	0.0112839
19.664608	0.0116429
19.669739	0.0106670
19.674871	0.0112961
19.680003	0.0097520
19.685136	0.0104347
19.690269	0.0116317
19.695404	0.0115860
19.700539	0.0114012
19.705674	0.0114583
19.710811	0.0105621
19.715948	0.0120470
19.721086	0.0108811
19.726224	0.0102232
19.731364	0.0109947
19.736504	0.0100173
19.741644	0.0103975
19.746786	0.0104252
19.751928	0.0110891
19.757070	0.0102704
19.762214	0.0109922
19.767358	0.0110955
19.772503	0.0108212
19.777648	0.0113203
19.782795	0.0112510
19.787942	0.0113584
19.793089	0.0111047
19.798238	0.0104824
19.803387	0.0105069
19.808536	0.0119838
19.813687	0.0107361
19.818838	0.0112301
19.823990	0.0116221
19.829143	0.0102111
19.834296	0.0113996
19.839450	0.0111744
19.844605	0.0114877
19.849760	0.0117308
19.854916	0.0114603
19.860073	0.0109590
19.865230	0.0111671
19.870388	0.0108284
19.875547	0.0111185
19.880707	0.0116681
19.885867	0.0106758
19.891028	0.0105127
19.896190	0.0103004
19.901352	0.0104123
19.906516	0.0105531
19.911679	0.0099487
19.916844	0.0103495
19.922009	0.0108314
19.927175	0.0100686
19.932342	0.0118116
19.937509	0.0110428
19.942677	0.0106724
19.947846	0.0115088
19.953015	0.0109961
19.958185	0.0110788
19.963356	0.0112710
19.968528	0.0106115
19.973700	0.0104213
19.978873	0.0105004
19.984047	0.0108707
19.989221	0.0107512
19.994396	0.0115734
19.999572	0.0106708
20.004748	0.0108870
20.009925	0.0108814
20.015103	0.0107852
20.020282	0.0103812
20.025461	0.0111589
20.030641	0.0105833
20.035822	0.0109607
20.041003	0.0110380
20.046185	0.0100778
20.051368	0.0105093
20.056552	0.0115972
20.061736	0.0112192
20.066921	0.0111640
20.072106	0.0111024
20.077292	0.0115184
20.082479	0.0105033
20.087667	0.0100728
20.092856	0.0109104
20.098045	0.0118558
20.103235	0.0106353
20.108425	0.0105375
20.113616	0.0115621
20.118808	0.0113776
20.124001	0.0113342
20.129194	0.0120286
20.134388	0.0108373
20.139583	0.0114324
20.144778	0.0110891
20.149974	0.0107333
20.155171	0.0105427
20.160369	0.0106692
20.165567	0.0118929
20.170766	0.0118242
20.175966	0.0112080
20.181166	0.0116006
20.186367	0.0106699
20.191569	0.0117893
20.196771	0.0123392
20.201974	0.0100279
20.207178	0.0117772
20.212383	0.0105558
20.217588	0.0113595
20.222794	0.0107142
20.228001	0.0115624
20.233208	0.0109212
20.238416	0.0110158
20.243625	0.0113703
20.248834	0.0107325
20.254044	0.0116140
20.259255	0.0113931
20.264467	0.0106252
20.269679	0.0101968
20.274892	0.0100967
20.280106	0.0120083
20.285320	0.0108784
20.290535	0.0103449
20.295751	0.0106798
20.300968	0.0098078
20.306185	0.0117659
20.311403	0.0101429
20.316621	0.0108058
20.321841	0.0101724
20.327061	0.0128089
20.332281	0.0105845
20.337503	0.0103683
20.342725	0.0124691
20.347948	0.0117655
20.353171	0.0116804
20.358396	0.0116426
20.363620	0.0115246
20.368846	0.0107077
20.374072	0.0112145
20.379300	0.0118601
20.384527	0.0106924
20.389756	0.0113626
20.394985	0.0105930
20.400215	0.0101093
20.405445	0.0112664
20.410676	0.0104071
20.415908	0.0106359
20.421141	0.0104238
20.426374	0.0117998
20.431608	0.0119828
20.436843	0.0100030
20.442079	0.0112970
20.447315	0.0118728
20.452552	0.0105069
20.457789	0.0108236
20.463028	0.0129445
20.468267	0.0104362
20.473506	0.0117823
20.478747	0.0118819
20.483988	0.0107775
20.489230	0.0106162
20.494472	0.0120936
20.499715	0.0110808
20.504959	0.0117806
20.510204	0.0094164
20.515449	0.0105197
20.520695	0.0113549
20.525942	0.0111474
20.531189	0.0102253
20.536437	0.0114555
20.541686	0.0098518
20.546936	0.0111583
20.552186	0.0111047
20.557437	0.0109257
20.562688	0.0109970
20.567941	0.0110731
20.573194	0.0102842
20.578447	0.0103090
20.583702	0.0112249
20.588957	0.0117083
20.594213	0.0115345
20.599469	0.0095195
20.604727	0.0091573
20.609984	0.0107251
20.615243	0.0116743
20.620502	0.0118949
20.625763	0.0115250
20.631023	0.0112136
20.636285	0.0108768
20.641547	0.0115681
20.646810	0.0105359
20.652073	0.0109781
20.657338	0.0107319
20.662603	0.0121118
20.667868	0.0106887
20.673135	0.0113136
20.678402	0.0094963
20.683669	0.0112921
20.688938	0.0105768
20.694207	0.0106069
20.699477	0.0106938
20.704748	0.0102096
20.710019	0.0113823
20.715291	0.0108958
20.720563	0.0120049
20.725837	0.0102947
20.731111	0.0117754
20.736386	0.0107433
20.741661	0.0106913
20.746937	0.0106528
20.752214	0.0107891
20.757492	0.0112869
20.762770	0.0097293
20.768049	0.0110140
20.773329	0.0116812
20.778609	0.0110823
20.783891	0.0114250
20.789172	0.0108450
20.794455	0.0105828
20.799738	0.0118101
20.805022	0.0098107
20.810307	0.0116939
20.815592	0.0116621
20.820878	0.0110028
20.826165	0.0116110
20.831452	0.0113756
20.836740	0.0104706
20.842029	0.0121370
20.847319	0.0108785
20.852609	0.0104098
20.857900	0.0109128
20.863192	0.0116072
20.868484	0.0109841
20.873777	0.0105684
20.879071	0.0125106
20.884365	0.0113900
20.889660	0.0122111
20.894956	0.0114627
20.900253	0.0102977
20.905550	0.0113619
20.910848	0.0115939
20.916147	0.0110572
20.921446	0.0114633
20.926746	0.0101801
20.932047	0.0112211
20.937349	0.0115727
20.942651	0.0108716
20.947954	0.0114584
20.953257	0.0123785
20.958562	0.0110186
20.963867	0.0107797
20.969172	0.0111510
20.974479	0.0106852
20.979786	0.0112593
20.985094	0.0110745
20.990402	0.0116506
20.995711	0.0106022
21.001021	0.0111865
21.006332	0.0113563
21.011643	0.0117619
21.016955	0.0111745
21.022268	0.0111145
21.027581	0.0110743
21.032896	0.0111229
21.038210	0.0117788
21.043526	0.0099970
21.048842	0.0117955
21.054159	0.0115470
21.059477	0.0100866
21.064795	0.0107035
21.070114	0.0116617
21.075434	0.0116337
21.080754	0.0122956
21.086076	0.0114575
21.091397	0.0112159
21.096720	0.0118035
21.102043	0.0125712
21.107367	0.0118427
21.112692	0.0111658
21.118017	0.0105042
21.123343	0.0109995
21.128670	0.0105817
21.133998	0.0102887
21.139326	0.0106527
21.144655	0.0108928
21.149984	0.0109457
21.155315	0.0102078
21.160645	0.0101524
21.165977	0.0108262
21.171310	0.0106007
21.176643	0.0107162
21.181976	0.0116011
21.187311	0.0113919
21.192646	0.0112609
21.197982	0.0102839
21.203319	0.0107742
21.208656	0.0108871
21.213994	0.0111252
21.219333	0.0111317
21.224672	0.0104947
21.230012	0.0108763
21.235353	0.0114496
21.240695	0.0103261
21.246037	0.0103590
21.251380	0.0113942
21.256723	0.0120294
21.262068	0.0098385
21.267413	0.0120138
21.272759	0.0118367
21.278105	0.0109781
21.283452	0.0118658
21.288800	0.0110065
21.294149	0.0119860
21.299498	0.0108358
21.304848	0.0102898
21.310198	0.0105005
21.315550	0.0116243
21.320902	0.0112738
21.326255	0.0110899
21.331608	0.0109767
21.336962	0.0111369
21.342317	0.0116392
21.347673	0.0102251
21.353029	0.0113197
21.358386	0.0116306
21.363744	0.0117133
21.369102	0.0117452
21.374461	0.0113413
21.379821	0.0110024
21.385181	0.0122421
21.390543	0.0114032
21.395904	0.0111810
21.401267	0.0116497
21.406630	0.0113085
21.411994	0.0109352
21.417359	0.0111233
21.422725	0.0115365
21.428091	0.0122350
21.433457	0.0113903
21.438825	0.0112215
21.444193	0.0123535
21.449562	0.0115090
21.454932	0.0112441
21.460302	0.0122956
21.465673	0.0112446
21.471045	0.0114315
21.476417	0.0104918
21.481790	0.0107440
21.487164	0.0108239
21.492539	0.0099784
21.497914	0.0111840
21.503290	0.0112967
21.508667	0.0109527
21.514044	0.0107907
21.519422	0.0110341
21.524801	0.0110943
21.530180	0.0113690
21.535560	0.0112605
21.540941	0.0109751
21.546323	0.0113714
21.551705	0.0117692
21.557088	0.0106971
21.562472	0.0115942
21.567856	0.0106613
21.573241	0.0121646
21.578627	0.0108095
21.584013	0.0104409
21.589401	0.0120920
21.594788	0.0113149
21.600177	0.0105209
21.605566	0.0105969
21.610956	0.0127365
21.616347	0.0105686
21.621738	0.0117974
21.627131	0.0107152
21.632523	0.0109155
21.637917	0.0111443
21.643311	0.0109241
21.648706	0.0118639
21.654102	0.0123943
21.659498	0.0107674
21.664895	0.0103081
21.670293	0.0124613
21.675691	0.0110757
21.681090	0.0108209
21.686490	0.0118925
21.691890	0.0110620
21.697292	0.0119816
21.702694	0.0109693
21.708096	0.0116400
21.713500	0.0120380
21.718904	0.0111935
21.724308	0.0109954
21.729714	0.0111302
21.735120	0.0099270
21.740527	0.0117812
21.745934	0.0112479
21.751343	0.0104502
21.756752	0.0109738
21.762161	0.0118180
21.767572	0.0100123
21.772983	0.0119114
21.778394	0.0112940
21.783807	0.0104567
21.789220	0.0111420
21.794634	0.0112417
21.800049	0.0118309
21.805464	0.0112782
21.810880	0.0110013
21.816297	0.0106906
21.821714	0.0114554
21.827132	0.0105686
21.832551	0.0119932
21.837970	0.0108684
21.843390	0.0111491
21.848811	0.0117659
21.854233	0.0112789
21.859655	0.0104845
21.865078	0.0126822
21.870502	0.0123194
21.875926	0.0107835
21.881352	0.0099439
21.886777	0.0108592
21.892204	0.0105139
21.897631	0.0105919
21.903059	0.0104971
21.908488	0.0116370
21.913917	0.0097193
21.919347	0.0108341
21.924778	0.0099929
21.930209	0.0111816
21.935641	0.0110780
21.941074	0.0103596
21.946508	0.0105491
21.951942	0.0116017
21.957377	0.0120624
21.962813	0.0117427
21.968249	0.0102800
21.973686	0.0111670
21.979124	0.0110301
21.984562	0.0110467
21.990001	0.0108043
21.995441	0.0102092
22.000882	0.0111975
22.006323	0.0094736
22.011765	0.0110533
22.017208	0.0108608
22.022651	0.0112459
22.028095	0.0111565
22.033540	0.0115872
22.038985	0.0098275
22.044432	0.0117507
22.049878	0.0119735
22.055326	0.0107430
22.060774	0.0100323
22.066223	0.0122714
22.071673	0.0100856
22.077123	0.0120798
22.082574	0.0105808
22.088026	0.0100868
22.093479	0.0117134
22.098932	0.0111247
22.104386	0.0100073
22.109841	0.0106270
22.115296	0.0115000
22.120752	0.0111929
22.126209	0.0112334
22.131666	0.0127050
22.137124	0.0116386
22.142583	0.0104279
22.148042	0.0103456
22.153503	0.0116242
22.158964	0.0116443
22.164425	0.0112769
22.169888	0.0117527
22.175351	0.0108699
22.180814	0.0110642
22.186279	0.0115582
22.191744	0.0111437
22.197210	0.0114365
22.202676	0.0106300
22.208144	0.0101872
22.213612	0.0111946
22.219080	0.0103418
22.224550	0.0109683
22.230020	0.0116094
22.235491	0.0114643
22.240962	0.0116955
22.246434	0.0105187
22.251907	0.0112669
22.257381	0.0105440
22.262855	0.0109453
22.268330	0.0113817
22.273806	0.0116047
22.279282	0.0110553
22.284759	0.0107210
22.290237	0.0121917
22.295715	0.0127382
22.301195	0.0115911
22.306674	0.0122750
22.312155	0.0123975
22.317636	0.0113665
22.323118	0.0108520
22.328601	0.0117984
22.334084	0.0105500
22.339569	0.0118118
22.345053	0.0118477
22.350539	0.0098750
22.356025	0.0120639
22.361512	0.0106162
22.367000	0.0114596
22.372488	0.0110115
22.377977	0.0106283
22.383467	0.0118827
22.388957	0.0105047
22.394448	0.0119317
22.399940	0.0112975
22.405433	0.0104944
22.410926	0.0112274
22.416420	0.0117473
22.421915	0.0110363
22.427410	0.0116827
22.432906	0.0108924
22.438403	0.0105105
22.443900	0.0106841
22.449398	0.0104613
22.454897	0.0101795
22.460397	0.0117519
22.465897	0.0112226
22.471398	0.0123388
22.476900	0.0119484
22.482402	0.0112365
22.487905	0.0106371
22.493409	0.0112317
22.498913	0.0119463
22.504419	0.0101354
22.509924	0.0122269
22.515431	0.0110009
22.520938	0.0098648
22.526446	0.0104186
22.531955	0.0114991
22.537464	0.0114097
22.542975	0.0117422
22.548485	0.0102359
22.553997	0.0109138
22.559509	0.0111206
22.565022	0.0108427
22.570536	0.0107211
22.576050	0.0112748
22.581565	0.0130415
22.587081	0.0104533
22.592597	0.0108377
22.598114	0.0100765
22.603632	0.0113105
22.609151	0.0101313
22.614670	0.0119768
22.620190	0.0114678
22.625710	0.0112563
22.631232	0.0116294
22.636754	0.0103580
22.642277	0.0108766
22.647800	0.0118853
22.653324	0.0106324
22.658849	0.0103041
22.664375	0.0110435
22.669901	0.0112443
22.675428	0.0114473
22.680955	0.0109621
22.686484	0.0102047
22.692013	0.0105354
22.697543	0.0109078
22.703073	0.0110616
22.708604	0.0110813
22.714136	0.0115212
22.719669	0.0106263
22.725202	0.0128100
22.730736	0.0124799
22.736271	0.0120566
22.741806	0.0124638
22.747342	0.0108352
22.752879	0.0117744
22.758416	0.0116449
22.763955	0.0118455
22.769494	0.0113449
22.775033	0.0108337
22.780573	0.0128154
22.786115	0.0114947
22.791656	0.0116703
22.797199	0.0112650
22.802742	0.0122442
22.808286	0.0112810
22.813830	0.0112124
22.819375	0.0105318
22.824921	0.0121155
22.830468	0.0111640
22.836015	0.0119095
22.841563	0.0113679
22.847112	0.0108818
22.852661	0.0114372
22.858212	0.0108746
22.863762	0.0133155
22.869314	0.0113247
22.874866	0.0101962
22.880419	0.0109489
22.885973	0.0103467
22.891527	0.0115880
22.897082	0.0107296
22.902638	0.0112449
22.908194	0.0124754
22.913752	0.0110101
22.919309	0.0107277
22.924868	0.0110989
22.930427	0.0114554
22.935987	0.0118832
22.941548	0.0116123
22.947109	0.0105566
22.952671	0.0120705
22.958234	0.0120693
22.963798	0.0119507
22.969362	0.0110894
22.974927	0.0115737
22.980492	0.0106658
22.986059	0.0106044
22.991626	0.0122429
22.997193	0.0115955
23.002762	0.0108796
23.008331	0.0111025
23.013901	0.0115854
23.019471	0.0106626
23.025042	0.0111750
23.030614	0.0112503
23.036187	0.0119047
23.041760	0.0116210
23.047334	0.0107309
23.052909	0.0105905
23.058484	0.0119684
23.064060	0.0112184
23.069637	0.0109850
23.075215	0.0101455
23.080793	0.0119660
23.086372	0.0113674
23.091952	0.0115275
23.097532	0.0105738
23.103113	0.0110685
23.108695	0.0118942
23.114277	0.0111531
23.119860	0.0131156
23.125444	0.0151866
23.131029	0.0175111
23.136614	0.0177980
23.142200	0.0195268
23.147787	0.0193954
23.153374	0.0179901
23.158962	0.0169748
23.164551	0.0159826
23.170140	0.0147520
23.175731	0.0135905
23.181321	0.0129136
23.186913	0.0118609
23.192505	0.0108438
23.198098	0.0114613
23.203692	0.0109732
23.209286	0.0112748
23.214881	0.0118614
23.220477	0.0101676
23.226074	0.0115761
23.231671	0.0107343
23.237269	0.0114435
23.242867	0.0120671
23.248467	0.0107466
23.254067	0.0102381
23.259668	0.0099613
23.265269	0.0110795
23.270871	0.0108950
23.276474	0.0104809
23.282077	0.0105435
23.287682	0.0120087
23.293287	0.0119660
23.298892	0.0108445
23.304499	0.0113271
23.310106	0.0109882
23.315713	0.0110929
23.321322	0.0115771
23.326931	0.0111577
23.332541	0.0116474
23.338151	0.0104562
23.343763	0.0116133
23.349374	0.0105247
23.354987	0.0111797
23.360600	0.0103289
23.366215	0.0105611
23.371829	0.0107771
23.377445	0.0109307
23.383061	0.0107470
23.388678	0.0102441
23.394295	0.0113279
23.399914	0.0109266
23.405533	0.0126469
23.411152	0.0111848
23.416773	0.0116325
23.422394	0.0119444
23.428016	0.0125228
23.433638	0.0099574
23.439261	0.0101196
23.444885	0.0109550
23.450510	0.0121365
23.456135	0.0101804
23.461761	0.0128766
23.467388	0.0104436
23.473015	0.0112546
23.478643	0.0117774
23.484272	0.0100972
23.489902	0.0124090
23.495532	0.0113413
23.501163	0.0106563
23.506794	0.0119569
23.512427	0.0112484
23.518060	0.0119066
23.523693	0.0123304
23.529328	0.0111682
23.534963	0.0104997
23.540599	0.0119899
23.546235	0.0123483
23.551872	0.0110425
23.557510	0.0115441
23.563149	0.0104461
23.568788	0.0113805
23.574428	0.0107179
23.580069	0.0110342
23.585711	0.0107119
23.591353	0.0122155
23.596996	0.0109034
23.602639	0.0115703
23.608284	0.0113556
23.613928	0.0115216
23.619574	0.0101271
23.625221	0.0111022
23.630868	0.0108988
23.636515	0.0115498
23.642164	0.0113942
23.647813	0.0119166
23.653463	0.0104979
23.659113	0.0131375
23.664765	0.0113583
23.670417	0.0103427
23.676069	0.0126926
23.681723	0.0119055
23.687377	0.0115973
23.693032	0.0116436
23.698687	0.0124353
23.704343	0.0109865
23.710000	0.0122837
23.715658	0.0113366
23.721316	0.0110200
23.726975	0.0112520
23.732635	0.0111485
23.738295	0.0114099
23.743956	0.0110751
23.749618	0.0119319
23.755281	0.0106736
23.760944	0.0112496
23.766608	0.0107319
23.772273	0.0121513
23.777938	0.0115457
23.783604	0.0116910
23.789271	0.0116769
23.794938	0.0110481
23.800606	0.0111648
23.806275	0.0112958
23.811945	0.0110674
23.817615	0.0104446
23.823286	0.0112586
23.828958	0.0115653
23.834630	0.0118524
23.840303	0.0098486
23.845977	0.0113921
23.851651	0.0111685
23.857326	0.0109283
23.863002	0.0107908
23.868679	0.0120400
23.874356	0.0101973
23.880034	0.0116100
23.885713	0.0106151
23.891392	0.0113194
23.897072	0.0112083
23.902753	0.0110306
23.908434	0.0119967
23.914117	0.0118291
23.919800	0.0104380
23.925483	0.0106532
23.931167	0.0110093
23.936852	0.0107203
23.942538	0.0104035
23.948225	0.0114614
23.953912	0.0123692
23.959600	0.0103152
23.965288	0.0114848
23.970977	0.0113666
23.976667	0.0108505
23.982358	0.0117919
23.988049	0.0110216
23.993741	0.0119559
23.999434	0.0107876
24.005127	0.0111178
24.010821	0.0114849
24.016516	0.0111276
24.022212	0.0115190
24.027908	0.0118450
24.033605	0.0110417
24.039303	0.0126041
24.045001	0.0116534
24.050700	0.0118184
24.056400	0.0118272
24.062100	0.0104672
24.067801	0.0108167
24.073503	0.0102509
24.079206	0.0110496
24.084909	0.0118239
24.090613	0.0116512
24.096318	0.0103705
24.102023	0.0120884
24.107729	0.0118478
24.113436	0.0106058
24.119143	0.0107537
24.124852	0.0114809
24.130560	0.0114140
24.136270	0.0120030
24.141980	0.0105426
24.147691	0.0121941
24.153403	0.0117136
24.159115	0.0118699
24.164828	0.0108205
24.170542	0.0107157
24.176257	0.0104411
24.181972	0.0115531
24.187688	0.0101040
24.193405	0.0115531
24.199122	0.0120571
24.204840	0.0108607
24.210559	0.0113759
24.216278	0.0104023
24.221998	0.0114978
24.227719	0.0118249
24.233440	0.0117844
24.239163	0.0120187
24.244886	0.0109136
24.250609	0.0102122
24.256334	0.0111486
24.262059	0.0120309
24.267784	0.0107926
24.273511	0.0115574
24.279238	0.0111772
24.284966	0.0115722
24.290694	0.0110891
24.296424	0.0120277
24.302154	0.0108741
24.307884	0.0112730
24.313616	0.0112958
24.319348	0.0123746
24.325080	0.0118109
24.330814	0.0096825
24.336548	0.0121025
24.342283	0.0113794
24.348018	0.0123806
24.353755	0.0129501
24.359492	0.0111615
24.365229	0.0119973
24.370968	0.0109553
24.376707	0.0107832
24.382447	0.0113288
24.388187	0.0119624
24.393928	0.0110824
24.399670	0.0112974
24.405413	0.0121990
24.411156	0.0105031
24.416900	0.0113029
24.422645	0.0118011
24.428390	0.0106006
24.434136	0.0112977
24.439883	0.0115148
24.445631	0.0121344
24.451379	0.0120445
24.457128	0.0120965
24.462877	0.0108335
24.468628	0.0115232
24.474379	0.0118578
24.480131	0.0114595
24.485883	0.0106299
24.491636	0.0118761
24.497390	0.0107320
24.503144	0.0111782
24.508900	0.0116718
24.514656	0.0113097
24.520412	0.0113675
24.526170	0.0110149
24.531928	0.0110054
24.537686	0.0110651
24.543446	0.0104918
24.549206	0.0114730
24.554967	0.0112203
24.560728	0.0108673
24.566491	0.0113939
24.572254	0.0114168
24.578017	0.0117702
24.583782	0.0113633
24.589547	0.0134758
24.595313	0.0109852
24.601079	0.0105024
24.606846	0.0120018
24.612614	0.0120588
24.618383	0.0094441
24.624152	0.0107441
24.629922	0.0103529
24.635693	0.0109625
24.641464	0.0121428
24.647236	0.0107757
24.653009	0.0104546
24.658782	0.0115333
24.664557	0.0112982
24.670332	0.0119879
24.676107	0.0106227
24.681884	0.0113374
24.687661	0.0102166
24.693438	0.0113433
24.699217	0.0116657
24.704996	0.0113413
24.710776	0.0121175
24.716556	0.0112348
24.722337	0.0104780
24.728119	0.0115810
24.733902	0.0128070
24.739685	0.0118917
24.745469	0.0114743
24.751254	0.0116757
24.757040	0.0111832
24.762826	0.0100593
24.768612	0.0115460
24.774400	0.0099402
24.780188	0.0111514
24.785977	0.0117933
24.791767	0.0114526
24.797557	0.0115706
24.803348	0.0117586
24.809140	0.0106037
24.814933	0.0113179
24.820726	0.0108153
24.826520	0.0114274
24.832314	0.0100439
24.838109	0.0114782
24.843905	0.0107622
24.849702	0.0115881
24.855500	0.0107238
24.861298	0.0115273
24.867096	0.0102452
24.872896	0.0109600
24.878696	0.0109842
24.884497	0.0115630
24.890299	0.0118544
24.896101	0.0107022
24.901904	0.0114319
24.907708	0.0104370
24.913512	0.0111063
24.919317	0.0114762
24.925123	0.0120227
24.930929	0.0107569
24.936737	0.0114652
24.942545	0.0112016
24.948353	0.0117996
24.954163	0.0109769
24.959973	0.0114975
24.965783	0.0112302
24.971595	0.0112263
24.977407	0.0119104
24.983220	0.0103630
24.989033	0.0110408
24.994847	0.0119486
25.000662	0.0115190
25.006478	0.0113444
25.012294	0.0105460
25.018111	0.0107270
25.023929	0.0118702
25.029748	0.0119749
25.035567	0.0105707
25.041387	0.0109683
25.047207	0.0113056
25.053029	0.0114875
25.058851	0.0114710
25.064673	0.0115132
25.070497	0.0109576
25.076321	0.0112263
25.082145	0.0107731
25.087971	0.0111246
25.093797	0.0114854
25.099624	0.0118337
25.105452	0.0108005
25.111280	0.0118416
25.117109	0.0106785
25.122939	0.0123634
25.128769	0.0111364
25.134600	0.0104609
25.140432	0.0113139
25.146264	0.0109712
25.152098	0.0111440
25.157931	0.0116036
25.163766	0.0109367
25.169601	0.0119109
25.175437	0.0120268
25.181274	0.0112421
25.187112	0.0119119
25.192950	0.0119032
25.198788	0.0113834
25.204628	0.0112326
25.210468	0.0110437
25.216309	0.0115774
25.222151	0.0103203
25.227993	0.0114689
25.233836	0.0103123
25.239680	0.0110412
25.245524	0.0110449
25.251370	0.0107310
25.257215	0.0109408
25.263062	0.0118363
25.268909	0.0114198
25.274757	0.0116367
25.280606	0.0114473
25.286455	0.0112036
25.292305	0.0117634
25.298156	0.0111666
25.304007	0.0107987
25.309860	0.0106484
25.315713	0.0113775
25.321566	0.0111515
25.327420	0.0109569
25.333275	0.0116568
25.339131	0.0105398
25.344987	0.0118126
25.350844	0.0107118
25.356702	0.0114396
25.362561	0.0102329
25.368420	0.0109582
25.374280	0.0118847
25.380140	0.0117764
25.386002	0.0112709
25.391864	0.0106798
25.397726	0.0108691
25.403590	0.0112643
25.409454	0.0109974
25.415319	0.0123967
25.421184	0.0121554
25.427051	0.0111042
25.432917	0.0107887
25.438785	0.0110236
25.444653	0.0109311
25.450522	0.0118165
25.456392	0.0123066
25.462263	0.0102765
25.468134	0.0116639
25.474006	0.0117650
25.479878	0.0119700
25.485751	0.0111767
25.491625	0.0122609
25.497500	0.0108312
25.503375	0.0112355
25.509251	0.0106422
25.515128	0.0109106
25.521006	0.0112741
25.526884	0.0133006
25.532763	0.0126857
25.538642	0.0115667
25.544522	0.0109292
25.550403	0.0124469
25.556285	0.0112315
25.562167	0.0115964
25.568051	0.0122741
25.573934	0.0129637
25.579819	0.0123589
25.585704	0.0120266
25.591590	0.0110341
25.597476	0.0115883
25.603364	0.0115295
25.609252	0.0115343
25.615140	0.0113985
25.621030	0.0119874
25.626920	0.0121040
25.632811	0.0115042
25.638702	0.0115269
25.644595	0.0116214
25.650487	0.0123767
25.656381	0.0116758
25.662275	0.0124012
25.668170	0.0106187
25.674066	0.0122038
25.679963	0.0092874
25.685860	0.0119329
25.691757	0.0118625
25.697656	0.0116110
25.703555	0.0115872
25.709455	0.0117355
25.715356	0.0116888
25.721257	0.0121281
25.727159	0.0119721
25.733062	0.0108258
25.738965	0.0120910
25.744870	0.0104495
25.750774	0.0118050
25.756680	0.0126074
25.762586	0.0124720
25.768493	0.0115996
25.774401	0.0114421
25.780309	0.0100944
25.786218	0.0110751
25.792128	0.0110506
25.798038	0.0106483
25.803950	0.0111858
25.809862	0.0118098
25.815774	0.0118060
25.821687	0.0110017
25.827601	0.0123095
25.833516	0.0108292
25.839431	0.0111915
25.845348	0.0105424
25.851264	0.0114300
25.857182	0.0107836
25.863100	0.0106209
25.869019	0.0107765
25.874939	0.0103373
25.880859	0.0123315
25.886780	0.0127883
25.892702	0.0119583
25.898624	0.0126369
25.904547	0.0123499
25.910471	0.0117234
25.916395	0.0121129
25.922321	0.0113804
25.928247	0.0115078
25.934173	0.0124404
25.940101	0.0112198
25.946029	0.0108102
25.951957	0.0121589
25.957887	0.0114132
25.963817	0.0101658
25.969748	0.0106107
25.975679	0.0114616
25.981611	0.0120960
25.987544	0.0105605
25.993478	0.0114393
25.999412	0.0127111
26.005347	0.0112105
26.011283	0.0122158
26.017220	0.0107978
26.023157	0.0106776
26.029095	0.0121048
26.035033	0.0110668
26.040973	0.0111236
26.046913	0.0119138
26.052853	0.0116518
26.058795	0.0114532
26.064737	0.0107411
26.070679	0.0111569
26.076623	0.0104220
26.082567	0.0118414
26.088512	0.0107965
26.094458	0.0119919
26.100404	0.0117549
26.106351	0.0115160
26.112299	0.0112479
26.118247	0.0121326
26.124196	0.0124327
26.130146	0.0118725
26.136096	0.0121066
26.142048	0.0118027
26.148000	0.0108745
26.153952	0.0120765
26.159905	0.0114832
26.165859	0.0111420
26.171814	0.0112752
26.177770	0.0111651
26.183726	0.0100937
26.189683	0.0115169
26.195640	0.0116732
26.201598	0.0115845
26.207557	0.0118912
26.213517	0.0114415
26.219477	0.0124157
26.225438	0.0110955
26.231400	0.0111090
26.237362	0.0107927
26.243326	0.0116178
26.249290	0.0109325
26.255254	0.0119036
26.261219	0.0114121
26.267185	0.0115557
26.273152	0.0119628
26.279119	0.0104512
26.285087	0.0119580
26.291056	0.0115408
26.297026	0.0113525
26.302996	0.0106782
26.308967	0.0111356
26.314938	0.0108532
26.320911	0.0114872
26.326884	0.0115126
26.332857	0.0107124
26.338832	0.0119435
26.344807	0.0105560
26.350782	0.0112263
26.356759	0.0131741
26.362736	0.0112113
26.368714	0.0114666
26.374693	0.0112915
26.380672	0.0108789
26.386652	0.0120132
26.392633	0.0102266
26.398614	0.0132324
26.404596	0.0115647
26.410579	0.0124297
26.416563	0.0115781
26.422547	0.0114255
26.428532	0.0123354
26.434517	0.0118914
26.440504	0.0112342
26.446491	0.0115806
26.452478	0.0111365
26.458467	0.0130681
26.464456	0.0116367
26.470446	0.0104085
26.476436	0.0107194
26.482428	0.0111824
26.488420	0.0108020
26.494412	0.0110758
26.500406	0.0109231
26.506400	0.0112704
26.512394	0.0104312
26.518390	0.0108675
26.524386	0.0115544
26.530383	0.0122404
26.536381	0.0116900
26.542379	0.0117966
26.548378	0.0112295
26.554377	0.0118639
26.560378	0.0120811
26.566379	0.0113518
26.572381	0.0113748
26.578383	0.0122729
26.584386	0.0116947
26.590390	0.0115780
26.596395	0.0106777
26.602400	0.0110459
26.608406	0.0112018
26.614413	0.0105355
26.620420	0.0115627
26.626428	0.0113572
26.632437	0.0118606
26.638447	0.0116615
26.644457	0.0109674
26.650468	0.0118296
26.656479	0.0118714
26.662492	0.0107536
26.668505	0.0110508
26.674518	0.0104654
26.680533	0.0106768
26.686548	0.0109445
26.692564	0.0118013
26.698580	0.0106213
26.704598	0.0109700
26.710616	0.0113757
26.716634	0.0117615
26.722654	0.0113202
26.728674	0.0116634
26.734694	0.0108785
26.740716	0.0117253
26.746738	0.0103397
26.752761	0.0114148
26.758784	0.0101876
26.764809	0.0108125
26.770834	0.0104296
26.776859	0.0117757
26.782886	0.0118217
26.788913	0.0122694
26.794940	0.0113850
26.800969	0.0107427
26.806998	0.0118524
26.813028	0.0126022
26.819059	0.0123077
26.825090	0.0114321
26.831122	0.0119455
26.837154	0.0118955
26.843188	0.0099707
26.849222	0.0112120
26.855257	0.0115031
26.861292	0.0108544
26.867328	0.0100070
26.873365	0.0107460
26.879403	0.0109580
26.885441	0.0131985
26.891480	0.0110074
26.897520	0.0112921
26.903560	0.0105994
26.909602	0.0116435
26.915643	0.0112136
26.921686	0.0113006
26.927729	0.0120468
26.933773	0.0112840
26.939818	0.0117132
26.945863	0.0107296
26.951909	0.0115197
26.957956	0.0109396
26.964003	0.0115784
26.970051	0.0112705
26.976100	0.0110039
26.982150	0.0127574
26.988200	0.0118706
26.994251	0.0110077
27.000303	0.0112265
27.006355	0.0111938
27.012408	0.0124151
27.018462	0.0120446
27.024516	0.0115561
27.030571	0.0127274
27.036627	0.0125949
27.042684	0.0118569
27.048741	0.0113946
27.054799	0.0121531
27.060858	0.0109739
27.066917	0.0115994
27.072977	0.0115605
27.079038	0.0114426
27.085100	0.0116015
27.091162	0.0111911
27.097225	0.0119836
27.103288	0.0115990
27.109352	0.0103899
27.115417	0.0109588
27.121483	0.0115607
27.127550	0.0113026
27.133617	0.0109391
27.139685	0.0121312
27.145753	0.0111881
27.151822	0.0121551
27.157892	0.0121575
27.163963	0.0116553
27.170034	0.0112483
27.176106	0.0106167
27.182179	0.0117096
27.188252	0.0115142
27.194326	0.0109443
27.200401	0.0110688
27.206477	0.0122060
27.212553	0.0116173
27.218630	0.0110061
27.224708	0.0106064
27.230786	0.0112561
27.236865	0.0096090
27.242945	0.0123492
27.249025	0.0112784
27.255106	0.0113759
27.261188	0.0114530
27.267271	0.0118180
27.273354	0.0106692
27.279438	0.0113872
27.285523	0.0119595
27.291608	0.0131260
27.297694	0.0110972
27.303781	0.0122257
27.309868	0.0109226
27.315956	0.0115566
27.322045	0.0109232
27.328135	0.0112133
27.334225	0.0113053
27.340316	0.0124277
27.346408	0.0121949
27.352500	0.0114203
27.358593	0.0104256
27.364687	0.0117511
27.370782	0.0125378
27.376877	0.0106555
27.382973	0.0112317
27.389069	0.0113315
27.395167	0.0132442
27.401265	0.0116397
27.407363	0.0115360
27.413463	0.0111200
27.419563	0.0109838
27.425664	0.0110552
27.431765	0.0107667
27.437868	0.0114336
27.443971	0.0117776
27.450074	0.0119011
27.456178	0.0121299
27.462284	0.0117149
27.468389	0.0118381
27.474496	0.0112927
27.480603	0.0106670
27.486711	0.0122296
27.492819	0.0114245
27.498928	0.0118185
27.505038	0.0120582
27.511149	0.0121877
27.517260	0.0100092
27.523372	0.0109098
27.529485	0.0110378
27.535599	0.0119585
27.541713	0.0114232
27.547828	0.0110792
27.553943	0.0111120
27.560060	0.0117193
27.566177	0.0109704
27.572294	0.0113902
27.578413	0.0117810
27.584532	0.0111307
27.590652	0.0118993
27.596772	0.0118857
27.602893	0.0122799
27.609015	0.0109951
27.615138	0.0110198
27.621261	0.0109437
27.627385	0.0105740
27.633510	0.0108498
27.639635	0.0112842
27.645761	0.0115463
27.651888	0.0109626
27.658016	0.0106484
27.664144	0.0117678
27.670273	0.0107091
27.676402	0.0104208
27.682533	0.0114765
27.688664	0.0116071
27.694795	0.0122235
27.700928	0.0124946
27.707061	0.0122230
27.713195	0.0115854
27.719329	0.0122476
27.725465	0.0117409
27.731600	0.0112420
27.737737	0.0113405
27.743874	0.0111954
27.750013	0.0112258
27.756151	0.0108039
27.762291	0.0119919
27.768431	0.0113862
27.774572	0.0116664
27.780713	0.0115903
27.786856	0.0108202
27.792999	0.0115183
27.799142	0.0109937
27.805287	0.0119295
27.811432	0.0116503
27.817577	0.0124070
27.823724	0.0103599
27.829871	0.0107399
27.836019	0.0117949
27.842168	0.0116939
27.848317	0.0113338
27.854467	0.0105439
27.860617	0.0126042
27.866769	0.0120814
27.872921	0.0116515
27.879074	0.0123223
27.885227	0.0112171
27.891381	0.0121003
27.897536	0.0113367
27.903692	0.0109421
27.909848	0.0120919
27.916005	0.0120821
27.922163	0.0113720
27.928321	0.0108844
27.934481	0.0113985
27.940640	0.0122092
27.946801	0.0132036
27.952962	0.0113455
27.959124	0.0115005
27.965287	0.0121462
27.971450	0.0115719
27.977614	0.0116458
27.983779	0.0112993
27.989944	0.0109802
27.996110	0.0093284
28.002277	0.0119152
28.008445	0.0125390
28.014613	0.0115415
28.020782	0.0100651
28.026952	0.0115799
28.033122	0.0111642
28.039293	0.0109798
28.045465	0.0101560
28.051637	0.0106930
28.057811	0.0117624
28.063984	0.0099625
28.070159	0.0118477
28.076334	0.0103816
28.082510	0.0127568
28.088687	0.0117234
28.094864	0.0118075
28.101042	0.0114199
28.107221	0.0110736
28.113401	0.0104132
28.119581	0.0122166
28.125762	0.0119606
28.131943	0.0115098
28.138126	0.0118563
28.144309	0.0109445
28.150492	0.0115180
28.156677	0.0117347
28.162862	0.0113228
28.169048	0.0121029
28.175234	0.0113640
28.181421	0.0116741
28.187609	0.0104221
28.193798	0.0104970
28.199987	0.0101415
28.206177	0.0124826
28.212368	0.0109851
28.218559	0.0122647
28.224752	0.0115604
28.230944	0.0119668
28.237138	0.0106665
28.243332	0.0116423
28.249527	0.0115434
28.255723	0.0121261
28.261919	0.0124936
28.268116	0.0114468
28.274314	0.0102386
28.280512	0.0121999
28.286712	0.0129466
28.292911	0.0117321
28.299112	0.0106331
28.305313	0.0121272
28.311515	0.0122711
28.317718	0.0115842
28.323921	0.0122449
28.330125	0.0115125
28.336330	0.0117053
28.342536	0.0112456
28.348742	0.0112806
28.354949	0.0115901
28.361156	0.0118259
28.367364	0.0112902
28.373573	0.0110466
28.379783	0.0103530
28.385994	0.0103825
28.392205	0.0118100
28.398416	0.0110490
28.404629	0.0097261
28.410842	0.0112368
28.417056	0.0122585
28.423271	0.0116509
28.429486	0.0112595
28.435702	0.0119497
28.441919	0.0114988
28.448136	0.0116997
28.454354	0.0112688
28.460573	0.0112994
28.466793	0.0115680
28.473013	0.0121314
28.479234	0.0112906
28.485455	0.0119555
28.491678	0.0106209
28.497901	0.0116379
28.504125	0.0114663
28.510349	0.0119371
28.516574	0.0120197
28.522800	0.0114863
28.529027	0.0126206
28.535254	0.0117210
28.541482	0.0109910
28.547710	0.0127849
28.553940	0.0116922
28.560170	0.0119050
28.566401	0.0107528
28.572632	0.0110872
28.578864	0.0106093
28.585097	0.0115989
28.591331	0.0122179
28.597565	0.0106421
28.603800	0.0123031
28.610036	0.0125500
28.616272	0.0128585
28.622509	0.0124037
28.628747	0.0100151
28.634985	0.0124113
28.641225	0.0112132
28.647464	0.0118185
28.653705	0.0119518
28.659946	0.0122178
28.666188	0.0108247
28.672431	0.0112543
28.678674	0.0123096
28.684919	0.0122259
28.691163	0.0098459
28.697409	0.0117795
28.703655	0.0116656
28.709902	0.0109345
28.716150	0.0111075
28.722398	0.0111916
28.728647	0.0116086
28.734897	0.0125604
28.741147	0.0118576
28.747398	0.0121585
28.753650	0.0129208
28.759903	0.0122257
28.766156	0.0118335
28.772410	0.0127776
28.778665	0.0100444
28.784920	0.0113136
28.791176	0.0120201
28.797433	0.0113494
28.803690	0.0112117
28.809948	0.0115680
28.816207	0.0107471
28.822467	0.0117684
28.828727	0.0110318
28.834988	0.0120568
28.841250	0.0115457
28.847512	0.0110495
28.853775	0.0110339
28.860039	0.0110183
28.866303	0.0116207
28.872569	0.0123267
28.878834	0.0113820
28.885101	0.0115743
28.891368	0.0110635
28.897636	0.0117951
28.903905	0.0108780
28.910174	0.0120623
28.916445	0.0115042
28.922715	0.0115355
28.928987	0.0116840
28.935259	0.0117926
28.941532	0.0095884
28.947806	0.0121403
28.954080	0.0119964
28.960355	0.0112763
28.966631	0.0115585
28.972907	0.0117278
28.979184	0.0108400
28.985462	0.0120105
28.991741	0.0112304
28.998020	0.0116924
29.004300	0.0121155
29.010580	0.0111638
29.016862	0.0118386
29.023144	0.0112877
29.029426	0.0123248
29.035710	0.0124934
29.041994	0.0117131
29.048279	0.0108152
29.054564	0.0125271
29.060851	0.0105285
29.067138	0.0112438
29.073425	0.0114546
29.079714	0.0107199
29.086003	0.0123611
29.092292	0.0119068
29.098583	0.0113451
29.104874	0.0120069
29.111166	0.0111459
29.117459	0.0109713
29.123752	0.0124323
29.130046	0.0116455
29.136341	0.0124904
29.142636	0.0120969
29.148932	0.0119140
29.155229	0.0113971
29.161526	0.0128956
29.167824	0.0119885
29.174123	0.0117466
29.180423	0.0109127
29.186723	0.0118878
29.193024	0.0115276
29.199326	0.0106077
29.205628	0.0119460
29.211932	0.0099068
29.218235	0.0112526
29.224540	0.0121075
29.230845	0.0117420
29.237151	0.0112896
29.243458	0.0113085
29.249765	0.0096539
29.256073	0.0100404
29.262382	0.0110745
29.268691	0.0127018
29.275001	0.0116750
29.281312	0.0109861
29.287624	0.0116714
29.293936	0.0131220
29.300249	0.0111654
29.306562	0.0126864
29.312877	0.0113813
29.319192	0.0112051
29.325508	0.0133785
29.331824	0.0117263
29.338141	0.0116622
29.344459	0.0137445
29.350778	0.0107142
29.357097	0.0118626
29.363417	0.0121562
29.369738	0.0119564
29.376059	0.0113513
29.382381	0.0110538
29.388704	0.0116807
29.395027	0.0112309
29.401352	0.0106811
29.407676	0.0118387
29.414002	0.0115952
29.420328	0.0117298
29.426655	0.0123035
29.432983	0.0129661
29.439311	0.0117941
29.445640	0.0107993
29.451970	0.0118433
29.458301	0.0113622
29.464632	0.0116999
29.470964	0.0125962
29.477297	0.0118809
29.483630	0.0123533
29.489964	0.0117801
29.496299	0.0118915
29.502634	0.0114838
29.508970	0.0115918
29.515307	0.0120337
29.521644	0.0127127
29.527983	0.0127487
29.534322	0.0098494
29.540661	0.0117811
29.547002	0.0128266
29.553343	0.0122973
29.559684	0.0105254
29.566027	0.0108244
29.572370	0.0113986
29.578714	0.0135182
29.585058	0.0112046
29.591404	0.0118618
29.597750	0.0116306
29.604096	0.0115270
29.610444	0.0116664
29.616792	0.0120613
29.623141	0.0107730
29.629490	0.0117026
29.635840	0.0114614
29.642191	0.0117805
29.648543	0.0111331
29.654895	0.0117216
29.661248	0.0116192
29.667602	0.0115547
29.673956	0.0108038
29.680311	0.0107928
29.686667	0.0111211
29.693023	0.0115749
29.699381	0.0123465
29.705738	0.0129409
29.712097	0.0125497
29.718456	0.0113834
29.724816	0.0097054
29.731177	0.0108542
29.737538	0.0125522
29.743901	0.0125950
29.750263	0.0116306
29.756627	0.0119563
29.762991	0.0123043
29.769356	0.0133414
29.775722	0.0113643
29.782088	0.0123021
29.788455	0.0118310
29.794823	0.0131821
29.801191	0.0112229
29.807560	0.0118405
29.813930	0.0123019
29.820301	0.0120791
29.826672	0.0119210
29.833044	0.0115216
29.839417	0.0114450
29.845790	0.0119876
29.852164	0.0117945
29.858539	0.0124738
29.864914	0.0115979
29.871290	0.0126940
29.877667	0.0106674
29.884045	0.0114900
29.890423	0.0111086
29.896802	0.0117448
29.903182	0.0119747
29.909562	0.0116866
29.915943	0.0115647
29.922325	0.0116404
29.928707	0.0121243
29.935091	0.0119007
29.941474	0.0108590
29.947859	0.0115696
29.954244	0.0112317
29.960630	0.0113774
29.967017	0.0116790
29.973404	0.0113047
29.979793	0.0115435
29.986181	0.0130665
29.992571	0.0111556
29.998961	0.0112029
30.005352	0.0132926
30.011744	0.0125897
30.018136	0.0117390
30.024529	0.0113409
30.030923	0.0112811
30.037317	0.0107428
30.043712	0.0114928
30.050108	0.0120514
30.056505	0.0110093
30.062902	0.0120490
30.069300	0.0110957
30.075698	0.0110992
30.082098	0.0124223
30.088498	0.0115406
30.094899	0.0114818
30.101300	0.0115404
30.107702	0.0129644
30.114105	0.0111261
30.120509	0.0135722
30.126913	0.0122441
30.133318	0.0125048
30.139723	0.0122996
30.146130	0.0112687
30.152537	0.0130715
30.158945	0.0153019
30.165353	0.0178916
30.171762	0.0222804
30.178172	0.0287253
30.184583	0.0324438
30.190994	0.0368960
30.197406	0.0407886
30.203819	0.0414767
30.210232	0.0398170
30.216646	0.0347292
30.223061	0.0298966
30.229476	0.0247160
30.235893	0.0207632
30.242310	0.0171675
30.248727	0.0163848
30.255145	0.0141666
30.261564	0.0126428
30.267984	0.0119763
30.274405	0.0126006
30.280826	0.0116036
30.287248	0.0123307
30.293670	0.0118903
30.300093	0.0119682
30.306517	0.0119411
30.312942	0.0124400
30.319367	0.0101383
30.325793	0.0113756
30.332220	0.0121803
30.338647	0.0116445
30.345076	0.0121100
30.351504	0.0116218
30.357934	0.0114017
30.364364	0.0124150
30.370795	0.0112931
30.377227	0.0114969
30.383659	0.0105571
30.390092	0.0124775
30.396526	0.0113793
30.402960	0.0103173
30.409396	0.0114505
30.415831	0.0128382
30.422268	0.0103845
30.428705	0.0113428
30.435143	0.0111566
30.441582	0.0118879
30.448021	0.0122111
30.454461	0.0122621
30.460902	0.0109160
30.467344	0.0114413
30.473786	0.0120309
30.480229	0.0116776
30.486672	0.0117206
30.493117	0.0116835
30.499562	0.0126168
30.506007	0.0125515
30.512454	0.0123474
30.518901	0.0111357
30.525349	0.0111920
30.531797	0.0126470
30.538246	0.0110053
30.544696	0.0113726
30.551147	0.0127239
30.557598	0.0112792
30.564050	0.0118624
30.570503	0.0128415
30.576956	0.0112489
30.583411	0.0115620
30.589865	0.0129104
30.596321	0.0127806
30.602777	0.0129515
30.609234	0.0112721
30.615692	0.0122792
30.622150	0.0118425
30.628609	0.0130793
30.635069	0.0112392
30.641529	0.0129517
30.647990	0.0110311
30.654452	0.0113742
30.660915	0.0121527
30.667378	0.0124175
30.673842	0.0119325
30.680307	0.0125365
30.686772	0.0116321
30.693238	0.0126355
30.699705	0.0117083
30.706172	0.0120965
30.712641	0.0119685
30.719109	0.0130111
30.725579	0.0123726
30.732049	0.0112235
30.738520	0.0129986
30.744992	0.0120551
30.751464	0.0112277
30.757937	0.0116593
30.764411	0.0121267
30.770886	0.0113915
30.777361	0.0118351
30.783837	0.0109422
30.790313	0.0122558
30.796791	0.0118807
30.803269	0.0102952
30.809748	0.0110212
30.816227	0.0110581
30.822707	0.0121407
30.829188	0.0111268
30.835669	0.0117505
30.842152	0.0112030
30.848635	0.0115472
30.855118	0.0114571
30.861603	0.0110738
30.868088	0.0117996
30.874573	0.0116650
30.881060	0.0108405
30.887547	0.0115011
30.894035	0.0119506
30.900523	0.0119273
30.907012	0.0112951
30.913502	0.0127300
30.919993	0.0107602
30.926484	0.0120742
30.932977	0.0114611
30.939469	0.0113123
30.945963	0.0130843
30.952457	0.0119605
30.958952	0.0125092
30.965447	0.0118581
30.971944	0.0123818
30.978441	0.0114277
30.984938	0.0120569
30.991437	0.0111861
30.997936	0.0128871
31.004436	0.0119604
31.010936	0.0117661
31.017437	0.0120257
31.023939	0.0118519
31.030442	0.0115521
31.036945	0.0129290
31.043449	0.0122494
31.049954	0.0119486
31.056459	0.0121327
31.062965	0.0117222
31.069472	0.0112483
31.075980	0.0108649
31.082488	0.0115290
31.088997	0.0116739
31.095506	0.0125772
31.102017	0.0105416
31.108528	0.0107742
31.115039	0.0105586
31.121552	0.0116796
31.128065	0.0117084
31.134579	0.0119512
31.141093	0.0118616
31.147608	0.0124306
31.154124	0.0113724
31.160641	0.0119462
31.167158	0.0124661
31.173676	0.0118862
31.180195	0.0104915
31.186715	0.0117407
31.193235	0.0114382
31.199756	0.0114411
31.206277	0.0102707
31.212800	0.0116257
31.219322	0.0107851
31.225846	0.0111008
31.232371	0.0108573
31.238896	0.0120543
31.245421	0.0122081
31.251948	0.0128387
31.258475	0.0118364
31.265003	0.0111462
31.271531	0.0116680
31.278061	0.0126332
31.284591	0.0126310
31.291121	0.0117601
31.297653	0.0117433
31.304185	0.0111121
31.310718	0.0119283
31.317251	0.0114350
31.323785	0.0120905
31.330320	0.0118002
31.336856	0.0111333
31.343392	0.0121147
31.349929	0.0105783
31.356467	0.0127103
31.363005	0.0109312
31.369544	0.0111109
31.376084	0.0115402
31.382625	0.0119588
31.389166	0.0120613
31.395708	0.0127686
31.402251	0.0121819
31.408794	0.0114396
31.415338	0.0110986
31.421883	0.0103948
31.428428	0.0119639
31.434974	0.0121611
31.441521	0.0116026
31.448069	0.0125544
31.454617	0.0124542
31.461166	0.0126182
31.467716	0.0126065
31.474266	0.0116079
31.480817	0.0111754
31.487369	0.0109266
31.493921	0.0121782
31.500474	0.0124706
31.507028	0.0118214
31.513583	0.0101703
31.520138	0.0108798
31.526694	0.0121405
31.533251	0.0110253
31.539808	0.0118983
31.546366	0.0105627
31.552925	0.0115415
31.559484	0.0125640
31.566045	0.0117263
31.572606	0.0119314
31.579167	0.0114277
31.585729	0.0117748
31.592292	0.0129366
31.598856	0.0123443
31.605421	0.0131009
31.611986	0.0112799
31.618552	0.0117539
31.625118	0.0121542
31.631685	0.0115316
31.638253	0.0114301
31.644822	0.0117504
31.651391	0.0114040
31.657961	0.0120585
31.664532	0.0117521
31.671103	0.0121309
31.677675	0.0110394
31.684248	0.0115406
31.690822	0.0127186
31.697396	0.0129172
31.703971	0.0127203
31.710547	0.0121887
31.717123	0.0123010
31.723700	0.0118296
31.730278	0.0112936
31.736856	0.0118089
31.743435	0.0109742
31.750015	0.0120731
31.756596	0.0121928
31.763177	0.0113358
31.769759	0.0118852
31.776342	0.0117519
31.782925	0.0120930
31.789509	0.0115751
31.796094	0.0113444
31.802679	0.0129418
31.809266	0.0108781
31.815852	0.0119950
31.822440	0.0122570
31.829028	0.0111548
31.835617	0.0117758
31.842207	0.0112670
31.848797	0.0122608
31.855388	0.0113928
31.861980	0.0114854
31.868573	0.0132527
31.875166	0.0125654
31.881760	0.0121498
31.888354	0.0130380
31.894950	0.0103883
31.901546	0.0106197
31.908143	0.0111356
31.914740	0.0113231
31.921338	0.0113305
31.927937	0.0116536
31.934536	0.0127501
31.941137	0.0113419
31.947738	0.0122944
31.954339	0.0113344
31.960942	0.0118709
31.967545	0.0104222
31.974148	0.0114856
31.980753	0.0106823
31.987358	0.0114576
31.993964	0.0115321
32.000570	0.0118844
32.007178	0.0111366
32.013786	0.0120237
32.020394	0.0111673
32.027004	0.0115654
32.033614	0.0119594
32.040224	0.0116591
32.046836	0.0120049
32.053448	0.0105943
32.060061	0.0124567
32.066674	0.0121959
32.073289	0.0121305
32.079904	0.0118638
32.086519	0.0121274
32.093136	0.0126228
32.099753	0.0129696
32.106371	0.0114021
32.112989	0.0124735
32.119608	0.0111301
32.126228	0.0122874
32.132849	0.0127162
32.139470	0.0114613
32.146092	0.0117856
32.152715	0.0128744
32.159338	0.0110192
32.165962	0.0113856
32.172587	0.0118204
32.179213	0.0107341
32.185839	0.0108437
32.192466	0.0105926
32.199093	0.0109577
32.205722	0.0121184
32.212351	0.0122464
32.218981	0.0113835
32.225611	0.0115506
32.232242	0.0121163
32.238874	0.0126581
32.245506	0.0112172
32.252140	0.0114010
32.258774	0.0118918
32.265408	0.0120097
32.272044	0.0116311
32.278680	0.0118488
32.285316	0.0121831
32.291954	0.0113120
32.298592	0.0125248
32.305231	0.0125328
32.311870	0.0113543
32.318511	0.0116031
32.325152	0.0115135
32.331793	0.0119882
32.338436	0.0128057
32.345079	0.0113229
32.351723	0.0115942
32.358367	0.0121129
32.365012	0.0129216
32.371658	0.0103644
32.378305	0.0121758
32.384952	0.0116494
32.391600	0.0113577
32.398249	0.0127473
32.404898	0.0113900
32.411548	0.0118055
32.418199	0.0116116
32.424850	0.0123816
32.431503	0.0103829
32.438156	0.0112789
32.444809	0.0115102
32.451464	0.0123947
32.458119	0.0115948
32.464774	0.0107632
32.471431	0.0119548
32.478088	0.0119691
32.484746	0.0128638
32.491404	0.0122439
32.498063	0.0125404
32.504723	0.0125501
32.511384	0.0115809
32.518045	0.0115570
32.524707	0.0114996
32.531370	0.0114677
32.538034	0.0121893
32.544698	0.0114634
32.551362	0.0115518
32.558028	0.0128273
32.564694	0.0120823
32.571361	0.0123409
32.578029	0.0118423
32.584697	0.0118340
32.591366	0.0121291
32.598036	0.0118903
32.604707	0.0109239
32.611378	0.0120143
32.618050	0.0117429
32.624722	0.0131559
32.631395	0.0121945
32.638069	0.0111351
32.644744	0.0129169
32.651420	0.0111692
32.658096	0.0115863
32.664772	0.0121913
32.671450	0.0117810
32.678128	0.0118805
32.684807	0.0122709
32.691487	0.0113092
32.698167	0.0112648
32.704848	0.0118864
32.711530	0.0124699
32.718212	0.0109773
32.724895	0.0120404
32.731579	0.0118136
32.738263	0.0114897
32.744949	0.0121414
32.751635	0.0116179
32.758321	0.0117518
32.765009	0.0125492
32.771697	0.0114256
32.778385	0.0121579
32.785075	0.0126223
32.791765	0.0122146
32.798456	0.0108188
32.805147	0.0125463
32.811839	0.0120453
32.818532	0.0122243
32.825226	0.0127499
32.831920	0.0125764
32.838615	0.0116566
32.845311	0.0107932
32.852008	0.0107405
32.858705	0.0120166
32.865403	0.0129480
32.872101	0.0119205
32.878801	0.0125212
32.885501	0.0115836
32.892201	0.0106550
32.898903	0.0109458
32.905605	0.0110272
32.912307	0.0117850
32.919011	0.0123143
32.925715	0.0108886
32.932420	0.0108651
32.939126	0.0123860
32.945832	0.0123533
32.952539	0.0127224
32.959247	0.0121758
32.965955	0.0120470
32.972664	0.0115275
32.979374	0.0109955
32.986084	0.0118245
32.992796	0.0118839
32.999507	0.0121269
33.006220	0.0100887
33.012933	0.0114664
33.019647	0.0124926
33.026362	0.0116288
33.033078	0.0113779
33.039794	0.0109852
33.046510	0.0114765
33.053228	0.0116432
33.059946	0.0109335
33.066665	0.0121625
33.073385	0.0108700
33.080105	0.0112876
33.086826	0.0108280
33.093548	0.0113006
33.100270	0.0115792
33.106994	0.0109845
33.113717	0.0126328
33.120442	0.0114885
33.127167	0.0113155
33.133893	0.0126880
33.140620	0.0105802
33.147347	0.0113373
33.154075	0.0118969
33.160804	0.0128978
33.167533	0.0116250
33.174264	0.0120819
33.180995	0.0114448
33.187726	0.0124541
33.194458	0.0124798
33.201191	0.0111760
33.207925	0.0138175
33.214659	0.0123374
33.221395	0.0112778
33.228130	0.0111888
33.234867	0.0109216
33.241604	0.0115660
33.248342	0.0113857
33.255080	0.0126312
33.261820	0.0113938
33.268560	0.0125179
33.275300	0.0121553
33.282042	0.0116584
33.288784	0.0121676
33.295527	0.0123750
33.302270	0.0123301
33.309015	0.0116341
33.315759	0.0124655
33.322505	0.0114228
33.329251	0.0115504
33.335998	0.0113167
33.342746	0.0121566
33.349495	0.0113027
33.356244	0.0113336
33.362994	0.0109088
33.369744	0.0121137
33.376495	0.0119995
33.383247	0.0130105
33.390000	0.0119734
33.396753	0.0121531
33.403507	0.0133022
33.410262	0.0105581
33.417018	0.0118157
33.423774	0.0111283
33.430531	0.0129272
33.437288	0.0111883
33.444046	0.0118181
33.450805	0.0112307
33.457565	0.0103450
33.464325	0.0104562
33.471087	0.0117520
33.477848	0.0112814
33.484611	0.0118429
33.491374	0.0116793
33.498138	0.0112238
33.504902	0.0118894
33.511668	0.0118175
33.518434	0.0117646
33.525200	0.0127702
33.531968	0.0111833
33.538736	0.0118988
33.545505	0.0113963
33.552274	0.0127390
33.559045	0.0136383
33.565815	0.0145955
33.572587	0.0160152
33.579359	0.0176645
33.586132	0.0185325
33.592906	0.0168720
33.599681	0.0173780
33.606456	0.0178379
33.613231	0.0160750
33.620008	0.0150759
33.626785	0.0145174
33.633563	0.0134159
33.640342	0.0116615
33.647121	0.0128085
33.653901	0.0115015
33.660682	0.0115249
33.667463	0.0126428
33.674246	0.0111274
33.681028	0.0120288
33.687812	0.0120914
33.694596	0.0126633
33.701381	0.0108922
33.708167	0.0123460
33.714953	0.0110616
33.721740	0.0104374
33.728528	0.0110045
33.735316	0.0117843
33.742106	0.0120668
33.748896	0.0115909
33.755686	0.0118872
33.762477	0.0131611
33.769269	0.0122751
33.776062	0.0116228
33.782855	0.0127681
33.789650	0.0110731
33.796444	0.0123929
33.803240	0.0118349
33.810036	0.0123755
33.816833	0.0110207
33.823631	0.0119745
33.830429	0.0122878
33.837228	0.0124560
33.844028	0.0121929
33.850828	0.0107828
33.857629	0.0111833
33.864431	0.0118319
33.871233	0.0122818
33.878037	0.0113900
33.884841	0.0122099
33.891645	0.0108083
33.898451	0.0114877
33.905257	0.0117580
33.912063	0.0119340
33.918871	0.0107859
33.925679	0.0118471
33.932488	0.0116971
33.939297	0.0108035
33.946107	0.0122287
33.952918	0.0121853
33.959730	0.0124233
33.966542	0.0133371
33.973355	0.0117679
33.980169	0.0125156
33.986984	0.0106546
33.993799	0.0117498
34.000615	0.0112399
34.007431	0.0111489
34.014249	0.0122181
34.021067	0.0119158
34.027885	0.0107677
34.034705	0.0117556
34.041525	0.0118927
34.048345	0.0125952
34.055167	0.0123797
34.061989	0.0125319
34.068812	0.0120456
34.075636	0.0116296
34.082460	0.0122296
34.089285	0.0123297
34.096111	0.0121047
34.102937	0.0113216
34.109764	0.0120696
34.116592	0.0114887
34.123420	0.0114526
34.130250	0.0125379
34.137080	0.0112267
34.143910	0.0129712
34.150741	0.0110247
34.157573	0.0111118
34.164406	0.0113292
34.171240	0.0114806
34.178074	0.0120957
34.184909	0.0113564
34.191744	0.0120198
34.198580	0.0109225
34.205417	0.0116171
34.212255	0.0120718
34.219093	0.0116552
34.225932	0.0123439
34.232772	0.0110936
34.239612	0.0130135
34.246454	0.0120211
34.253296	0.0118195
34.260138	0.0115409
34.266981	0.0108088
34.273825	0.0125206
34.280670	0.0122794
34.287515	0.0121116
34.294361	0.0119522
34.301208	0.0122256
34.308056	0.0123170
34.314904	0.0113188
34.321753	0.0122936
34.328602	0.0121075
34.335453	0.0130233
34.342304	0.0110964
34.349155	0.0121173
34.356008	0.0118578
34.362861	0.0107803
34.369714	0.0110764
34.376569	0.0115454
34.383424	0.0118867
34.390280	0.0106244
34.397137	0.0134055
34.403994	0.0123620
34.410852	0.0120120
34.417711	0.0120892
34.424570	0.0121100
34.431430	0.0124028
34.438291	0.0110016
34.445153	0.0137664
34.452015	0.0125728
34.458878	0.0122176
34.465741	0.0113394
34.472606	0.0116549
34.479471	0.0125081
34.486336	0.0114918
34.493203	0.0128061
34.500070	0.0126565
34.506938	0.0132863
34.513806	0.0124929
34.520676	0.0110658
34.527546	0.0122611
34.534416	0.0106083
34.541288	0.0119930
34.548160	0.0123174
34.555032	0.0104331
34.561906	0.0117922
34.568780	0.0111323
34.575655	0.0124176
34.582530	0.0111460
34.589407	0.0123972
34.596284	0.0126098
34.603161	0.0128882
34.610040	0.0124336
34.616919	0.0115288
34.623799	0.0117401
34.630679	0.0122073
34.637560	0.0127176
34.644442	0.0111360
34.651325	0.0123168
34.658208	0.0109493
34.665092	0.0117896
34.671977	0.0124712
34.678862	0.0123186
34.685748	0.0121782
34.692635	0.0125266
34.699523	0.0118494
34.706411	0.0119252
34.713300	0.0116546
34.720189	0.0115939
34.727080	0.0127506
34.733971	0.0121758
34.740862	0.0115494
34.747755	0.0123708
34.754648	0.0121119
34.761542	0.0116170
34.768436	0.0126462
34.775332	0.0128634
34.782228	0.0120254
34.789124	0.0126922
34.796022	0.0112747
34.802920	0.0119432
34.809818	0.0114583
34.816718	0.0125554
34.823618	0.0114067
34.830519	0.0128620
34.837420	0.0121181
34.844323	0.0119074
34.851226	0.0117885
34.858129	0.0116740
34.865034	0.0112905
34.871939	0.0126389
34.878844	0.0108468
34.885751	0.0113129
34.892658	0.0121134
34.899566	0.0123430
34.906475	0.0113286
34.913384	0.0121429
34.920294	0.0128498
34.927204	0.0117903
34.934116	0.0122817
34.941028	0.0120551
34.947941	0.0113398
34.954854	0.0119216
34.961768	0.0117133
34.968683	0.0123434
34.975599	0.0120950
34.982515	0.0123479
34.989432	0.0119565
34.996350	0.0113627
35.003268	0.0113463
35.010188	0.0111729
35.017107	0.0127138
35.024028	0.0123558
35.030949	0.0128830
35.037871	0.0114989
35.044794	0.0119150
35.051717	0.0118453
35.058641	0.0120163
35.065566	0.0124415
35.072491	0.0119013
35.079417	0.0120967
35.086344	0.0126501
35.093272	0.0121705
35.100200	0.0127060
35.107129	0.0121426
35.114059	0.0108852
35.120989	0.0114416
35.127920	0.0117456
35.134852	0.0118404
35.141784	0.0112060
35.148717	0.0122887
35.155651	0.0131982
35.162586	0.0112444
35.169521	0.0116032
35.176457	0.0119706
35.183394	0.0120593
35.190331	0.0109291
35.197269	0.0128526
35.204208	0.0113911
35.211148	0.0120038
35.218088	0.0122973
35.225029	0.0121064
35.231970	0.0128705
35.238912	0.0116147
35.245855	0.0102251
35.252799	0.0122875
35.259744	0.0112646
35.266689	0.0121108
35.273635	0.0106648
35.280581	0.0110389
35.287528	0.0116650
35.294476	0.0125148
35.301425	0.0111617
35.308374	0.0120430
35.315324	0.0130793
35.322275	0.0127200
35.329226	0.0128720
35.336178	0.0116282
35.343131	0.0130280
35.350085	0.0111964
35.357039	0.0123776
35.363994	0.0121201
35.370950	0.0115487
35.377906	0.0122190
35.384863	0.0117801
35.391821	0.0121449
35.398779	0.0110998
35.405738	0.0122497
35.412698	0.0132699
35.419659	0.0121102
35.426620	0.0100391
35.433582	0.0107881
35.440545	0.0124578
35.447508	0.0123320
35.454472	0.0112721
35.461437	0.0109240
35.468402	0.0116841
35.475368	0.0124600
35.482335	0.0126947
35.489303	0.0118252
35.496271	0.0121492
35.503240	0.0122787
35.510210	0.0120820
35.517180	0.0115376
35.524151	0.0127938
35.531123	0.0120511
35.538096	0.0130430
35.545069	0.0114722
35.552043	0.0112978
35.559017	0.0111930
35.565993	0.0118058
35.572969	0.0113537
35.579945	0.0112789
35.586923	0.0119030
35.593901	0.0109931
35.600880	0.0114915
35.607859	0.0122658
35.614840	0.0109030
35.621821	0.0117845
35.628802	0.0118095
35.635784	0.0118741
35.642768	0.0121299
35.649751	0.0113128
35.656736	0.0123516
35.663721	0.0121649
35.670707	0.0106530
35.677693	0.0127057
35.684680	0.0125420
35.691668	0.0127375
35.698657	0.0122128
35.705646	0.0110502
35.712636	0.0130726
35.719627	0.0119190
35.726619	0.0115152
35.733611	0.0122027
35.740604	0.0103186
35.747597	0.0125680
35.754592	0.0112393
35.761587	0.0118126
35.768582	0.0116077
35.775579	0.0117791
35.782576	0.0125921
35.789574	0.0118844
35.796572	0.0119515
35.803571	0.0115778
35.810571	0.0129319
35.817572	0.0123104
35.824573	0.0113366
35.831575	0.0134415
35.838578	0.0120010
35.845581	0.0126755
35.852585	0.0114883
35.859590	0.0123926
35.866596	0.0117559
35.873602	0.0124228
35.880609	0.0125698
35.887616	0.0122437
35.894625	0.0118558
35.901634	0.0108590
35.908643	0.0115890
35.915654	0.0114264
35.922665	0.0124236
35.929677	0.0118430
35.936689	0.0123041
35.943703	0.0124923
35.950716	0.0129113
35.957731	0.0127342
35.964746	0.0117626
35.971762	0.0124657
35.978779	0.0115199
35.985797	0.0121738
35.992815	0.0116735
35.999834	0.0117473
36.006853	0.0118811
36.013874	0.0127595
36.020895	0.0113033
36.027916	0.0116770
36.034939	0.0128644
36.041962	0.0110794
36.048985	0.0116711
36.056010	0.0104193
36.063035	0.0113468
36.070061	0.0120744
36.077088	0.0108190
36.084115	0.0116793
36.091143	0.0116995
36.098171	0.0120883
36.105201	0.0131911
36.112231	0.0111430
36.119262	0.0128731
36.126293	0.0119630
36.133325	0.0112395
36.140358	0.0113353
36.147392	0.0119444
36.154426	0.0114015
36.161461	0.0134586
36.168497	0.0138020
36.175533	0.0182678
36.182571	0.0233054
36.189608	0.0303908
36.196647	0.0413239
36.203686	0.0514044
36.210726	0.0600817
36.217767	0.0631785
36.224808	0.0607952
36.231850	0.0561862
36.238893	0.0477063
36.245936	0.0393025
36.252980	0.0340646
36.260025	0.0250069
36.267071	0.0223558
36.274117	0.0185669
36.281164	0.0147817
36.288212	0.0152441
36.295260	0.0140627
36.302309	0.0131760
36.309359	0.0115942
36.316409	0.0131262
36.323461	0.0124724
36.330512	0.0118759
36.337565	0.0127098
36.344618	0.0123338
36.351672	0.0110944
36.358727	0.0130070
36.365782	0.0115805
36.372838	0.0118467
36.379895	0.0120372
36.386953	0.0116912
36.394011	0.0125807
36.401070	0.0127308
36.408129	0.0111118
36.415190	0.0117996
36.422251	0.0107825
36.429312	0.0109350
36.436375	0.0119172
36.443438	0.0126001
36.450502	0.0121468
36.457566	0.0120264
36.464631	0.0120522
36.471697	0.0115078
36.478764	0.0122312
36.485831	0.0109809
36.492899	0.0124412
36.499968	0.0129302
36.507037	0.0127654
36.514108	0.0117099
36.521178	0.0122264
36.528250	0.0122160
36.535322	0.0113282
36.542395	0.0122197
36.549469	0.0119827
36.556543	0.0122230
36.563618	0.0124094
36.570694	0.0104182
36.577770	0.0112139
36.584848	0.0122113
36.591925	0.0118488
36.599004	0.0126962
36.606083	0.0126295
36.613163	0.0125891
36.620244	0.0117606
36.627325	0.0122386
36.634407	0.0124569
36.641490	0.0112732
36.648574	0.0123731
36.655658	0.0109901
36.662743	0.0130115
36.669828	0.0128916
36.676915	0.0111970
36.684001	0.0122303
36.691089	0.0114438
36.698178	0.0118528
36.705267	0.0127526
36.712356	0.0117973
36.719447	0.0120680
36.726538	0.0120355
36.733630	0.0117594
36.740723	0.0125826
36.747816	0.0118189
36.754910	0.0120420
36.762005	0.0129357
36.769100	0.0117331
36.776196	0.0119362
36.783293	0.0120778
36.790391	0.0121486
36.797489	0.0131783
36.804588	0.0116225
36.811687	0.0108180
36.818788	0.0120409
36.825889	0.0110519
36.832991	0.0128204
36.840093	0.0117159
36.847196	0.0119325
36.854300	0.0130242
36.861405	0.0131109
36.868510	0.0126799
36.875616	0.0112550
36.882722	0.0121175
36.889830	0.0116049
36.896938	0.0118759
36.904047	0.0133471
36.911156	0.0128903
36.918266	0.0115035
36.925377	0.0118048
36.932489	0.0113937
36.939601	0.0122810
36.946714	0.0115775
36.953828	0.0123803
36.960942	0.0121664
36.968057	0.0122297
36.975173	0.0116173
36.982289	0.0115844
36.989407	0.0135220
36.996524	0.0120279
37.003643	0.0120483
37.010762	0.0117549
37.017882	0.0122824
37.025003	0.0122088
37.032125	0.0126264
37.039247	0.0125865
37.046369	0.0114630
37.053493	0.0119164
37.060617	0.0113670
37.067742	0.0128036
37.074868	0.0117740
37.081994	0.0112388
37.089121	0.0128393
37.096249	0.0118747
37.103377	0.0105376
37.110506	0.0133102
37.117636	0.0116657
37.124767	0.0130313
37.131898	0.0126025
37.139030	0.0123323
37.146163	0.0145764
37.153296	0.0187754
37.160430	0.0253634
37.167565	0.0408668
37.174700	0.0548939
37.181836	0.0767275
37.188973	0.0995034
37.196111	0.1134609
37.203249	0.1217143
37.210388	0.1179338
37.217528	0.1080715
37.224668	0.0928156
37.231809	0.0782523
37.238951	0.0602524
37.246093	0.0425325
37.253237	0.0341939
37.260380	0.0246440
37.267525	0.0198267
37.274670	0.0167381
37.281816	0.0132344
37.288963	0.0129377
37.296110	0.0115936
37.303259	0.0130261
37.310407	0.0128785
37.317557	0.0112803
37.324707	0.0112229
37.331858	0.0123525
37.339010	0.0123850
37.346162	0.0120414
37.353315	0.0120725
37.360469	0.0128389
37.367623	0.0109800
37.374778	0.0122240
37.381934	0.0133722
37.389091	0.0112222
37.396248	0.0117988
37.403406	0.0126269
37.410564	0.0120768
37.417724	0.0119982
37.424884	0.0116869
37.432044	0.0142118
37.439206	0.0137259
37.446368	0.0112811
37.453531	0.0127018
37.460694	0.0121482
37.467859	0.0114310
37.475024	0.0138323
37.482189	0.0123812
37.489356	0.0114516
37.496523	0.0137106
37.503690	0.0108336
37.510859	0.0115202
37.518028	0.0131799
37.525198	0.0127614
37.532369	0.0125789
37.539540	0.0123845
37.546712	0.0132247
37.553885	0.0111831
37.561058	0.0120942
37.568232	0.0130326
37.575407	0.0116851
37.582582	0.0124209
37.589758	0.0126393
37.596935	0.0128867
37.604113	0.0135191
37.611291	0.0129973
37.618470	0.0108419
37.625650	0.0121781
37.632830	0.0129500
37.640012	0.0119021
37.647193	0.0124488
37.654376	0.0116664
37.661559	0.0125780
37.668743	0.0102756
37.675928	0.0120179
37.683113	0.0125222
37.690299	0.0123715
37.697486	0.0121549
37.704673	0.0110596
37.711861	0.0126839
37.719050	0.0117219
37.726240	0.0121661
37.733430	0.0125925
37.740621	0.0125036
37.747812	0.0122918
37.755005	0.0112059
37.762198	0.0118815
37.769392	0.0124348
37.776586	0.0121157
37.783781	0.0109392
37.790977	0.0130543
37.798174	0.0109753
37.805371	0.0122343
37.812569	0.0121248
37.819768	0.0119562
37.826967	0.0116195
37.834167	0.0122958
37.841368	0.0125851
37.848569	0.0132868
37.855772	0.0115103
37.862974	0.0119788
37.870178	0.0126819
37.877382	0.0122738
37.884587	0.0130010
37.891793	0.0113346
37.898999	0.0122750
37.906206	0.0113894
37.913414	0.0120418
37.920623	0.0119315
37.927832	0.0115782
37.935042	0.0128461
37.942253	0.0131565
37.949464	0.0106004
37.956676	0.0126755
37.963889	0.0129575
37.971102	0.0125494
37.978316	0.0127001
37.985531	0.0126391
37.992746	0.0131687
37.999963	0.0117119
38.007180	0.0116968
38.014397	0.0110851
38.021616	0.0118024
38.028835	0.0129408
38.036054	0.0124228
38.043275	0.0124892
38.050496	0.0128438
38.057718	0.0122752
38.064940	0.0121538
38.072164	0.0116655
38.079388	0.0129949
38.086612	0.0118956
38.093838	0.0117585
38.101064	0.0121337
38.108291	0.0129200
38.115518	0.0123054
38.122746	0.0106913
38.129975	0.0117413
38.137205	0.0118690
38.144435	0.0122195
38.151666	0.0118045
38.158898	0.0119317
38.166130	0.0126154
38.173363	0.0127892
38.180597	0.0122394
38.187831	0.0118028
38.195067	0.0123683
38.202302	0.0131185
38.209539	0.0125072
38.216776	0.0120914
38.224014	0.0139266
38.231253	0.0123942
38.238492	0.0113312
38.245733	0.0131784
38.252973	0.0116375
38.260215	0.0121021
38.267457	0.0109525
38.274700	0.0117635
38.281944	0.0126470
38.289188	0.0128701
38.296433	0.0131205
38.303679	0.0121544
38.310925	0.0121036
38.318172	0.0116226
38.325420	0.0120387
38.332669	0.0134114
38.339918	0.0127103
38.347168	0.0136808
38.354419	0.0133931
38.361670	0.0121455
38.368922	0.0123158
38.376175	0.0124846
38.383428	0.0114534
38.390682	0.0119377
38.397937	0.0124674
38.405193	0.0116427
38.412449	0.0117460
38.419706	0.0118944
38.426964	0.0117566
38.434222	0.0124945
38.441481	0.0126792
38.448741	0.0116377
38.456001	0.0115143
38.463263	0.0116142
38.470524	0.0126227
38.477787	0.0113022
38.485050	0.0116089
38.492314	0.0120701
38.499579	0.0129369
38.506844	0.0141100
38.514111	0.0131981
38.521377	0.0126764
38.528645	0.0119978
38.535913	0.0120220
38.543182	0.0125149
38.550452	0.0123268
38.557722	0.0127068
38.564993	0.0116118
38.572265	0.0121908
38.579537	0.0127045
38.586810	0.0116077
38.594084	0.0120380
38.601359	0.0127859
38.608634	0.0123375
38.615910	0.0123537
38.623186	0.0113442
38.630464	0.0127555
38.637742	0.0130940
38.645021	0.0127267
38.652300	0.0120152
38.659580	0.0122113
38.666861	0.0126416
38.674143	0.0124985
38.681425	0.0121754
38.688708	0.0122467
38.695991	0.0122618
38.703276	0.0127281
38.710561	0.0128592
38.717847	0.0126525
38.725133	0.0125185
38.732420	0.0137314
38.739708	0.0130727
38.746997	0.0123911
38.754286	0.0119850
38.761576	0.0135305
38.768867	0.0126339
38.776158	0.0129561
38.783450	0.0122656
38.790743	0.0116925
38.798036	0.0112575
38.805331	0.0130509
38.812626	0.0127928
38.819921	0.0126627
38.827217	0.0125342
38.834514	0.0125323
38.841812	0.0121545
38.849111	0.0134245
38.856410	0.0120729
38.863710	0.0115488
38.871010	0.0108810
38.878311	0.0119145
38.885613	0.0125875
38.892916	0.0136695
38.900219	0.0119269
38.907523	0.0112756
38.914828	0.0131507
38.922133	0.0121902
38.929440	0.0123484
38.936746	0.0123191
38.944054	0.0115505
38.951362	0.0128658
38.958671	0.0122677
38.965981	0.0123921
38.973291	0.0125685
38.980602	0.0125337
38.987914	0.0127088
38.995226	0.0124679
39.002540	0.0124011
39.009853	0.0124290
39.017168	0.0137717
39.024483	0.0134938
39.031799	0.0124236
39.039116	0.0131813
39.046433	0.0131041
39.053751	0.0125565
39.061070	0.0125699
39.068390	0.0121397
39.075710	0.0117066
39.083031	0.0119151
39.090352	0.0132042
39.097675	0.0134754
39.104998	0.0127604
39.112321	0.0126462
39.119646	0.0130004
39.126971	0.0128690
39.134297	0.0122224
39.141623	0.0123856
39.148950	0.0111441
39.156278	0.0113697
39.163607	0.0129762
39.170936	0.0129426
39.178266	0.0133904
39.185597	0.0133087
39.192928	0.0120577
39.200261	0.0143312
39.207593	0.0129545
39.214927	0.0124427
39.222261	0.0137924
39.229596	0.0131309
39.236932	0.0125722
39.244268	0.0124919
39.251605	0.0137556
39.258943	0.0124659
39.266281	0.0125967
39.273620	0.0122443
39.280960	0.0131829
39.288301	0.0126662
39.295642	0.0113442
39.302984	0.0120161
39.310327	0.0119322
39.317670	0.0116904
39.325014	0.0120012
39.332359	0.0128666
39.339704	0.0120655
39.347051	0.0124244
39.354397	0.0116237
39.361745	0.0122014
39.369093	0.0125187
39.376442	0.0131272
39.383792	0.0120542
39.391142	0.0125924
39.398493	0.0130546
39.405845	0.0127094
39.413198	0.0126093
39.420551	0.0119889
39.427905	0.0113972
39.435259	0.0121355
39.442615	0.0119704
39.449971	0.0130065
39.457328	0.0124922
39.464685	0.0108723
39.472043	0.0124661
39.479402	0.0131234
39.486761	0.0118944
39.494122	0.0119920
39.501483	0.0125536
39.508844	0.0134288
39.516207	0.0106253
39.523570	0.0123779
39.530933	0.0133384
39.538298	0.0134480
39.545663	0.0121674
39.553029	0.0132433
39.560395	0.0106787
39.567763	0.0114816
39.575130	0.0123074
39.582499	0.0121816
39.589868	0.0133907
39.597239	0.0127033
39.604609	0.0126077
39.611981	0.0124183
39.619353	0.0129443
39.626726	0.0124917
39.634099	0.0114514
39.641474	0.0119172
39.648849	0.0121456
39.656224	0.0114726
39.663601	0.0121541
39.670978	0.0114524
39.678356	0.0122921
39.685734	0.0113440
39.693113	0.0122373
39.700493	0.0125841
39.707874	0.0132181
39.715255	0.0128054
39.722637	0.0135453
39.730020	0.0121935
39.737403	0.0125228
39.744787	0.0127138
39.752172	0.0130377
39.759558	0.0117304
39.766944	0.0118212
39.774331	0.0127151
39.781718	0.0121685
39.789107	0.0124977
39.796496	0.0121041
39.803885	0.0123636
39.811276	0.0112092
39.818667	0.0117508
39.826059	0.0124240
39.833451	0.0119010
39.840844	0.0125614
39.848238	0.0121264
39.855633	0.0120350
39.863028	0.0121423
39.870424	0.0104051
39.877821	0.0131763
39.885219	0.0112603
39.892617	0.0117009
39.900016	0.0114872
39.907415	0.0123274
39.914816	0.0120091
39.922216	0.0126094
39.929618	0.0128144
39.937021	0.0127431
39.944424	0.0124301
39.951827	0.0128507
39.959232	0.0128705
39.966637	0.0122840
39.974043	0.0120237
39.981449	0.0127715
39.988857	0.0126066
39.996265	0.0110941
40.003673	0.0138656
40.011083	0.0127697
40.018493	0.0117080
40.025904	0.0126962
40.033315	0.0117210
40.040727	0.0112172
40.048140	0.0127764
40.055554	0.0127669
40.062968	0.0139173
40.070383	0.0120187
40.077799	0.0126115
40.085215	0.0122317
40.092632	0.0133895
40.100050	0.0121133
40.107469	0.0112629
40.114888	0.0114245
40.122308	0.0123616
40.129729	0.0133196
40.137150	0.0123633
40.144572	0.0124894
40.151995	0.0122472
40.159418	0.0128577
40.166842	0.0127911
40.174267	0.0129742
40.181693	0.0121239
40.189119	0.0123324
40.196546	0.0122635
40.203974	0.0111190
40.211402	0.0125696
40.218831	0.0138928
40.226261	0.0127570
40.233691	0.0123405
40.241122	0.0123184
40.248554	0.0120117
40.255987	0.0124174
40.263420	0.0126366
40.270854	0.0129589
40.278289	0.0114271
40.285724	0.0129667
40.293160	0.0128748
40.300597	0.0116415
40.308034	0.0124902
40.315473	0.0131046
40.322912	0.0132796
40.330351	0.0120713
40.337791	0.0124989
40.345232	0.0113365
40.352674	0.0122868
40.360117	0.0130180
40.367560	0.0135653
40.375004	0.0119430
40.382448	0.0128576
40.389893	0.0117301
40.397339	0.0136130
40.404786	0.0121586
40.412233	0.0113155
40.419681	0.0118482
40.427130	0.0126884
40.434579	0.0114942
40.442029	0.0125657
40.449480	0.0135430
40.456932	0.0131447
40.464384	0.0133997
40.471837	0.0121762
40.479291	0.0131800
40.486745	0.0117140
40.494200	0.0120077
40.501656	0.0113966
40.509112	0.0117289
40.516569	0.0133480
40.524027	0.0122831
40.531486	0.0116018
40.538945	0.0127336
40.546405	0.0130786
40.553866	0.0126705
40.561327	0.0124973
40.568789	0.0136380
40.576252	0.0131372
40.583715	0.0133423
40.591180	0.0122856
40.598644	0.0123262
40.606110	0.0122965
40.613576	0.0117676
40.621043	0.0124475
40.628511	0.0142715
40.635979	0.0128953
40.643448	0.0116002
40.650918	0.0129856
40.658389	0.0121785
40.665860	0.0106003
40.673332	0.0127395
40.680805	0.0134776
40.688278	0.0135380
40.695752	0.0122421
40.703227	0.0121632
40.710702	0.0128100
40.718178	0.0113413
40.725655	0.0117001
40.733132	0.0121657
40.740611	0.0129723
40.748090	0.0118438
40.755569	0.0123215
40.763050	0.0127780
40.770531	0.0128564
40.778012	0.0123937
40.785495	0.0135731
40.792978	0.0123002
40.800462	0.0113934
40.807946	0.0126180
40.815432	0.0120697
40.822918	0.0121472
40.830404	0.0114273
40.837892	0.0132837
40.845380	0.0132825
40.852868	0.0127597
40.860358	0.0133927
40.867848	0.0122828
40.875339	0.0121931
40.882830	0.0134846
40.890323	0.0123873
40.897816	0.0127005
40.905309	0.0123227
40.912804	0.0119725
40.920299	0.0125736
40.927795	0.0125488
40.935291	0.0122914
40.942788	0.0124702
40.950286	0.0123830
40.957785	0.0124180
40.965284	0.0117161
40.972784	0.0124402
40.980285	0.0113618
40.987786	0.0116530
40.995288	0.0118324
41.002791	0.0131500
41.010295	0.0114934
41.017799	0.0132538
41.025304	0.0123910
41.032809	0.0117533
41.040316	0.0132250
41.047823	0.0115700
41.055331	0.0116285
41.062839	0.0130699
41.070348	0.0131042
41.077858	0.0128938
41.085368	0.0115814
41.092880	0.0117264
41.100392	0.0128115
41.107904	0.0142643
41.115418	0.0134779
41.122932	0.0152330
41.130446	0.0207587
41.137962	0.0281513
41.145478	0.0396611
41.152995	0.0566549
41.160512	0.0749492
41.168031	0.0947619
41.175550	0.1048724
41.183069	0.1068818
41.190590	0.1019009
41.198111	0.0919972
41.205633	0.0763373
41.213155	0.0610493
41.220678	0.0476438
41.228202	0.0370305
41.235727	0.0270165
41.243252	0.0221059
41.250778	0.0164903
41.258305	0.0149535
41.265832	0.0141701
41.273360	0.0131784
41.280889	0.0124776
41.288418	0.0124688
41.295949	0.0123377
41.303480	0.0130771
41.311011	0.0123369
41.318544	0.0121660
41.326077	0.0120395
41.333610	0.0135237
41.341145	0.0116687
41.348680	0.0133120
41.356216	0.0120833
41.363752	0.0120264
41.371289	0.0131633
41.378827	0.0115295
41.386366	0.0113229
41.393905	0.0123810
41.401445	0.0138265
41.408986	0.0129138
41.416528	0.0125312
41.424070	0.0131832
41.431612	0.0135379
41.439156	0.0108956
41.446700	0.0129968
41.454245	0.0122666
41.461791	0.0126145
41.469337	0.0118129
41.476884	0.0129435
41.484432	0.0116764
41.491981	0.0125360
41.499530	0.0141601
41.507080	0.0127853
41.514630	0.0133262
41.522181	0.0131765
41.529733	0.0139749
41.537286	0.0119169
41.544840	0.0129830
41.552394	0.0122671
41.559948	0.0134919
41.567504	0.0128728
41.575060	0.0120658
41.582617	0.0139632
41.590175	0.0120809
41.597733	0.0114857
41.605292	0.0121522
41.612852	0.0128205
41.620412	0.0138991
41.627973	0.0107771
41.635535	0.0138508
41.643097	0.0125999
41.650661	0.0119932
41.658225	0.0122274
41.665789	0.0121625
41.673355	0.0128458
41.680921	0.0125936
41.688487	0.0117220
41.696055	0.0132253
41.703623	0.0133469
41.711192	0.0131321
41.718761	0.0125950
41.726331	0.0123854
41.733902	0.0124990
41.741474	0.0117895
41.749046	0.0117029
41.756619	0.0122930
41.764193	0.0120366
41.771768	0.0128342
41.779343	0.0117865
41.786919	0.0118064
41.794495	0.0124731
41.802073	0.0133176
41.809651	0.0121589
41.817229	0.0122594
41.824809	0.0122951
41.832389	0.0135659
41.839969	0.0118892
41.847551	0.0124204
41.855133	0.0136003
41.862716	0.0130518
41.870300	0.0128183
41.877884	0.0124794
41.885469	0.0126030
41.893055	0.0124249
41.900641	0.0121050
41.908228	0.0135893
41.915816	0.0130119
41.923404	0.0128452
41.930994	0.0123184
41.938583	0.0140215
41.946174	0.0125261
41.953765	0.0131593
41.961357	0.0138777
41.968950	0.0128790
41.976544	0.0124480
41.984138	0.0118525
41.991732	0.0115751
41.999328	0.0127473
42.006924	0.0115152
42.014521	0.0134126
42.022119	0.0125595
42.029717	0.0123341
42.037316	0.0118318
42.044916	0.0119698
42.052516	0.0138111
42.060118	0.0118194
42.067719	0.0135083
42.075322	0.0120229
42.082925	0.0114760
42.090529	0.0130331
42.098134	0.0130069
42.105739	0.0137385
42.113345	0.0126184
42.120952	0.0122011
42.128559	0.0131308
42.136168	0.0117232
42.143777	0.0124407
42.151386	0.0126627
42.158996	0.0116808
42.166607	0.0129049
42.174219	0.0135185
42.181831	0.0118951
42.189444	0.0119936
42.197058	0.0126618
42.204673	0.0132423
42.212288	0.0138915
42.219904	0.0130282
42.227520	0.0134241
42.235138	0.0121909
42.242756	0.0124875
42.250374	0.0131131
42.257994	0.0124989
42.265614	0.0123210
42.273235	0.0132300
42.280856	0.0130253
42.288479	0.0118555
42.296101	0.0126126
42.303725	0.0119797
42.311349	0.0119813
42.318974	0.0127846
42.326600	0.0144582
42.334227	0.0138324
42.341854	0.0119539
42.349482	0.0116956
42.357110	0.0123260
42.364739	0.0115631
42.372369	0.0116856
42.380000	0.0124777
42.387631	0.0126202
42.395263	0.0137853
42.402896	0.0124481
42.410530	0.0127214
42.418164	0.0118707
42.425799	0.0132182
42.433434	0.0121460
42.441070	0.0108367
42.448707	0.0138346
42.456345	0.0120713
42.463983	0.0116332
42.471623	0.0135354
42.479262	0.0116602
42.486903	0.0130828
42.494544	0.0132943
42.502186	0.0113900
42.509828	0.0121632
42.517472	0.0120354
42.525116	0.0145328
42.532760	0.0124541
42.540406	0.0126709
42.548052	0.0126630
42.555699	0.0132121
42.563346	0.0112358
42.570994	0.0127367
42.578643	0.0124269
42.586293	0.0120236
42.593943	0.0127970
42.601594	0.0120874
42.609246	0.0120937
42.616899	0.0123514
42.624552	0.0118376
42.632205	0.0129978
42.639860	0.0130000
42.647515	0.0124542
42.655171	0.0120802
42.662828	0.0130630
42.670485	0.0121208
42.678143	0.0131178
42.685802	0.0122426
42.693461	0.0136119
42.701122	0.0121582
42.708782	0.0118072
42.716444	0.0126231
42.724106	0.0124069
42.731769	0.0129651
42.739433	0.0128792
42.747097	0.0127101
42.754762	0.0117781
42.762428	0.0126657
42.770094	0.0126297
42.777762	0.0128924
42.785430	0.0128910
42.793098	0.0121800
42.800767	0.0124215
42.808437	0.0135092
42.816108	0.0124328
42.823779	0.0121550
42.831452	0.0113082
42.839124	0.0113452
42.846798	0.0120339
42.854472	0.0128916
42.862147	0.0133277
42.869823	0.0117799
42.877499	0.0124918
42.885176	0.0126174
42.892854	0.0129944
42.900532	0.0124222
42.908211	0.0123171
42.915891	0.0128918
42.923571	0.0120808
42.931253	0.0125532
42.938935	0.0124276
42.946617	0.0129422
42.954301	0.0120654
42.961985	0.0126513
42.969669	0.0129417
42.977355	0.0131309
42.985041	0.0134047
42.992728	0.0132170
43.000415	0.0125776
43.008103	0.0121181
43.015792	0.0130432
43.023482	0.0136494
43.031172	0.0122056
43.038863	0.0133630
43.046555	0.0118533
43.054248	0.0126977
43.061941	0.0127886
43.069635	0.0125141
43.077329	0.0126890
43.085025	0.0129720
43.092721	0.0115000
43.100417	0.0126980
43.108115	0.0125073
43.115813	0.0132591
43.123511	0.0128759
43.131211	0.0129091
43.138911	0.0132739
43.146612	0.0153946
43.154314	0.0185836
43.162016	0.0233165
43.169719	0.0295123
43.177423	0.0383910
43.185127	0.0445976
43.192832	0.0501635
43.200538	0.0526331
43.208244	0.0509510
43.215952	0.0470487
43.223660	0.0430419
43.231368	0.0367989
43.239077	0.0294576
43.246787	0.0234941
43.254498	0.0191208
43.262210	0.0172613
43.269922	0.0142176
43.277635	0.0124907
43.285348	0.0135155
43.293062	0.0127569
43.300777	0.0128534
43.308493	0.0117488
43.316209	0.0111303
43.323926	0.0123024
43.331644	0.0135119
43.339363	0.0135178
43.347082	0.0118820
43.354802	0.0115572
43.362522	0.0127480
43.370243	0.0115498
43.377965	0.0125744
43.385688	0.0130169
43.393411	0.0129549
43.401135	0.0125083
43.408860	0.0118293
43.416586	0.0129271
43.424312	0.0124666
43.432039	0.0138045
43.439766	0.0124938
43.447495	0.0128110
43.455224	0.0114472
43.462953	0.0130275
43.470684	0.0121094
43.478415	0.0119029
43.486146	0.0123427
43.493879	0.0124605
43.501612	0.0130993
43.509346	0.0124096
43.517081	0.0113975
43.524816	0.0131162
43.532552	0.0131489
43.540289	0.0129075
43.548026	0.0137726
43.555764	0.0125993
43.563503	0.0127922
43.571243	0.0124818
43.578983	0.0130107
43.586724	0.0129074
43.594465	0.0124571
43.602208	0.0120530
43.609951	0.0136501
43.617694	0.0132259
43.625439	0.0119313
43.633184	0.0129197
43.640930	0.0118089
43.648676	0.0127586
43.656424	0.0119633
43.664172	0.0111078
43.671920	0.0125039
43.679670	0.0134571
43.687420	0.0128244
43.695170	0.0129748
43.702922	0.0118108
43.710674	0.0129361
43.718427	0.0118842
43.726181	0.0127474
43.733935	0.0110247
43.741690	0.0128261
43.749445	0.0127785
43.757202	0.0134091
43.764959	0.0124806
43.772717	0.0117598
43.780475	0.0122146
43.788234	0.0123520
43.795994	0.0122262
43.803755	0.0125479
43.811516	0.0138508
43.819278	0.0114766
43.827041	0.0137852
43.834804	0.0131609
43.842568	0.0124324
43.850333	0.0130091
43.858099	0.0122590
43.865865	0.0118359
43.873632	0.0116391
43.881399	0.0126433
43.889168	0.0133940
43.896937	0.0130996
43.904706	0.0127227
43.912477	0.0128446
43.920248	0.0119901
43.928020	0.0127464
43.935792	0.0124911
43.943566	0.0130283
43.951340	0.0118588
43.959114	0.0133443
43.966890	0.0138727
43.974666	0.0139140
43.982442	0.0128300
43.990220	0.0133075
43.997998	0.0119481
44.005777	0.0130552
44.013556	0.0121776
44.021337	0.0126645
44.029118	0.0145099
44.036899	0.0132298
44.044682	0.0144719
44.052465	0.0133598
44.060248	0.0115359
44.068033	0.0141311
44.075818	0.0116548
44.083604	0.0132461
44.091391	0.0128482
44.099178	0.0131127
44.106966	0.0134333
44.114754	0.0126153
44.122544	0.0133696
44.130334	0.0138603
44.138125	0.0129715
44.145916	0.0120447
44.153708	0.0137019
44.161501	0.0113441
44.169295	0.0129422
44.177089	0.0144097
44.184884	0.0132120
44.192680	0.0123939
44.200476	0.0131750
44.208274	0.0127829
44.216071	0.0132387
44.223870	0.0124534
44.231669	0.0126335
44.239469	0.0136676
44.247270	0.0129627
44.255071	0.0124288
44.262873	0.0137293
44.270676	0.0124671
44.278479	0.0131348
44.286283	0.0126631
44.294088	0.0129564
44.301894	0.0134026
44.309700	0.0131821
44.317507	0.0133937
44.325315	0.0132878
44.333123	0.0124588
44.340932	0.0133614
44.348742	0.0127452
44.356552	0.0125241
44.364363	0.0129684
44.372175	0.0116058
44.379988	0.0136501
44.387801	0.0130522
44.395615	0.0147563
44.403430	0.0115422
44.411245	0.0118780
44.419061	0.0128805
44.426878	0.0141367
44.434696	0.0137440
44.442514	0.0114258
44.450333	0.0122516
44.458152	0.0121179
44.465972	0.0125393
44.473793	0.0121120
44.481615	0.0135209
44.489438	0.0132844
44.497261	0.0120646
44.505085	0.0127314
44.512909	0.0122771
44.520734	0.0138859
44.528560	0.0128121
44.536387	0.0127111
44.544214	0.0122039
44.552042	0.0124661
44.559871	0.0139346
44.567700	0.0122305
44.575530	0.0117936
44.583361	0.0138902
44.591193	0.0131961
44.599025	0.0124830
44.606858	0.0111288
44.614692	0.0127902
44.622526	0.0118286
44.630361	0.0119010
44.638197	0.0127668
44.646033	0.0129227
44.653870	0.0127770
44.661708	0.0116103
44.669547	0.0131825
44.677386	0.0126054
44.685226	0.0126373
44.693067	0.0136241
44.700908	0.0123501
44.708750	0.0118404
44.716593	0.0120200
44.724436	0.0131548
44.732280	0.0121460
44.740125	0.0127716
44.747971	0.0125044
44.755817	0.0134778
44.763664	0.0127681
44.771512	0.0125914
44.779360	0.0129192
44.787209	0.0132772
44.795059	0.0113551
44.802910	0.0122085
44.810761	0.0120063
44.818613	0.0137961
44.826465	0.0123605
44.834319	0.0133364
44.842173	0.0135885
44.850027	0.0131723
44.857883	0.0126463
44.865739	0.0119028
44.873596	0.0128812
44.881453	0.0126592
44.889312	0.0123168
44.897171	0.0133322
44.905030	0.0124825
44.912890	0.0117987
44.920752	0.0136378
44.928613	0.0128342
44.936476	0.0125784
44.944339	0.0116903
44.952203	0.0131274
44.960067	0.0126676
44.967932	0.0128181
44.975798	0.0136933
44.983665	0.0129978
44.991532	0.0132180
44.999400	0.0131666
45.007269	0.0117840
45.015139	0.0123552
45.023009	0.0134442
45.030880	0.0118400
45.038751	0.0121536
45.046624	0.0136132
45.054497	0.0122196
45.062370	0.0127626
45.070245	0.0130056
45.078120	0.0137639
45.085996	0.0114834
45.093872	0.0134470
45.101749	0.0127903
45.109627	0.0129269
45.117506	0.0137111
45.125385	0.0127086
45.133265	0.0137540
45.141146	0.0134339
45.149027	0.0128704
45.156909	0.0125212
45.164792	0.0128513
45.172676	0.0121659
45.180560	0.0118297
45.188445	0.0129469
45.196330	0.0129868
45.204217	0.0126339
45.212104	0.0129261
45.219991	0.0120607
45.227880	0.0116733
45.235769	0.0125767
45.243659	0.0119862
45.251549	0.0124989
45.259441	0.0134016
45.267332	0.0121438
45.275225	0.0135880
45.283118	0.0140166
45.291012	0.0132435
45.298907	0.0124814
45.306803	0.0123524
45.314699	0.0138888
45.322596	0.0146836
45.330493	0.0136860
45.338392	0.0122983
45.346291	0.0119470
45.354190	0.0129186
45.362091	0.0133200
45.369992	0.0127149
45.377893	0.0126912
45.385796	0.0136781
45.393699	0.0128095
45.401603	0.0124992
45.409508	0.0131373
45.417413	0.0137462
45.425319	0.0124279
45.433225	0.0128606
45.441133	0.0131861
45.449041	0.0123577
45.456950	0.0129351
45.464859	0.0127247
45.472769	0.0126998
45.480680	0.0130795
45.488592	0.0134938
45.496504	0.0128905
45.504417	0.0130484
45.512331	0.0126683
45.520245	0.0127971
45.528161	0.0131789
45.536076	0.0131612
45.543993	0.0121758
45.551910	0.0120340
45.559828	0.0129415
45.567747	0.0128695
45.575666	0.0121049
45.583586	0.0128474
45.591507	0.0129313
45.599428	0.0133141
45.607350	0.0129676
45.615273	0.0128676
45.623197	0.0134865
45.631121	0.0128464
45.639046	0.0137696
45.646972	0.0123828
45.654898	0.0137970
45.662825	0.0134340
45.670753	0.0125488
45.678681	0.0132042
45.686611	0.0114499
45.694540	0.0116770
45.702471	0.0122822
45.710402	0.0115448
45.718334	0.0127587
45.726267	0.0123133
45.734200	0.0122866
45.742134	0.0125866
45.750069	0.0121653
45.758005	0.0131510
45.765941	0.0124551
45.773878	0.0127544
45.781815	0.0134629
45.789754	0.0129278
45.797693	0.0138264
45.805632	0.0125444
45.813573	0.0122421
45.821514	0.0116299
45.829456	0.0118126
45.837398	0.0126765
45.845341	0.0139564
45.853285	0.0128535
45.861230	0.0123902
45.869175	0.0126786
45.877121	0.0129918
45.885068	0.0136092
45.893015	0.0125493
45.900964	0.0130338
45.908912	0.0124391
45.916862	0.0148316
45.924812	0.0118981
45.932763	0.0129711
45.940715	0.0124751
45.948667	0.0124338
45.956620	0.0127440
45.964574	0.0125784
45.972528	0.0131330
45.980484	0.0128517
45.988439	0.0131537
45.996396	0.0127133
46.004353	0.0130952
46.012311	0.0127781
46.020270	0.0122539
46.028229	0.0122403
46.036189	0.0127316
46.044150	0.0117662
46.052112	0.0119757
46.060074	0.0112643
46.068037	0.0130275
46.076000	0.0120912
46.083964	0.0126900
46.091929	0.0115974
46.099895	0.0131694
46.107862	0.0130249
46.115829	0.0119552
46.123796	0.0137017
46.131765	0.0140753
46.139734	0.0121208
46.147704	0.0132401
46.155675	0.0126121
46.163646	0.0124187
46.171618	0.0123094
46.179591	0.0136009
46.187564	0.0132114
46.195538	0.0139133
46.203513	0.0135025
46.211489	0.0137191
46.219465	0.0132014
46.227442	0.0127496
46.235419	0.0139596
46.243398	0.0123090
46.251377	0.0135468
46.259357	0.0127939
46.267337	0.0131803
46.275318	0.0124549
46.283300	0.0127228
46.291283	0.0130624
46.299266	0.0132071
46.307250	0.0135890
46.315234	0.0131372
46.323220	0.0132090
46.331206	0.0123640
46.339193	0.0123397
46.347180	0.0126345
46.355168	0.0129947
46.363157	0.0127094
46.371147	0.0136310
46.379137	0.0133116
46.387128	0.0135194
46.395120	0.0129098
46.403112	0.0138245
46.411105	0.0121995
46.419099	0.0127155
46.427093	0.0127930
46.435089	0.0123927
46.443084	0.0137031
46.451081	0.0120625
46.459078	0.0135861
46.467076	0.0136645
46.475075	0.0127341
46.483075	0.0116050
46.491075	0.0124607
46.499075	0.0135008
46.507077	0.0119408
46.515079	0.0131738
46.523082	0.0123237
46.531086	0.0127741
46.539090	0.0123833
46.547095	0.0128249
46.555101	0.0145580
46.563107	0.0130950
46.571114	0.0133515
46.579122	0.0135538
46.587131	0.0138786
46.595140	0.0128879
46.603150	0.0127781
46.611161	0.0129174
46.619172	0.0137255
46.627184	0.0132351
46.635197	0.0136091
46.643210	0.0141039
46.651224	0.0128853
46.659239	0.0116977
46.667255	0.0134279
46.675271	0.0141838
46.683288	0.0122534
46.691306	0.0133113
46.699324	0.0124218
46.707343	0.0127394
46.715363	0.0132305
46.723383	0.0132047
46.731405	0.0136790
46.739426	0.0128649
46.747449	0.0131795
46.755472	0.0137702
46.763496	0.0122347
46.771521	0.0128060
46.779546	0.0126350
46.787573	0.0133559
46.795599	0.0132322
46.803627	0.0122078
46.811655	0.0133776
46.819684	0.0137579
46.827714	0.0125870
46.835744	0.0129689
46.843775	0.0134949
46.851807	0.0125479
46.859839	0.0140365
46.867872	0.0131748
46.875906	0.0119894
46.883941	0.0123609
46.891976	0.0137165
46.900012	0.0118470
46.908048	0.0129747
46.916086	0.0130850
46.924124	0.0128087
46.932162	0.0138086
46.940202	0.0122281
46.948242	0.0132366
46.956283	0.0126801
46.964324	0.0137136
46.972367	0.0122201
46.980410	0.0124471
46.988453	0.0124031
46.996498	0.0131705
47.004543	0.0129481
47.012588	0.0127920
47.020635	0.0138025
47.028682	0.0135096
47.036730	0.0117987
47.044779	0.0127797
47.052828	0.0132786
47.060878	0.0130578
47.068929	0.0133442
47.076980	0.0120613
47.085032	0.0127031
47.093085	0.0140568
47.101138	0.0131583
47.109192	0.0137882
47.117247	0.0124120
47.125303	0.0120696
47.133359	0.0138929
47.141416	0.0143898
47.149474	0.0121965
47.157532	0.0134588
47.165592	0.0129535
47.173651	0.0133085
47.181712	0.0139836
47.189773	0.0122797
47.197835	0.0133765
47.205898	0.0126019
47.213961	0.0139274
47.222025	0.0131809
47.230090	0.0134943
47.238155	0.0121750
47.246221	0.0127628
47.254288	0.0128021
47.262356	0.0130547
47.270424	0.0128612
47.278493	0.0125271
47.286562	0.0133164
47.294633	0.0123514
47.302704	0.0116344
47.310776	0.0120072
47.318848	0.0116843
47.326921	0.0129159
47.334995	0.0121478
47.343070	0.0121959
47.351145	0.0125235
47.359221	0.0129414
47.367298	0.0133417
47.375375	0.0142857
47.383453	0.0128831
47.391532	0.0131338
47.399611	0.0124887
47.407692	0.0135216
47.415772	0.0137723
47.423854	0.0134966
47.431936	0.0137339
47.440019	0.0134004
47.448103	0.0124945
47.456187	0.0129244
47.464272	0.0126244
47.472358	0.0137614
47.480445	0.0117889
47.488532	0.0129334
47.496620	0.0121736
47.504709	0.0137062
47.512798	0.0120441
47.520888	0.0137080
47.528979	0.0132292
47.537070	0.0130551
47.545162	0.0138184
47.553255	0.0131493
47.561348	0.0122486
47.569443	0.0130228
47.577538	0.0123679
47.585633	0.0135257
47.593730	0.0134866
47.601827	0.0119670
47.609924	0.0127968
47.618023	0.0126224
47.626122	0.0124803
47.634222	0.0128637
47.642322	0.0115373
47.650424	0.0129499
47.658526	0.0130368
47.666628	0.0123527
47.674732	0.0147973
47.682836	0.0132305
47.690941	0.0128900
47.699046	0.0135713
47.707152	0.0125623
47.715259	0.0128206
47.723367	0.0127749
47.731475	0.0124614
47.739584	0.0127302
47.747694	0.0127621
47.755804	0.0131344
47.763915	0.0122225
47.772027	0.0137133
47.780139	0.0133644
47.788253	0.0140156
47.796366	0.0121756
47.804481	0.0143889
47.812596	0.0141836
47.820712	0.0116927
47.828829	0.0128199
47.836946	0.0143760
47.845065	0.0128299
47.853183	0.0114886
47.861303	0.0129213
47.869423	0.0126957
47.877544	0.0130489
47.885666	0.0123972
47.893788	0.0135983
47.901911	0.0134386
47.910035	0.0136733
47.918159	0.0130884
47.926284	0.0144131
47.934410	0.0130706
47.942537	0.0128145
47.950664	0.0120702
47.958792	0.0116462
47.966921	0.0145275
47.975050	0.0129586
47.983180	0.0129038
47.991311	0.0133635
47.999442	0.0141827
48.007574	0.0125991
48.015707	0.0128924
48.023841	0.0117147
48.031975	0.0123093
48.040110	0.0119650
48.048246	0.0128912
48.056382	0.0123938
48.064519	0.0139862
48.072657	0.0130167
48.080795	0.0128253
48.088935	0.0133940
48.097074	0.0135004
48.105215	0.0129106
48.113356	0.0135289
48.121498	0.0147250
48.129641	0.0122213
48.137784	0.0121723
48.145929	0.0129003
48.154073	0.0142938
48.162219	0.0136416
48.170365	0.0143397
48.178512	0.0124608
48.186660	0.0141606
48.194808	0.0130778
48.202957	0.0132018
48.211107	0.0117952
48.219257	0.0141811
48.227408	0.0129622
48.235560	0.0131316
48.243713	0.0133913
48.251866	0.0114608
48.260020	0.0128191
48.268174	0.0143551
48.276330	0.0127010
48.284486	0.0125531
48.292643	0.0131413
48.300800	0.0134333
48.308958	0.0131604
48.317117	0.0125892
48.325277	0.0126753
48.333437	0.0134296
48.341598	0.0141345
48.349759	0.0124359
48.357922	0.0126172
48.366085	0.0139702
48.374249	0.0147657
48.382413	0.0125424
48.390578	0.0129063
48.398744	0.0132696
48.406911	0.0130705
48.415078	0.0120319
48.423246	0.0126239
48.431415	0.0134285
48.439584	0.0134882
48.447754	0.0140986
48.455925	0.0132039
48.464096	0.0127401
48.472269	0.0123332
48.480442	0.0141778
48.488615	0.0140987
48.496789	0.0120546
48.504965	0.0135232
48.513140	0.0122816
48.521317	0.0136630
48.529494	0.0115268
48.537672	0.0131828
48.545850	0.0137546
48.554029	0.0126800
48.562209	0.0133417
48.570390	0.0123585
48.578571	0.0126774
48.586753	0.0128030
48.594936	0.0135983
48.603119	0.0127471
48.611304	0.0130343
48.619488	0.0129933
48.627674	0.0126303
48.635860	0.0129146
48.644047	0.0122868
48.652235	0.0138923
48.660423	0.0129933
48.668612	0.0121752
48.676802	0.0132929
48.684992	0.0147856
48.693184	0.0125301
48.701375	0.0130513
48.709568	0.0136517
48.717761	0.0135052
48.725955	0.0133573
48.734150	0.0125860
48.742345	0.0123546
48.750541	0.0130978
48.758738	0.0128269
48.766936	0.0148977
48.775134	0.0121992
48.783333	0.0125630
48.791532	0.0131881
48.799733	0.0124431
48.807934	0.0133797
48.816135	0.0123817
48.824338	0.0121555
48.832541	0.0134968
48.840745	0.0134073
48.848949	0.0134979
48.857154	0.0127002
48.865360	0.0121289
48.873567	0.0135893
48.881774	0.0137244
48.889982	0.0146576
48.898191	0.0124427
48.906400	0.0132267
48.914611	0.0129653
48.922821	0.0138671
48.931033	0.0127716
48.939245	0.0128377
48.947458	0.0127803
48.955672	0.0138156
48.963886	0.0135670
48.972101	0.0136872
48.980317	0.0134938
48.988533	0.0134181
48.996750	0.0136136
49.004968	0.0118795
49.013187	0.0132137
49.021406	0.0131541
49.029626	0.0140926
49.037847	0.0133695
49.046068	0.0138253
49.054290	0.0127568
49.062513	0.0136605
49.070736	0.0140635
49.078961	0.0133446
49.087185	0.0135680
49.095411	0.0125912
49.103637	0.0128014
49.111864	0.0128326
49.120092	0.0134553
49.128320	0.0136894
49.136549	0.0125765
49.144779	0.0122620
49.153010	0.0126636
49.161241	0.0127728
49.169473	0.0126334
49.177705	0.0134958
49.185939	0.0126265
49.194173	0.0139970
49.202408	0.0131764
49.210643	0.0136944
49.218879	0.0122534
49.227116	0.0124375
49.235353	0.0132403
49.243592	0.0130858
49.251831	0.0130481
49.260070	0.0127357
49.268311	0.0134281
49.276552	0.0132019
49.284793	0.0124309
49.293036	0.0136048
49.301279	0.0133474
49.309523	0.0139773
49.317767	0.0127744
49.326012	0.0122088
49.334258	0.0129682
49.342505	0.0131796
49.350752	0.0132791
49.359001	0.0123408
49.367249	0.0129265
49.375499	0.0125341
49.383749	0.0137154
49.392000	0.0125025
49.400251	0.0136388
49.408504	0.0128018
49.416757	0.0137398
49.425010	0.0140376
49.433265	0.0149102
49.441520	0.0123307
49.449776	0.0126942
49.458032	0.0111816
49.466289	0.0133032
49.474547	0.0121938
49.482806	0.0134903
49.491065	0.0127394
49.499325	0.0125821
49.507586	0.0138498
49.515847	0.0133987
49.524109	0.0136274
49.532372	0.0125189
49.540636	0.0127108
49.548900	0.0135456
49.557165	0.0133067
49.565430	0.0124036
49.573697	0.0128531
49.581964	0.0133697
49.590231	0.0122370
49.598500	0.0129964
49.606769	0.0123441
49.615039	0.0126158
49.623309	0.0131078
49.631580	0.0131063
49.639852	0.0133297
49.648125	0.0132102
49.656398	0.0153323
49.664672	0.0127063
49.672947	0.0133695
49.681223	0.0132341
49.689499	0.0136290
49.697776	0.0121405
49.706053	0.0147126
49.714332	0.0142379
49.722610	0.0128914
49.730890	0.0134410
49.739171	0.0134435
49.747452	0.0141475
49.755733	0.0125392
49.764016	0.0140208
49.772299	0.0134101
49.780583	0.0119759
49.788867	0.0132746
49.797153	0.0139380
49.805439	0.0132937
49.813725	0.0129902
49.822013	0.0119739
49.830301	0.0132798
49.838590	0.0127930
49.846879	0.0131106
49.855169	0.0124534
49.863460	0.0140374
49.871752	0.0137536
49.880044	0.0131969
49.888337	0.0130414
49.896631	0.0132492
49.904925	0.0126833
49.913220	0.0130995
49.921516	0.0122672
49.929813	0.0139835
49.938110	0.0136794
49.946408	0.0129445
49.954707	0.0130210
49.963006	0.0146550
49.971306	0.0146492
49.979607	0.0149508
49.987908	0.0146531
49.996210	0.0131346
50.004513	0.0132532
50.012817	0.0128379
50.021121	0.0141168
50.029426	0.0135428
50.037732	0.0135521
50.046038	0.0136944
50.054345	0.0133303
50.062653	0.0140240
50.070961	0.0127487
50.079270	0.0130984
50.087580	0.0120236
50.095891	0.0136313
50.104202	0.0137179
50.112514	0.0135848
50.120827	0.0141358
50.129140	0.0133053
50.137454	0.0141804
50.145769	0.0126189
50.154084	0.0141996
50.162401	0.0129048
50.170718	0.0128988
50.179035	0.0130649
50.187353	0.0127979
50.195672	0.0128422
50.203992	0.0128171
50.212313	0.0126375
50.220634	0.0133457
50.228956	0.0147891
50.237278	0.0127934
50.245601	0.0131137
50.253925	0.0153889
50.262250	0.0133603
50.270575	0.0131944
50.278901	0.0147561
50.287228	0.0133051
50.295555	0.0136537
50.303883	0.0143061
50.312212	0.0137341
50.320542	0.0128244
50.328872	0.0133205
50.337203	0.0130444
50.345535	0.0137974
50.353867	0.0138823
50.362200	0.0135009
50.370534	0.0138761
50.378868	0.0140919
50.387203	0.0133876
50.395539	0.0148791
50.403876	0.0133112
50.412213	0.0144807
50.420551	0.0122360
50.428890	0.0147755
50.437229	0.0135346
50.445569	0.0140451
50.453910	0.0130774
50.462251	0.0127300
50.470594	0.0138199
50.478936	0.0137457
50.487280	0.0147282
50.495624	0.0136744
50.503969	0.0119739
50.512315	0.0136180
50.520661	0.0136113
50.529008	0.0121195
50.537356	0.0135868
50.545705	0.0147119
50.554054	0.0141852
50.562404	0.0163066
50.570754	0.0190767
50.579106	0.0224294
50.587458	0.0260319
50.595811	0.0272414
50.604164	0.0322755
50.612518	0.0327983
50.620873	0.0313620
50.629228	0.0309328
50.637585	0.0268722
50.645942	0.0237257
50.654299	0.0229314
50.662658	0.0194725
50.671017	0.0166046
50.679376	0.0160026
50.687737	0.0144678
50.696098	0.0142775
50.704460	0.0138261
50.712822	0.0131287
50.721186	0.0132448
50.729550	0.0139452
50.737914	0.0130562
50.746280	0.0144132
50.754646	0.0136535
50.763012	0.0134680
50.771380	0.0143355
50.779748	0.0132451
50.788117	0.0131296
50.796486	0.0133827
50.804857	0.0146722
50.813228	0.0138621
50.821599	0.0130490
50.829972	0.0135194
50.838345	0.0133011
50.846719	0.0123222
50.855093	0.0121612
50.863468	0.0139725
50.871844	0.0129584
50.880221	0.0133069
50.888598	0.0148683
50.896976	0.0132167
50.905355	0.0120609
50.913734	0.0131034
50.922114	0.0145644
50.930495	0.0132597
50.938877	0.0135998
50.947259	0.0128905
50.955642	0.0128865
50.964025	0.0130449
50.972410	0.0138533
50.980795	0.0131201
50.989181	0.0133623
50.997567	0.0126618
51.005954	0.0134936
51.014342	0.0138098
51.022730	0.0137428
51.031120	0.0141579
51.039510	0.0142366
51.047900	0.0137639
51.056292	0.0134452
51.064684	0.0119721
51.073076	0.0137430
51.081470	0.0145265
51.089864	0.0139211
51.098259	0.0139367
51.106654	0.0136478
51.115051	0.0139503
51.123448	0.0136535
51.131845	0.0138040
51.140244	0.0144099
51.148643	0.0132137
51.157043	0.0128519
51.165443	0.0139736
51.173844	0.0134006
51.182246	0.0127605
51.190649	0.0137477
51.199052	0.0125340
51.207456	0.0133052
51.215861	0.0138291
51.224266	0.0131816
51.232672	0.0147765
51.241079	0.0138791
51.249486	0.0142101
51.257895	0.0139650
51.266304	0.0131589
51.274713	0.0136702
51.283124	0.0145876
51.291535	0.0145104
51.299946	0.0128819
51.308359	0.0125477
51.316772	0.0113783
51.325186	0.0133371
51.333600	0.0133993
51.342015	0.0137030
51.350431	0.0139291
51.358848	0.0149059
51.367265	0.0127072
51.375683	0.0139040
51.384102	0.0134523
51.392522	0.0133298
51.400942	0.0140920
51.409363	0.0130429
51.417784	0.0125767
51.426206	0.0141638
51.434629	0.0131436
51.443053	0.0125671
51.451477	0.0130837
51.459902	0.0133470
51.468328	0.0129914
51.476755	0.0142467
51.485182	0.0135440
51.493610	0.0141000
51.502038	0.0129635
51.510467	0.0127767
51.518897	0.0134272
51.527328	0.0126251
51.535760	0.0126472
51.544192	0.0135271
51.552624	0.0126251
51.561058	0.0125990
51.569492	0.0130229
51.577927	0.0122814
51.586363	0.0141001
51.594799	0.0140485
51.603236	0.0131814
51.611674	0.0123269
51.620112	0.0141571
51.628551	0.0133057
51.636991	0.0141879
51.645431	0.0141603
51.653873	0.0141212
51.662315	0.0140691
51.670757	0.0125503
51.679201	0.0134846
51.687645	0.0145638
51.696089	0.0135179
51.704535	0.0142420
51.712981	0.0144564
51.721428	0.0137375
51.729875	0.0141890
51.738323	0.0134345
51.746772	0.0120670
51.755222	0.0137477
51.763672	0.0128706
51.772123	0.0128646
51.780575	0.0140923
51.789028	0.0136331
51.797481	0.0129267
51.805935	0.0139613
51.814389	0.0137871
51.822845	0.0143908
51.831301	0.0136278
51.839757	0.0130026
51.848215	0.0131075
51.856673	0.0133986
51.865131	0.0127922
51.873591	0.0141171
51.882051	0.0155057
51.890512	0.0136544
51.898974	0.0155378
51.907436	0.0130107
51.915899	0.0127739
51.924363	0.0132273
51.932827	0.0144049
51.941292	0.0139871
51.949758	0.0126098
51.958224	0.0134113
51.966692	0.0147283
51.975159	0.0139511
51.983628	0.0140297
51.992097	0.0137045
52.000567	0.0135426
52.009038	0.0132069
52.017510	0.0133273
52.025982	0.0133506
52.034454	0.0145154
52.042928	0.0154940
52.051402	0.0124017
52.059877	0.0138171
52.068353	0.0145598
52.076829	0.0125694
52.085306	0.0136853
52.093784	0.0136366
52.102262	0.0126094
52.110742	0.0130486
52.119221	0.0121618
52.127702	0.0126068
52.136183	0.0139095
52.144665	0.0131732
52.153148	0.0138059
52.161631	0.0150250
52.170115	0.0142579
52.178600	0.0149604
52.187085	0.0134174
52.195572	0.0131222
52.204059	0.0139482
52.212546	0.0142318
52.221034	0.0135324
52.229523	0.0135097
52.238013	0.0144960
52.246503	0.0127694
52.254994	0.0131268
52.263486	0.0145541
52.271979	0.0137784
52.280472	0.0118801
52.288966	0.0133416
52.297460	0.0124541
52.305956	0.0132773
52.314452	0.0139594
52.322948	0.0141160
52.331446	0.0124360
52.339944	0.0130340
52.348443	0.0142022
52.356942	0.0127378
52.365443	0.0142745
52.373943	0.0137983
52.382445	0.0129172
52.390947	0.0132517
52.399450	0.0129919
52.407954	0.0140608
52.416459	0.0136776
52.424964	0.0132098
52.433470	0.0134171
52.441976	0.0134563
52.450483	0.0130878
52.458991	0.0134270
52.467500	0.0137378
52.476009	0.0138844
52.484519	0.0128478
52.493030	0.0147268
52.501542	0.0135899
52.510054	0.0133046
52.518567	0.0148445
52.527080	0.0130208
52.535594	0.0131983
52.544109	0.0139677
52.552625	0.0128195
52.561141	0.0133915
52.569659	0.0145415
52.578176	0.0144603
52.586695	0.0150445
52.595214	0.0146230
52.603734	0.0132456
52.612254	0.0130319
52.620776	0.0130163
52.629298	0.0137007
52.637820	0.0135447
52.646344	0.0137406
52.654868	0.0134363
52.663393	0.0126288
52.671918	0.0140926
52.680445	0.0140471
52.688971	0.0137356
52.697499	0.0126848
52.706027	0.0137802
52.714556	0.0136141
52.723086	0.0126016
52.731617	0.0131025
52.740148	0.0136102
52.748679	0.0150865
52.757212	0.0137309
52.765745	0.0142564
52.774279	0.0119130
52.782814	0.0139178
52.791349	0.0128587
52.799885	0.0136137
52.808422	0.0145115
52.816959	0.0124210
52.825498	0.0141524
52.834036	0.0136996
52.842576	0.0136257
52.851116	0.0126688
52.859657	0.0145914
52.868199	0.0137905
52.876741	0.0136400
52.885284	0.0139904
52.893828	0.0129619
52.902372	0.0130649
52.910918	0.0151750
52.919464	0.0149978
52.928010	0.0171185
52.936557	0.0173901
52.945105	0.0212680
52.953654	0.0214095
52.962203	0.0207691
52.970754	0.0228906
52.979304	0.0214148
52.987856	0.0207256
52.996408	0.0192708
53.004961	0.0176525
53.013515	0.0161989
53.022069	0.0153165
53.030624	0.0152567
53.039180	0.0121594
53.047736	0.0146339
53.056293	0.0150621
53.064851	0.0144313
53.073409	0.0142967
53.081969	0.0154400
53.090529	0.0166221
53.099089	0.0159423
53.107651	0.0154863
53.116213	0.0152472
53.124775	0.0161974
53.133339	0.0166110
53.141903	0.0147492
53.150468	0.0148124
53.159033	0.0141427
53.167599	0.0137900
53.176166	0.0127719
53.184734	0.0129911
53.193302	0.0138734
53.201871	0.0136330
53.210441	0.0142614
53.219012	0.0130324
53.227583	0.0139680
53.236155	0.0143276
53.244727	0.0129035
53.253301	0.0136249
53.261875	0.0133143
53.270449	0.0132658
53.279025	0.0130139
53.287601	0.0134442
53.296177	0.0134234
53.304755	0.0132997
53.313333	0.0124597
53.321912	0.0140512
53.330492	0.0140993
53.339072	0.0129559
53.347653	0.0147537
53.356235	0.0125925
53.364817	0.0138726
53.373400	0.0146269
53.381984	0.0135983
53.390568	0.0131011
53.399154	0.0132436
53.407740	0.0135206
53.416326	0.0133096
53.424913	0.0131450
53.433501	0.0136020
53.442090	0.0140867
53.450680	0.0128442
53.459270	0.0127660
53.467861	0.0137265
53.476452	0.0145437
53.485044	0.0135861
53.493637	0.0130966
53.502231	0.0141806
53.510825	0.0135889
53.519420	0.0140902
53.528016	0.0143574
53.536612	0.0128078
53.545210	0.0125006
53.553808	0.0135816
53.562406	0.0142343
53.571005	0.0131264
53.579605	0.0134108
53.588206	0.0142213
53.596807	0.0149430
53.605409	0.0143860
53.614012	0.0136300
53.622616	0.0144941
53.631220	0.0125209
53.639825	0.0149890
53.648430	0.0127940
53.657037	0.0146673
53.665644	0.0128998
53.674251	0.0135500
53.682860	0.0134746
53.691469	0.0139544
53.700078	0.0133749
53.708689	0.0137866
53.717300	0.0141171
53.725912	0.0132258
53.734525	0.0138090
53.743138	0.0147703
53.751752	0.0134574
53.760367	0.0144974
53.768982	0.0131833
53.777598	0.0132197
53.786215	0.0127349
53.794833	0.0132221
53.803451	0.0140536
53.812070	0.0144647
53.820689	0.0145763
53.829310	0.0131221
53.837931	0.0130926
53.846552	0.0140704
53.855175	0.0136023
53.863798	0.0133395
53.872422	0.0132603
53.881046	0.0130061
53.889672	0.0122720
53.898298	0.0145218
53.906924	0.0143684
53.915552	0.0137462
53.924180	0.0132496
53.932808	0.0132787
53.941438	0.0136210
53.950068	0.0125719
53.958699	0.0145634
53.967331	0.0134280
53.975963	0.0140574
53.984596	0.0140762
53.993229	0.0141028
54.001864	0.0140373
54.010499	0.0145954
54.019135	0.0135721
54.027771	0.0135199
54.036408	0.0143191
54.045046	0.0126513
54.053685	0.0136527
54.062324	0.0129396
54.070964	0.0128738
54.079605	0.0130406
54.088246	0.0147165
54.096888	0.0132836
54.105531	0.0145429
54.114175	0.0129833
54.122819	0.0126613
54.131464	0.0134093
54.140109	0.0132657
54.148756	0.0138367
54.157403	0.0141226
54.166050	0.0148015
54.174699	0.0133709
54.183348	0.0132826
54.191998	0.0143007
54.200648	0.0133076
54.209300	0.0138341
54.217952	0.0131025
54.226604	0.0133728
54.235258	0.0143388
54.243912	0.0139960
54.252566	0.0147034
54.261222	0.0132663
54.269878	0.0136430
54.278535	0.0134210
54.287192	0.0139802
54.295851	0.0139038
54.304510	0.0140106
54.313169	0.0143211
54.321830	0.0135183
54.330491	0.0133486
54.339152	0.0149599
54.347815	0.0133750
54.356478	0.0145891
54.365142	0.0132717
54.373807	0.0142180
54.382472	0.0145035
54.391138	0.0150862
54.399804	0.0141688
54.408472	0.0135076
54.417140	0.0129114
54.425809	0.0135735
54.434478	0.0138151
54.443148	0.0140890
54.451819	0.0139616
54.460491	0.0139569
54.469163	0.0123350
54.477836	0.0147854
54.486510	0.0131808
54.495184	0.0142439
54.503860	0.0134268
54.512535	0.0137830
54.521212	0.0138469
54.529889	0.0131084
54.538567	0.0145327
54.547246	0.0131505
54.555925	0.0132022
54.564605	0.0142816
54.573286	0.0129027
54.581967	0.0144153
54.590649	0.0142346
54.599332	0.0144022
54.608016	0.0145626
54.616700	0.0133447
54.625385	0.0130558
54.634071	0.0134960
54.642757	0.0141439
54.651444	0.0148964
54.660132	0.0150887
54.668820	0.0135252
54.677509	0.0148078
54.686199	0.0144272
54.694890	0.0149279
54.703581	0.0138901
54.712273	0.0141446
54.720966	0.0138787
54.729659	0.0129382
54.738353	0.0134855
54.747048	0.0137016
54.755744	0.0133029
54.764440	0.0137409
54.773137	0.0139312
54.781834	0.0135743
54.790532	0.0133173
54.799231	0.0140199
54.807931	0.0149708
54.816632	0.0142188
54.825333	0.0132536
54.834035	0.0138830
54.842737	0.0135428
54.851440	0.0141100
54.860144	0.0122277
54.868849	0.0134829
54.877554	0.0140953
54.886260	0.0128043
54.894967	0.0136313
54.903674	0.0137184
54.912382	0.0142346
54.921091	0.0145293
54.929801	0.0149766
54.938511	0.0151364
54.947222	0.0148671
54.955934	0.0129436
54.964646	0.0133672
54.973359	0.0144569
54.982073	0.0136060
54.990787	0.0144744
54.999502	0.0137594
55.008218	0.0146728
55.016935	0.0142456
55.025652	0.0144958
55.034370	0.0144326
55.043089	0.0132741
55.051808	0.0137988
55.060528	0.0141397
55.069249	0.0128609
55.077970	0.0142279
55.086692	0.0138043
55.095415	0.0131984
55.104139	0.0139492
55.112863	0.0131152
55.121588	0.0140876
55.130314	0.0135155
55.139040	0.0157989
55.147767	0.0154040
55.156495	0.0180020
55.165224	0.0237769
55.173953	0.0367966
55.182683	0.0583498
55.191413	0.0930881
55.200145	0.1443745
55.208877	0.2015758
55.217609	0.2570309
55.226343	0.3004519
55.235077	0.3124334
55.243812	0.2933903
55.252547	0.2706774
55.261284	0.2363924
55.270021	0.1879006
55.278758	0.1463261
55.287496	0.1067191
55.296236	0.0719557
55.304975	0.0520338
55.313716	0.0335889
55.322457	0.0263252
55.331199	0.0174943
55.339941	0.0175126
55.348684	0.0155577
55.357428	0.0143480
55.366173	0.0145346
55.374918	0.0136001
55.383664	0.0140355
55.392411	0.0130333
55.401159	0.0139215
55.409907	0.0148755
55.418656	0.0140228
55.427405	0.0128870
55.436156	0.0132808
55.444907	0.0131761
55.453658	0.0140128
55.462411	0.0131228
55.471164	0.0138790
55.479918	0.0140455
55.488672	0.0139523
55.497427	0.0145715
55.506183	0.0128205
55.514940	0.0127251
55.523697	0.0126591
55.532455	0.0134824
55.541214	0.0146610
55.549973	0.0124625
55.558733	0.0136910
55.567494	0.0146157
55.576256	0.0143039
55.585018	0.0137485
55.593781	0.0135935
55.602544	0.0128695
55.611309	0.0136216
55.620074	0.0145312
55.628839	0.0136315
55.637606	0.0132773
55.646373	0.0134834
55.655141	0.0146470
55.663909	0.0140557
55.672679	0.0142983
55.681448	0.0142416
55.690219	0.0141421
55.698990	0.0139990
55.707762	0.0140952
55.716535	0.0136678
55.725309	0.0141925
55.734083	0.0144026
55.742858	0.0135087
55.751633	0.0136374
55.760410	0.0147720
55.769187	0.0136368
55.777964	0.0150382
55.786743	0.0145651
55.795522	0.0142945
55.804301	0.0148028
55.813082	0.0145966
55.821863	0.0131897
55.830645	0.0157509
55.839428	0.0134592
55.848211	0.0140394
55.856995	0.0144890
55.865779	0.0140682
55.874565	0.0128492
55.883351	0.0128573
55.892138	0.0146750
55.900925	0.0139025
55.909713	0.0131142
55.918502	0.0151934
55.927292	0.0148020
55.936082	0.0146412
55.944873	0.0129663
55.953665	0.0146917
55.962457	0.0136442
55.971251	0.0146062
55.980044	0.0138350
55.988839	0.0142036
55.997634	0.0140296
56.006430	0.0150141
56.015227	0.0136614
56.024024	0.0135765
56.032822	0.0133850
56.041621	0.0135777
56.050420	0.0139971
56.059220	0.0139163
56.068021	0.0133935
56.076823	0.0126048
56.085625	0.0137989
56.094428	0.0148954
56.103232	0.0138137
56.112036	0.0125566
56.120841	0.0137718
56.129647	0.0143809
56.138453	0.0154103
56.147261	0.0157924
56.156068	0.0135334
56.164877	0.0135362
56.173686	0.0139848
56.182496	0.0133938
56.191307	0.0146995
56.200118	0.0137449
56.208930	0.0143547
56.217743	0.0135552
56.226557	0.0141873
56.235371	0.0132376
56.244186	0.0143269
56.253001	0.0150603
56.261818	0.0149829
56.270635	0.0154615
56.279452	0.0132942
56.288271	0.0127393
56.297090	0.0139925
56.305910	0.0141290
56.314730	0.0146038
56.323551	0.0134173
56.332373	0.0141268
56.341196	0.0138419
56.350019	0.0136055
56.358843	0.0147830
56.367668	0.0131581
56.376493	0.0132016
56.385320	0.0137993
56.394146	0.0136969
56.402974	0.0128677
56.411802	0.0146982
56.420631	0.0142518
56.429461	0.0138830
56.438291	0.0153698
56.447122	0.0136316
56.455954	0.0139667
56.464786	0.0128602
56.473620	0.0136557
56.482453	0.0138744
56.491288	0.0138964
56.500123	0.0131249
56.508959	0.0116741
56.517796	0.0142699
56.526633	0.0142268
56.535471	0.0134845
56.544310	0.0149070
56.553150	0.0147194
56.561990	0.0136871
56.570831	0.0132502
56.579672	0.0135044
56.588514	0.0145701
56.597357	0.0139775
56.606201	0.0128532
56.615046	0.0153860
56.623891	0.0136609
56.632736	0.0137938
56.641583	0.0135580
56.650430	0.0140914
56.659278	0.0150107
56.668127	0.0127120
56.676976	0.0150198
56.685826	0.0149483
56.694677	0.0142447
56.703528	0.0135902
56.712380	0.0132888
56.721233	0.0138590
56.730087	0.0137372
56.738941	0.0149726
56.747796	0.0127339
56.756651	0.0149066
56.765508	0.0143322
56.774365	0.0133218
56.783223	0.0134587
56.792081	0.0142069
56.800940	0.0149444
56.809800	0.0141494
56.818661	0.0145523
56.827522	0.0131039
56.836384	0.0132995
56.845246	0.0138270
56.854110	0.0137191
56.862974	0.0143256
56.871839	0.0147798
56.880704	0.0136007
56.889570	0.0131220
56.898437	0.0136774
56.907305	0.0138628
56.916173	0.0136450
56.925042	0.0129984
56.933912	0.0128095
56.942782	0.0138093
56.951653	0.0136743
56.960525	0.0131687
56.969397	0.0134725
56.978271	0.0139967
56.987144	0.0131255
56.996019	0.0144978
57.004894	0.0131056
57.013770	0.0131754
57.022647	0.0134198
57.031525	0.0139057
57.040403	0.0141807
57.049281	0.0151025
57.058161	0.0125690
57.067041	0.0138067
57.075922	0.0137075
57.084804	0.0134592
57.093686	0.0142238
57.102569	0.0134143
57.111453	0.0144297
57.120337	0.0150562
57.129222	0.0136409
57.138108	0.0146825
57.146995	0.0138917
57.155882	0.0130442
57.164770	0.0148280
57.173659	0.0145145
57.182548	0.0134544
57.191438	0.0133372
57.200329	0.0147845
57.209220	0.0146902
57.218112	0.0148758
57.227005	0.0164443
57.235899	0.0153272
57.244793	0.0159085
57.253688	0.0154129
57.262584	0.0170652
57.271480	0.0154098
57.280377	0.0146468
57.289275	0.0147961
57.298173	0.0144188
57.307073	0.0139000
57.315972	0.0139823
57.324873	0.0152229
57.333774	0.0140854
57.342676	0.0138483
57.351579	0.0137506
57.360482	0.0142809
57.369387	0.0139173
57.378291	0.0146449
57.387197	0.0133302
57.396103	0.0131208
57.405010	0.0150815
57.413918	0.0144175
57.422826	0.0144492
57.431735	0.0150156
57.440645	0.0142797
57.449555	0.0130626
57.458466	0.0143436
57.467378	0.0130996
57.476291	0.0129301
57.485204	0.0122015
57.494118	0.0141650
57.503032	0.0144333
57.511948	0.0134331
57.520864	0.0128906
57.529780	0.0139376
57.538698	0.0137518
57.547616	0.0138854
57.556535	0.0137389
57.565454	0.0152724
57.574375	0.0132830
57.583296	0.0136575
57.592217	0.0142234
57.601140	0.0139223
57.610063	0.0157793
57.618986	0.0142831
57.627911	0.0147663
57.636836	0.0136496
57.645762	0.0147392
57.654689	0.0150205
57.663616	0.0131313
57.672544	0.0142288
57.681473	0.0129466
57.690402	0.0133157
57.699332	0.0133305
57.708263	0.0142337
57.717194	0.0142775
57.726126	0.0140409
57.735059	0.0138449
57.743993	0.0142084
57.752927	0.0138720
57.761862	0.0143946
57.770798	0.0146929
57.779734	0.0131081
57.788672	0.0143555
57.797609	0.0141924
57.806548	0.0125040
57.815487	0.0141735
57.824427	0.0139827
57.833368	0.0142308
57.842309	0.0142951
57.851251	0.0152110
57.860194	0.0136325
57.869137	0.0140721
57.878081	0.0144532
57.887026	0.0138921
57.895972	0.0142955
57.904918	0.0147686
57.913865	0.0145288
57.922812	0.0144273
57.931761	0.0139619
57.940710	0.0138058
57.949660	0.0137968
57.958610	0.0131137
57.967561	0.0142956
57.976513	0.0136921
57.985466	0.0142489
57.994419	0.0129444
58.003373	0.0145651
58.012328	0.0150027
58.021283	0.0135955
58.030239	0.0138235
58.039196	0.0146873
58.048153	0.0133575
58.057112	0.0140358
58.066070	0.0139593
58.075030	0.0143998
58.083990	0.0146673
58.092951	0.0144591
58.101913	0.0137564
58.110875	0.0134948
58.119838	0.0144503
58.128802	0.0151908
58.137767	0.0148593
58.146732	0.0156928
58.155698	0.0150896
58.164665	0.0131493
58.173632	0.0146765
58.182600	0.0141292
58.191569	0.0136624
58.200538	0.0149984
58.209508	0.0139887
58.218479	0.0147422
58.227450	0.0145431
58.236423	0.0141741
58.245396	0.0138631
58.254369	0.0144475
58.263344	0.0137101
58.272319	0.0149011
58.281294	0.0142436
58.290271	0.0136105
58.299248	0.0134473
58.308226	0.0136295
58.317204	0.0143065
58.326184	0.0136764
58.335164	0.0130106
58.344144	0.0145485
58.353126	0.0132100
58.362108	0.0153070
58.371091	0.0147577
58.380074	0.0144523
58.389058	0.0139096
58.398043	0.0127170
58.407029	0.0146820
58.416015	0.0143230
58.425002	0.0150814
58.433990	0.0154010
58.442978	0.0145132
58.451967	0.0149324
58.460957	0.0142599
58.469947	0.0147240
58.478939	0.0141719
58.487930	0.0143782
58.496923	0.0148488
58.505916	0.0142739
58.514910	0.0147580
58.523905	0.0137883
58.532900	0.0137540
58.541897	0.0142221
58.550893	0.0135629
58.559891	0.0149700
58.568889	0.0150718
58.577888	0.0136250
58.586888	0.0137737
58.595888	0.0152893
58.604889	0.0143986
58.613891	0.0136710
58.622893	0.0146560
58.631896	0.0151799
58.640900	0.0148720
58.649905	0.0128542
58.658910	0.0132793
58.667916	0.0131806
58.676923	0.0136615
58.685930	0.0142633
58.694938	0.0148371
58.703947	0.0143624
58.712956	0.0129497
58.721966	0.0145597
58.730977	0.0129836
58.739989	0.0132088
58.749001	0.0142414
58.758014	0.0138984
58.767028	0.0146990
58.776042	0.0140840
58.785057	0.0149087
58.794073	0.0137268
58.803089	0.0142361
58.812107	0.0134476
58.821124	0.0136216
58.830143	0.0144183
58.839162	0.0145269
58.848182	0.0143446
58.857203	0.0144996
58.866224	0.0146765
58.875247	0.0148089
58.884269	0.0139197
58.893293	0.0136258
58.902317	0.0135393
58.911342	0.0133329
58.920368	0.0136956
58.929394	0.0148283
58.938421	0.0145896
58.947449	0.0152124
58.956477	0.0130306
58.965506	0.0148054
58.974536	0.0134551
58.983567	0.0140070
58.992598	0.0139757
59.001630	0.0151391
59.010662	0.0133230
59.019696	0.0140068
59.028730	0.0139028
59.037765	0.0141548
59.046800	0.0146173
59.055836	0.0140124
59.064873	0.0136243
59.073911	0.0161846
59.082949	0.0138156
59.091988	0.0153901
59.101027	0.0148452
59.110068	0.0144964
59.119109	0.0161865
59.128151	0.0170617
59.137193	0.0201635
59.146236	0.0297449
59.155280	0.0451756
59.164325	0.0650583
59.173370	0.1014711
59.182416	0.1407720
59.191463	0.1767443
59.200510	0.2079229
59.209558	0.2265610
59.218607	0.2176590
59.227656	0.2027781
59.236707	0.1751553
59.245758	0.1427862
59.254809	0.1102206
59.263861	0.0823420
59.272915	0.0629686
59.281968	0.0437225
59.291023	0.0297969
59.300078	0.0242050
59.309134	0.0191607
59.318190	0.0162854
59.327247	0.0159006
59.336305	0.0143764
59.345364	0.0131533
59.354423	0.0153966
59.363483	0.0146614
59.372544	0.0147023
59.381605	0.0142194
59.390668	0.0144745
59.399730	0.0145300
59.408794	0.0140166
59.417858	0.0144188
59.426923	0.0138524
59.435989	0.0141867
59.445055	0.0139207
59.454122	0.0143674
59.463190	0.0132034
59.472258	0.0157011
59.481328	0.0147495
59.490397	0.0145747
59.499468	0.0138938
59.508539	0.0126448
59.517611	0.0147556
59.526684	0.0162354
59.535757	0.0136479
59.544831	0.0133387
59.553906	0.0142541
59.562982	0.0145083
59.572058	0.0144092
59.581135	0.0150277
59.590212	0.0138429
59.599291	0.0142465
59.608370	0.0136966
59.617449	0.0152147
59.626530	0.0141419
59.635611	0.0153025
59.644693	0.0128830
59.653775	0.0148828
59.662858	0.0150645
59.671942	0.0147370
59.681027	0.0139044
59.690112	0.0136496
59.699198	0.0139107
59.708285	0.0150054
59.717372	0.0149804
59.726461	0.0149834
59.735549	0.0153241
59.744639	0.0137170
59.753729	0.0146641
59.762820	0.0144590
59.771912	0.0152878
59.781004	0.0133581
59.790097	0.0148190
59.799191	0.0139942
59.808285	0.0136305
59.817380	0.0147170
59.826476	0.0144409
59.835573	0.0126990
59.844670	0.0148598
59.853768	0.0139757
59.862867	0.0147087
59.871966	0.0151002
59.881066	0.0146328
59.890167	0.0145858
59.899268	0.0148574
59.908371	0.0154916
59.917473	0.0142791
59.926577	0.0146873
59.935681	0.0144161
59.944786	0.0143207
59.953892	0.0140653
59.962998	0.0148880
59.972105	0.0144802
59.981213	0.0144215
59.990322	0.0140775
59.999431	0.0145055
60.008541	0.0140315
60.017651	0.0152022
60.026763	0.0137547
60.035875	0.0145354
60.044988	0.0159692
60.054101	0.0139002
60.063215	0.0151975
60.072330	0.0139477
60.081445	0.0154617
60.090562	0.0136098
60.099679	0.0137336
60.108796	0.0149330
60.117915	0.0148830
60.127034	0.0141918
60.136153	0.0152031
60.145274	0.0135015
60.154395	0.0140759
60.163517	0.0143539
60.172639	0.0137271
60.181763	0.0154290
60.190886	0.0168141
60.200011	0.0189611
60.209136	0.0223022
60.218263	0.0277530
60.227389	0.0338420
60.236517	0.0413258
60.245645	0.0459484
60.254774	0.0465534
60.263903	0.0477627
60.273034	0.0467035
60.282165	0.0431907
60.291296	0.0368607
60.300429	0.0317711
60.309562	0.0274759
60.318696	0.0218894
60.327830	0.0211818
60.336965	0.0175721
60.346101	0.0151210
60.355238	0.0146220
60.364375	0.0149447
60.373513	0.0146265
60.382652	0.0148845
60.391791	0.0142875
60.400931	0.0143123
60.410072	0.0141900
60.419214	0.0146316
60.428356	0.0134652
60.437499	0.0135759
60.446642	0.0138172
60.455787	0.0137965
60.464932	0.0142217
60.474077	0.0146063
60.483224	0.0155013
60.492371	0.0140122
60.501519	0.0139861
60.510667	0.0138699
60.519816	0.0148481
60.528966	0.0145362
60.538117	0.0142945
60.547268	0.0155127
60.556420	0.0143593
60.565573	0.0144504
60.574727	0.0138139
60.583881	0.0138539
60.593036	0.0148555
60.602191	0.0138181
60.611348	0.0156516
60.620504	0.0141803
60.629662	0.0136889
60.638821	0.0147367
60.647980	0.0135110
60.657139	0.0146515
60.666300	0.0150000
60.675461	0.0154465
60.684623	0.0134447
60.693785	0.0136938
60.702949	0.0162259
60.712113	0.0144208
60.721277	0.0130465
60.730443	0.0134017
60.739609	0.0146613
60.748776	0.0147875
60.757943	0.0151348
60.767111	0.0141944
60.776280	0.0143713
60.785450	0.0145556
60.794620	0.0155879
60.803791	0.0136582
60.812963	0.0148204
60.822135	0.0160766
60.831308	0.0136336
60.840482	0.0134837
60.849657	0.0142313
60.858832	0.0151841
60.868008	0.0151048
60.877185	0.0150220
60.886362	0.0142815
60.895540	0.0134900
60.904719	0.0154669
60.913898	0.0139922
60.923078	0.0146309
60.932259	0.0141347
60.941441	0.0149490
60.950623	0.0138221
60.959806	0.0150286
60.968990	0.0142789
60.978174	0.0153425
60.987359	0.0146799
60.996545	0.0157065
61.005731	0.0144738
61.014918	0.0142696
61.024106	0.0148348
61.033295	0.0142407
61.042484	0.0146212
61.051674	0.0148436
61.060865	0.0143076
61.070056	0.0148974
61.079248	0.0133640
61.088441	0.0150459
61.097634	0.0139770
61.106829	0.0144814
61.116024	0.0145433
61.125219	0.0154445
61.134415	0.0141398
61.143612	0.0144813
61.152810	0.0149917
61.162009	0.0142489
61.171208	0.0147668
61.180408	0.0158431
61.189608	0.0139884
61.198809	0.0162919
61.208011	0.0147206
61.217214	0.0156042
61.226417	0.0151952
61.235621	0.0155291
61.244826	0.0158797
61.254031	0.0147606
61.263237	0.0151808
61.272444	0.0151503
61.281652	0.0138127
61.290860	0.0137753
61.300069	0.0141541
61.309279	0.0154467
61.318489	0.0140803
61.327700	0.0147033
61.336912	0.0151802
61.346124	0.0148516
61.355337	0.0154352
61.364551	0.0143327
61.373766	0.0156102
61.382981	0.0146505
61.392197	0.0148290
61.401414	0.0145203
61.410631	0.0147002
61.419849	0.0132185
61.429068	0.0137913
61.438287	0.0137952
61.447508	0.0142100
61.456728	0.0143911
61.465950	0.0147918
61.475172	0.0144308
61.484395	0.0145407
61.493619	0.0137996
61.502843	0.0148492
61.512068	0.0143761
61.521294	0.0154589
61.530521	0.0131730
61.539748	0.0148674
61.548976	0.0150229
61.558205	0.0136374
61.567434	0.0141469
61.576664	0.0145630
61.585895	0.0135296
61.595126	0.0145981
61.604358	0.0139080
61.613591	0.0145534
61.622824	0.0137365
61.632059	0.0152554
61.641294	0.0147067
61.650529	0.0140955
61.659766	0.0153165
61.669003	0.0135282
61.678240	0.0145499
61.687479	0.0129723
61.696718	0.0140637
61.705958	0.0137565
61.715198	0.0148555
61.724440	0.0135235
61.733682	0.0149976
61.742924	0.0147253
61.752168	0.0152548
61.761412	0.0147730
61.770656	0.0144592
61.779902	0.0145872
61.789148	0.0155175
61.798395	0.0146543
61.807642	0.0157146
61.816891	0.0127947
61.826140	0.0155933
61.835389	0.0142108
61.844640	0.0139157
61.853891	0.0150783
61.863143	0.0137467
61.872395	0.0142500
61.881648	0.0148594
61.890902	0.0145798
61.900157	0.0138525
61.909412	0.0146727
61.918668	0.0168587
61.927925	0.0149391
61.937182	0.0143258
61.946440	0.0137198
61.955699	0.0155177
61.964959	0.0143830
61.974219	0.0151510
61.983480	0.0143902
61.992741	0.0150292
62.002004	0.0146720
62.011267	0.0134367
62.020530	0.0153862
62.029795	0.0142982
62.039060	0.0137926
62.048326	0.0138219
62.057592	0.0153006
62.066860	0.0153549
62.076128	0.0147341
62.085396	0.0139489
62.094666	0.0137864
62.103936	0.0156906
62.113206	0.0148543
62.122478	0.0149780
62.131750	0.0143926
62.141023	0.0139274
62.150296	0.0137870
62.159571	0.0143734
62.168846	0.0152968
62.178121	0.0153796
62.187398	0.0139166
62.196675	0.0146708
62.205953	0.0135399
62.215231	0.0146878
62.224510	0.0128536
62.233790	0.0145435
62.243071	0.0141797
62.252352	0.0140884
62.261634	0.0152236
62.270917	0.0160873
62.280200	0.0154573
62.289484	0.0150536
62.298769	0.0141412
62.308054	0.0144256
62.317341	0.0146246
62.326628	0.0139580
62.335915	0.0146494
62.345204	0.0148534
62.354493	0.0138665
62.363782	0.0135798
62.373073	0.0136015
62.382364	0.0143037
62.391656	0.0159446
62.400948	0.0142452
62.410241	0.0145144
62.419535	0.0148944
62.428830	0.0157074
62.438125	0.0152929
62.447421	0.0150053
62.456718	0.0136467
62.466016	0.0138912
62.475314	0.0144125
62.484613	0.0145902
62.493912	0.0154730
62.503212	0.0152310
62.512513	0.0152883
62.521815	0.0140325
62.531117	0.0157969
62.540420	0.0147092
62.549724	0.0157729
62.559029	0.0134091
62.568334	0.0142705
62.577640	0.0141603
62.586946	0.0147501
62.596253	0.0136140
62.605561	0.0144448
62.614870	0.0154471
62.624180	0.0141846
62.633490	0.0139030
62.642800	0.0140548
62.652112	0.0139421
62.661424	0.0139551
62.670737	0.0136544
62.680051	0.0153917
62.689365	0.0146602
62.698680	0.0143979
62.707996	0.0155919
62.717312	0.0142342
62.726629	0.0143224
62.735947	0.0140307
62.745265	0.0159023
62.754585	0.0140194
62.763905	0.0155171
62.773225	0.0141325
62.782547	0.0149321
62.791869	0.0154588
62.801191	0.0134319
62.810515	0.0152703
62.819839	0.0146341
62.829164	0.0156841
62.838489	0.0148764
62.847815	0.0138433
62.857142	0.0152062
62.866470	0.0145712
62.875798	0.0154886
62.885127	0.0140931
62.894457	0.0146296
62.903788	0.0147425
62.913119	0.0150727
62.922451	0.0166623
62.931783	0.0164733
62.941117	0.0149733
62.950451	0.0131112
62.959785	0.0145069
62.969121	0.0139643
62.978457	0.0138215
62.987793	0.0141800
62.997131	0.0148705
63.006469	0.0131386
63.015808	0.0150540
63.025148	0.0137669
63.034488	0.0158523
63.043829	0.0141913
63.053171	0.0139654
63.062513	0.0165955
63.071856	0.0150895
63.081200	0.0148845
63.090544	0.0147613
63.099890	0.0153490
63.109235	0.0155079
63.118582	0.0130201
63.127929	0.0146981
63.137277	0.0141142
63.146626	0.0144831
63.155976	0.0146629
63.165326	0.0147117
63.174676	0.0134367
63.184028	0.0138392
63.193380	0.0150661
63.202733	0.0144202
63.212087	0.0142739
63.221441	0.0147819
63.230796	0.0143736
63.240152	0.0159145
63.249508	0.0143175
63.258866	0.0150382
63.268223	0.0161871
63.277582	0.0152967
63.286941	0.0138452
63.296301	0.0147221
63.305662	0.0144587
63.315023	0.0142024
63.324385	0.0138954
63.333748	0.0140772
63.343111	0.0146146
63.352476	0.0135399
63.361841	0.0148717
63.371206	0.0139765
63.380572	0.0154982
63.389939	0.0151273
63.399307	0.0144104
63.408675	0.0139298
63.418044	0.0142113
63.427414	0.0146934
63.436785	0.0154243
63.446156	0.0143584
63.455528	0.0155165
63.464900	0.0156940
63.474274	0.0146573
63.483648	0.0143262
63.493022	0.0146097
63.502398	0.0146827
63.511774	0.0146111
63.521151	0.0158400
63.530528	0.0159860
63.539907	0.0147067
63.549285	0.0140908
63.558665	0.0141493
63.568045	0.0158232
63.577426	0.0142658
63.586808	0.0150838
63.596191	0.0138674
63.605574	0.0142757
63.614958	0.0145306
63.624342	0.0152600
63.633727	0.0150552
63.643113	0.0147626
63.652500	0.0142399
63.661887	0.0142633
63.671275	0.0144305
63.680664	0.0156363
63.690054	0.0145823
63.699444	0.0147433
63.708835	0.0153894
63.718226	0.0145248
63.727618	0.0151845
63.737011	0.0148054
63.746405	0.0149245
63.755799	0.0148821
63.765195	0.0138987
63.774590	0.0149138
63.783987	0.0155300
63.793384	0.0152941
63.802782	0.0139559
63.812180	0.0144533
63.821580	0.0140754
63.830980	0.0160245
63.840380	0.0165873
63.849782	0.0138928
63.859184	0.0143254
63.868587	0.0147645
63.877990	0.0158863
63.887395	0.0146579
63.896799	0.0160450
63.906205	0.0147365
63.915611	0.0148196
63.925018	0.0136581
63.934426	0.0133574
63.943835	0.0158591
63.953244	0.0143872
63.962653	0.0141056
63.972064	0.0156774
63.981475	0.0149875
63.990887	0.0153493
64.000300	0.0149156
64.009713	0.0151343
64.019127	0.0149518
64.028542	0.0151334
64.037957	0.0149144
64.047374	0.0154629
64.056790	0.0150163
64.066208	0.0150678
64.075626	0.0157872
64.085045	0.0153814
64.094465	0.0159757
64.103885	0.0134329
64.113306	0.0159056
64.122728	0.0149994
64.132150	0.0147077
64.141574	0.0146067
64.150998	0.0133808
64.160422	0.0146532
64.169847	0.0143948
64.179273	0.0152114
64.188700	0.0141748
64.198127	0.0157521
64.207556	0.0144957
64.216984	0.0151236
64.226414	0.0148280
64.235844	0.0149865
64.245275	0.0141942
64.254707	0.0132784
64.264139	0.0141331
64.273572	0.0153114
64.283006	0.0144117
64.292440	0.0157584
64.301875	0.0141221
64.311311	0.0150101
64.320747	0.0162106
64.330185	0.0157592
64.339623	0.0147101
64.349061	0.0135964
64.358501	0.0145269
64.367941	0.0151733
64.377381	0.0157042
64.386823	0.0152179
64.396265	0.0152879
64.405708	0.0145385
64.415151	0.0164700
64.424595	0.0141210
64.434040	0.0159707
64.443486	0.0144100
64.452932	0.0142577
64.462379	0.0163953
64.471827	0.0141371
64.481276	0.0151269
64.490725	0.0146215
64.500175	0.0150209
64.509625	0.0163805
64.519077	0.0151579
64.528529	0.0153302
64.537981	0.0162270
64.547435	0.0133854
64.556889	0.0147941
64.566343	0.0152558
64.575799	0.0142744
64.585255	0.0151197
64.594712	0.0163608
64.604170	0.0141731
64.613628	0.0155361
64.623087	0.0154645
64.632547	0.0150537
64.642007	0.0136992
64.651468	0.0152900
64.660930	0.0157071
64.670392	0.0152626
64.679856	0.0154945
64.689320	0.0148307
64.698784	0.0136563
64.708249	0.0163320
64.717715	0.0142289
64.727182	0.0152595
64.736650	0.0154383
64.746118	0.0150600
64.755587	0.0151623
64.765056	0.0156846
64.774526	0.0143291
64.783997	0.0157347
64.793469	0.0131819
64.802941	0.0150057
64.812414	0.0154900
64.821888	0.0162138
64.831362	0.0153050
64.840838	0.0140153
64.850314	0.0144673
64.859790	0.0152920
64.869267	0.0154022
64.878745	0.0154825
64.888224	0.0152358
64.897703	0.0155218
64.907183	0.0137895
64.916664	0.0142908
64.926146	0.0156600
64.935628	0.0141468
64.945111	0.0151980
64.954594	0.0139654
64.964079	0.0146085
64.973564	0.0158390
64.983049	0.0137786
64.992536	0.0157657
65.002023	0.0152363
65.011510	0.0141278
65.020999	0.0154536
65.030488	0.0152683
65.039978	0.0146731
65.049469	0.0144146
65.058960	0.0156392
65.068452	0.0156729
65.077945	0.0150322
65.087438	0.0147673
65.096932	0.0151243
65.106427	0.0145244
65.115923	0.0143267
65.125419	0.0154284
65.134916	0.0147122
65.144413	0.0144277
65.153912	0.0148998
65.163411	0.0145791
65.172910	0.0149806
65.182411	0.0140932
65.191912	0.0139708
65.201414	0.0155174
65.210916	0.0146358
65.220420	0.0146776
65.229924	0.0144918
65.239428	0.0141365
65.248934	0.0151093
65.258440	0.0160714
65.267946	0.0159424
65.277454	0.0161284
65.286962	0.0146722
65.296471	0.0152445
65.305981	0.0147031
65.315491	0.0142956
65.325002	0.0160606
65.334513	0.0136592
65.344026	0.0163447
65.353539	0.0141659
65.363053	0.0160995
65.372567	0.0155079
65.382082	0.0155546
65.391598	0.0153228
65.401115	0.0146665
65.410632	0.0154592
65.420150	0.0149113
65.429669	0.0134132
65.439188	0.0150324
65.448708	0.0155975
65.458229	0.0149299
65.467751	0.0163852
65.477273	0.0138199
65.486796	0.0153206
65.496319	0.0148902
65.505844	0.0147835
65.515369	0.0148956
65.524894	0.0147075
65.534421	0.0143410
65.543948	0.0140749
65.553476	0.0154750
65.563004	0.0152157
65.572534	0.0140027
65.582064	0.0146648
65.591594	0.0144545
65.601126	0.0162091
65.610658	0.0147547
65.620190	0.0160793
65.629724	0.0161666
65.639258	0.0152729
65.648793	0.0157515
65.658328	0.0153629
65.667865	0.0157596
65.677402	0.0156483
65.686939	0.0136129
65.696478	0.0139732
65.706017	0.0150535
65.715556	0.0154588
65.725097	0.0158153
65.734638	0.0148573
65.744180	0.0156980
65.753723	0.0156850
65.763266	0.0149677
65.772810	0.0159082
65.782355	0.0149892
65.791900	0.0166127
65.801446	0.0160629
65.810993	0.0136303
65.820540	0.0140233
65.830088	0.0127488
65.839637	0.0150690
65.849187	0.0145951
65.858737	0.0148396
65.868288	0.0147794
65.877840	0.0160943
65.887392	0.0162122
65.896946	0.0134540
65.906499	0.0141825
65.916054	0.0141542
65.925609	0.0137027
65.935165	0.0143871
65.944722	0.0168089
65.954279	0.0153825
65.963837	0.0156602
65.973396	0.0148137
65.982955	0.0147685
65.992515	0.0153846
66.002076	0.0144471
66.011638	0.0157470
66.021200	0.0146090
66.030763	0.0155571
66.040327	0.0147240
66.049891	0.0160521
66.059456	0.0145091
66.069022	0.0151816
66.078588	0.0153591
66.088155	0.0144002
66.097723	0.0143493
66.107292	0.0145817
66.116861	0.0146385
66.126431	0.0152478
66.136002	0.0144395
66.145573	0.0159989
66.155145	0.0138370
66.164718	0.0154853
66.174292	0.0145208
66.183866	0.0148995
66.193441	0.0151218
66.203016	0.0158799
66.212592	0.0154083
66.222169	0.0144820
66.231747	0.0147414
66.241326	0.0156117
66.250905	0.0149495
66.260485	0.0142744
66.270065	0.0149085
66.279646	0.0158937
66.289228	0.0149955
66.298811	0.0148266
66.308394	0.0155628
66.317978	0.0146778
66.327563	0.0152445
66.337148	0.0139708
66.346734	0.0151605
66.356321	0.0145814
66.365909	0.0165200
66.375497	0.0151719
66.385086	0.0155570
66.394676	0.0146661
66.404266	0.0153947
66.413857	0.0152202
66.423449	0.0148407
66.433041	0.0142030
66.442634	0.0150701
66.452228	0.0140852
66.461823	0.0148308
66.471418	0.0141334
66.481014	0.0162088
66.490611	0.0147113
66.500208	0.0160112
66.509806	0.0163918
66.519405	0.0159681
66.529004	0.0146355
66.538604	0.0139974
66.548205	0.0148064
66.557807	0.0148784
66.567409	0.0169428
66.577012	0.0154386
66.586616	0.0144170
66.596220	0.0153915
66.605825	0.0154861
66.615431	0.0153176
66.625038	0.0160995
66.634645	0.0158709
66.644253	0.0154001
66.653861	0.0151396
66.663471	0.0152119
66.673081	0.0153576
66.682691	0.0155551
66.692303	0.0141308
66.701915	0.0154411
66.711528	0.0151720
66.721141	0.0157322
66.730756	0.0149187
66.740371	0.0156466
66.749986	0.0150840
66.759602	0.0155999
66.769220	0.0148922
66.778837	0.0163804
66.788456	0.0147762
66.798075	0.0153023
66.807695	0.0157278
66.817315	0.0154803
66.826936	0.0155317
66.836558	0.0155148
66.846181	0.0149986
66.855804	0.0151821
66.865428	0.0143379
66.875053	0.0151219
66.884679	0.0151291
66.894305	0.0152914
66.903932	0.0147139
66.913559	0.0140002
66.923188	0.0152440
66.932817	0.0155793
66.942446	0.0160753
66.952077	0.0154341
66.961708	0.0144863
66.971340	0.0154767
66.980972	0.0151775
66.990605	0.0162571
67.000239	0.0159687
67.009874	0.0154183
67.019509	0.0149845
67.029145	0.0147710
67.038782	0.0143050
67.048419	0.0152673
67.058057	0.0151515
67.067696	0.0152728
67.077336	0.0155508
67.086976	0.0148655
67.096617	0.0156460
67.106258	0.0160581
67.115901	0.0157760
67.125544	0.0149911
67.135187	0.0158272
67.144832	0.0152748
67.154477	0.0162295
67.164123	0.0150753
67.173769	0.0149482
67.183417	0.0140255
67.193064	0.0158440
67.202713	0.0157498
67.212362	0.0165804
67.222013	0.0149806
67.231663	0.0153770
67.241315	0.0155501
67.250967	0.0167046
67.260620	0.0156252
67.270273	0.0153051
67.279928	0.0164685
67.289583	0.0150358
67.299238	0.0158995
67.308895	0.0156053
67.318552	0.0149604
67.328209	0.0153628
67.337868	0.0157924
67.347527	0.0154310
67.357187	0.0151154
67.366848	0.0153711
67.376509	0.0165902
67.386171	0.0150559
67.395833	0.0160147
67.405497	0.0173669
67.415161	0.0146337
67.424826	0.0155890
67.434491	0.0172757
67.444157	0.0148786
67.453824	0.0147640
67.463492	0.0158128
67.473160	0.0156957
67.482829	0.0145480
67.492499	0.0155367
67.502169	0.0138946
67.511841	0.0153281
67.521512	0.0156799
67.531185	0.0159019
67.540858	0.0151836
67.550532	0.0154276
67.560207	0.0150961
67.569882	0.0154152
67.579558	0.0146235
67.589235	0.0156749
67.598912	0.0160569
67.608590	0.0166168
67.618269	0.0147310
67.627949	0.0165988
67.637629	0.0165359
67.647310	0.0163285
67.656992	0.0173027
67.666674	0.0188223
67.676357	0.0190964
67.686041	0.0198892
67.695725	0.0205585
67.705411	0.0200028
67.715096	0.0201010
67.724783	0.0193388
67.734470	0.0182398
67.744158	0.0174043
67.753847	0.0161927
67.763536	0.0145870
67.773226	0.0161903
67.782917	0.0153650
67.792609	0.0163130
67.802301	0.0161655
67.811994	0.0150373
67.821687	0.0165373
67.831382	0.0150894
67.841077	0.0162663
67.850772	0.0155110
67.860469	0.0151367
67.870166	0.0161181
67.879864	0.0159301
67.889562	0.0157667
67.899261	0.0143497
67.908961	0.0151117
67.918662	0.0159114
67.928363	0.0149442
67.938065	0.0155041
67.947768	0.0157702
67.957471	0.0146411
67.967176	0.0144935
67.976880	0.0157725
67.986586	0.0154772
67.996292	0.0154205
68.005999	0.0156642
68.015707	0.0156816
68.025415	0.0149531
68.035124	0.0151799
68.044834	0.0152720
68.054544	0.0164503
68.064256	0.0168519
68.073967	0.0157505
68.083680	0.0168377
68.093393	0.0151907
68.103107	0.0144274
68.112822	0.0146558
68.122537	0.0150229
68.132253	0.0146617
68.141970	0.0151142
68.151688	0.0168235
68.161406	0.0153034
68.171125	0.0155586
68.180844	0.0155264
68.190565	0.0159166
68.200285	0.0141038
68.210007	0.0170202
68.219730	0.0148670
68.229453	0.0154189
68.239176	0.0163464
68.248901	0.0164738
68.258626	0.0159439
68.268352	0.0144781
68.278079	0.0158664
68.287806	0.0147453
68.297534	0.0162683
68.307263	0.0156888
68.316992	0.0151632
68.326722	0.0163559
68.336453	0.0148125
68.346185	0.0151300
68.355917	0.0154033
68.365650	0.0163215
68.375383	0.0166514
68.385118	0.0156557
68.394853	0.0162111
68.404589	0.0141047
68.414325	0.0156784
68.424062	0.0158150
68.433800	0.0149455
68.443539	0.0148821
68.453278	0.0167415
68.463018	0.0157967
68.472758	0.0151043
68.482500	0.0174500
68.492242	0.0168569
68.501985	0.0175082
68.511728	0.0176243
68.521472	0.0203675
68.531217	0.0228777
68.540963	0.0225957
68.550709	0.0200422
68.560456	0.0203937
68.570204	0.0193278
68.579952	0.0189202
68.589701	0.0172621
68.599451	0.0175983
68.609201	0.0155299
68.618953	0.0155680
68.628704	0.0148441
68.638457	0.0164088
68.648210	0.0163804
68.657964	0.0167929
68.667719	0.0152677
68.677475	0.0154151
68.687231	0.0142230
68.696987	0.0141660
68.706745	0.0165370
68.716503	0.0152871
68.726262	0.0150658
68.736022	0.0142330
68.745782	0.0156496
68.755543	0.0148991
68.765305	0.0164568
68.775067	0.0166427
68.784830	0.0166238
68.794594	0.0155023
68.804359	0.0149947
68.814124	0.0156407
68.823890	0.0157822
68.833657	0.0154124
68.843424	0.0149291
68.853192	0.0159325
68.862961	0.0164716
68.872730	0.0156745
68.882500	0.0155521
68.892271	0.0157460
68.902043	0.0150025
68.911815	0.0149180
68.921588	0.0158781
68.931362	0.0167633
68.941136	0.0147853
68.950911	0.0159500
68.960687	0.0158836
68.970463	0.0163053
68.980241	0.0147703
68.990018	0.0163840
68.999797	0.0144461
69.009576	0.0151179
69.019356	0.0149346
69.029137	0.0164611
69.038918	0.0156766
69.048701	0.0155042
69.058483	0.0167433
69.068267	0.0141569
69.078051	0.0165143
69.087836	0.0163713
69.097622	0.0154119
69.107408	0.0146125
69.117195	0.0154879
69.126983	0.0148720
69.136771	0.0157251
69.146560	0.0155217
69.156350	0.0170837
69.166141	0.0153405
69.175932	0.0148504
69.185724	0.0155828
69.195516	0.0144911
69.205310	0.0139495
69.215104	0.0150913
69.224898	0.0153243
69.234694	0.0153389
69.244490	0.0171387
69.254287	0.0147409
69.264084	0.0158458
69.273883	0.0151432
69.283682	0.0141291
69.293481	0.0151389
69.303282	0.0152581
69.313083	0.0155474
69.322884	0.0156967
69.332687	0.0161668
69.342490	0.0152299
69.352294	0.0164096
69.362099	0.0159676
69.371904	0.0159735
69.381710	0.0152153
69.391517	0.0145792
69.401324	0.0136692
69.411132	0.0166281
69.420941	0.0152411
69.430750	0.0154404
69.440560	0.0145941
69.450371	0.0147447
69.460183	0.0162132
69.469995	0.0158208
69.479808	0.0155540
69.489622	0.0148539
69.499436	0.0157765
69.509252	0.0148907
69.519067	0.0163619
69.528884	0.0155763
69.538701	0.0158941
69.548519	0.0156334
69.558338	0.0154073
69.568157	0.0158257
69.577977	0.0143193
69.587798	0.0148889
69.597619	0.0150051
69.607441	0.0153886
69.617264	0.0154504
69.627088	0.0151635
69.636912	0.0156559
69.646737	0.0150746
69.656562	0.0148138
69.666389	0.0167627
69.676216	0.0154761
69.686044	0.0168392
69.695872	0.0160324
69.705701	0.0159918
69.715531	0.0156355
69.725362	0.0148661
69.735193	0.0155021
69.745025	0.0150750
69.754858	0.0157232
69.764691	0.0153785
69.774525	0.0153932
69.784360	0.0163770
69.794195	0.0158491
69.804032	0.0156393
69.813868	0.0149756
69.823706	0.0146985
69.833544	0.0152199
69.843383	0.0159318
69.853223	0.0140001
69.863063	0.0158727
69.872904	0.0167028
69.882746	0.0152426
69.892589	0.0155953
69.902432	0.0148800
69.912276	0.0167075
69.922121	0.0159340
69.931966	0.0156644
69.941812	0.0147267
69.951659	0.0158869
69.961506	0.0168151
69.971354	0.0166470
69.981203	0.0156414
69.991052	0.0155801
70.000903	0.0169002
70.010754	0.0165145
70.020605	0.0157568
70.030458	0.0152605
70.040311	0.0158209
70.050164	0.0167552
70.060019	0.0139557
70.069874	0.0157881
70.079730	0.0151236
70.089586	0.0159082
70.099444	0.0168371
70.109302	0.0160674
70.119160	0.0157939
70.129020	0.0151531
70.138880	0.0161486
70.148741	0.0156567
70.158602	0.0147195
70.168464	0.0157184
70.178327	0.0165228
70.188191	0.0160584
70.198055	0.0155795
70.207920	0.0161558
70.217786	0.0150402
70.227652	0.0154254
70.237519	0.0163115
70.247387	0.0157516
70.257255	0.0157854
70.267125	0.0156007
70.276994	0.0154338
70.286865	0.0148317
70.296736	0.0160087
70.306608	0.0158476
70.316481	0.0153360
70.326354	0.0160664
70.336229	0.0177028
70.346103	0.0173706
70.355979	0.0152765
70.365855	0.0150336
70.375732	0.0143173
70.385610	0.0123092
70.395488	0.0153947
70.405367	0.0153044
70.415247	0.0156922
70.425127	0.0152285
70.435008	0.0168377
70.444890	0.0157162
70.454773	0.0156780
70.464656	0.0161947
70.474540	0.0153438
70.484425	0.0166829
70.494310	0.0155306
70.504196	0.0154166
70.514083	0.0148541
70.523970	0.0154784
70.533858	0.0164086
70.543747	0.0165617
70.553637	0.0163802
70.563527	0.0148320
70.573418	0.0164102
70.583310	0.0168342
70.593202	0.0157954
70.603095	0.0162516
70.612989	0.0156399
70.622883	0.0164882
70.632779	0.0160725
70.642674	0.0165114
70.652571	0.0162736
70.662468	0.0156964
70.672366	0.0157738
70.682265	0.0154674
70.692164	0.0160021
70.702065	0.0156874
70.711965	0.0146561
70.721867	0.0154114
70.731769	0.0152830
70.741672	0.0161690
70.751576	0.0154934
70.761480	0.0171399
70.771385	0.0162390
70.781291	0.0149137
70.791197	0.0156698
70.801104	0.0144734
70.811012	0.0158842
70.820921	0.0156464
70.830830	0.0163557
70.840740	0.0152611
70.850650	0.0154063
70.860562	0.0155521
70.870474	0.0158191
70.880387	0.0153153
70.890300	0.0152978
70.900214	0.0153579
70.910129	0.0154301
70.920045	0.0159164
70.929961	0.0150954
70.939878	0.0159740
70.949795	0.0144049
70.959714	0.0160695
70.969633	0.0162638
70.979553	0.0156885
70.989473	0.0151462
70.999394	0.0155005
71.009316	0.0164368
71.019239	0.0150120
71.029162	0.0158225
71.039086	0.0156259
71.049011	0.0147842
71.058936	0.0153531
71.068862	0.0157315
71.078789	0.0162009
71.088716	0.0159453
71.098645	0.0150554
71.108574	0.0155034
71.118503	0.0154680
71.128433	0.0157114
71.138364	0.0157661
71.148296	0.0165932
71.158229	0.0157895
71.168162	0.0163999
71.178096	0.0169807
71.188030	0.0146605
71.197965	0.0159577
71.207901	0.0144628
71.217838	0.0153330
71.227775	0.0148143
71.237713	0.0155630
71.247652	0.0157558
71.257591	0.0157922
71.267532	0.0160884
71.277472	0.0158314
71.287414	0.0151920
71.297356	0.0160066
71.307299	0.0159942
71.317243	0.0154815
71.327187	0.0164128
71.337132	0.0158294
71.347078	0.0157121
71.357024	0.0159144
71.366972	0.0152559
71.376919	0.0158467
71.386868	0.0151962
71.396817	0.0153694
71.406767	0.0156816
71.416718	0.0159792
71.426669	0.0153614
71.436621	0.0146364
71.446574	0.0158534
71.456528	0.0153052
71.466482	0.0160522
71.476437	0.0161408
71.486392	0.0158174
71.496349	0.0153953
71.506306	0.0154552
71.516263	0.0154129
71.526222	0.0154974
71.536181	0.0160012
71.546141	0.0162032
71.556101	0.0172340
71.566062	0.0152148
71.576024	0.0159726
71.585987	0.0160551
71.595950	0.0145722
71.605914	0.0163138
71.615879	0.0150052
71.625844	0.0173229
71.635811	0.0158945
71.645777	0.0174896
71.655745	0.0151321
71.665713	0.0162760
71.675682	0.0164148
71.685652	0.0166891
71.695622	0.0146334
71.705593	0.0159639
71.715565	0.0171295
71.725537	0.0164963
71.735510	0.0154439
71.745484	0.0166462
71.755459	0.0141447
71.765434	0.0153305
71.775410	0.0146141
71.785387	0.0150581
71.795364	0.0158586
71.805342	0.0157956
71.815321	0.0162983
71.825300	0.0177719
71.835281	0.0171642
71.845261	0.0155453
71.855243	0.0155598
71.865225	0.0160577
71.875208	0.0155898
71.885192	0.0173204
71.895176	0.0157172
71.905161	0.0162134
71.915147	0.0164206
71.925134	0.0150682
71.935121	0.0155818
71.945109	0.0155688
71.955097	0.0157828
71.965087	0.0166775
71.975077	0.0153968
71.985068	0.0158661
71.995059	0.0162545
72.005051	0.0155834
72.015044	0.0152882
72.025037	0.0154502
72.035032	0.0153796
72.045027	0.0152552
72.055022	0.0167312
72.065019	0.0153276
72.075016	0.0160101
72.085013	0.0168217
72.095012	0.0153230
72.105011	0.0162622
72.115011	0.0171250
72.125011	0.0152677
72.135013	0.0166673
72.145014	0.0175721
72.155017	0.0158989
72.165020	0.0162120
72.175025	0.0168075
72.185029	0.0153038
72.195035	0.0166009
72.205041	0.0162062
72.215048	0.0156937
72.225055	0.0166561
72.235064	0.0157459
72.245073	0.0155794
72.255082	0.0153638
72.265093	0.0165134
72.275104	0.0156425
72.285116	0.0150260
72.295128	0.0158214
72.305141	0.0174870
72.315155	0.0173584
72.325170	0.0156593
72.335185	0.0153323
72.345201	0.0154042
72.355218	0.0166674
72.365235	0.0165047
72.375253	0.0155509
72.385272	0.0163039
72.395292	0.0159099
72.405312	0.0155429
72.415333	0.0157724
72.425354	0.0155894
72.435377	0.0160659
72.445400	0.0170630
72.455423	0.0154967
72.465448	0.0150808
72.475473	0.0170950
72.485499	0.0153925
72.495525	0.0156163
72.505552	0.0160420
72.515580	0.0157223
72.525609	0.0150117
72.535638	0.0152241
72.545668	0.0156581
72.555699	0.0159238
72.565731	0.0163096
72.575763	0.0165542
72.585796	0.0160406
72.595829	0.0158899
72.605864	0.0169272
72.615898	0.0151834
72.625934	0.0159358
72.635971	0.0158270
72.646008	0.0161345
72.656045	0.0149811
72.666084	0.0164053
72.676123	0.0168587
72.686163	0.0160427
72.696203	0.0151935
72.706245	0.0167783
72.716287	0.0165033
72.726329	0.0152049
72.736373	0.0164353
72.746417	0.0160141
72.756462	0.0163293
72.766507	0.0156382
72.776553	0.0159344
72.786600	0.0164712
72.796648	0.0153911
72.806696	0.0152764
72.816745	0.0179099
72.826795	0.0149169
72.836845	0.0162274
72.846896	0.0151340
72.856948	0.0153120
72.867001	0.0161694
72.877054	0.0163008
72.887108	0.0157411
72.897163	0.0158848
72.907218	0.0153286
72.917274	0.0161422
72.927331	0.0158600
72.937388	0.0154850
72.947446	0.0157986
72.957505	0.0167153
72.967565	0.0157976
72.977625	0.0158108
72.987686	0.0159369
72.997748	0.0152161
73.007810	0.0163733
73.017873	0.0164779
73.027937	0.0160395
73.038001	0.0153814
73.048066	0.0168355
73.058132	0.0162916
73.068199	0.0144364
73.078266	0.0168869
73.088334	0.0161263
73.098403	0.0158560
73.108472	0.0155823
73.118542	0.0163610
73.128613	0.0171736
73.138685	0.0158888
73.148757	0.0171010
73.158830	0.0181921
73.168903	0.0214747
73.178977	0.0314097
73.189052	0.0485274
73.199128	0.0804643
73.209205	0.1286336
73.219282	0.1985460
73.229360	0.2873273
73.239438	0.3706053
73.249517	0.4391475
73.259597	0.4808011
73.269678	0.4691322
73.279759	0.4376167
73.289841	0.3818172
73.299924	0.3161007
73.310007	0.2473989
73.320091	0.1874034
73.330176	0.1339522
73.340262	0.0920447
73.350348	0.0596007
73.360435	0.0420817
73.370523	0.0298312
73.380611	0.0226985
73.390700	0.0209757
73.400790	0.0178057
73.410880	0.0161839
73.420971	0.0170663
73.431063	0.0167280
73.441156	0.0154868
73.451249	0.0164388
73.461343	0.0163905
73.471438	0.0167768
73.481533	0.0163699
73.491629	0.0167419
73.501726	0.0155213
73.511823	0.0159600
73.521922	0.0167020
73.532020	0.0151805
73.542120	0.0174518
73.552220	0.0168189
73.562321	0.0163520
73.572423	0.0162518
73.582525	0.0155214
73.592628	0.0159127
73.602732	0.0167366
73.612837	0.0178606
73.622942	0.0162675
73.633048	0.0157032
73.643155	0.0158364
73.653262	0.0167664
73.663370	0.0174149
73.673479	0.0161414
73.683588	0.0168325
73.693698	0.0161299
73.703809	0.0148301
73.713920	0.0172826
73.724033	0.0162396
73.734146	0.0154443
73.744259	0.0163664
73.754374	0.0169115
73.764489	0.0159614
73.774604	0.0153096
73.784721	0.0164022
73.794838	0.0158164
73.804956	0.0163347
73.815074	0.0160303
73.825194	0.0156081
73.835314	0.0155075
73.845434	0.0159737
73.855556	0.0160511
73.865678	0.0152194
73.875800	0.0156589
73.885924	0.0145284
73.896048	0.0163102
73.906173	0.0174403
73.916298	0.0161727
73.926425	0.0158404
73.936552	0.0146248
73.946679	0.0159812
73.956808	0.0172706
73.966937	0.0164584
73.977067	0.0157098
73.987197	0.0148253
73.997328	0.0166883
74.007460	0.0153390
74.017593	0.0161302
74.027726	0.0171719
74.037860	0.0163607
74.047995	0.0155412
74.058130	0.0163897
74.068266	0.0164456
74.078403	0.0153841
74.088541	0.0159882
74.098679	0.0157241
74.108818	0.0160983
74.118957	0.0166037
74.129098	0.0156221
74.139239	0.0173757
74.149381	0.0158950
74.159523	0.0172744
74.169666	0.0163779
74.179810	0.0155999
74.189954	0.0157518
74.200100	0.0161811
74.210246	0.0170025
74.220392	0.0175282
74.230540	0.0156273
74.240688	0.0171365
74.250836	0.0174175
74.260986	0.0164087
74.271136	0.0165970
74.281287	0.0170518
74.291438	0.0179617
74.301591	0.0170690
74.311744	0.0172229
74.321897	0.0163918
74.332052	0.0166292
74.342207	0.0176511
74.352363	0.0173443
74.362519	0.0167970
74.372676	0.0163584
74.382834	0.0161383
74.392993	0.0164389
74.403152	0.0163304
74.413312	0.0161491
74.423473	0.0175279
74.433634	0.0160158
74.443796	0.0155213
74.453959	0.0167800
74.464122	0.0168268
74.474287	0.0163280
74.484452	0.0166039
74.494617	0.0158034
74.504784	0.0166214
74.514951	0.0170136
74.525118	0.0169531
74.535287	0.0161462
74.545456	0.0164366
74.555626	0.0149989
74.565796	0.0166434
74.575967	0.0169262
74.586139	0.0160012
74.596312	0.0168103
74.606485	0.0160066
74.616659	0.0157481
74.626834	0.0160147
74.637010	0.0165851
74.647186	0.0171648
74.657363	0.0163618
74.667540	0.0170654
74.677718	0.0162816
74.687897	0.0171476
74.698077	0.0157844
74.708257	0.0151361
74.718438	0.0157262
74.728620	0.0172725
74.738803	0.0166631
74.748986	0.0170060
74.759170	0.0165826
74.769354	0.0163713
74.779539	0.0162567
74.789725	0.0147939
74.799912	0.0165736
74.810100	0.0162566
74.820288	0.0159925
74.830476	0.0169834
74.840666	0.0148142
74.850856	0.0154671
74.861047	0.0171251
74.871239	0.0173559
74.881431	0.0154197
74.891624	0.0168500
74.901818	0.0159525
74.912012	0.0166704
74.922207	0.0166768
74.932403	0.0158776
74.942599	0.0175056
74.952797	0.0164357
74.962995	0.0170764
74.973193	0.0153962
74.983393	0.0172849
74.993593	0.0167516
75.003793	0.0172188
75.013995	0.0158592
75.024197	0.0168056
75.034400	0.0159668
75.044603	0.0171375
75.054807	0.0162603
75.065012	0.0156339
75.075218	0.0162776
75.085424	0.0169141
75.095631	0.0160406
75.105839	0.0161932
75.116048	0.0156732
75.126257	0.0171069
75.136467	0.0160546
75.146677	0.0164937
75.156889	0.0164648
75.167101	0.0171434
75.177313	0.0170936
75.187527	0.0149639
75.197741	0.0167244
75.207955	0.0177604
75.218171	0.0172101
75.228387	0.0182979
75.238604	0.0198155
75.248822	0.0194252
75.259040	0.0202726
75.269259	0.0210273
75.279479	0.0201725
75.289699	0.0197115
75.299920	0.0180277
75.310142	0.0195306
75.320364	0.0175991
75.330588	0.0171307
75.340811	0.0164500
75.351036	0.0164855
75.361261	0.0159770
75.371487	0.0164445
75.381714	0.0163675
75.391942	0.0162895
75.402170	0.0164113
75.412398	0.0163723
75.422628	0.0165322
75.432858	0.0164397
75.443089	0.0157824
75.453321	0.0156494
75.463553	0.0168659
75.473786	0.0170502
75.484020	0.0160148
75.494254	0.0166677
75.504490	0.0156350
75.514725	0.0163942
75.524962	0.0162995
75.535199	0.0167915
75.545437	0.0147258
75.555676	0.0170273
75.565915	0.0161665
75.576155	0.0168323
75.586396	0.0160909
75.596637	0.0155422
75.606880	0.0158441
75.617123	0.0160751
75.627366	0.0159244
75.637610	0.0162644
75.647855	0.0168305
75.658101	0.0167056
75.668347	0.0163530
75.678595	0.0158668
75.688842	0.0164130
75.699091	0.0177385
75.709340	0.0177623
75.719590	0.0178161
75.729840	0.0167122
75.740092	0.0161615
75.750344	0.0164120
75.760596	0.0173158
75.770850	0.0162356
75.781104	0.0158352
75.791359	0.0164958
75.801614	0.0166526
75.811871	0.0155525
75.822127	0.0159121
75.832385	0.0161702
75.842643	0.0163365
75.852902	0.0169487
75.863162	0.0146632
75.873423	0.0156679
75.883684	0.0161066
75.893946	0.0153008
75.904208	0.0166583
75.914471	0.0171129
75.924735	0.0168111
75.935000	0.0150742
75.945265	0.0174964
75.955531	0.0165226
75.965798	0.0156357
75.976066	0.0165254
75.986334	0.0167414
75.996603	0.0171724
76.006872	0.0160389
76.017142	0.0159954
76.027413	0.0163658
76.037685	0.0168133
76.047957	0.0160176
76.058231	0.0164907
76.068504	0.0173636
76.078779	0.0162195
76.089054	0.0170222
76.099330	0.0165250
76.109606	0.0171309
76.119884	0.0155630
76.130162	0.0161355
76.140440	0.0155452
76.150720	0.0171661
76.161000	0.0164306
76.171281	0.0165034
76.181562	0.0167858
76.191845	0.0167569
76.202127	0.0164204
76.212411	0.0165187
76.222695	0.0162278
76.232980	0.0163773
76.243266	0.0179233
76.253553	0.0158750
76.263840	0.0165624
76.274127	0.0164567
76.284416	0.0159101
76.294705	0.0169407
76.304995	0.0159771
76.315286	0.0170933
76.325577	0.0177430
76.335869	0.0163236
76.346162	0.0155262
76.356455	0.0175258
76.366750	0.0152627
76.377044	0.0157685
76.387340	0.0165455
76.397636	0.0167644
76.407933	0.0164468
76.418231	0.0164559
76.428529	0.0152401
76.438828	0.0151337
76.449128	0.0169013
76.459428	0.0162709
76.469730	0.0166733
76.480032	0.0164028
76.490334	0.0158642
76.500637	0.0157083
76.510941	0.0173576
76.521246	0.0168447
76.531551	0.0170901
76.541858	0.0158789
76.552164	0.0170291
76.562472	0.0155360
76.572780	0.0175848
76.583089	0.0158244
76.593399	0.0166454
76.603709	0.0165291
76.614020	0.0160775
76.624332	0.0153506
76.634644	0.0167627
76.644957	0.0170574
76.655271	0.0158975
76.665585	0.0170146
76.675901	0.0159329
76.686217	0.0164484
76.696533	0.0164901
76.706851	0.0158124
76.717169	0.0153106
76.727487	0.0163562
76.737807	0.0167759
76.748127	0.0171298
76.758448	0.0166871
76.768769	0.0181838
76.779091	0.0161082
76.789414	0.0182606
76.799738	0.0165587
76.810062	0.0165155
76.820387	0.0165885
76.830713	0.0154559
76.841040	0.0169696
76.851367	0.0163433
76.861695	0.0167119
76.872023	0.0164651
76.882353	0.0157013
76.892683	0.0165607
76.903013	0.0171985
76.913345	0.0163685
76.923677	0.0158616
76.934009	0.0157157
76.944343	0.0168973
76.954677	0.0162019
76.965012	0.0158671
76.975348	0.0168622
76.985684	0.0165119
76.996021	0.0162400
77.006359	0.0159467
77.016697	0.0175132
77.027036	0.0166063
77.037376	0.0167342
77.047716	0.0168205
77.058058	0.0158800
77.068400	0.0166549
77.078742	0.0164005
77.089085	0.0177172
77.099429	0.0168620
77.109774	0.0154978
77.120120	0.0178229
77.130466	0.0176991
77.140813	0.0197230
77.151160	0.0229101
77.161508	0.0341237
77.171857	0.0516755
77.182207	0.0858779
77.192557	0.1240211
77.202908	0.1753945
77.213260	0.2262816
77.223613	0.2706985
77.233966	0.2974642
77.244320	0.2923870
77.254674	0.2715784
77.265029	0.2431656
77.275385	0.2062104
77.285742	0.1645637
77.296099	0.1269935
77.306457	0.0915829
77.316816	0.0628003
77.327176	0.0465404
77.337536	0.0349606
77.347897	0.0272050
77.358258	0.0220366
77.368621	0.0184870
77.378984	0.0172398
77.389347	0.0169520
77.399712	0.0163657
77.410077	0.0169136
77.420442	0.0151468
77.430809	0.0165064
77.441176	0.0164123
77.451544	0.0168197
77.461913	0.0170587
77.472282	0.0160193
77.482652	0.0168849
77.493023	0.0168047
77.503394	0.0172421
77.513766	0.0162187
77.524139	0.0143999
77.534513	0.0163610
77.544887	0.0172032
77.555262	0.0176041
77.565637	0.0156963
77.576014	0.0167657
77.586391	0.0168210
77.596768	0.0173098
77.607147	0.0161577
77.617526	0.0168729
77.627906	0.0159248
77.638286	0.0160737
77.648668	0.0155667
77.659050	0.0166105
77.669432	0.0159760
77.679816	0.0168172
77.690200	0.0176129
77.700584	0.0167035
77.710970	0.0166393
77.721356	0.0177873
77.731743	0.0177170
77.742131	0.0162445
77.752519	0.0161655
77.762908	0.0165383
77.773297	0.0173439
77.783688	0.0157506
77.794079	0.0168975
77.804471	0.0158511
77.814863	0.0175648
77.825256	0.0153060
77.835650	0.0168278
77.846045	0.0163011
77.856440	0.0170158
77.866836	0.0164339
77.877233	0.0157408
77.887630	0.0165932
77.898028	0.0158769
77.908427	0.0142990
77.918827	0.0168035
77.929227	0.0177786
77.939628	0.0167850
77.950029	0.0173021
77.960432	0.0175080
77.970835	0.0175672
77.981238	0.0165680
77.991643	0.0163343
78.002048	0.0174044
78.012454	0.0154310
78.022860	0.0173848
78.033268	0.0163990
78.043676	0.0165396
78.054084	0.0172739
78.064494	0.0177846
78.074904	0.0156122
78.085314	0.0157671
78.095726	0.0174108
78.106138	0.0171070
78.116551	0.0170556
78.126964	0.0156254
78.137379	0.0178308
78.147794	0.0183961
78.158209	0.0162137
78.168626	0.0164328
78.179043	0.0157474
78.189460	0.0171038
78.199879	0.0177134
78.210298	0.0189398
78.220718	0.0172297
78.231139	0.0155995
78.241560	0.0167455
78.251982	0.0165107
78.262405	0.0161988
78.272828	0.0169579
78.283252	0.0168498
78.293677	0.0171769
78.304102	0.0158943
78.314528	0.0172122
78.324955	0.0174915
78.335383	0.0163079
78.345811	0.0160233
78.356240	0.0168527
78.366670	0.0162916
78.377100	0.0174885
78.387532	0.0164319
78.397963	0.0151880
78.408396	0.0166795
78.418829	0.0183139
78.429263	0.0168790
78.439698	0.0151884
78.450133	0.0167017
78.460569	0.0166195
78.471006	0.0158662
78.481443	0.0170317
78.491881	0.0164611
78.502320	0.0175831
78.512760	0.0158414
78.523200	0.0174405
78.533641	0.0164441
78.544083	0.0160915
78.554525	0.0172374
78.564968	0.0176377
78.575412	0.0150547
78.585856	0.0150703
78.596301	0.0159580
78.606747	0.0175980
78.617194	0.0168894
78.627641	0.0165636
78.638089	0.0172161
78.648538	0.0164846
78.658987	0.0160415
78.669437	0.0172325
78.679888	0.0177411
78.690340	0.0171023
78.700792	0.0162255
78.711245	0.0165296
78.721698	0.0168946
78.732152	0.0172136
78.742607	0.0170883
78.753063	0.0158863
78.763520	0.0160261
78.773977	0.0165055
78.784435	0.0167279
78.794893	0.0178082
78.805352	0.0163541
78.815812	0.0158844
78.826273	0.0160282
78.836734	0.0160623
78.847196	0.0179330
78.857659	0.0173016
78.868122	0.0184744
78.878586	0.0173228
78.889051	0.0170403
78.899517	0.0186536
78.909983	0.0167312
78.920450	0.0168561
78.930918	0.0163423
78.941386	0.0170411
78.951855	0.0170012
78.962325	0.0162361
78.972795	0.0168390
78.983266	0.0169895
78.993738	0.0180486
79.004211	0.0182431
79.014684	0.0189557
79.025158	0.0185876
79.035633	0.0176207
79.046108	0.0180875
79.056584	0.0184459
79.067061	0.0186543
79.077538	0.0185461
79.088016	0.0165568
79.098495	0.0185000
79.108975	0.0171576
79.119455	0.0167812
79.129936	0.0164814
79.140418	0.0162125
79.150900	0.0163778
79.161383	0.0169555
79.171867	0.0166775
79.182352	0.0170810
79.192837	0.0180649
79.203323	0.0183243
79.213809	0.0185360
79.224297	0.0186447
79.234785	0.0191444
79.245273	0.0190456
79.255763	0.0183763
79.266253	0.0191266
79.276744	0.0170336
79.287235	0.0188073
79.297728	0.0177095
79.308221	0.0180221
79.318714	0.0168507
79.329208	0.0161950
79.339704	0.0160674
79.350199	0.0167264
79.360696	0.0182104
79.371193	0.0165288
79.381691	0.0160845
79.392189	0.0158510
79.402688	0.0165990
79.413188	0.0162121
79.423689	0.0159514
79.434190	0.0167724
79.444692	0.0173390
79.455195	0.0164998
79.465699	0.0163737
79.476203	0.0172132
79.486708	0.0165883
79.497213	0.0166265
79.507720	0.0173020
79.518227	0.0174069
79.528734	0.0167155
79.539243	0.0176569
79.549752	0.0178354
79.560262	0.0177575
79.570772	0.0167406
79.581283	0.0170617
79.591795	0.0183510
79.602308	0.0166873
79.612821	0.0168269
79.623335	0.0175748
79.633850	0.0182074
79.644365	0.0167461
79.654881	0.0163872
79.665398	0.0168087
79.675916	0.0157891
79.686434	0.0178081
79.696953	0.0166928
79.707472	0.0173184
79.717993	0.0170877
79.728514	0.0172916
79.739035	0.0173994
79.749558	0.0166831
79.760081	0.0155876
79.770605	0.0171593
79.781129	0.0168174
79.791655	0.0168150
79.802180	0.0172656
79.812707	0.0170215
79.823234	0.0171081
79.833762	0.0185603
79.844291	0.0182215
79.854821	0.0166732
79.865351	0.0165183
79.875882	0.0160761
79.886413	0.0170485
79.896946	0.0170967
79.907479	0.0167136
79.918012	0.0176064
79.928547	0.0172382
79.939082	0.0168729
79.949617	0.0170640
79.960154	0.0173311
79.970691	0.0163383
79.981229	0.0175624
79.991768	0.0169972
80.002307	0.0172748
80.012847	0.0177007
80.023387	0.0172034
80.033929	0.0167126
80.044471	0.0156106
80.055014	0.0176076
80.065557	0.0173564
80.076101	0.0179844
80.086646	0.0167191
80.097192	0.0182467
80.107738	0.0188746
80.118285	0.0183896
80.128833	0.0194467
80.139381	0.0191902
80.149931	0.0192765
80.160480	0.0189615
80.171031	0.0201379
80.181582	0.0191312
80.192134	0.0204084
80.202687	0.0194988
80.213240	0.0208361
80.223794	0.0192126
80.234349	0.0176095
80.244904	0.0191434
80.255460	0.0168579
80.266017	0.0170387
80.276575	0.0184911
80.287133	0.0168299
80.297692	0.0187649
80.308252	0.0174656
80.318812	0.0167072
80.329373	0.0172246
80.339935	0.0171257
80.350497	0.0155955
80.361061	0.0165743
80.371624	0.0154232
80.382189	0.0171336
80.392754	0.0178869
80.403320	0.0175918
80.413887	0.0178068
80.424454	0.0170515
80.435022	0.0177846
80.445591	0.0174502
80.456161	0.0172670
80.466731	0.0161267
80.477302	0.0172846
80.487873	0.0162179
80.498446	0.0170856
80.509019	0.0173611
80.519592	0.0171011
80.530167	0.0175205
80.540742	0.0172259
80.551318	0.0179491
80.561894	0.0179862
80.572471	0.0173283
80.583049	0.0165275
80.593628	0.0163079
80.604207	0.0168345
80.614787	0.0174321
80.625368	0.0168893
80.635949	0.0170905
80.646532	0.0158150
80.657114	0.0163326
80.667698	0.0187299
80.678282	0.0168804
80.688867	0.0154750
80.699453	0.0168803
80.710039	0.0162402
80.720626	0.0179365
80.731214	0.0164960
80.741802	0.0170234
80.752392	0.0170983
80.762981	0.0175571
80.773572	0.0168898
80.784163	0.0171751
80.794755	0.0166422
80.805348	0.0174947
80.815941	0.0171639
80.826535	0.0177434
80.837130	0.0156624
80.847726	0.0179742
80.858322	0.0174534
80.868919	0.0171877
80.879516	0.0169282
80.890114	0.0179799
80.900713	0.0178139
80.911313	0.0170977
80.921914	0.0175070
80.932515	0.0173955
80.943116	0.0174116
80.953719	0.0174684
80.964322	0.0165549
80.974926	0.0172038
80.985531	0.0174078
80.996136	0.0179272
81.006742	0.0165012
81.017349	0.0171716
81.027956	0.0170386
81.038564	0.0168010
81.049173	0.0160111
81.059783	0.0161365
81.070393	0.0180438
81.081004	0.0174860
81.091615	0.0168276
81.102228	0.0168524
81.112841	0.0177398
81.123455	0.0172103
81.134069	0.0189850
81.144684	0.0166095
81.155300	0.0180820
81.165917	0.0171306
81.176534	0.0172400
81.187152	0.0173413
81.197770	0.0171299
81.208390	0.0172910
81.219010	0.0170940
81.229631	0.0178555
81.240252	0.0178266
81.250874	0.0164834
81.261497	0.0177146
81.272121	0.0175701
81.282745	0.0166309
81.293370	0.0167578
81.303996	0.0168221
81.314622	0.0175294
81.325249	0.0183254
81.335877	0.0178867
81.346505	0.0179121
81.357135	0.0168238
81.367764	0.0172347
81.378395	0.0180526
81.389026	0.0166144
81.399658	0.0176824
81.410291	0.0171505
81.420925	0.0167834
81.431559	0.0176765
81.442193	0.0166668
81.452829	0.0178189
81.463465	0.0181328
81.474102	0.0171476
81.484740	0.0168420
81.495378	0.0175664
81.506017	0.0177649
81.516657	0.0145485
81.527297	0.0166762
81.537938	0.0161785
81.548580	0.0160824
81.559223	0.0165412
81.569866	0.0177295
81.580510	0.0180862
81.591155	0.0185591
81.601800	0.0165769
81.612446	0.0183194
81.623093	0.0161953
81.633740	0.0188477
81.644388	0.0172387
81.655037	0.0172691
81.665687	0.0171701
81.676337	0.0175183
81.686988	0.0176421
81.697640	0.0170504
81.708292	0.0166560
81.718945	0.0175455
81.729599	0.0167697
81.740253	0.0170991
81.750909	0.0169338
81.761564	0.0180914
81.772221	0.0163493
81.782878	0.0166038
81.793536	0.0178724
81.804195	0.0156594
81.814854	0.0161445
81.825515	0.0175139
81.836175	0.0173437
81.846837	0.0177244
81.857499	0.0172696
81.868162	0.0170463
81.878826	0.0174316
81.889490	0.0183076
81.900155	0.0184441
81.910821	0.0163592
81.921487	0.0175336
81.932154	0.0183731
81.942822	0.0172273
81.953491	0.0184186
81.964160	0.0163680
81.974830	0.0180701
81.985500	0.0171927
81.996172	0.0166404
82.006844	0.0180278
82.017516	0.0174743
82.028190	0.0175605
82.038864	0.0166571
82.049539	0.0169082
82.060214	0.0159043
82.070891	0.0175763
82.081568	0.0155332
82.092245	0.0168501
82.102924	0.0165135
82.113603	0.0181044
82.124282	0.0167699
82.134963	0.0169703
82.145644	0.0169769
82.156326	0.0173760
82.167009	0.0160784
82.177692	0.0173779
82.188376	0.0169998
82.199061	0.0183561
82.209746	0.0169825
82.220432	0.0170685
82.231119	0.0171850
82.241806	0.0155995
82.252494	0.0174728
82.263183	0.0176306
82.273873	0.0168536
82.284563	0.0180151
82.295254	0.0175363
82.305946	0.0175660
82.316638	0.0172686
82.327332	0.0175875
82.338025	0.0150065
82.348720	0.0174074
82.359415	0.0168844
82.370111	0.0171780
82.380808	0.0163646
82.391505	0.0172403
82.402203	0.0167285
82.412902	0.0178224
82.423601	0.0173713
82.434301	0.0163247
82.445002	0.0168365
82.455704	0.0170844
82.466406	0.0155731
82.477109	0.0169637
82.487813	0.0174282
82.498517	0.0170294
82.509222	0.0163928
82.519928	0.0180403
82.530634	0.0188095
82.541341	0.0169180
82.552049	0.0178590
82.562758	0.0182885
82.573467	0.0167912
82.584177	0.0168951
82.594888	0.0172976
82.605599	0.0187265
82.616311	0.0190870
82.627024	0.0170238
82.637737	0.0172460
82.648452	0.0170834
82.659166	0.0178532
82.669882	0.0183190
82.680598	0.0176011
82.691315	0.0183167
82.702033	0.0184051
82.712751	0.0176251
82.723470	0.0164671
82.734190	0.0178209
82.744911	0.0180719
82.755632	0.0164678
82.766354	0.0165646
82.777077	0.0163050
82.787800	0.0186407
82.798524	0.0166492
82.809249	0.0163179
82.819974	0.0172975
82.830700	0.0174903
82.841427	0.0181175
82.852154	0.0180654
82.862883	0.0180780
82.873612	0.0167376
82.884341	0.0176100
82.895072	0.0188891
82.905803	0.0188445
82.916534	0.0164744
82.927267	0.0179523
82.938000	0.0182784
82.948734	0.0174457
82.959468	0.0180915
82.970204	0.0172339
82.980940	0.0172202
82.991676	0.0183639
83.002414	0.0175566
83.013152	0.0183040
83.023891	0.0155016
83.034630	0.0169044
83.045370	0.0173576
83.056111	0.0175470
83.066853	0.0167814
83.077595	0.0165203
83.088338	0.0162573
83.099082	0.0181937
83.109826	0.0178470
83.120571	0.0159799
83.131317	0.0173624
83.142063	0.0162949
83.152811	0.0179343
83.163558	0.0173470
83.174307	0.0183669
83.185056	0.0174344
83.195806	0.0160406
83.206557	0.0173467
83.217308	0.0177548
83.228061	0.0168265
83.238813	0.0165105
83.249567	0.0175742
83.260321	0.0177895
83.271076	0.0179489
83.281832	0.0166673
83.292588	0.0168673
83.303345	0.0172484
83.314103	0.0184614
83.324861	0.0178506
83.335620	0.0184479
83.346380	0.0171303
83.357141	0.0191676
83.367902	0.0174238
83.378664	0.0172396
83.389427	0.0168253
83.400190	0.0164712
83.410954	0.0172840
83.421719	0.0165416
83.432484	0.0175494
83.443250	0.0176689
83.454017	0.0173534
83.464785	0.0169486
83.475553	0.0173339
83.486322	0.0174999
83.497092	0.0178677
83.507862	0.0177551
83.518633	0.0167199
83.529405	0.0177514
83.540177	0.0173478
83.550951	0.0173429
83.561724	0.0171830
83.572499	0.0175271
83.583274	0.0159792
83.594050	0.0193322
83.604827	0.0161895
83.615604	0.0167466
83.626383	0.0178487
83.637161	0.0171357
83.647941	0.0166716
83.658721	0.0177721
83.669502	0.0171215
83.680284	0.0182073
83.691066	0.0168527
83.701849	0.0184671
83.712633	0.0168581
83.723417	0.0174415
83.734202	0.0172139
83.744988	0.0171046
83.755775	0.0171944
83.766562	0.0180591
83.777350	0.0181094
83.788138	0.0162968
83.798928	0.0174891
83.809718	0.0174943
83.820509	0.0183439
83.831300	0.0167963
83.842092	0.0170030
83.852885	0.0175900
83.863679	0.0186610
83.874473	0.0188479
83.885268	0.0202348
83.896063	0.0229632
83.906860	0.0261876
83.917657	0.0305223
83.928455	0.0335633
83.939253	0.0397953
83.950052	0.0419278
83.960852	0.0416725
83.971653	0.0411176
83.982454	0.0394389
83.993256	0.0367408
84.004059	0.0314251
84.014862	0.0263117
84.025666	0.0261993
84.036471	0.0220623
84.047276	0.0206667
84.058083	0.0198366
84.068890	0.0177494
84.079697	0.0207632
84.090505	0.0194830
84.101315	0.0197142
84.112124	0.0168259
84.122935	0.0184505
84.133746	0.0174915
84.144558	0.0174166
84.155370	0.0183316
84.166183	0.0179218
84.176997	0.0172813
84.187812	0.0173682
84.198627	0.0187449
84.209443	0.0183896
84.220260	0.0177501
84.231077	0.0176528
84.241896	0.0180837
84.252714	0.0163325
84.263534	0.0188153
84.274354	0.0170833
84.285175	0.0165760
84.295997	0.0182481
84.306819	0.0186209
84.317642	0.0174823
84.328466	0.0172694
84.339290	0.0174883
84.350116	0.0177758
84.360941	0.0180016
84.371768	0.0195179
84.382595	0.0168653
84.393423	0.0174152
84.404252	0.0177764
84.415081	0.0175347
84.425911	0.0170466
84.436742	0.0163038
84.447574	0.0175397
84.458406	0.0174002
84.469239	0.0169871
84.480072	0.0175502
84.490907	0.0178850
84.501742	0.0169021
84.512577	0.0175977
84.523414	0.0173641
84.534251	0.0186357
84.545089	0.0163444
84.555927	0.0168190
84.566766	0.0167882
84.577606	0.0171376
84.588447	0.0184430
84.599288	0.0176326
84.610130	0.0173412
84.620973	0.0177084
84.631816	0.0181567
84.642661	0.0180708
84.653505	0.0177581
84.664351	0.0179431
84.675197	0.0194881
84.686044	0.0161586
84.696892	0.0185953
84.707740	0.0170954
84.718589	0.0159581
84.729439	0.0172524
84.740289	0.0167950
84.751140	0.0193303
84.761992	0.0167164
84.772845	0.0185051
84.783698	0.0170898
84.794552	0.0189883
84.805407	0.0168950
84.816262	0.0183534
84.827118	0.0166412
84.837975	0.0167018
84.848832	0.0176526
84.859691	0.0161645
84.870549	0.0171710
84.881409	0.0170510
84.892269	0.0184763
84.903130	0.0172590
84.913992	0.0177072
84.924854	0.0157952
84.935717	0.0177669
84.946581	0.0167667
84.957446	0.0179026
84.968311	0.0170511
84.979177	0.0182470
84.990043	0.0167289
85.000911	0.0183950
85.011779	0.0180618
85.022648	0.0182642
85.033517	0.0174810
85.044387	0.0175173
85.055258	0.0172339
85.066129	0.0169911
85.077002	0.0182492
85.087875	0.0182318
85.098748	0.0189337
85.109623	0.0177069
85.120498	0.0175586
85.131373	0.0183677
85.142250	0.0181868
85.153127	0.0187661
85.164005	0.0179825
85.174883	0.0186567
85.185763	0.0207510
85.196642	0.0208000
85.207523	0.0200533
85.218404	0.0196550
85.229287	0.0207151
85.240169	0.0195074
85.251053	0.0182656
85.261937	0.0180964
85.272822	0.0181836
85.283707	0.0183233
85.294594	0.0179715
85.305481	0.0185111
85.316368	0.0176240
85.327257	0.0179752
85.338146	0.0182490
85.349036	0.0170695
85.359926	0.0185527
85.370817	0.0184874
85.381709	0.0181468
85.392602	0.0182745
85.403495	0.0177661
85.414389	0.0181281
85.425284	0.0182824
85.436179	0.0184435
85.447075	0.0175570
85.457972	0.0173453
85.468870	0.0166949
85.479768	0.0173303
85.490667	0.0182874
85.501566	0.0173447
85.512467	0.0177910
85.523368	0.0179947
85.534269	0.0176065
85.545172	0.0178742
85.556075	0.0174673
85.566979	0.0191064
85.577883	0.0176335
85.588788	0.0184227
85.599694	0.0175843
85.610601	0.0185501
85.621508	0.0176842
85.632416	0.0169097
85.643325	0.0178719
85.654235	0.0170343
85.665145	0.0176490
85.676056	0.0176650
85.686967	0.0173664
85.697880	0.0175338
85.708792	0.0170755
85.719706	0.0192318
85.730621	0.0175400
85.741536	0.0188083
85.752451	0.0179655
85.763368	0.0168741
85.774285	0.0160177
85.785203	0.0177778
85.796121	0.0187336
85.807041	0.0189242
85.817961	0.0182223
85.828881	0.0179357
85.839803	0.0175309
85.850725	0.0163306
85.861648	0.0172619
85.872571	0.0171547
85.883495	0.0174029
85.894420	0.0174979
85.905346	0.0162587
85.916272	0.0173281
85.927199	0.0178955
85.938127	0.0169925
85.949055	0.0183056
85.959984	0.0171847
85.970914	0.0166125
85.981845	0.0188198
85.992776	0.0170400
86.003708	0.0168581
86.014641	0.0180995
86.025574	0.0174735
86.036508	0.0180122
86.047443	0.0190456
86.058378	0.0182616
86.069314	0.0175094
86.080251	0.0178479
86.091189	0.0193796
86.102127	0.0176684
86.113066	0.0179294
86.124006	0.0183618
86.134946	0.0167827
86.145887	0.0176406
86.156829	0.0163063
86.167771	0.0169070
86.178714	0.0177489
86.189658	0.0183942
86.200603	0.0184583
86.211548	0.0187637
86.222494	0.0172746
86.233441	0.0170823
86.244388	0.0172561
86.255336	0.0171889
86.266285	0.0189095
86.277235	0.0178892
86.288185	0.0175214
86.299136	0.0184637
86.310087	0.0188849
86.321039	0.0181291
86.331992	0.0183173
86.342946	0.0183811
86.353901	0.0177842
86.364856	0.0177958
86.375812	0.0193724
86.386768	0.0175540
86.397725	0.0183352
86.408683	0.0180307
86.419642	0.0171803
86.430601	0.0170638
86.441561	0.0183583
86.452522	0.0174117
86.463483	0.0178846
86.474445	0.0174067
86.485408	0.0179165
86.496372	0.0175857
86.507336	0.0186831
86.518301	0.0179772
86.529267	0.0166838
86.540233	0.0164162
86.551200	0.0184765
86.562168	0.0181349
86.573136	0.0178984
86.584105	0.0183902
86.595075	0.0178416
86.606046	0.0177573
86.617017	0.0184967
86.627989	0.0169063
86.638962	0.0174806
86.649935	0.0182770
86.660909	0.0177420
86.671884	0.0180809
86.682859	0.0193735
86.693836	0.0170743
86.704812	0.0181781
86.715790	0.0174311
86.726768	0.0179305
86.737747	0.0180657
86.748727	0.0173791
86.759707	0.0174214
86.770688	0.0180501
86.781670	0.0185263
86.792653	0.0186938
86.803636	0.0165270
86.814620	0.0167436
86.825605	0.0183216
86.836590	0.0178559
86.847576	0.0163189
86.858563	0.0171932
86.869550	0.0179225
86.880538	0.0186703
86.891527	0.0178868
86.902516	0.0171118
86.913507	0.0187162
86.924498	0.0171754
86.935489	0.0178200
86.946482	0.0170677
86.957475	0.0172853
86.968468	0.0165894
86.979463	0.0181540
86.990458	0.0175287
87.001454	0.0189052
87.012450	0.0195236
87.023448	0.0167847
87.034446	0.0190680
87.045444	0.0182293
87.056444	0.0179297
87.067444	0.0192992
87.078444	0.0182915
87.089446	0.0168890
87.100448	0.0180517
87.111451	0.0182675
87.122454	0.0170983
87.133459	0.0187050
87.144464	0.0185484
87.155469	0.0168173
87.166476	0.0180112
87.177483	0.0194282
87.188491	0.0181282
87.199499	0.0184526
87.210508	0.0187938
87.221518	0.0178568
87.232529	0.0195585
87.243540	0.0171718
87.254552	0.0178933
87.265565	0.0182319
87.276578	0.0185254
87.287592	0.0181303
87.298607	0.0172693
87.309623	0.0166806
87.320639	0.0179158
87.331656	0.0165890
87.342673	0.0172363
87.353692	0.0172828
87.364711	0.0177713
87.375731	0.0182323
87.386751	0.0178130
87.397772	0.0183080
87.408794	0.0187410
87.419816	0.0188596
87.430840	0.0175535
87.441864	0.0171710
87.452888	0.0184125
87.463914	0.0180510
87.474940	0.0185607
87.485966	0.0172929
87.496994	0.0189140
87.508022	0.0188471
87.519051	0.0163767
87.530080	0.0170801
87.541111	0.0173545
87.552142	0.0180206
87.563173	0.0176118
87.574206	0.0187754
87.585239	0.0173393
87.596273	0.0191112
87.607307	0.0187093
87.618342	0.0179304
87.629378	0.0175567
87.640415	0.0184790
87.651452	0.0187094
87.662490	0.0175426
87.673529	0.0177815
87.684568	0.0181370
87.695608	0.0173457
87.706649	0.0171379
87.717690	0.0184525
87.728733	0.0186735
87.739776	0.0181951
87.750819	0.0181393
87.761864	0.0167113
87.772909	0.0183953
87.783954	0.0172557
87.795001	0.0188280
87.806048	0.0183042
87.817096	0.0186536
87.828144	0.0182739
87.839193	0.0175221
87.850243	0.0182138
87.861294	0.0179936
87.872345	0.0195108
87.883397	0.0190859
87.894450	0.0182500
87.905504	0.0187411
87.916558	0.0190772
87.927613	0.0179834
87.938668	0.0183999
87.949724	0.0175645
87.960781	0.0185431
87.971839	0.0177152
87.982897	0.0172482
87.993956	0.0194439
88.005016	0.0187316
88.016077	0.0181828
88.027138	0.0184993
88.038200	0.0178146
88.049262	0.0185582
88.060325	0.0205480
88.071389	0.0198282
88.082454	0.0170279
88.093520	0.0171600
88.104586	0.0192828
88.115652	0.0189388
88.126720	0.0172155
88.137788	0.0185350
88.148857	0.0185070
88.159927	0.0185892
88.170997	0.0180177
88.182068	0.0181725
88.193140	0.0169901
88.204212	0.0183835
88.215285	0.0189875
88.226359	0.0189013
88.237433	0.0181033
88.248509	0.0195929
88.259585	0.0184622
88.270661	0.0178337
88.281739	0.0179560
88.292817	0.0180021
88.303895	0.0180842
88.314975	0.0179838
88.326055	0.0178045
88.337136	0.0191809
88.348217	0.0192813
88.359299	0.0182640
88.370382	0.0176464
88.381466	0.0174503
88.392550	0.0189932
88.403635	0.0179960
88.414721	0.0191176
88.425808	0.0184731
88.436895	0.0194027
88.447983	0.0184853
88.459071	0.0189593
88.470161	0.0201504
88.481251	0.0194094
88.492341	0.0208852
88.503433	0.0221742
88.514525	0.0198024
88.525617	0.0201967
88.536711	0.0197492
88.547805	0.0196674
88.558900	0.0188179
88.569996	0.0187565
88.581092	0.0188964
88.592189	0.0174465
88.603287	0.0178466
88.614385	0.0175711
88.625484	0.0194051
88.636584	0.0175892
88.647684	0.0182023
88.658786	0.0182937
88.669887	0.0182334
88.680990	0.0181713
88.692093	0.0183585
88.703197	0.0188857
88.714302	0.0185225
88.725408	0.0182470
88.736514	0.0186448
88.747620	0.0192944
88.758728	0.0183547
88.769836	0.0192653
88.780945	0.0183062
88.792055	0.0186167
88.803165	0.0176756
88.814276	0.0186672
88.825388	0.0177736
88.836500	0.0183136
88.847614	0.0180640
88.858727	0.0195984
88.869842	0.0190207
88.880957	0.0193040
88.892073	0.0176962
88.903190	0.0182981
88.914307	0.0178194
88.925425	0.0185143
88.936544	0.0182169
88.947663	0.0182749
88.958784	0.0174865
88.969905	0.0175633
88.981026	0.0183864
88.992148	0.0187640
89.003271	0.0177528
89.014395	0.0175443
89.025519	0.0175829
89.036645	0.0188799
89.047770	0.0183730
89.058897	0.0188210
89.070024	0.0171156
89.081152	0.0180423
89.092280	0.0183864
89.103410	0.0183783
89.114540	0.0191095
89.125670	0.0189792
89.136802	0.0198859
89.147934	0.0190760
89.159067	0.0193289
89.170200	0.0189716
89.181335	0.0190435
89.192469	0.0187475
89.203605	0.0177415
89.214741	0.0187864
89.225878	0.0179740
89.237016	0.0182034
89.248155	0.0192205
89.259294	0.0191196
89.270434	0.0178515
89.281574	0.0174986
89.292715	0.0187232
89.303857	0.0177152
89.315000	0.0174828
89.326143	0.0186735
89.337287	0.0184372
89.348432	0.0184742
89.359578	0.0187222
89.370724	0.0181866
89.381871	0.0179569
89.393018	0.0180767
89.404166	0.0194736
89.415315	0.0197953
89.426465	0.0186073
89.437615	0.0188722
89.448767	0.0183137
89.459918	0.0164905
89.471071	0.0177842
89.482224	0.0170823
89.493378	0.0193896
89.504532	0.0172690
89.515688	0.0192772
89.526844	0.0202438
89.538000	0.0209700
89.549158	0.0229812
89.560316	0.0280993
89.571475	0.0317424
89.582634	0.0365093
89.593794	0.0415386
89.604955	0.0417482
89.616117	0.0428693
89.627279	0.0410794
89.638442	0.0405066
89.649606	0.0360005
89.660771	0.0330967
89.671936	0.0295441
89.683101	0.0266604
89.694268	0.0251395
89.705435	0.0230698
89.716603	0.0194397
89.727772	0.0190689
89.738941	0.0182487
89.750111	0.0185284
89.761282	0.0176521
89.772453	0.0175019
89.783626	0.0193949
89.794798	0.0182048
89.805972	0.0179036
89.817146	0.0192864
89.828321	0.0192349
89.839497	0.0190733
89.850673	0.0179378
89.861850	0.0168598
89.873028	0.0190520
89.884206	0.0179863
89.895386	0.0187607
89.906566	0.0178868
89.917746	0.0174680
89.928927	0.0185298
89.940109	0.0177907
89.951292	0.0197589
89.962475	0.0189620
89.973660	0.0185023
89.984844	0.0170062
89.996030	0.0190077
90.007216	0.0182188
90.018403	0.0192140
90.029591	0.0186245
90.040779	0.0180240
90.051968	0.0191175
90.063158	0.0180848
90.074348	0.0186537
90.085539	0.0175298
90.096731	0.0178325
90.107923	0.0184158
90.119117	0.0191948
90.130311	0.0180289
90.141505	0.0180627
90.152700	0.0181312
90.163897	0.0188634
90.175093	0.0176517
90.186291	0.0187588
90.197489	0.0174171
90.208688	0.0170829
90.219887	0.0191362
90.231087	0.0182601
90.242288	0.0189683
90.253490	0.0173629
90.264692	0.0178776
90.275895	0.0186413
90.287099	0.0180346
90.298304	0.0182330
90.309509	0.0173626
90.320715	0.0173937
90.331921	0.0189204
90.343129	0.0188845
90.354337	0.0188741
90.365545	0.0189124
90.376755	0.0177243
90.387965	0.0185475
90.399175	0.0189136
90.410387	0.0184945
90.421599	0.0175587
90.432812	0.0174750
90.444026	0.0187491
90.455240	0.0185589
90.466455	0.0172418
90.477671	0.0176222
90.488887	0.0183510
90.500104	0.0186778
90.511322	0.0191617
90.522540	0.0187500
90.533760	0.0179084
90.544980	0.0176753
90.556200	0.0185520
90.567421	0.0183694
90.578643	0.0198363
90.589866	0.0179179
90.601090	0.0191405
90.612314	0.0180678
90.623539	0.0191106
90.634764	0.0181633
90.645990	0.0186671
90.657217	0.0186815
90.668445	0.0189376
90.679673	0.0175894
90.690902	0.0192760
90.702132	0.0165858
90.713363	0.0191781
90.724594	0.0184148
90.735826	0.0166959
90.747058	0.0182755
90.758291	0.0176260
90.769525	0.0184315
90.780760	0.0166595
90.791995	0.0184183
90.803231	0.0195733
90.814468	0.0174751
90.825706	0.0180948
90.836944	0.0178328
90.848183	0.0194775
90.859422	0.0202997
90.870663	0.0189988
90.881904	0.0180297
90.893145	0.0187058
90.904388	0.0183859
90.915631	0.0193129
90.926874	0.0189165
90.938119	0.0189874
90.949364	0.0172073
90.960610	0.0182753
90.971857	0.0183386
90.983104	0.0189886
90.994352	0.0182893
91.005601	0.0184906
91.016850	0.0193983
91.028100	0.0194788
91.039351	0.0193471
91.050603	0.0180488
91.061855	0.0187023
91.073108	0.0193992
91.084361	0.0179816
91.095616	0.0183046
91.106871	0.0173777
91.118126	0.0178513
91.129383	0.0186749
91.140640	0.0198152
91.151898	0.0188394
91.163156	0.0188843
91.174416	0.0236420
91.185676	0.0285795
91.196936	0.0420621
91.208198	0.0689943
91.219460	0.1108517
91.230722	0.1798796
91.241986	0.2677400
91.253250	0.3690989
91.264515	0.4686534
91.275781	0.5483049
91.287047	0.5740304
91.298314	0.5550634
91.309581	0.5146972
91.320850	0.4548343
91.332119	0.3773304
91.343389	0.2947034
91.354659	0.2214445
91.365930	0.1608614
91.377202	0.1127297
91.388475	0.0744919
91.399748	0.0544409
91.411022	0.0389299
91.422297	0.0288471
91.433572	0.0236668
91.444848	0.0205909
91.456125	0.0196202
91.467403	0.0193132
91.478681	0.0183295
91.489960	0.0179941
91.501239	0.0184959
91.512520	0.0202707
91.523801	0.0189703
91.535082	0.0183476
91.546365	0.0192899
91.557648	0.0190905
91.568932	0.0188401
91.580216	0.0184705
91.591502	0.0195263
91.602788	0.0187766
91.614074	0.0184552
91.625362	0.0186030
91.636650	0.0195529
91.647938	0.0192520
91.659228	0.0171512
91.670518	0.0194774
91.681809	0.0173387
91.693100	0.0191260
91.704393	0.0195715
91.715686	0.0191733
91.726979	0.0180342
91.738274	0.0184184
91.749569	0.0198112
91.760864	0.0181192
91.772161	0.0193092
91.783458	0.0189200
91.794756	0.0177513
91.806055	0.0202608
91.817354	0.0175942
91.828654	0.0195618
91.839955	0.0189062
91.851256	0.0188014
91.862558	0.0187368
91.873861	0.0189445
91.885164	0.0179135
91.896468	0.0189709
91.907773	0.0196306
91.919079	0.0177423
91.930385	0.0190845
91.941692	0.0177356
91.953000	0.0198980
91.964308	0.0185666
91.975618	0.0193660
91.986927	0.0167900
91.998238	0.0176412
92.009549	0.0186386
92.020861	0.0198573
92.032174	0.0176952
92.043487	0.0196794
92.054801	0.0180408
92.066116	0.0182240
92.077431	0.0203355
92.088747	0.0183635
92.100064	0.0184749
92.111382	0.0181190
92.122700	0.0185599
92.134019	0.0192614
92.145339	0.0204967
92.156659	0.0192957
92.167980	0.0193858
92.179302	0.0187958
92.190624	0.0174577
92.201947	0.0181610
92.213271	0.0191250
92.224596	0.0188686
92.235921	0.0186786
92.247247	0.0191853
92.258574	0.0201955
92.269901	0.0188031
92.281229	0.0190527
92.292558	0.0203048
92.303888	0.0203443
92.315218	0.0199862
92.326549	0.0211890
92.337880	0.0206391
92.349212	0.0182125
92.360545	0.0202567
92.371879	0.0180934
92.383214	0.0188425
92.394549	0.0190598
92.405884	0.0184623
92.417221	0.0180299
92.428558	0.0184737
92.439896	0.0191275
92.451235	0.0179805
92.462574	0.0193873
92.473914	0.0182087
92.485255	0.0179452
92.496596	0.0191326
92.507938	0.0192322
92.519281	0.0193184
92.530625	0.0191041
92.541969	0.0199774
92.553314	0.0195348
92.564660	0.0187926
92.576006	0.0195106
92.587353	0.0199947
92.598701	0.0189064
92.610049	0.0185564
92.621398	0.0184856
92.632748	0.0196937
92.644099	0.0201865
92.655450	0.0180823
92.666802	0.0197696
92.678155	0.0194842
92.689508	0.0195160
92.700862	0.0178376
92.712217	0.0184442
92.723572	0.0178539
92.734928	0.0183405
92.746285	0.0179653
92.757643	0.0187309
92.769001	0.0184170
92.780360	0.0192607
92.791720	0.0192330
92.803080	0.0190070
92.814441	0.0184994
92.825803	0.0187266
92.837166	0.0185047
92.848529	0.0189622
92.859893	0.0186608
92.871257	0.0184473
92.882623	0.0187163
92.893989	0.0185012
92.905355	0.0178471
92.916723	0.0180340
92.928091	0.0183143
92.939460	0.0182069
92.950829	0.0195301
92.962200	0.0187928
92.973570	0.0175577
92.984942	0.0175974
92.996314	0.0178734
93.007688	0.0188366
93.019061	0.0185854
93.030436	0.0191775
93.041811	0.0187237
93.053187	0.0195398
93.064563	0.0197535
93.075940	0.0182265
93.087318	0.0183625
93.098697	0.0190498
93.110076	0.0185088
93.121456	0.0188436
93.132837	0.0169081
93.144219	0.0194562
93.155601	0.0206228
93.166984	0.0193192
93.178367	0.0189130
93.189752	0.0188915
93.201137	0.0195001
93.212522	0.0183615
93.223909	0.0187159
93.235296	0.0207270
93.246684	0.0220914
93.258072	0.0228591
93.269461	0.0239922
93.280851	0.0239077
93.292242	0.0250837
93.303633	0.0248956
93.315025	0.0237321
93.326418	0.0234374
93.337811	0.0231774
93.349205	0.0222586
93.360600	0.0215635
93.371996	0.0205611
93.383392	0.0194964
93.394789	0.0186755
93.406186	0.0201609
93.417585	0.0198201
93.428984	0.0190816
93.440383	0.0190624
93.451784	0.0184190
93.463185	0.0180353
93.474587	0.0188609
93.485989	0.0182684
93.497393	0.0189168
93.508796	0.0189903
93.520201	0.0189198
93.531606	0.0183115
93.543013	0.0187809
93.554419	0.0191760
93.565827	0.0204955
93.577235	0.0193955
93.588644	0.0209359
93.600053	0.0227254
93.611464	0.0260797
93.622875	0.0285803
93.634286	0.0298371
93.645699	0.0336940
93.657112	0.0357228
93.668525	0.0377666
93.679940	0.0338286
93.691355	0.0331930
93.702771	0.0311805
93.714188	0.0299936
93.725605	0.0264384
93.737023	0.0255178
93.748441	0.0229574
93.759861	0.0211871
93.771281	0.0201153
93.782702	0.0194417
93.794123	0.0183665
93.805545	0.0183575
93.816968	0.0185444
93.828392	0.0193719
93.839816	0.0184358
93.851241	0.0192318
93.862667	0.0194193
93.874093	0.0191647
93.885521	0.0188661
93.896948	0.0201131
93.908377	0.0184639
93.919806	0.0192506
93.931236	0.0182475
93.942667	0.0195777
93.954098	0.0196599
93.965530	0.0179546
93.976963	0.0184591
93.988396	0.0191071
93.999830	0.0185162
94.011265	0.0201846
94.022701	0.0188938
94.034137	0.0187418
94.045574	0.0182274
94.057012	0.0194026
94.068450	0.0192842
94.079889	0.0185786
94.091329	0.0189922
94.102769	0.0190468
94.114211	0.0196663
94.125652	0.0186019
94.137095	0.0194556
94.148538	0.0192066
94.159982	0.0198533
94.171427	0.0174566
94.182872	0.0192734
94.194318	0.0180016
94.205765	0.0195895
94.217213	0.0186440
94.228661	0.0175394
94.240110	0.0177336
94.251559	0.0167358
94.263010	0.0195725
94.274461	0.0187407
94.285912	0.0202129
94.297365	0.0195509
94.308818	0.0195015
94.320272	0.0203445
94.331726	0.0197876
94.343181	0.0195375
94.354637	0.0186580
94.366094	0.0187499
94.377551	0.0203626
94.389009	0.0185024
94.400468	0.0191325
94.411927	0.0193548
94.423388	0.0207001
94.434848	0.0206584
94.446310	0.0186730
94.457772	0.0196781
94.469235	0.0200264
94.480699	0.0172985
94.492163	0.0207162
94.503628	0.0193372
94.515094	0.0190540
94.526560	0.0181262
94.538028	0.0183401
94.549495	0.0185212
94.560964	0.0199685
94.572433	0.0194947
94.583903	0.0193061
94.595374	0.0192270
94.606845	0.0196229
94.618317	0.0201816
94.629790	0.0202666
94.641264	0.0196116
94.652738	0.0173143
94.664213	0.0197289
94.675688	0.0202292
94.687165	0.0177347
94.698641	0.0197713
94.710119	0.0188052
94.721598	0.0196398
94.733077	0.0193597
94.744556	0.0189124
94.756037	0.0193479
94.767518	0.0186319
94.779000	0.0184742
94.790483	0.0190513
94.801966	0.0190062
94.813450	0.0187427
94.824935	0.0202098
94.836420	0.0191420
94.847906	0.0198306
94.859393	0.0181898
94.870881	0.0188093
94.882369	0.0199609
94.893858	0.0190168
94.905347	0.0193847
94.916838	0.0193395
94.928329	0.0180359
94.939821	0.0202492
94.951313	0.0202755
94.962806	0.0195375
94.974300	0.0190909
94.985795	0.0188847
94.997290	0.0204420
95.008786	0.0188993
95.020282	0.0195126
95.031780	0.0191352
95.043278	0.0189993
95.054777	0.0180945
95.066276	0.0201475
95.077776	0.0184265
95.089277	0.0195973
95.100779	0.0189658
95.112281	0.0194838
95.123784	0.0197490
95.135288	0.0213291
95.146792	0.0223782
95.158297	0.0246933
95.169803	0.0328868
95.181309	0.0469605
95.192817	0.0718446
95.204324	0.1074116
95.215833	0.1531663
95.227342	0.2081247
95.238852	0.2615019
95.250363	0.3011923
95.261874	0.3231379
95.273387	0.3134366
95.284899	0.2940710
95.296413	0.2554675
95.307927	0.2127717
95.319442	0.1764313
95.330958	0.1318222
95.342474	0.0956894
95.353991	0.0710675
95.365509	0.0510402
95.377027	0.0387600
95.388546	0.0303070
95.400066	0.0253247
95.411587	0.0214921
95.423108	0.0201107
95.434630	0.0200901
95.446153	0.0183466
95.457676	0.0200975
95.469200	0.0193465
95.480725	0.0190236
95.492250	0.0201343
95.503776	0.0190130
95.515303	0.0206624
95.526831	0.0196450
95.538359	0.0189248
95.549888	0.0197137
95.561418	0.0194316
95.572948	0.0189180
95.584479	0.0209950
95.596011	0.0199756
95.607543	0.0195098
95.619077	0.0184811
95.630610	0.0182273
95.642145	0.0200548
95.653680	0.0202337
95.665216	0.0189816
95.676753	0.0179957
95.688290	0.0188650
95.699829	0.0193681
95.711367	0.0195244
95.722907	0.0181497
95.734447	0.0181629
95.745988	0.0187541
95.757530	0.0183841
95.769072	0.0194482
95.780615	0.0193279
95.792159	0.0200962
95.803703	0.0197208
95.815248	0.0191876
95.826794	0.0191444
95.838341	0.0201240
95.849888	0.0190091
95.861436	0.0189672
95.872984	0.0192596
95.884534	0.0196772
95.896084	0.0191760
95.907634	0.0190469
95.919186	0.0197897
95.930738	0.0211639
95.942291	0.0191053
95.953844	0.0194669
95.965399	0.0186456
95.976954	0.0198960
95.988509	0.0195892
96.000066	0.0196911
96.011623	0.0201701
96.023180	0.0180501
96.034739	0.0200918
96.046298	0.0197889
96.057858	0.0181231
96.069419	0.0190797
96.080980	0.0197688
96.092542	0.0192790
96.104105	0.0175558
96.115668	0.0202940
96.127232	0.0194849
96.138797	0.0192750
96.150362	0.0205233
96.161928	0.0200973
96.173495	0.0203973
96.185063	0.0184066
96.196631	0.0205412
96.208200	0.0184773
96.219770	0.0191170
96.231340	0.0185198
96.242912	0.0195024
96.254483	0.0189525
96.266056	0.0191826
96.277629	0.0214953
96.289203	0.0197002
96.300778	0.0218596
96.312353	0.0194948
96.323929	0.0196458
96.335506	0.0189888
96.347083	0.0192011
96.358661	0.0193256
96.370240	0.0196392
96.381820	0.0199648
96.393400	0.0186558
96.404981	0.0200797
96.416563	0.0196712
96.428145	0.0188980
96.439728	0.0198480
96.451312	0.0192094
96.462896	0.0204991
96.474481	0.0190455
96.486067	0.0193196
96.497654	0.0188015
96.509241	0.0195187
96.520829	0.0201462
96.532418	0.0202415
96.544007	0.0184239
96.555597	0.0204958
96.567188	0.0205406
96.578779	0.0196121
96.590372	0.0179571
96.601964	0.0183131
96.613558	0.0199987
96.625152	0.0202521
96.636747	0.0180674
96.648343	0.0184934
96.659939	0.0194539
96.671536	0.0193173
96.683134	0.0204302
96.694733	0.0192220
96.706332	0.0194052
96.717932	0.0196373
96.729533	0.0197717
96.741134	0.0191579
96.752736	0.0191111
96.764339	0.0182994
96.775942	0.0179439
96.787546	0.0192865
96.799151	0.0184343
96.810756	0.0188082
96.822363	0.0186136
96.833970	0.0199161
96.845577	0.0179934
96.857186	0.0213866
96.868795	0.0189588
96.880404	0.0189055
96.892015	0.0190975
96.903626	0.0201106
96.915238	0.0204791
96.926850	0.0197424
96.938464	0.0189057
96.950078	0.0186539
96.961692	0.0194419
96.973308	0.0194652
96.984924	0.0184264
96.996541	0.0207249
97.008158	0.0190861
97.019776	0.0203473
97.031395	0.0200935
97.043015	0.0209288
97.054635	0.0205299
97.066256	0.0185479
97.077878	0.0202063
97.089500	0.0192307
97.101123	0.0199941
97.112747	0.0207825
97.124371	0.0193165
97.135997	0.0203150
97.147622	0.0189054
97.159249	0.0195254
97.170876	0.0193241
97.182504	0.0190693
97.194133	0.0191461
97.205762	0.0197940
97.217393	0.0211180
97.229023	0.0208501
97.240655	0.0197953
97.252287	0.0218944
97.263920	0.0222520
97.275554	0.0225202
97.287188	0.0215808
97.298823	0.0228415
97.310459	0.0205047
97.322095	0.0199749
97.333732	0.0205690
97.345370	0.0203024
97.357009	0.0192130
97.368648	0.0202238
97.380288	0.0191927
97.391929	0.0203658
97.403570	0.0204288
97.415212	0.0205283
97.426855	0.0193351
97.438498	0.0187288
97.450142	0.0207089
97.461787	0.0193838
97.473433	0.0194975
97.485079	0.0202209
97.496726	0.0192750
97.508374	0.0193903
97.520022	0.0201531
97.531671	0.0203156
97.543321	0.0202812
97.554971	0.0198364
97.566623	0.0187429
97.578275	0.0174045
97.589927	0.0197411
97.601580	0.0187221
97.613234	0.0210052
97.624889	0.0197775
97.636544	0.0209559
97.648201	0.0195751
97.659857	0.0199462
97.671515	0.0186533
97.683173	0.0199149
97.694832	0.0188844
97.706492	0.0205678
97.718152	0.0191986
97.729813	0.0190593
97.741475	0.0198295
97.753137	0.0195902
97.764800	0.0209439
97.776464	0.0201093
97.788129	0.0190174
97.799794	0.0204928
97.811460	0.0194778
97.823126	0.0208250
97.834794	0.0190468
97.846462	0.0191745
97.858131	0.0194915
97.869800	0.0189388
97.881470	0.0196013
97.893141	0.0199099
97.904813	0.0193800
97.916485	0.0199176
97.928158	0.0211141
97.939831	0.0196874
97.951506	0.0201893
97.963181	0.0196260
97.974857	0.0188004
97.986533	0.0194250
97.998210	0.0206123
98.009888	0.0194283
98.021567	0.0189314
98.033246	0.0198972
98.044926	0.0192925
98.056607	0.0195097
98.068288	0.0187180
98.079970	0.0183902
98.091653	0.0197734
98.103336	0.0212114
98.115021	0.0197300
98.126706	0.0199388
98.138391	0.0191516
98.150077	0.0196246
98.161765	0.0204618
98.173452	0.0197183
98.185141	0.0201166
98.196830	0.0195645
98.208520	0.0188640
98.220210	0.0199063
98.231901	0.0182701
98.243593	0.0192906
98.255286	0.0193107
98.266979	0.0190285
98.278673	0.0196447
98.290368	0.0191443
98.302063	0.0186783
98.313760	0.0184567
98.325456	0.0193050
98.337154	0.0203957
98.348852	0.0202412
98.360551	0.0206989
98.372251	0.0199845
98.383951	0.0199357
98.395652	0.0195447
98.407354	0.0192243
98.419056	0.0197434
98.430760	0.0196493
98.442463	0.0193781
98.454168	0.0202964
98.465873	0.0198327
98.477579	0.0197084
98.489286	0.0208497
98.500993	0.0192656
98.512701	0.0193766
98.524410	0.0202180
98.536120	0.0201464
98.547830	0.0194359
98.559541	0.0194080
98.571252	0.0211752
98.582965	0.0180821
98.594678	0.0202257
98.606391	0.0200283
98.618106	0.0192936
98.629821	0.0200523
98.641537	0.0192586
98.653253	0.0213093
98.664970	0.0190305
98.676688	0.0184092
98.688407	0.0202070
98.700126	0.0184509
98.711846	0.0192028
98.723567	0.0204348
98.735288	0.0205429
98.747011	0.0187261
98.758733	0.0196299
98.770457	0.0202638
98.782181	0.0203804
98.793906	0.0182750
98.805632	0.0199608
98.817358	0.0197156
98.829085	0.0198681
98.840813	0.0180489
98.852541	0.0185690
98.864270	0.0192757
98.876000	0.0193476
98.887731	0.0202264
98.899462	0.0198474
98.911194	0.0194842
98.922927	0.0186099
98.934660	0.0194424
98.946394	0.0198246
98.958129	0.0185220
98.969864	0.0189963
98.981601	0.0198244
98.993337	0.0198100
99.005075	0.0201195
99.016813	0.0189235
99.028552	0.0195267
99.040292	0.0194029
99.052032	0.0191436
99.063773	0.0193618
99.075515	0.0189747
99.087258	0.0203200
99.099001	0.0198520
99.110745	0.0188061
99.122489	0.0199089
99.134235	0.0198342
99.145981	0.0198899
99.157728	0.0209715
99.169475	0.0197257
99.181223	0.0205809
99.192972	0.0189356
99.204721	0.0203579
99.216472	0.0189075
99.228223	0.0201089
99.239974	0.0198233
99.251727	0.0199573
99.263480	0.0203570
99.275233	0.0186621
99.286988	0.0208880
99.298743	0.0196091
99.310499	0.0191097
99.322255	0.0197077
99.334013	0.0182780
99.345770	0.0178967
99.357529	0.0205009
99.369288	0.0202208
99.381049	0.0210156
99.392809	0.0210540
99.404571	0.0202717
99.416333	0.0186736
99.428096	0.0201397
99.439859	0.0196939
99.451624	0.0194296
99.463389	0.0209191
99.475154	0.0187565
99.486921	0.0201647
99.498688	0.0201415
99.510456	0.0198941
99.522224	0.0196156
99.533993	0.0194523
99.545763	0.0202366
99.557534	0.0189727
99.569305	0.0199790
99.581077	0.0200682
99.592850	0.0197138
99.604623	0.0216143
99.616397	0.0195113
99.628172	0.0210458
99.639948	0.0185131
99.651724	0.0194926
99.663501	0.0207531
99.675278	0.0214153
99.687057	0.0194765
99.698836	0.0194402
99.710615	0.0202885
99.722396	0.0194971
99.734177	0.0201276
99.745959	0.0195297
99.757741	0.0204355
99.769524	0.0193506
99.781308	0.0214133
99.793093	0.0185887
99.804878	0.0205730
99.816664	0.0186679
99.828451	0.0201770
99.840239	0.0191427
99.852027	0.0200461
99.863816	0.0194263
99.875605	0.0196899
99.887396	0.0198503
99.899186	0.0184482
99.910978	0.0185288
99.922771	0.0199053
99.934564	0.0199515
99.946357	0.0193437
99.958152	0.0188139
99.969947	0.0196268
99.981743	0.0196003
99.993539	0.0194522
100.005337	0.0206421
100.017135	0.0196791
100.028933	0.0202714
100.040733	0.0210405
100.052533	0.0190288
100.064334	0.0206899
100.076135	0.0198041
100.087937	0.0206393
100.099740	0.0201392
100.111544	0.0200521
100.123348	0.0198006
100.135153	0.0197511
100.146959	0.0198620
100.158765	0.0198035
100.170572	0.0193922
100.182380	0.0197311
100.194189	0.0185340
100.205998	0.0204417
100.217808	0.0211030
100.229619	0.0191977
100.241430	0.0215446
100.253242	0.0197497
100.265055	0.0203303
100.276868	0.0181442
100.288682	0.0193232
100.300497	0.0205683
100.312313	0.0205957
100.324129	0.0196700
100.335946	0.0208911
100.347764	0.0206171
100.359582	0.0198721
100.371401	0.0193400
100.383221	0.0182085
100.395041	0.0195254
100.406862	0.0202505
100.418684	0.0203855
100.430507	0.0198172
100.442330	0.0200652
100.454154	0.0202959
100.465979	0.0199474
100.477804	0.0203407
100.489630	0.0190408
100.501457	0.0201844
100.513285	0.0201847
100.525113	0.0204457
100.536942	0.0207129
100.548771	0.0219068
100.560601	0.0208041
100.572432	0.0191602
100.584264	0.0192994
100.596097	0.0204263
100.607930	0.0199362
100.619764	0.0196550
100.631598	0.0204080
100.643433	0.0200882
100.655269	0.0198601
100.667106	0.0220257
100.678943	0.0193442
100.690781	0.0202482
100.702620	0.0206902
100.714459	0.0204998
100.726299	0.0198084
100.738140	0.0201847
100.749982	0.0189332
100.761824	0.0197886
100.773667	0.0204709
100.785511	0.0187802
100.797355	0.0198009
100.809200	0.0183586
100.821046	0.0203592
100.832892	0.0193436
100.844739	0.0216445
100.856587	0.0195321
100.868436	0.0197889
100.880285	0.0193742
100.892135	0.0204526
100.903986	0.0203222
100.915837	0.0193827
100.927689	0.0211308
100.939542	0.0205396
100.951395	0.0203513
100.963250	0.0189098
100.975104	0.0189207
100.986960	0.0210706
100.998816	0.0205438
101.010673	0.0186771
101.022531	0.0205874
101.034389	0.0184371
101.046248	0.0202570
101.058108	0.0188158
101.069969	0.0194075
101.081830	0.0199234
101.093692	0.0206351
101.105555	0.0198520
101.117418	0.0191703
101.129282	0.0217917
101.141147	0.0208395
101.153012	0.0208331
101.164878	0.0203593
101.176745	0.0202890
101.188612	0.0187055
101.200481	0.0210505
101.212350	0.0198799
101.224219	0.0191498
101.236090	0.0190760
101.247961	0.0211393
101.259832	0.0190970
101.271705	0.0199918
101.283578	0.0209446
101.295452	0.0201239
101.307326	0.0191722
101.319202	0.0209448
101.331078	0.0200281
101.342954	0.0200609
101.354832	0.0219177
101.366710	0.0193426
101.378588	0.0193814
101.390468	0.0209017
101.402348	0.0205309
101.414229	0.0191251
101.426110	0.0202707
101.437993	0.0184935
101.449876	0.0215092
101.461759	0.0201923
101.473644	0.0192542
101.485529	0.0186271
101.497415	0.0196481
101.509301	0.0197952
101.521188	0.0193596
101.533076	0.0197756
101.544965	0.0192588
101.556854	0.0211440
101.568744	0.0202009
101.580635	0.0214210
101.592526	0.0210181
101.604418	0.0193350
101.616311	0.0199021
101.628205	0.0204865
101.640099	0.0214381
101.651994	0.0193203
101.663889	0.0202847
101.675786	0.0208196
101.687683	0.0195209
101.699580	0.0200277
101.711479	0.0200020
101.723378	0.0197306
101.735278	0.0209719
101.747178	0.0195734
101.759080	0.0208873
101.770982	0.0204135
101.782884	0.0217741
101.794788	0.0216221
101.806692	0.0194256
101.818596	0.0207247
101.830502	0.0196358
101.842408	0.0192932
101.854315	0.0201084
101.866222	0.0197630
101.878131	0.0210986
101.890040	0.0205102
101.901949	0.0204057
101.913860	0.0206893
101.925771	0.0196805
101.937683	0.0202334
101.949595	0.0202815
101.961508	0.0196722
101.973422	0.0206166
101.985337	0.0198133
101.997252	0.0193094
102.009168	0.0209605
102.021085	0.0204462
102.033002	0.0193105
102.044920	0.0207022
102.056839	0.0211813
102.068758	0.0203137
102.080679	0.0207809
102.092600	0.0210028
102.104521	0.0201101
102.116444	0.0204316
102.128367	0.0198316
102.140290	0.0192196
102.152215	0.0202219
102.164140	0.0196866
102.176066	0.0202362
102.187992	0.0202199
102.199919	0.0201263
102.211847	0.0190255
102.223776	0.0190513
102.235705	0.0197584
102.247635	0.0189582
102.259566	0.0194973
102.271498	0.0215210
102.283430	0.0202215
102.295363	0.0204312
102.307296	0.0193732
102.319230	0.0201081
102.331165	0.0192096
102.343101	0.0191154
102.355037	0.0207371
102.366974	0.0211506
102.378912	0.0210287
102.390851	0.0183968
102.402790	0.0202578
102.414730	0.0208249
102.426670	0.0196050
102.438611	0.0201155
102.450553	0.0208425
102.462496	0.0202033
102.474440	0.0206453
102.486384	0.0197065
102.498328	0.0197461
102.510274	0.0191773
102.522220	0.0210429
102.534167	0.0199593
102.546115	0.0210893
102.558063	0.0187410
102.570012	0.0210256
102.581962	0.0204160
102.593912	0.0207160
102.605863	0.0206719
102.617815	0.0207792
102.629767	0.0206830
102.641721	0.0199704
102.653675	0.0199886
102.665629	0.0199734
102.677585	0.0210875
102.689541	0.0210348
102.701497	0.0199243
102.713455	0.0213579
102.725413	0.0209959
102.737372	0.0187698
102.749331	0.0203281
102.761291	0.0205323
102.773252	0.0195715
102.785214	0.0192808
102.797176	0.0194324
102.809139	0.0216600
102.821103	0.0199160
102.833068	0.0223303
102.845033	0.0200383
102.856999	0.0204583
102.868965	0.0202463
102.880933	0.0205109
102.892901	0.0197646
102.904869	0.0207878
102.916839	0.0209383
102.928809	0.0214745
102.940779	0.0201708
102.952751	0.0189797
102.964723	0.0207960
102.976696	0.0204474
102.988670	0.0207018
103.000644	0.0207241
103.012619	0.0205777
103.024595	0.0224389
103.036571	0.0199340
103.048548	0.0207032
103.060526	0.0203709
103.072504	0.0200169
103.084484	0.0218746
103.096463	0.0200979
103.108444	0.0192129
103.120425	0.0199068
103.132407	0.0213584
103.144390	0.0201299
103.156374	0.0202487
103.168358	0.0207847
103.180342	0.0202237
103.192328	0.0191560
103.204314	0.0214343
103.216301	0.0208609
103.228289	0.0204316
103.240277	0.0202263
103.252266	0.0204739
103.264256	0.0202719
103.276246	0.0211011
103.288238	0.0194286
103.300229	0.0207219
103.312222	0.0205792
103.324215	0.0197684
103.336209	0.0199740
103.348204	0.0199180
103.360199	0.0197654
103.372195	0.0196710
103.384192	0.0210719
103.396189	0.0210248
103.408188	0.0208186
103.420187	0.0207165
103.432186	0.0198161
103.444186	0.0212891
103.456187	0.0200486
103.468189	0.0196302
103.480191	0.0213022
103.492195	0.0214989
103.504198	0.0203280
103.516203	0.0206121
103.528208	0.0202407
103.540214	0.0209230
103.552220	0.0201253
103.564228	0.0200832
103.576236	0.0198544
103.588244	0.0200557
103.600254	0.0199693
103.612264	0.0193887
103.624275	0.0198439
103.636286	0.0206434
103.648299	0.0197068
103.660311	0.0211713
103.672325	0.0206330
103.684339	0.0220146
103.696354	0.0201476
103.708370	0.0212821
103.720387	0.0209010
103.732404	0.0187531
103.744422	0.0209954
103.756440	0.0218013
103.768459	0.0206661
103.780479	0.0207408
103.792500	0.0204802
103.804521	0.0198618
103.816543	0.0222900
103.828566	0.0210131
103.840590	0.0202418
103.852614	0.0191434
103.864639	0.0211121
103.876664	0.0201329
103.888690	0.0203923
103.900717	0.0203056
103.912745	0.0198647
103.924773	0.0231116
103.936803	0.0191483
103.948832	0.0201891
103.960863	0.0206795
103.972894	0.0199212
103.984926	0.0205326
103.996958	0.0211426
104.008992	0.0206757
104.021026	0.0213893
104.033060	0.0193962
104.045096	0.0199160
104.057132	0.0203710
104.069169	0.0198867
104.081206	0.0217194
104.093245	0.0199509
104.105283	0.0203594
104.117323	0.0197471
104.129363	0.0200653
104.141404	0.0216172
104.153446	0.0207848
104.165489	0.0215117
104.177532	0.0211901
104.189575	0.0203225
104.201620	0.0208121
104.213665	0.0215479
104.225711	0.0194434
104.237758	0.0203082
104.249805	0.0196323
104.261853	0.0210085
104.273902	0.0211472
104.285951	0.0190611
104.298002	0.0207167
104.310052	0.0217997
104.322104	0.0206592
104.334156	0.0208236
104.346209	0.0199240
104.358263	0.0224268
104.370317	0.0193525
104.382372	0.0204792
104.394428	0.0203656
104.406484	0.0207256
104.418542	0.0198787
104.430600	0.0206179
104.442658	0.0198990
104.454717	0.0202346
104.466777	0.0210741
104.478838	0.0211327
104.490899	0.0199948
104.502962	0.0204435
104.515024	0.0205411
104.527088	0.0206741
104.539152	0.0200795
104.551217	0.0209525
104.563283	0.0195415
104.575349	0.0217114
104.587416	0.0201198
104.599484	0.0209678
104.611552	0.0201877
104.623621	0.0203089
104.635691	0.0204458
104.647761	0.0204330
104.659833	0.0204849
104.671905	0.0210331
104.683977	0.0195393
104.696050	0.0197034
104.708125	0.0205226
104.720199	0.0212661
104.732275	0.0204362
104.744351	0.0207190
104.756428	0.0205227
104.768505	0.0222470
104.780583	0.0200314
104.792662	0.0207782
104.804742	0.0200335
104.816822	0.0191932
104.828903	0.0207042
104.840985	0.0217035
104.853068	0.0194348
104.865151	0.0198483
104.877235	0.0220967
104.889319	0.0217346
104.901405	0.0203584
104.913491	0.0214565
104.925577	0.0200686
104.937665	0.0211241
104.949753	0.0206597
104.961841	0.0193938
104.973931	0.0206253
104.986021	0.0213470
104.998112	0.0195085
105.010204	0.0216165
105.022296	0.0206254
105.034389	0.0208889
105.046483	0.0217108
105.058577	0.0207081
105.070672	0.0218164
105.082768	0.0207717
105.094864	0.0208815
105.106962	0.0205766
105.119060	0.0202166
105.131158	0.0213441
105.143257	0.0212611
105.155357	0.0200562
105.167458	0.0210287
105.179560	0.0224839
105.191662	0.0236837
105.203765	0.0263337
105.215868	0.0279622
105.227972	0.0334310
105.240077	0.0377699
105.252183	0.0429543
105.264289	0.0468802
105.276396	0.0486074
105.288504	0.0469347
105.300612	0.0455673
105.312722	0.0436770
105.324832	0.0379868
105.336942	0.0330425
105.349053	0.0290894
105.361165	0.0265292
105.373278	0.0242559
105.385391	0.0228395
105.397505	0.0219107
105.409620	0.0206828
105.421736	0.0209928
105.433852	0.0208292
105.445969	0.0207112
105.458086	0.0207301
105.470205	0.0196943
105.482324	0.0207816
105.494443	0.0207475
105.506564	0.0208416
105.518685	0.0210270
105.530806	0.0209158
105.542929	0.0206296
105.555052	0.0207772
105.567176	0.0202610
105.579301	0.0212097
105.591426	0.0221149
105.603552	0.0207239
105.615679	0.0210090
105.627806	0.0202298
105.639934	0.0206745
105.652063	0.0199821
105.664193	0.0207683
105.676323	0.0212580
105.688454	0.0192593
105.700585	0.0205414
105.712718	0.0205847
105.724851	0.0220897
105.736984	0.0202577
105.749119	0.0205866
105.761254	0.0194450
105.773390	0.0215604
105.785526	0.0200643
105.797664	0.0196685
105.809802	0.0203411
105.821940	0.0203911
105.834080	0.0211491
105.846220	0.0200971
105.858360	0.0214061
105.870502	0.0195724
105.882644	0.0204846
105.894787	0.0198916
105.906931	0.0207195
105.919075	0.0202995
105.931220	0.0192705
105.943365	0.0218704
105.955512	0.0213718
105.967659	0.0209871
105.979807	0.0196260
105.991955	0.0210496
106.004104	0.0213327
106.016254	0.0214697
106.028405	0.0207106
106.040556	0.0212801
106.052708	0.0204594
106.064861	0.0205594
106.077014	0.0192609
106.089168	0.0213286
106.101323	0.0211788
106.113479	0.0213415
106.125635	0.0218698
106.137792	0.0210181
106.149949	0.0216762
106.162108	0.0215434
106.174267	0.0204461
106.186426	0.0199682
106.198587	0.0209572
106.210748	0.0219184
106.222910	0.0206938
106.235072	0.0207694
106.247236	0.0210442
106.259400	0.0222095
106.271564	0.0198485
106.283730	0.0200681
106.295896	0.0214032
106.308062	0.0216058
106.320230	0.0212812
106.332398	0.0221423
106.344567	0.0199622
106.356736	0.0194147
106.368907	0.0203174
106.381078	0.0197551
106.393249	0.0204290
106.405422	0.0209847
106.417595	0.0200793
106.429768	0.0212460
106.441943	0.0211960
106.454118	0.0205821
106.466294	0.0210750
106.478471	0.0200445
106.490648	0.0206108
106.502826	0.0209430
106.515005	0.0213019
106.527184	0.0211651
106.539364	0.0208813
106.551545	0.0214814
106.563726	0.0196513
106.575908	0.0216752
106.588091	0.0211848
106.600275	0.0204616
106.612459	0.0203070
106.624644	0.0198247
106.636830	0.0199689
106.649016	0.0190104
106.661204	0.0213708
106.673391	0.0214362
106.685580	0.0204858
106.697769	0.0215528
106.709959	0.0205424
106.722150	0.0214948
106.734341	0.0214381
106.746533	0.0199982
106.758726	0.0197459
106.770919	0.0227970
106.783113	0.0238262
106.795308	0.0254179
106.807504	0.0307271
106.819700	0.0338477
106.831897	0.0381385
106.844095	0.0433959
106.856293	0.0468792
106.868492	0.0501433
106.880692	0.0524432
106.892892	0.0491382
106.905093	0.0496603
106.917295	0.0470472
106.929498	0.0434044
106.941701	0.0393935
106.953905	0.0361265
106.966110	0.0330997
106.978315	0.0290939
106.990521	0.0266019
107.002728	0.0244617
107.014936	0.0232763
107.027144	0.0214758
107.039353	0.0233533
107.051562	0.0210877
107.063772	0.0212367
107.075983	0.0215105
107.088195	0.0212890
107.100408	0.0204258
107.112621	0.0211307
107.124835	0.0217884
107.137049	0.0204315
107.149264	0.0208446
107.161480	0.0199502
107.173697	0.0210444
107.185914	0.0214313
107.198132	0.0209935
107.210351	0.0209261
107.222570	0.0207575
107.234790	0.0198214
107.247011	0.0211164
107.259233	0.0218413
107.271455	0.0206885
107.283678	0.0202628
107.295902	0.0204111
107.308126	0.0214969
107.320351	0.0220727
107.332577	0.0214238
107.344803	0.0205912
107.357030	0.0214630
107.369258	0.0208819
107.381487	0.0197406
107.393716	0.0199089
107.405946	0.0208289
107.418177	0.0201542
107.430408	0.0195883
107.442640	0.0212367
107.454873	0.0210200
107.467106	0.0200716
107.479340	0.0210164
107.491575	0.0198376
107.503811	0.0212719
107.516047	0.0215331
107.528284	0.0216120
107.540522	0.0211182
107.552760	0.0209156
107.564999	0.0216708
107.577239	0.0228339
107.589480	0.0191868
107.601721	0.0214359
107.613963	0.0211491
107.626205	0.0202598
107.638449	0.0199555
107.650693	0.0222376
107.662937	0.0222085
107.675183	0.0208157
107.687429	0.0219873
107.699676	0.0215354
107.711923	0.0210068
107.724172	0.0199260
107.736421	0.0200563
107.748670	0.0214162
107.760920	0.0220360
107.773172	0.0211262
107.785423	0.0217669
107.797676	0.0217207
107.809929	0.0205620
107.822183	0.0206385
107.834437	0.0226661
107.846692	0.0216986
107.858948	0.0214537
107.871205	0.0219341
107.883462	0.0218732
107.895720	0.0212554
107.907979	0.0213360
107.920239	0.0192320
107.932499	0.0200835
107.944760	0.0209611
107.957021	0.0200920
107.969284	0.0218352
107.981547	0.0212953
107.993810	0.0215126
108.006075	0.0221717
108.018340	0.0205111
108.030606	0.0224877
108.042872	0.0215997
108.055139	0.0196829
108.067407	0.0222079
108.079676	0.0201504
108.091945	0.0219552
108.104215	0.0190769
108.116486	0.0224250
108.128757	0.0211958
108.141029	0.0212209
108.153302	0.0201859
108.165576	0.0202166
108.177850	0.0203990
108.190125	0.0209545
108.202400	0.0207554
108.214677	0.0207195
108.226954	0.0203609
108.239231	0.0212952
108.251510	0.0206768
108.263789	0.0211515
108.276069	0.0209801
108.288349	0.0219888
108.300631	0.0209757
108.312912	0.0220870
108.325195	0.0214686
108.337478	0.0205726
108.349763	0.0219149
108.362047	0.0221509
108.374333	0.0200956
108.386619	0.0211214
108.398906	0.0208535
108.411193	0.0222326
108.423482	0.0217438
108.435771	0.0216021
108.448060	0.0209288
108.460351	0.0207195
108.472642	0.0215848
108.484933	0.0208690
108.497226	0.0220213
108.509519	0.0203510
108.521813	0.0207303
108.534108	0.0222363
108.546403	0.0207953
108.558699	0.0213115
108.570995	0.0198403
108.583293	0.0210762
108.595591	0.0216789
108.607890	0.0231599
108.620189	0.0219119
108.632489	0.0212184
108.644790	0.0208327
108.657092	0.0213534
108.669394	0.0203816
108.681697	0.0218319
108.694001	0.0219281
108.706305	0.0205262
108.718611	0.0215164
108.730916	0.0204390
108.743223	0.0220919
108.755530	0.0218914
108.767838	0.0209384
108.780147	0.0212099
108.792456	0.0220806
108.804766	0.0221229
108.817077	0.0216083
108.829388	0.0221569
108.841700	0.0212018
108.854013	0.0217564
108.866327	0.0216560
108.878641	0.0233395
108.890956	0.0208588
108.903272	0.0205272
108.915588	0.0206234
108.927905	0.0210663
108.940223	0.0215383
108.952541	0.0206383
108.964861	0.0209320
108.977180	0.0219817
108.989501	0.0225866
109.001822	0.0212573
109.014144	0.0216055
109.026467	0.0218922
109.038790	0.0220181
109.051114	0.0203653
109.063439	0.0217686
109.075765	0.0219984
109.088091	0.0197134
109.100418	0.0220767
109.112745	0.0204810
109.125074	0.0188001
109.137403	0.0222683
109.149732	0.0220391
109.162063	0.0211849
109.174394	0.0237531
109.186726	0.0274626
109.199058	0.0334394
109.211391	0.0497262
109.223725	0.0777982
109.236060	0.1234455
109.248395	0.1949998
109.260731	0.2871754
109.273068	0.3838240
109.285405	0.4882731
109.297744	0.5596399
109.310082	0.6006732
109.322422	0.5928697
109.334762	0.5507931
109.347103	0.4872024
109.359445	0.4091236
109.371787	0.3309911
109.384130	0.2509508
109.396474	0.1857633
109.408818	0.1327107
109.421164	0.0943177
109.433509	0.0637947
109.445856	0.0454342
109.458203	0.0343301
109.470551	0.0280472
109.482900	0.0245702
109.495249	0.0227346
109.507599	0.0216482
109.519950	0.0210997
109.532302	0.0213908
109.544654	0.0221408
109.557007	0.0214348
109.569360	0.0217159
109.581715	0.0211828
109.594069	0.0205419
109.606425	0.0206427
109.618782	0.0211223
109.631139	0.0209474
109.643496	0.0211028
109.655855	0.0216449
109.668214	0.0209064
109.680574	0.0216858
109.692935	0.0213975
109.705296	0.0213013
109.717658	0.0197658
109.730021	0.0203234
109.742384	0.0224133
109.754748	0.0224170
109.767113	0.0201311
109.779479	0.0217559
109.791845	0.0217770
109.804212	0.0192406
109.816579	0.0203471
109.828948	0.0227074
109.841317	0.0215753
109.853687	0.0222146
109.866057	0.0230636
109.878428	0.0209280
109.890800	0.0219819
109.903173	0.0216431
109.915546	0.0217646
109.927920	0.0199032
109.940294	0.0217423
109.952670	0.0207620
109.965046	0.0224884
109.977423	0.0203772
109.989800	0.0210156
110.002178	0.0211344
110.014557	0.0206208
110.026937	0.0224448
110.039317	0.0202898
110.051698	0.0207559
110.064080	0.0226468
110.076462	0.0227299
110.088845	0.0224706
110.101229	0.0215822
110.113613	0.0218243
110.125999	0.0202135
110.138384	0.0216883
110.150771	0.0229912
110.163158	0.0221123
110.175546	0.0217069
110.187935	0.0209883
110.200325	0.0213830
110.212715	0.0223082
110.225105	0.0205593
110.237497	0.0216173
110.249889	0.0223832
110.262282	0.0231815
110.274676	0.0232702
110.287070	0.0233670
110.299465	0.0242483
110.311861	0.0231287
110.324257	0.0225754
110.336654	0.0231925
110.349052	0.0226983
110.361451	0.0212120
110.373850	0.0227371
110.386250	0.0224076
110.398651	0.0215577
110.411052	0.0213209
110.423454	0.0204205
110.435857	0.0216686
110.448260	0.0228173
110.460664	0.0226391
110.473069	0.0225317
110.485475	0.0211374
110.497881	0.0207824
110.510288	0.0220497
110.522696	0.0206927
110.535104	0.0204392
110.547513	0.0222703
110.559923	0.0221770
110.572333	0.0217850
110.584745	0.0234283
110.597156	0.0217017
110.609569	0.0213058
110.621982	0.0218962
110.634396	0.0223126
110.646811	0.0223942
110.659226	0.0225313
110.671643	0.0213196
110.684059	0.0217895
110.696477	0.0226288
110.708895	0.0203573
110.721314	0.0205305
110.733734	0.0204302
110.746154	0.0213181
110.758575	0.0211572
110.770997	0.0216178
110.783419	0.0224974
110.795842	0.0202125
110.808266	0.0212946
110.820691	0.0214838
110.833116	0.0208333
110.845542	0.0210363
110.857968	0.0225126
110.870396	0.0219690
110.882824	0.0200131
110.895252	0.0212972
110.907682	0.0221211
110.920112	0.0215325
110.932543	0.0210526
110.944974	0.0220846
110.957407	0.0211212
110.969840	0.0223498
110.982273	0.0224780
110.994708	0.0217549
111.007143	0.0212576
111.019578	0.0226788
111.032015	0.0208503
111.044452	0.0220884
111.056890	0.0211333
111.069329	0.0230233
111.081768	0.0210814
111.094208	0.0211373
111.106649	0.0228850
111.119090	0.0220499
111.131532	0.0229460
111.143975	0.0214637
111.156418	0.0220544
111.168862	0.0203651
111.181307	0.0226366
111.193753	0.0225350
111.206199	0.0210364
111.218646	0.0214260
111.231094	0.0237314
111.243542	0.0226232
111.255992	0.0221800
111.268441	0.0248570
111.280892	0.0262504
111.293343	0.0280631
111.305795	0.0272977
111.318248	0.0296781
111.330701	0.0281426
111.343155	0.0275333
111.355610	0.0264760
111.368065	0.0250581
111.380521	0.0242128
111.392978	0.0240821
111.405436	0.0231977
111.417894	0.0239789
111.430353	0.0222989
111.442813	0.0215685
111.455273	0.0215753
111.467734	0.0226461
111.480196	0.0221244
111.492658	0.0206337
111.505121	0.0203771
111.517585	0.0223709
111.530050	0.0223769
111.542515	0.0216535
111.554981	0.0218931
111.567448	0.0213537
111.579915	0.0226585
111.592383	0.0216328
111.604852	0.0227278
111.617321	0.0210442
111.629792	0.0214192
111.642262	0.0213335
111.654734	0.0229583
111.667206	0.0207291
111.679679	0.0213499
111.692153	0.0230186
111.704627	0.0208166
111.717102	0.0237184
111.729578	0.0213296
111.742055	0.0208703
111.754532	0.0217258
111.767010	0.0224728
111.779489	0.0206911
111.791968	0.0212986
111.804448	0.0227529
111.816929	0.0224281
111.829410	0.0224477
111.841892	0.0221454
111.854375	0.0207250
111.866858	0.0221657
111.879343	0.0219473
111.891828	0.0224897
111.904313	0.0204957
111.916800	0.0219900
111.929287	0.0200826
111.941774	0.0228160
111.954263	0.0219128
111.966752	0.0207295
111.979242	0.0219389
111.991732	0.0228048
112.004224	0.0216476
112.016716	0.0230719
112.029208	0.0207577
112.041702	0.0196833
112.054196	0.0209211
112.066691	0.0208599
112.079186	0.0207428
112.091682	0.0227005
112.104179	0.0206298
112.116677	0.0222252
112.129175	0.0227852
112.141674	0.0219792
112.154174	0.0224642
112.166674	0.0227882
112.179175	0.0211907
112.191677	0.0225637
112.204179	0.0201846
112.216683	0.0217756
112.229186	0.0228565
112.241691	0.0212126
112.254196	0.0221861
112.266702	0.0199367
112.279209	0.0216962
112.291716	0.0232184
112.304225	0.0221691
112.316733	0.0207472
112.329243	0.0223433
112.341753	0.0207459
112.354264	0.0203189
112.366776	0.0219021
112.379288	0.0209641
112.391801	0.0228305
112.404315	0.0215263
112.416829	0.0217687
112.429344	0.0202305
112.441860	0.0221870
112.454377	0.0233826
112.466894	0.0225356
112.479412	0.0232740
112.491931	0.0215712
112.504450	0.0220764
112.516970	0.0213640
112.529491	0.0218145
112.542012	0.0214341
112.554534	0.0210149
112.567057	0.0217848
112.579581	0.0210237
112.592105	0.0224369
112.604630	0.0210042
112.617156	0.0210171
112.629682	0.0216054
112.642209	0.0207853
112.654737	0.0218613
112.667265	0.0224891
112.679795	0.0213378
112.692325	0.0212858
112.704855	0.0218951
112.717386	0.0220584
112.729918	0.0238580
112.742451	0.0220399
112.754984	0.0215653
112.767519	0.0216041
112.780053	0.0230588
112.792589	0.0226977
112.805125	0.0220982
112.817662	0.0217689
112.830200	0.0216997
112.842738	0.0221126
112.855277	0.0219340
112.867817	0.0204808
112.880357	0.0202018
112.892898	0.0209638
112.905440	0.0209027
112.917983	0.0204029
112.930526	0.0221032
112.943070	0.0222468
112.955614	0.0228401
112.968160	0.0218381
112.980706	0.0221272
112.993253	0.0231854
113.005800	0.0219904
113.018348	0.0209630
113.030897	0.0213221
113.043447	0.0209327
113.055997	0.0223754
113.068548	0.0209629
113.081099	0.0219170
113.093652	0.0215949
113.106205	0.0216352
113.118759	0.0224477
113.131313	0.0217713
113.143868	0.0216742
113.156424	0.0238551
113.168981	0.0269956
113.181538	0.0334863
113.194096	0.0455455
113.206655	0.0687773
113.219214	0.1000970
113.231774	0.1426374
113.244335	0.1915450
113.256896	0.2438848
113.269459	0.2825342
113.282022	0.3086641
113.294585	0.3040015
113.307149	0.2889786
113.319715	0.2609171
113.332280	0.2230579
113.344847	0.1841533
113.357414	0.1448390
113.369982	0.1115858
113.382550	0.0836210
113.395119	0.0601403
113.407689	0.0476232
113.420260	0.0366595
113.432831	0.0276595
113.445403	0.0246507
113.457976	0.0244503
113.470549	0.0218615
113.483124	0.0224990
113.495698	0.0216582
113.508274	0.0222787
113.520850	0.0226083
113.533427	0.0223626
113.546005	0.0217632
113.558583	0.0204672
113.571162	0.0214027
113.583742	0.0217486
113.596322	0.0219435
113.608904	0.0216020
113.621485	0.0225281
113.634068	0.0217408
113.646651	0.0207955
113.659235	0.0219494
113.671820	0.0211756
113.684405	0.0203782
113.696991	0.0222926
113.709578	0.0226636
113.722166	0.0214559
113.734754	0.0226697
113.747343	0.0226218
113.759932	0.0208633
113.772523	0.0212183
113.785114	0.0217725
113.797705	0.0218647
113.810298	0.0216750
113.822891	0.0219688
113.835485	0.0222125
113.848079	0.0213523
113.860674	0.0238094
113.873270	0.0204831
113.885867	0.0220894
113.898464	0.0241537
113.911062	0.0220544
113.923661	0.0219063
113.936260	0.0207252
113.948860	0.0222064
113.961461	0.0207947
113.974063	0.0205440
113.986665	0.0215679
113.999268	0.0209582
114.011872	0.0214949
114.024476	0.0221202
114.037081	0.0224845
114.049687	0.0213887
114.062293	0.0220307
114.074900	0.0204053
114.087508	0.0223791
114.100117	0.0210035
114.112726	0.0211817
114.125336	0.0220999
114.137947	0.0222755
114.150558	0.0226443
114.163170	0.0214748
114.175783	0.0204992
114.188396	0.0224682
114.201011	0.0203360
114.213625	0.0214013
114.226241	0.0220867
114.238857	0.0210666
114.251474	0.0218635
114.264092	0.0216237
114.276710	0.0223894
114.289329	0.0233732
114.301949	0.0233121
114.314570	0.0225826
114.327191	0.0229120
114.339813	0.0217741
114.352435	0.0217719
114.365059	0.0218335
114.377683	0.0215834
114.390308	0.0227914
114.402933	0.0235385
114.415559	0.0232074
114.428186	0.0220880
114.440813	0.0226255
114.453442	0.0226240
114.466071	0.0215884
114.478700	0.0218560
114.491331	0.0226678
114.503962	0.0220257
114.516593	0.0221035
114.529226	0.0218875
114.541859	0.0214200
114.554493	0.0216925
114.567127	0.0219504
114.579763	0.0210375
114.592398	0.0222738
114.605035	0.0221251
114.617672	0.0226145
114.630311	0.0223527
114.642949	0.0210535
114.655589	0.0209735
114.668229	0.0219173
114.680870	0.0230489
114.693511	0.0225619
114.706154	0.0215120
114.718797	0.0218087
114.731440	0.0219324
114.744085	0.0218466
114.756730	0.0218708
114.769376	0.0233016
114.782022	0.0213604
114.794669	0.0215516
114.807317	0.0227250
114.819966	0.0224089
114.832615	0.0234774
114.845265	0.0217369
114.857916	0.0223385
114.870567	0.0210593
114.883219	0.0224165
114.895872	0.0221280
114.908526	0.0226517
114.921180	0.0223169
114.933835	0.0217849
114.946490	0.0220348
114.959147	0.0209384
114.971804	0.0231711
114.984461	0.0211622
114.997120	0.0217939
115.009779	0.0226765
115.022439	0.0224573
115.035099	0.0218421
115.047760	0.0217208
115.060422	0.0212612
115.073085	0.0225067
115.085748	0.0220391
115.098412	0.0209840
115.111077	0.0228945
115.123743	0.0223863
115.136409	0.0223140
115.149076	0.0212406
115.161743	0.0230809
115.174412	0.0216959
115.187080	0.0230756
115.199750	0.0214505
115.212421	0.0225053
115.225092	0.0224999
115.237763	0.0237081
115.250436	0.0243756
115.263109	0.0248203
115.275783	0.0255807
115.288457	0.0290212
115.301133	0.0295058
115.313809	0.0320927
115.326485	0.0385181
115.339163	0.0381641
115.351841	0.0403836
115.364520	0.0409151
115.377199	0.0420287
115.389879	0.0397859
115.402560	0.0377301
115.415242	0.0355301
115.427924	0.0311419
115.440607	0.0301787
115.453291	0.0285269
115.465975	0.0260691
115.478660	0.0247246
115.491346	0.0225923
115.504033	0.0231058
115.516720	0.0229154
115.529408	0.0211803
115.542097	0.0235497
115.554786	0.0222331
115.567476	0.0218257
115.580167	0.0215803
115.592858	0.0220401
115.605550	0.0215648
115.618243	0.0217163
115.630937	0.0225432
115.643631	0.0221262
115.656326	0.0215732
115.669022	0.0221730
115.681718	0.0224622
115.694415	0.0221396
115.707113	0.0229555
115.719811	0.0230132
115.732510	0.0229789
115.745210	0.0221679
115.757911	0.0217842
115.770612	0.0222103
115.783314	0.0221275
115.796017	0.0216239
115.808720	0.0248548
115.821424	0.0244642
115.834129	0.0272821
115.846835	0.0285510
115.859541	0.0327998
115.872248	0.0359245
115.884955	0.0382043
115.897663	0.0413910
115.910372	0.0410617
115.923082	0.0414113
115.935793	0.0407661
115.948504	0.0397868
115.961216	0.0337445
115.973928	0.0307987
115.986641	0.0289682
115.999355	0.0269162
116.012070	0.0268023
116.024785	0.0236704
116.037501	0.0234885
116.050218	0.0234370
116.062935	0.0227486
116.075653	0.0214115
116.088372	0.0207709
116.101092	0.0217513
116.113812	0.0229752
116.126533	0.0230903
116.139255	0.0224740
116.151977	0.0222627
116.164700	0.0229143
116.177424	0.0222104
116.190148	0.0231289
116.202873	0.0228957
116.215599	0.0198815
116.228326	0.0224902
116.241053	0.0225438
116.253781	0.0221959
116.266510	0.0229290
116.279239	0.0219222
116.291969	0.0218355
116.304700	0.0220824
116.317431	0.0223795
116.330164	0.0214512
116.342896	0.0227965
116.355630	0.0219965
116.368364	0.0225532
116.381099	0.0222305
116.393835	0.0212955
116.406571	0.0240467
116.419308	0.0229148
116.432046	0.0218472
116.444785	0.0224570
116.457524	0.0221099
116.470264	0.0226794
116.483005	0.0232193
116.495746	0.0217260
116.508488	0.0222370
116.521231	0.0228297
116.533974	0.0211536
116.546718	0.0215330
116.559463	0.0228617
116.572208	0.0216051
116.584955	0.0217857
116.597702	0.0226128
116.610449	0.0228535
116.623198	0.0217437
116.635947	0.0220863
116.648696	0.0225499
116.661447	0.0223430
116.674198	0.0218530
116.686950	0.0219522
116.699702	0.0211734
116.712456	0.0207113
116.725210	0.0218465
116.737964	0.0218591
116.750720	0.0218781
116.763476	0.0235665
116.776232	0.0209040
116.788990	0.0226868
116.801748	0.0218316
116.814507	0.0223441
116.827266	0.0218551
116.840027	0.0227202
116.852788	0.0238569
116.865549	0.0237995
116.878312	0.0247503
116.891075	0.0263315
116.903839	0.0272000
116.916603	0.0278142
116.929368	0.0299188
116.942134	0.0286916
116.954901	0.0296293
116.967668	0.0277752
116.980436	0.0283345
116.993205	0.0268499
117.005974	0.0247357
117.018744	0.0249961
117.031515	0.0243148
117.044287	0.0250220
117.057059	0.0231693
117.069832	0.0239273
117.082605	0.0215329
117.095380	0.0221575
117.108155	0.0218242
117.120931	0.0237587
117.133707	0.0221197
117.146484	0.0219023
117.159262	0.0241550
117.172040	0.0218090
117.184820	0.0217011
117.197600	0.0218915
117.210380	0.0228417
117.223162	0.0221788
117.235944	0.0247837
117.248726	0.0222045
117.261510	0.0215322
117.274294	0.0228353
117.287079	0.0216598
117.299864	0.0218488
117.312651	0.0224419
117.325438	0.0232591
117.338225	0.0216144
117.351014	0.0219002
117.363803	0.0227587
117.376593	0.0209760
117.389383	0.0227235
117.402174	0.0233586
117.414966	0.0225763
117.427759	0.0211567
117.440552	0.0223277
117.453346	0.0214560
117.466141	0.0230484
117.478936	0.0230136
117.491732	0.0207284
117.504529	0.0219932
117.517326	0.0231089
117.530125	0.0211304
117.542924	0.0237088
117.555723	0.0231557
117.568524	0.0227608
117.581325	0.0225757
117.594126	0.0218394
117.606929	0.0230713
117.619732	0.0234579
117.632536	0.0219519
117.645340	0.0222396
117.658145	0.0237390
117.670951	0.0224686
117.683758	0.0215189
117.696565	0.0220676
117.709373	0.0222075
117.722182	0.0225877
117.734992	0.0221283
117.747802	0.0233015
117.760613	0.0237867
117.773424	0.0222530
117.786236	0.0221475
117.799049	0.0248540
117.811863	0.0244353
117.824677	0.0267024
117.837492	0.0278623
117.850308	0.0342894
117.863125	0.0364771
117.875942	0.0399805
117.888760	0.0452702
117.901578	0.0454916
117.914397	0.0465357
117.927217	0.0465164
117.940038	0.0420565
117.952860	0.0412246
117.965682	0.0367118
117.978504	0.0350841
117.991328	0.0301998
118.004152	0.0280224
118.016977	0.0248866
118.029803	0.0263237
118.042629	0.0226448
118.055456	0.0236825
118.068284	0.0220562
118.081112	0.0222273
118.093941	0.0217752
118.106771	0.0214625
118.119601	0.0211766
118.132433	0.0211390
118.145265	0.0227138
118.158097	0.0208979
118.170931	0.0224639
118.183765	0.0220228
118.196599	0.0233329
118.209435	0.0220463
118.222271	0.0226582
118.235108	0.0219456
118.247945	0.0225799
118.260783	0.0215107
118.273622	0.0224702
118.286462	0.0227695
118.299302	0.0228371
118.312143	0.0218752
118.324985	0.0237033
118.337828	0.0219878
118.350671	0.0216791
118.363515	0.0217546
118.376359	0.0228529
118.389205	0.0225108
118.402051	0.0225913
118.414897	0.0218478
118.427745	0.0224259
118.440593	0.0232754
118.453441	0.0219388
118.466291	0.0229690
118.479141	0.0224784
118.491992	0.0218665
118.504844	0.0232549
118.517696	0.0236064
118.530549	0.0238962
118.543403	0.0210658
118.556257	0.0230193
118.569112	0.0232702
118.581968	0.0234958
118.594824	0.0230440
118.607682	0.0227295
118.620539	0.0216109
118.633398	0.0235432
118.646257	0.0218433
118.659117	0.0221536
118.671978	0.0220244
118.684840	0.0231966
118.697702	0.0226979
118.710564	0.0228123
118.723428	0.0243228
118.736292	0.0232079
118.749157	0.0223820
118.762023	0.0223803
118.774889	0.0232505
118.787756	0.0218163
118.800624	0.0226944
118.813492	0.0219322
118.826362	0.0227068
118.839231	0.0223391
118.852102	0.0222816
118.864973	0.0227266
118.877845	0.0237967
118.890718	0.0227763
118.903591	0.0219453
118.916465	0.0225084
118.929340	0.0225492
118.942215	0.0228692
118.955092	0.0244619
118.967969	0.0228632
118.980846	0.0226524
118.993724	0.0224975
119.006603	0.0221306
119.019483	0.0225677
119.032363	0.0226153
119.045245	0.0233160
119.058126	0.0229140
119.071009	0.0226795
119.083892	0.0223250
119.096776	0.0224201
119.109660	0.0225561
119.122546	0.0221085
119.135432	0.0226639
119.148318	0.0218725
119.161206	0.0232255
119.174094	0.0232149
119.186983	0.0218397
119.199872	0.0223328
119.212763	0.0213925
119.225653	0.0235742
119.238545	0.0214158
119.251437	0.0234836
119.264330	0.0228225
119.277224	0.0206807
119.290119	0.0226582
119.303014	0.0231295
119.315910	0.0232865
119.328806	0.0218241
119.341703	0.0222594
119.354601	0.0211663
119.367500	0.0232425
119.380399	0.0239448
119.393299	0.0231977
119.406200	0.0230100
119.419102	0.0234860
119.432004	0.0230254
119.444907	0.0213848
119.457810	0.0211715
119.470714	0.0217331
119.483619	0.0232273
119.496525	0.0234575
119.509431	0.0228197
119.522339	0.0226066
119.535246	0.0220334
119.548155	0.0231861
119.561064	0.0241920
119.573974	0.0218718
119.586884	0.0225230
119.599796	0.0215360
119.612708	0.0224276
119.625620	0.0221083
119.638534	0.0240179
119.651448	0.0224929
119.664363	0.0227520
119.677278	0.0216179
119.690195	0.0220847
119.703111	0.0224087
119.716029	0.0229871
119.728947	0.0224331
119.741866	0.0231009
119.754786	0.0217009
119.767707	0.0219571
119.780628	0.0210294
119.793549	0.0227738
119.806472	0.0235178
119.819395	0.0232576
119.832319	0.0218528
119.845244	0.0217758
119.858169	0.0235252
119.871095	0.0212962
119.884022	0.0221065
119.896949	0.0223693
119.909878	0.0224972
119.922806	0.0205059
119.935736	0.0221598
119.948666	0.0224078
119.961597	0.0213316
119.974529	0.0231506
119.987461	0.0231490
120.000394	0.0233880
120.013328	0.0216079
120.026262	0.0213311
120.039198	0.0213903
120.052134	0.0236986
120.065070	0.0209088
120.078007	0.0230077
120.090945	0.0228882
120.103884	0.0230787
120.116823	0.0221241
120.129764	0.0238435
120.142704	0.0218721
120.155646	0.0232266
120.168588	0.0229370
120.181531	0.0239952
120.194475	0.0228315
120.207419	0.0216345
120.220364	0.0218408
120.233310	0.0233229
120.246256	0.0228620
120.259203	0.0224736
120.272151	0.0226852
120.285099	0.0215680
120.298049	0.0225881
120.310999	0.0219468
120.323949	0.0231957
120.336900	0.0209868
120.349853	0.0226858
120.362805	0.0219958
120.375759	0.0239005
120.388713	0.0230377
120.401668	0.0216697
120.414623	0.0226485
120.427579	0.0226616
120.440536	0.0234630
120.453494	0.0219697
120.466452	0.0241340
120.479411	0.0231004
120.492371	0.0231170
120.505332	0.0241329
120.518293	0.0224086
120.531255	0.0232423
120.544217	0.0214184
120.557181	0.0236418
120.570145	0.0210743
120.583109	0.0221568
120.596075	0.0238475
120.609041	0.0251604
120.622007	0.0272976
120.634975	0.0301316
120.647943	0.0325545
120.660912	0.0342037
120.673882	0.0364281
120.686852	0.0373385
120.699823	0.0390257
120.712795	0.0395468
120.725767	0.0376942
120.738740	0.0318701
120.751714	0.0313204
120.764688	0.0280572
120.777664	0.0285365
120.790640	0.0267721
120.803616	0.0251643
120.816593	0.0248285
120.829571	0.0224251
120.842550	0.0252837
120.855530	0.0229441
120.868510	0.0222774
120.881491	0.0224039
120.894472	0.0231022
120.907454	0.0211335
120.920437	0.0223349
120.933421	0.0235953
120.946405	0.0250284
120.959390	0.0235487
120.972376	0.0235869
120.985363	0.0254040
120.998350	0.0242233
121.011338	0.0231344
121.024326	0.0235674
121.037315	0.0252196
121.050305	0.0249298
121.063296	0.0247811
121.076287	0.0242800
121.089279	0.0247423
121.102272	0.0242439
121.115266	0.0233581
121.128260	0.0244929
121.141255	0.0235145
121.154250	0.0237688
121.167247	0.0241033
121.180244	0.0225270
121.193241	0.0224477
121.206240	0.0218486
121.219239	0.0231375
121.232238	0.0232533
121.245239	0.0227775
121.258240	0.0226357
121.271242	0.0234021
121.284245	0.0230288
121.297248	0.0233179
121.310252	0.0230734
121.323257	0.0224094
121.336262	0.0233394
121.349268	0.0240657
121.362275	0.0241945
121.375283	0.0219534
121.388291	0.0233798
121.401300	0.0221788
121.414309	0.0221765
121.427320	0.0234032
121.440331	0.0234462
121.453342	0.0226004
121.466355	0.0229007
121.479368	0.0218437
121.492382	0.0224022
121.505396	0.0234715
121.518412	0.0227922
121.531428	0.0238606
121.544444	0.0224336
121.557462	0.0229992
121.570480	0.0232478
121.583498	0.0233377
121.596518	0.0219467
121.609538	0.0228081
121.622559	0.0222930
121.635581	0.0220056
121.648603	0.0222930
121.661626	0.0223619
121.674649	0.0235780
121.687674	0.0229539
121.700699	0.0227829
121.713725	0.0233009
121.726751	0.0233980
121.739778	0.0221119
121.752806	0.0232834
121.765835	0.0234085
121.778864	0.0221945
121.791894	0.0240234
121.804925	0.0224566
121.817956	0.0222613
121.830988	0.0229702
121.844021	0.0228785
121.857055	0.0233127
121.870089	0.0229247
121.883124	0.0227765
121.896159	0.0229168
121.909196	0.0223763
121.922233	0.0223286
121.935270	0.0228833
121.948309	0.0241840
121.961348	0.0238615
121.974388	0.0232503
121.987428	0.0232633
122.000470	0.0234574
122.013512	0.0226194
122.026554	0.0216324
122.039598	0.0218812
122.052642	0.0224185
122.065686	0.0229937
122.078732	0.0228066
122.091778	0.0231420
122.104825	0.0224688
122.117872	0.0222383
122.130921	0.0222864
122.143970	0.0237087
122.157019	0.0227465
122.170070	0.0227705
122.183121	0.0236502
122.196172	0.0215710
122.209225	0.0237407
122.222278	0.0217128
122.235332	0.0231682
122.248387	0.0240114
122.261442	0.0233437
122.274498	0.0237830
122.287555	0.0229711
122.300612	0.0234600
122.313670	0.0217379
122.326729	0.0231958
122.339788	0.0236325
122.352848	0.0228653
122.365909	0.0230128
122.378971	0.0215713
122.392033	0.0213645
122.405096	0.0235619
122.418160	0.0232875
122.431224	0.0237113
122.444290	0.0234313
122.457355	0.0227912
122.470422	0.0236542
122.483489	0.0226690
122.496557	0.0234548
122.509626	0.0221311
122.522695	0.0228320
122.535765	0.0233554
122.548836	0.0230559
122.561907	0.0229813
122.574979	0.0224020
122.588052	0.0234050
122.601126	0.0235418
122.614200	0.0240054
122.627275	0.0245543
122.640351	0.0224883
122.653427	0.0227284
122.666504	0.0238467
122.679582	0.0230946
122.692660	0.0214851
122.705739	0.0237924
122.718819	0.0224184
122.731900	0.0238393
122.744981	0.0222603
122.758063	0.0233914
122.771146	0.0232136
122.784229	0.0239011
122.797313	0.0227514
122.810398	0.0229757
122.823484	0.0215357
122.836570	0.0234538
122.849657	0.0232219
122.862744	0.0217449
122.875832	0.0237535
122.888921	0.0232037
122.902011	0.0232160
122.915102	0.0230882
122.928193	0.0229326
122.941285	0.0229832
122.954377	0.0239767
122.967470	0.0236411
122.980564	0.0234266
122.993659	0.0231610
123.006754	0.0226659
123.019850	0.0239473
123.032947	0.0232993
123.046044	0.0233939
123.059142	0.0252947
123.072241	0.0239775
123.085341	0.0227946
123.098441	0.0239363
123.111542	0.0229453
123.124644	0.0221485
123.137746	0.0224302
123.150849	0.0230421
123.163953	0.0237785
123.177057	0.0234774
123.190162	0.0231108
123.203268	0.0218654
123.216375	0.0229144
123.229482	0.0215688
123.242590	0.0230805
123.255699	0.0230695
123.268808	0.0234812
123.281918	0.0224917
123.295029	0.0249960
123.308140	0.0228009
123.321252	0.0232819
123.334365	0.0240648
123.347479	0.0221949
123.360593	0.0227365
123.373708	0.0225277
123.386824	0.0227223
123.399940	0.0220721
123.413057	0.0229322
123.426175	0.0236922
123.439294	0.0232252
123.452413	0.0223630
123.465533	0.0246926
123.478653	0.0227592
123.491775	0.0218180
123.504897	0.0232175
123.518019	0.0232321
123.531143	0.0222725
123.544267	0.0235661
123.557392	0.0220189
123.570517	0.0231648
123.583644	0.0223545
123.596771	0.0233616
123.609898	0.0236779
123.623026	0.0217151
123.636156	0.0229749
123.649285	0.0226507
123.662416	0.0224822
123.675547	0.0226162
123.688679	0.0238686
123.701811	0.0234313
123.714944	0.0217710
123.728078	0.0234688
123.741213	0.0227693
123.754348	0.0226049
123.767484	0.0240836
123.780621	0.0225064
123.793759	0.0221719
123.806897	0.0219945
123.820036	0.0229930
123.833175	0.0234963
123.846316	0.0229147
123.859457	0.0215995
123.872598	0.0236326
123.885741	0.0231183
123.898884	0.0233895
123.912028	0.0227139
123.925172	0.0227339
123.938317	0.0221819
123.951463	0.0224921
123.964610	0.0237196
123.977757	0.0220388
123.990905	0.0226321
124.004054	0.0237351
124.017203	0.0215984
124.030353	0.0234420
124.043504	0.0238984
124.056656	0.0231015
124.069808	0.0223943
124.082961	0.0231908
124.096114	0.0230364
124.109269	0.0218212
124.122424	0.0236180
124.135579	0.0227057
124.148736	0.0233099
124.161893	0.0207956
124.175051	0.0213995
124.188209	0.0239186
124.201369	0.0233174
124.214528	0.0229534
124.227689	0.0226740
124.240850	0.0237807
124.254013	0.0234111
124.267175	0.0235832
124.280339	0.0241857
124.293503	0.0234708
124.306668	0.0239304
124.319833	0.0241991
124.333000	0.0223641
124.346167	0.0240818
124.359334	0.0244156
124.372503	0.0225917
124.385672	0.0232456
124.398841	0.0238354
124.412012	0.0226567
124.425183	0.0220990
124.438355	0.0229718
124.451528	0.0215297
124.464701	0.0226108
124.477875	0.0229357
124.491049	0.0248242
124.504225	0.0232345
124.517401	0.0233662
124.530578	0.0226788
124.543755	0.0232146
124.556933	0.0238060
124.570112	0.0228542
124.583292	0.0221771
124.596472	0.0234822
124.609653	0.0217547
124.622835	0.0231300
124.636017	0.0236080
124.649201	0.0234064
124.662384	0.0238492
124.675569	0.0226964
124.688754	0.0236910
124.701940	0.0231809
124.715127	0.0224629
124.728314	0.0228797
124.741502	0.0218099
124.754691	0.0231748
124.767880	0.0229399
124.781070	0.0246828
124.794261	0.0228528
124.807453	0.0245835
124.820645	0.0226320
124.833838	0.0227265
124.847032	0.0234664
124.860226	0.0235357
124.873421	0.0234170
124.886617	0.0239099
124.899813	0.0222446
124.913010	0.0246076
124.926208	0.0234441
124.939407	0.0225147
124.952606	0.0232744
124.965806	0.0239534
124.979007	0.0244023
124.992208	0.0231803
125.005410	0.0246016
125.018613	0.0236017
125.031817	0.0230468
125.045021	0.0222515
125.058226	0.0233490
125.071431	0.0224896
125.084638	0.0244134
125.097845	0.0223576
125.111052	0.0231839
125.124261	0.0236617
125.137470	0.0232317
125.150680	0.0230514
125.163890	0.0230551
125.177101	0.0229415
125.190313	0.0235002
125.203526	0.0248797
125.216739	0.0219278
125.229953	0.0227531
125.243168	0.0250150
125.256383	0.0229184
125.269600	0.0230475
125.282816	0.0243312
125.296034	0.0238458
125.309252	0.0218187
125.322471	0.0239123
125.335691	0.0227328
125.348911	0.0232430
125.362132	0.0236840
125.375354	0.0230885
125.388576	0.0229568
125.401800	0.0239088
125.415023	0.0225932
125.428248	0.0245248
125.441473	0.0233168
125.454699	0.0250151
125.467926	0.0234743
125.481153	0.0234936
125.494381	0.0224862
125.507610	0.0220328
125.520840	0.0213913
125.534070	0.0225086
125.547301	0.0236087
125.560532	0.0234622
125.573765	0.0221061
125.586997	0.0230036
125.600231	0.0240435
125.613466	0.0218821
125.626701	0.0208708
125.639936	0.0245253
125.653173	0.0242798
125.666410	0.0234474
125.679648	0.0243256
125.692887	0.0242987
125.706126	0.0232501
125.719366	0.0234091
125.732607	0.0230358
125.745848	0.0241125
125.759090	0.0249580
125.772333	0.0232770
125.785577	0.0228887
125.798821	0.0234832
125.812066	0.0240057
125.825311	0.0232885
125.838558	0.0228851
125.851805	0.0226752
125.865053	0.0235104
125.878301	0.0241309
125.891550	0.0243398
125.904800	0.0238106
125.918051	0.0238282
125.931302	0.0226485
125.944554	0.0240576
125.957806	0.0229792
125.971060	0.0254802
125.984314	0.0226972
125.997569	0.0234478
126.010824	0.0230036
126.024080	0.0227238
126.037337	0.0229748
126.050595	0.0242486
126.063853	0.0231244
126.077112	0.0233189
126.090372	0.0229055
126.103632	0.0227684
126.116893	0.0225925
126.130155	0.0228224
126.143417	0.0235030
126.156681	0.0232049
126.169944	0.0247860
126.183209	0.0228098
126.196474	0.0233694
126.209740	0.0248392
126.223007	0.0238203
126.236275	0.0239140
126.249543	0.0240299
126.262811	0.0233369
126.276081	0.0233796
126.289351	0.0241382
126.302622	0.0224431
126.315894	0.0233304
126.329166	0.0240520
126.342439	0.0231558
126.355713	0.0224811
126.368987	0.0230294
126.382262	0.0236033
126.395538	0.0226976
126.408815	0.0229943
126.422092	0.0239186
126.435370	0.0233762
126.448649	0.0228475
126.461928	0.0220901
126.475208	0.0239229
126.488489	0.0241214
126.501770	0.0225151
126.515052	0.0228637
126.528335	0.0233163
126.541619	0.0235276
126.554903	0.0250190
126.568188	0.0234837
126.581474	0.0240116
126.594760	0.0233019
126.608047	0.0227925
126.621335	0.0238915
126.634623	0.0237274
126.647913	0.0250227
126.661202	0.0224299
126.674493	0.0234580
126.687784	0.0234544
126.701076	0.0234763
126.714369	0.0220360
126.727662	0.0240878
126.740957	0.0230083
126.754251	0.0228050
126.767547	0.0233249
126.780843	0.0236801
126.794140	0.0222336
126.807438	0.0229919
126.820736	0.0234734
126.834035	0.0246080
126.847335	0.0242524
126.860635	0.0234370
126.873936	0.0223486
126.887238	0.0223122
126.900540	0.0231508
126.913844	0.0232138
126.927148	0.0233268
126.940452	0.0218878
126.953758	0.0224662
126.967064	0.0234494
126.980370	0.0235243
126.993678	0.0238603
127.006986	0.0233113
127.020295	0.0254521
127.033604	0.0235276
127.046915	0.0226662
127.060226	0.0225444
127.073537	0.0234940
127.086850	0.0245045
127.100163	0.0230027
127.113476	0.0228829
127.126791	0.0224297
127.140106	0.0236819
127.153422	0.0233153
127.166739	0.0245563
127.180056	0.0251087
127.193374	0.0275641
127.206693	0.0344378
127.220012	0.0469696
127.233332	0.0667823
127.246653	0.1072973
127.259974	0.1657394
127.273296	0.2403293
127.286619	0.3376540
127.299943	0.4402892
127.313267	0.5206904
127.326592	0.5698597
127.339918	0.5817012
127.353244	0.5609622
127.366572	0.5164875
127.379899	0.4451294
127.393228	0.3725718
127.406557	0.2983505
127.419887	0.2259139
127.433218	0.1646709
127.446549	0.1179223
127.459881	0.0828500
127.473214	0.0604730
127.486547	0.0458657
127.499881	0.0344327
127.513216	0.0303814
127.526552	0.0273620
127.539888	0.0250302
127.553225	0.0239554
127.566563	0.0241624
127.579901	0.0238990
127.593240	0.0225426
127.606580	0.0251482
127.619920	0.0238581
127.633261	0.0240214
127.646603	0.0242843
127.659946	0.0239013
127.673289	0.0240098
127.686633	0.0228684
127.699978	0.0237621
127.713323	0.0239024
127.726669	0.0242808
127.740016	0.0227067
127.753363	0.0238362
127.766712	0.0231409
127.780060	0.0225113
127.793410	0.0237719
127.806760	0.0231445
127.820111	0.0235651
127.833463	0.0238023
127.846815	0.0246393
127.860168	0.0238429
127.873522	0.0235963
127.886877	0.0243354
127.900232	0.0230586
127.913588	0.0242711
127.926945	0.0228779
127.940302	0.0239068
127.953660	0.0243827
127.967019	0.0251513
127.980378	0.0245676
127.993738	0.0247356
128.007099	0.0240835
128.020460	0.0240135
128.033823	0.0229752
128.047186	0.0231425
128.060549	0.0232740
128.073914	0.0239284
128.087279	0.0248707
128.100644	0.0226727
128.114011	0.0236132
128.127378	0.0227872
128.140746	0.0232066
128.154114	0.0239457
128.167484	0.0232089
128.180854	0.0229956
128.194224	0.0231514
128.207596	0.0246779
128.220968	0.0237744
128.234341	0.0232207
128.247714	0.0244575
128.261088	0.0236333
128.274463	0.0249601
128.287839	0.0246345
128.301215	0.0247417
128.314592	0.0260564
128.327970	0.0267413
128.341348	0.0250964
128.354727	0.0255922
128.368107	0.0253454
128.381487	0.0254058
128.394869	0.0250349
128.408250	0.0245130
128.421633	0.0241516
128.435016	0.0241950
128.448400	0.0240647
128.461785	0.0245968
128.475170	0.0236387
128.488557	0.0248318
128.501943	0.0229223
128.515331	0.0233174
128.528719	0.0216758
128.542108	0.0252556
128.555498	0.0243954
128.568888	0.0232269
128.582279	0.0249271
128.595671	0.0225994
128.609063	0.0225511
128.622456	0.0233492
128.635850	0.0255588
128.649245	0.0220054
128.662640	0.0232623
128.676036	0.0229302
128.689433	0.0235157
128.702830	0.0234908
128.716228	0.0221959
128.729627	0.0223330
128.743026	0.0241343
128.756426	0.0240606
128.769827	0.0228260
128.783229	0.0233725
128.796631	0.0239092
128.810034	0.0235419
128.823438	0.0242152
128.836842	0.0239715
128.850247	0.0242560
128.863653	0.0239763
128.877059	0.0222262
128.890467	0.0221452
128.903875	0.0238199
128.917283	0.0244245
128.930692	0.0240845
128.944102	0.0229845
128.957513	0.0224561
128.970924	0.0249221
128.984337	0.0228963
128.997749	0.0230880
129.011163	0.0245029
129.024577	0.0227997
129.037992	0.0247487
129.051408	0.0240100
129.064824	0.0239036
129.078241	0.0226055
129.091659	0.0243228
129.105077	0.0227652
129.118496	0.0227827
129.131916	0.0238999
129.145337	0.0238511
129.158758	0.0245073
129.172180	0.0242419
129.185602	0.0233892
129.199026	0.0241070
129.212450	0.0246761
129.225875	0.0241464
129.239300	0.0250058
129.252726	0.0246515
129.266153	0.0252337
129.279581	0.0265087
129.293009	0.0284527
129.306438	0.0308905
129.319867	0.0321321
129.333298	0.0322317
129.346729	0.0322126
129.360161	0.0299786
129.373593	0.0308193
129.387026	0.0297928
129.400460	0.0288458
129.413895	0.0279236
129.427330	0.0259951
129.440766	0.0253417
129.454203	0.0249212
129.467640	0.0245782
129.481078	0.0236523
129.494517	0.0241229
129.507956	0.0232194
129.521397	0.0241201
129.534838	0.0234005
129.548279	0.0233277
129.561721	0.0237749
129.575165	0.0239383
129.588608	0.0234356
129.602053	0.0223850
129.615498	0.0242627
129.628944	0.0247255
129.642390	0.0237416
129.655837	0.0233159
129.669285	0.0237377
129.682734	0.0228786
129.696183	0.0253467
129.709633	0.0234432
129.723084	0.0230227
129.736535	0.0248407
129.749988	0.0237573
129.763440	0.0230689
129.776894	0.0235519
129.790348	0.0231066
129.803803	0.0228637
129.817259	0.0239317
129.830715	0.0247065
129.844172	0.0227533
129.857630	0.0252205
129.871088	0.0236021
129.884548	0.0223488
129.898007	0.0242770
129.911468	0.0238994
129.924929	0.0237329
129.938391	0.0249501
129.951854	0.0234892
129.965317	0.0232967
129.978781	0.0238504
129.992246	0.0225650
130.005712	0.0243918
130.019178	0.0230557
130.032645	0.0234871
130.046112	0.0238624
130.059581	0.0245951
130.073050	0.0234626
130.086519	0.0249589
130.099990	0.0246877
130.113461	0.0238543
130.126933	0.0240795
130.140405	0.0234948
130.153878	0.0242958
130.167352	0.0257957
130.180827	0.0254042
130.194302	0.0226149
130.207778	0.0235396
130.221255	0.0246742
130.234732	0.0243254
130.248211	0.0234144
130.261689	0.0233230
130.275169	0.0235681
130.288649	0.0231989
130.302130	0.0230920
130.315612	0.0236878
130.329094	0.0246561
130.342577	0.0246433
130.356061	0.0223939
130.369545	0.0243845
130.383030	0.0254114
130.396516	0.0226470
130.410003	0.0244601
130.423490	0.0229603
130.436978	0.0243452
130.450467	0.0235260
130.463956	0.0243518
130.477446	0.0239044
130.490937	0.0245914
130.504428	0.0234627
130.517921	0.0252077
130.531413	0.0225803
130.544907	0.0233035
130.558401	0.0234171
130.571896	0.0242635
130.585392	0.0225027
130.598888	0.0248959
130.612385	0.0234264
130.625883	0.0233108
130.639382	0.0230716
130.652881	0.0247829
130.666381	0.0226844
130.679881	0.0249356
130.693383	0.0246889
130.706885	0.0252229
130.720388	0.0227523
130.733891	0.0228254
130.747395	0.0236535
130.760900	0.0239994
130.774405	0.0231615
130.787912	0.0249257
130.801419	0.0242791
130.814926	0.0251786
130.828435	0.0234455
130.841944	0.0237911
130.855453	0.0239499
130.868964	0.0236536
130.882475	0.0237973
130.895987	0.0232376
130.909499	0.0236805
130.923013	0.0225273
130.936526	0.0248496
130.950041	0.0240944
130.963556	0.0254574
130.977073	0.0239228
130.990589	0.0246150
131.004107	0.0245381
131.017625	0.0240860
131.031144	0.0241470
131.044663	0.0241725
131.058184	0.0254532
131.071705	0.0236078
131.085226	0.0254707
131.098749	0.0229762
131.112272	0.0243022
131.125796	0.0240322
131.139320	0.0240493
131.152845	0.0241024
131.166371	0.0260632
131.179898	0.0277192
131.193425	0.0343534
131.206953	0.0451693
131.220482	0.0626871
131.234011	0.0913825
131.247541	0.1269332
131.261072	0.1688481
131.274604	0.2167032
131.288136	0.2527702
131.301669	0.2777849
131.315202	0.2791858
131.328737	0.2665682
131.342272	0.2446355
131.355807	0.2151795
131.369344	0.1806161
131.382881	0.1492685
131.396419	0.1175677
131.409957	0.0894272
131.423496	0.0681948
131.437036	0.0503472
131.450577	0.0395278
131.464118	0.0344081
131.477660	0.0306619
131.491203	0.0264840
131.504747	0.0247426
131.518291	0.0243597
131.531836	0.0241397
131.545381	0.0241914
131.558928	0.0245329
131.572474	0.0230169
131.586022	0.0244782
131.599570	0.0223672
131.613120	0.0233688
131.626669	0.0227999
131.640220	0.0236969
131.653771	0.0232116
131.667323	0.0236174
131.680875	0.0226897
131.694429	0.0233473
131.707983	0.0245498
131.721537	0.0230097
131.735093	0.0238400
131.748649	0.0236062
131.762206	0.0238325
131.775763	0.0245516
131.789321	0.0241451
131.802880	0.0244580
131.816440	0.0249117
131.830000	0.0243485
131.843561	0.0228493
131.857123	0.0243110
131.870685	0.0231967
131.884248	0.0247401
131.897812	0.0226955
131.911377	0.0241979
131.924942	0.0255219
131.938508	0.0250473
131.952075	0.0242517
131.965642	0.0236427
131.979210	0.0246350
131.992779	0.0227469
132.006348	0.0228135
132.019918	0.0245562
132.033489	0.0236233
132.047061	0.0247744
132.060633	0.0235943
132.074206	0.0246008
132.087780	0.0255935
132.101354	0.0235563
132.114929	0.0256111
132.128505	0.0243447
132.142081	0.0238334
132.155658	0.0227425
132.169236	0.0249570
132.182815	0.0240525
132.196394	0.0238397
132.209974	0.0248314
132.223555	0.0235445
132.237136	0.0243960
132.250718	0.0242096
132.264301	0.0245161
132.277885	0.0237198
132.291469	0.0248919
132.305054	0.0241326
132.318639	0.0243695
132.332225	0.0252997
132.345812	0.0254028
132.359400	0.0235409
132.372989	0.0237581
132.386578	0.0232842
132.400168	0.0265105
132.413758	0.0237713
132.427349	0.0239140
132.440941	0.0237127
132.454534	0.0231063
132.468127	0.0240808
132.481721	0.0241926
132.495316	0.0247824
132.508911	0.0242826
132.522507	0.0251188
132.536104	0.0245229
132.549702	0.0233497
132.563300	0.0240448
132.576899	0.0252315
132.590499	0.0229139
132.604099	0.0234801
132.617700	0.0232451
132.631302	0.0238598
132.644904	0.0255759
132.658507	0.0243514
132.672111	0.0228669
132.685716	0.0231387
132.699321	0.0248918
132.712927	0.0231006
132.726534	0.0240945
132.740141	0.0254052
132.753749	0.0235483
132.767358	0.0243966
132.780967	0.0240622
132.794578	0.0230000
132.808188	0.0246553
132.821800	0.0231226
132.835412	0.0234319
132.849025	0.0235587
132.862639	0.0242988
132.876253	0.0236397
132.889868	0.0230457
132.903484	0.0241362
132.917101	0.0240173
132.930718	0.0241209
132.944336	0.0238488
132.957955	0.0246213
132.971574	0.0246192
132.985194	0.0242603
132.998815	0.0240723
133.012436	0.0241395
133.026058	0.0233271
133.039681	0.0245317
133.053304	0.0243222
133.066929	0.0249609
133.080554	0.0244169
133.094179	0.0236554
133.107806	0.0247653
133.121433	0.0243481
133.135060	0.0250295
133.148689	0.0230541
133.162318	0.0251393
133.175948	0.0236806
133.189578	0.0236136
133.203210	0.0255318
133.216842	0.0243705
133.230474	0.0248531
133.244108	0.0251914
133.257742	0.0251252
133.271376	0.0265688
133.285012	0.0275910
133.298648	0.0275447
133.312285	0.0270900
133.325922	0.0275639
133.339561	0.0264660
133.353200	0.0252167
133.366839	0.0264400
133.380480	0.0250390
133.394121	0.0270661
133.407763	0.0255780
133.421405	0.0248358
133.435048	0.0245260
133.448692	0.0236322
133.462337	0.0241881
133.475982	0.0242457
133.489628	0.0250422
133.503275	0.0249620
133.516922	0.0236273
133.530570	0.0241782
133.544219	0.0241098
133.557869	0.0237206
133.571519	0.0239080
133.585170	0.0246473
133.598821	0.0226894
133.612474	0.0244472
133.626127	0.0235835
133.639781	0.0242228
133.653435	0.0246442
133.667090	0.0248374
133.680746	0.0235666
133.694402	0.0256684
133.708060	0.0239834
133.721718	0.0243119
133.735376	0.0240674
133.749036	0.0241764
133.762696	0.0234931
133.776356	0.0242227
133.790018	0.0241812
133.803680	0.0240949
133.817343	0.0247245
133.831006	0.0232450
133.844671	0.0249338
133.858336	0.0238322
133.872001	0.0238864
133.885668	0.0231405
133.899335	0.0234958
133.913003	0.0245922
133.926671	0.0249092
133.940340	0.0244989
133.954010	0.0239130
133.967681	0.0230900
133.981352	0.0255815
133.995024	0.0230996
134.008697	0.0245540
134.022370	0.0244392
134.036044	0.0236894
134.049719	0.0233002
134.063394	0.0241213
134.077071	0.0250946
134.090748	0.0232320
134.104425	0.0231876
134.118104	0.0224380
134.131783	0.0238830
134.145462	0.0245045
134.159143	0.0236229
134.172824	0.0228601
134.186506	0.0254642
134.200188	0.0234265
134.213871	0.0252565
134.227555	0.0251081
134.241240	0.0246020
134.254925	0.0273916
134.268611	0.0276764
134.282298	0.0314643
134.295986	0.0317707
134.309674	0.0372863
134.323363	0.0352488
134.337052	0.0387138
134.350742	0.0388313
134.364433	0.0389677
134.378125	0.0346723
134.391817	0.0341642
134.405510	0.0322383
134.419204	0.0312833
134.432899	0.0276212
134.446594	0.0268431
134.460290	0.0253768
134.473986	0.0248301
134.487683	0.0251372
134.501381	0.0232679
134.515080	0.0246816
134.528780	0.0244431
134.542480	0.0254239
134.556180	0.0231463
134.569882	0.0246865
134.583584	0.0238475
134.597287	0.0236553
134.610991	0.0245118
134.624695	0.0234795
134.638400	0.0239249
134.652106	0.0254370
134.665812	0.0247858
134.679519	0.0248026
134.693227	0.0254673
134.706935	0.0257252
134.720645	0.0251342
134.734355	0.0246122
134.748065	0.0249412
134.761777	0.0235068
134.775489	0.0251783
134.789201	0.0251569
134.802915	0.0243893
134.816629	0.0245100
134.830344	0.0240775
134.844059	0.0241719
134.857775	0.0242025
134.871492	0.0237847
134.885210	0.0251519
134.898928	0.0252405
134.912647	0.0239309
134.926367	0.0243075
134.940088	0.0251156
134.953809	0.0248644
134.967531	0.0240722
134.981253	0.0244937
134.994977	0.0236413
135.008701	0.0232097
135.022425	0.0246508
135.036151	0.0236366
135.049877	0.0245752
135.063603	0.0235784
135.077331	0.0237635
135.091059	0.0242719
135.104788	0.0229544
135.118518	0.0237578
135.132248	0.0252247
135.145979	0.0239323
135.159711	0.0245691
135.173443	0.0241559
135.187176	0.0237272
135.200910	0.0248723
135.214644	0.0241386
135.228380	0.0248144
135.242115	0.0239068
135.255852	0.0242791
135.269589	0.0243944
135.283327	0.0241863
135.297066	0.0241425
135.310806	0.0252337
135.324546	0.0249909
135.338286	0.0243745
135.352028	0.0234877
135.365770	0.0247684
135.379513	0.0239579
135.393257	0.0264741
135.407001	0.0246386
135.420746	0.0239065
135.434492	0.0233861
135.448238	0.0234513
135.461986	0.0241750
135.475733	0.0242181
135.489482	0.0245702
135.503231	0.0234066
135.516981	0.0249950
135.530732	0.0243605
135.544483	0.0231925
135.558235	0.0234605
135.571988	0.0246323
135.585741	0.0240485
135.599496	0.0239275
135.613251	0.0248655
135.627006	0.0240186
135.640762	0.0238379
135.654519	0.0228774
135.668277	0.0236434
135.682035	0.0243641
135.695795	0.0255051
135.709554	0.0242317
135.723315	0.0248345
135.737076	0.0252835
135.750838	0.0245444
135.764600	0.0243982
135.778364	0.0254664
135.792128	0.0254938
135.805892	0.0230823
135.819658	0.0244159
135.833424	0.0234178
135.847191	0.0262541
135.860958	0.0253254
135.874727	0.0245083
135.888495	0.0245986
135.902265	0.0249840
135.916035	0.0252356
135.929806	0.0260191
135.943578	0.0265147
135.957351	0.0271985
135.971124	0.0270933
135.984898	0.0277996
135.998672	0.0280156
136.012447	0.0262530
136.026223	0.0259271
136.040000	0.0259254
136.053777	0.0258036
136.067555	0.0239321
136.081334	0.0233481
136.095114	0.0243254
136.108894	0.0251809
136.122675	0.0237970
136.136456	0.0243855
136.150238	0.0238431
136.164021	0.0251983
136.177805	0.0247256
136.191589	0.0248389
136.205375	0.0223029
136.219160	0.0245126
136.232947	0.0239882
136.246734	0.0229370
136.260522	0.0237997
136.274310	0.0228775
136.288100	0.0245120
136.301890	0.0236374
136.315680	0.0233796
136.329472	0.0254161
136.343264	0.0255618
136.357057	0.0255441
136.370850	0.0251204
136.384645	0.0246713
136.398439	0.0258884
136.412235	0.0238948
136.426031	0.0236113
136.439828	0.0242672
136.453626	0.0247962
136.467425	0.0243891
136.481224	0.0242853
136.495023	0.0250276
136.508824	0.0245013
136.522625	0.0248145
136.536427	0.0243773
136.550230	0.0234437
136.564033	0.0248498
136.577837	0.0239719
136.591642	0.0243128
136.605447	0.0239949
136.619254	0.0253939
136.633060	0.0253952
136.646868	0.0228138
136.660676	0.0226302
136.674485	0.0255089
136.688295	0.0242943
136.702105	0.0237245
136.715916	0.0253722
136.729728	0.0235762
136.743540	0.0243278
136.757354	0.0227904
136.771168	0.0242176
136.784982	0.0242288
136.798797	0.0247791
136.812613	0.0222939
136.826430	0.0245285
136.840247	0.0243583
136.854066	0.0239945
136.867884	0.0238025
136.881704	0.0251420
136.895524	0.0244695
136.909345	0.0234782
136.923167	0.0238685
136.936989	0.0250072
136.950812	0.0248699
136.964636	0.0244320
136.978460	0.0256398
136.992285	0.0233237
137.006111	0.0248193
137.019937	0.0255510
137.033765	0.0239598
137.047593	0.0238396
137.061421	0.0239054
137.075250	0.0232560
137.089081	0.0240052
137.102911	0.0244438
137.116743	0.0247463
137.130575	0.0238521
137.144408	0.0246985
137.158241	0.0235893
137.172075	0.0238713
137.185910	0.0244456
137.199746	0.0243457
137.213582	0.0251269
137.227419	0.0239740
137.241257	0.0247217
137.255096	0.0253534
137.268935	0.0239837
137.282775	0.0249364
137.296615	0.0247148
137.310457	0.0251711
137.324299	0.0251364
137.338141	0.0247102
137.351985	0.0241690
137.365829	0.0235822
137.379673	0.0250755
137.393519	0.0239733
137.407365	0.0255675
137.421212	0.0240803
137.435060	0.0258337
137.448908	0.0220857
137.462757	0.0237699
137.476607	0.0240082
137.490457	0.0252291
137.504308	0.0249391
137.518160	0.0244199
137.532012	0.0258110
137.545866	0.0245496
137.559720	0.0258011
137.573574	0.0241987
137.587429	0.0245942
137.601285	0.0243589
137.615142	0.0244877
137.629000	0.0245924
137.642858	0.0242571
137.656717	0.0249813
137.670576	0.0250641
137.684436	0.0254251
137.698297	0.0231562
137.712159	0.0248985
137.726021	0.0232170
137.739884	0.0245922
137.753748	0.0250861
137.767613	0.0251680
137.781478	0.0256259
137.795344	0.0257609
137.809210	0.0226278
137.823077	0.0246032
137.836945	0.0239257
137.850814	0.0230938
137.864683	0.0246663
137.878553	0.0239123
137.892424	0.0232450
137.906296	0.0241816
137.920168	0.0241209
137.934041	0.0236429
137.947914	0.0236743
137.961789	0.0243887
137.975664	0.0245634
137.989539	0.0226542
138.003416	0.0248375
138.017293	0.0244292
138.031170	0.0237349
138.045049	0.0233571
138.058928	0.0242425
138.072808	0.0241366
138.086689	0.0238020
138.100570	0.0243333
138.114452	0.0248279
138.128335	0.0241678
138.142218	0.0251899
138.156102	0.0244309
138.169987	0.0236258
138.183873	0.0249929
138.197759	0.0250946
138.211646	0.0228313
138.225533	0.0252511
138.239422	0.0249093
138.253311	0.0237370
138.267200	0.0246702
138.281091	0.0247821
138.294982	0.0237183
138.308874	0.0232389
138.322766	0.0250923
138.336660	0.0246444
138.350554	0.0242001
138.364448	0.0243914
138.378344	0.0234509
138.392240	0.0244697
138.406136	0.0241876
138.420034	0.0249773
138.433932	0.0246860
138.447831	0.0244786
138.461731	0.0241531
138.475631	0.0253602
138.489532	0.0250792
138.503433	0.0253467
138.517336	0.0246696
138.531239	0.0252971
138.545143	0.0255157
138.559047	0.0231115
138.572952	0.0247807
138.586858	0.0260182
138.600765	0.0240394
138.614672	0.0253927
138.628580	0.0249022
138.642489	0.0247925
138.656398	0.0242922
138.670308	0.0239108
138.684219	0.0242576
138.698131	0.0231285
138.712043	0.0235223
138.725956	0.0248631
138.739869	0.0248415
138.753784	0.0230653
138.767699	0.0244850
138.781614	0.0252669
138.795531	0.0236771
138.809448	0.0244254
138.823366	0.0253856
138.837284	0.0242186
138.851204	0.0250512
138.865124	0.0246488
138.879044	0.0238472
138.892966	0.0247148
138.906888	0.0240753
138.920810	0.0242038
138.934734	0.0234991
138.948658	0.0238877
138.962583	0.0247995
138.976508	0.0256257
138.990435	0.0234965
139.004362	0.0250481
139.018289	0.0249033
139.032218	0.0250741
139.046147	0.0237993
139.060076	0.0257950
139.074007	0.0249503
139.087938	0.0246111
139.101870	0.0240404
139.115803	0.0231195
139.129736	0.0245150
139.143670	0.0242330
139.157605	0.0250465
139.171540	0.0232672
139.185476	0.0235323
139.199413	0.0249062
139.213350	0.0237051
139.227288	0.0248942
139.241227	0.0262820
139.255167	0.0245167
139.269107	0.0229681
139.283048	0.0235324
139.296990	0.0235787
139.310932	0.0229987
139.324876	0.0255901
139.338819	0.0261119
139.352764	0.0255705
139.366709	0.0236100
139.380655	0.0247012
139.394602	0.0244147
139.408549	0.0234436
139.422497	0.0245310
139.436446	0.0240755
139.450395	0.0238703
139.464345	0.0240517
139.478296	0.0251917
139.492248	0.0246046
139.506200	0.0254688
139.520153	0.0248253
139.534107	0.0240539
139.548061	0.0231289
139.562016	0.0252632
139.575972	0.0252907
139.589928	0.0250359
139.603885	0.0248554
139.617843	0.0247531
139.631802	0.0242552
139.645761	0.0235668
139.659721	0.0247123
139.673682	0.0247050
139.687643	0.0247470
139.701605	0.0253767
139.715568	0.0249436
139.729532	0.0257425
139.743496	0.0254622
139.757461	0.0235286
139.771426	0.0234397
139.785392	0.0254407
139.799359	0.0247778
139.813327	0.0246511
139.827296	0.0260591
139.841265	0.0245608
139.855235	0.0262197
139.869205	0.0244716
139.883176	0.0238981
139.897148	0.0239919
139.911121	0.0240084
139.925094	0.0255786
139.939068	0.0241611
139.953043	0.0251458
139.967018	0.0245416
139.980994	0.0250632
139.994971	0.0255893
140.008949	0.0243550
140.022927	0.0238651
140.036906	0.0255917
140.050886	0.0256745
140.064866	0.0245084
140.078847	0.0240129
140.092829	0.0239860
140.106811	0.0243943
140.120794	0.0243681
140.134778	0.0229479
140.148763	0.0265896
140.162748	0.0253634
140.176734	0.0250217
140.190721	0.0254127
140.204708	0.0256787
140.218696	0.0247874
140.232685	0.0249381
140.246674	0.0243547
140.260664	0.0244283
140.274655	0.0246894
140.288647	0.0246281
140.302639	0.0248079
140.316632	0.0247512
140.330626	0.0240293
140.344620	0.0241631
140.358615	0.0240241
140.372611	0.0257430
140.386608	0.0252894
140.400605	0.0239524
140.414603	0.0248109
140.428601	0.0251148
140.442601	0.0229422
140.456601	0.0239989
140.470601	0.0243855
140.484603	0.0249807
140.498605	0.0255497
140.512608	0.0251142
140.526611	0.0241319
140.540616	0.0236241
140.554620	0.0241196
140.568626	0.0237252
140.582632	0.0243248
140.596640	0.0234097
140.610647	0.0245968
140.624656	0.0250378
140.638665	0.0253082
140.652675	0.0243663
140.666685	0.0247128
140.680696	0.0246567
140.694708	0.0242952
140.708721	0.0258762
140.722734	0.0241519
140.736748	0.0243870
140.750763	0.0245173
140.764779	0.0237234
140.778795	0.0256176
140.792812	0.0252285
140.806829	0.0237839
140.820848	0.0240714
140.834867	0.0255241
140.848886	0.0251953
140.862907	0.0249277
140.876928	0.0258708
140.890950	0.0256172
140.904972	0.0245961
140.918995	0.0251833
140.933019	0.0257938
140.947044	0.0249278
140.961069	0.0240783
140.975095	0.0242849
140.989122	0.0255956
141.003149	0.0247083
141.017177	0.0245649
141.031206	0.0235941
141.045236	0.0240257
141.059266	0.0248481
141.073297	0.0249284
141.087328	0.0253392
141.101361	0.0248237
141.115394	0.0248877
141.129427	0.0253673
141.143462	0.0238772
141.157497	0.0253177
141.171533	0.0238892
141.185569	0.0244727
141.199607	0.0244342
141.213644	0.0244295
141.227683	0.0239720
141.241722	0.0243313
141.255763	0.0237441
141.269803	0.0244421
141.283845	0.0251303
141.297887	0.0241988
141.311930	0.0242889
141.325973	0.0238680
141.340018	0.0258271
141.354063	0.0251051
141.368108	0.0262633
141.382155	0.0238306
141.396202	0.0248286
141.410249	0.0247624
141.424298	0.0235460
141.438347	0.0242498
141.452397	0.0256408
141.466448	0.0264849
141.480499	0.0244949
141.494551	0.0247221
141.508603	0.0249384
141.522657	0.0253503
141.536711	0.0246680
141.550766	0.0238426
141.564821	0.0239502
141.578877	0.0251110
141.592934	0.0246326
141.606992	0.0229869
141.621050	0.0241083
141.635109	0.0252175
141.649169	0.0251025
141.663229	0.0234586
141.677291	0.0242008
141.691352	0.0247301
141.705415	0.0256792
141.719478	0.0243487
141.733542	0.0260674
141.747607	0.0236524
141.761672	0.0240910
141.775738	0.0249530
141.789805	0.0235096
141.803872	0.0238024
141.817940	0.0246337
141.832009	0.0242543
141.846079	0.0243171
141.860149	0.0240993
141.874220	0.0246345
141.888292	0.0251785
141.902364	0.0257976
141.916437	0.0240017
141.930511	0.0243867
141.944585	0.0240699
141.958661	0.0241235
141.972736	0.0259944
141.986813	0.0243436
142.000890	0.0252746
142.014968	0.0247597
142.029047	0.0254133
142.043126	0.0234970
142.057206	0.0252869
142.071287	0.0243469
142.085369	0.0248097
142.099451	0.0264105
142.113534	0.0235645
142.127617	0.0251108
142.141702	0.0235428
142.155787	0.0243855
142.169872	0.0244335
142.183959	0.0253015
142.198046	0.0250499
142.212134	0.0243906
142.226222	0.0246788
142.240311	0.0250923
142.254401	0.0262002
142.268492	0.0241848
142.282583	0.0238934
142.296675	0.0247564
142.310768	0.0261692
142.324861	0.0250640
142.338956	0.0228506
142.353050	0.0240378
142.367146	0.0243975
142.381242	0.0233918
142.395339	0.0250058
142.409437	0.0243345
142.423535	0.0243404
142.437634	0.0249636
142.451734	0.0233920
142.465834	0.0251360
142.479936	0.0240669
142.494037	0.0263526
142.508140	0.0240023
142.522243	0.0239902
142.536347	0.0241028
142.550452	0.0249766
142.564557	0.0239107
142.578663	0.0251167
142.592770	0.0254826
142.606878	0.0243289
142.620986	0.0247558
142.635095	0.0245530
142.649204	0.0243795
142.663315	0.0241000
142.677425	0.0242360
142.691537	0.0244085
142.705650	0.0261845
142.719763	0.0255162
142.733876	0.0239559
142.747991	0.0234982
142.762106	0.0245330
142.776222	0.0260788
142.790339	0.0236509
142.804456	0.0247284
142.818574	0.0242937
142.832693	0.0242318
142.846812	0.0242413
142.860932	0.0247414
142.875053	0.0251488
142.889175	0.0247145
142.903297	0.0256509
142.917420	0.0253371
142.931543	0.0232129
142.945668	0.0247315
142.959793	0.0256749
142.973919	0.0241273
142.988045	0.0254080
143.002172	0.0247799
143.016300	0.0247680
143.030429	0.0237954
143.044558	0.0258116
143.058688	0.0249347
143.072818	0.0250718
143.086950	0.0253212
143.101082	0.0238367
143.115215	0.0253759
143.129348	0.0255470
143.143482	0.0239511
143.157617	0.0252986
143.171753	0.0252576
143.185889	0.0252962
143.200026	0.0240451
143.214164	0.0236547
143.228302	0.0247059
143.242441	0.0249351
143.256581	0.0234866
143.270721	0.0258278
143.284863	0.0246248
143.299004	0.0251218
143.313147	0.0253652
143.327290	0.0259522
143.341434	0.0247961
143.355579	0.0237040
143.369725	0.0261837
143.383871	0.0253130
143.398017	0.0249737
143.412165	0.0242560
143.426313	0.0246782
143.440462	0.0248944
143.454612	0.0251936
143.468762	0.0263232
143.482913	0.0242960
143.497065	0.0242569
143.511217	0.0242183
143.525370	0.0259429
143.539524	0.0243335
143.553679	0.0244822
143.567834	0.0275962
143.581990	0.0242995
143.596147	0.0252174
143.610304	0.0245242
143.624462	0.0255514
143.638621	0.0247345
143.652780	0.0229750
143.666940	0.0251781
143.681101	0.0248741
143.695263	0.0257213
143.709425	0.0255424
143.723588	0.0248822
143.737752	0.0248994
143.751916	0.0254770
143.766081	0.0238035
143.780247	0.0257359
143.794413	0.0247655
143.808581	0.0235089
143.822748	0.0251384
143.836917	0.0248743
143.851086	0.0243857
143.865256	0.0255495
143.879427	0.0248340
143.893598	0.0245776
143.907771	0.0249730
143.921943	0.0252140
143.936117	0.0257133
143.950291	0.0247231
143.964466	0.0247937
143.978642	0.0258356
143.992818	0.0255601
144.006995	0.0239604
144.021173	0.0239756
144.035351	0.0244452
144.049530	0.0236641
144.063710	0.0240837
144.077891	0.0247411
144.092072	0.0250692
144.106254	0.0235712
144.120436	0.0251130
144.134620	0.0254790
144.148804	0.0253118
144.162988	0.0239439
144.177174	0.0253770
144.191360	0.0252263
144.205547	0.0253929
144.219734	0.0248427
144.233923	0.0242791
144.248112	0.0247737
144.262301	0.0261088
144.276492	0.0246874
144.290683	0.0253279
144.304874	0.0251132
144.319067	0.0230484
144.333260	0.0252961
144.347454	0.0249763
144.361649	0.0248772
144.375844	0.0246993
144.390040	0.0249316
144.404237	0.0259227
144.418434	0.0245151
144.432632	0.0259050
144.446831	0.0253284
144.461030	0.0256322
144.475230	0.0252399
144.489431	0.0260761
144.503633	0.0237430
144.517835	0.0232900
144.532038	0.0251496
144.546242	0.0243373
144.560446	0.0252243
144.574652	0.0254313
144.588857	0.0256180
144.603064	0.0234259
144.617271	0.0245637
144.631479	0.0249922
144.645688	0.0259696
144.659897	0.0250511
144.674107	0.0254965
144.688318	0.0244235
144.702529	0.0237733
144.716741	0.0247667
144.730954	0.0251018
144.745168	0.0259527
144.759382	0.0251735
144.773597	0.0248685
144.787813	0.0243270
144.802029	0.0246498
144.816246	0.0243717
144.830464	0.0242235
144.844682	0.0255539
144.858901	0.0260997
144.873121	0.0256349
144.887342	0.0244834
144.901563	0.0248519
144.915785	0.0251188
144.930008	0.0243074
144.944231	0.0253127
144.958455	0.0250865
144.972680	0.0248867
144.986905	0.0256115
145.001132	0.0257308
145.015358	0.0239151
145.029586	0.0241750
145.043814	0.0247456
145.058043	0.0239913
145.072273	0.0242632
145.086503	0.0255811
145.100734	0.0245843
145.114966	0.0254470
145.129199	0.0248272
145.143432	0.0242322
145.157666	0.0254662
145.171901	0.0255421
145.186136	0.0265749
145.200372	0.0287550
145.214609	0.0346434
145.228846	0.0436326
145.243084	0.0616750
145.257323	0.0928550
145.271562	0.1405979
145.285803	0.2111456
145.300044	0.2922563
145.314285	0.3803030
145.328528	0.4582605
145.342771	0.5207266
145.357014	0.5417707
145.371259	0.5291608
145.385504	0.4991179
145.399750	0.4446238
145.413996	0.3773115
145.428244	0.3105320
145.442492	0.2466311
145.456740	0.1853534
145.470990	0.1389804
145.485240	0.0972807
145.499491	0.0700657
145.513742	0.0535289
145.527994	0.0419808
145.542247	0.0343408
145.556501	0.0296142
145.570755	0.0265361
145.585010	0.0258970
145.599266	0.0266535
145.613522	0.0262374
145.627779	0.0249910
145.642037	0.0245176
145.656295	0.0253962
145.670555	0.0248801
145.684814	0.0247373
145.699075	0.0261427
145.713336	0.0252457
145.727598	0.0257027
145.741861	0.0240151
145.756124	0.0238841
145.770389	0.0248934
145.784653	0.0253528
145.798919	0.0247916
145.813185	0.0241871
145.827452	0.0238049
145.841720	0.0239320
145.855988	0.0247359
145.870257	0.0272581
145.884527	0.0252168
145.898797	0.0248382
145.913068	0.0247242
145.927340	0.0259370
145.941613	0.0252606
145.955886	0.0258414
145.970160	0.0256954
145.984435	0.0261123
145.998710	0.0254027
146.012986	0.0246902
146.027263	0.0251940
146.041540	0.0235670
146.055818	0.0253778
146.070097	0.0251220
146.084377	0.0242506
146.098657	0.0242193
146.112938	0.0240195
146.127220	0.0244404
146.141502	0.0260286
146.155785	0.0240309
146.170069	0.0244504
146.184353	0.0249892
146.198639	0.0252235
146.212925	0.0261984
146.227211	0.0232413
146.241498	0.0254740
146.255786	0.0259714
146.270075	0.0252071
146.284364	0.0260267
146.298655	0.0266125
146.312945	0.0259135
146.327237	0.0278192
146.341529	0.0267175
146.355822	0.0268213
146.370116	0.0257030
146.384410	0.0279064
146.398705	0.0262419
146.413001	0.0275556
146.427297	0.0259396
146.441594	0.0268860
146.455892	0.0273985
146.470191	0.0267373
146.484490	0.0260074
146.498790	0.0266052
146.513090	0.0263272
146.527392	0.0248853
146.541694	0.0260477
146.555997	0.0232238
146.570300	0.0245424
146.584604	0.0246044
146.598909	0.0263916
146.613215	0.0248115
146.627521	0.0253031
146.641828	0.0260347
146.656135	0.0242545
146.670444	0.0260640
146.684753	0.0256122
146.699063	0.0249391
146.713373	0.0249336
146.727684	0.0262167
146.741996	0.0247278
146.756309	0.0243713
146.770622	0.0249377
146.784936	0.0256135
146.799251	0.0256118
146.813566	0.0252160
146.827882	0.0241469
146.842199	0.0235234
146.856516	0.0253660
146.870835	0.0238937
146.885154	0.0249710
146.899473	0.0235643
146.913793	0.0250420
146.928115	0.0248349
146.942436	0.0249397
146.956759	0.0246268
146.971082	0.0246813
146.985406	0.0251955
146.999730	0.0248898
147.014055	0.0250477
147.028381	0.0236763
147.042708	0.0253186
147.057035	0.0250513
147.071363	0.0267280
147.085692	0.0261639
147.100021	0.0249563
147.114352	0.0240490
147.128682	0.0228908
147.143014	0.0245244
147.157346	0.0254854
147.171679	0.0247302
147.186013	0.0250870
147.200347	0.0250682
147.214682	0.0248854
147.229018	0.0247584
147.243354	0.0266267
147.257692	0.0252820
147.272029	0.0278631
147.286368	0.0272676
147.300707	0.0280891
147.315047	0.0292834
147.329388	0.0305480
147.343729	0.0342956
147.358071	0.0326972
147.372414	0.0336747
147.386758	0.0343640
147.401102	0.0324051
147.415447	0.0307126
147.429792	0.0297903
147.444139	0.0260853
147.458486	0.0295508
147.472833	0.0278518
147.487182	0.0253462
147.501531	0.0264558
147.515881	0.0253854
147.530231	0.0242345
147.544582	0.0259547
147.558934	0.0248079
147.573287	0.0265692
147.587640	0.0250359
147.601994	0.0244374
147.616349	0.0253702
147.630704	0.0255788
147.645060	0.0253898
147.659417	0.0258466
147.673775	0.0260875
147.688133	0.0260583
147.702492	0.0258414
147.716852	0.0231322
147.731212	0.0254643
147.745573	0.0244975
147.759935	0.0249396
147.774297	0.0248449
147.788660	0.0245310
147.803024	0.0244053
147.817389	0.0257954
147.831754	0.0253594
147.846120	0.0259177
147.860487	0.0239486
147.874854	0.0251926
147.889222	0.0233393
147.903591	0.0248869
147.917960	0.0257494
147.932331	0.0269688
147.946701	0.0264193
147.961073	0.0256080
147.975445	0.0266090
147.989818	0.0248103
148.004192	0.0252622
148.018566	0.0241311
148.032941	0.0244425
148.047317	0.0249503
148.061694	0.0259959
148.076071	0.0253059
148.090449	0.0248617
148.104827	0.0247789
148.119207	0.0269456
148.133587	0.0270831
148.147968	0.0250474
148.162349	0.0236423
148.176731	0.0256131
148.191114	0.0252301
148.205497	0.0256085
148.219882	0.0245568
148.234267	0.0258076
148.248652	0.0238198
148.263039	0.0259791
148.277426	0.0258567
148.291813	0.0246919
148.306202	0.0251474
148.320591	0.0248106
148.334981	0.0245360
148.349371	0.0239647
148.363763	0.0259850
148.378154	0.0252813
148.392547	0.0243809
148.406940	0.0255102
148.421335	0.0253157
148.435729	0.0252828
148.450125	0.0254069
148.464521	0.0234091
148.478918	0.0253765
148.493315	0.0256774
148.507714	0.0262608
148.522113	0.0255897
148.536512	0.0271329
148.550913	0.0262394
148.565314	0.0251037
148.579716	0.0255274
148.594118	0.0259570
148.608521	0.0250678
148.622925	0.0265670
148.637330	0.0261506
148.651735	0.0239021
148.666141	0.0259812
148.680548	0.0245328
148.694955	0.0245019
148.709363	0.0246916
148.723772	0.0234697
148.738182	0.0253260
148.752592	0.0233049
148.767003	0.0244077
148.781414	0.0262034
148.795827	0.0249181
148.810240	0.0242927
148.824653	0.0248670
148.839068	0.0243916
148.853483	0.0259583
148.867899	0.0231370
148.882315	0.0243769
148.896732	0.0258242
148.911150	0.0254246
148.925569	0.0251615
148.939988	0.0257114
148.954408	0.0245904
148.968829	0.0250145
148.983251	0.0258001
148.997673	0.0254240
149.012096	0.0261085
149.026519	0.0259637
149.040944	0.0268916
149.055368	0.0248696
149.069794	0.0234501
149.084221	0.0248657
149.098648	0.0273136
149.113075	0.0249316
149.127504	0.0258372
149.141933	0.0247896
149.156363	0.0255642
149.170793	0.0275972
149.185225	0.0300686
149.199657	0.0308389
149.214089	0.0412643
149.228523	0.0507242
149.242957	0.0733805
149.257392	0.0987816
149.271827	0.1356463
149.286263	0.1713946
149.300700	0.2103860
149.315138	0.2342361
149.329576	0.2459575
149.344015	0.2428231
149.358455	0.2315118
149.372895	0.2053680
149.387336	0.1796330
149.401778	0.1533065
149.416221	0.1239311
149.430664	0.0987714
149.445108	0.0758165
149.459553	0.0598028
149.473998	0.0493937
149.488444	0.0404321
149.502891	0.0337189
149.517338	0.0296576
149.531786	0.0258126
149.546235	0.0259014
149.560685	0.0260722
149.575135	0.0246076
149.589586	0.0255015
149.604038	0.0247802
149.618490	0.0244432
149.632943	0.0253725
149.647397	0.0245691
149.661851	0.0238031
149.676306	0.0254156
149.690762	0.0255383
149.705219	0.0237518
149.719676	0.0248694
149.734134	0.0254600
149.748593	0.0252234
149.763052	0.0255623
149.777512	0.0254585
149.791973	0.0257423
149.806435	0.0246583
149.820897	0.0248000
149.835360	0.0249903
149.849823	0.0253886
149.864287	0.0261992
149.878752	0.0233271
149.893218	0.0257787
149.907685	0.0249473
149.922152	0.0252838
149.936620	0.0245607
149.951088	0.0256731
149.965557	0.0235959
149.980027	0.0252160
149.994498	0.0254699
150.008969	0.0249750
150.023441	0.0263528
150.037914	0.0241375
150.052387	0.0249069
150.066861	0.0250665
150.081336	0.0242381
150.095812	0.0258404
150.110288	0.0254667
150.124765	0.0243928
150.139243	0.0250562
150.153721	0.0256630
150.168200	0.0242832
150.182680	0.0245648
150.197160	0.0244643
150.211641	0.0271607
150.226123	0.0246431
150.240606	0.0262542
150.255089	0.0253263
150.269573	0.0262477
150.284058	0.0271578
150.298543	0.0255677
150.313029	0.0253785
150.327516	0.0255862
150.342003	0.0260337
150.356492	0.0262362
150.370980	0.0262122
150.385470	0.0261418
150.399960	0.0250726
150.414451	0.0251945
150.428943	0.0245816
150.443435	0.0251043
150.457928	0.0245315
150.472422	0.0258280
150.486917	0.0253996
150.501412	0.0247108
150.515908	0.0248081
150.530405	0.0246637
150.544902	0.0267399
150.559400	0.0254463
150.573899	0.0254767
150.588398	0.0251456
150.602898	0.0243996
150.617399	0.0242995
150.631900	0.0252589
150.646403	0.0244397
150.660906	0.0257357
150.675409	0.0261047
150.689914	0.0241273
150.704419	0.0247568
150.718924	0.0239721
150.733431	0.0265420
150.747938	0.0239133
150.762446	0.0240948
150.776954	0.0235996
150.791464	0.0268002
150.805974	0.0258827
150.820484	0.0251334
150.834996	0.0237512
150.849508	0.0255704
150.864020	0.0242503
150.878534	0.0254275
150.893048	0.0244047
150.907563	0.0251730
150.922078	0.0254599
150.936595	0.0244060
150.951112	0.0251086
150.965629	0.0242213
150.980148	0.0247503
150.994667	0.0253902
151.009187	0.0262088
151.023707	0.0264934
151.038228	0.0251846
151.052750	0.0278613
151.067273	0.0260095
151.081796	0.0248270
151.096320	0.0266816
151.110845	0.0241778
151.125370	0.0243904
151.139896	0.0255709
151.154423	0.0256164
151.168951	0.0262542
151.183479	0.0250113
151.198008	0.0243450
151.212537	0.0268464
151.227068	0.0257875
151.241599	0.0248914
151.256131	0.0253420
151.270663	0.0269366
151.285196	0.0275523
151.299730	0.0261286
151.314264	0.0278070
151.328800	0.0277694
151.343336	0.0290895
151.357872	0.0284747
151.372410	0.0282461
151.386948	0.0279577
151.401486	0.0280467
151.416026	0.0269014
151.430566	0.0270177
151.445107	0.0264232
151.459648	0.0265234
151.474191	0.0249661
151.488734	0.0268809
151.503277	0.0258432
151.517822	0.0239910
151.532367	0.0265340
151.546913	0.0262108
151.561459	0.0234024
151.576006	0.0250360
151.590554	0.0258680
151.605103	0.0245771
151.619652	0.0252410
151.634202	0.0246273
151.648753	0.0253922
151.663304	0.0247729
151.677856	0.0249175
151.692409	0.0251028
151.706962	0.0241497
151.721517	0.0245220
151.736072	0.0255482
151.750627	0.0260119
151.765184	0.0261633
151.779741	0.0259725
151.794298	0.0255155
151.808857	0.0258071
151.823416	0.0269937
151.837976	0.0243482
151.852536	0.0252107
151.867097	0.0269309
151.881659	0.0253437
151.896222	0.0257722
151.910785	0.0251169
151.925349	0.0259600
151.939914	0.0252436
151.954480	0.0242185
151.969046	0.0243556
151.983613	0.0255091
151.998180	0.0244656
152.012748	0.0248299
152.027317	0.0258063
152.041887	0.0245440
152.056457	0.0261141
152.071028	0.0242883
152.085600	0.0243391
152.100173	0.0248356
152.114746	0.0241988
152.129320	0.0241787
152.143894	0.0248345
152.158469	0.0247188
152.173045	0.0254268
152.187622	0.0243696
152.202200	0.0249579
152.216778	0.0266532
152.231356	0.0249818
152.245936	0.0250595
152.260516	0.0251647
152.275097	0.0242535
152.289679	0.0271236
152.304261	0.0252505
152.318844	0.0257530
152.333428	0.0253989
152.348012	0.0260633
152.362597	0.0255306
152.377183	0.0247348
152.391769	0.0245157
152.406357	0.0256229
152.420945	0.0262155
152.435533	0.0240472
152.450123	0.0259819
152.464713	0.0251963
152.479303	0.0243344
152.493895	0.0248207
152.508487	0.0247303
152.523080	0.0259366
152.537673	0.0248530
152.552267	0.0270652
152.566862	0.0236736
152.581458	0.0244110
152.596054	0.0257558
152.610651	0.0254599
152.625249	0.0256216
152.639848	0.0254750
152.654447	0.0252043
152.669047	0.0251240
152.683647	0.0265983
152.698249	0.0241051
152.712851	0.0249247
152.727453	0.0247675
152.742057	0.0252546
152.756661	0.0247130
152.771265	0.0254376
152.785871	0.0262324
152.800477	0.0245947
152.815084	0.0243897
152.829692	0.0235988
152.844300	0.0270211
152.858909	0.0252000
152.873519	0.0245303
152.888129	0.0235793
152.902740	0.0256240
152.917352	0.0248752
152.931964	0.0254808
152.946578	0.0264445
152.961191	0.0251931
152.975806	0.0261312
152.990421	0.0261037
153.005037	0.0240502
153.019654	0.0259771
153.034272	0.0258081
153.048890	0.0245920
153.063508	0.0260529
153.078128	0.0254199
153.092748	0.0254226
153.107369	0.0257637
153.121991	0.0244407
153.136613	0.0252531
153.151236	0.0249712
153.165860	0.0252566
153.180484	0.0258777
153.195110	0.0257793
153.209735	0.0260892
153.224362	0.0249326
153.238989	0.0244403
153.253617	0.0250725
153.268246	0.0262180
153.282875	0.0257497
153.297505	0.0252501
153.312136	0.0239642
153.326767	0.0263247
153.341400	0.0247861
153.356033	0.0254301
153.370666	0.0250732
153.385300	0.0253185
153.399935	0.0241298
153.414571	0.0263270
153.429207	0.0243114
153.443845	0.0233739
153.458482	0.0241970
153.473121	0.0262899
153.487760	0.0266145
153.502400	0.0236492
153.517040	0.0254192
153.531682	0.0249285
153.546324	0.0267000
153.560966	0.0263221
153.575610	0.0243336
153.590254	0.0252715
153.604899	0.0246730
153.619544	0.0243607
153.634191	0.0245672
153.648837	0.0251959
153.663485	0.0248634
153.678133	0.0247051
153.692782	0.0252398
153.707432	0.0253812
153.722083	0.0254988
153.736734	0.0246874
153.751386	0.0259664
153.766038	0.0252712
153.780691	0.0254559
153.795345	0.0253436
153.810000	0.0264710
153.824655	0.0243302
153.839311	0.0260592
153.853968	0.0264100
153.868626	0.0241327
153.883284	0.0254343
153.897943	0.0267584
153.912602	0.0269323
153.927262	0.0255061
153.941923	0.0254023
153.956585	0.0253683
153.971247	0.0258062
153.985911	0.0259161
154.000574	0.0248513
154.015239	0.0260769
154.029904	0.0243645
154.044570	0.0243765
154.059236	0.0243982
154.073904	0.0258748
154.088572	0.0244928
154.103240	0.0257795
154.117910	0.0262670
154.132580	0.0249460
154.147251	0.0246776
154.161922	0.0238261
154.176595	0.0261303
154.191267	0.0259019
154.205941	0.0246136
154.220615	0.0258756
154.235290	0.0258584
154.249966	0.0248678
154.264643	0.0243926
154.279320	0.0249933
154.293997	0.0236953
154.308676	0.0261596
154.323355	0.0250314
154.338035	0.0250479
154.352716	0.0238781
154.367397	0.0258634
154.382079	0.0257569
154.396762	0.0252514
154.411445	0.0248153
154.426130	0.0254510
154.440814	0.0265029
154.455500	0.0257695
154.470186	0.0255755
154.484873	0.0250644
154.499561	0.0270151
154.514249	0.0249647
154.528938	0.0253010
154.543628	0.0245751
154.558318	0.0255031
154.573010	0.0253330
154.587702	0.0262493
154.602394	0.0249041
154.617087	0.0253906
154.631781	0.0258046
154.646476	0.0256285
154.661171	0.0260484
154.675868	0.0254373
154.690564	0.0248498
154.705262	0.0260884
154.719960	0.0253348
154.734659	0.0263765
154.749359	0.0254455
154.764059	0.0261996
154.778760	0.0250917
154.793462	0.0246597
154.808164	0.0241353
154.822867	0.0243963
154.837571	0.0265826
154.852275	0.0260530
154.866981	0.0260136
154.881687	0.0250306
154.896393	0.0266011
154.911101	0.0250855
154.925809	0.0247397
154.940517	0.0250494
154.955227	0.0251322
154.969937	0.0247473
154.984648	0.0233011
154.999359	0.0243393
155.014071	0.0244856
155.028784	0.0244305
155.043498	0.0250915
155.058212	0.0256620
155.072927	0.0256622
155.087643	0.0244506
155.102360	0.0244143
155.117077	0.0247883
155.131795	0.0246987
155.146513	0.0258796
155.161233	0.0256714
155.175953	0.0249503
155.190673	0.0246249
155.205395	0.0248128
155.220117	0.0263126
155.234839	0.0257100
155.249563	0.0252052
155.264287	0.0261710
155.279012	0.0256887
155.293738	0.0247750
155.308464	0.0253442
155.323191	0.0246280
155.337919	0.0254747
155.352647	0.0251607
155.367376	0.0267982
155.382106	0.0247927
155.396836	0.0249210
155.411568	0.0247217
155.426300	0.0249062
155.441032	0.0244128
155.455765	0.0244210
155.470499	0.0250291
155.485234	0.0243973
155.499970	0.0244712
155.514706	0.0268742
155.529443	0.0252084
155.544180	0.0252124
155.558918	0.0254120
155.573657	0.0261548
155.588397	0.0258162
155.603137	0.0271700
155.617878	0.0261431
155.632620	0.0252782
155.647363	0.0241050
155.662106	0.0256255
155.676850	0.0257228
155.691594	0.0254843
155.706339	0.0251010
155.721085	0.0257287
155.735832	0.0249049
155.750579	0.0258634
155.765327	0.0252369
155.780076	0.0244457
155.794826	0.0266466
155.809576	0.0248065
155.824327	0.0251608
155.839078	0.0263181
155.853831	0.0248566
155.868584	0.0254291
155.883337	0.0251659
155.898092	0.0264364
155.912847	0.0249550
155.927602	0.0259867
155.942359	0.0263701
155.957116	0.0253927
155.971874	0.0255195
155.986633	0.0259376
156.001392	0.0270214
156.016152	0.0275548
156.030913	0.0261144
156.045674	0.0252470
156.060436	0.0253777
156.075199	0.0266924
156.089963	0.0249236
156.104727	0.0252726
156.119492	0.0243628
156.134257	0.0262205
156.149024	0.0252977
156.163791	0.0261741
156.178558	0.0253293
156.193327	0.0242775
156.208096	0.0256928
156.222866	0.0247002
156.237636	0.0250301
156.252408	0.0239507
156.267180	0.0260551
156.281952	0.0255053
156.296726	0.0263227
156.311500	0.0269446
156.326274	0.0241813
156.341050	0.0263274
156.355826	0.0263548
156.370603	0.0270146
156.385381	0.0248233
156.400159	0.0253484
156.414938	0.0247832
156.429717	0.0250193
156.444498	0.0257338
156.459279	0.0266200
156.474061	0.0262371
156.488843	0.0239909
156.503626	0.0262326
156.518410	0.0250043
156.533195	0.0248100
156.547980	0.0256392
156.562766	0.0250150
156.577553	0.0262305
156.592340	0.0251297
156.607128	0.0250642
156.621917	0.0238766
156.636707	0.0253436
156.651497	0.0250419
156.666288	0.0256737
156.681079	0.0277643
156.695872	0.0293908
156.710665	0.0294689
156.725458	0.0314380
156.740253	0.0320499
156.755048	0.0347611
156.769844	0.0386017
156.784640	0.0390178
156.799438	0.0402210
156.814236	0.0402053
156.829034	0.0389870
156.843834	0.0376687
156.858634	0.0365235
156.873434	0.0328671
156.888236	0.0305419
156.903038	0.0297579
156.917841	0.0289896
156.932644	0.0275895
156.947449	0.0269267
156.962254	0.0257827
156.977059	0.0253388
156.991866	0.0258530
157.006673	0.0255665
157.021480	0.0256760
157.036289	0.0254807
157.051098	0.0254024
157.065908	0.0249096
157.080719	0.0255394
157.095530	0.0267198
157.110342	0.0261405
157.125155	0.0261167
157.139968	0.0252565
157.154782	0.0243521
157.169597	0.0241127
157.184412	0.0241458
157.199228	0.0255431
157.214045	0.0254658
157.228863	0.0259021
157.243681	0.0258380
157.258500	0.0250308
157.273320	0.0243976
157.288140	0.0251040
157.302962	0.0258697
157.317783	0.0248928
157.332606	0.0255516
157.347429	0.0258504
157.362253	0.0254269
157.377078	0.0255689
157.391903	0.0255205
157.406729	0.0256284
157.421556	0.0251464
157.436383	0.0259566
157.451211	0.0264761
157.466040	0.0253453
157.480870	0.0264713
157.495700	0.0254592
157.510531	0.0257846
157.525363	0.0259167
157.540195	0.0255022
157.555028	0.0236533
157.569862	0.0259420
157.584696	0.0250824
157.599531	0.0251671
157.614367	0.0251889
157.629204	0.0247959
157.644041	0.0269237
157.658879	0.0254856
157.673718	0.0256209
157.688557	0.0257625
157.703397	0.0242787
157.718238	0.0255652
157.733080	0.0254784
157.747922	0.0249130
157.762765	0.0272935
157.777608	0.0253974
157.792452	0.0261649
157.807297	0.0251581
157.822143	0.0244941
157.836990	0.0257364
157.851837	0.0251850
157.866685	0.0251468
157.881533	0.0247097
157.896382	0.0255930
157.911232	0.0264896
157.926083	0.0247638
157.940934	0.0265483
157.955786	0.0256340
157.970639	0.0251986
157.985492	0.0255631
158.000346	0.0264915
158.015201	0.0258988
158.030057	0.0259328
158.044913	0.0256996
158.059770	0.0273320
158.074628	0.0256880
158.089486	0.0251294
158.104345	0.0250509
158.119205	0.0255906
158.134065	0.0250553
158.148926	0.0262030
158.163788	0.0253759
158.178651	0.0258052
158.193514	0.0243554
158.208378	0.0255737
158.223243	0.0253286
158.238108	0.0243409
158.252974	0.0255616
158.267841	0.0246099
158.282708	0.0244081
158.297576	0.0246862
158.312445	0.0248412
158.327315	0.0244479
158.342185	0.0251492
158.357056	0.0256086
158.371928	0.0255833
158.386800	0.0250447
158.401673	0.0252338
158.416547	0.0249501
158.431422	0.0243459
158.446297	0.0247914
158.461173	0.0248689
158.476049	0.0259804
158.490927	0.0251802
158.505805	0.0268719
158.520683	0.0240432
158.535563	0.0262170
158.550443	0.0252229
158.565324	0.0258653
158.580205	0.0255135
158.595088	0.0271835
158.609971	0.0271294
158.624854	0.0245813
158.639738	0.0248831
158.654624	0.0250233
158.669509	0.0243718
158.684396	0.0268233
158.699283	0.0263562
158.714171	0.0249364
158.729059	0.0261182
158.743948	0.0265699
158.758838	0.0244769
158.773729	0.0248176
158.788620	0.0254153
158.803512	0.0251508
158.818405	0.0246710
158.833299	0.0255089
158.848193	0.0254493
158.863088	0.0270664
158.877983	0.0248880
158.892880	0.0258867
158.907777	0.0259667
158.922674	0.0278943
158.937573	0.0299481
158.952472	0.0307569
158.967372	0.0323498
158.982272	0.0331487
158.997173	0.0359253
159.012075	0.0350642
159.026978	0.0360391
159.041881	0.0361716
159.056785	0.0347282
159.071690	0.0347384
159.086595	0.0328877
159.101501	0.0329129
159.116408	0.0301621
159.131316	0.0280794
159.146224	0.0282380
159.161133	0.0267778
159.176042	0.0268634
159.190953	0.0246404
159.205864	0.0236712
159.220775	0.0251959
159.235688	0.0246283
159.250601	0.0252526
159.265515	0.0266650
159.280429	0.0248374
159.295345	0.0258642
159.310260	0.0249367
159.325177	0.0250243
159.340094	0.0254575
159.355012	0.0252045
159.369931	0.0250793
159.384851	0.0250577
159.399771	0.0242507
159.414692	0.0273228
159.429613	0.0271710
159.444536	0.0247109
159.459459	0.0262283
159.474382	0.0237790
159.489307	0.0246713
159.504232	0.0246234
159.519157	0.0262136
159.534084	0.0255885
159.549011	0.0256315
159.563939	0.0254954
159.578868	0.0255408
159.593797	0.0244200
159.608727	0.0249717
159.623657	0.0257673
159.638589	0.0251269
159.653521	0.0256705
159.668454	0.0257303
159.683387	0.0242507
159.698321	0.0264413
159.713256	0.0267107
159.728192	0.0252078
159.743128	0.0257522
159.758065	0.0264389
159.773003	0.0272542
159.787941	0.0256835
159.802881	0.0291919
159.817820	0.0266310
159.832761	0.0270571
159.847702	0.0270028
159.862644	0.0275811
159.877587	0.0282537
159.892530	0.0263975
159.907474	0.0274293
159.922419	0.0260925
159.937364	0.0252537
159.952310	0.0257610
159.967257	0.0259844
159.982205	0.0256111
159.997153	0.0255477
160.012102	0.0237775
160.027052	0.0265509
160.042002	0.0256199
160.056953	0.0245864
160.071905	0.0255136
160.086857	0.0266405
160.101811	0.0256206
160.116764	0.0259527
160.131719	0.0257203
160.146674	0.0250344
160.161630	0.0253945
160.176587	0.0249800
160.191544	0.0265471
160.206502	0.0251653
160.221461	0.0254651
160.236421	0.0251263
160.251381	0.0256756
160.266342	0.0261129
160.281303	0.0256258
160.296266	0.0259201
160.311229	0.0243586
160.326192	0.0261131
160.341157	0.0259030
160.356122	0.0238739
160.371088	0.0247289
160.386054	0.0253377
160.401021	0.0264266
160.415989	0.0262194
160.430958	0.0251835
160.445927	0.0243125
160.460897	0.0264592
160.475868	0.0245327
160.490839	0.0257010
160.505812	0.0267273
160.520784	0.0255409
160.535758	0.0254521
160.550732	0.0271912
160.565707	0.0259857
160.580683	0.0239946
160.595659	0.0249245
160.610636	0.0257021
160.625614	0.0247683
160.640592	0.0258275
160.655572	0.0265946
160.670551	0.0248859
160.685532	0.0241318
160.700513	0.0255082
160.715495	0.0261438
160.730478	0.0253119
160.745461	0.0270213
160.760445	0.0246095
160.775430	0.0256016
160.790416	0.0253461
160.805402	0.0257225
160.820389	0.0264823
160.835376	0.0253348
160.850365	0.0249160
160.865353	0.0255846
160.880343	0.0254312
160.895334	0.0262504
160.910325	0.0252196
160.925316	0.0255290
160.940309	0.0249720
160.955302	0.0238595
160.970296	0.0266341
160.985291	0.0252928
161.000286	0.0250068
161.015282	0.0259308
161.030279	0.0248818
161.045276	0.0266938
161.060274	0.0261980
161.075273	0.0252411
161.090273	0.0258069
161.105273	0.0253023
161.120274	0.0244261
161.135275	0.0257480
161.150278	0.0261132
161.165281	0.0268002
161.180285	0.0261136
161.195289	0.0264516
161.210294	0.0239596
161.225300	0.0261598
161.240307	0.0252604
161.255314	0.0247958
161.270322	0.0255767
161.285330	0.0253051
161.300340	0.0262978
161.315350	0.0259631
161.330361	0.0250190
161.345372	0.0246761
161.360384	0.0250596
161.375397	0.0265555
161.390411	0.0245350
161.405425	0.0265634
161.420440	0.0256425
161.435456	0.0253250
161.450472	0.0267312
161.465489	0.0240784
161.480507	0.0250524
161.495525	0.0238321
161.510545	0.0255641
161.525564	0.0253427
161.540585	0.0262201
161.555606	0.0266019
161.570628	0.0247240
161.585651	0.0256198
161.600675	0.0255626
161.615699	0.0257669
161.630723	0.0257960
161.645749	0.0244039
161.660775	0.0246424
161.675802	0.0251887
161.690830	0.0268696
161.705858	0.0237545
161.720887	0.0254190
161.735917	0.0257621
161.750947	0.0250213
161.765978	0.0249755
161.781010	0.0254611
161.796043	0.0269414
161.811076	0.0254526
161.826110	0.0246133
161.841145	0.0250107
161.856180	0.0256908
161.871216	0.0258982
161.886253	0.0252555
161.901290	0.0267891
161.916328	0.0247101
161.931367	0.0248186
161.946407	0.0248314
161.961447	0.0255438
161.976488	0.0252201
161.991530	0.0271638
162.006572	0.0250904
162.021615	0.0252558
162.036659	0.0242182
162.051703	0.0259403
162.066749	0.0258925
162.081794	0.0242555
162.096841	0.0258514
162.111888	0.0261036
162.126936	0.0253331
162.141985	0.0258302
162.157034	0.0255742
162.172085	0.0262727
162.187135	0.0239411
162.202187	0.0258152
162.217239	0.0249000
162.232292	0.0252460
162.247346	0.0247116
162.262400	0.0251076
162.277455	0.0248770
162.292511	0.0244483
162.307567	0.0253040
162.322624	0.0251478
162.337682	0.0260435
162.352740	0.0256529
162.367800	0.0253282
162.382860	0.0259895
162.397920	0.0266848
162.412982	0.0256107
162.428044	0.0263790
162.443106	0.0255183
162.458170	0.0255617
162.473234	0.0254191
162.488299	0.0265312
162.503364	0.0270756
162.518431	0.0258551
162.533498	0.0249136
162.548565	0.0252370
162.563634	0.0241680
162.578703	0.0260197
162.593772	0.0269187
162.608843	0.0246457
162.623914	0.0252366
162.638986	0.0267810
162.654059	0.0272425
162.669132	0.0254874
162.684206	0.0259702
162.699281	0.0251884
162.714356	0.0257521
162.729432	0.0262609
162.744509	0.0256963
162.759586	0.0244002
162.774664	0.0245169
162.789743	0.0259990
162.804823	0.0255755
162.819903	0.0248367
162.834984	0.0266666
162.850066	0.0250600
162.865148	0.0261050
162.880232	0.0247966
162.895315	0.0253318
162.910400	0.0247311
162.925485	0.0251874
162.940571	0.0243120
162.955658	0.0270785
162.970745	0.0247375
162.985833	0.0243129
163.000922	0.0261860
163.016011	0.0252039
163.031101	0.0248689
163.046192	0.0238076
163.061284	0.0250909
163.076376	0.0268785
163.091469	0.0241776
163.106562	0.0262119
163.121657	0.0256755
163.136752	0.0261735
163.151848	0.0241803
163.166944	0.0259088
163.182041	0.0258440
163.197139	0.0269819
163.212238	0.0318725
163.227337	0.0326024
163.242437	0.0437725
163.257538	0.0620221
163.272639	0.0915111
163.287741	0.1366633
163.302844	0.1989502
163.317947	0.2717374
163.333052	0.3443314
163.348156	0.4157426
163.363262	0.4693985
163.378368	0.4853737
163.393475	0.4731724
163.408583	0.4498300
163.423691	0.4016877
163.438800	0.3502752
163.453910	0.2860799
163.469021	0.2307157
163.484132	0.1775012
163.499244	0.1337444
163.514357	0.1010666
163.529470	0.0728052
163.544584	0.0571386
163.559699	0.0439292
163.574814	0.0342249
163.589930	0.0303322
163.605047	0.0276843
163.620164	0.0267138
163.635283	0.0267405
163.650402	0.0255322
163.665521	0.0256907
163.680642	0.0258335
163.695763	0.0256169
163.710884	0.0248263
163.726007	0.0244087
163.741130	0.0262905
163.756254	0.0267298
163.771378	0.0250363
163.786504	0.0250869
163.801630	0.0263748
163.816756	0.0248955
163.831884	0.0258419
163.847012	0.0273572
163.862141	0.0248631
163.877270	0.0251732
163.892400	0.0236127
163.907531	0.0240811
163.922663	0.0253143
163.937795	0.0262276
163.952928	0.0256723
163.968062	0.0258694
163.983196	0.0261371
163.998331	0.0266253
164.013467	0.0241914
164.028603	0.0266455
164.043741	0.0242173
164.058878	0.0241991
164.074017	0.0251213
164.089156	0.0231152
164.104296	0.0260030
164.119437	0.0246355
164.134578	0.0250060
164.149721	0.0255422
164.164863	0.0260055
164.180007	0.0255340
164.195151	0.0248970
164.210296	0.0257700
164.225442	0.0255284
164.240588	0.0255539
164.255735	0.0261845
164.270883	0.0252150
164.286031	0.0266040
164.301180	0.0262563
164.316330	0.0264614
164.331481	0.0256238
164.346632	0.0269134
164.361784	0.0281831
164.376937	0.0275517
164.392090	0.0278457
164.407244	0.0274623
164.422399	0.0264557
164.437554	0.0259043
164.452710	0.0263126
164.467867	0.0268077
164.483025	0.0259016
164.498183	0.0263412
164.513342	0.0269284
164.528502	0.0242518
164.543662	0.0263929
164.558823	0.0250923
164.573985	0.0251031
164.589147	0.0259714
164.604311	0.0253246
164.619475	0.0256243
164.634639	0.0253502
164.649804	0.0270492
164.664970	0.0238958
164.680137	0.0251742
164.695304	0.0254628
164.710473	0.0241348
164.725641	0.0254720
164.740811	0.0246419
164.755981	0.0239427
164.771152	0.0248664
164.786324	0.0249150
164.801496	0.0261279
164.816669	0.0250367
164.831843	0.0248684
164.847017	0.0259647
164.862192	0.0296290
164.877368	0.0285736
164.892545	0.0299218
164.907722	0.0292598
164.922900	0.0294951
164.938078	0.0306526
164.953258	0.0287890
164.968438	0.0277809
164.983619	0.0285539
164.998800	0.0278852
165.013982	0.0249265
165.029165	0.0262400
165.044349	0.0273717
165.059533	0.0245449
165.074718	0.0251359
165.089903	0.0257239
165.105090	0.0251590
165.120277	0.0252236
165.135465	0.0266061
165.150653	0.0246182
165.165842	0.0254572
165.181032	0.0262790
165.196223	0.0242372
165.211414	0.0246481
165.226606	0.0243912
165.241799	0.0257276
165.256992	0.0255945
165.272186	0.0274095
165.287381	0.0265770
165.302576	0.0275510
165.317773	0.0274891
165.332970	0.0318349
165.348167	0.0326812
165.363365	0.0323693
165.378565	0.0349815
165.393764	0.0349777
165.408965	0.0335114
165.424166	0.0320075
165.439368	0.0318635
165.454570	0.0308503
165.469773	0.0299663
165.484977	0.0288232
165.500182	0.0273566
165.515387	0.0267469
165.530593	0.0269312
165.545800	0.0257554
165.561007	0.0252254
165.576216	0.0265811
165.591424	0.0245211
165.606634	0.0237825
165.621844	0.0251174
165.637055	0.0245145
165.652267	0.0233013
165.667479	0.0243451
165.682692	0.0244897
165.697906	0.0262217
165.713120	0.0254881
165.728336	0.0258448
165.743551	0.0248807
165.758768	0.0239116
165.773985	0.0259181
165.789203	0.0249502
165.804422	0.0254002
165.819641	0.0233008
165.834861	0.0254041
165.850082	0.0251791
165.865304	0.0243253
165.880526	0.0268504
165.895749	0.0244527
165.910972	0.0226370
165.926197	0.0253592
165.941422	0.0255348
165.956647	0.0241634
165.971874	0.0253947
165.987101	0.0258341
166.002329	0.0251287
166.017557	0.0250552
166.032786	0.0260177
166.048016	0.0254558
166.063247	0.0256607
166.078478	0.0258631
166.093710	0.0260069
166.108943	0.0271547
166.124176	0.0250553
166.139410	0.0255323
166.154645	0.0264547
166.169881	0.0252273
166.185117	0.0262444
166.200354	0.0256656
166.215592	0.0259599
166.230830	0.0247629
166.246069	0.0267669
166.261309	0.0254809
166.276549	0.0253900
166.291790	0.0252610
166.307032	0.0246698
166.322275	0.0265550
166.337518	0.0258498
166.352762	0.0254078
166.368007	0.0250068
166.383252	0.0263008
166.398498	0.0255910
166.413745	0.0250070
166.428992	0.0251941
166.444241	0.0258182
166.459489	0.0245298
166.474739	0.0248768
166.489989	0.0241352
166.505240	0.0243259
166.520492	0.0257796
166.535744	0.0257350
166.550997	0.0260541
166.566251	0.0256129
166.581506	0.0250356
166.596761	0.0263102
166.612017	0.0252959
166.627273	0.0248088
166.642531	0.0242339
166.657789	0.0261904
166.673048	0.0258717
166.688307	0.0245904
166.703567	0.0252501
166.718828	0.0263723
166.734089	0.0256175
166.749352	0.0257764
166.764615	0.0249439
166.779878	0.0241788
166.795143	0.0234327
166.810408	0.0238523
166.825673	0.0245510
166.840940	0.0264425
166.856207	0.0253816
166.871475	0.0246978
166.886743	0.0239705
166.902013	0.0251242
166.917282	0.0254624
166.932553	0.0234750
166.947824	0.0251402
166.963097	0.0272696
166.978369	0.0254856
166.993643	0.0253996
167.008917	0.0256144
167.024192	0.0251929
167.039467	0.0252598
167.054744	0.0257044
167.070021	0.0250165
167.085298	0.0252718
167.100577	0.0253788
167.115856	0.0251157
167.131136	0.0261183
167.146416	0.0253057
167.161697	0.0261084
167.176979	0.0270200
167.192262	0.0274748
167.207545	0.0301920
167.222829	0.0366639
167.238114	0.0446260
167.253399	0.0619129
167.268685	0.0807081
167.283972	0.1092482
167.299260	0.1399630
167.314548	0.1712417
167.329837	0.1946830
167.345126	0.2102259
167.360417	0.2147751
167.375708	0.2066682
167.390999	0.1875296
167.406292	0.1655355
167.421585	0.1425227
167.436879	0.1200513
167.452173	0.0967958
167.467468	0.0775829
167.482764	0.0629274
167.498061	0.0497610
167.513358	0.0412703
167.528656	0.0352174
167.543955	0.0321078
167.559255	0.0279387
167.574555	0.0265947
167.589856	0.0270361
167.605157	0.0248601
167.620460	0.0256855
167.635762	0.0254246
167.651066	0.0246414
167.666371	0.0238363
167.681676	0.0236379
167.696981	0.0254623
167.712288	0.0254939
167.727595	0.0263931
167.742903	0.0254924
167.758211	0.0247182
167.773521	0.0258302
167.788831	0.0270717
167.804141	0.0255285
167.819453	0.0267078
167.834765	0.0258901
167.850078	0.0267899
167.865391	0.0240522
167.880705	0.0242390
167.896020	0.0245584
167.911336	0.0257541
167.926652	0.0248926
167.941969	0.0264184
167.957287	0.0234199
167.972605	0.0258577
167.987924	0.0252337
168.003244	0.0256997
168.018565	0.0237941
168.033886	0.0240511
168.049208	0.0249129
168.064531	0.0266814
168.079854	0.0249087
168.095178	0.0264721
168.110503	0.0256608
168.125828	0.0250494
168.141154	0.0251095
168.156481	0.0259852
168.171809	0.0250187
168.187137	0.0251949
168.202466	0.0247609
168.217796	0.0264492
168.233126	0.0245956
168.248457	0.0253437
168.263789	0.0244408
168.279121	0.0260719
168.294454	0.0251134
168.309788	0.0251228
168.325123	0.0260046
168.340458	0.0267149
168.355794	0.0276711
168.371131	0.0251950
168.386468	0.0271629
168.401806	0.0271731
168.417145	0.0260615
168.432485	0.0277762
168.447825	0.0255643
168.463166	0.0252674
168.478507	0.0255940
168.493849	0.0250869
168.509192	0.0250140
168.524536	0.0258210
168.539881	0.0268733
168.555226	0.0258006
168.570572	0.0255043
168.585918	0.0251927
168.601265	0.0257715
168.616613	0.0248321
168.631962	0.0258431
168.647311	0.0254063
168.662661	0.0248289
168.678012	0.0255167
168.693363	0.0244291
168.708715	0.0265075
168.724068	0.0263210
168.739422	0.0252390
168.754776	0.0249069
168.770131	0.0257095
168.785487	0.0253763
168.800843	0.0251671
168.816200	0.0260624
168.831558	0.0243552
168.846916	0.0249472
168.862275	0.0244907
168.877635	0.0256971
168.892996	0.0258060
168.908357	0.0253107
168.923719	0.0248091
168.939082	0.0260176
168.954445	0.0246907
168.969809	0.0269300
168.985174	0.0252467
169.000539	0.0254952
169.015906	0.0245069
169.031272	0.0249287
169.046640	0.0253577
169.062008	0.0258317
169.077377	0.0249209
169.092747	0.0248084
169.108117	0.0267606
169.123488	0.0258871
169.138860	0.0255213
169.154233	0.0252202
169.169606	0.0250216
169.184980	0.0251967
169.200355	0.0239319
169.215730	0.0251591
169.231106	0.0250127
169.246483	0.0274836
169.261860	0.0270020
169.277238	0.0279638
169.292617	0.0288690
169.307996	0.0305683
169.323377	0.0316568
169.338758	0.0313102
169.354139	0.0313808
169.369522	0.0317215
169.384905	0.0306271
169.400288	0.0304923
169.415673	0.0306046
169.431058	0.0290434
169.446444	0.0274123
169.461830	0.0264928
169.477218	0.0280930
169.492606	0.0246513
169.507994	0.0261098
169.523384	0.0252543
169.538774	0.0251621
169.554164	0.0249781
169.569556	0.0260543
169.584948	0.0247255
169.600341	0.0262922
169.615734	0.0258973
169.631129	0.0261413
169.646524	0.0263420
169.661919	0.0247099
169.677316	0.0256537
169.692713	0.0242123
169.708111	0.0250766
169.723509	0.0255012
169.738908	0.0264359
169.754308	0.0268938
169.769709	0.0263757
169.785110	0.0273621
169.800512	0.0267164
169.815915	0.0283819
169.831318	0.0298006
169.846722	0.0299323
169.862127	0.0313767
169.877533	0.0313172
169.892939	0.0322978
169.908346	0.0319103
169.923753	0.0308102
169.939162	0.0300232
169.954571	0.0289766
169.969980	0.0301045
169.985391	0.0284124
170.000802	0.0272288
170.016214	0.0274180
170.031626	0.0294210
170.047040	0.0276743
170.062454	0.0267507
170.077868	0.0273194
170.093284	0.0280614
170.108700	0.0270983
170.124116	0.0261524
170.139534	0.0270056
170.154952	0.0262591
170.170371	0.0265205
170.185790	0.0253466
170.201211	0.0252463
170.216632	0.0257865
170.232053	0.0253131
170.247476	0.0244889
170.262899	0.0261528
170.278323	0.0247775
170.293747	0.0275274
170.309172	0.0242365
170.324598	0.0259816
170.340025	0.0250558
170.355452	0.0252434
170.370880	0.0258497
170.386309	0.0254168
170.401738	0.0248735
170.417168	0.0243447
170.432599	0.0261353
170.448030	0.0255118
170.463463	0.0254732
170.478896	0.0245817
170.494329	0.0255801
170.509764	0.0254808
170.525199	0.0238156
170.540634	0.0248571
170.556071	0.0251464
170.571508	0.0249696
170.586946	0.0257720
170.602384	0.0252542
170.617823	0.0247707
170.633263	0.0261497
170.648704	0.0259648
170.664145	0.0235186
170.679587	0.0243457
170.695030	0.0246894
170.710474	0.0250917
170.725918	0.0257645
170.741363	0.0269138
170.756808	0.0257970
170.772254	0.0260557
170.787701	0.0253302
170.803149	0.0255071
170.818597	0.0254185
170.834046	0.0260337
170.849496	0.0250739
170.864947	0.0245455
170.880398	0.0247358
170.895850	0.0251364
170.911302	0.0255275
170.926755	0.0249080
170.942209	0.0248988
170.957664	0.0255847
170.973120	0.0246326
170.988576	0.0272592
171.004032	0.0243961
171.019490	0.0243958
171.034948	0.0260922
171.050407	0.0236120
171.065867	0.0258091
171.081327	0.0251921
171.096788	0.0257705
171.112250	0.0248031
171.127712	0.0249201
171.143175	0.0240979
171.158639	0.0255910
171.174103	0.0262550
171.189569	0.0250764
171.205035	0.0269229
171.220501	0.0241971
171.235969	0.0251717
171.251437	0.0244578
171.266905	0.0284707
171.282375	0.0263598
171.297845	0.0252803
171.313316	0.0246788
171.328787	0.0265807
171.344259	0.0251852
171.359732	0.0244242
171.375206	0.0254374
171.390680	0.0262735
171.406155	0.0261938
171.421631	0.0256622
171.437108	0.0255232
171.452585	0.0247686
171.468063	0.0255451
171.483541	0.0252399
171.499021	0.0268643
171.514501	0.0258567
171.529981	0.0243369
171.545463	0.0256949
171.560945	0.0257334
171.576427	0.0244630
171.591911	0.0261415
171.607395	0.0252742
171.622880	0.0239767
171.638366	0.0261876
171.653852	0.0241727
171.669339	0.0249573
171.684827	0.0254440
171.700315	0.0267553
171.715804	0.0255267
171.731294	0.0246777
171.746784	0.0255627
171.762276	0.0259971
171.777767	0.0253538
171.793260	0.0245734
171.808753	0.0246942
171.824247	0.0243145
171.839742	0.0257708
171.855238	0.0251050
171.870734	0.0254725
171.886230	0.0251837
171.901728	0.0249898
171.917226	0.0249141
171.932725	0.0235706
171.948225	0.0254320
171.963725	0.0246899
171.979226	0.0252678
171.994728	0.0255899
172.010230	0.0255653
172.025734	0.0246047
172.041237	0.0254069
172.056742	0.0255051
172.072247	0.0254087
172.087753	0.0241250
172.103260	0.0245340
172.118767	0.0234252
172.134275	0.0257515
172.149784	0.0238160
172.165293	0.0249307
172.180804	0.0252524
172.196315	0.0249413
172.211826	0.0259928
172.227338	0.0247326
172.242851	0.0246762
172.258365	0.0248976
172.273879	0.0261375
172.289395	0.0257189
172.304910	0.0266396
172.320427	0.0249331
172.335944	0.0239873
172.351462	0.0242816
172.366980	0.0245746
172.382500	0.0244347
172.398020	0.0243444
172.413540	0.0252447
172.429062	0.0256954
172.444584	0.0253361
172.460107	0.0262017
172.475630	0.0240769
172.491155	0.0255792
172.506679	0.0232437
172.522205	0.0246887
172.537731	0.0251741
172.553258	0.0256165
172.568786	0.0244537
172.584315	0.0240291
172.599844	0.0251661
172.615374	0.0252723
172.630904	0.0241779
172.646435	0.0256739
172.661967	0.0250473
172.677500	0.0242001
172.693033	0.0251387
172.708567	0.0249507
172.724102	0.0238331
172.739638	0.0250063
172.755174	0.0252329
172.770711	0.0253730
172.786248	0.0250080
172.801786	0.0254135
172.817325	0.0259125
172.832865	0.0247818
172.848405	0.0251731
172.863947	0.0254498
172.879488	0.0245067
172.895031	0.0247955
172.910574	0.0258972
172.926118	0.0257919
172.941662	0.0253516
172.957208	0.0250943
172.972754	0.0254662
172.988300	0.0263777
173.003848	0.0257646
173.019396	0.0254903
173.034945	0.0246593
173.050494	0.0244833
173.066045	0.0255159
173.081595	0.0245296
173.097147	0.0256888
173.112699	0.0252251
173.128252	0.0245697
173.143806	0.0250464
173.159361	0.0243999
173.174916	0.0243907
173.190471	0.0252346
173.206028	0.0245305
173.221585	0.0240731
173.237143	0.0248179
173.252702	0.0256678
173.268261	0.0242191
173.283821	0.0245446
173.299382	0.0244629
173.314943	0.0247757
173.330506	0.0250777
173.346068	0.0264537
173.361632	0.0251869
173.377196	0.0242262
173.392761	0.0251619
173.408327	0.0250079
173.423893	0.0248449
173.439460	0.0254557
173.455028	0.0249174
173.470596	0.0235668
173.486166	0.0247674
173.501736	0.0243757
173.517306	0.0268601
173.532877	0.0253273
173.548449	0.0260613
173.564022	0.0256072
173.579595	0.0248632
173.595170	0.0252037
173.610744	0.0256467
173.626320	0.0234662
173.641896	0.0255406
173.657473	0.0260623
173.673051	0.0258020
173.688629	0.0252726
173.704208	0.0246713
173.719788	0.0251659
173.735368	0.0227842
173.750949	0.0235082
173.766531	0.0232875
173.782113	0.0266206
173.797697	0.0256755
173.813281	0.0265669
173.828865	0.0268596
173.844450	0.0274672
173.860037	0.0284915
173.875623	0.0292383
173.891211	0.0299246
173.906799	0.0300427
173.922388	0.0308578
173.937977	0.0300339
173.953567	0.0281732
173.969158	0.0293052
173.984750	0.0284461
174.000342	0.0287609
174.015935	0.0274512
174.031529	0.0269454
174.047124	0.0263787
174.062719	0.0246147
174.078315	0.0267274
174.093911	0.0251171
174.109509	0.0229985
174.125107	0.0250230
174.140705	0.0266234
174.156305	0.0255878
174.171905	0.0251425
174.187505	0.0243584
174.203107	0.0249148
174.218709	0.0246936
174.234312	0.0239883
174.249916	0.0256690
174.265520	0.0260696
174.281125	0.0248852
174.296731	0.0260446
174.312337	0.0255225
174.327944	0.0253418
174.343552	0.0246656
174.359160	0.0266971
174.374770	0.0252793
174.390380	0.0239719
174.405990	0.0234446
174.421601	0.0247835
174.437213	0.0245558
174.452826	0.0248051
174.468440	0.0241873
174.484054	0.0252817
174.499669	0.0258968
174.515284	0.0236722
174.530900	0.0250054
174.546517	0.0245280
174.562135	0.0246449
174.577753	0.0249532
174.593372	0.0259111
174.608992	0.0247449
174.624613	0.0244866
174.640234	0.0249910
174.655856	0.0259370
174.671478	0.0251130
174.687101	0.0247533
174.702725	0.0245253
174.718350	0.0245457
174.733975	0.0261234
174.749601	0.0258842
174.765228	0.0247747
174.780856	0.0247939
174.796484	0.0251159
174.812113	0.0261269
174.827742	0.0252129
174.843373	0.0260694
174.859004	0.0258199
174.874635	0.0268387
174.890268	0.0248254
174.905901	0.0259495
174.921534	0.0247354
174.937169	0.0254034
174.952804	0.0245261
174.968440	0.0248556
174.984077	0.0233006
174.999714	0.0259808
175.015352	0.0263798
175.030991	0.0249163
175.046630	0.0253098
175.062270	0.0248889
175.077911	0.0245638
175.093553	0.0237288
175.109195	0.0253132
175.124838	0.0248473
175.140481	0.0255822
175.156126	0.0249008
175.171771	0.0242354
175.187416	0.0261741
175.203063	0.0254502
175.218710	0.0244792
175.234358	0.0249087
175.250006	0.0238161
175.265656	0.0234785
175.281306	0.0245866
175.296956	0.0257837
175.312608	0.0257951
175.328260	0.0239119
175.343912	0.0247124
175.359566	0.0262642
175.375220	0.0246619
175.390875	0.0262299
175.406531	0.0257821
175.422187	0.0246739
175.437844	0.0241527
175.453501	0.0248756
175.469160	0.0248236
175.484819	0.0243268
175.500479	0.0251885
175.516139	0.0252939
175.531800	0.0256608
175.547462	0.0245960
175.563125	0.0242271
175.578788	0.0274744
175.594452	0.0259627
175.610117	0.0258169
175.625782	0.0265959
175.641448	0.0243833
175.657115	0.0251013
175.672783	0.0246275
175.688451	0.0244888
175.704120	0.0251931
175.719789	0.0240790
175.735460	0.0237532
175.751131	0.0254280
175.766802	0.0267681
175.782475	0.0239857
175.798148	0.0254940
175.813822	0.0248864
175.829496	0.0252109
175.845172	0.0235887
175.860848	0.0245173
175.876524	0.0257546
175.892202	0.0236615
175.907880	0.0259959
175.923558	0.0237172
175.939238	0.0249780
175.954918	0.0245805
175.970599	0.0247234
175.986280	0.0241613
176.001963	0.0248123
176.017646	0.0250120
176.033329	0.0254747
176.049014	0.0259086
176.064699	0.0251689
176.080384	0.0246660
176.096071	0.0261365
176.111758	0.0248588
176.127446	0.0253935
176.143135	0.0245788
176.158824	0.0256382
176.174514	0.0255049
176.190205	0.0259913
176.205896	0.0267674
176.221588	0.0260852
176.237281	0.0245988
176.252974	0.0264409
176.268668	0.0238753
176.284363	0.0259624
176.300059	0.0242791
176.315755	0.0245584
176.331452	0.0255230
176.347150	0.0249432
176.362848	0.0253986
176.378548	0.0254754
176.394247	0.0247773
176.409948	0.0262275
176.425649	0.0246549
176.441351	0.0240411
176.457054	0.0251748
176.472757	0.0246118
176.488461	0.0246098
176.504166	0.0254994
176.519871	0.0266115
176.535577	0.0251000
176.551284	0.0259499
176.566992	0.0245412
176.582700	0.0256896
176.598409	0.0242485
176.614119	0.0229933
176.629829	0.0245644
176.645540	0.0251419
176.661252	0.0243215
176.676964	0.0246277
176.692677	0.0249548
176.708391	0.0271076
176.724106	0.0243081
176.739821	0.0255923
176.755537	0.0245328
176.771254	0.0242245
176.786971	0.0236174
176.802689	0.0248744
176.818408	0.0250962
176.834128	0.0260016
176.849848	0.0243114
176.865569	0.0242420
176.881290	0.0262227
176.897012	0.0243036
176.912735	0.0256496
176.928459	0.0252264
176.944184	0.0255663
176.959909	0.0251472
176.975635	0.0247385
176.991361	0.0252965
177.007088	0.0250002
177.022816	0.0248561
177.038545	0.0253544
177.054274	0.0262656
177.070004	0.0233549
177.085735	0.0257053
177.101466	0.0248275
177.117198	0.0248224
177.132931	0.0245185
177.148665	0.0243965
177.164399	0.0248018
177.180134	0.0253137
177.195870	0.0247880
177.211606	0.0243026
177.227343	0.0241451
177.243081	0.0249595
177.258819	0.0242352
177.274558	0.0264395
177.290298	0.0242011
177.306039	0.0243832
177.321780	0.0239048
177.337522	0.0259149
177.353265	0.0241093
177.369008	0.0255233
177.384752	0.0242923
177.400497	0.0252616
177.416242	0.0233567
177.431988	0.0238527
177.447735	0.0262018
177.463483	0.0250601
177.479231	0.0246412
177.494980	0.0263521
177.510730	0.0246785
177.526480	0.0234610
177.542231	0.0252167
177.557983	0.0264435
177.573736	0.0242124
177.589489	0.0243622
177.605243	0.0262338
177.620997	0.0254167
177.636753	0.0235121
177.652509	0.0237283
177.668265	0.0239123
177.684023	0.0238773
177.699781	0.0256401
177.715540	0.0252180
177.731299	0.0242526
177.747060	0.0233397
177.762821	0.0245053
177.778582	0.0240181
177.794344	0.0242806
177.810108	0.0252145
177.825871	0.0261158
177.841636	0.0253452
177.857401	0.0251768
177.873167	0.0243247
177.888933	0.0244784
177.904700	0.0246757
177.920468	0.0254147
177.936237	0.0240396
177.952006	0.0260660
177.967776	0.0256461
177.983547	0.0246624
177.999319	0.0254170
178.015091	0.0256536
178.030864	0.0248591
178.046637	0.0240184
178.062412	0.0246523
178.078187	0.0259317
178.093962	0.0246261
178.109739	0.0244210
178.125516	0.0254516
178.141294	0.0241188
178.157072	0.0241783
178.172851	0.0248134
178.188631	0.0237897
178.204412	0.0258874
178.220193	0.0253451
178.235975	0.0254744
178.251758	0.0238506
178.267541	0.0252141
178.283325	0.0242948
178.299110	0.0242778
178.314896	0.0240420
178.330682	0.0232950
178.346469	0.0243998
178.362256	0.0242380
178.378045	0.0252448
178.393834	0.0258995
178.409623	0.0248702
178.425414	0.0257538
178.441205	0.0241083
178.456997	0.0236334
178.472789	0.0248259
178.488583	0.0257246
178.504376	0.0255212
178.520171	0.0244168
178.535966	0.0240933
178.551763	0.0247735
178.567559	0.0246176
178.583357	0.0249839
178.599155	0.0245940
178.614954	0.0249744
178.630753	0.0247584
178.646554	0.0249399
178.662355	0.0237618
178.678156	0.0257438
178.693959	0.0248041
178.709762	0.0252614
178.725565	0.0240936
178.741370	0.0232239
178.757175	0.0232976
178.772981	0.0236860
178.788788	0.0256500
178.804595	0.0251446
178.820403	0.0244775
178.836211	0.0256511
178.852021	0.0238465
178.867831	0.0254574
178.883642	0.0237428
178.899453	0.0241993
178.915265	0.0261176
178.931078	0.0254130
178.946892	0.0240383
178.962706	0.0231791
178.978521	0.0259654
178.994337	0.0234142
179.010153	0.0247438
179.025971	0.0260517
179.041788	0.0250130
179.057607	0.0244131
179.073426	0.0250714
179.089246	0.0243698
179.105067	0.0239504
179.120888	0.0242665
179.136710	0.0257442
179.152533	0.0241595
179.168356	0.0245117
179.184180	0.0233416
179.200005	0.0255950
179.215831	0.0252551
179.231657	0.0257700
179.247484	0.0271306
179.263312	0.0276741
179.279140	0.0301524
179.294969	0.0327478
179.310799	0.0343951
179.326629	0.0344593
179.342461	0.0348320
179.358292	0.0358721
179.374125	0.0341578
179.389958	0.0329246
179.405792	0.0331970
179.421627	0.0308562
179.437462	0.0291363
179.453298	0.0297567
179.469135	0.0277001
179.484973	0.0254940
179.500811	0.0263890
179.516650	0.0253642
179.532489	0.0250926
179.548330	0.0254772
179.564171	0.0257659
179.580012	0.0250071
179.595855	0.0240339
179.611698	0.0240510
179.627542	0.0256424
179.643386	0.0247001
179.659231	0.0242339
179.675077	0.0242911
179.690924	0.0244624
179.706771	0.0260890
179.722619	0.0239783
179.738468	0.0238346
179.754317	0.0255612
179.770168	0.0253483
179.786018	0.0251195
179.801870	0.0248931
179.817722	0.0244485
179.833575	0.0261343
179.849429	0.0242326
179.865283	0.0250795
179.881138	0.0261064
179.896994	0.0254035
179.912850	0.0236448
179.928708	0.0248766
179.944565	0.0253740
179.960424	0.0257075
179.976283	0.0254841
179.992143	0.0255660
180.008004	0.0240295
180.023865	0.0239705
180.039727	0.0256275
180.055590	0.0263836
180.071454	0.0250185
180.087318	0.0241201
180.103183	0.0247473
180.119048	0.0249769
180.134915	0.0241239
180.150781	0.0240727
180.166649	0.0248121
180.182518	0.0260608
180.198387	0.0236231
180.214256	0.0241705
180.230127	0.0245353
180.245998	0.0245183
180.261870	0.0244188
180.277743	0.0248210
180.293616	0.0261553
180.309490	0.0244784
180.325365	0.0245816
180.341240	0.0237676
180.357116	0.0246048
180.372993	0.0254839
180.388871	0.0241430
180.404749	0.0257224
180.420628	0.0248001
180.436507	0.0251707
180.452388	0.0256873
180.468269	0.0243655
180.484151	0.0261693
180.500033	0.0250402
180.515916	0.0241020
180.531800	0.0240037
180.547685	0.0257737
180.563570	0.0244867
180.579456	0.0240626
180.595342	0.0239295
180.611230	0.0234987
180.627118	0.0240885
180.643007	0.0253688
180.658896	0.0244786
180.674786	0.0254951
180.690677	0.0237811
180.706569	0.0243402
180.722461	0.0226052
180.738354	0.0258862
180.754248	0.0253664
180.770142	0.0240532
180.786037	0.0244918
180.801933	0.0248308
180.817829	0.0254433
180.833727	0.0267350
180.849624	0.0250734
180.865523	0.0262975
180.881422	0.0257977
180.897322	0.0244704
180.913223	0.0238805
180.929125	0.0238607
180.945027	0.0253380
180.960929	0.0253502
180.976833	0.0252501
180.992737	0.0255274
181.008642	0.0247856
181.024548	0.0263898
181.040454	0.0244884
181.056361	0.0258301
181.072269	0.0243382
181.088177	0.0244003
181.104086	0.0242746
181.119996	0.0253850
181.135907	0.0243416
181.151818	0.0238660
181.167730	0.0243099
181.183643	0.0245017
181.199556	0.0266024
181.215470	0.0282467
181.231385	0.0311468
181.247300	0.0379914
181.263216	0.0506523
181.279133	0.0709869
181.295051	0.1046902
181.310969	0.1491669
181.326888	0.2091616
181.342808	0.2698231
181.358728	0.3376605
181.374649	0.3860636
181.390571	0.4257984
181.406493	0.4320311
181.422417	0.4107447
181.438340	0.3804295
181.454265	0.3402061
181.470190	0.2874746
181.486116	0.2399328
181.502043	0.1928792
181.517970	0.1491990
181.533899	0.1125547
181.549827	0.0849985
181.565757	0.0610943
181.581687	0.0498534
181.597618	0.0389213
181.613550	0.0335734
181.629482	0.0294708
181.645415	0.0258432
181.661349	0.0251308
181.677283	0.0237978
181.693218	0.0244223
181.709154	0.0265996
181.725090	0.0246654
181.741028	0.0252149
181.756966	0.0245361
181.772904	0.0236064
181.788844	0.0250046
181.804784	0.0241251
181.820724	0.0242362
181.836666	0.0254668
181.852608	0.0258183
181.868551	0.0242811
181.884494	0.0239122
181.900439	0.0248389
181.916384	0.0231933
181.932329	0.0246327
181.948276	0.0240786
181.964223	0.0234882
181.980170	0.0236374
181.996119	0.0251630
182.012068	0.0239182
182.028018	0.0250062
182.043969	0.0246300
182.059920	0.0235023
182.075872	0.0246140
182.091825	0.0253343
182.107778	0.0235358
182.123732	0.0253210
182.139687	0.0249468
182.155642	0.0239205
182.171598	0.0247870
182.187555	0.0242384
182.203513	0.0234657
182.219471	0.0245204
182.235430	0.0248528
182.251390	0.0249591
182.267350	0.0238072
182.283312	0.0241115
182.299273	0.0251165
182.315236	0.0262195
182.331199	0.0255422
182.347163	0.0252095
182.363128	0.0247017
182.379093	0.0266652
182.395059	0.0271070
182.411026	0.0273783
182.426993	0.0263072
182.442961	0.0276277
182.458930	0.0241491
182.474900	0.0251628
182.490870	0.0246023
182.506841	0.0236412
182.522813	0.0262345
182.538785	0.0261518
182.554758	0.0249266
182.570732	0.0244210
182.586706	0.0253325
182.602681	0.0240259
182.618657	0.0251026
182.634634	0.0248227
182.650611	0.0259642
182.666589	0.0237874
182.682568	0.0248171
182.698547	0.0250855
182.714527	0.0240948
182.730508	0.0234806
182.746489	0.0244248
182.762472	0.0257161
182.778454	0.0249155
182.794438	0.0237940
182.810422	0.0259141
182.826407	0.0234416
182.842393	0.0243384
182.858379	0.0256858
182.874366	0.0253908
182.890354	0.0249434
182.906343	0.0242867
182.922332	0.0238439
182.938322	0.0243375
182.954313	0.0260986
182.970304	0.0250091
182.986296	0.0239150
183.002289	0.0249004
183.018282	0.0243462
183.034276	0.0247864
183.050271	0.0228467
183.066266	0.0238389
183.082263	0.0236339
183.098260	0.0242459
183.114257	0.0254382
183.130256	0.0240650
183.146255	0.0250371
183.162254	0.0233089
183.178255	0.0241544
183.194256	0.0251023
183.210258	0.0250502
183.226260	0.0243071
183.242264	0.0244787
183.258268	0.0250690
183.274272	0.0256988
183.290278	0.0263106
183.306284	0.0271790
183.322291	0.0274784
183.338298	0.0287269
183.354306	0.0319217
183.370315	0.0329132
183.386325	0.0308584
183.402335	0.0335641
183.418346	0.0315259
183.434358	0.0326959
183.450370	0.0314899
183.466383	0.0307818
183.482397	0.0303266
183.498411	0.0272916
183.514427	0.0280355
183.530442	0.0263075
183.546459	0.0252631
183.562476	0.0252985
183.578494	0.0259797
183.594513	0.0259654
183.610532	0.0241221
183.626553	0.0244393
183.642573	0.0240510
183.658595	0.0246582
183.674617	0.0243590
183.690640	0.0250077
183.706664	0.0249717
183.722688	0.0230613
183.738713	0.0245640
183.754739	0.0248005
183.770765	0.0239961
183.786792	0.0258810
183.802820	0.0243263
183.818849	0.0245624
183.834878	0.0232828
183.850908	0.0224622
183.866939	0.0248707
183.882970	0.0227220
183.899002	0.0234539
183.915035	0.0242252
183.931068	0.0231700
183.947102	0.0260154
183.963137	0.0252294
183.979173	0.0229411
183.995209	0.0233812
184.011246	0.0243023
184.027284	0.0241001
184.043322	0.0254093
184.059361	0.0238696
184.075401	0.0242757
184.091441	0.0246041
184.107483	0.0246980
184.123525	0.0245695
184.139567	0.0253674
184.155610	0.0248433
184.171654	0.0240323
184.187699	0.0238002
184.203744	0.0245596
184.219791	0.0249652
184.235837	0.0239918
184.251885	0.0249342
184.267933	0.0246889
184.283982	0.0238688
184.300032	0.0243331
184.316082	0.0226392
184.332133	0.0237725
184.348185	0.0243260
184.364237	0.0242843
184.380290	0.0236428
184.396344	0.0243886
184.412399	0.0249640
184.428454	0.0244755
184.444510	0.0246278
184.460566	0.0252098
184.476624	0.0246628
184.492682	0.0239724
184.508741	0.0244471
184.524800	0.0249452
184.540860	0.0244489
184.556921	0.0231732
184.572983	0.0247163
184.589045	0.0243312
184.605108	0.0238654
184.621171	0.0244266
184.637236	0.0248675
184.653301	0.0239370
184.669367	0.0245084
184.685433	0.0252048
184.701500	0.0234518
184.717568	0.0233157
184.733637	0.0240453
184.749706	0.0231475
184.765776	0.0244313
184.781847	0.0239280
184.797918	0.0232261
184.813990	0.0247618
184.830063	0.0231128
184.846136	0.0251431
184.862211	0.0244256
184.878286	0.0241092
184.894361	0.0240274
184.910437	0.0235755
184.926515	0.0262441
184.942592	0.0235161
184.958671	0.0259791
184.974750	0.0243200
184.990830	0.0256828
185.006910	0.0230924
185.022991	0.0227883
185.039073	0.0224547
185.055156	0.0257746
185.071239	0.0241337
185.087323	0.0237807
185.103408	0.0250805
185.119493	0.0234694
185.135580	0.0240974
185.151666	0.0244105
185.167754	0.0242077
185.183842	0.0258902
185.199931	0.0247695
185.216021	0.0280397
185.232111	0.0342784
185.248202	0.0425841
185.264294	0.0526226
185.280386	0.0685748
185.296480	0.0890344
185.312573	0.1132238
185.328668	0.1380973
185.344763	0.1582468
185.360859	0.1754704
185.376956	0.1769861
185.393053	0.1729926
185.409151	0.1619841
185.425250	0.1490818
185.441350	0.1330046
185.457450	0.1101650
185.473551	0.0915105
185.489652	0.0756670
185.505755	0.0598965
185.521858	0.0475351
185.537961	0.0404998
185.554066	0.0368442
185.570171	0.0316980
185.586277	0.0285211
185.602383	0.0275253
185.618490	0.0263172
185.634598	0.0241335
185.650707	0.0242396
185.666816	0.0234101
185.682926	0.0242342
185.699037	0.0229401
185.715148	0.0253534
185.731260	0.0251864
185.747373	0.0244174
185.763487	0.0234954
185.779601	0.0244719
185.795716	0.0237628
185.811832	0.0242059
185.827948	0.0261578
185.844065	0.0236861
185.860183	0.0226610
185.876301	0.0247804
185.892420	0.0254971
185.908540	0.0243860
185.924661	0.0233896
185.940782	0.0247654
185.956904	0.0243972
185.973027	0.0238765
185.989150	0.0242401
186.005274	0.0243639
186.021399	0.0238832
186.037524	0.0235649
186.053651	0.0236980
186.069777	0.0219244
186.085905	0.0242270
186.102033	0.0247308
186.118162	0.0235759
186.134292	0.0242551
186.150422	0.0236696
186.166553	0.0236797
186.182685	0.0248354
186.198818	0.0228647
186.214951	0.0243349
186.231085	0.0233268
186.247219	0.0235978
186.263355	0.0243212
186.279491	0.0240732
186.295628	0.0246584
186.311765	0.0235845
186.327903	0.0233969
186.344042	0.0250309
186.360181	0.0252989
186.376322	0.0250828
186.392463	0.0234833
186.408604	0.0232317
186.424747	0.0246701
186.440890	0.0250200
186.457033	0.0235311
186.473178	0.0249001
186.489323	0.0251683
186.505469	0.0242092
186.521615	0.0248404
186.537763	0.0254662
186.553910	0.0242563
186.570059	0.0256699
186.586208	0.0261257
186.602359	0.0236245
186.618509	0.0239062
186.634661	0.0222675
186.650813	0.0237314
186.666966	0.0244644
186.683119	0.0234394
186.699274	0.0246642
186.715429	0.0237611
186.731584	0.0256702
186.747741	0.0228004
186.763898	0.0245547
186.780056	0.0245238
186.796214	0.0248975
186.812373	0.0241759
186.828533	0.0238150
186.844694	0.0222582
186.860855	0.0247363
186.877017	0.0244939
186.893180	0.0247393
186.909343	0.0248341
186.925507	0.0245914
186.941672	0.0251541
186.957838	0.0253926
186.974004	0.0236323
186.990171	0.0242330
187.006338	0.0240118
187.022507	0.0254426
187.038676	0.0239243
187.054845	0.0248460
187.071016	0.0237391
187.087187	0.0246922
187.103359	0.0242386
187.119531	0.0236539
187.135704	0.0247006
187.151878	0.0255730
187.168053	0.0245214
187.184228	0.0229023
187.200404	0.0239835
187.216581	0.0249940
187.232759	0.0247343
187.248937	0.0244740
187.265116	0.0230765
187.281295	0.0264136
187.297476	0.0248625
187.313656	0.0242378
187.329838	0.0244950
187.346021	0.0248385
187.362204	0.0255347
187.378387	0.0278775
187.394572	0.0272001
187.410757	0.0272896
187.426943	0.0262609
187.443129	0.0247352
187.459317	0.0261218
187.475505	0.0252098
187.491693	0.0237830
187.507883	0.0247090
187.524073	0.0253683
187.540264	0.0240306
187.556455	0.0254669
187.572647	0.0256552
187.588840	0.0247541
187.605034	0.0241326
187.621228	0.0239027
187.637423	0.0246620
187.653619	0.0242859
187.669815	0.0257994
187.686012	0.0237451
187.702210	0.0244961
187.718409	0.0238127
187.734608	0.0232464
187.750808	0.0248759
187.767009	0.0246896
187.783210	0.0236111
187.799412	0.0254240
187.815615	0.0237892
187.831818	0.0245132
187.848022	0.0240496
187.864227	0.0236580
187.880433	0.0229364
187.896639	0.0229649
187.912846	0.0234368
187.929054	0.0236931
187.945262	0.0250448
187.961471	0.0239543
187.977681	0.0228142
187.993891	0.0242893
188.010102	0.0246480
188.026314	0.0237376
188.042527	0.0246176
188.058740	0.0241913
188.074954	0.0245413
188.091169	0.0250635
188.107384	0.0242551
188.123600	0.0256426
188.139817	0.0244515
188.156035	0.0244385
188.172253	0.0246712
188.188472	0.0250795
188.204691	0.0236157
188.220911	0.0253626
188.237132	0.0251443
188.253354	0.0245885
188.269577	0.0246230
188.285800	0.0241969
188.302024	0.0243324
188.318248	0.0244994
188.334473	0.0241120
188.350699	0.0238868
188.366926	0.0246432
188.383153	0.0230543
188.399381	0.0235799
188.415610	0.0239258
188.431839	0.0236781
188.448069	0.0248691
188.464300	0.0230783
188.480532	0.0224025
188.496764	0.0246199
188.512997	0.0233820
188.529231	0.0236841
188.545465	0.0247031
188.561700	0.0245953
188.577936	0.0243812
188.594172	0.0228157
188.610409	0.0236254
188.626647	0.0240477
188.642886	0.0243294
188.659125	0.0246206
188.675365	0.0242245
188.691606	0.0247979
188.707847	0.0250192
188.724089	0.0252412
188.740332	0.0239055
188.756575	0.0243249
188.772820	0.0234433
188.789064	0.0247526
188.805310	0.0246803
188.821556	0.0240382
188.837803	0.0245490
188.854051	0.0244726
188.870299	0.0250209
188.886548	0.0245705
188.902798	0.0239810
188.919049	0.0255254
188.935300	0.0245069
188.951552	0.0232745
188.967805	0.0249584
188.984058	0.0249193
189.000312	0.0229566
189.016567	0.0258459
189.032822	0.0243273
189.049078	0.0256744
189.065335	0.0240856
189.081592	0.0239344
189.097851	0.0243206
189.114110	0.0238912
189.130369	0.0234765
189.146630	0.0239666
189.162891	0.0248576
189.179152	0.0237752
189.195415	0.0236971
189.211678	0.0240951
189.227942	0.0241891
189.244206	0.0234772
189.260472	0.0250155
189.276738	0.0245129
189.293004	0.0237896
189.309272	0.0234087
189.325540	0.0248717
189.341808	0.0238752
189.358078	0.0240283
189.374348	0.0245987
189.390619	0.0234483
189.406890	0.0244602
189.423163	0.0243332
189.439436	0.0253181
189.455709	0.0248580
189.471984	0.0240099
189.488259	0.0242391
189.504535	0.0240991
189.520811	0.0256686
189.537088	0.0237760
189.553366	0.0251653
189.569645	0.0246857
189.585924	0.0247250
189.602204	0.0234211
189.618485	0.0241465
189.634766	0.0231564
189.651048	0.0242558
189.667331	0.0232963
189.683615	0.0246612
189.699899	0.0240216
189.716184	0.0222110
189.732469	0.0252111
189.748756	0.0244114
189.765043	0.0236881
189.781330	0.0243421
189.797619	0.0239463
189.813908	0.0231517
189.830198	0.0227998
189.846488	0.0239628
189.862780	0.0250349
189.879072	0.0239201
189.895364	0.0231730
189.911658	0.0242581
189.927952	0.0229280
189.944246	0.0240250
189.960542	0.0233010
189.976838	0.0233571
189.993135	0.0244005
190.009432	0.0224452
190.025731	0.0238603
190.042030	0.0240989
190.058329	0.0253154
190.074630	0.0219633
190.090931	0.0237850
190.107233	0.0240193
190.123535	0.0238901
190.139838	0.0255825
190.156142	0.0236981
190.172447	0.0249367
190.188752	0.0240335
190.205058	0.0243603
190.221365	0.0239356
190.237672	0.0259541
190.253980	0.0239947
190.270289	0.0242202
190.286598	0.0234101
190.302909	0.0242159
190.319220	0.0250187
190.335531	0.0228160
190.351844	0.0238508
190.368157	0.0232819
190.384470	0.0241445
190.400785	0.0239828
190.417100	0.0242138
190.433416	0.0244709
190.449732	0.0250138
190.466049	0.0230685
190.482367	0.0239962
190.498686	0.0238943
190.515005	0.0241883
190.531325	0.0238243
190.547646	0.0238342
190.563968	0.0232422
190.580290	0.0242202
190.596612	0.0242493
190.612936	0.0237644
190.629260	0.0239637
190.645585	0.0243623
190.661911	0.0227768
190.678237	0.0239867
190.694564	0.0242699
190.710892	0.0234611
190.727221	0.0240644
190.743550	0.0238333
190.759880	0.0238891
190.776210	0.0244294
190.792541	0.0246191
190.808873	0.0241556
190.825206	0.0243589
190.841540	0.0230965
190.857874	0.0233083
190.874208	0.0229689
190.890544	0.0246144
190.906880	0.0249414
190.923217	0.0248162
190.939555	0.0240149
190.955893	0.0246962
190.972232	0.0233654
190.988572	0.0230616
191.004912	0.0235104
191.021253	0.0242281
191.037595	0.0232335
191.053937	0.0237426
191.070281	0.0234291
191.086625	0.0246697
191.102969	0.0233498
191.119315	0.0236552
191.135661	0.0236277
191.152007	0.0227841
191.168355	0.0239657
191.184703	0.0241922
191.201052	0.0243711
191.217401	0.0234793
191.233751	0.0236632
191.250102	0.0245519
191.266454	0.0240250
191.282806	0.0240912
191.299159	0.0221200
191.315513	0.0242433
191.331868	0.0237267
191.348223	0.0238507
191.364579	0.0230604
191.380935	0.0233669
191.397293	0.0236479
191.413651	0.0244881
191.430009	0.0235935
191.446369	0.0234211
191.462729	0.0243120
191.479089	0.0243802
191.495451	0.0258576
191.511813	0.0230522
191.528176	0.0238083
191.544540	0.0245711
191.560904	0.0245739
191.577269	0.0235747
191.593635	0.0235871
191.610001	0.0231696
191.626368	0.0251008
191.642736	0.0246969
191.659104	0.0227555
191.675474	0.0237072
191.691843	0.0228939
191.708214	0.0237195
191.724585	0.0247504
191.740957	0.0222033
191.757330	0.0232437
191.773704	0.0229943
191.790078	0.0238562
191.806452	0.0228188
191.822828	0.0245877
191.839204	0.0244591
191.855581	0.0227966
191.871959	0.0235464
191.888337	0.0228944
191.904716	0.0250138
191.921096	0.0238187
191.937476	0.0228752
191.953858	0.0235420
191.970239	0.0226012
191.986622	0.0229258
192.003005	0.0239279
192.019389	0.0230724
192.035774	0.0247138
192.052159	0.0242862
192.068545	0.0231565
192.084932	0.0237605
192.101319	0.0252549
192.117708	0.0250146
192.134097	0.0261240
192.150486	0.0252071
192.166876	0.0254572
192.183267	0.0271860
192.199659	0.0259271
192.216051	0.0252656
192.232445	0.0230822
192.248838	0.0247657
192.265233	0.0231709
192.281628	0.0245545
192.298024	0.0241843
192.314420	0.0254073
192.330818	0.0227999
192.347216	0.0244320
192.363614	0.0249616
192.380014	0.0232083
192.396414	0.0232563
192.412815	0.0246525
192.429216	0.0247034
192.445619	0.0247311
192.462021	0.0239098
192.478425	0.0243311
192.494829	0.0232496
192.511234	0.0241452
192.527640	0.0226349
192.544047	0.0228594
192.560454	0.0236412
192.576862	0.0237083
192.593270	0.0230675
192.609679	0.0244482
192.626089	0.0240504
192.642500	0.0231475
192.658911	0.0258071
192.675323	0.0245531
192.691736	0.0234038
192.708150	0.0227647
192.724564	0.0234248
192.740979	0.0232677
192.757394	0.0245769
192.773810	0.0229481
192.790227	0.0227373
192.806645	0.0233134
192.823063	0.0227392
192.839483	0.0224433
192.855902	0.0240106
192.872323	0.0238399
192.888744	0.0243134
192.905166	0.0236835
192.921588	0.0235528
192.938012	0.0243149
192.954436	0.0244012
192.970860	0.0240265
192.987286	0.0246998
193.003712	0.0235735
193.020139	0.0229458
193.036566	0.0236407
193.052995	0.0239321
193.069423	0.0235319
193.085853	0.0216311
193.102283	0.0231080
193.118714	0.0239950
193.135146	0.0227683
193.151579	0.0236263
193.168012	0.0246893
193.184445	0.0241848
193.200880	0.0238242
193.217315	0.0220759
193.233751	0.0232728
193.250188	0.0236595
193.266625	0.0242242
193.283063	0.0238885
193.299502	0.0236854
193.315941	0.0236759
193.332382	0.0237107
193.348822	0.0234212
193.365264	0.0238771
193.381706	0.0236986
193.398149	0.0230604
193.414593	0.0220377
193.431037	0.0241545
193.447482	0.0237437
193.463928	0.0237762
193.480374	0.0240722
193.496822	0.0241593
193.513270	0.0237665
193.529718	0.0229624
193.546167	0.0236428
193.562617	0.0241575
193.579068	0.0227590
193.595519	0.0240129
193.611972	0.0227137
193.628424	0.0248037
193.644878	0.0223498
193.661332	0.0228742
193.677787	0.0229293
193.694243	0.0238078
193.710699	0.0233620
193.727156	0.0228069
193.743614	0.0246590
193.760072	0.0241259
193.776531	0.0222118
193.792991	0.0241190
193.809451	0.0234917
193.825913	0.0237629
193.842375	0.0230742
193.858837	0.0233943
193.875301	0.0224390
193.891765	0.0234038
193.908229	0.0237028
193.924695	0.0233190
193.941161	0.0249858
193.957628	0.0239363
193.974095	0.0224274
193.990563	0.0235774
194.007032	0.0228125
194.023502	0.0237640
194.039972	0.0241771
194.056443	0.0240910
194.072915	0.0245262
194.089388	0.0237173
194.105861	0.0236842
194.122335	0.0241513
194.138809	0.0223860
194.155285	0.0226922
194.171761	0.0224352
194.188237	0.0227439
194.204715	0.0243763
194.221193	0.0237903
194.237671	0.0220266
194.254151	0.0243141
194.270631	0.0230329
194.287112	0.0244114
194.303594	0.0249547
194.320076	0.0242992
194.336559	0.0242355
194.353043	0.0234227
194.369527	0.0242215
194.386012	0.0231326
194.402498	0.0244489
194.418984	0.0236673
194.435472	0.0228328
194.451960	0.0242071
194.468448	0.0242564
194.484937	0.0236581
194.501427	0.0234370
194.517918	0.0222571
194.534410	0.0245356
194.550902	0.0231463
194.567395	0.0235582
194.583888	0.0247476
194.600382	0.0247943
194.616877	0.0233533
194.633373	0.0221635
194.649869	0.0230985
194.666366	0.0223248
194.682864	0.0234996
194.699363	0.0236975
194.715862	0.0235614
194.732362	0.0232135
194.748862	0.0242268
194.765363	0.0242573
194.781865	0.0244854
194.798368	0.0237050
194.814871	0.0241024
194.831375	0.0229298
194.847880	0.0234478
194.864386	0.0234359
194.880892	0.0239720
194.897399	0.0225484
194.913906	0.0233521
194.930415	0.0228500
194.946924	0.0236778
194.963433	0.0237466
194.979944	0.0232752
194.996455	0.0237226
195.012966	0.0229470
195.029479	0.0232272
195.045992	0.0230368
195.062506	0.0220043
195.079021	0.0231314
195.095536	0.0238231
195.112052	0.0236024
195.128569	0.0225150
195.145086	0.0228701
195.161604	0.0241867
195.178123	0.0229834
195.194643	0.0236387
195.211163	0.0232410
195.227684	0.0230450
195.244205	0.0243476
195.260728	0.0224503
195.277251	0.0251025
195.293774	0.0244523
195.310299	0.0221427
195.326824	0.0226582
195.343350	0.0235871
195.359876	0.0230714
195.376404	0.0235024
195.392932	0.0242555
195.409460	0.0241435
195.425990	0.0230511
195.442520	0.0231278
195.459050	0.0229289
195.475582	0.0228781
195.492114	0.0214633
195.508647	0.0234509
195.525180	0.0237349
195.541715	0.0239231
195.558250	0.0234719
195.574785	0.0250140
195.591322	0.0247324
195.607859	0.0250402
195.624397	0.0267531
195.640935	0.0258386
195.657474	0.0263382
195.674014	0.0265864
195.690555	0.0270022
195.707096	0.0264591
195.723638	0.0273809
195.740181	0.0245253
195.756724	0.0258100
195.773268	0.0255988
195.789813	0.0252678
195.806359	0.0232863
195.822905	0.0255114
195.839452	0.0240220
195.855999	0.0254423
195.872548	0.0250952
195.889097	0.0245718
195.905646	0.0273088
195.922197	0.0279278
195.938748	0.0276693
195.955300	0.0303555
195.971852	0.0312658
195.988406	0.0332343
196.004960	0.0320350
196.021514	0.0330273
196.038070	0.0352760
196.054626	0.0305712
196.071182	0.0318163
196.087740	0.0305290
196.104298	0.0289230
196.120857	0.0285177
196.137416	0.0278238
196.153977	0.0250842
196.170538	0.0243939
196.187099	0.0241270
196.203662	0.0244022
196.220225	0.0227709
196.236788	0.0232254
196.253353	0.0237644
196.269918	0.0227531
196.286484	0.0228783
196.303051	0.0233551
196.319618	0.0223580
196.336186	0.0236768
196.352755	0.0230612
196.369324	0.0231356
196.385894	0.0234865
196.402465	0.0240321
196.419036	0.0230262
196.435608	0.0223819
196.452181	0.0249083
196.468755	0.0237000
196.485329	0.0231128
196.501904	0.0235511
196.518480	0.0238084
196.535056	0.0235144
196.551634	0.0235118
196.568211	0.0228905
196.584790	0.0248776
196.601369	0.0213389
196.617949	0.0229257
196.634530	0.0232017
196.651111	0.0225038
196.667693	0.0232821
196.684276	0.0245696
196.700859	0.0244408
196.717443	0.0217907
196.734028	0.0233897
196.750614	0.0236368
196.767200	0.0220173
196.783787	0.0216486
196.800375	0.0242154
196.816963	0.0224109
196.833552	0.0230538
196.850142	0.0225529
196.866732	0.0242341
196.883323	0.0233626
196.899915	0.0231580
196.916508	0.0237622
196.933101	0.0244570
196.949695	0.0227096
196.966290	0.0220368
196.982885	0.0221115
196.999481	0.0227348
197.016078	0.0239092
197.032676	0.0235972
197.049274	0.0235065
197.065873	0.0241894
197.082472	0.0230062
197.099072	0.0234089
197.115673	0.0228075
197.132275	0.0231053
197.148878	0.0226985
197.165481	0.0250045
197.182085	0.0237676
197.198689	0.0227441
197.215294	0.0223034
197.231900	0.0243272
197.248507	0.0226121
197.265114	0.0229556
197.281722	0.0239959
197.298331	0.0222682
197.314940	0.0228473
197.331550	0.0229710
197.348161	0.0222711
197.364773	0.0244607
197.381385	0.0225051
197.397998	0.0235047
197.414612	0.0233574
197.431226	0.0243406
197.447841	0.0231831
197.464457	0.0244711
197.481073	0.0243709
197.497690	0.0232489
197.514308	0.0240168
197.530927	0.0239383
197.547546	0.0238288
197.564166	0.0243573
197.580787	0.0223304
197.597408	0.0223994
197.614030	0.0231260
197.630653	0.0240144
197.647276	0.0238755
197.663900	0.0212675
197.680525	0.0227871
197.697151	0.0238395
197.713777	0.0225401
197.730404	0.0214949
197.747032	0.0224379
197.763660	0.0236260
197.780289	0.0220841
197.796919	0.0212267
197.813550	0.0224246
197.830181	0.0240273
197.846813	0.0237267
197.863445	0.0218183
197.880079	0.0227802
197.896713	0.0222490
197.913347	0.0235204
197.929983	0.0218104
197.946619	0.0237099
197.963256	0.0234793
197.979893	0.0236735
197.996532	0.0235415
198.013170	0.0235551
198.029810	0.0220570
198.046450	0.0204945
198.063092	0.0220261
198.079733	0.0231978
198.096376	0.0222456
198.113019	0.0226779
198.129663	0.0223786
198.146307	0.0230909
198.162952	0.0223669
198.179598	0.0234471
198.196245	0.0245712
198.212892	0.0231265
198.229540	0.0247180
198.246189	0.0231214
198.262839	0.0230702
198.279489	0.0224500
198.296140	0.0239048
198.312791	0.0251259
198.329444	0.0236812
198.346097	0.0230994
198.362750	0.0238153
198.379405	0.0235762
198.396060	0.0241334
198.412716	0.0233943
198.429372	0.0230838
198.446029	0.0238972
198.462687	0.0233675
198.479346	0.0222671
198.496005	0.0230164
198.512665	0.0233957
198.529326	0.0230260
198.545987	0.0221273
198.562649	0.0248883
198.579312	0.0229086
198.595976	0.0240154
198.612640	0.0239894
198.629305	0.0223888
198.645970	0.0231878
198.662637	0.0229809
198.679304	0.0221333
198.695971	0.0224528
198.712640	0.0221928
198.729309	0.0228962
198.745979	0.0236738
198.762649	0.0229087
198.779321	0.0235282
198.795992	0.0227995
198.812665	0.0231837
198.829338	0.0232176
198.846013	0.0228030
198.862687	0.0238187
198.879363	0.0246652
198.896039	0.0216232
198.912716	0.0222068
198.929393	0.0244453
198.946072	0.0219805
198.962751	0.0233560
198.979430	0.0224512
198.996111	0.0235741
199.012792	0.0223424
199.029473	0.0228752
199.046156	0.0218471
199.062839	0.0233796
199.079523	0.0224434
199.096208	0.0225059
199.112893	0.0234592
199.129579	0.0221054
199.146265	0.0234997
199.162953	0.0207350
199.179641	0.0232057
199.196330	0.0225735
199.213019	0.0241352
199.229709	0.0273218
199.246400	0.0291868
199.263092	0.0381148
199.279784	0.0524469
199.296477	0.0715987
199.313171	0.1030581
199.329865	0.1444073
199.346561	0.1955913
199.363256	0.2532007
199.379953	0.3077208
199.396650	0.3449219
199.413348	0.3695839
199.430047	0.3673922
199.446746	0.3549227
199.463446	0.3268552
199.480147	0.2930012
199.496848	0.2510987
199.513550	0.2102958
199.530253	0.1624273
199.546957	0.1307221
199.563661	0.0991745
199.580366	0.0766683
199.597072	0.0576579
199.613778	0.0427144
199.630485	0.0362211
199.647193	0.0294132
199.663901	0.0275768
199.680611	0.0228842
199.697320	0.0240733
199.714031	0.0235328
199.730742	0.0234671
199.747454	0.0230617
199.764167	0.0223877
199.780880	0.0237597
199.797594	0.0226320
199.814309	0.0219706
199.831025	0.0236846
199.847741	0.0222433
199.864458	0.0221900
199.881175	0.0226789
199.897894	0.0220813
199.914613	0.0238571
199.931332	0.0227545
199.948053	0.0226089
199.964774	0.0231952
199.981496	0.0231060
199.998218	0.0226253
200.014941	0.0231627
200.031665	0.0232561
200.048390	0.0223686
200.065115	0.0218645
200.081841	0.0227107
200.098568	0.0237421
200.115295	0.0232286
200.132024	0.0215218
200.148752	0.0237814
200.165482	0.0227060
200.182212	0.0214541
200.198943	0.0216502
200.215675	0.0241624
200.232407	0.0231003
200.249140	0.0241620
200.265874	0.0221487
200.282608	0.0224479
200.299344	0.0249659
200.316079	0.0225604
200.332816	0.0238980
200.349553	0.0234041
200.366291	0.0257153
200.383030	0.0248213
200.399769	0.0238170
200.416509	0.0241598
200.433250	0.0246258
200.449992	0.0248978
200.466734	0.0235717
200.483477	0.0239032
200.500220	0.0238112
200.516965	0.0239030
200.533709	0.0220766
200.550455	0.0226800
200.567202	0.0234224
200.583949	0.0230819
200.600696	0.0245098
200.617445	0.0244029
200.634194	0.0232525
200.650944	0.0235081
200.667695	0.0227879
200.684446	0.0223536
200.701198	0.0228732
200.717951	0.0243572
200.734704	0.0244299
200.751458	0.0245499
200.768213	0.0230879
200.784969	0.0231629
200.801725	0.0236149
200.818482	0.0238371
200.835239	0.0217632
200.851998	0.0239032
200.868757	0.0225916
200.885517	0.0216276
200.902277	0.0219419
200.919038	0.0229421
200.935800	0.0231724
200.952563	0.0225714
200.969326	0.0233450
200.986090	0.0235040
201.002854	0.0213020
201.019620	0.0233600
201.036386	0.0233048
201.053153	0.0224097
201.069920	0.0234854
201.086688	0.0227086
201.103457	0.0214177
201.120227	0.0221217
201.136997	0.0215879
201.153768	0.0222639
201.170540	0.0229865
201.187312	0.0232995
201.204085	0.0212982
201.220859	0.0224585
201.237633	0.0227184
201.254409	0.0235332
201.271184	0.0240315
201.287961	0.0232531
201.304738	0.0242318
201.321516	0.0252889
201.338295	0.0259720
201.355075	0.0259993
201.371855	0.0279088
201.388635	0.0296728
201.405417	0.0311757
201.422199	0.0297700
201.438982	0.0306996
201.455766	0.0300322
201.472550	0.0284748
201.489335	0.0282586
201.506121	0.0274196
201.522907	0.0264493
201.539694	0.0265464
201.556482	0.0248956
201.573271	0.0247082
201.590060	0.0228501
201.606850	0.0236017
201.623641	0.0232192
201.640432	0.0228660
201.657224	0.0217625
201.674017	0.0240434
201.690810	0.0217723
201.707604	0.0214703
201.724399	0.0232258
201.741195	0.0238343
201.757991	0.0229296
201.774788	0.0224581
201.791586	0.0218189
201.808384	0.0227439
201.825183	0.0231618
201.841983	0.0235213
201.858783	0.0221780
201.875585	0.0232631
201.892386	0.0225044
201.909189	0.0220624
201.925992	0.0220183
201.942796	0.0216515
201.959601	0.0227787
201.976406	0.0228427
201.993213	0.0225088
202.010019	0.0233422
202.026827	0.0217042
202.043635	0.0213864
202.060444	0.0228802
202.077254	0.0230054
202.094064	0.0227467
202.110875	0.0220807
202.127687	0.0220774
202.144499	0.0235863
202.161312	0.0241949
202.178126	0.0230084
202.194940	0.0214880
202.211756	0.0209548
202.228572	0.0227328
202.245388	0.0225398
202.262206	0.0220279
202.279024	0.0226024
202.295842	0.0233162
202.312662	0.0225190
202.329482	0.0221205
202.346303	0.0227311
202.363124	0.0221153
202.379947	0.0229320
202.396770	0.0218736
202.413593	0.0223175
202.430418	0.0220055
202.447243	0.0214241
202.464068	0.0225965
202.480895	0.0209226
202.497722	0.0228703
202.514550	0.0215106
202.531379	0.0228386
202.548208	0.0229155
202.565038	0.0229389
202.581869	0.0221487
202.598700	0.0230763
202.615532	0.0211822
202.632365	0.0227746
202.649198	0.0215198
202.666032	0.0229305
202.682867	0.0244896
202.699703	0.0230397
202.716539	0.0220365
202.733376	0.0218522
202.750214	0.0228483
202.767052	0.0225684
202.783892	0.0224063
202.800731	0.0220736
202.817572	0.0230499
202.834413	0.0218150
202.851255	0.0232836
202.868098	0.0219120
202.884941	0.0231075
202.901785	0.0231842
202.918630	0.0219731
202.935475	0.0225477
202.952321	0.0236047
202.969168	0.0225145
202.986016	0.0226263
203.002864	0.0236920
203.019713	0.0224177
203.036563	0.0227222
203.053413	0.0212810
203.070264	0.0220388
203.087116	0.0218240
203.103968	0.0220175
203.120821	0.0219433
203.137675	0.0227641
203.154530	0.0230609
203.171385	0.0230792
203.188241	0.0233637
203.205098	0.0237334
203.221955	0.0243945
203.238813	0.0280522
203.255672	0.0344172
203.272531	0.0421626
203.289392	0.0559622
203.306252	0.0704108
203.323114	0.0881057
203.339976	0.1092886
203.356839	0.1286677
203.373703	0.1373389
203.390567	0.1510124
203.407432	0.1472355
203.424298	0.1431916
203.441165	0.1300744
203.458032	0.1189085
203.474900	0.1034205
203.491769	0.0854945
203.508638	0.0713220
203.525508	0.0579123
203.542379	0.0488637
203.559250	0.0394892
203.576122	0.0344753
203.592995	0.0314824
203.609868	0.0262345
203.626743	0.0259972
203.643618	0.0232867
203.660493	0.0235873
203.677370	0.0220781
203.694247	0.0231451
203.711124	0.0238540
203.728003	0.0213608
203.744882	0.0209582
203.761762	0.0209977
203.778642	0.0223482
203.795524	0.0226649
203.812406	0.0225568
203.829288	0.0219837
203.846172	0.0230368
203.863056	0.0219313
203.879941	0.0220504
203.896826	0.0215339
203.913712	0.0208062
203.930599	0.0222226
203.947487	0.0217483
203.964375	0.0226423
203.981264	0.0248110
203.998154	0.0231965
204.015044	0.0235457
204.031935	0.0232873
204.048827	0.0218666
204.065719	0.0228639
204.082613	0.0230837
204.099506	0.0222792
204.116401	0.0231654
204.133296	0.0217505
204.150192	0.0206941
204.167089	0.0230458
204.183986	0.0217375
204.200885	0.0217121
204.217783	0.0211086
204.234683	0.0224413
204.251583	0.0218499
204.268484	0.0219923
204.285386	0.0223059
204.302288	0.0226464
204.319191	0.0219961
204.336095	0.0227073
204.352999	0.0226723
204.369904	0.0233272
204.386810	0.0232816
204.403717	0.0237816
204.420624	0.0242158
204.437532	0.0235031
204.454441	0.0227964
204.471350	0.0223899
204.488260	0.0225065
204.505171	0.0230594
204.522082	0.0228660
204.538994	0.0228780
204.555907	0.0216719
204.572821	0.0210870
204.589735	0.0220846
204.606650	0.0231654
204.623566	0.0237788
204.640482	0.0224068
204.657399	0.0225134
204.674317	0.0220251
204.691235	0.0225761
204.708155	0.0227431
204.725075	0.0219103
204.741995	0.0236101
204.758916	0.0238388
204.775838	0.0223312
204.792761	0.0220282
204.809684	0.0228199
204.826609	0.0219647
204.843533	0.0224104
204.860459	0.0215930
204.877385	0.0213737
204.894312	0.0220026
204.911240	0.0210367
204.928168	0.0220252
204.945097	0.0215181
204.962027	0.0208706
204.978957	0.0220596
204.995888	0.0225890
205.012820	0.0223496
205.029753	0.0210331
205.046686	0.0209944
205.063620	0.0227260
205.080554	0.0239889
205.097490	0.0210311
205.114426	0.0218110
205.131363	0.0220860
205.148300	0.0226848
205.165238	0.0222018
205.182177	0.0220359
205.199117	0.0233821
205.216057	0.0222058
205.232998	0.0214727
205.249939	0.0223698
205.266882	0.0227068
205.283825	0.0219462
205.300769	0.0235338
205.317713	0.0241454
205.334658	0.0230766
205.351604	0.0234421
205.368551	0.0237439
205.385498	0.0253594
205.402446	0.0239157
205.419395	0.0257233
205.436344	0.0233359
205.453294	0.0239685
205.470245	0.0232709
205.487196	0.0238155
205.504149	0.0244592
205.521102	0.0220190
205.538055	0.0238160
205.555009	0.0215639
205.571965	0.0223746
205.588920	0.0225738
205.605877	0.0227522
205.622834	0.0211737
205.639792	0.0226622
205.656750	0.0225525
205.673709	0.0210340
205.690669	0.0226380
205.707630	0.0214655
205.724591	0.0227537
205.741553	0.0220077
205.758516	0.0225045
205.775479	0.0212879
205.792444	0.0221748
205.809408	0.0232247
205.826374	0.0215545
205.843340	0.0218847
205.860307	0.0218666
205.877275	0.0214783
205.894243	0.0226968
205.911212	0.0217420
205.928182	0.0218850
205.945152	0.0213695
205.962124	0.0232434
205.979095	0.0214578
205.996068	0.0230962
206.013041	0.0221086
206.030015	0.0217058
206.046990	0.0216386
206.063965	0.0223194
206.080941	0.0223417
206.097918	0.0227884
206.114896	0.0235635
206.131874	0.0224069
206.148853	0.0219995
206.165832	0.0224868
206.182813	0.0230448
206.199794	0.0219334
206.216775	0.0227140
206.233758	0.0221781
206.250741	0.0220953
206.267725	0.0231118
206.284709	0.0225314
206.301694	0.0215476
206.318680	0.0229141
206.335667	0.0230185
206.352654	0.0213649
206.369642	0.0231879
206.386631	0.0215827
206.403620	0.0217332
206.420611	0.0232516
206.437601	0.0208722
206.454593	0.0224161
206.471585	0.0218914
206.488578	0.0235992
206.505572	0.0204797
206.522566	0.0229801
206.539561	0.0210316
206.556557	0.0214397
206.573553	0.0221094
206.590550	0.0224678
206.607548	0.0206018
206.624547	0.0233660
206.641546	0.0221842
206.658546	0.0227424
206.675547	0.0215992
206.692548	0.0238458
206.709550	0.0229757
206.726553	0.0214552
206.743556	0.0227452
206.760561	0.0227697
206.777565	0.0230168
206.794571	0.0231317
206.811577	0.0234720
206.828584	0.0238216
206.845592	0.0239923
206.862600	0.0233378
206.879609	0.0230307
206.896619	0.0227809
206.913630	0.0229180
206.930641	0.0229217
206.947653	0.0231360
206.964665	0.0226889
206.981679	0.0208701
206.998693	0.0221865
207.015708	0.0222745
207.032723	0.0213728
207.049739	0.0228179
207.066756	0.0227258
207.083773	0.0222543
207.100792	0.0217019
207.117811	0.0204954
207.134830	0.0210296
207.151851	0.0213818
207.168872	0.0214737
207.185893	0.0228015
207.202916	0.0222689
207.219939	0.0223463
207.236963	0.0223445
207.253987	0.0226100
207.271013	0.0214782
207.288038	0.0227532
207.305065	0.0215386
207.322092	0.0212692
207.339121	0.0209599
207.356149	0.0217074
207.373179	0.0211581
207.390209	0.0201801
207.407240	0.0212397
207.424271	0.0213119
207.441304	0.0215246
207.458337	0.0210688
207.475370	0.0214453
207.492405	0.0209973
207.509440	0.0209420
207.526476	0.0225787
207.543512	0.0231307
207.560549	0.0223088
207.577587	0.0222646
207.594626	0.0222171
207.611665	0.0219480
207.628705	0.0213838
207.645746	0.0228507
207.662787	0.0215158
207.679829	0.0223051
207.696872	0.0225043
207.713916	0.0223254
207.730960	0.0206684
207.748005	0.0207969
207.765050	0.0208249
207.782097	0.0207354
207.799144	0.0218309
207.816191	0.0212097
207.833240	0.0224242
207.850289	0.0216736
207.867339	0.0212177
207.884389	0.0207528
207.901440	0.0213589
207.918492	0.0211428
207.935545	0.0223148
207.952598	0.0216470
207.969652	0.0217547
207.986707	0.0222274
208.003763	0.0219325
208.020819	0.0220915
208.037876	0.0219841
208.054933	0.0215894
208.071992	0.0219279
208.089050	0.0215535
208.106110	0.0227365
208.123171	0.0216633
208.140232	0.0233665
208.157293	0.0215841
208.174356	0.0226114
208.191419	0.0212743
208.208483	0.0215458
208.225547	0.0234695
208.242613	0.0208995
208.259679	0.0223785
208.276745	0.0203834
208.293813	0.0210875
208.310881	0.0213783
208.327950	0.0224412
208.345019	0.0212340
208.362089	0.0209182
208.379160	0.0214480
208.396232	0.0216073
208.413304	0.0229118
208.430377	0.0212035
208.447451	0.0224986
208.464525	0.0211861
208.481600	0.0235058
208.498676	0.0216227
208.515753	0.0215302
208.532830	0.0226704
208.549908	0.0220160
208.566987	0.0226114
208.584066	0.0218824
208.601146	0.0219606
208.618227	0.0224098
208.635308	0.0225386
208.652390	0.0229874
208.669473	0.0227441
208.686557	0.0222872
208.703641	0.0231597
208.720726	0.0224449
208.737812	0.0210149
208.754898	0.0227431
208.771985	0.0221802
208.789073	0.0214047
208.806161	0.0213552
208.823250	0.0208847
208.840340	0.0221225
208.857431	0.0223998
208.874522	0.0218778
208.891614	0.0208387
208.908707	0.0212862
208.925800	0.0219094
208.942894	0.0210823
208.959989	0.0225501
208.977085	0.0217320
208.994181	0.0217796
209.011278	0.0203712
209.028375	0.0213705
209.045473	0.0214628
209.062572	0.0222278
209.079672	0.0219423
209.096773	0.0220702
209.113874	0.0217460
209.130976	0.0210231
209.148078	0.0216878
209.165181	0.0209887
209.182285	0.0221839
209.199390	0.0226462
209.216495	0.0229750
209.233601	0.0219181
209.250708	0.0203849
209.267815	0.0220259
209.284923	0.0221075
209.302032	0.0220273
209.319142	0.0222951
209.336252	0.0218523
209.353363	0.0217553
209.370475	0.0208827
209.387587	0.0221178
209.404700	0.0220462
209.421814	0.0205875
209.438928	0.0215931
209.456043	0.0215513
209.473159	0.0232305
209.490276	0.0199407
209.507393	0.0224474
209.524511	0.0215168
209.541630	0.0210711
209.558749	0.0207734
209.575869	0.0212873
209.592990	0.0211860
209.610111	0.0212188
209.627234	0.0214883
209.644356	0.0212229
209.661480	0.0222671
209.678604	0.0230055
209.695729	0.0223455
209.712855	0.0234218
209.729981	0.0237477
209.747108	0.0249043
209.764236	0.0255751
209.781365	0.0263793
209.798494	0.0262872
209.815624	0.0298179
209.832755	0.0264216
209.849886	0.0265072
209.867018	0.0265198
209.884151	0.0277172
209.901284	0.0271163
209.918418	0.0229657
209.935553	0.0238014
209.952688	0.0231532
209.969825	0.0232599
209.986962	0.0232268
210.004099	0.0220847
210.021238	0.0226308
210.038377	0.0219026
210.055516	0.0200873
210.072657	0.0234032
210.089798	0.0220326
210.106940	0.0230321
210.124082	0.0216321
210.141226	0.0211150
210.158370	0.0216635
210.175514	0.0210248
210.192660	0.0213910
210.209806	0.0205816
210.226952	0.0220944
210.244100	0.0217227
210.261248	0.0217624
210.278397	0.0223951
210.295546	0.0215912
210.312697	0.0200179
210.329848	0.0216763
210.346999	0.0213853
210.364152	0.0223712
210.381305	0.0215850
210.398459	0.0211299
210.415613	0.0213208
210.432768	0.0219611
210.449924	0.0193140
210.467081	0.0218799
210.484238	0.0218258
210.501396	0.0203100
210.518555	0.0210752
210.535714	0.0224007
210.552874	0.0211334
210.570035	0.0213866
210.587197	0.0214764
210.604359	0.0205416
210.621522	0.0212603
210.638685	0.0220033
210.655850	0.0220695
210.673015	0.0212741
210.690181	0.0211723
210.707347	0.0220149
210.724514	0.0207653
210.741682	0.0201129
210.758850	0.0221448
210.776020	0.0208167
210.793190	0.0198609
210.810360	0.0223083
210.827532	0.0218914
210.844704	0.0211806
210.861876	0.0211571
210.879050	0.0218680
210.896224	0.0208638
210.913399	0.0209031
210.930574	0.0230264
210.947751	0.0216210
210.964928	0.0207824
210.982105	0.0204807
210.999284	0.0211379
211.016463	0.0217587
211.033643	0.0208184
211.050823	0.0218778
211.068004	0.0218799
211.085186	0.0211632
211.102369	0.0216611
211.119552	0.0223571
211.136736	0.0212112
211.153921	0.0206552
211.171106	0.0221914
211.188292	0.0219208
211.205479	0.0214924
211.222666	0.0223262
211.239855	0.0233802
211.257044	0.0214543
211.274233	0.0200497
211.291424	0.0223851
211.308615	0.0205021
211.325806	0.0215350
211.342999	0.0217269
211.360192	0.0215351
211.377386	0.0219868
211.394580	0.0216282
211.411775	0.0207129
211.428971	0.0215711
211.446168	0.0208600
211.463365	0.0220695
211.480563	0.0210974
211.497762	0.0211249
211.514962	0.0210687
211.532162	0.0224995
211.549363	0.0238907
211.566564	0.0251343
211.583766	0.0267474
211.600969	0.0275346
211.618173	0.0282652
211.635377	0.0282737
211.652582	0.0288200
211.669788	0.0325607
211.686995	0.0322629
211.704202	0.0300605
211.721410	0.0281234
211.738618	0.0280947
211.755827	0.0270982
211.773037	0.0268213
211.790248	0.0256918
211.807460	0.0247062
211.824672	0.0230802
211.841884	0.0226819
211.859098	0.0225306
211.876312	0.0221415
211.893527	0.0217052
211.910743	0.0210860
211.927959	0.0204172
211.945176	0.0206310
211.962394	0.0211919
211.979612	0.0218430
211.996831	0.0204030
212.014051	0.0223353
212.031271	0.0211265
212.048493	0.0202256
212.065715	0.0209700
212.082937	0.0213914
212.100161	0.0208175
212.117385	0.0242123
212.134609	0.0233567
212.151835	0.0259928
212.169061	0.0282057
212.186288	0.0298822
212.203515	0.0334098
212.220743	0.0346973
212.237972	0.0376066
212.255202	0.0385921
212.272432	0.0390337
212.289663	0.0378604
212.306895	0.0355733
212.324128	0.0363396
212.341361	0.0312709
212.358595	0.0307770
212.375829	0.0299091
212.393065	0.0257222
212.410301	0.0251564
212.427537	0.0244231
212.444775	0.0220900
212.462013	0.0216566
212.479251	0.0207508
212.496491	0.0222115
212.513731	0.0204827
212.530972	0.0208486
212.548214	0.0213263
212.565456	0.0204666
212.582699	0.0206875
212.599943	0.0207763
212.617187	0.0211014
212.634432	0.0195600
212.651678	0.0222431
212.668924	0.0220252
212.686172	0.0196567
212.703419	0.0220225
212.720668	0.0212397
212.737917	0.0221825
212.755167	0.0215205
212.772418	0.0193511
212.789670	0.0212650
212.806922	0.0220999
212.824174	0.0217014
212.841428	0.0197878
212.858682	0.0214756
212.875937	0.0229085
212.893193	0.0209498
212.910449	0.0209469
212.927706	0.0215716
212.944964	0.0217971
212.962222	0.0207438
212.979482	0.0215516
212.996741	0.0195740
213.014002	0.0208828
213.031263	0.0214490
213.048525	0.0210318
213.065788	0.0204519
213.083051	0.0204370
213.100315	0.0207192
213.117580	0.0202306
213.134845	0.0234710
213.152112	0.0205531
213.169379	0.0211620
213.186646	0.0207896
213.203914	0.0205771
213.221183	0.0208402
213.238453	0.0216575
213.255723	0.0208628
213.272995	0.0212289
213.290266	0.0213690
213.307539	0.0212697
213.324812	0.0204282
213.342086	0.0216480
213.359360	0.0214695
213.376636	0.0210907
213.393912	0.0207339
213.411188	0.0205844
213.428466	0.0211366
213.445744	0.0201999
213.463023	0.0212878
213.480302	0.0208797
213.497583	0.0222625
213.514863	0.0209981
213.532145	0.0216919
213.549427	0.0189860
213.566710	0.0218094
213.583994	0.0206745
213.601279	0.0202438
213.618564	0.0213885
213.635850	0.0210177
213.653136	0.0215188
213.670423	0.0207370
213.687711	0.0212474
213.705000	0.0224192
213.722289	0.0227645
213.739579	0.0218463
213.756870	0.0217356
213.774162	0.0214220
213.791454	0.0211547
213.808747	0.0209347
213.826040	0.0206203
213.843334	0.0209633
213.860629	0.0193309
213.877925	0.0211610
213.895221	0.0214061
213.912519	0.0217100
213.929816	0.0202239
213.947115	0.0213574
213.964414	0.0205405
213.981714	0.0209285
213.999014	0.0213579
214.016316	0.0225076
214.033618	0.0210240
214.050920	0.0202880
214.068224	0.0215021
214.085528	0.0204780
214.102833	0.0215483
214.120138	0.0203710
214.137445	0.0200360
214.154751	0.0198144
214.172059	0.0216659
214.189367	0.0209056
214.206676	0.0217400
214.223986	0.0199222
214.241297	0.0196511
214.258608	0.0198991
214.275919	0.0207085
214.293232	0.0197711
214.310545	0.0198643
214.327859	0.0207829
214.345174	0.0194463
214.362489	0.0204815
214.379805	0.0217057
214.397122	0.0210078
214.414439	0.0200000
214.431758	0.0211477
214.449076	0.0205366
214.466396	0.0217365
214.483716	0.0194384
214.501037	0.0206411
214.518359	0.0202177
214.535681	0.0198492
214.553004	0.0191246
214.570328	0.0213869
214.587652	0.0207096
214.604978	0.0212960
214.622304	0.0207582
214.639630	0.0215646
214.656957	0.0219243
214.674285	0.0195942
214.691614	0.0208011
214.708943	0.0195101
214.726274	0.0209419
214.743604	0.0213149
214.760936	0.0221293
214.778268	0.0209200
214.795601	0.0212266
214.812935	0.0214505
214.830269	0.0201430
214.847604	0.0203428
214.864940	0.0217315
214.882276	0.0219099
214.899613	0.0207171
214.916951	0.0213418
214.934289	0.0205941
214.951629	0.0211470
214.968969	0.0199803
214.986309	0.0214041
215.003651	0.0198799
215.020993	0.0217598
215.038335	0.0223104
215.055679	0.0211386
215.073023	0.0212455
215.090368	0.0205353
215.107713	0.0199975
215.125059	0.0203415
215.142406	0.0209708
215.159754	0.0195418
215.177102	0.0212890
215.194451	0.0218519
215.211801	0.0203163
215.229152	0.0198266
215.246503	0.0201361
215.263855	0.0203590
215.281207	0.0210953
215.298561	0.0196585
215.315915	0.0221210
215.333269	0.0205947
215.350625	0.0187567
215.367981	0.0215839
215.385337	0.0217748
215.402695	0.0206896
215.420053	0.0210140
215.437412	0.0207801
215.454772	0.0211247
215.472132	0.0201471
215.489493	0.0198370
215.506855	0.0205332
215.524217	0.0206848
215.541580	0.0208117
215.558944	0.0197356
215.576308	0.0192721
215.593674	0.0208817
215.611040	0.0200450
215.628406	0.0217506
215.645773	0.0206000
215.663141	0.0211604
215.680510	0.0218799
215.697880	0.0243485
215.715250	0.0247297
215.732621	0.0249656
215.749992	0.0272618
215.767364	0.0278568
215.784737	0.0288563
215.802111	0.0294857
215.819485	0.0299186
215.836860	0.0278125
215.854236	0.0285833
215.871613	0.0281319
215.888990	0.0282880
215.906368	0.0248038
215.923746	0.0240069
215.941125	0.0233816
215.958505	0.0229363
215.975886	0.0224282
215.993267	0.0226059
216.010649	0.0208384
216.028032	0.0210646
216.045416	0.0206459
216.062800	0.0204956
216.080185	0.0211640
216.097570	0.0210750
216.114957	0.0205229
216.132344	0.0207996
216.149731	0.0212421
216.167120	0.0201912
216.184509	0.0210807
216.201898	0.0206087
216.219289	0.0213506
216.236680	0.0207005
216.254072	0.0217476
216.271465	0.0197849
216.288858	0.0204317
216.306252	0.0191134
216.323647	0.0218592
216.341042	0.0218376
216.358438	0.0224495
216.375835	0.0209007
216.393233	0.0208184
216.410631	0.0199454
216.428030	0.0209713
216.445429	0.0201639
216.462830	0.0207437
216.480231	0.0200715
216.497632	0.0209290
216.515035	0.0201027
216.532438	0.0205716
216.549842	0.0211370
216.567246	0.0198771
216.584652	0.0198137
216.602058	0.0204114
216.619464	0.0211622
216.636872	0.0197236
216.654280	0.0203496
216.671688	0.0208436
216.689098	0.0192678
216.706508	0.0188197
216.723919	0.0212426
216.741331	0.0204473
216.758743	0.0198835
216.776156	0.0217277
216.793569	0.0204796
216.810984	0.0207576
216.828399	0.0208895
216.845815	0.0216220
216.863231	0.0195081
216.880648	0.0205939
216.898066	0.0199827
216.915485	0.0215135
216.932904	0.0199128
216.950324	0.0201051
216.967745	0.0205657
216.985166	0.0198495
217.002588	0.0203583
217.020011	0.0206468
217.037435	0.0210364
217.054859	0.0215880
217.072284	0.0204748
217.089709	0.0204847
217.107136	0.0212254
217.124563	0.0203388
217.141990	0.0217525
217.159419	0.0210824
217.176848	0.0196480
217.194278	0.0208984
217.211708	0.0217872
217.229140	0.0222038
217.246572	0.0250683
217.264004	0.0305300
217.281438	0.0372350
217.298872	0.0540527
217.316306	0.0754239
217.333742	0.1037594
217.351178	0.1414213
217.368615	0.1877714
217.386052	0.2332145
217.403491	0.2760277
217.420930	0.3078352
217.438369	0.3200228
217.455810	0.3124418
217.473251	0.2962145
217.490692	0.2762719
217.508135	0.2425341
217.525578	0.2066706
217.543022	0.1717863
217.560467	0.1342393
217.577912	0.1109649
217.595358	0.0829211
217.612805	0.0648019
217.630252	0.0491621
217.647700	0.0389168
217.665149	0.0317384
217.682598	0.0260720
217.700048	0.0246086
217.717499	0.0223610
217.734951	0.0221334
217.752403	0.0212036
217.769856	0.0203089
217.787310	0.0219811
217.804764	0.0196970
217.822220	0.0207479
217.839675	0.0198948
217.857132	0.0192994
217.874589	0.0209312
217.892047	0.0200029
217.909506	0.0210982
217.926965	0.0206111
217.944425	0.0197480
217.961886	0.0220021
217.979347	0.0202126
217.996809	0.0219394
218.014272	0.0200686
218.031736	0.0204958
218.049200	0.0205968
218.066665	0.0196934
218.084131	0.0201160
218.101597	0.0202767
218.119064	0.0203287
218.136532	0.0214070
218.154000	0.0197516
218.171469	0.0195513
218.188939	0.0208024
218.206410	0.0187025
218.223881	0.0212797
218.241353	0.0207253
218.258826	0.0214114
218.276299	0.0207703
218.293773	0.0205615
218.311248	0.0200546
218.328724	0.0219433
218.346200	0.0208147
218.363677	0.0212368
218.381154	0.0200042
218.398632	0.0224256
218.416111	0.0211661
218.433591	0.0235199
218.451072	0.0235398
218.468553	0.0229745
218.486035	0.0211771
218.503517	0.0206404
218.521000	0.0213282
218.538484	0.0199232
218.555969	0.0213842
218.573454	0.0214196
218.590940	0.0197375
218.608427	0.0206940
218.625914	0.0205435
218.643402	0.0213172
218.660891	0.0208882
218.678381	0.0209555
218.695871	0.0204513
218.713362	0.0213025
218.730854	0.0209678
218.748346	0.0207079
218.765839	0.0213480
218.783333	0.0199694
218.800827	0.0200099
218.818322	0.0199466
218.835818	0.0190043
218.853315	0.0200653
218.870812	0.0216640
218.888310	0.0205723
218.905809	0.0197331
218.923308	0.0198805
218.940808	0.0197638
218.958309	0.0202885
218.975810	0.0198928
218.993312	0.0217380
219.010815	0.0217506
219.028319	0.0195512
219.045823	0.0199340
219.063328	0.0197749
219.080834	0.0194381
219.098340	0.0195219
219.115847	0.0190495
219.133355	0.0204321
219.150864	0.0207965
219.168373	0.0192802
219.185883	0.0209856
219.203393	0.0200132
219.220905	0.0213385
219.238417	0.0200064
219.255929	0.0221088
219.273443	0.0203043
219.290957	0.0215418
219.308472	0.0218603
219.325987	0.0225681
219.343504	0.0230821
219.361020	0.0245781
219.378538	0.0236878
219.396056	0.0250682
219.413576	0.0274143
219.431095	0.0273556
219.448616	0.0268006
219.466137	0.0269778
219.483659	0.0266160
219.501181	0.0244375
219.518704	0.0269696
219.536228	0.0246481
219.553753	0.0252630
219.571278	0.0216966
219.588804	0.0220198
219.606331	0.0222729
219.623859	0.0219264
219.641387	0.0204517
219.658916	0.0189573
219.676445	0.0205164
219.693976	0.0199781
219.711507	0.0191190
219.729038	0.0191788
219.746571	0.0198034
219.764104	0.0189696
219.781638	0.0193521
219.799172	0.0194224
219.816707	0.0206506
219.834243	0.0212369
219.851780	0.0201028
219.869317	0.0213791
219.886855	0.0209468
219.904394	0.0195790
219.921933	0.0193548
219.939473	0.0212235
219.957014	0.0200177
219.974556	0.0199103
219.992098	0.0217100
220.009641	0.0194981
220.027184	0.0190763
220.044729	0.0205927
220.062274	0.0228781
220.079819	0.0200446
220.097366	0.0190621
220.114913	0.0199834
220.132461	0.0194666
220.150009	0.0194106
220.167559	0.0189154
220.185108	0.0209601
220.202659	0.0209791
220.220210	0.0210626
220.237763	0.0203099
220.255315	0.0203516
220.272869	0.0213932
220.290423	0.0199800
220.307978	0.0189685
220.325533	0.0180680
220.343090	0.0209412
220.360647	0.0202183
220.378204	0.0193775
220.395763	0.0197728
220.413322	0.0196238
220.430881	0.0212728
220.448442	0.0201611
220.466003	0.0206507
220.483565	0.0193795
220.501128	0.0211627
220.518691	0.0207892
220.536255	0.0200214
220.553819	0.0192899
220.571385	0.0195936
220.588951	0.0205466
220.606518	0.0193458
220.624085	0.0197129
220.641653	0.0196690
220.659222	0.0193590
220.676792	0.0200453
220.694362	0.0218703
220.711933	0.0210077
220.729505	0.0191277
220.747077	0.0191564
220.764651	0.0194055
220.782224	0.0208808
220.799799	0.0194886
220.817374	0.0193630
220.834950	0.0188326
220.852527	0.0191228
220.870104	0.0195089
220.887682	0.0202291
220.905261	0.0198418
220.922840	0.0202424
220.940420	0.0207122
220.958001	0.0210357
220.975583	0.0191446
220.993165	0.0201390
221.010748	0.0199907
221.028332	0.0176916
221.045916	0.0211519
221.063501	0.0196193
221.081087	0.0196406
221.098673	0.0208898
221.116261	0.0191887
221.133848	0.0204119
221.151437	0.0198097
221.169026	0.0209527
221.186616	0.0214316
221.204207	0.0203562
221.221798	0.0219790
221.239390	0.0246291
221.256983	0.0266743
221.274577	0.0315846
221.292171	0.0408266
221.309766	0.0502186
221.327361	0.0639965
221.344958	0.0813720
221.362555	0.0968074
221.380152	0.1122256
221.397751	0.1195530
221.415350	0.1257085
221.432950	0.1196752
221.450550	0.1167640
221.468151	0.1089078
221.485753	0.0973118
221.503356	0.0833522
221.520959	0.0717132
221.538563	0.0597720
221.556168	0.0486829
221.573773	0.0405649
221.591380	0.0343394
221.608986	0.0299774
221.626594	0.0270307
221.644202	0.0247863
221.661811	0.0225521
221.679421	0.0215416
221.697031	0.0210323
221.714642	0.0196138
221.732254	0.0199986
221.749866	0.0205797
221.767480	0.0198142
221.785093	0.0201394
221.802708	0.0206701
221.820323	0.0199574
221.837939	0.0196523
221.855556	0.0205025
221.873173	0.0203765
221.890791	0.0205416
221.908410	0.0194013
221.926030	0.0204691
221.943650	0.0201434
221.961271	0.0194525
221.978892	0.0194321
221.996515	0.0214650
222.014137	0.0181878
222.031761	0.0181884
222.049386	0.0197447
222.067011	0.0199576
222.084636	0.0206400
222.102263	0.0197974
222.119890	0.0187545
222.137518	0.0182048
222.155147	0.0199834
222.172776	0.0202869
222.190406	0.0187061
222.208037	0.0200919
222.225668	0.0195489
222.243300	0.0194755
222.260933	0.0198642
222.278567	0.0191810
222.296201	0.0190273
222.313836	0.0222330
222.331471	0.0203250
222.349108	0.0200631
222.366745	0.0207643
222.384383	0.0194411
222.402021	0.0208336
222.419660	0.0203605
222.437300	0.0201614
222.454941	0.0194690
222.472582	0.0192208
222.490224	0.0209076
222.507866	0.0194258
222.525510	0.0200001
222.543154	0.0211876
222.560799	0.0203366
222.578444	0.0207949
222.596090	0.0199393
222.613737	0.0205207
222.631385	0.0202329
222.649033	0.0193648
222.666682	0.0203980
222.684332	0.0195204
222.701982	0.0205169
222.719633	0.0213955
222.737285	0.0182589
222.754937	0.0186774
222.772591	0.0185090
222.790244	0.0190428
222.807899	0.0189356
222.825554	0.0201716
222.843210	0.0195806
222.860867	0.0195737
222.878525	0.0186866
222.896183	0.0188209
222.913841	0.0186672
222.931501	0.0192651
222.949161	0.0206293
222.966822	0.0200500
222.984484	0.0194829
223.002146	0.0204899
223.019809	0.0190298
223.037473	0.0200189
223.055137	0.0208072
223.072802	0.0192313
223.090468	0.0196988
223.108135	0.0198204
223.125802	0.0204247
223.143470	0.0190601
223.161139	0.0201026
223.178808	0.0183488
223.196478	0.0208513
223.214149	0.0191568
223.231820	0.0199854
223.249492	0.0196235
223.267165	0.0200833
223.284839	0.0200874
223.302513	0.0196168
223.320188	0.0194486
223.337864	0.0205823
223.355540	0.0205177
223.373217	0.0225094
223.390895	0.0227627
223.408573	0.0226933
223.426253	0.0215285
223.443932	0.0220092
223.461613	0.0216522
223.479294	0.0231603
223.496976	0.0231764
223.514659	0.0219967
223.532342	0.0228033
223.550027	0.0217642
223.567711	0.0222767
223.585397	0.0238510
223.603083	0.0282648
223.620770	0.0306396
223.638458	0.0338610
223.656146	0.0353886
223.673835	0.0380792
223.691525	0.0365546
223.709215	0.0374438
223.726906	0.0356729
223.744598	0.0335987
223.762290	0.0324822
223.779984	0.0295804
223.797678	0.0289865
223.815372	0.0264213
223.833068	0.0244826
223.850764	0.0234632
223.868460	0.0230893
223.886158	0.0227885
223.903856	0.0206213
223.921555	0.0199236
223.939254	0.0200978
223.956955	0.0195015
223.974656	0.0202309
223.992357	0.0181252
224.010060	0.0203865
224.027763	0.0199619
224.045466	0.0194364
224.063171	0.0204995
224.080876	0.0201411
224.098582	0.0199677
224.116289	0.0191863
224.133996	0.0190950
224.151704	0.0196222
224.169413	0.0197141
224.187122	0.0183913
224.204832	0.0201086
224.222543	0.0187743
224.240254	0.0186277
224.257966	0.0203126
224.275679	0.0191063
224.293393	0.0205785
224.311107	0.0196121
224.328822	0.0190766
224.346538	0.0204990
224.364254	0.0204784
224.381972	0.0195814
224.399689	0.0194103
224.417408	0.0203481
224.435127	0.0200639
224.452847	0.0201983
224.470568	0.0201472
224.488289	0.0206496
224.506011	0.0196314
224.523734	0.0198678
224.541457	0.0207231
224.559181	0.0201640
224.576906	0.0201400
224.594632	0.0203015
224.612358	0.0206147
224.630085	0.0190717
224.647812	0.0211973
224.665541	0.0215761
224.683270	0.0222286
224.701000	0.0230369
224.718730	0.0235422
224.736461	0.0260549
224.754193	0.0266224
224.771926	0.0261562
224.789659	0.0294682
224.807393	0.0271202
224.825128	0.0271925
224.842863	0.0273836
224.860599	0.0261199
224.878336	0.0258625
224.896073	0.0248498
224.913812	0.0241056
224.931550	0.0231718
224.949290	0.0215403
224.967030	0.0210397
224.984771	0.0205941
225.002513	0.0215550
225.020255	0.0183837
225.037998	0.0195175
225.055742	0.0195099
225.073487	0.0195090
225.091232	0.0207710
225.108978	0.0192901
225.126725	0.0195038
225.144472	0.0188308
225.162220	0.0198593
225.179969	0.0177453
225.197718	0.0189005
225.215468	0.0199857
225.233219	0.0190992
225.250970	0.0197833
225.268723	0.0184424
225.286476	0.0171927
225.304229	0.0197453
225.321984	0.0202618
225.339739	0.0192131
225.357494	0.0187474
225.375251	0.0204443
225.393008	0.0198189
225.410766	0.0190546
225.428524	0.0198967
225.446284	0.0185477
225.464044	0.0195990
225.481804	0.0180828
225.499566	0.0186910
225.517328	0.0195213
225.535091	0.0181600
225.552854	0.0183227
225.570618	0.0205327
225.588383	0.0192957
225.606149	0.0199415
225.623915	0.0185139
225.641682	0.0202286
225.659450	0.0190183
225.677218	0.0188404
225.694987	0.0182812
225.712757	0.0185790
225.730527	0.0195460
225.748299	0.0189974
225.766070	0.0195745
225.783843	0.0193500
225.801616	0.0188271
225.819390	0.0205129
225.837165	0.0177352
225.854940	0.0185140
225.872717	0.0174284
225.890493	0.0192294
225.908271	0.0172877
225.926049	0.0205999
225.943828	0.0202355
225.961608	0.0183670
225.979388	0.0186453
225.997169	0.0189603
226.014951	0.0195414
226.032733	0.0190918
226.050516	0.0192377
226.068300	0.0187772
226.086085	0.0198979
226.103870	0.0195341
226.121656	0.0186888
226.139443	0.0202022
226.157230	0.0181812
226.175018	0.0193840
226.192807	0.0204343
226.210596	0.0209267
226.228386	0.0195757
226.246177	0.0201491
226.263969	0.0190908
226.281761	0.0198582
226.299554	0.0191826
226.317348	0.0193715
226.335142	0.0190404
226.352937	0.0201515
226.370733	0.0204633
226.388529	0.0186028
226.406327	0.0179962
226.424125	0.0195417
226.441923	0.0185679
226.459722	0.0184441
226.477522	0.0181696
226.495323	0.0210349
226.513124	0.0205530
226.530927	0.0200170
226.548729	0.0187394
226.566533	0.0205754
226.584337	0.0198587
226.602142	0.0185762
226.619948	0.0181761
226.637754	0.0198741
226.655561	0.0194139
226.673369	0.0190485
226.691177	0.0200699
226.708986	0.0193957
226.726796	0.0190786
226.744607	0.0196197
226.762418	0.0198520
226.780230	0.0193939
226.798042	0.0207946
226.815856	0.0193535
226.833670	0.0183023
226.851485	0.0196665
226.869300	0.0198332
226.887116	0.0194217
226.904933	0.0206493
226.922751	0.0185184
226.940569	0.0188652
226.958388	0.0183142
226.976207	0.0179993
226.994028	0.0189642
227.011849	0.0193935
227.029671	0.0191823
227.047493	0.0187617
227.065316	0.0176661
227.083140	0.0191609
227.100965	0.0189469
227.118790	0.0185508
227.136616	0.0185817
227.154443	0.0200225
227.172270	0.0180496
227.190098	0.0189110
227.207927	0.0182777
227.225756	0.0189443
227.243587	0.0188627
227.261418	0.0183689
227.279249	0.0184436
227.297081	0.0192493
227.314915	0.0196324
227.332748	0.0190340
227.350583	0.0177656
227.368418	0.0189566
227.386254	0.0190488
227.404090	0.0196478
227.421927	0.0200867
227.439765	0.0187343
227.457604	0.0191467
227.475443	0.0183803
227.493283	0.0187359
227.511124	0.0195703
227.528965	0.0196857
227.546808	0.0184967
227.564650	0.0189302
227.582494	0.0191428
227.600338	0.0181966
227.618183	0.0191839
227.636029	0.0190675
227.653875	0.0190609
227.671722	0.0180564
227.689570	0.0193962
227.707418	0.0197553
227.725268	0.0187702
227.743117	0.0178548
227.760968	0.0174242
227.778819	0.0185597
227.796671	0.0185226
227.814524	0.0195978
227.832377	0.0187241
227.850231	0.0179555
227.868086	0.0186810
227.885942	0.0187407
227.903798	0.0189023
227.921655	0.0186577
227.939512	0.0186372
227.957371	0.0192416
227.975230	0.0193183
227.993089	0.0182005
228.010950	0.0183701
228.028811	0.0191291
228.046673	0.0191286
228.064535	0.0178774
228.082398	0.0181522
228.100262	0.0198412
228.118127	0.0190615
228.135992	0.0188913
228.153858	0.0185058
228.171725	0.0194981
228.189592	0.0175151
228.207460	0.0188426
228.225329	0.0188228
228.243199	0.0191475
228.261069	0.0179421
228.278940	0.0193175
228.296812	0.0202916
228.314684	0.0194975
228.332557	0.0196848
228.350431	0.0189483
228.368305	0.0193959
228.386180	0.0199561
228.404056	0.0188953
228.421933	0.0192142
228.439810	0.0181360
228.457688	0.0193574
228.475567	0.0181983
228.493446	0.0177281
228.511326	0.0185119
228.529207	0.0183195
228.547088	0.0184604
228.564971	0.0189946
228.582853	0.0175076
228.600737	0.0176676
228.618621	0.0189781
228.636506	0.0186106
228.654392	0.0193010
228.672278	0.0192496
228.690165	0.0194945
228.708053	0.0174758
228.725942	0.0188648
228.743831	0.0189776
228.761721	0.0191229
228.779611	0.0182961
228.797503	0.0183786
228.815395	0.0190548
228.833288	0.0194322
228.851181	0.0189851
228.869075	0.0177752
228.886970	0.0191730
228.904865	0.0193909
228.922762	0.0192677
228.940659	0.0186254
228.958556	0.0180064
228.976455	0.0182783
228.994354	0.0187117
229.012253	0.0184599
229.030154	0.0186768
229.048055	0.0192950
229.065957	0.0201220
229.083859	0.0191685
229.101763	0.0184279
229.119666	0.0197575
229.137571	0.0179397
229.155476	0.0178526
229.173383	0.0192267
229.191289	0.0181740
229.209197	0.0192996
229.227105	0.0192986
229.245014	0.0198133
229.262923	0.0187251
229.280834	0.0201289
229.298745	0.0179869
229.316656	0.0180507
229.334569	0.0184624
229.352482	0.0208405
229.370396	0.0190988
229.388310	0.0179891
229.406225	0.0178325
229.424141	0.0197788
229.442058	0.0181540
229.459975	0.0181594
229.477893	0.0188945
229.495812	0.0187741
229.513731	0.0193033
229.531651	0.0188874
229.549572	0.0185411
229.567494	0.0191375
229.585416	0.0186005
229.603339	0.0196383
229.621262	0.0194455
229.639187	0.0179619
229.657112	0.0196445
229.675037	0.0199956
229.692964	0.0190830
229.710891	0.0186317
229.728819	0.0193692
229.746747	0.0189148
229.764676	0.0197799
229.782606	0.0188837
229.800537	0.0190568
229.818468	0.0175744
229.836400	0.0182624
229.854333	0.0194833
229.872267	0.0193522
229.890201	0.0194919
229.908136	0.0192104
229.926071	0.0199341
229.944008	0.0183208
229.961944	0.0190792
229.979882	0.0209631
229.997820	0.0185901
230.015760	0.0197086
230.033699	0.0192110
230.051640	0.0188867
230.069581	0.0184423
230.087523	0.0185264
230.105465	0.0189393
230.123409	0.0197733
230.141353	0.0189964
230.159297	0.0191439
230.177243	0.0189465
230.195189	0.0192410
230.213136	0.0189025
230.231083	0.0175448
230.249031	0.0189857
230.266980	0.0179262
230.284930	0.0186643
230.302880	0.0185977
230.320831	0.0181508
230.338783	0.0184783
230.356735	0.0195044
230.374688	0.0186569
230.392642	0.0191021
230.410597	0.0190248
230.428552	0.0184410
230.446508	0.0186901
230.464465	0.0176863
230.482422	0.0182884
230.500380	0.0198236
230.518339	0.0196803
230.536298	0.0191165
230.554258	0.0194494
230.572219	0.0184141
230.590181	0.0186796
230.608143	0.0193350
230.626106	0.0175460
230.644070	0.0184973
230.662034	0.0181936
230.679999	0.0196440
230.697965	0.0190813
230.715931	0.0187627
230.733898	0.0195372
230.751866	0.0186609
230.769835	0.0208573
230.787804	0.0175365
230.805774	0.0175835
230.823745	0.0179078
230.841716	0.0181222
230.859688	0.0174292
230.877661	0.0180496
230.895635	0.0182010
230.913609	0.0183969
230.931584	0.0175729
230.949559	0.0184741
230.967535	0.0181706
230.985512	0.0175936
231.003490	0.0190981
231.021469	0.0182957
231.039448	0.0183686
231.057428	0.0180529
231.075408	0.0176316
231.093389	0.0190527
231.111371	0.0177467
231.129354	0.0191292
231.147337	0.0186355
231.165321	0.0193720
231.183306	0.0186741
231.201291	0.0171902
231.219277	0.0190012
231.237264	0.0189541
231.255252	0.0191565
231.273240	0.0186847
231.291229	0.0191239
231.309219	0.0176273
231.327209	0.0174509
231.345200	0.0189359
231.363192	0.0179862
231.381184	0.0194450
231.399177	0.0187179
231.417171	0.0182570
231.435166	0.0181066
231.453161	0.0172192
231.471157	0.0190345
231.489154	0.0202225
231.507151	0.0172795
231.525149	0.0193298
231.543148	0.0194782
231.561147	0.0179196
231.579148	0.0185412
231.597148	0.0179530
231.615150	0.0188919
231.633152	0.0181120
231.651155	0.0196375
231.669159	0.0188466
231.687163	0.0193359
231.705168	0.0175108
231.723174	0.0195525
231.741181	0.0187134
231.759188	0.0180565
231.777196	0.0193272
231.795205	0.0190246
231.813214	0.0186130
231.831224	0.0172424
231.849235	0.0176666
231.867246	0.0187045
231.885258	0.0185795
231.903271	0.0195016
231.921284	0.0180881
231.939299	0.0174766
231.957314	0.0192971
231.975329	0.0174876
231.993346	0.0189251
232.011363	0.0187818
232.029380	0.0181183
232.047399	0.0199407
232.065418	0.0183730
232.083438	0.0176048
232.101458	0.0175090
232.119480	0.0177833
232.137502	0.0180533
232.155524	0.0177293
232.173548	0.0186750
232.191572	0.0182875
232.209596	0.0188600
232.227622	0.0196054
232.245648	0.0178262
232.263675	0.0184813
232.281702	0.0186450
232.299731	0.0184888
232.317760	0.0183091
232.335789	0.0181999
232.353820	0.0182186
232.371851	0.0178496
232.389883	0.0189065
232.407915	0.0188949
232.425948	0.0185284
232.443982	0.0189903
232.462017	0.0176631
232.480052	0.0184390
232.498088	0.0183646
232.516125	0.0179032
232.534162	0.0174167
232.552200	0.0175821
232.570239	0.0181347
232.588279	0.0188774
232.606319	0.0176444
232.624360	0.0192051
232.642401	0.0176796
232.660444	0.0193418
232.678487	0.0184306
232.696531	0.0175069
232.714575	0.0170278
232.732620	0.0189175
232.750666	0.0183530
232.768712	0.0192515
232.786760	0.0183863
232.804808	0.0181774
232.822856	0.0186468
232.840906	0.0173033
232.858956	0.0177463
232.877006	0.0167448
232.895058	0.0178544
232.913110	0.0185172
232.931163	0.0177528
232.949216	0.0184881
232.967271	0.0185393
232.985326	0.0181229
233.003381	0.0191557
233.021438	0.0179684
233.039495	0.0172088
233.057553	0.0175052
233.075611	0.0180182
233.093670	0.0165697
233.111730	0.0175026
233.129791	0.0183383
233.147852	0.0178032
233.165914	0.0195417
233.183977	0.0174475
233.202040	0.0178770
233.220104	0.0199689
233.238169	0.0168591
233.256234	0.0170191
233.274301	0.0180221
233.292368	0.0176307
233.310435	0.0181449
233.328504	0.0182785
233.346573	0.0182543
233.364642	0.0190733
233.382713	0.0174822
233.400784	0.0191257
233.418856	0.0187021
233.436928	0.0172621
233.455001	0.0182178
233.473075	0.0183832
233.491150	0.0189700
233.509225	0.0178983
233.527301	0.0190562
233.545378	0.0186517
233.563456	0.0168894
233.581534	0.0174661
233.599613	0.0177385
233.617692	0.0182312
233.635772	0.0186162
233.653853	0.0191495
233.671935	0.0178660
233.690017	0.0172855
233.708100	0.0178046
233.726184	0.0164534
233.744269	0.0184595
233.762354	0.0166497
233.780440	0.0184511
233.798526	0.0185429
233.816613	0.0176168
233.834701	0.0179391
233.852790	0.0179822
233.870880	0.0171971
233.888970	0.0159980
233.907060	0.0182059
233.925152	0.0190111
233.943244	0.0158433
233.961337	0.0177503
233.979431	0.0186238
233.997525	0.0186626
234.015620	0.0184925
234.033716	0.0178028
234.051812	0.0179259
234.069909	0.0188298
234.088007	0.0184406
234.106105	0.0174017
234.124205	0.0175015
234.142305	0.0189570
234.160405	0.0166758
234.178507	0.0191983
234.196609	0.0163688
234.214711	0.0189224
234.232815	0.0175771
234.250919	0.0175943
234.269024	0.0176943
234.287129	0.0181916
234.305235	0.0175284
234.323342	0.0187483
234.341450	0.0195820
234.359558	0.0183539
234.377667	0.0177158
234.395777	0.0181585
234.413888	0.0172278
234.431999	0.0176538
234.450111	0.0182421
234.468223	0.0183696
234.486337	0.0173437
234.504451	0.0169891
234.522565	0.0169801
234.540681	0.0183277
234.558797	0.0181531
234.576913	0.0180165
234.595031	0.0166647
234.613149	0.0181071
234.631268	0.0179067
234.649388	0.0181474
234.667508	0.0191026
234.685629	0.0186458
234.703751	0.0178283
234.721873	0.0181886
234.739996	0.0180094
234.758120	0.0167280
234.776244	0.0175393
234.794370	0.0182484
234.812495	0.0187333
234.830622	0.0182575
234.848749	0.0193698
234.866877	0.0177091
234.885006	0.0178056
234.903136	0.0190246
234.921266	0.0186732
234.939396	0.0182199
234.957528	0.0174208
234.975660	0.0180472
234.993793	0.0175224
235.011927	0.0172987
235.030061	0.0195728
235.048196	0.0172964
235.066332	0.0169859
235.084468	0.0175382
235.102606	0.0178654
235.120743	0.0170781
235.138882	0.0173147
235.157021	0.0167807
235.175161	0.0173086
235.193302	0.0182869
235.211443	0.0189853
235.229585	0.0185507
235.247728	0.0198232
235.265871	0.0236305
235.284016	0.0304199
235.302161	0.0409795
235.320306	0.0550941
235.338452	0.0773656
235.356599	0.1059737
235.374747	0.1407945
235.392895	0.1785972
235.411045	0.2163063
235.429194	0.2470189
235.447345	0.2667187
235.465496	0.2697352
235.483648	0.2636805
235.501800	0.2523340
235.519954	0.2226948
235.538108	0.1949701
235.556262	0.1720796
235.574418	0.1360376
235.592574	0.1102760
235.610731	0.0875993
235.628888	0.0661616
235.647047	0.0540157
235.665205	0.0393769
235.683365	0.0320652
235.701525	0.0268464
235.719686	0.0236521
235.737848	0.0209279
235.756011	0.0203165
235.774174	0.0175984
235.792338	0.0184954
235.810502	0.0192519
235.828667	0.0185548
235.846833	0.0173069
235.865000	0.0165841
235.883167	0.0175601
235.901335	0.0184497
235.919504	0.0193607
235.937674	0.0178102
235.955844	0.0192855
235.974015	0.0175500
235.992186	0.0173447
236.010358	0.0183765
236.028531	0.0178476
236.046705	0.0182972
236.064879	0.0171383
236.083055	0.0170193
236.101230	0.0185723
236.119407	0.0169242
236.137584	0.0185174
236.155762	0.0174443
236.173940	0.0184502
236.192120	0.0178037
236.210300	0.0162183
236.228480	0.0173262
236.246662	0.0192413
236.264844	0.0175491
236.283027	0.0190737
236.301210	0.0170852
236.319395	0.0192952
236.337579	0.0175136
236.355765	0.0175633
236.373951	0.0173758
236.392138	0.0195031
236.410326	0.0184336
236.428515	0.0194734
236.446704	0.0202491
236.464893	0.0186860
236.483084	0.0193423
236.501275	0.0185318
236.519467	0.0193031
236.537660	0.0177967
236.555853	0.0184648
236.574047	0.0183665
236.592242	0.0182771
236.610437	0.0195551
236.628634	0.0171508
236.646830	0.0179779
236.665028	0.0158701
236.683226	0.0182163
236.701425	0.0176104
236.719625	0.0194507
236.737825	0.0173416
236.756026	0.0171482
236.774228	0.0171572
236.792430	0.0182632
236.810634	0.0160892
236.828838	0.0179549
236.847042	0.0181118
236.865247	0.0180428
236.883453	0.0185392
236.901660	0.0182843
236.919867	0.0179348
236.938076	0.0185588
236.956284	0.0181975
236.974494	0.0174693
236.992704	0.0181349
237.010915	0.0170675
237.029127	0.0182125
237.047339	0.0175869
237.065552	0.0181715
237.083766	0.0175702
237.101980	0.0183752
237.120195	0.0170543
237.138411	0.0164334
237.156627	0.0174511
237.174845	0.0172304
237.193063	0.0183473
237.211281	0.0167343
237.229501	0.0191982
237.247721	0.0192950
237.265941	0.0184645
237.284163	0.0174497
237.302385	0.0184024
237.320608	0.0185079
237.338831	0.0203143
237.357055	0.0210222
237.375280	0.0207274
237.393506	0.0212367
237.411732	0.0235774
237.429959	0.0240986
237.448187	0.0245752
237.466416	0.0239616
237.484645	0.0237822
237.502875	0.0249205
237.521105	0.0237159
237.539337	0.0233244
237.557569	0.0212921
237.575801	0.0200133
237.594035	0.0199922
237.612269	0.0198539
237.630503	0.0189001
237.648739	0.0195285
237.666975	0.0203194
237.685212	0.0179204
237.703450	0.0177148
237.721688	0.0191684
237.739927	0.0180610
237.758167	0.0180636
237.776407	0.0173446
237.794648	0.0188100
237.812890	0.0171842
237.831132	0.0163912
237.849376	0.0170188
237.867620	0.0190567
237.885864	0.0174462
237.904109	0.0168457
237.922355	0.0187233
237.940602	0.0178000
237.958850	0.0175476
237.977098	0.0171834
237.995347	0.0155374
238.013596	0.0171978
238.031846	0.0154378
238.050097	0.0167127
238.068349	0.0176350
238.086601	0.0182290
238.104854	0.0183616
238.123108	0.0162190
238.141363	0.0176095
238.159618	0.0189574
238.177874	0.0171504
238.196130	0.0174462
238.214387	0.0183922
238.232645	0.0168020
238.250904	0.0162993
238.269163	0.0164118
238.287423	0.0171755
238.305684	0.0164697
238.323946	0.0180788
238.342208	0.0185382
238.360471	0.0167550
238.378734	0.0177167
238.396999	0.0171168
238.415264	0.0167844
238.433529	0.0163230
238.451796	0.0180322
238.470063	0.0172151
238.488330	0.0171165
238.506599	0.0176510
238.524868	0.0164898
238.543138	0.0168528
238.561409	0.0179462
238.579680	0.0175958
238.597952	0.0178090
238.616225	0.0176682
238.634498	0.0163096
238.652772	0.0172224
238.671047	0.0172219
238.689323	0.0159215
238.707599	0.0168005
238.725876	0.0158557
238.744153	0.0171289
238.762432	0.0179127
238.780711	0.0167220
238.798990	0.0178098
238.817271	0.0168710
238.835552	0.0180425
238.853834	0.0170704
238.872116	0.0178630
238.890400	0.0162600
238.908684	0.0171973
238.926968	0.0179377
238.945254	0.0170756
238.963540	0.0178301
238.981826	0.0167810
239.000114	0.0176667
239.018402	0.0169731
239.036691	0.0182587
239.054980	0.0183410
239.073271	0.0170252
239.091562	0.0169605
239.109853	0.0171785
239.128146	0.0174166
239.146439	0.0166489
239.164733	0.0172070
239.183027	0.0161983
239.201322	0.0173858
239.219618	0.0187923
239.237915	0.0181946
239.256212	0.0222290
239.274510	0.0241118
239.292809	0.0303817
239.311108	0.0376586
239.329408	0.0471726
239.347709	0.0583460
239.366011	0.0707724
239.384313	0.0840924
239.402616	0.0951164
239.420919	0.1000923
239.439224	0.1001125
239.457529	0.0974985
239.475834	0.0924253
239.494141	0.0880896
239.512448	0.0787580
239.530756	0.0670236
239.549064	0.0587612
239.567374	0.0503310
239.585684	0.0400586
239.603994	0.0342428
239.622306	0.0286172
239.640618	0.0251833
239.658930	0.0216310
239.677244	0.0205584
239.695558	0.0191945
239.713873	0.0186583
239.732188	0.0179832
239.750505	0.0159701
239.768822	0.0180628
239.787139	0.0171046
239.805458	0.0171451
239.823777	0.0174429
239.842096	0.0162712
239.860417	0.0178530
239.878738	0.0176429
239.897060	0.0171660
239.915383	0.0167747
239.933706	0.0164012
239.952030	0.0167879
239.970355	0.0167305
239.988680	0.0173996
240.007006	0.0176455
240.025333	0.0166539
240.043660	0.0168072
240.061988	0.0171257
240.080317	0.0176024
240.098647	0.0176247
240.116977	0.0164677
240.135308	0.0178315
240.153640	0.0181466
240.171972	0.0163804
240.190306	0.0176894
240.208639	0.0170715
240.226974	0.0172909
240.245309	0.0156475
240.263645	0.0170504
240.281982	0.0174640
240.300319	0.0158659
240.318657	0.0171929
240.336996	0.0168950
240.355335	0.0175221
240.373675	0.0171774
240.392016	0.0173021
240.410358	0.0173879
240.428700	0.0185458
240.447043	0.0173379
240.465387	0.0177296
240.483731	0.0184579
240.502076	0.0180550
240.520422	0.0175024
240.538768	0.0163193
240.557115	0.0164261
240.575463	0.0166562
240.593812	0.0177440
240.612161	0.0164640
240.630511	0.0162135
240.648862	0.0183600
240.667213	0.0169192
240.685565	0.0166025
240.703918	0.0174164
240.722272	0.0163920
240.740626	0.0169246
240.758981	0.0178224
240.777336	0.0173767
240.795692	0.0179166
240.814049	0.0168103
240.832407	0.0174672
240.850766	0.0175353
240.869125	0.0160908
240.887485	0.0161737
240.905845	0.0172808
240.924206	0.0169893
240.942568	0.0178385
240.960931	0.0175311
240.979294	0.0159920
240.997658	0.0167468
241.016023	0.0161801
241.034388	0.0161102
241.052754	0.0181717
241.071121	0.0165144
241.089489	0.0172841
241.107857	0.0171912
241.126226	0.0168426
241.144596	0.0163231
241.162966	0.0149609
241.181337	0.0164501
241.199709	0.0183331
241.218081	0.0188477
241.236454	0.0208550
241.254828	0.0207443
241.273203	0.0238636
241.291578	0.0243326
241.309954	0.0264144
241.328331	0.0278889
241.346708	0.0287317
241.365086	0.0328996
241.383465	0.0297241
241.401844	0.0296554
241.420224	0.0291992
241.438605	0.0274343
241.456987	0.0273691
241.475369	0.0242397
241.493752	0.0227685
241.512136	0.0210904
241.530520	0.0197418
241.548905	0.0208134
241.567291	0.0191485
241.585678	0.0174563
241.604065	0.0161735
241.622453	0.0165539
241.640841	0.0174377
241.659231	0.0178483
241.677621	0.0156664
241.696011	0.0169662
241.714403	0.0176170
241.732795	0.0169323
241.751188	0.0179929
241.769581	0.0169365
241.787976	0.0159751
241.806370	0.0165980
241.824766	0.0160924
241.843162	0.0170428
241.861560	0.0168171
241.879957	0.0168380
241.898356	0.0164909
241.916755	0.0162167
241.935155	0.0167367
241.953555	0.0177935
241.971956	0.0156505
241.990358	0.0172392
242.008761	0.0162364
242.027164	0.0163444
242.045568	0.0162706
242.063973	0.0172741
242.082379	0.0176498
242.100785	0.0157046
242.119192	0.0165635
242.137599	0.0179064
242.156008	0.0168083
242.174417	0.0169631
242.192826	0.0166567
242.211237	0.0159036
242.229648	0.0166988
242.248060	0.0153876
242.266472	0.0172213
242.284885	0.0175551
242.303299	0.0164870
242.321714	0.0171828
242.340129	0.0158945
242.358545	0.0171286
242.376962	0.0152628
242.395379	0.0170516
242.413797	0.0171171
242.432216	0.0159272
242.450636	0.0169193
242.469056	0.0156815
242.487477	0.0166432
242.505898	0.0161114
242.524321	0.0173561
242.542744	0.0167670
242.561167	0.0176099
242.579592	0.0166665
242.598017	0.0167282
242.616443	0.0170241
242.634869	0.0167869
242.653297	0.0163126
242.671724	0.0170419
242.690153	0.0165617
242.708582	0.0163925
242.727013	0.0175545
242.745443	0.0169848
242.763875	0.0168961
242.782307	0.0169766
242.800740	0.0172810
242.819173	0.0170173
242.837608	0.0169102
242.856043	0.0162272
242.874478	0.0163377
242.892915	0.0166505
242.911352	0.0165851
242.929789	0.0162911
242.948228	0.0175432
242.966667	0.0176426
242.985107	0.0171586
243.003548	0.0173697
243.021989	0.0162915
243.040431	0.0157657
243.058873	0.0157318
243.077317	0.0166683
243.095761	0.0162619
243.114206	0.0173454
243.132651	0.0173274
243.151097	0.0163048
243.169544	0.0164705
243.187992	0.0173579
243.206440	0.0167126
243.224889	0.0159577
243.243339	0.0164173
243.261789	0.0160041
243.280241	0.0166796
243.298692	0.0157283
243.317145	0.0164875
243.335598	0.0167163
243.354052	0.0159059
243.372507	0.0173444
243.390962	0.0169515
243.409418	0.0165623
243.427875	0.0171138
243.446332	0.0173072
243.464790	0.0168047
243.483249	0.0165702
243.501709	0.0176158
243.520169	0.0178951
243.538630	0.0170629
243.557092	0.0169193
243.575554	0.0173962
243.594017	0.0193856
243.612481	0.0168525
243.630945	0.0173233
243.649411	0.0175159
243.667876	0.0189563
243.686343	0.0202034
243.704810	0.0187811
243.723278	0.0179312
243.741747	0.0173919
243.760216	0.0174742
243.778686	0.0177148
243.797157	0.0170956
243.815629	0.0166361
243.834101	0.0164571
243.852574	0.0169542
243.871047	0.0168352
243.889522	0.0177127
243.907997	0.0167047
243.926472	0.0163913
243.944949	0.0160531
243.963426	0.0163275
243.981904	0.0163812
244.000382	0.0165581
244.018861	0.0171639
244.037341	0.0159861
244.055822	0.0182341
244.074303	0.0161142
244.092785	0.0167902
244.111268	0.0151768
244.129751	0.0164249
244.148236	0.0171687
244.166720	0.0165632
244.185206	0.0159381
244.203692	0.0181882
244.222179	0.0168127
244.240667	0.0171113
244.259155	0.0172863
244.277644	0.0162177
244.296134	0.0162738
244.314624	0.0154672
244.333116	0.0162474
244.351607	0.0162164
244.370100	0.0178356
244.388593	0.0161203
244.407087	0.0153197
244.425582	0.0168313
244.444077	0.0173792
244.462573	0.0166594
244.481070	0.0160923
244.499568	0.0159534
244.518066	0.0173984
244.536565	0.0168842
244.555064	0.0164317
244.573565	0.0159668
244.592065	0.0170652
244.610567	0.0164519
244.629070	0.0158542
244.647573	0.0170343
244.666076	0.0174748
244.684581	0.0165789
244.703086	0.0154437
244.721592	0.0173978
244.740099	0.0173539
244.758606	0.0174812
244.777114	0.0163917
244.795623	0.0160651
244.814132	0.0148156
244.832642	0.0164399
244.851153	0.0164651
244.869665	0.0161989
244.888177	0.0159845
244.906690	0.0157934
244.925203	0.0158286
244.943718	0.0157654
244.962233	0.0159577
244.980749	0.0164137
244.999265	0.0158415
245.017782	0.0154374
245.036300	0.0155986
245.054819	0.0171013
245.073338	0.0161945
245.091858	0.0172774
245.110378	0.0170218
245.128900	0.0151353
245.147422	0.0156445
245.165945	0.0163443
245.184468	0.0167976
245.202992	0.0159433
245.221517	0.0166862
245.240043	0.0169325
245.258569	0.0179113
245.277096	0.0155803
245.295624	0.0153682
245.314152	0.0169437
245.332681	0.0156622
245.351211	0.0169253
245.369741	0.0156919
245.388273	0.0163702
245.406804	0.0160424
245.425337	0.0154024
245.443870	0.0147021
245.462404	0.0158612
245.480939	0.0158841
245.499475	0.0153089
245.518011	0.0161125
245.536547	0.0162163
245.555085	0.0147048
245.573623	0.0171713
245.592162	0.0152940
245.610702	0.0178021
245.629242	0.0169172
245.647783	0.0168825
245.666325	0.0187975
245.684867	0.0164818
245.703410	0.0159864
245.721954	0.0158548
245.740499	0.0157620
245.759044	0.0176769
245.777590	0.0162752
245.796137	0.0160253
245.814684	0.0149171
245.833232	0.0168739
245.851781	0.0168449
245.870330	0.0176804
245.888880	0.0170784
245.907431	0.0161847
245.925983	0.0158797
245.944535	0.0154487
245.963088	0.0176791
245.981642	0.0162505
246.000196	0.0156105
246.018751	0.0170365
246.037307	0.0165129
246.055863	0.0169911
246.074421	0.0160984
246.092978	0.0164269
246.111537	0.0147274
246.130096	0.0159345
246.148656	0.0163364
246.167217	0.0159677
246.185778	0.0158196
246.204341	0.0154683
246.222903	0.0149533
246.241467	0.0161997
246.260031	0.0162102
246.278596	0.0158742
246.297162	0.0162426
246.315728	0.0156823
246.334295	0.0161066
246.352863	0.0163093
246.371431	0.0153301
246.390000	0.0162836
246.408570	0.0161241
246.427141	0.0147137
246.445712	0.0175938
246.464284	0.0159304
246.482856	0.0155598
246.501430	0.0178739
246.520004	0.0155104
246.538578	0.0157729
246.557154	0.0160243
246.575730	0.0154363
246.594307	0.0171876
246.612884	0.0159356
246.631463	0.0158321
246.650042	0.0157539
246.668621	0.0166730
246.687202	0.0174809
246.705783	0.0161779
246.724364	0.0165582
246.742947	0.0148698
246.761530	0.0169087
246.780114	0.0161946
246.798699	0.0155157
246.817284	0.0157643
246.835870	0.0154419
246.854457	0.0161514
246.873044	0.0154279
246.891632	0.0152661
246.910221	0.0162686
246.928810	0.0154860
246.947400	0.0171223
246.965991	0.0155949
246.984583	0.0157117
247.003175	0.0168472
247.021768	0.0168334
247.040362	0.0172239
247.058956	0.0166076
247.077552	0.0166384
247.096147	0.0155306
247.114744	0.0176905
247.133341	0.0158724
247.151939	0.0160888
247.170538	0.0150979
247.189137	0.0159149
247.207737	0.0176374
247.226338	0.0152655
247.244939	0.0169061
247.263541	0.0170337
247.282144	0.0172692
247.300748	0.0180775
247.319352	0.0197618
247.337957	0.0198551
247.356563	0.0230875
247.375169	0.0244046
247.393776	0.0259339
247.412384	0.0274856
247.430992	0.0280272
247.449601	0.0273252
247.468211	0.0294617
247.486822	0.0252534
247.505433	0.0266735
247.524045	0.0235662
247.542658	0.0221445
247.561271	0.0210598
247.579885	0.0205054
247.598500	0.0189809
247.617115	0.0196686
247.635732	0.0176592
247.654348	0.0166958
247.672966	0.0161383
247.691584	0.0159768
247.710203	0.0169279
247.728823	0.0159615
247.747443	0.0166196
247.766064	0.0163146
247.784686	0.0172148
247.803309	0.0163062
247.821932	0.0163984
247.840556	0.0153728
247.859181	0.0162339
247.877806	0.0164372
247.896432	0.0161436
247.915059	0.0170431
247.933686	0.0167943
247.952314	0.0158826
247.970943	0.0174450
247.989572	0.0177163
248.008203	0.0184700
248.026834	0.0195099
248.045465	0.0200110
248.064098	0.0206528
248.082731	0.0202843
248.101364	0.0214652
248.119999	0.0201280
248.138634	0.0208979
248.157270	0.0194232
248.175906	0.0189809
248.194544	0.0180263
248.213182	0.0183842
248.231820	0.0175388
248.250460	0.0158279
248.269100	0.0168674
248.287741	0.0172667
248.306382	0.0168219
248.325024	0.0163172
248.343667	0.0166782
248.362311	0.0161332
248.380955	0.0163920
248.399600	0.0163370
248.418246	0.0161044
248.436892	0.0159792
248.455539	0.0152494
248.474187	0.0153239
248.492835	0.0170651
248.511485	0.0155193
248.530134	0.0168770
248.548785	0.0159355
248.567436	0.0148731
248.586088	0.0155848
248.604741	0.0168195
248.623394	0.0163179
248.642049	0.0163364
248.660703	0.0173510
248.679359	0.0153349
248.698015	0.0162375
248.716672	0.0156687
248.735330	0.0157274
248.753988	0.0152942
248.772647	0.0144548
248.791307	0.0173417
248.809967	0.0163971
248.828628	0.0163697
248.847290	0.0153508
248.865953	0.0144421
248.884616	0.0157064
248.903280	0.0153087
248.921945	0.0162100
248.940610	0.0161288
248.959276	0.0163335
248.977943	0.0154785
248.996610	0.0162044
249.015278	0.0157339
249.033947	0.0154855
249.052617	0.0149400
249.071287	0.0163519
249.089958	0.0157262
249.108630	0.0163671
249.127302	0.0173225
249.145975	0.0152231
249.164649	0.0149060
249.183323	0.0157396
249.201999	0.0153717
249.220675	0.0159654
249.239351	0.0153385
249.258028	0.0151131
249.276706	0.0162634
249.295385	0.0153253
249.314064	0.0167394
249.332745	0.0166974
249.351425	0.0153236
249.370107	0.0169957
249.388789	0.0167403
249.407472	0.0179476
249.426156	0.0168880
249.444840	0.0165505
249.463525	0.0179243
249.482211	0.0163850
249.500897	0.0175991
249.519584	0.0164438
249.538272	0.0173163
249.556961	0.0175056
249.575650	0.0169064
249.594340	0.0176419
249.613030	0.0164334
249.631722	0.0173623
249.650414	0.0184192
249.669107	0.0182904
249.687800	0.0219828
249.706494	0.0220343
249.725189	0.0261454
249.743885	0.0302532
249.762581	0.0316825
249.781278	0.0334074
249.799975	0.0354188
249.818674	0.0347289
249.837373	0.0350117
249.856073	0.0330059
249.874773	0.0305406
249.893474	0.0292059
249.912176	0.0266849
249.930879	0.0239473
249.949582	0.0238636
249.968286	0.0213091
249.986991	0.0197354
250.005696	0.0181304
250.024402	0.0168742
250.043109	0.0164461
250.061816	0.0168445
250.080525	0.0163244
250.099234	0.0155888
250.117943	0.0152083
250.136653	0.0153732
250.155365	0.0156097
250.174076	0.0156169
250.192789	0.0155128
250.211502	0.0167096
250.230216	0.0152363
250.248930	0.0167578
250.267645	0.0166958
250.286361	0.0167559
250.305078	0.0150411
250.323795	0.0168557
250.342513	0.0153517
250.361232	0.0156220
250.379951	0.0147187
250.398672	0.0146216
250.417392	0.0163030
250.436114	0.0153002
250.454836	0.0154902
250.473559	0.0153384
250.492283	0.0150777
250.511007	0.0156463
250.529732	0.0149249
250.548458	0.0156257
250.567184	0.0150813
250.585912	0.0157911
250.604639	0.0153442
250.623368	0.0159562
250.642097	0.0148198
250.660827	0.0177034
250.679558	0.0149241
250.698289	0.0150025
250.717021	0.0153508
250.735754	0.0160148
250.754488	0.0157009
250.773222	0.0141837
250.791957	0.0165792
250.810692	0.0158565
250.829429	0.0167175
250.848166	0.0159697
250.866903	0.0155229
250.885642	0.0148931
250.904381	0.0152030
250.923121	0.0152386
250.941861	0.0144873
250.960602	0.0155014
250.979344	0.0151558
250.998087	0.0142582
251.016830	0.0162509
251.035574	0.0146557
251.054319	0.0148866
251.073064	0.0153122
251.091811	0.0152877
251.110557	0.0150133
251.129305	0.0168343
251.148053	0.0155911
251.166802	0.0139495
251.185552	0.0167401
251.204302	0.0158060
251.223053	0.0159377
251.241805	0.0151336
251.260557	0.0159824
251.279310	0.0158736
251.298064	0.0173486
251.316819	0.0162226
251.335574	0.0162545
251.354330	0.0159273
251.373087	0.0148542
251.391844	0.0156049
251.410602	0.0160449
251.429361	0.0162786
251.448120	0.0157017
251.466881	0.0150943
251.485641	0.0152787
251.504403	0.0145175
251.523165	0.0152694
251.541928	0.0152112
251.560692	0.0148833
251.579456	0.0150078
251.598221	0.0160967
251.616987	0.0158784
251.635754	0.0153130
251.654521	0.0153636
251.673289	0.0151589
251.692057	0.0168570
251.710827	0.0145941
251.729597	0.0156735
251.748368	0.0150738
251.767139	0.0152915
251.785911	0.0152150
251.804684	0.0164215
251.823457	0.0156024
251.842232	0.0152719
251.861007	0.0159790
251.879782	0.0167791
251.898559	0.0154847
251.917336	0.0153007
251.936113	0.0144860
251.954892	0.0150930
251.973671	0.0157593
251.992451	0.0155717
252.011231	0.0147683
252.030013	0.0145883
252.048794	0.0154229
252.067577	0.0161641
252.086360	0.0150530
252.105145	0.0157607
252.123929	0.0167546
252.142715	0.0156107
252.161501	0.0141104
252.180288	0.0142960
252.199075	0.0149760
252.217864	0.0163210
252.236653	0.0159590
252.255442	0.0158021
252.274233	0.0163792
252.293024	0.0145919
252.311816	0.0143233
252.330608	0.0160594
252.349401	0.0154890
252.368195	0.0156507
252.386990	0.0159244
252.405785	0.0155169
252.424581	0.0152666
252.443378	0.0151271
252.462175	0.0141064
252.480973	0.0146689
252.499772	0.0147975
252.518572	0.0150388
252.537372	0.0154581
252.556173	0.0138588
252.574974	0.0166621
252.593777	0.0156861
252.612580	0.0151703
252.631383	0.0149899
252.650188	0.0155608
252.668993	0.0144349
252.687799	0.0151694
252.706605	0.0150818
252.725412	0.0139016
252.744220	0.0155485
252.763029	0.0153274
252.781838	0.0139892
252.800648	0.0137373
252.819459	0.0150085
252.838271	0.0149622
252.857083	0.0153623
252.875896	0.0159828
252.894709	0.0139766
252.913524	0.0148950
252.932338	0.0146807
252.951154	0.0162507
252.969971	0.0154692
252.988788	0.0138353
253.007605	0.0141806
253.026424	0.0148700
253.045243	0.0155437
253.064063	0.0156532
253.082883	0.0134496
253.101705	0.0149414
253.120527	0.0156042
253.139349	0.0147335
253.158173	0.0150412
253.176997	0.0148040
253.195822	0.0153803
253.214647	0.0148951
253.233473	0.0155771
253.252300	0.0173830
253.271128	0.0208240
253.289956	0.0234113
253.308785	0.0314729
253.327615	0.0452298
253.346445	0.0607877
253.365276	0.0843852
253.384108	0.1118066
253.402941	0.1461871
253.421774	0.1770509
253.440608	0.2037678
253.459443	0.2210404
253.478278	0.2289684
253.497114	0.2248882
253.515951	0.2177794
253.534788	0.1978075
253.553626	0.1778898
253.572465	0.1537388
253.591305	0.1295627
253.610145	0.1058657
253.628986	0.0831522
253.647828	0.0647550
253.666670	0.0503626
253.685513	0.0406247
253.704357	0.0311906
253.723201	0.0254815
253.742046	0.0219111
253.760892	0.0191573
253.779739	0.0174596
253.798586	0.0181805
253.817434	0.0166804
253.836283	0.0148840
253.855132	0.0158348
253.873982	0.0151863
253.892833	0.0139692
253.911685	0.0149267
253.930537	0.0142399
253.949390	0.0147901
253.968243	0.0155978
253.987097	0.0149466
254.005952	0.0146190
254.024808	0.0170733
254.043665	0.0147179
254.062522	0.0142727
254.081380	0.0160401
254.100238	0.0152082
254.119097	0.0150197
254.137957	0.0144687
254.156818	0.0162363
254.175679	0.0142621
254.194541	0.0152484
254.213404	0.0154987
254.232267	0.0160655
254.251131	0.0142595
254.269996	0.0137290
254.288862	0.0146647
254.307728	0.0160004
254.326595	0.0160245
254.345463	0.0164663
254.364331	0.0153671
254.383200	0.0163452
254.402070	0.0163936
254.420940	0.0152999
254.439811	0.0156308
254.458683	0.0160707
254.477556	0.0170541
254.496429	0.0156259
254.515303	0.0167014
254.534178	0.0158865
254.553053	0.0158889
254.571929	0.0159028
254.590806	0.0161089
254.609683	0.0160877
254.628562	0.0163147
254.647440	0.0166108
254.666320	0.0156249
254.685200	0.0141357
254.704081	0.0149305
254.722963	0.0144605
254.741845	0.0155506
254.760728	0.0151292
254.779612	0.0143333
254.798497	0.0148374
254.817382	0.0161224
254.836268	0.0145451
254.855155	0.0140327
254.874042	0.0138525
254.892930	0.0160077
254.911819	0.0149912
254.930708	0.0165494
254.949598	0.0154707
254.968489	0.0155816
254.987380	0.0139673
255.006273	0.0156518
255.025166	0.0152383
255.044059	0.0153424
255.062954	0.0146945
255.081849	0.0155603
255.100744	0.0167870
255.119641	0.0138703
255.138538	0.0158546
255.157436	0.0142417
255.176334	0.0155285
255.195234	0.0152388
255.214134	0.0144678
255.233034	0.0147893
255.251936	0.0155586
255.270838	0.0154838
255.289740	0.0163100
255.308644	0.0154556
255.327548	0.0150690
255.346453	0.0166493
255.365358	0.0163013
255.384265	0.0177424
255.403172	0.0177667
255.422079	0.0194215
255.440988	0.0190336
255.459897	0.0217842
255.478807	0.0207307
255.497717	0.0197100
255.516628	0.0215531
255.535540	0.0201763
255.554453	0.0217694
255.573366	0.0187090
255.592280	0.0191850
255.611195	0.0173439
255.630110	0.0168322
255.649026	0.0168547
255.667943	0.0159883
255.686861	0.0156309
255.705779	0.0154457
255.724698	0.0143514
255.743617	0.0150594
255.762538	0.0150511
255.781459	0.0142599
255.800381	0.0145014
255.819303	0.0146366
255.838226	0.0146358
255.857150	0.0134929
255.876074	0.0147879
255.895000	0.0132932
255.913926	0.0139093
255.932852	0.0152518
255.951780	0.0138521
255.970708	0.0159281
255.989636	0.0147532
256.008566	0.0141890
256.027496	0.0145117
256.046427	0.0149293
256.065358	0.0143581
256.084291	0.0151397
256.103224	0.0149420
256.122157	0.0151460
256.141092	0.0153071
256.160027	0.0149405
256.178963	0.0131029
256.197899	0.0163451
256.216836	0.0150417
256.235774	0.0147216
256.254713	0.0135052
256.273652	0.0152869
256.292592	0.0151950
256.311533	0.0149066
256.330474	0.0149056
256.349416	0.0142200
256.368359	0.0139006
256.387302	0.0148336
256.406247	0.0145591
256.425192	0.0139449
256.444137	0.0147269
256.463084	0.0150309
256.482031	0.0163571
256.500978	0.0139546
256.519927	0.0162836
256.538876	0.0162075
256.557826	0.0147289
256.576776	0.0146653
256.595727	0.0146843
256.614679	0.0153164
256.633632	0.0138187
256.652585	0.0165161
256.671539	0.0151801
256.690494	0.0151062
256.709450	0.0153500
256.728406	0.0145044
256.747363	0.0149123
256.766320	0.0149737
256.785278	0.0142503
256.804237	0.0152105
256.823197	0.0147330
256.842157	0.0156934
256.861118	0.0137578
256.880080	0.0148017
256.899043	0.0148884
256.918006	0.0144960
256.936970	0.0157733
256.955934	0.0148859
256.974899	0.0146902
256.993865	0.0139685
257.012832	0.0148929
257.031800	0.0157175
257.050768	0.0141311
257.069736	0.0138781
257.088706	0.0152173
257.107676	0.0131131
257.126647	0.0133912
257.145619	0.0145421
257.164591	0.0145611
257.183564	0.0130922
257.202538	0.0141015
257.221512	0.0150103
257.240487	0.0160405
257.259463	0.0189807
257.278439	0.0192430
257.297417	0.0232256
257.316395	0.0278735
257.335373	0.0358047
257.354353	0.0454629
257.373333	0.0534030
257.392313	0.0645183
257.411295	0.0733816
257.430277	0.0790941
257.449260	0.0827449
257.468243	0.0797400
257.487227	0.0791387
257.506212	0.0746908
257.525198	0.0660587
257.544184	0.0626254
257.563171	0.0528160
257.582159	0.0473683
257.601148	0.0370349
257.620137	0.0330474
257.639127	0.0273132
257.658117	0.0237600
257.677109	0.0214152
257.696101	0.0194192
257.715093	0.0171624
257.734087	0.0170563
257.753081	0.0148908
257.772075	0.0151382
257.791071	0.0156031
257.810067	0.0143252
257.829064	0.0144822
257.848062	0.0149835
257.867060	0.0140833
257.886059	0.0140310
257.905059	0.0145888
257.924059	0.0132642
257.943060	0.0139918
257.962062	0.0135754
257.981064	0.0138312
258.000068	0.0154282
258.019071	0.0139695
258.038076	0.0152788
258.057081	0.0135924
258.076087	0.0147874
258.095094	0.0139515
258.114102	0.0147541
258.133110	0.0133363
258.152118	0.0151794
258.171128	0.0145430
258.190138	0.0155364
258.209149	0.0145893
258.228161	0.0145490
258.247173	0.0143804
258.266186	0.0143398
258.285200	0.0149044
258.304214	0.0142340
258.323230	0.0143532
258.342245	0.0137847
258.361262	0.0144665
258.380279	0.0148328
258.399297	0.0152227
258.418316	0.0149133
258.437335	0.0139974
258.456355	0.0156550
258.475376	0.0152529
258.494397	0.0145528
258.513420	0.0146075
258.532443	0.0143193
258.551466	0.0149666
258.570490	0.0142133
258.589515	0.0146965
258.608541	0.0135058
258.627567	0.0144494
258.646595	0.0144263
258.665622	0.0160675
258.684651	0.0145202
258.703680	0.0141566
258.722710	0.0138694
258.741740	0.0133581
258.760772	0.0144683
258.779804	0.0141988
258.798836	0.0143790
258.817870	0.0141362
258.836904	0.0156781
258.855939	0.0140832
258.874974	0.0144904
258.894011	0.0144223
258.913047	0.0149123
258.932085	0.0145556
258.951123	0.0149553
258.970162	0.0149031
258.989202	0.0149398
259.008243	0.0139343
259.027284	0.0139716
259.046326	0.0151911
259.065368	0.0130832
259.084411	0.0138671
259.103455	0.0153361
259.122500	0.0146057
259.141545	0.0145312
259.160591	0.0138519
259.179638	0.0136654
259.198686	0.0135952
259.217734	0.0147001
259.236783	0.0150817
259.255832	0.0147243
259.274882	0.0149227
259.293933	0.0146010
259.312985	0.0151194
259.332037	0.0142647
259.351091	0.0152046
259.370144	0.0153970
259.389199	0.0177535
259.408254	0.0180204
259.427310	0.0202089
259.446366	0.0209303
259.465424	0.0237432
259.484482	0.0240660
259.503540	0.0269949
259.522600	0.0261573
259.541660	0.0293451
259.560721	0.0274548
259.579782	0.0286586
259.598845	0.0280542
259.617907	0.0255031
259.636971	0.0245599
259.656035	0.0220641
259.675100	0.0196352
259.694166	0.0196534
259.713233	0.0177469
259.732300	0.0161901
259.751367	0.0177868
259.770436	0.0147786
259.789505	0.0153545
259.808575	0.0140422
259.827646	0.0148499
259.846717	0.0128052
259.865789	0.0130677
259.884862	0.0145935
259.903935	0.0151543
259.923010	0.0146854
259.942084	0.0149393
259.961160	0.0133139
259.980236	0.0136731
259.999313	0.0149493
260.018391	0.0153111
260.037469	0.0153084
260.056548	0.0148202
260.075628	0.0128743
260.094708	0.0147712
260.113790	0.0152353
260.132872	0.0134588
260.151954	0.0137780
260.171037	0.0130293
260.190121	0.0139516
260.209206	0.0141660
260.228291	0.0134254
260.247378	0.0143157
260.266464	0.0133054
260.285552	0.0143574
260.304640	0.0139780
260.323729	0.0143235
260.342819	0.0144312
260.361909	0.0148749
260.381000	0.0132946
260.400092	0.0152912
260.419184	0.0150396
260.438277	0.0140696
260.457371	0.0138729
260.476465	0.0142005
260.495561	0.0139124
260.514657	0.0145953
260.533753	0.0135696
260.552850	0.0140283
260.571949	0.0140070
260.591047	0.0139149
260.610147	0.0138670
260.629247	0.0142064
260.648348	0.0146737
260.667449	0.0145846
260.686551	0.0143257
260.705654	0.0142572
260.724758	0.0152674
260.743862	0.0128515
260.762967	0.0146326
260.782073	0.0139249
260.801180	0.0133123
260.820287	0.0139992
260.839395	0.0147226
260.858503	0.0138187
260.877613	0.0147065
260.896723	0.0143401
260.915833	0.0139226
260.934945	0.0132855
260.954057	0.0137705
260.973169	0.0139287
260.992283	0.0146888
261.011397	0.0133574
261.030512	0.0133388
261.049628	0.0137625
261.068744	0.0144274
261.087861	0.0141461
261.106979	0.0145304
261.126097	0.0144751
261.145216	0.0129191
261.164336	0.0137330
261.183456	0.0139877
261.202578	0.0139352
261.221700	0.0143324
261.240822	0.0136672
261.259945	0.0139535
261.279069	0.0161081
261.298194	0.0150708
261.317320	0.0146940
261.336446	0.0145230
261.355573	0.0138050
261.374700	0.0135905
261.393828	0.0136014
261.412957	0.0140215
261.432087	0.0137917
261.451217	0.0135973
261.470348	0.0141856
261.489480	0.0137730
261.508612	0.0134336
261.527746	0.0137810
261.546880	0.0137856
261.566014	0.0146452
261.585149	0.0137387
261.604285	0.0138868
261.623422	0.0127918
261.642559	0.0143177
261.661697	0.0129665
261.680836	0.0132887
261.699976	0.0129366
261.719116	0.0135270
261.738257	0.0142364
261.757398	0.0139489
261.776541	0.0140256
261.795684	0.0137890
261.814827	0.0139494
261.833972	0.0148035
261.853117	0.0154392
261.872262	0.0142581
261.891409	0.0153136
261.910556	0.0150234
261.929704	0.0143818
261.948853	0.0143782
261.968002	0.0134702
261.987152	0.0140340
262.006303	0.0142433
262.025454	0.0147603
262.044606	0.0141235
262.063759	0.0136690
262.082913	0.0150068
262.102067	0.0145474
262.121222	0.0134290
262.140377	0.0140200
262.159534	0.0142016
262.178691	0.0134556
262.197848	0.0133886
262.217007	0.0135587
262.236166	0.0138177
262.255326	0.0138079
262.274486	0.0144736
262.293648	0.0139088
262.312810	0.0133879
262.331972	0.0132443
262.351136	0.0143709
262.370300	0.0132605
262.389464	0.0141299
262.408630	0.0129868
262.427796	0.0142514
262.446963	0.0135071
262.466130	0.0134291
262.485299	0.0133036
262.504468	0.0150422
262.523637	0.0137571
262.542808	0.0147763
262.561979	0.0136142
262.581151	0.0138378
262.600323	0.0156690
262.619496	0.0136214
262.638670	0.0133672
262.657845	0.0144152
262.677020	0.0139857
262.696196	0.0131591
262.715373	0.0128936
262.734550	0.0138876
262.753728	0.0134761
262.772907	0.0137264
262.792087	0.0126865
262.811267	0.0140326
262.830448	0.0144740
262.849629	0.0132306
262.868812	0.0135062
262.887995	0.0130500
262.907178	0.0143407
262.926363	0.0134445
262.945548	0.0139619
262.964734	0.0136530
262.983920	0.0148310
263.003108	0.0136098
263.022296	0.0117928
263.041484	0.0140101
263.060674	0.0133813
263.079864	0.0136065
263.099054	0.0133650
263.118246	0.0138194
263.137438	0.0139502
263.156631	0.0156519
263.175824	0.0136441
263.195019	0.0140252
263.214214	0.0136312
263.233409	0.0132965
263.252606	0.0143875
263.271803	0.0142770
263.291000	0.0141983
263.310199	0.0132439
263.329398	0.0128113
263.348598	0.0138182
263.367799	0.0138435
263.387000	0.0133536
263.406202	0.0155082
263.425405	0.0145482
263.444608	0.0136538
263.463812	0.0124578
263.483017	0.0143448
263.502222	0.0145013
263.521428	0.0142243
263.540635	0.0150761
263.559843	0.0128034
263.579051	0.0135536
263.598260	0.0150080
263.617470	0.0139020
263.636680	0.0146055
263.655892	0.0129546
263.675103	0.0134707
263.694316	0.0142777
263.713529	0.0130427
263.732743	0.0141864
263.751958	0.0140384
263.771173	0.0128392
263.790389	0.0142748
263.809606	0.0128501
263.828823	0.0142157
263.848041	0.0140539
263.867260	0.0146218
263.886480	0.0139110
263.905700	0.0148351
263.924921	0.0155088
263.944143	0.0158996
263.963365	0.0160144
263.982588	0.0159915
264.001812	0.0185971
264.021036	0.0164566
264.040261	0.0161792
264.059487	0.0174003
264.078714	0.0173986
264.097941	0.0158644
264.117169	0.0154756
264.136398	0.0155114
264.155627	0.0155898
264.174857	0.0144224
264.194088	0.0146151
264.213320	0.0141773
264.232552	0.0129093
264.251785	0.0143653
264.271018	0.0135096
264.290252	0.0147249
264.309487	0.0145345
264.328723	0.0132444
264.347960	0.0133433
264.367197	0.0141670
264.386435	0.0146432
264.405673	0.0138197
264.424912	0.0128595
264.444152	0.0137629
264.463393	0.0131933
264.482634	0.0135377
264.501876	0.0131005
264.521119	0.0147544
264.540362	0.0141143
264.559606	0.0128297
264.578851	0.0131071
264.598097	0.0131519
264.617343	0.0133073
264.636590	0.0124032
264.655838	0.0134144
264.675086	0.0125837
264.694335	0.0134665
264.713585	0.0131969
264.732835	0.0134998
264.752086	0.0136247
264.771338	0.0134403
264.790591	0.0126389
264.809844	0.0142848
264.829098	0.0142223
264.848353	0.0138943
264.867608	0.0138727
264.886864	0.0143543
264.906121	0.0127837
264.925378	0.0137515
264.944636	0.0136359
264.963895	0.0132969
264.983155	0.0144347
265.002415	0.0129085
265.021676	0.0147766
265.040938	0.0138285
265.060200	0.0146905
265.079463	0.0121960
265.098727	0.0139070
265.117992	0.0131910
265.137257	0.0133833
265.156523	0.0122789
265.175789	0.0146657
265.195057	0.0147302
265.214325	0.0137480
265.233593	0.0142699
265.252863	0.0137773
265.272133	0.0123877
265.291404	0.0132723
265.310675	0.0141828
265.329948	0.0137148
265.349220	0.0127884
265.368494	0.0142360
265.387768	0.0125696
265.407044	0.0122029
265.426319	0.0129963
265.445596	0.0140429
265.464873	0.0142804
265.484151	0.0129714
265.503429	0.0123470
265.522708	0.0132651
265.541988	0.0131869
265.561269	0.0128486
265.580550	0.0133191
265.599832	0.0139372
265.619115	0.0136476
265.638399	0.0133890
265.657683	0.0135506
265.676968	0.0133238
265.696253	0.0131910
265.715540	0.0134274
265.734827	0.0135229
265.754114	0.0131830
265.773403	0.0127679
265.792692	0.0128313
265.811982	0.0148092
265.831272	0.0132197
265.850563	0.0130186
265.869855	0.0138899
265.889148	0.0138436
265.908441	0.0122340
265.927735	0.0145011
265.947030	0.0139334
265.966325	0.0139346
265.985621	0.0135187
266.004918	0.0119667
266.024216	0.0139367
266.043514	0.0129268
266.062813	0.0133193
266.082112	0.0144371
266.101413	0.0119693
266.120714	0.0133437
266.140015	0.0124111
266.159318	0.0138068
266.178621	0.0131008
266.197925	0.0130225
266.217229	0.0147009
266.236535	0.0124425
266.255840	0.0140280
266.275147	0.0116643
266.294454	0.0135564
266.313762	0.0144930
266.333071	0.0141227
266.352381	0.0129303
266.371691	0.0128009
266.391002	0.0119011
266.410313	0.0128532
266.429626	0.0135950
266.448939	0.0128210
266.468252	0.0147677
266.487567	0.0129873
266.506882	0.0119778
266.526197	0.0140683
266.545514	0.0135019
266.564831	0.0134629
266.584149	0.0125367
266.603468	0.0125647
266.622787	0.0141614
266.642107	0.0132219
266.661427	0.0136161
266.680749	0.0129254
266.700071	0.0131217
266.719394	0.0130519
266.738717	0.0136498
266.758041	0.0129969
266.777366	0.0156673
266.796692	0.0145073
266.816018	0.0147766
266.835345	0.0152628
266.854673	0.0151667
266.874001	0.0160925
266.893331	0.0163104
266.912660	0.0151585
266.931991	0.0165568
266.951322	0.0166412
266.970654	0.0164798
266.989987	0.0146356
267.009320	0.0157328
267.028654	0.0158044
267.047989	0.0154761
267.067324	0.0152180
267.086660	0.0148585
267.105997	0.0154337
267.125335	0.0148526
267.144673	0.0136845
267.164012	0.0126584
267.183352	0.0139354
267.202692	0.0138405
267.222033	0.0138834
267.241375	0.0133862
267.260717	0.0144093
267.280060	0.0121446
267.299404	0.0151114
267.318749	0.0129667
267.338094	0.0132753
267.357440	0.0134439
267.376787	0.0141606
267.396134	0.0127193
267.415482	0.0134857
267.434831	0.0128805
267.454181	0.0137935
267.473531	0.0123543
267.492882	0.0117147
267.512233	0.0133989
267.531586	0.0133585
267.550939	0.0136197
267.570292	0.0140358
267.589647	0.0127753
267.609002	0.0128401
267.628358	0.0129173
267.647714	0.0121541
267.667071	0.0143900
267.686429	0.0120934
267.705788	0.0130315
267.725147	0.0134826
267.744507	0.0129725
267.763868	0.0127080
267.783229	0.0124105
267.802592	0.0120206
267.821954	0.0129652
267.841318	0.0126320
267.860682	0.0133915
267.880047	0.0135330
267.899413	0.0139120
267.918779	0.0122101
267.938146	0.0124907
267.957514	0.0140741
267.976882	0.0131073
267.996252	0.0127888
268.015621	0.0127821
268.034992	0.0135361
268.054363	0.0142051
268.073735	0.0128891
268.093108	0.0139017
268.112481	0.0137945
268.131855	0.0128393
268.151230	0.0132649
268.170606	0.0141134
268.189982	0.0137878
268.209359	0.0140878
268.228736	0.0132017
268.248114	0.0127203
268.267493	0.0137464
268.286873	0.0132008
268.306254	0.0122245
268.325635	0.0139313
268.345016	0.0135233
268.364399	0.0138659
268.383782	0.0125996
268.403166	0.0127827
268.422551	0.0153703
268.441936	0.0129256
268.461322	0.0146475
268.480709	0.0144609
268.500096	0.0128185
268.519484	0.0123975
268.538873	0.0124213
268.558263	0.0131894
268.577653	0.0124768
268.597044	0.0136909
268.616435	0.0137552
268.635828	0.0135214
268.655221	0.0135399
268.674615	0.0134933
268.694009	0.0125128
268.713404	0.0131782
268.732800	0.0133645
268.752197	0.0135606
268.771594	0.0146319
268.790992	0.0115444
268.810390	0.0131117
268.829790	0.0126926
268.849190	0.0132555
268.868591	0.0146490
268.887992	0.0126770
268.907394	0.0135519
268.926797	0.0131938
268.946201	0.0119432
268.965605	0.0156282
268.985010	0.0121408
269.004416	0.0135960
269.023822	0.0120260
269.043229	0.0134322
269.062637	0.0128757
269.082045	0.0130876
269.101455	0.0123150
269.120864	0.0137088
269.140275	0.0130896
269.159686	0.0130325
269.179098	0.0131997
269.198511	0.0128760
269.217925	0.0137921
269.237339	0.0132758
269.256753	0.0135446
269.276169	0.0138228
269.295585	0.0129335
269.315002	0.0135320
269.334420	0.0131300
269.353838	0.0124881
269.373257	0.0126524
269.392677	0.0132945
269.412097	0.0124295
269.431518	0.0123962
269.450940	0.0120092
269.470363	0.0128951
269.489786	0.0141946
269.509210	0.0136187
269.528635	0.0145241
269.548060	0.0146888
269.567486	0.0129172
269.586913	0.0131629
269.606340	0.0132553
269.625768	0.0117175
269.645197	0.0132919
269.664627	0.0123083
269.684057	0.0134613
269.703488	0.0131820
269.722920	0.0135332
269.742352	0.0127166
269.761785	0.0138092
269.781219	0.0135401
269.800653	0.0127378
269.820089	0.0130681
269.839524	0.0120880
269.858961	0.0127235
269.878398	0.0139021
269.897836	0.0137263
269.917275	0.0126770
269.936714	0.0122291
269.956155	0.0139684
269.975595	0.0132735
269.995037	0.0120500
270.014479	0.0133404
270.033922	0.0121584
270.053366	0.0132064
270.072810	0.0140355
270.092255	0.0122566
270.111701	0.0142411
270.131147	0.0125712
270.150594	0.0128830
270.170042	0.0125449
270.189490	0.0128429
270.208940	0.0137150
270.228390	0.0135694
270.247840	0.0124042
270.267292	0.0130551
270.286744	0.0144960
270.306196	0.0125844
270.325650	0.0122730
270.345104	0.0135903
270.364559	0.0124944
270.384014	0.0119807
270.403471	0.0126912
270.422928	0.0119787
270.442385	0.0136370
270.461844	0.0131124
270.481303	0.0138065
270.500762	0.0135325
270.520223	0.0124322
270.539684	0.0126332
270.559146	0.0123629
270.578609	0.0137608
270.598072	0.0124962
270.617536	0.0123181
270.637001	0.0137402
270.656466	0.0137622
270.675932	0.0129899
270.695399	0.0133209
270.714866	0.0122987
270.734334	0.0131050
270.753803	0.0131449
270.773273	0.0121413
270.792743	0.0139819
270.812214	0.0138911
270.831686	0.0143737
270.851158	0.0138466
270.870632	0.0121979
270.890105	0.0129615
270.909580	0.0123184
270.929055	0.0115756
270.948531	0.0134793
270.968008	0.0118891
270.987485	0.0136857
271.006963	0.0131181
271.026442	0.0141804
271.045921	0.0122232
271.065401	0.0120433
271.084882	0.0119899
271.104364	0.0121811
271.123846	0.0131734
271.143329	0.0130666
271.162812	0.0124477
271.182297	0.0122831
271.201782	0.0132018
271.221268	0.0125401
271.240754	0.0133064
271.260241	0.0151588
271.279729	0.0183807
271.299218	0.0213123
271.318707	0.0260077
271.338197	0.0384866
271.357688	0.0494456
271.377179	0.0691042
271.396671	0.0949713
271.416164	0.1193530
271.435657	0.1452832
271.455152	0.1681262
271.474646	0.1863949
271.494142	0.1930742
271.513638	0.1888592
271.533135	0.1833896
271.552633	0.1710952
271.572131	0.1566792
271.591630	0.1359684
271.611130	0.1165728
271.630631	0.0952712
271.650132	0.0799036
271.669634	0.0629996
271.689137	0.0497256
271.708640	0.0383110
271.728144	0.0289611
271.747649	0.0233150
271.767154	0.0187630
271.786660	0.0169806
271.806167	0.0157904
271.825674	0.0137928
271.845183	0.0128551
271.864692	0.0126254
271.884201	0.0145549
271.903712	0.0119094
271.923223	0.0126712
271.942734	0.0131734
271.962247	0.0129463
271.981760	0.0137824
272.001274	0.0136234
272.020788	0.0123331
272.040304	0.0128044
272.059820	0.0139779
272.079336	0.0143699
272.098854	0.0125481
272.118372	0.0117143
272.137890	0.0130795
272.157410	0.0113246
272.176930	0.0124690
272.196451	0.0127862
272.215973	0.0132609
272.235495	0.0126790
272.255018	0.0125173
272.274542	0.0128304
272.294066	0.0136398
272.313591	0.0118012
272.333117	0.0122105
272.352643	0.0119440
272.372171	0.0120572
272.391698	0.0130381
272.411227	0.0132860
272.430756	0.0138285
272.450286	0.0128372
272.469817	0.0135608
272.489348	0.0132432
272.508881	0.0138065
272.528413	0.0128011
272.547947	0.0141199
272.567481	0.0145722
272.587016	0.0140858
272.606552	0.0134884
272.626088	0.0135609
272.645625	0.0132837
272.665163	0.0128425
272.684701	0.0136306
272.704240	0.0129466
272.723780	0.0120633
272.743321	0.0120732
272.762862	0.0137913
272.782404	0.0125553
272.801947	0.0139764
272.821490	0.0116064
272.841034	0.0140588
272.860579	0.0121593
272.880124	0.0127463
272.899670	0.0125637
272.919217	0.0131634
272.938765	0.0113378
272.958313	0.0131110
272.977862	0.0125895
272.997412	0.0129004
273.016962	0.0126647
273.036513	0.0125073
273.056065	0.0125944
273.075617	0.0123215
273.095171	0.0123285
273.114725	0.0120618
273.134279	0.0129807
273.153834	0.0133282
273.173390	0.0149788
273.192947	0.0131177
273.212504	0.0112974
273.232063	0.0138156
273.251621	0.0122515
273.271181	0.0131900
273.290741	0.0144476
273.310302	0.0129934
273.329864	0.0131316
273.349426	0.0143549
273.368989	0.0156670
273.388553	0.0153721
273.408117	0.0157349
273.427682	0.0175804
273.447248	0.0183932
273.466815	0.0190865
273.486382	0.0198760
273.505950	0.0199776
273.525518	0.0209600
273.545088	0.0212407
273.564658	0.0194432
273.584229	0.0187689
273.603800	0.0190828
273.623372	0.0185645
273.642945	0.0171203
273.662519	0.0159680
273.682093	0.0158839
273.701668	0.0139905
273.721243	0.0144931
273.740820	0.0134315
273.760397	0.0141704
273.779975	0.0128251
273.799553	0.0127794
273.819132	0.0118594
273.838712	0.0134391
273.858293	0.0126030
273.877874	0.0121556
273.897456	0.0126189
273.917039	0.0121894
273.936622	0.0127552
273.956206	0.0119388
273.975791	0.0120587
273.995376	0.0125598
274.014963	0.0134547
274.034550	0.0129025
274.054137	0.0124058
274.073725	0.0128404
274.093315	0.0129738
274.112904	0.0127891
274.132495	0.0123974
274.152086	0.0125976
274.171678	0.0121402
274.191270	0.0122189
274.210863	0.0130994
274.230457	0.0128566
274.250052	0.0120510
274.269647	0.0127535
274.289243	0.0127113
274.308840	0.0122585
274.328437	0.0131838
274.348036	0.0129921
274.367634	0.0137642
274.387234	0.0131711
274.406834	0.0128354
274.426435	0.0125253
274.446037	0.0134147
274.465639	0.0125354
274.485242	0.0120220
274.504846	0.0120124
274.524450	0.0114117
274.544056	0.0124825
274.563661	0.0131384
274.583268	0.0127458
274.602875	0.0121976
274.622483	0.0115445
274.642092	0.0124079
274.661701	0.0118341
274.681311	0.0134246
274.700922	0.0126720
274.720534	0.0135964
274.740146	0.0123908
274.759759	0.0116866
274.779372	0.0122144
274.798987	0.0127852
274.818602	0.0130552
274.838217	0.0128218
274.857834	0.0128140
274.877451	0.0120258
274.897069	0.0136384
274.916687	0.0119114
274.936306	0.0121186
274.955926	0.0132493
274.975547	0.0120889
274.995168	0.0111087
275.014790	0.0123004
275.034413	0.0108993
275.054036	0.0122198
275.073661	0.0125939
275.093285	0.0132546
275.112911	0.0129408
275.132537	0.0125800
275.152164	0.0128647
275.171792	0.0124031
275.191420	0.0125157
275.211049	0.0121535
275.230679	0.0128390
275.250309	0.0143549
275.269940	0.0149303
275.289572	0.0170207
275.309205	0.0195916
275.328838	0.0236920
275.348472	0.0299127
275.368107	0.0370079
275.387742	0.0473565
275.407378	0.0533642
275.427015	0.0616061
275.446652	0.0665638
275.466291	0.0671278
275.485929	0.0666769
275.505569	0.0677815
275.525209	0.0625303
275.544850	0.0557545
275.564492	0.0511571
275.584134	0.0428337
275.603777	0.0389498
275.623421	0.0326286
275.643066	0.0281271
275.662711	0.0228025
275.682357	0.0192146
275.702003	0.0174502
275.721651	0.0165379
275.741299	0.0141380
275.760948	0.0141656
275.780597	0.0127839
275.800247	0.0128313
275.819898	0.0120601
275.839549	0.0125991
275.859202	0.0120064
275.878855	0.0126166
275.898508	0.0130630
275.918163	0.0117364
275.937818	0.0122541
275.957473	0.0122023
275.977130	0.0118200
275.996787	0.0127444
276.016445	0.0123233
276.036103	0.0113342
276.055763	0.0121791
276.075422	0.0125184
276.095083	0.0123272
276.114744	0.0124357
276.134407	0.0136571
276.154069	0.0119742
276.173733	0.0120099
276.193397	0.0126644
276.213062	0.0120342
276.232727	0.0117840
276.252394	0.0124882
276.272061	0.0132698
276.291728	0.0122562
276.311397	0.0119665
276.331066	0.0120373
276.350736	0.0116090
276.370406	0.0113062
276.390077	0.0125376
276.409749	0.0120493
276.429422	0.0130863
276.449095	0.0125971
276.468769	0.0128521
276.488444	0.0116838
276.508119	0.0117170
276.527795	0.0137079
276.547472	0.0121491
276.567150	0.0114883
276.586828	0.0135141
276.606507	0.0131528
276.626186	0.0132807
276.645867	0.0133877
276.665548	0.0130127
276.685229	0.0135534
276.704912	0.0132448
276.724595	0.0133737
276.744279	0.0117834
276.763963	0.0126971
276.783648	0.0130328
276.803334	0.0120993
276.823021	0.0128763
276.842708	0.0133167
276.862396	0.0127780
276.882085	0.0116576
276.901775	0.0127551
276.921465	0.0125739
276.941156	0.0119466
276.960847	0.0104152
276.980540	0.0128933
277.000232	0.0112841
277.019926	0.0119871
277.039621	0.0121773
277.059316	0.0121893
277.079011	0.0122578
277.098708	0.0132779
277.118405	0.0110052
277.138103	0.0121875
277.157801	0.0125109
277.177501	0.0117775
277.197201	0.0130000
277.216901	0.0132091
277.236603	0.0111377
277.256305	0.0118617
277.276008	0.0116843
277.295711	0.0118888
277.315415	0.0117235
277.335120	0.0126434
277.354826	0.0133196
277.374532	0.0132399
277.394239	0.0128610
277.413947	0.0133273
277.433655	0.0134806
277.453364	0.0141053
277.473074	0.0135630
277.492785	0.0138241
277.512496	0.0133754
277.532208	0.0138106
277.551921	0.0135896
277.571634	0.0136581
277.591348	0.0142617
277.611063	0.0139851
277.630778	0.0124480
277.650494	0.0128009
277.670211	0.0130758
277.689929	0.0129892
277.709647	0.0114463
277.729366	0.0114827
277.749086	0.0123023
277.768806	0.0124731
277.788527	0.0123161
277.808249	0.0116369
277.827971	0.0122930
277.847694	0.0134899
277.867418	0.0129282
277.887143	0.0124315
277.906868	0.0113434
277.926594	0.0113026
277.946321	0.0115414
277.966048	0.0120040
277.985776	0.0124155
278.005505	0.0101392
278.025235	0.0111512
278.044965	0.0122780
278.064696	0.0125141
278.084427	0.0114221
278.104159	0.0128439
278.123892	0.0123085
278.143626	0.0125738
278.163361	0.0121895
278.183096	0.0119990
278.202832	0.0115334
278.222568	0.0127445
278.242305	0.0120821
278.262043	0.0121178
278.281782	0.0113911
278.301521	0.0118743
278.321261	0.0113664
278.341002	0.0120135
278.360743	0.0135729
278.380485	0.0116013
278.400228	0.0123810
278.419972	0.0124529
278.439716	0.0114794
278.459461	0.0129730
278.479207	0.0119985
278.498953	0.0133886
278.518700	0.0130279
278.538448	0.0126420
278.558196	0.0109949
278.577945	0.0126752
278.597695	0.0105358
278.617446	0.0121418
278.637197	0.0128034
278.656949	0.0132649
278.676702	0.0126414
278.696455	0.0127375
278.716209	0.0125764
278.735964	0.0125353
278.755719	0.0133600
278.775476	0.0135286
278.795232	0.0141987
278.814990	0.0148221
278.834748	0.0160129
278.854507	0.0160054
278.874267	0.0174712
278.894027	0.0183793
278.913788	0.0205053
278.933550	0.0189533
278.953313	0.0172095
278.973076	0.0177687
278.992840	0.0182372
279.012605	0.0167661
279.032370	0.0150852
279.052136	0.0162324
279.071903	0.0136121
279.091670	0.0131283
279.111438	0.0123094
279.131207	0.0138172
279.150976	0.0125653
279.170747	0.0127116
279.190518	0.0125135
279.210289	0.0120502
279.230062	0.0118229
279.249835	0.0118511
279.269608	0.0126557
279.289383	0.0123972
279.309158	0.0119853
279.328934	0.0122120
279.348710	0.0132506
279.368488	0.0111202
279.388266	0.0125323
279.408044	0.0110847
279.427824	0.0111688
279.447604	0.0122203
279.467384	0.0129862
279.487166	0.0129398
279.506948	0.0125509
279.526731	0.0135789
279.546514	0.0161581
279.566299	0.0184600
279.586084	0.0214132
279.605869	0.0262609
279.625656	0.0301122
279.645443	0.0344543
279.665231	0.0390841
279.685019	0.0427379
279.704808	0.0439991
279.724598	0.0453283
279.744389	0.0437433
279.764180	0.0427713
279.783972	0.0386551
279.803765	0.0355676
279.823558	0.0326011
279.843352	0.0295804
279.863147	0.0265964
279.882943	0.0233437
279.902739	0.0190658
279.922536	0.0179144
279.942333	0.0161686
279.962132	0.0146612
279.981931	0.0132643
280.001731	0.0130617
280.021531	0.0121953
280.041332	0.0121812
280.061134	0.0117991
280.080936	0.0127858
280.100740	0.0108506
280.120544	0.0116447
280.140348	0.0111270
280.160154	0.0126269
280.179960	0.0120024
280.199766	0.0116738
280.219574	0.0127562
280.239382	0.0122151
280.259191	0.0117244
280.279000	0.0123594
280.298811	0.0118214
280.318622	0.0108862
280.338433	0.0119650
280.358246	0.0110767
280.378059	0.0120329
280.397873	0.0118972
280.417687	0.0119960
280.437502	0.0116494
280.457318	0.0122343
280.477135	0.0131743
280.496952	0.0122535
280.516770	0.0110068
280.536589	0.0131061
280.556408	0.0128600
280.576228	0.0115259
280.596049	0.0122333
280.615870	0.0128212
280.635693	0.0117193
280.655516	0.0131715
280.675339	0.0115828
280.695164	0.0125497
280.714989	0.0129159
280.734814	0.0108663
280.754641	0.0118072
280.774468	0.0118432
280.794296	0.0128649
280.814124	0.0129873
280.833953	0.0123834
280.853783	0.0128275
280.873614	0.0117077
280.893445	0.0117616
280.913277	0.0116930
280.933110	0.0117210
280.952944	0.0122868
280.972778	0.0115873
280.992613	0.0111138
281.012448	0.0129421
281.032284	0.0108828
281.052121	0.0123672
281.071959	0.0120785
281.091797	0.0119433
281.111636	0.0121769
281.131476	0.0119999
281.151317	0.0121313
281.171158	0.0125984
281.191000	0.0134173
281.210842	0.0140345
281.230685	0.0139177
281.250529	0.0155673
281.270374	0.0161860
281.290220	0.0175013
281.310066	0.0181757
281.329912	0.0191494
281.349760	0.0187784
281.369608	0.0171280
281.389457	0.0190002
281.409307	0.0168353
281.429157	0.0166931
281.449008	0.0152915
281.468860	0.0139128
281.488712	0.0154233
281.508565	0.0149453
281.528419	0.0140251
281.548273	0.0126932
281.568129	0.0130442
281.587985	0.0132357
281.607841	0.0119892
281.627699	0.0114658
281.647557	0.0109564
281.667415	0.0114554
281.687275	0.0121712
281.707135	0.0135237
281.726996	0.0120487
281.746857	0.0122233
281.766719	0.0115356
281.786582	0.0112852
281.806446	0.0114153
281.826310	0.0111815
281.846175	0.0111942
281.866041	0.0125268
281.885908	0.0114206
281.905775	0.0121695
281.925643	0.0119744
281.945511	0.0128371
281.965381	0.0129951
281.985251	0.0112150
282.005121	0.0100244
282.024993	0.0111211
282.044865	0.0116092
282.064737	0.0115205
282.084611	0.0122617
282.104485	0.0107944
282.124360	0.0119328
282.144236	0.0116425
282.164112	0.0109978
282.183989	0.0112644
282.203867	0.0119892
282.223745	0.0117528
282.243624	0.0109547
282.263504	0.0117410
282.283384	0.0110563
282.303266	0.0126924
282.323147	0.0109193
282.343030	0.0118257
282.362913	0.0124304
282.382797	0.0116939
282.402682	0.0120894
282.422568	0.0111243
282.442454	0.0110255
282.462340	0.0122579
282.482228	0.0112905
282.502116	0.0119828
282.522005	0.0109601
282.541895	0.0115393
282.561785	0.0122198
282.581676	0.0120715
282.601568	0.0115666
282.621460	0.0114175
282.641354	0.0125107
282.661247	0.0107591
282.681142	0.0114954
282.701037	0.0113185
282.720933	0.0115998
282.740830	0.0109520
282.760727	0.0106253
282.780625	0.0114058
282.800524	0.0114479
282.820423	0.0123321
282.840324	0.0118207
282.860225	0.0124417
282.880126	0.0133648
282.900028	0.0113209
282.919931	0.0140376
282.939835	0.0142318
282.959739	0.0168920
282.979645	0.0162408
282.999550	0.0167944
283.019457	0.0183791
283.039364	0.0187114
283.059272	0.0186482
283.079180	0.0185970
283.099090	0.0181474
283.119000	0.0183249
283.138910	0.0182745
283.158822	0.0166126
283.178734	0.0160969
283.198647	0.0145147
283.218560	0.0133230
283.238475	0.0137104
283.258389	0.0133137
283.278305	0.0130596
283.298221	0.0125272
283.318138	0.0109846
283.338056	0.0118849
283.357975	0.0113643
283.377894	0.0117457
283.397814	0.0114907
283.417734	0.0118110
283.437655	0.0116234
283.457577	0.0125763
283.477500	0.0119515
283.497423	0.0111313
283.517347	0.0123751
283.537272	0.0118743
283.557198	0.0105021
283.577124	0.0126480
283.597051	0.0122088
283.616978	0.0121537
283.636906	0.0121147
283.656835	0.0127995
283.676765	0.0132687
283.696695	0.0122213
283.716627	0.0109473
283.736558	0.0126852
283.756491	0.0112953
283.776424	0.0112605
283.796358	0.0124427
283.816292	0.0121868
283.836228	0.0110342
283.856164	0.0125877
283.876100	0.0119882
283.896038	0.0123887
283.915976	0.0111603
283.935915	0.0121144
283.955854	0.0119817
283.975795	0.0120038
283.995735	0.0122886
284.015677	0.0125421
284.035619	0.0111237
284.055562	0.0129792
284.075506	0.0116205
284.095451	0.0115398
284.115396	0.0114289
284.135341	0.0121934
284.155288	0.0112188
284.175235	0.0110824
284.195183	0.0098554
284.215132	0.0127286
284.235081	0.0113147
284.255031	0.0107375
284.274982	0.0112805
284.294933	0.0113105
284.314886	0.0118485
284.334838	0.0108934
284.354792	0.0118218
284.374746	0.0123501
284.394701	0.0121452
284.414657	0.0114971
284.434613	0.0110775
284.454570	0.0128598
284.474528	0.0112701
284.494486	0.0103596
284.514446	0.0116465
284.534406	0.0113517
284.554366	0.0115628
284.574327	0.0127709
284.594289	0.0109349
284.614252	0.0119166
284.634215	0.0108585
284.654180	0.0123692
284.674144	0.0127010
284.694110	0.0118488
284.714076	0.0125923
284.734043	0.0112082
284.754011	0.0118781
284.773979	0.0126488
284.793948	0.0110702
284.813918	0.0120505
284.833888	0.0123120
284.853859	0.0104962
284.873831	0.0118225
284.893803	0.0119251
284.913777	0.0118296
284.933751	0.0112845
284.953725	0.0112466
284.973700	0.0112833
284.993677	0.0114991
285.013653	0.0121526
285.033631	0.0109264
285.053609	0.0123364
285.073588	0.0122575
285.093567	0.0113063
285.113547	0.0115300
285.133528	0.0115593
285.153510	0.0110086
285.173492	0.0102836
285.193475	0.0115622
285.213459	0.0112130
285.233444	0.0098129
285.253429	0.0109530
285.273415	0.0107532
285.293401	0.0116838
285.313389	0.0119614
285.333377	0.0111860
285.353365	0.0113295
285.373355	0.0110977
285.393345	0.0119748
285.413335	0.0119767
285.433327	0.0109261
285.453319	0.0120126
285.473312	0.0112985
285.493306	0.0126991
285.513300	0.0107637
285.533295	0.0113900
285.553291	0.0120833
285.573287	0.0124310
285.593284	0.0127556
285.613282	0.0117448
285.633280	0.0122888
285.653280	0.0116167
285.673280	0.0118543
285.693280	0.0117639
285.713281	0.0111206
285.733283	0.0104511
285.753286	0.0111218
285.773290	0.0121457
285.793294	0.0117371
285.813299	0.0129270
285.833304	0.0147070
285.853310	0.0164843
285.873317	0.0200244
285.893325	0.0228945
285.913333	0.0266822
285.933342	0.0319261
285.953352	0.0351627
285.973363	0.0370719
285.993374	0.0391553
286.013386	0.0397163
286.033398	0.0391293
286.053411	0.0386094
286.073425	0.0360945
286.093440	0.0345989
286.113455	0.0295727
286.133471	0.0274356
286.153488	0.0221294
286.173506	0.0198774
286.193524	0.0186253
286.213543	0.0173872
286.233562	0.0140686
286.253583	0.0133205
286.273604	0.0128187
286.293625	0.0122155
286.313648	0.0119653
286.333671	0.0109010
286.353694	0.0114420
286.373719	0.0109997
286.393744	0.0110037
286.413770	0.0124777
286.433797	0.0109129
286.453824	0.0117317
286.473852	0.0119372
286.493881	0.0117714
286.513910	0.0105280
286.533940	0.0112097
286.553971	0.0112835
286.574003	0.0127573
286.594035	0.0118467
286.614068	0.0104254
286.634101	0.0119218
286.654136	0.0110789
286.674171	0.0106516
286.694206	0.0116158
286.714243	0.0113122
286.734280	0.0123590
286.754318	0.0107625
286.774356	0.0126295
286.794396	0.0112396
286.814436	0.0121717
286.834476	0.0118968
286.854518	0.0112170
286.874560	0.0114526
286.894602	0.0103645
286.914646	0.0125256
286.934690	0.0118785
286.954735	0.0108753
286.974781	0.0111998
286.994827	0.0113336
287.014874	0.0120063
287.034921	0.0103371
287.054970	0.0119489
287.075019	0.0117633
287.095069	0.0109038
287.115119	0.0101440
287.135170	0.0117635
287.155222	0.0105354
287.175275	0.0119201
287.195328	0.0106686
287.215382	0.0111828
287.235437	0.0114885
287.255492	0.0120014
287.275548	0.0111309
287.295605	0.0114900
287.315663	0.0097931
287.335721	0.0108948
287.355780	0.0120248
287.375839	0.0110219
287.395900	0.0109039
287.415961	0.0112713
287.436022	0.0123279
287.456085	0.0119763
287.476148	0.0110993
287.496212	0.0108870
287.516276	0.0104127
287.536342	0.0115981
287.556408	0.0106570
287.576474	0.0121795
287.596542	0.0107489
287.616610	0.0120246
287.636678	0.0112051
287.656748	0.0115425
287.676818	0.0119118
287.696889	0.0120359
287.716960	0.0109137
287.737033	0.0110728
287.757106	0.0112649
287.777179	0.0129234
287.797254	0.0108529
287.817329	0.0113629
287.837404	0.0119013
287.857481	0.0112423
287.877558	0.0121336
287.897636	0.0107080
287.917715	0.0115780
287.937794	0.0110096
287.957874	0.0110039
287.977955	0.0111422
287.998036	0.0101869
288.018118	0.0111579
288.038201	0.0120721
288.058284	0.0113776
288.078368	0.0106866
288.098453	0.0122772
288.118539	0.0107469
288.138625	0.0108485
288.158712	0.0118647
288.178800	0.0115189
288.198888	0.0107185
288.218978	0.0112265
288.239067	0.0116630
288.259158	0.0115005
288.279249	0.0104392
288.299341	0.0111825
288.319434	0.0113568
288.339527	0.0109206
288.359621	0.0098511
288.379716	0.0113939
288.399811	0.0115960
288.419907	0.0104471
288.440004	0.0111856
288.460102	0.0112301
288.480200	0.0094870
288.500299	0.0112389
288.520399	0.0107099
288.540499	0.0117342
288.560600	0.0116318
288.580702	0.0120574
288.600804	0.0113719
288.620907	0.0107521
288.641011	0.0103367
288.661116	0.0117048
288.681221	0.0108771
288.701327	0.0122396
288.721434	0.0118781
288.741541	0.0103302
288.761649	0.0114835
288.781758	0.0115450
288.801868	0.0120020
288.821978	0.0115017
288.842089	0.0109610
288.862200	0.0112781
288.882312	0.0117337
288.902425	0.0112499
288.922539	0.0112161
288.942654	0.0119974
288.962769	0.0098130
288.982885	0.0101631
289.003001	0.0112589
289.023118	0.0106153
289.043236	0.0111672
289.063355	0.0119809
289.083474	0.0123568
289.103594	0.0108637
289.123715	0.0102510
289.143836	0.0108351
289.163958	0.0121366
289.184081	0.0106054
289.204205	0.0108320
289.224329	0.0115313
289.244454	0.0109243
289.264580	0.0119308
289.284706	0.0148045
289.304833	0.0186717
289.324961	0.0229628
289.345089	0.0304573
289.365218	0.0424465
289.385348	0.0552947
289.405479	0.0755271
289.425610	0.0976761
289.445742	0.1175677
289.465875	0.1372712
289.486008	0.1551376
289.506142	0.1632017
289.526277	0.1624648
289.546412	0.1612260
289.566548	0.1500284
289.586685	0.1375881
289.606823	0.1218891
289.626961	0.1036392
289.647100	0.0878089
289.667240	0.0718311
289.687380	0.0595168
289.707521	0.0442140
289.727663	0.0365565
289.747806	0.0276848
289.767949	0.0232217
289.788093	0.0183543
289.808237	0.0161387
289.828383	0.0142477
289.848529	0.0134301
289.868675	0.0110670
289.888823	0.0129294
289.908971	0.0117088
289.929120	0.0104085
289.949269	0.0117031
289.969420	0.0104163
289.989570	0.0106055
290.009722	0.0111147
290.029874	0.0108552
290.050028	0.0109309
290.070181	0.0108390
290.090336	0.0111917
290.110491	0.0114738
290.130647	0.0100648
290.150803	0.0113053
290.170960	0.0095766
290.191118	0.0119450
290.211277	0.0106608
290.231436	0.0107954
290.251596	0.0106670
290.271757	0.0107539
290.291919	0.0106821
290.312081	0.0115749
290.332244	0.0110991
290.352407	0.0113938
290.372572	0.0108746
290.392737	0.0115120
290.412902	0.0117654
290.433069	0.0116316
290.453236	0.0113630
290.473404	0.0125703
290.493572	0.0129586
290.513741	0.0112565
290.533911	0.0119327
290.554082	0.0127918
290.574253	0.0126572
290.594425	0.0122911
290.614598	0.0118330
290.634771	0.0117306
290.654945	0.0119421
290.675120	0.0110338
290.695296	0.0115895
290.715472	0.0117772
290.735649	0.0111518
290.755826	0.0103909
290.776005	0.0096049
290.796184	0.0114752
290.816363	0.0095644
290.836544	0.0109686
290.856725	0.0117129
290.876907	0.0113361
290.897089	0.0115422
290.917273	0.0113912
290.937456	0.0113865
290.957641	0.0105751
290.977826	0.0115809
290.998012	0.0107087
291.018199	0.0111335
291.038387	0.0122919
291.058575	0.0106882
291.078764	0.0114984
291.098953	0.0113220
291.119144	0.0110845
291.139335	0.0116784
291.159526	0.0119845
291.179719	0.0100823
291.199912	0.0109425
291.220105	0.0112523
291.240300	0.0109040
291.260495	0.0103399
291.280691	0.0102679
291.300888	0.0109182
291.321085	0.0111544
291.341283	0.0115812
291.361481	0.0109697
291.381681	0.0130679
291.401881	0.0134550
291.422082	0.0130800
291.442283	0.0140269
291.462485	0.0145721
291.482688	0.0154507
291.502892	0.0153619
291.523096	0.0158600
291.543301	0.0154903
291.563507	0.0155585
291.583713	0.0153463
291.603921	0.0153507
291.624128	0.0141203
291.644337	0.0137444
291.664546	0.0124664
291.684756	0.0140554
291.704967	0.0106956
291.725178	0.0114225
291.745390	0.0105119
291.765603	0.0117398
291.785816	0.0102298
291.806030	0.0120531
291.826245	0.0112247
291.846461	0.0116633
291.866677	0.0102147
291.886894	0.0116329
291.907112	0.0110133
291.927330	0.0113019
291.947549	0.0101717
291.967769	0.0111310
291.987989	0.0114671
292.008211	0.0118855
292.028432	0.0110854
292.048655	0.0111933
292.068878	0.0114379
292.089102	0.0095882
292.109327	0.0104617
292.129552	0.0105977
292.149778	0.0121855
292.170005	0.0108198
292.190233	0.0096561
292.210461	0.0105834
292.230690	0.0123745
292.250919	0.0106515
292.271150	0.0100897
292.291381	0.0112684
292.311612	0.0104888
292.331845	0.0107193
292.352078	0.0114030
292.372312	0.0093667
292.392546	0.0112844
292.412781	0.0103531
292.433017	0.0091497
292.453254	0.0111204
292.473491	0.0111327
292.493729	0.0106541
292.513968	0.0102743
292.534207	0.0097192
292.554448	0.0103040
292.574688	0.0118804
292.594930	0.0096254
292.615172	0.0121902
292.635415	0.0107093
292.655659	0.0092277
292.675903	0.0117318
292.696148	0.0114678
292.716394	0.0118189
292.736640	0.0106825
292.756888	0.0110758
292.777135	0.0107107
292.797384	0.0111954
292.817633	0.0098609
292.837883	0.0120593
292.858134	0.0101833
292.878385	0.0108691
292.898637	0.0101763
292.918890	0.0123669
292.939144	0.0110370
292.959398	0.0099626
292.979653	0.0106641
292.999908	0.0105948
293.020165	0.0103948
293.040421	0.0104280
293.060679	0.0105809
293.080938	0.0106571
293.101197	0.0108508
293.121456	0.0101464
293.141717	0.0119503
293.161978	0.0107122
293.182240	0.0106523
293.202503	0.0111291
293.222766	0.0103197
293.243030	0.0113726
293.263295	0.0121651
293.283560	0.0144500
293.303826	0.0161998
293.324093	0.0168403
293.344361	0.0214439
293.364629	0.0254232
293.384898	0.0349307
293.405167	0.0385966
293.425438	0.0459779
293.445709	0.0509823
293.465981	0.0556951
293.486253	0.0563130
293.506526	0.0565817
293.526800	0.0537263
293.547075	0.0517777
293.567350	0.0456074
293.587626	0.0413311
293.607902	0.0371139
293.628180	0.0322993
293.648458	0.0274275
293.668737	0.0231805
293.689016	0.0198688
293.709296	0.0188903
293.729577	0.0145813
293.749859	0.0143239
293.770141	0.0125203
293.790424	0.0120902
293.810708	0.0130955
293.830992	0.0106935
293.851277	0.0116182
293.871563	0.0114170
293.891849	0.0102375
293.912137	0.0111843
293.932424	0.0096050
293.952713	0.0108835
293.973002	0.0096883
293.993292	0.0106395
294.013583	0.0106733
294.033875	0.0106272
294.054167	0.0107259
294.074459	0.0105422
294.094753	0.0114943
294.115047	0.0118640
294.135342	0.0104440
294.155638	0.0109191
294.175934	0.0109360
294.196231	0.0111229
294.216529	0.0101242
294.236827	0.0104751
294.257126	0.0119138
294.277426	0.0118140
294.297727	0.0109158
294.318028	0.0104406
294.338330	0.0114119
294.358633	0.0099903
294.378936	0.0110733
294.399240	0.0103618
294.419545	0.0118228
294.439850	0.0113833
294.460156	0.0111693
294.480463	0.0113063
294.500771	0.0090577
294.521079	0.0113744
294.541388	0.0105412
294.561698	0.0120046
294.582008	0.0108057
294.602319	0.0111990
294.622631	0.0107973
294.642943	0.0103726
294.663257	0.0111102
294.683570	0.0106220
294.703885	0.0104244
294.724200	0.0110690
294.744516	0.0101585
294.764833	0.0109874
294.785150	0.0103003
294.805469	0.0106260
294.825787	0.0116878
294.846107	0.0110938
294.866427	0.0102486
294.886748	0.0107489
294.907070	0.0120182
294.927392	0.0120654
294.947715	0.0117859
294.968039	0.0092337
294.988363	0.0098353
295.008688	0.0103162
295.029014	0.0096266
295.049340	0.0096561
295.069668	0.0104801
295.089996	0.0098632
295.110324	0.0107385
295.130654	0.0122500
295.150984	0.0106176
295.171314	0.0105533
295.191646	0.0112605
295.211978	0.0114095
295.232311	0.0103671
295.252644	0.0115330
295.272979	0.0107057
295.293314	0.0105091
295.313649	0.0108440
295.333986	0.0111550
295.354323	0.0119612
295.374660	0.0110834
295.394999	0.0110352
295.415338	0.0118110
295.435678	0.0115655
295.456019	0.0108566
295.476360	0.0116484
295.496702	0.0121041
295.517045	0.0128252
295.537388	0.0116683
295.557732	0.0120017
295.578077	0.0121051
295.598422	0.0114310
295.618768	0.0107726
295.639115	0.0108114
295.659463	0.0111210
295.679811	0.0113243
295.700160	0.0101535
295.720510	0.0105565
295.740860	0.0108168
295.761212	0.0092385
295.781563	0.0102893
295.801916	0.0116862
295.822269	0.0100837
295.842623	0.0117420
295.862978	0.0101506
295.883333	0.0101151
295.903689	0.0103198
295.924046	0.0103959
295.944403	0.0103354
295.964761	0.0110816
295.985120	0.0110167
296.005480	0.0093783
296.025840	0.0107042
296.046201	0.0109440
296.066562	0.0108826
296.086925	0.0106938
296.107288	0.0101065
296.127652	0.0097362
296.148016	0.0114075
296.168381	0.0101739
296.188747	0.0095707
296.209114	0.0108104
296.229481	0.0097090
296.249849	0.0102605
296.270218	0.0105000
296.290587	0.0093775
296.310957	0.0110459
296.331328	0.0100523
296.351699	0.0105347
296.372072	0.0111330
296.392444	0.0102774
296.412818	0.0097463
296.433192	0.0102757
296.453567	0.0123741
296.473943	0.0110380
296.494319	0.0101309
296.514696	0.0111073
296.535074	0.0104816
296.555453	0.0107838
296.575832	0.0086545
296.596212	0.0111852
296.616593	0.0096919
296.636974	0.0105804
296.657356	0.0096558
296.677739	0.0115217
296.698122	0.0105887
296.718506	0.0110714
296.738891	0.0108796
296.759276	0.0109222
296.779663	0.0105972
296.800050	0.0103481
296.820437	0.0115255
296.840826	0.0105836
296.861215	0.0100879
296.881604	0.0097316
296.901995	0.0116538
296.922386	0.0091922
296.942778	0.0101380
296.963170	0.0098851
296.983564	0.0100295
297.003958	0.0113924
297.024352	0.0104187
297.044748	0.0109545
297.065144	0.0109441
297.085541	0.0107445
297.105938	0.0103268
297.126336	0.0107601
297.146735	0.0103792
297.167135	0.0112488
297.187535	0.0100175
297.207936	0.0107009
297.228338	0.0101310
297.248740	0.0111846
297.269143	0.0108280
297.289547	0.0117073
297.309951	0.0102729
297.330357	0.0107855
297.350762	0.0108624
297.371169	0.0105816
297.391576	0.0104804
297.411984	0.0107569
297.432393	0.0097195
297.452802	0.0107180
297.473213	0.0109396
297.493623	0.0106290
297.514035	0.0106526
297.534447	0.0097905
297.554860	0.0104064
297.575274	0.0094285
297.595688	0.0106677
297.616103	0.0114035
297.636519	0.0113724
297.656935	0.0113479
297.677352	0.0096797
297.697770	0.0097739
297.718189	0.0110109
297.738608	0.0112214
297.759028	0.0095978
297.779449	0.0100255
297.799870	0.0106082
297.820292	0.0103089
297.840715	0.0109697
297.861138	0.0123066
297.881562	0.0100378
297.901987	0.0111293
297.922413	0.0102643
297.942839	0.0108624
297.963266	0.0103988
297.983694	0.0115531
298.004122	0.0114274
298.024551	0.0115991
298.044981	0.0101341
298.065411	0.0100144
298.085843	0.0099876
298.106275	0.0100378
298.126707	0.0111303
298.147140	0.0109745
298.167574	0.0097753
298.188009	0.0105187
298.208444	0.0109673
298.228881	0.0115982
298.249317	0.0115713
298.269755	0.0108147
298.290193	0.0099602
298.310632	0.0105853
298.331072	0.0111814
298.351512	0.0101836
298.371953	0.0107919
298.392395	0.0098792
298.412837	0.0108805
298.433280	0.0102422
298.453724	0.0105847
298.474169	0.0113590
298.494614	0.0103172
298.515060	0.0106534
298.535506	0.0104683
298.555954	0.0111070
298.576402	0.0110646
298.596851	0.0103901
298.617300	0.0104707
298.637750	0.0121306
298.658201	0.0105503
298.678653	0.0100062
298.699105	0.0103278
298.719558	0.0102428
298.740011	0.0102939
298.760466	0.0093333
298.780921	0.0113120
298.801377	0.0107193
298.821833	0.0103398
298.842290	0.0103094
298.862748	0.0100736
298.883207	0.0100860
298.903666	0.0120909
298.924126	0.0103616
298.944587	0.0094508
298.965048	0.0107037
298.985510	0.0101967
299.005973	0.0106690
299.026436	0.0099327
299.046901	0.0110129
299.067366	0.0112688
299.087831	0.0099281
299.108297	0.0114091
299.128765	0.0113689
299.149232	0.0105261
299.169701	0.0104657
299.190170	0.0112915
299.210640	0.0108294
299.231110	0.0097926
299.251581	0.0106118
299.272053	0.0098372
299.292526	0.0110318
299.312999	0.0111236
299.333473	0.0095371
299.353948	0.0106802
299.374423	0.0108073
299.394900	0.0093803
299.415376	0.0106460
299.435854	0.0103492
299.456332	0.0089532
299.476811	0.0099928
299.497291	0.0113679
299.517771	0.0100472
299.538252	0.0115617
299.558734	0.0100415
299.579216	0.0113249
299.599700	0.0106184
299.620183	0.0106579
299.640668	0.0100282
299.661153	0.0089696
299.681639	0.0105788
299.702126	0.0098892
299.722613	0.0108321
299.743101	0.0110092
299.763590	0.0110369
299.784080	0.0102337
299.804570	0.0106737
299.825061	0.0119563
299.845552	0.0101065
299.866045	0.0110870
299.886538	0.0110066
299.907031	0.0106462
299.927526	0.0112513
299.948021	0.0085255
299.968517	0.0096074
299.989013	0.0108080
300.009510	0.0090876
300.030008	0.0104475
300.050507	0.0113579
300.071006	0.0107011
300.091506	0.0105523
300.112007	0.0093480
300.132508	0.0101181
300.153010	0.0097026
300.173513	0.0107240
300.194017	0.0112571
300.214521	0.0097385
300.235026	0.0103903
300.255532	0.0102932
300.276038	0.0099492
300.296545	0.0108010
300.317053	0.0115087
300.337561	0.0107408
300.358070	0.0092143
300.378580	0.0111845
300.399091	0.0104920
300.419602	0.0102968
300.440114	0.0113991
300.460627	0.0108956
300.481140	0.0107627
300.501654	0.0104620
300.522169	0.0101002
300.542684	0.0108413
300.563201	0.0110179
300.583717	0.0118264
300.604235	0.0120401
300.624753	0.0120672
300.645272	0.0122690
300.665792	0.0118452
300.686312	0.0132420
300.706833	0.0129386
300.727355	0.0115161
300.747878	0.0119465
300.768401	0.0109980
300.788925	0.0108616
300.809449	0.0104965
300.829975	0.0107183
300.850501	0.0099793
300.871028	0.0095103
300.891555	0.0100045
300.912083	0.0104466
300.932612	0.0106139
300.953141	0.0095588
300.973672	0.0111742
300.994203	0.0100111
301.014734	0.0097531
301.035267	0.0096131
301.055800	0.0088842
301.076333	0.0095536
301.096868	0.0112043
301.117403	0.0099729
301.137939	0.0099191
301.158475	0.0098489
301.179012	0.0102784
301.199550	0.0102258
301.220089	0.0112265
301.240628	0.0095068
301.261169	0.0111786
301.281709	0.0093125
301.302251	0.0094954
301.322793	0.0095398
301.343336	0.0109127
301.363879	0.0105639
301.384424	0.0097723
301.404969	0.0089349
301.425514	0.0097561
301.446061	0.0109390
301.466608	0.0106844
301.487156	0.0108227
301.507704	0.0113155
301.528253	0.0114970
301.548803	0.0104453
301.569354	0.0093444
301.589905	0.0104402
301.610457	0.0106918
301.631010	0.0091556
301.651563	0.0093455
301.672117	0.0114040
301.692672	0.0091819
301.713228	0.0103631
301.733784	0.0093524
301.754341	0.0106475
301.774898	0.0108758
301.795457	0.0101532
301.816016	0.0085423
301.836575	0.0101722
301.857136	0.0109857
301.877697	0.0105069
301.898259	0.0102646
301.918821	0.0107525
301.939384	0.0093735
301.959948	0.0103297
301.980513	0.0107475
302.001078	0.0108505
302.021644	0.0100143
302.042211	0.0094107
302.062779	0.0100815
302.083347	0.0105387
302.103916	0.0100491
302.124485	0.0100948
302.145056	0.0102620
302.165626	0.0104780
302.186198	0.0102521
302.206771	0.0096275
302.227344	0.0095506
302.247917	0.0104851
302.268492	0.0097395
302.289067	0.0098746
302.309643	0.0095848
302.330219	0.0091382
302.350797	0.0107611
302.371375	0.0104112
302.391953	0.0092537
302.412533	0.0111537
302.433113	0.0101494
302.453694	0.0109918
302.474275	0.0099171
302.494857	0.0103754
302.515440	0.0096217
302.536024	0.0094864
302.556608	0.0096668
302.577193	0.0104988
302.597779	0.0113249
302.618365	0.0097574
302.638952	0.0091012
302.659540	0.0109718
302.680129	0.0108184
302.700718	0.0096468
302.721308	0.0110440
302.741899	0.0100922
302.762490	0.0094540
302.783082	0.0100343
302.803675	0.0100370
302.824268	0.0090851
302.844862	0.0108726
302.865457	0.0104493
302.886053	0.0107003
302.906649	0.0093755
302.927246	0.0102176
302.947844	0.0096413
302.968442	0.0094269
302.989041	0.0098302
303.009641	0.0096847
303.030241	0.0106301
303.050842	0.0095011
303.071444	0.0101509
303.092047	0.0100485
303.112650	0.0107160
303.133254	0.0108455
303.153859	0.0104553
303.174464	0.0106731
303.195070	0.0097491
303.215677	0.0108940
303.236285	0.0098308
303.256893	0.0101094
303.277502	0.0111017
303.298111	0.0093092
303.318721	0.0100043
303.339332	0.0096695
303.359944	0.0094800
303.380557	0.0099286
303.401170	0.0101221
303.421784	0.0092606
303.442398	0.0103516
303.463013	0.0106596
303.483629	0.0114688
303.504246	0.0105210
303.524863	0.0121686
303.545481	0.0120455
303.566100	0.0127883
303.586719	0.0145122
303.607339	0.0152790
303.627960	0.0171798
303.648582	0.0182051
303.669204	0.0201335
303.689827	0.0212490
303.710451	0.0202839
303.731075	0.0196683
303.751700	0.0199284
303.772326	0.0201959
303.792952	0.0190970
303.813579	0.0167415
303.834207	0.0160024
303.854836	0.0147295
303.875465	0.0139234
303.896095	0.0130400
303.916726	0.0123097
303.937357	0.0114489
303.957989	0.0114405
303.978622	0.0118903
303.999255	0.0095812
304.019890	0.0110996
304.040524	0.0106147
304.061160	0.0109133
304.081796	0.0102281
304.102433	0.0094797
304.123071	0.0081905
304.143709	0.0116088
304.164348	0.0095416
304.184988	0.0086381
304.205629	0.0101420
304.226270	0.0100803
304.246912	0.0090860
304.267555	0.0106502
304.288198	0.0093718
304.308842	0.0099880
304.329487	0.0107023
304.350132	0.0096799
304.370778	0.0108388
304.391425	0.0100469
304.412072	0.0106051
304.432721	0.0102026
304.453370	0.0094105
304.474019	0.0105343
304.494670	0.0105554
304.515321	0.0089627
304.535972	0.0107941
304.556625	0.0097026
304.577278	0.0100444
304.597932	0.0102541
304.618586	0.0097839
304.639242	0.0099637
304.659898	0.0098250
304.680554	0.0115331
304.701212	0.0098682
304.721870	0.0098830
304.742528	0.0093768
304.763188	0.0090415
304.783848	0.0099119
304.804509	0.0110738
304.825170	0.0098202
304.845833	0.0092611
304.866496	0.0095694
304.887159	0.0107524
304.907824	0.0094039
304.928489	0.0086109
304.949155	0.0106794
304.969821	0.0104453
304.990488	0.0101360
305.011156	0.0098251
305.031825	0.0102490
305.052494	0.0115993
305.073164	0.0094878
305.093835	0.0094335
305.114506	0.0100266
305.135178	0.0090536
305.155851	0.0103544
305.176525	0.0091776
305.197199	0.0095747
305.217874	0.0104283
305.238549	0.0097897
305.259226	0.0107193
305.279903	0.0099499
305.300581	0.0114038
305.321259	0.0093964
305.341938	0.0109425
305.362618	0.0100337
305.383298	0.0092967
305.403980	0.0095774
305.424662	0.0095956
305.445344	0.0109354
305.466028	0.0103232
305.486712	0.0099553
305.507396	0.0103939
305.528082	0.0100880
305.548768	0.0091945
305.569455	0.0096222
305.590142	0.0106673
305.610831	0.0095758
305.631520	0.0091671
305.652209	0.0095324
305.672900	0.0102419
305.693591	0.0104899
305.714283	0.0100608
305.734975	0.0089498
305.755668	0.0103659
305.776362	0.0091079
305.797057	0.0100642
305.817752	0.0097544
305.838448	0.0103554
305.859145	0.0111189
305.879842	0.0103391
305.900540	0.0093574
305.921239	0.0095155
305.941938	0.0094362
305.962639	0.0095882
305.983340	0.0098855
306.004041	0.0098641
306.024744	0.0113864
306.045447	0.0091648
306.066150	0.0094121
306.086855	0.0110659
306.107560	0.0099375
306.128266	0.0111332
306.148972	0.0099935
306.169679	0.0095507
306.190387	0.0095183
306.211096	0.0118019
306.231805	0.0112613
306.252515	0.0099553
306.273226	0.0101851
306.293938	0.0091576
306.314650	0.0091883
306.335362	0.0096472
306.356076	0.0095035
306.376790	0.0083997
306.397505	0.0106723
306.418221	0.0105200
306.438937	0.0094026
306.459654	0.0109227
306.480372	0.0101610
306.501091	0.0101930
306.521810	0.0109060
306.542530	0.0102547
306.563250	0.0112351
306.583971	0.0097663
306.604693	0.0093479
306.625416	0.0098346
306.646140	0.0087668
306.666864	0.0100982
306.687588	0.0102839
306.708314	0.0096334
306.729040	0.0108779
306.749767	0.0098203
306.770495	0.0087915
306.791223	0.0106322
306.811952	0.0102095
306.832682	0.0100832
306.853412	0.0108618
306.874143	0.0108735
306.894875	0.0101201
306.915607	0.0093846
306.936341	0.0098934
306.957075	0.0105667
306.977809	0.0102815
306.998545	0.0104162
307.019281	0.0092549
307.040017	0.0093577
307.060755	0.0106153
307.081493	0.0093936
307.102232	0.0106435
307.122971	0.0093570
307.143711	0.0096487
307.164452	0.0096149
307.185194	0.0112151
307.205936	0.0106443
307.226679	0.0103720
307.247423	0.0107985
307.268168	0.0120185
307.288913	0.0129294
307.309659	0.0145338
307.330405	0.0202132
307.351153	0.0261504
307.371900	0.0334856
307.392649	0.0471576
307.413399	0.0598432
307.434149	0.0752787
307.454899	0.0932550
307.475651	0.1118184
307.496403	0.1239400
307.517156	0.1346581
307.537910	0.1375722
307.558664	0.1366617
307.579419	0.1287271
307.600175	0.1211858
307.620931	0.1094084
307.641688	0.0971344
307.662446	0.0801505
307.683204	0.0708198
307.703964	0.0556469
307.724723	0.0447013
307.745484	0.0351689
307.766245	0.0287927
307.787007	0.0218922
307.807770	0.0188038
307.828534	0.0155276
307.849298	0.0134654
307.870062	0.0123580
307.890828	0.0111963
307.911594	0.0116379
307.932361	0.0103102
307.953129	0.0095748
307.973897	0.0096655
307.994666	0.0098775
308.015436	0.0096310
308.036206	0.0093101
308.056978	0.0103152
308.077749	0.0091771
308.098522	0.0098801
308.119295	0.0103813
308.140069	0.0092056
308.160844	0.0098296
308.181619	0.0094460
308.202395	0.0098543
308.223172	0.0087979
308.243949	0.0102782
308.264728	0.0097353
308.285507	0.0100294
308.306286	0.0098758
308.327066	0.0105638
308.347847	0.0093074
308.368629	0.0101134
308.389411	0.0098764
308.410195	0.0099249
308.430978	0.0097333
308.451763	0.0107789
308.472548	0.0103558
308.493334	0.0114264
308.514120	0.0102779
308.534908	0.0098918
308.555696	0.0101878
308.576484	0.0113950
308.597274	0.0102304
308.618064	0.0109313
308.638855	0.0098341
308.659646	0.0117496
308.680439	0.0112786
308.701231	0.0104027
308.722025	0.0111337
308.742819	0.0105112
308.763614	0.0114371
308.784410	0.0104040
308.805207	0.0103990
308.826004	0.0102311
308.846802	0.0113246
308.867600	0.0091584
308.888399	0.0087175
308.909199	0.0097594
308.930000	0.0105292
308.950801	0.0092167
308.971603	0.0085993
308.992406	0.0099536
309.013210	0.0102608
309.034014	0.0106055
309.054819	0.0099530
309.075624	0.0087462
309.096430	0.0089488
309.117237	0.0101196
309.138045	0.0095274
309.158853	0.0101080
309.179663	0.0101125
309.200472	0.0083471
309.221283	0.0101162
309.242094	0.0091587
309.262906	0.0108867
309.283718	0.0101823
309.304532	0.0092921
309.325346	0.0100688
309.346160	0.0109079
309.366976	0.0105425
309.387792	0.0109075
309.408609	0.0108342
309.429426	0.0113154
309.450245	0.0124271
309.471063	0.0137615
309.491883	0.0134843
309.512703	0.0136411
309.533524	0.0147194
309.554346	0.0143447
309.575169	0.0138387
309.595992	0.0139917
309.616815	0.0136180
309.637640	0.0123342
309.658465	0.0113723
309.679291	0.0111381
309.700118	0.0126369
309.720945	0.0106943
309.741773	0.0107609
309.762602	0.0106051
309.783431	0.0107600
309.804262	0.0099810
309.825092	0.0106502
309.845924	0.0088860
309.866756	0.0107325
309.887589	0.0097013
309.908423	0.0102794
309.929257	0.0098356
309.950092	0.0097779
309.970928	0.0093597
309.991764	0.0111031
310.012602	0.0108246
310.033440	0.0106881
310.054278	0.0099893
310.075117	0.0096382
310.095957	0.0085849
310.116798	0.0094931
310.137639	0.0097889
310.158482	0.0103007
310.179324	0.0091624
310.200168	0.0098184
310.221012	0.0101985
310.241857	0.0102706
310.262703	0.0098567
310.283549	0.0098338
310.304396	0.0090011
310.325244	0.0103230
310.346092	0.0104131
310.366941	0.0100695
310.387791	0.0091003
310.408641	0.0101631
310.429493	0.0100801
310.450345	0.0099181
310.471197	0.0103386
310.492051	0.0095247
310.512905	0.0091680
310.533759	0.0092979
310.554615	0.0098576
310.575471	0.0091139
310.596328	0.0091557
310.617185	0.0088941
310.638043	0.0089310
310.658902	0.0095516
310.679762	0.0104096
310.700622	0.0092826
310.721483	0.0092520
310.742345	0.0090873
310.763208	0.0090992
310.784071	0.0100135
310.804935	0.0098262
310.825799	0.0095121
310.846665	0.0094437
310.867531	0.0098059
310.888397	0.0086210
310.909265	0.0104994
310.930133	0.0098804
310.951001	0.0095684
310.971871	0.0095322
310.992741	0.0087031
311.013612	0.0104775
311.034484	0.0097444
311.055356	0.0107868
311.076229	0.0102789
311.097103	0.0093669
311.117977	0.0102032
311.138852	0.0095533
311.159728	0.0088911
311.180604	0.0097243
311.201482	0.0093846
311.222360	0.0111253
311.243238	0.0111580
311.264117	0.0106649
311.284997	0.0119051
311.305878	0.0117018
311.326760	0.0143997
311.347642	0.0178311
311.368525	0.0199984
311.389408	0.0268402
311.410292	0.0307539
311.431177	0.0342262
311.452063	0.0395646
311.472949	0.0442082
311.493836	0.0468410
311.514724	0.0476683
311.535613	0.0454777
311.556502	0.0445551
311.577392	0.0416054
311.598282	0.0373818
311.619173	0.0329502
311.640065	0.0297866
311.660958	0.0256205
311.681851	0.0236616
311.702745	0.0181038
311.723640	0.0163609
311.744536	0.0144365
311.765432	0.0126006
311.786329	0.0122612
311.807226	0.0121254
311.828125	0.0110998
311.849024	0.0114378
311.869923	0.0097766
311.890824	0.0099645
311.911725	0.0090871
311.932626	0.0111974
311.953529	0.0100627
311.974432	0.0101142
311.995336	0.0092325
312.016241	0.0100087
312.037146	0.0087236
312.058052	0.0092157
312.078959	0.0101933
312.099866	0.0101904
312.120774	0.0102329
312.141683	0.0092763
312.162593	0.0095304
312.183503	0.0086016
312.204414	0.0102725
312.225325	0.0099613
312.246238	0.0096194
312.267151	0.0098640
312.288064	0.0085949
312.308979	0.0088942
312.329894	0.0096486
312.350810	0.0095723
312.371726	0.0083463
312.392644	0.0097022
312.413562	0.0100823
312.434480	0.0093956
312.455400	0.0118801
312.476320	0.0102922
312.497240	0.0116341
312.518162	0.0104493
312.539084	0.0105505
312.560007	0.0085821
312.580931	0.0090936
312.601855	0.0102891
312.622780	0.0098843
312.643705	0.0105770
312.664632	0.0091356
312.685559	0.0099844
312.706487	0.0096389
312.727415	0.0103044
312.748344	0.0083941
312.769274	0.0088266
312.790205	0.0098886
312.811136	0.0094380
312.832068	0.0086153
312.853001	0.0089459
312.873934	0.0108967
312.894868	0.0084625
312.915803	0.0085633
312.936739	0.0092724
312.957675	0.0102299
312.978612	0.0095580
312.999549	0.0096752
313.020488	0.0096977
313.041427	0.0105844
313.062366	0.0088986
313.083307	0.0096816
313.104248	0.0090705
313.125190	0.0087673
313.146132	0.0105498
313.167076	0.0097519
313.188020	0.0097726
313.208964	0.0102208
313.229910	0.0107588
313.250856	0.0103116
313.271802	0.0097405
313.292750	0.0100321
313.313698	0.0095349
313.334647	0.0098498
313.355596	0.0104358
313.376547	0.0100198
313.397498	0.0107092
313.418449	0.0102634
313.439402	0.0103793
313.460355	0.0103674
313.481308	0.0112011
313.502263	0.0117624
313.523218	0.0106405
313.544174	0.0112631
313.565131	0.0097545
313.586088	0.0101677
313.607046	0.0105775
313.628005	0.0109011
313.648964	0.0109387
313.669924	0.0104325
313.690885	0.0110223
313.711846	0.0107204
313.732808	0.0098253
313.753771	0.0103970
313.774735	0.0098624
313.795699	0.0082242
313.816664	0.0099905
313.837630	0.0096908
313.858596	0.0097344
313.879564	0.0092862
313.900531	0.0087335
313.921500	0.0099346
313.942469	0.0095534
313.963439	0.0084033
313.984410	0.0094032
314.005381	0.0101557
314.026353	0.0106698
314.047326	0.0094170
314.068299	0.0100001
314.089273	0.0095444
314.110248	0.0089029
314.131224	0.0087278
314.152200	0.0087520
314.173177	0.0103908
314.194155	0.0101845
314.215133	0.0089177
314.236112	0.0098711
314.257092	0.0103489
314.278072	0.0094470
314.299053	0.0109520
314.320035	0.0085961
314.341018	0.0098902
314.362001	0.0091653
314.382985	0.0089104
314.403970	0.0092566
314.424955	0.0095483
314.445941	0.0093408
314.466928	0.0092029
314.487916	0.0094819
314.508904	0.0094860
314.529893	0.0106215
314.550882	0.0096421
314.571872	0.0083425
314.592863	0.0098912
314.613855	0.0098074
314.634848	0.0095872
314.655841	0.0081879
314.676835	0.0086316
314.697829	0.0086392
314.718824	0.0095644
314.739820	0.0095680
314.760817	0.0109794
314.781814	0.0094333
314.802812	0.0093935
314.823811	0.0089342
314.844810	0.0086631
314.865810	0.0084956
314.886811	0.0086602
314.907813	0.0091240
314.928815	0.0110355
314.949818	0.0098933
314.970822	0.0106000
314.991826	0.0092747
315.012831	0.0085648
315.033837	0.0109594
315.054843	0.0098280
315.075850	0.0099139
315.096858	0.0106804
315.117867	0.0079895
315.138876	0.0095613
315.159886	0.0089756
315.180897	0.0088322
315.201908	0.0097962
315.222920	0.0096277
315.243933	0.0098763
315.264946	0.0098826
315.285960	0.0087604
315.306975	0.0097883
315.327991	0.0098486
315.349007	0.0088922
315.370024	0.0091500
315.391042	0.0087180
315.412060	0.0094923
315.433079	0.0099652
315.454099	0.0091795
315.475120	0.0104976
315.496141	0.0095145
315.517163	0.0099630
315.538185	0.0093031
315.559209	0.0092556
315.580233	0.0109288
315.601257	0.0087854
315.622283	0.0096886
315.643309	0.0094203
315.664336	0.0082108
315.685363	0.0087620
315.706392	0.0093323
315.727420	0.0106854
315.748450	0.0104388
315.769480	0.0092525
315.790512	0.0096464
315.811543	0.0091004
315.832576	0.0091542
315.853609	0.0098494
315.874643	0.0090229
315.895677	0.0087683
315.916712	0.0101331
315.937748	0.0081182
315.958785	0.0087595
315.979822	0.0092145
316.000860	0.0100277
316.021899	0.0097694
316.042939	0.0098106
316.063979	0.0097914
316.085020	0.0093076
316.106061	0.0082463
316.127104	0.0097793
316.148147	0.0094431
316.169190	0.0090624
316.190235	0.0096850
316.211280	0.0102180
316.232326	0.0091408
316.253372	0.0088666
316.274419	0.0097257
316.295467	0.0102332
316.316516	0.0088949
316.337565	0.0103345
316.358615	0.0101379
316.379666	0.0106953
316.400717	0.0095202
316.421769	0.0096743
316.442822	0.0085430
316.463876	0.0099028
316.484930	0.0085973
316.505985	0.0095605
316.527040	0.0088496
316.548097	0.0091560
316.569154	0.0085474
316.590211	0.0088562
316.611270	0.0091783
316.632329	0.0082122
316.653389	0.0089695
316.674449	0.0089495
316.695511	0.0088259
316.716572	0.0101084
316.737635	0.0093590
316.758698	0.0097147
316.779763	0.0105363
316.800827	0.0090485
316.821893	0.0089379
316.842959	0.0094234
316.864026	0.0089632
316.885093	0.0080994
316.906162	0.0103694
316.927231	0.0091519
316.948300	0.0096186
316.969371	0.0097450
316.990442	0.0101310
317.011513	0.0098856
317.032586	0.0095595
317.053659	0.0092145
317.074733	0.0079352
317.095808	0.0085950
317.116883	0.0098450
317.137959	0.0092041
317.159035	0.0094075
317.180113	0.0091517
317.201191	0.0098170
317.222270	0.0088301
317.243349	0.0088939
317.264429	0.0103170
317.285510	0.0086796
317.306592	0.0093263
317.327674	0.0089081
317.348757	0.0094699
317.369841	0.0093798
317.390925	0.0089523
317.412011	0.0083732
317.433096	0.0076512
317.454183	0.0102022
317.475270	0.0092584
317.496358	0.0092440
317.517447	0.0089515
317.538536	0.0101561
317.559626	0.0102222
317.580717	0.0096554
317.601808	0.0101127
317.622900	0.0106522
317.643993	0.0095962
317.665087	0.0089422
317.686181	0.0100667
317.707276	0.0092476
317.728372	0.0087586
317.749468	0.0099472
317.770565	0.0085014
317.791663	0.0097394
317.812761	0.0091816
317.833860	0.0108135
317.854960	0.0102767
317.876061	0.0090903
317.897162	0.0095108
317.918264	0.0093009
317.939367	0.0082456
317.960470	0.0080592
317.981574	0.0096940
318.002679	0.0095768
318.023785	0.0091545
318.044891	0.0088204
318.065998	0.0102142
318.087105	0.0091812
318.108214	0.0092998
318.129323	0.0091190
318.150432	0.0092744
318.171543	0.0097031
318.192654	0.0099313
318.213766	0.0092411
318.234878	0.0087009
318.255991	0.0094249
318.277105	0.0104803
318.298220	0.0100380
318.319335	0.0102824
318.340451	0.0091936
318.361568	0.0095244
318.382685	0.0087371
318.403804	0.0094717
318.424922	0.0097322
318.446042	0.0096308
318.467162	0.0099332
318.488283	0.0094983
318.509405	0.0100031
318.530527	0.0077505
318.551650	0.0100107
318.572774	0.0089985
318.593898	0.0098080
318.615024	0.0093584
318.636149	0.0096599
318.657276	0.0109096
318.678403	0.0105709
318.699531	0.0092870
318.720660	0.0090598
318.741789	0.0093795
318.762919	0.0094010
318.784050	0.0097468
318.805182	0.0100661
318.826314	0.0096455
318.847447	0.0098604
318.868580	0.0096519
318.889714	0.0092970
318.910849	0.0084893
318.931985	0.0090549
318.953122	0.0099059
318.974259	0.0095160
318.995396	0.0089456
319.016535	0.0100825
319.037674	0.0095662
319.058814	0.0093666
319.079955	0.0090369
319.101096	0.0090740
319.122238	0.0093534
319.143381	0.0090120
319.164524	0.0097067
319.185668	0.0092575
319.206813	0.0098960
319.227959	0.0093020
319.249105	0.0086440
319.270252	0.0091441
319.291399	0.0097040
319.312548	0.0092305
319.333697	0.0091460
319.354847	0.0089180
319.375997	0.0081066
319.397148	0.0093104
319.418300	0.0089770
319.439453	0.0094898
319.460606	0.0102052
319.481760	0.0089068
319.502914	0.0088307
319.524070	0.0085128
319.545226	0.0094969
319.566383	0.0091166
319.587540	0.0098327
319.608698	0.0096235
319.629857	0.0104627
319.651017	0.0127462
319.672177	0.0128649
319.693338	0.0127911
319.714500	0.0129689
319.735662	0.0138390
319.756825	0.0144294
319.777989	0.0145732
319.799153	0.0133318
319.820319	0.0127198
319.841484	0.0113034
319.862651	0.0119326
319.883818	0.0114301
319.904986	0.0108623
319.926155	0.0104605
319.947324	0.0110384
319.968495	0.0100572
319.989665	0.0096681
320.010837	0.0102965
320.032009	0.0099964
320.053182	0.0096817
320.074356	0.0098946
320.095530	0.0101594
320.116705	0.0091924
320.137881	0.0097516
320.159057	0.0102005
320.180234	0.0087161
320.201412	0.0088245
320.222591	0.0101013
320.243770	0.0095580
320.264950	0.0094797
320.286131	0.0090021
320.307312	0.0091851
320.328494	0.0091085
320.349677	0.0087836
320.370860	0.0095598
320.392044	0.0086505
320.413229	0.0093827
320.434415	0.0101827
320.455601	0.0091210
320.476788	0.0093659
320.497976	0.0093082
320.519164	0.0098657
320.540353	0.0090612
320.561543	0.0090588
320.582733	0.0083781
320.603925	0.0094038
320.625116	0.0094140
320.646309	0.0085923
320.667502	0.0085156
320.688696	0.0082255
320.709891	0.0102049
320.731086	0.0088771
320.752283	0.0094974
320.773479	0.0098186
320.794677	0.0084224
320.815875	0.0094396
320.837074	0.0100982
320.858274	0.0107845
320.879474	0.0107582
320.900675	0.0116084
320.921877	0.0114394
320.943079	0.0126983
320.964282	0.0124842
320.985486	0.0129162
321.006690	0.0142901
321.027896	0.0145583
321.049102	0.0139134
321.070308	0.0128357
321.091516	0.0152225
321.112724	0.0138573
321.133932	0.0135100
321.155142	0.0122839
321.176352	0.0113734
321.197563	0.0124443
321.218774	0.0115640
321.239987	0.0101087
321.261200	0.0104997
321.282413	0.0100816
321.303628	0.0087531
321.324843	0.0094194
321.346058	0.0082797
321.367275	0.0091238
321.388492	0.0089378
321.409710	0.0083239
321.430929	0.0083122
321.452148	0.0092077
321.473368	0.0091261
321.494589	0.0090357
321.515810	0.0086957
321.537032	0.0095744
321.558255	0.0095823
321.579478	0.0092743
321.600702	0.0081633
321.621927	0.0085767
321.643153	0.0105190
321.664379	0.0092611
321.685606	0.0090713
321.706834	0.0100630
321.728062	0.0102965
321.749292	0.0097404
321.770521	0.0099878
321.791752	0.0127435
321.812983	0.0119210
321.834215	0.0131927
321.855448	0.0134027
321.876681	0.0149257
321.897915	0.0149659
321.919150	0.0162896
321.940385	0.0158672
321.961621	0.0158226
321.982858	0.0137280
322.004096	0.0151008
322.025334	0.0133063
322.046573	0.0132415
322.067813	0.0115692
322.089053	0.0109357
322.110294	0.0103137
322.131536	0.0105039
322.152778	0.0110509
322.174021	0.0102752
322.195265	0.0105449
322.216510	0.0089752
322.237755	0.0083854
322.259001	0.0086406
322.280248	0.0095187
322.301495	0.0097220
322.322743	0.0100148
322.343992	0.0086128
322.365241	0.0085705
322.386492	0.0080605
322.407742	0.0089144
322.428994	0.0095970
322.450246	0.0085356
322.471499	0.0086972
322.492753	0.0092628
322.514007	0.0101559
322.535262	0.0098281
322.556518	0.0088259
322.577775	0.0094499
322.599032	0.0094040
322.620290	0.0084882
322.641549	0.0076449
322.662808	0.0089601
322.684068	0.0078546
322.705329	0.0096673
322.726590	0.0092073
322.747852	0.0105615
322.769115	0.0105005
322.790378	0.0092340
322.811643	0.0099827
322.832908	0.0099010
322.854173	0.0095946
322.875440	0.0083551
322.896707	0.0098071
322.917974	0.0093921
322.939243	0.0083061
322.960512	0.0084512
322.981782	0.0095926
323.003052	0.0087814
323.024324	0.0088451
323.045596	0.0083284
323.066868	0.0093486
323.088142	0.0093136
323.109416	0.0099638
323.130690	0.0089026
323.151966	0.0097996
323.173242	0.0092083
323.194519	0.0091448
323.215797	0.0087181
323.237075	0.0088642
323.258354	0.0085330
323.279634	0.0090949
323.300914	0.0096116
323.322195	0.0096847
323.343477	0.0079229
323.364759	0.0096103
323.386043	0.0100867
323.407326	0.0091690
323.428611	0.0090344
323.449896	0.0090206
323.471182	0.0095101
323.492469	0.0096178
323.513756	0.0101739
323.535045	0.0093534
323.556333	0.0096160
323.577623	0.0091589
323.598913	0.0094837
323.620204	0.0110898
323.641496	0.0095102
323.662788	0.0095469
323.684081	0.0095115
323.705375	0.0087785
323.726669	0.0086686
323.747964	0.0093244
323.769260	0.0091606
323.790557	0.0095135
323.811854	0.0087798
323.833152	0.0090566
323.854451	0.0080412
323.875750	0.0097681
323.897050	0.0089149
323.918351	0.0089148
323.939652	0.0079622
323.960954	0.0085823
323.982257	0.0095099
324.003561	0.0088297
324.024865	0.0087458
324.046170	0.0091735
324.067476	0.0079025
324.088782	0.0094169
324.110089	0.0079403
324.131397	0.0082858
324.152705	0.0088116
324.174015	0.0095455
324.195324	0.0094512
324.216635	0.0083771
324.237946	0.0080421
324.259258	0.0087929
324.280571	0.0084687
324.301884	0.0092569
324.323199	0.0083317
324.344513	0.0095176
324.365829	0.0079875
324.387145	0.0085324
324.408462	0.0098049
324.429780	0.0092785
324.451098	0.0104955
324.472417	0.0097734
324.493737	0.0089151
324.515057	0.0099558
324.536378	0.0095044
324.557700	0.0094561
324.579023	0.0100497
324.600346	0.0096583
324.621670	0.0089142
324.642994	0.0086166
324.664320	0.0087733
324.685646	0.0098858
324.706973	0.0094639
324.728300	0.0092394
324.749628	0.0087642
324.770957	0.0091777
324.792287	0.0085175
324.813617	0.0083817
324.834948	0.0102960
324.856279	0.0082777
324.877612	0.0098682
324.898945	0.0092752
324.920279	0.0093809
324.941613	0.0087381
324.962948	0.0093957
324.984284	0.0091874
325.005621	0.0087581
325.026958	0.0085625
325.048296	0.0088037
325.069635	0.0080755
325.090974	0.0084473
325.112314	0.0082313
325.133655	0.0097673
325.154996	0.0092541
325.176339	0.0088244
325.197682	0.0085894
325.219025	0.0098859
325.240369	0.0087750
325.261714	0.0098216
325.283060	0.0120157
325.304407	0.0127570
325.325754	0.0150731
325.347102	0.0182705
325.368450	0.0236846
325.389799	0.0322785
325.411149	0.0425281
325.432500	0.0554242
325.453851	0.0699003
325.475203	0.0852679
325.496556	0.0981787
325.517909	0.1093895
325.539264	0.1163950
325.560618	0.1192213
325.581974	0.1140141
325.603330	0.1109037
325.624687	0.0998794
325.646045	0.0909932
325.667403	0.0810377
325.688762	0.0696734
325.710122	0.0582699
325.731482	0.0476638
325.752844	0.0375553
325.774205	0.0315753
325.795568	0.0231285
325.816931	0.0190955
325.838295	0.0162459
325.859660	0.0142776
325.881025	0.0119215
325.902391	0.0099817
325.923758	0.0096029
325.945126	0.0091006
325.966494	0.0077047
325.987863	0.0094369
326.009232	0.0096303
326.030603	0.0096381
326.051974	0.0086917
326.073345	0.0085491
326.094718	0.0081588
326.116091	0.0098650
326.137465	0.0093157
326.158839	0.0087712
326.180214	0.0098866
326.201590	0.0098753
326.222967	0.0087482
326.244344	0.0096224
326.265722	0.0097543
326.287101	0.0081090
326.308480	0.0082931
326.329860	0.0085493
326.351241	0.0082947
326.372623	0.0082717
326.394005	0.0091324
326.415388	0.0099268
326.436772	0.0084369
326.458156	0.0102983
326.479541	0.0098977
326.500927	0.0107026
326.522313	0.0108133
326.543700	0.0094546
326.565088	0.0110489
326.586477	0.0102781
326.607866	0.0101530
326.629256	0.0108670
326.650647	0.0099343
326.672038	0.0088923
326.693430	0.0088346
326.714823	0.0096419
326.736216	0.0092436
326.757611	0.0097454
326.779005	0.0098629
326.800401	0.0097502
326.821797	0.0090896
326.843194	0.0094124
326.864592	0.0099209
326.885990	0.0081390
326.907389	0.0091144
326.928789	0.0096226
326.950190	0.0089454
326.971591	0.0104518
326.992993	0.0086387
327.014395	0.0081330
327.035799	0.0096624
327.057203	0.0090186
327.078608	0.0087616
327.100013	0.0087803
327.121419	0.0087869
327.142826	0.0087921
327.164233	0.0075062
327.185642	0.0092634
327.207051	0.0082940
327.228460	0.0092714
327.249871	0.0095123
327.271282	0.0086159
327.292693	0.0085961
327.314106	0.0089836
327.335519	0.0081950
327.356933	0.0097475
327.378347	0.0105906
327.399763	0.0094662
327.421178	0.0095994
327.442595	0.0100595
327.464012	0.0124725
327.485431	0.0123841
327.506849	0.0124028
327.528269	0.0120398
327.549689	0.0132065
327.571110	0.0138754
327.592531	0.0132294
327.613954	0.0113046
327.635377	0.0137075
327.656800	0.0116851
327.678225	0.0103377
327.699650	0.0106439
327.721076	0.0108161
327.742502	0.0107604
327.763929	0.0100008
327.785357	0.0097962
327.806786	0.0096400
327.828215	0.0090938
327.849645	0.0091977
327.871076	0.0093929
327.892507	0.0086643
327.913939	0.0106842
327.935372	0.0084376
327.956806	0.0088328
327.978240	0.0098362
327.999675	0.0088591
328.021110	0.0095245
328.042547	0.0085164
328.063984	0.0098200
328.085421	0.0094183
328.106860	0.0096631
328.128299	0.0092179
328.149739	0.0090258
328.171179	0.0085357
328.192620	0.0084502
328.214062	0.0093181
328.235505	0.0086344
328.256948	0.0086180
328.278392	0.0090712
328.299837	0.0082352
328.321283	0.0093284
328.342729	0.0084710
328.364176	0.0082716
328.385623	0.0083693
328.407072	0.0100018
328.428520	0.0094324
328.449970	0.0094716
328.471420	0.0081851
328.492872	0.0088984
328.514323	0.0092623
328.535776	0.0085479
328.557229	0.0085391
328.578683	0.0084198
328.600137	0.0087002
328.621593	0.0085132
328.643049	0.0087653
328.664505	0.0091195
328.685963	0.0079908
328.707421	0.0089853
328.728880	0.0102921
328.750339	0.0090297
328.771799	0.0107318
328.793260	0.0093006
328.814722	0.0089472
328.836184	0.0074503
328.857647	0.0086844
328.879111	0.0081093
328.900575	0.0102234
328.922040	0.0084609
328.943506	0.0078775
328.964973	0.0082555
328.986440	0.0092632
329.007908	0.0106969
329.029377	0.0085866
329.050846	0.0082513
329.072316	0.0085071
329.093787	0.0089769
329.115258	0.0086894
329.136730	0.0082839
329.158203	0.0079849
329.179677	0.0085709
329.201151	0.0091072
329.222626	0.0080038
329.244102	0.0094813
329.265578	0.0100676
329.287055	0.0098710
329.308533	0.0107398
329.330011	0.0116605
329.351490	0.0138319
329.372970	0.0175525
329.394451	0.0204296
329.415932	0.0233034
329.437414	0.0295184
329.458897	0.0319995
329.480380	0.0356962
329.501864	0.0377646
329.523349	0.0397649
329.544834	0.0400354
329.566321	0.0378396
329.587808	0.0357418
329.609295	0.0350748
329.630783	0.0301356
329.652272	0.0269159
329.673762	0.0239487
329.695253	0.0213480
329.716744	0.0189589
329.738236	0.0148682
329.759728	0.0143452
329.781221	0.0122188
329.802715	0.0109049
329.824210	0.0102020
329.845705	0.0088002
329.867201	0.0095459
329.888698	0.0097784
329.910195	0.0092707
329.931693	0.0084918
329.953192	0.0089158
329.974692	0.0086492
329.996192	0.0093428
330.017693	0.0091936
330.039195	0.0093874
330.060697	0.0090645
330.082200	0.0092069
330.103704	0.0087684
330.125208	0.0087087
330.146713	0.0092420
330.168219	0.0092995
330.189726	0.0078977
330.211233	0.0094553
330.232741	0.0088122
330.254250	0.0090340
330.275759	0.0083801
330.297269	0.0092207
330.318780	0.0085916
330.340291	0.0090975
330.361804	0.0089875
330.383316	0.0094491
330.404830	0.0092577
330.426344	0.0088687
330.447859	0.0080933
330.469375	0.0084452
330.490891	0.0088221
330.512408	0.0092974
330.533926	0.0090595
330.555445	0.0090618
330.576964	0.0093259
330.598484	0.0085379
330.620004	0.0094436
330.641526	0.0085535
330.663048	0.0094518
330.684571	0.0095161
330.706094	0.0085850
330.727618	0.0083278
330.749143	0.0083992
330.770668	0.0096524
330.792195	0.0090983
330.813722	0.0090738
330.835249	0.0084681
330.856778	0.0086903
330.878307	0.0090505
330.899836	0.0078483
330.921367	0.0097481
330.942898	0.0087824
330.964430	0.0085402
330.985962	0.0090943
331.007496	0.0082420
331.029030	0.0092669
331.050564	0.0088934
331.072100	0.0086448
331.093636	0.0088614
331.115172	0.0080726
331.136710	0.0081517
331.158248	0.0090176
331.179787	0.0081852
331.201326	0.0082193
331.222867	0.0094395
331.244408	0.0100368
331.265949	0.0111084
331.287492	0.0111883
331.309035	0.0135290
331.330579	0.0157226
331.352123	0.0184922
331.373668	0.0195203
331.395214	0.0230948
331.416761	0.0236717
331.438308	0.0250584
331.459856	0.0254428
331.481405	0.0245058
331.502954	0.0246915
331.524504	0.0230904
331.546055	0.0222513
331.567607	0.0206907
331.589159	0.0198946
331.610712	0.0182377
331.632265	0.0148766
331.653820	0.0146511
331.675375	0.0121968
331.696930	0.0113048
331.718487	0.0110955
331.740044	0.0096155
331.761602	0.0095228
331.783160	0.0098809
331.804720	0.0090925
331.826280	0.0091740
331.847840	0.0084467
331.869402	0.0089093
331.890964	0.0097643
331.912526	0.0084799
331.934090	0.0089699
331.955654	0.0098577
331.977219	0.0085384
331.998784	0.0094805
332.020351	0.0082594
332.041918	0.0097061
332.063485	0.0089711
332.085054	0.0093719
332.106623	0.0088388
332.128193	0.0092131
332.149763	0.0087495
332.171334	0.0080268
332.192906	0.0098016
332.214479	0.0077489
332.236052	0.0085065
332.257626	0.0088332
332.279201	0.0092310
332.300776	0.0102638
332.322352	0.0091766
332.343929	0.0083260
332.365506	0.0084824
332.387085	0.0083723
332.408664	0.0093578
332.430243	0.0080408
332.451824	0.0092479
332.473405	0.0091649
332.494986	0.0085831
332.516569	0.0088641
332.538152	0.0097515
332.559736	0.0084186
332.581320	0.0082398
332.602905	0.0081006
332.624491	0.0091551
332.646078	0.0092364
332.667665	0.0085267
332.689253	0.0085961
332.710842	0.0098315
332.732432	0.0091483
332.754022	0.0077486
332.775613	0.0093278
332.797204	0.0086003
332.818796	0.0089097
332.840389	0.0091537
332.861983	0.0091923
332.883577	0.0096700
332.905172	0.0080368
332.926768	0.0087173
332.948365	0.0082295
332.969962	0.0094962
332.991560	0.0095289
333.013158	0.0092555
333.034757	0.0103961
333.056357	0.0104666
333.077958	0.0096880
333.099560	0.0115850
333.121162	0.0114797
333.142764	0.0128182
333.164368	0.0129363
333.185972	0.0123649
333.207577	0.0122628
333.229183	0.0132363
333.250789	0.0125047
333.272396	0.0125117
333.294004	0.0110058
333.315612	0.0115242
333.337221	0.0103510
333.358831	0.0120992
333.380441	0.0114843
333.402053	0.0094400
333.423665	0.0093890
333.445277	0.0087560
333.466891	0.0095735
333.488505	0.0100444
333.510119	0.0090432
333.531735	0.0102200
333.553351	0.0094812
333.574968	0.0089737
333.596585	0.0076455
333.618203	0.0090963
333.639822	0.0080406
333.661442	0.0091525
333.683062	0.0086162
333.704683	0.0083236
333.726305	0.0092709
333.747928	0.0103790
333.769551	0.0090161
333.791175	0.0082071
333.812799	0.0090844
333.834425	0.0093992
333.856050	0.0085052
333.877677	0.0082562
333.899305	0.0081533
333.920933	0.0083219
333.942561	0.0078051
333.964191	0.0081417
333.985821	0.0095795
334.007452	0.0096364
334.029084	0.0088326
334.050716	0.0090466
334.072349	0.0077629
334.093983	0.0084360
334.115617	0.0093058
334.137252	0.0096008
334.158888	0.0091838
334.180524	0.0089672
334.202162	0.0088558
334.223799	0.0094500
334.245438	0.0082142
334.267077	0.0085318
334.288717	0.0084007
334.310358	0.0082799
334.332000	0.0089836
334.353642	0.0085238
334.375284	0.0083891
334.396928	0.0081281
334.418572	0.0089517
334.440217	0.0092656
334.461863	0.0089193
334.483509	0.0095316
334.505156	0.0087297
334.526804	0.0094378
334.548452	0.0079933
334.570102	0.0086188
334.591751	0.0091057
334.613402	0.0083840
334.635053	0.0092532
334.656705	0.0086779
334.678358	0.0084395
334.700011	0.0076449
334.721665	0.0090312
334.743320	0.0092315
334.764975	0.0081445
334.786632	0.0087399
334.808289	0.0090303
334.829946	0.0079521
334.851604	0.0104864
334.873263	0.0099411
334.894923	0.0088630
334.916583	0.0084450
334.938244	0.0084595
334.959906	0.0096928
334.981569	0.0090852
335.003232	0.0097407
335.024896	0.0080441
335.046560	0.0086792
335.068226	0.0094094
335.089892	0.0081863
335.111558	0.0082709
335.133226	0.0098515
335.154894	0.0092524
335.176563	0.0081008
335.198232	0.0092783
335.219903	0.0095064
335.241573	0.0092501
335.263245	0.0093293
335.284917	0.0091953
335.306590	0.0079526
335.328264	0.0080781
335.349939	0.0087200
335.371614	0.0083371
335.393290	0.0095194
335.414966	0.0078634
335.436643	0.0083564
335.458321	0.0086126
335.480000	0.0087899
335.501679	0.0079518
335.523359	0.0100530
335.545040	0.0088495
335.566722	0.0070000
335.588404	0.0090986
335.610087	0.0091716
335.631770	0.0078438
335.653454	0.0077046
335.675139	0.0090674
335.696825	0.0085726
335.718511	0.0084957
335.740199	0.0094464
335.761886	0.0089751
335.783575	0.0095699
335.805264	0.0083414
335.826954	0.0078005
335.848644	0.0081535
335.870336	0.0088230
335.892028	0.0084453
335.913720	0.0098595
335.935414	0.0082140
335.957108	0.0071873
335.978803	0.0089766
336.000498	0.0092471
336.022195	0.0083032
336.043891	0.0077003
336.065589	0.0085292
336.087287	0.0102042
336.108986	0.0084718
336.130686	0.0080920
336.152387	0.0092115
336.174088	0.0087414
336.195789	0.0086621
336.217492	0.0097737
336.239195	0.0086421
336.260899	0.0090805
336.282604	0.0087397
336.304309	0.0083907
336.326015	0.0079295
336.347722	0.0086905
336.369429	0.0092666
336.391138	0.0095718
336.412846	0.0079810
336.434556	0.0090381
336.456266	0.0093019
336.477977	0.0097406
336.499689	0.0094794
336.521401	0.0087627
336.543114	0.0088670
336.564828	0.0077685
336.586542	0.0090978
336.608258	0.0086764
336.629974	0.0098427
336.651690	0.0077612
336.673407	0.0085597
336.695125	0.0082458
336.716844	0.0099007
336.738563	0.0111854
336.760284	0.0084237
336.782004	0.0086664
336.803726	0.0088989
336.825448	0.0082037
336.847171	0.0100099
336.868895	0.0088222
336.890619	0.0097683
336.912344	0.0088785
336.934070	0.0082835
336.955796	0.0091796
336.977523	0.0095377
336.999251	0.0084126
337.020979	0.0095210
337.042709	0.0084035
337.064439	0.0082029
337.086169	0.0080742
337.107900	0.0079506
337.129633	0.0089434
337.151365	0.0083610
337.173099	0.0105469
337.194833	0.0090664
337.216568	0.0075266
337.238303	0.0100511
337.260039	0.0101787
337.281776	0.0102487
337.303514	0.0113109
337.325252	0.0126008
337.346991	0.0134658
337.368731	0.0149551
337.390472	0.0164034
337.412213	0.0175797
337.433955	0.0183821
337.455697	0.0184307
337.477441	0.0182230
337.499185	0.0187842
337.520929	0.0179337
337.542675	0.0174388
337.564421	0.0167077
337.586167	0.0156386
337.607915	0.0158987
337.629663	0.0134372
337.651412	0.0111469
337.673162	0.0117366
337.694912	0.0102006
337.716663	0.0094345
337.738415	0.0086188
337.760167	0.0092700
337.781920	0.0091869
337.803674	0.0084781
337.825428	0.0085323
337.847184	0.0076750
337.868940	0.0088290
337.890696	0.0086811
337.912453	0.0097334
337.934211	0.0088756
337.955970	0.0098035
337.977730	0.0089291
337.999490	0.0079967
338.021251	0.0086578
338.043012	0.0086994
338.064774	0.0086236
338.086537	0.0078844
338.108301	0.0093735
338.130065	0.0080559
338.151830	0.0080248
338.173596	0.0081103
338.195362	0.0090251
338.217130	0.0090271
338.238898	0.0080623
338.260666	0.0080269
338.282435	0.0084519
338.304205	0.0080442
338.325976	0.0076114
338.347747	0.0077069
338.369519	0.0087564
338.391292	0.0079714
338.413066	0.0093600
338.434840	0.0088204
338.456615	0.0093595
338.478390	0.0078752
338.500167	0.0091553
338.521944	0.0094514
338.543721	0.0085310
338.565500	0.0084801
338.587279	0.0097560
338.609058	0.0085202
338.630839	0.0088050
338.652620	0.0080833
338.674402	0.0091489
338.696185	0.0081333
338.717968	0.0085077
338.739752	0.0094327
338.761537	0.0089847
338.783322	0.0090764
338.805108	0.0085084
338.826895	0.0074962
338.848683	0.0091376
338.870471	0.0092154
338.892260	0.0085292
338.914049	0.0083283
338.935840	0.0094655
338.957631	0.0077644
338.979422	0.0093954
339.001215	0.0091564
339.023008	0.0084023
339.044802	0.0080906
339.066596	0.0084066
339.088392	0.0094682
339.110188	0.0077128
339.131984	0.0082516
339.153782	0.0086346
339.175580	0.0085126
339.197378	0.0092488
339.219178	0.0092542
339.240978	0.0080097
339.262779	0.0088818
339.284581	0.0087322
339.306383	0.0085622
339.328186	0.0093258
339.349989	0.0084032
339.371794	0.0092016
339.393599	0.0084388
339.415405	0.0096566
339.437211	0.0082824
339.459018	0.0089983
339.480826	0.0081996
339.502635	0.0098046
339.524444	0.0088723
339.546254	0.0084932
339.568065	0.0094373
339.589876	0.0078377
339.611688	0.0085927
339.633501	0.0087786
339.655315	0.0080447
339.677129	0.0081232
339.698944	0.0085172
339.720759	0.0087605
339.742576	0.0097196
339.764393	0.0084783
339.786210	0.0091868
339.808029	0.0087251
339.829848	0.0087140
339.851668	0.0082878
339.873488	0.0101521
339.895310	0.0075327
339.917132	0.0087600
339.938954	0.0086019
339.960778	0.0084859
339.982602	0.0092684
340.004426	0.0089576
340.026252	0.0098228
340.048078	0.0092250
340.069905	0.0087444
340.091732	0.0086748
340.113561	0.0095865
340.135390	0.0078975
340.157219	0.0081070
340.179050	0.0070789
340.200881	0.0092275
340.222712	0.0092164
340.244545	0.0073527
340.266378	0.0089157
340.288212	0.0083591
340.310047	0.0075729
340.331882	0.0078379
340.353718	0.0083438
340.375555	0.0089029
340.397392	0.0091989
340.419230	0.0083093
340.441069	0.0091516
340.462908	0.0081117
340.484748	0.0086531
340.506589	0.0081655
340.528431	0.0075927
340.550273	0.0097439
340.572116	0.0081611
340.593960	0.0085195
340.615804	0.0084015
340.637650	0.0087114
340.659495	0.0093064
340.681342	0.0084283
340.703189	0.0087532
340.725037	0.0099308
340.746886	0.0077400
340.768735	0.0084349
340.790585	0.0087288
340.812436	0.0095738
340.834287	0.0088766
340.856139	0.0083507
340.877992	0.0086430
340.899846	0.0091566
340.921700	0.0078699
340.943555	0.0096288
340.965411	0.0077538
340.987267	0.0095884
341.009124	0.0085282
341.030982	0.0098401
341.052840	0.0089346
341.074699	0.0083292
341.096559	0.0083135
341.118420	0.0078854
341.140281	0.0083055
341.162143	0.0080611
341.184006	0.0087542
341.205869	0.0084430
341.227733	0.0073487
341.249598	0.0088677
341.271464	0.0079370
341.293330	0.0096510
341.315197	0.0082761
341.337064	0.0082191
341.358932	0.0096476
341.380801	0.0078314
341.402671	0.0087891
341.424542	0.0088488
341.446413	0.0090282
341.468285	0.0077930
341.490157	0.0079153
341.512030	0.0082326
341.533904	0.0086905
341.555779	0.0084902
341.577654	0.0085102
341.599530	0.0106190
341.621407	0.0099619
341.643284	0.0089704
341.665162	0.0081571
341.687041	0.0082037
341.708921	0.0090000
341.730801	0.0077446
341.752682	0.0094155
341.774564	0.0102108
341.796446	0.0092925
341.818329	0.0088952
341.840213	0.0083574
341.862097	0.0084854
341.883982	0.0087538
341.905868	0.0086563
341.927755	0.0094680
341.949642	0.0092255
341.971530	0.0090683
341.993419	0.0091273
342.015308	0.0086866
342.037198	0.0099697
342.059089	0.0080802
342.080980	0.0086144
342.102872	0.0088675
342.124765	0.0093625
342.146659	0.0074343
342.168553	0.0082540
342.190448	0.0078974
342.212344	0.0088539
342.234240	0.0085418
342.256137	0.0086648
342.278035	0.0078454
342.299934	0.0080077
342.321833	0.0079449
342.343733	0.0084674
342.365633	0.0086474
342.387535	0.0087865
342.409437	0.0077479
342.431339	0.0080452
342.453243	0.0078679
342.475147	0.0091991
342.497052	0.0084327
342.518957	0.0080616
342.540864	0.0071942
342.562770	0.0088383
342.584678	0.0086428
342.606586	0.0083709
342.628496	0.0081574
342.650405	0.0082611
342.672316	0.0092688
342.694227	0.0071367
342.716139	0.0076436
342.738051	0.0094809
342.759964	0.0091714
342.781878	0.0084208
342.803793	0.0089615
342.825708	0.0090980
342.847624	0.0086923
342.869541	0.0080040
342.891459	0.0079324
342.913377	0.0076259
342.935296	0.0098732
342.957215	0.0081453
342.979136	0.0077568
343.001057	0.0082914
343.022978	0.0089005
343.044901	0.0088402
343.066824	0.0084408
343.088748	0.0084774
343.110672	0.0081125
343.132597	0.0086624
343.154523	0.0089575
343.176450	0.0093502
343.198377	0.0094506
343.220305	0.0080056
343.242234	0.0088477
343.264163	0.0110110
343.286093	0.0106261
343.308024	0.0115391
343.329956	0.0123312
343.351888	0.0161031
343.373821	0.0203465
343.395754	0.0268797
343.417689	0.0355407
343.439624	0.0456677
343.461559	0.0576308
343.483496	0.0697177
343.505433	0.0808752
343.527371	0.0904245
343.549309	0.0988520
343.571249	0.0996905
343.593188	0.0987855
343.615129	0.0939658
343.637070	0.0896231
343.659012	0.0804034
343.680955	0.0735480
343.702899	0.0630911
343.724843	0.0525685
343.746788	0.0444538
343.768733	0.0369707
343.790680	0.0306071
343.812627	0.0245869
343.834574	0.0204771
343.856523	0.0160107
343.878472	0.0154613
343.900421	0.0133922
343.922372	0.0104630
343.944323	0.0100550
343.966275	0.0093132
343.988228	0.0082397
344.010181	0.0086803
344.032135	0.0085593
344.054089	0.0083837
344.076045	0.0094574
344.098001	0.0093769
344.119958	0.0084112
344.141915	0.0082980
344.163873	0.0091217
344.185832	0.0077200
344.207792	0.0074931
344.229752	0.0081903
344.251713	0.0085062
344.273675	0.0071920
344.295637	0.0088698
344.317601	0.0083971
344.339564	0.0095680
344.361529	0.0084389
344.383494	0.0079087
344.405460	0.0087566
344.427427	0.0089601
344.449394	0.0084367
344.471362	0.0070000
344.493331	0.0088542
344.515300	0.0091531
344.537270	0.0091854
344.559241	0.0093666
344.581213	0.0099720
344.603185	0.0093929
344.625158	0.0094836
344.647132	0.0084747
344.669106	0.0089043
344.691081	0.0091449
344.713057	0.0087858
344.735033	0.0097850
344.757010	0.0088800
344.778988	0.0082287
344.800967	0.0083497
344.822946	0.0089662
344.844926	0.0077810
344.866907	0.0090798
344.888888	0.0084558
344.910870	0.0078052
344.932853	0.0088789
344.954837	0.0090216
344.976821	0.0081815
344.998806	0.0093114
345.020791	0.0089100
345.042778	0.0084659
345.064765	0.0086293
345.086752	0.0070527
345.108741	0.0072236
345.130730	0.0099327
345.152720	0.0080308
345.174710	0.0091343
345.196701	0.0084921
345.218693	0.0085635
345.240686	0.0088876
345.262679	0.0096288
345.284673	0.0095133
345.306668	0.0106160
345.328663	0.0122675
345.350660	0.0126667
345.372656	0.0127808
345.394654	0.0148505
345.416652	0.0167834
345.438651	0.0193028
345.460651	0.0188215
345.482651	0.0210725
345.504652	0.0231212
345.526654	0.0224978
345.548656	0.0228937
345.570660	0.0220858
345.592663	0.0226565
345.614668	0.0194024
345.636673	0.0190390
345.658679	0.0167892
345.680686	0.0163353
345.702693	0.0142825
345.724701	0.0132681
345.746710	0.0122331
345.768720	0.0118584
345.790730	0.0100146
345.812741	0.0098022
345.834752	0.0096590
345.856764	0.0096598
345.878777	0.0090168
345.900791	0.0087164
345.922806	0.0089116
345.944821	0.0083777
345.966836	0.0092061
345.988853	0.0079443
346.010870	0.0092213
346.032888	0.0082628
346.054907	0.0077794
346.076926	0.0092581
346.098946	0.0088908
346.120967	0.0079149
346.142988	0.0096316
346.165010	0.0080463
346.187033	0.0084555
346.209057	0.0088521
346.231081	0.0085697
346.253106	0.0095620
346.275131	0.0071311
346.297158	0.0077704
346.319185	0.0077644
346.341213	0.0085498
346.363241	0.0087616
346.385270	0.0087252
346.407300	0.0077455
346.429331	0.0084115
346.451362	0.0084791
346.473394	0.0087378
346.495426	0.0080076
346.517460	0.0079863
346.539494	0.0089727
346.561529	0.0080349
346.583564	0.0091476
346.605600	0.0080171
346.627637	0.0082027
346.649675	0.0087973
346.671713	0.0092949
346.693752	0.0094657
346.715792	0.0081939
346.737832	0.0080652
346.759873	0.0082589
346.781915	0.0083811
346.803957	0.0090856
346.826001	0.0083700
346.848044	0.0079041
346.870089	0.0083009
346.892134	0.0085445
346.914180	0.0084056
346.936227	0.0084569
346.958275	0.0100263
346.980323	0.0078227
347.002371	0.0085509
347.024421	0.0074193
347.046471	0.0099185
347.068522	0.0085063
347.090574	0.0083727
347.112626	0.0090043
347.134679	0.0087134
347.156733	0.0093302
347.178787	0.0090066
347.200842	0.0085033
347.222898	0.0077642
347.244955	0.0089940
347.267012	0.0084844
347.289070	0.0102754
347.311129	0.0093481
347.333188	0.0119550
347.355248	0.0128135
347.377309	0.0147291
347.399370	0.0178151
347.421432	0.0199957
347.443495	0.0239168
347.465559	0.0258565
347.487623	0.0294508
347.509688	0.0321047
347.531754	0.0338272
347.553820	0.0349640
347.575887	0.0321693
347.597955	0.0335041
347.620023	0.0303799
347.642093	0.0278540
347.664162	0.0248586
347.686233	0.0223284
347.708304	0.0206587
347.730376	0.0161435
347.752449	0.0151501
347.774522	0.0148280
347.796597	0.0126627
347.818671	0.0125605
347.840747	0.0098300
347.862823	0.0095561
347.884900	0.0089945
347.906978	0.0092183
347.929056	0.0091592
347.951135	0.0082286
347.973215	0.0097984
347.995295	0.0093103
348.017376	0.0085790
348.039458	0.0083524
348.061540	0.0082063
348.083624	0.0080790
348.105708	0.0083062
348.127792	0.0089895
348.149878	0.0081015
348.171964	0.0083276
348.194050	0.0096635
348.216138	0.0085777
348.238226	0.0089516
348.260315	0.0081043
348.282404	0.0093635
348.304495	0.0073935
348.326586	0.0079071
348.348677	0.0085757
348.370770	0.0082154
348.392863	0.0086197
348.414956	0.0084986
348.437051	0.0100737
348.459146	0.0073458
348.481242	0.0083736
348.503339	0.0088888
348.525436	0.0089614
348.547534	0.0094974
348.569633	0.0085469
348.591732	0.0090989
348.613832	0.0090960
348.635933	0.0093283
348.658034	0.0089989
348.680136	0.0087993
348.702239	0.0088610
348.724343	0.0076026
348.746447	0.0089111
348.768552	0.0094868
348.790658	0.0084603
348.812764	0.0076380
348.834872	0.0088190
348.856979	0.0087570
348.879088	0.0081289
348.901197	0.0087016
348.923307	0.0085710
348.945418	0.0079812
348.967529	0.0079342
348.989641	0.0089145
349.011754	0.0079552
349.033867	0.0081381
349.055981	0.0089261
349.078096	0.0076612
349.100212	0.0088658
349.122328	0.0083189
349.144445	0.0087994
349.166562	0.0084566
349.188681	0.0102278
349.210800	0.0082623
349.232920	0.0075335
349.255040	0.0085615
349.277161	0.0096442
349.299283	0.0075522
349.321406	0.0072597
349.343529	0.0089093
349.365653	0.0084613
349.387778	0.0088612
349.409903	0.0088819
349.432029	0.0097854
349.454156	0.0092469
349.476283	0.0094016
349.498412	0.0082614
349.520540	0.0096048
349.542670	0.0103992
349.564800	0.0087306
349.586931	0.0080092
349.609063	0.0083586
349.631195	0.0084071
349.653328	0.0090917
349.675462	0.0092955
349.697597	0.0084337
349.719732	0.0084579
349.741868	0.0102132
349.764005	0.0091031
349.786142	0.0086330
349.808280	0.0093096
349.830419	0.0091352
349.852558	0.0094514
349.874698	0.0130795
349.896839	0.0115085
349.918980	0.0128437
349.941123	0.0128237
349.963266	0.0133276
349.985409	0.0129397
350.007554	0.0125062
350.029699	0.0133401
350.051844	0.0124819
350.073991	0.0114805
350.096138	0.0115464
350.118286	0.0097485
350.140434	0.0111144
350.162584	0.0113677
350.184734	0.0098889
350.206884	0.0093651
350.229036	0.0103959
350.251188	0.0086300
350.273340	0.0088777
350.295494	0.0088839
350.317648	0.0089164
350.339803	0.0094794
350.361959	0.0082202
350.384115	0.0095157
350.406272	0.0078889
350.428430	0.0086771
350.450588	0.0091637
350.472747	0.0088893
350.494907	0.0084937
350.517067	0.0081810
350.539229	0.0086034
350.561390	0.0079742
350.583553	0.0083099
350.605716	0.0089991
350.627880	0.0080077
350.650045	0.0081733
350.672210	0.0095780
350.694377	0.0083209
350.716543	0.0083170
350.738711	0.0085191
350.760879	0.0077912
350.783048	0.0084054
350.805218	0.0082352
350.827388	0.0085162
350.849559	0.0091235
350.871731	0.0079796
350.893903	0.0087826
350.916076	0.0080546
350.938250	0.0074967
350.960425	0.0087712
350.982600	0.0089262
351.004776	0.0096489
351.026953	0.0077042
351.049130	0.0083962
351.071308	0.0090687
351.093487	0.0078602
351.115666	0.0083861
351.137846	0.0084711
351.160027	0.0084156
351.182209	0.0073235
351.204391	0.0086838
351.226574	0.0087800
351.248758	0.0080664
351.270942	0.0084419
351.293127	0.0088564
351.315313	0.0083118
351.337499	0.0083512
351.359687	0.0094409
351.381875	0.0070000
351.404063	0.0074549
351.426252	0.0080606
351.448442	0.0079013
351.470633	0.0089694
351.492824	0.0073229
351.515017	0.0093562
351.537209	0.0072712
351.559403	0.0077598
351.581597	0.0089991
351.603792	0.0090076
351.625988	0.0080037
351.648184	0.0088772
351.670381	0.0084221
351.692579	0.0095106
351.714777	0.0077919
351.736976	0.0082842
351.759176	0.0096042
351.781377	0.0082601
351.803578	0.0085233
351.825780	0.0081398
351.847982	0.0085652
351.870186	0.0081747
351.892390	0.0082063
351.914595	0.0073757
351.936800	0.0080230
351.959006	0.0082982
351.981213	0.0086650
352.003421	0.0094185
352.025629	0.0084175
352.047838	0.0071190
352.070047	0.0074719
352.092258	0.0085366
352.114469	0.0074847
352.136681	0.0084637
352.158893	0.0094923
352.181106	0.0071952
352.203320	0.0095442
352.225535	0.0081193
352.247750	0.0080666
352.269966	0.0086854
352.292183	0.0077268
352.314400	0.0091188
352.336618	0.0078214
352.358837	0.0077330
352.381056	0.0083930
352.403277	0.0093548
352.425498	0.0086316
352.447719	0.0101129
352.469941	0.0088434
352.492164	0.0083732
352.514388	0.0087363
352.536613	0.0085629
352.558838	0.0083880
352.581064	0.0089265
352.603290	0.0080760
352.625517	0.0084866
352.647745	0.0081707
352.669974	0.0090974
352.692203	0.0083522
352.714433	0.0078932
352.736664	0.0090875
352.758895	0.0091863
352.781128	0.0086461
352.803360	0.0091564
352.825594	0.0086189
352.847828	0.0083772
352.870063	0.0097533
352.892299	0.0085176
352.914535	0.0090401
352.936772	0.0086804
352.959010	0.0102212
352.981248	0.0102656
353.003488	0.0093840
353.025727	0.0119323
353.047968	0.0116915
353.070209	0.0124553
353.092451	0.0128361
353.114694	0.0134337
353.136937	0.0128708
353.159181	0.0147575
353.181426	0.0140316
353.203672	0.0124425
353.225918	0.0142202
353.248165	0.0123975
353.270412	0.0107775
353.292661	0.0120018
353.314910	0.0098011
353.337159	0.0104435
353.359410	0.0092868
353.381661	0.0097116
353.403913	0.0090312
353.426165	0.0083232
353.448418	0.0093767
353.470672	0.0090111
353.492927	0.0088645
353.515182	0.0088619
353.537438	0.0102616
353.559695	0.0097416
353.581952	0.0080481
353.604211	0.0097827
353.626469	0.0090650
353.648729	0.0108021
353.670989	0.0115635
353.693250	0.0116327
353.715512	0.0130686
353.737774	0.0136185
353.760037	0.0141793
353.782301	0.0154305
353.804565	0.0148348
353.826830	0.0170226
353.849096	0.0166906
353.871363	0.0167911
353.893630	0.0188534
353.915898	0.0196300
353.938167	0.0213106
353.960436	0.0218357
353.982706	0.0205436
354.004977	0.0204344
354.027248	0.0207139
354.049521	0.0183442
354.071793	0.0186568
354.094067	0.0170675
354.116341	0.0154241
354.138616	0.0138936
354.160892	0.0129111
354.183168	0.0127782
354.205445	0.0118671
354.227723	0.0108468
354.250002	0.0096591
354.272281	0.0083062
354.294561	0.0086835
354.316841	0.0091629
354.339123	0.0084872
354.361405	0.0098288
354.383688	0.0090145
354.405971	0.0087396
354.428255	0.0090938
354.450540	0.0092866
354.472825	0.0091966
354.495112	0.0103880
354.517399	0.0100195
354.539686	0.0107100
354.561975	0.0119127
354.584264	0.0114990
354.606553	0.0139686
354.628844	0.0167736
354.651135	0.0179631
354.673427	0.0197418
354.695719	0.0202317
354.718012	0.0196161
354.740306	0.0206732
354.762601	0.0208841
354.784896	0.0186592
354.807193	0.0182038
354.829489	0.0179470
354.851787	0.0156374
354.874085	0.0156270
354.896384	0.0139448
354.918683	0.0147779
354.940984	0.0111928
354.963285	0.0109220
354.985586	0.0098715
355.007889	0.0091887
355.030192	0.0079191
355.052496	0.0085792
355.074800	0.0087589
355.097105	0.0088549
355.119411	0.0091681
355.141718	0.0074216
355.164025	0.0082649
355.186333	0.0087702
355.208642	0.0079321
355.230951	0.0093825
355.253261	0.0077365
355.275572	0.0078467
355.297884	0.0078905
355.320196	0.0084623
355.342509	0.0079120
355.364822	0.0080227
355.387137	0.0079426
355.409452	0.0082853
355.431767	0.0089766
355.454084	0.0084498
355.476401	0.0081459
355.498719	0.0083493
355.521037	0.0074299
355.543356	0.0083241
355.565676	0.0086036
355.587997	0.0082927
355.610318	0.0073499
355.632640	0.0079787
355.654963	0.0076808
355.677287	0.0089592
355.699611	0.0092455
355.721936	0.0070000
355.744261	0.0080655
355.766588	0.0088890
355.788914	0.0082243
355.811242	0.0093892
355.833570	0.0086788
355.855900	0.0100956
355.878229	0.0096453
355.900560	0.0077070
355.922891	0.0088694
355.945223	0.0093063
355.967555	0.0077838
355.989889	0.0086214
356.012223	0.0083463
356.034557	0.0085401
356.056893	0.0078495
356.079229	0.0080672
356.101566	0.0089089
356.123903	0.0078884
356.146241	0.0075016
356.168580	0.0079501
356.190920	0.0086885
356.213260	0.0086840
356.235601	0.0093755
356.257943	0.0087317
356.280285	0.0078485
356.302628	0.0086421
356.324972	0.0085825
356.347317	0.0079883
356.369662	0.0074484
356.392008	0.0085545
356.414355	0.0085579
356.436702	0.0076750
356.459050	0.0075313
356.481399	0.0072145
356.503748	0.0084126
356.526098	0.0089516
356.548449	0.0084252
356.570801	0.0088773
356.593153	0.0076907
356.615506	0.0082808
356.637860	0.0084909
356.660214	0.0072407
356.682569	0.0078796
356.704925	0.0077698
356.727281	0.0093403
356.749638	0.0087700
356.771996	0.0097884
356.794355	0.0083743
356.816714	0.0070000
356.839074	0.0085998
356.861435	0.0080241
356.883796	0.0085760
356.906158	0.0090849
356.928521	0.0081160
356.950885	0.0079398
356.973249	0.0075759
356.995614	0.0092105
357.017979	0.0081733
357.040345	0.0081350
357.062712	0.0076949
357.085080	0.0093997
357.107449	0.0087793
357.129818	0.0087772
357.152188	0.0081800
357.174558	0.0087740
357.196929	0.0079948
357.219301	0.0091890
357.241674	0.0085463
357.264047	0.0089341
357.286421	0.0089942
357.308796	0.0070170
357.331171	0.0089395
357.353547	0.0075980
357.375924	0.0079647
357.398302	0.0078203
357.420680	0.0088112
357.443059	0.0079952
357.465439	0.0089226
357.487819	0.0086939
357.510200	0.0084141
357.532582	0.0083208
357.554964	0.0086894
357.577347	0.0078966
357.599731	0.0078561
357.622116	0.0086034
357.644501	0.0085861
357.666887	0.0086078
357.689274	0.0073137
357.711661	0.0086975
357.734049	0.0086892
357.756438	0.0072769
357.778827	0.0079469
357.801218	0.0088660
357.823608	0.0082418
357.846000	0.0083321
357.868392	0.0083801
357.890785	0.0091014
357.913179	0.0081205
357.935573	0.0078962
357.957968	0.0090303
357.980364	0.0076566
358.002761	0.0090330
358.025158	0.0094994
358.047556	0.0087483
358.069954	0.0083510
358.092354	0.0081021
358.114754	0.0081477
358.137155	0.0089031
358.159556	0.0078036
358.181958	0.0073646
358.204361	0.0086742
358.226764	0.0091992
358.249169	0.0084838
358.271574	0.0084420
358.293979	0.0083127
358.316386	0.0071881
358.338793	0.0086569
358.361200	0.0096730
358.383609	0.0074553
358.406018	0.0080539
358.428428	0.0088103
358.450838	0.0074330
358.473250	0.0074589
358.495662	0.0083070
358.518074	0.0078811
358.540488	0.0091511
358.562902	0.0082137
358.585316	0.0086082
358.607732	0.0085230
358.630148	0.0096065
358.652565	0.0077772
358.674982	0.0080304
358.697401	0.0070817
358.719820	0.0085608
358.742239	0.0082107
358.764660	0.0080365
358.787081	0.0085122
358.809503	0.0088787
358.831925	0.0081474
358.854348	0.0084523
358.876772	0.0088758
358.899197	0.0073838
358.921622	0.0081673
358.944048	0.0084363
358.966475	0.0082007
358.988902	0.0084383
359.011330	0.0090764
359.033759	0.0084854
359.056189	0.0090051
359.078619	0.0099637
359.101050	0.0098534
359.123481	0.0108972
359.145914	0.0114425
359.168347	0.0109055
359.190781	0.0106097
359.213215	0.0098817
359.235650	0.0105605
359.258086	0.0097933
359.280522	0.0097019
359.302960	0.0101589
359.325398	0.0091776
359.347836	0.0105555
359.370276	0.0102804
359.392716	0.0096505
359.415156	0.0094464
359.437598	0.0081404
359.460040	0.0087732
359.482483	0.0083814
359.504926	0.0080234
359.527371	0.0083742
359.549816	0.0082385
359.572261	0.0084736
359.594708	0.0076410
359.617155	0.0089046
359.639603	0.0078863
359.662051	0.0079590
359.684500	0.0078548
359.706950	0.0088989
359.729401	0.0082407
359.751852	0.0083133
359.774304	0.0084268
359.796757	0.0091208
359.819210	0.0093128
359.841664	0.0101733
359.864119	0.0092591
359.886574	0.0105136
359.909031	0.0097787
359.931488	0.0115909
359.953945	0.0107424
359.976404	0.0129781
359.998863	0.0125939
360.021322	0.0128026
360.043783	0.0122617
360.066244	0.0132597
360.088706	0.0127100
360.111168	0.0117564
360.133631	0.0107906
360.156095	0.0104685
360.178560	0.0106707
360.201025	0.0124669
360.223491	0.0103638
360.245958	0.0096846
360.268426	0.0084583
360.290894	0.0090803
360.313362	0.0093999
360.335832	0.0082205
360.358302	0.0083241
360.380773	0.0089678
360.403245	0.0073045
360.425717	0.0075465
360.448190	0.0083648
360.470664	0.0085496
360.493139	0.0074755
360.515614	0.0085425
360.538090	0.0088473
360.560566	0.0086965
360.583043	0.0088973
360.605521	0.0076613
360.628000	0.0085601
360.650480	0.0088638
360.672960	0.0081629
360.695440	0.0085740
360.717922	0.0100380
360.740404	0.0076547
360.762887	0.0089328
360.785371	0.0083353
360.807855	0.0081931
360.830340	0.0080700
360.852826	0.0084989
360.875312	0.0074762
360.897799	0.0085282
360.920287	0.0074999
360.942775	0.0070000
360.965265	0.0087376
360.987755	0.0079195
361.010245	0.0074883
361.032737	0.0090856
361.055229	0.0082937
361.077721	0.0080089
361.100215	0.0075292
361.122709	0.0082178
361.145204	0.0082587
361.167699	0.0087469
361.190195	0.0090982
361.212692	0.0091691
361.235190	0.0097469
361.257688	0.0083270
361.280187	0.0091158
361.302687	0.0099238
361.325188	0.0100647
361.347689	0.0139133
361.370191	0.0166685
361.392693	0.0209156
361.415197	0.0270501
361.437700	0.0354007
361.460205	0.0452177
361.482711	0.0545008
361.505217	0.0634256
361.527723	0.0746728
361.550231	0.0782944
361.572739	0.0806478
361.595248	0.0877160
361.617758	0.0840768
361.640268	0.0805466
361.662779	0.0733362
361.685291	0.0693231
361.707803	0.0614281
361.730316	0.0543671
361.752830	0.0461361
361.775344	0.0397469
361.797860	0.0314977
361.820375	0.0256035
361.842892	0.0215032
361.865409	0.0185598
361.887927	0.0150066
361.910446	0.0124202
361.932966	0.0120425
361.955486	0.0098540
361.978006	0.0100413
362.000528	0.0088107
362.023050	0.0088385
362.045573	0.0086241
362.068097	0.0070000
362.090621	0.0093867
362.113146	0.0088912
362.135672	0.0094750
362.158198	0.0086398
362.180726	0.0086523
362.203253	0.0074094
362.225782	0.0093583
362.248311	0.0077232
362.270841	0.0070000
362.293372	0.0085218
362.315903	0.0079226
362.338435	0.0081151
362.360968	0.0076192
362.383501	0.0081286
362.406036	0.0092264
362.428571	0.0079381
362.451106	0.0085150
362.473642	0.0083335
362.496179	0.0085450
362.518717	0.0097773
362.541255	0.0085171
362.563795	0.0097506
362.586334	0.0086548
362.608875	0.0094494
362.631416	0.0091867
362.653958	0.0087954
362.676500	0.0094968
362.699044	0.0088940
362.721588	0.0081020
362.744132	0.0078488
362.766678	0.0089212
362.789224	0.0079726
362.811771	0.0083879
362.834318	0.0070000
362.856867	0.0085779
362.879415	0.0076981
362.901965	0.0085259
362.924515	0.0093582
362.947066	0.0081520
362.969618	0.0087420
362.992171	0.0079310
363.014724	0.0076901
363.037278	0.0081428
363.059832	0.0088326
363.082387	0.0089576
363.104943	0.0091794
363.127500	0.0091251
363.150057	0.0102670
363.172615	0.0111747
363.195174	0.0116732
363.217734	0.0144598
363.240294	0.0147420
363.262855	0.0156138
363.285416	0.0182590
363.307978	0.0205434
363.330541	0.0209352
363.353105	0.0213446
363.375669	0.0205813
363.398235	0.0206366
363.420800	0.0205118
363.443367	0.0190064
363.465934	0.0185909
363.488502	0.0182566
363.511070	0.0181549
363.533640	0.0173406
363.556210	0.0161029
363.578780	0.0139422
363.601352	0.0144143
363.623924	0.0133084
363.646497	0.0132970
363.669070	0.0111515
363.691644	0.0105044
363.714219	0.0111613
363.736795	0.0110879
363.759371	0.0092176
363.781948	0.0095467
363.804526	0.0093267
363.827105	0.0085968
363.849684	0.0077234
363.872263	0.0078900
363.894844	0.0091305
363.917425	0.0080710
363.940007	0.0080759
363.962590	0.0090498
363.985173	0.0079148
364.007757	0.0083133
364.030342	0.0085503
364.052927	0.0088450
364.075514	0.0088248
364.098100	0.0083661
364.120688	0.0072340
364.143276	0.0083200
364.165865	0.0087026
364.188455	0.0084130
364.211045	0.0088944
364.233636	0.0077857
364.256228	0.0079759
364.278820	0.0078525
364.301414	0.0079305
364.324008	0.0080418
364.346602	0.0085124
364.369197	0.0084374
364.391793	0.0077207
364.414390	0.0077864
364.436987	0.0083048
364.459586	0.0078661
364.482184	0.0080458
364.504784	0.0085237
364.527384	0.0079361
364.549985	0.0070000
364.572587	0.0080029
364.595189	0.0082225
364.617792	0.0079210
364.640396	0.0070000
364.663000	0.0082308
364.685605	0.0079083
364.708211	0.0080283
364.730817	0.0075288
364.753425	0.0081186
364.776033	0.0093908
364.798641	0.0089098
364.821251	0.0081952
364.843861	0.0080718
364.866471	0.0090918
364.889083	0.0085049
364.911695	0.0070000
364.934308	0.0080930
364.956921	0.0079941
364.979535	0.0079365
365.002150	0.0081744
365.024766	0.0094220
365.047382	0.0078420
365.069999	0.0075854
365.092617	0.0088216
365.115236	0.0070000
365.137855	0.0094174
365.160475	0.0084444
365.183095	0.0091597
365.205717	0.0089705
365.228339	0.0089763
365.250961	0.0083357
365.273585	0.0091191
365.296209	0.0091504
365.318833	0.0095791
365.341459	0.0106194
365.364085	0.0123841
365.386712	0.0126350
365.409340	0.0146616
365.431968	0.0181580
365.454597	0.0211335
365.477227	0.0206909
365.499857	0.0242914
365.522488	0.0258601
365.545120	0.0286039
365.567752	0.0305237
365.590386	0.0286997
365.613020	0.0270664
365.635654	0.0255622
365.658289	0.0246818
365.680925	0.0229708
365.703562	0.0207085
365.726200	0.0193532
365.748838	0.0159293
365.771477	0.0149021
365.794116	0.0136657
365.816756	0.0117281
365.839397	0.0114586
365.862039	0.0109873
365.884681	0.0089767
365.907324	0.0089908
365.929968	0.0090864
365.952612	0.0079473
365.975258	0.0084603
365.997904	0.0100942
366.020550	0.0084734
366.043197	0.0085656
366.065845	0.0090485
366.088494	0.0082940
366.111143	0.0083207
366.133793	0.0092490
366.156444	0.0081510
366.179096	0.0083424
366.201748	0.0085717
366.224401	0.0084832
366.247054	0.0085502
366.269709	0.0074314
366.292364	0.0084625
366.315019	0.0082859
366.337676	0.0081188
366.360333	0.0092928
366.382990	0.0085246
366.405649	0.0092562
366.428308	0.0090462
366.450968	0.0084963
366.473629	0.0080965
366.496290	0.0092383
366.518952	0.0087616
366.541615	0.0098633
366.564278	0.0086238
366.586942	0.0086215
366.609607	0.0073386
366.632273	0.0075456
366.654939	0.0095305
366.677606	0.0076557
366.700273	0.0073431
366.722942	0.0076022
366.745611	0.0087612
366.768280	0.0091069
366.790951	0.0076316
366.813622	0.0089680
366.836294	0.0080825
366.858966	0.0083999
366.881640	0.0081674
366.904314	0.0084087
366.926988	0.0082230
366.949664	0.0082917
366.972340	0.0077833
366.995016	0.0093046
367.017694	0.0089128
367.040372	0.0078657
367.063051	0.0081472
367.085730	0.0082784
367.108411	0.0084395
367.131092	0.0085784
367.153773	0.0088562
367.176456	0.0081286
367.199139	0.0082639
367.221823	0.0080517
367.244507	0.0091828
367.267192	0.0078746
367.289878	0.0081136
367.312565	0.0083662
367.335252	0.0081223
367.357940	0.0078670
367.380629	0.0094013
367.403318	0.0083802
367.426008	0.0090109
367.448699	0.0089699
367.471391	0.0092869
367.494083	0.0087435
367.516776	0.0075199
367.539469	0.0097528
367.562164	0.0090065
367.584859	0.0086048
367.607554	0.0092530
367.630251	0.0084047
367.652948	0.0105332
367.675646	0.0096031
367.698344	0.0083211
367.721044	0.0099983
367.743744	0.0088155
367.766444	0.0081343
367.789146	0.0075159
367.811848	0.0090856
367.834550	0.0079792
367.857254	0.0087242
367.879958	0.0082226
367.902663	0.0082496
367.925368	0.0080333
367.948075	0.0086121
367.970782	0.0081132
367.993489	0.0071231
368.016198	0.0090898
368.038907	0.0076190
368.061616	0.0084530
368.084327	0.0081212
368.107038	0.0079408
368.129750	0.0071385
368.152463	0.0075581
368.175176	0.0083802
368.197890	0.0086005
368.220605	0.0080217
368.243320	0.0085152
368.266036	0.0081300
368.288753	0.0075401
368.311470	0.0080670
368.334188	0.0080617
368.356907	0.0084059
368.379627	0.0092317
368.402347	0.0080067
368.425068	0.0084000
368.447790	0.0082690
368.470512	0.0082648
368.493236	0.0076152
368.515959	0.0077950
368.538684	0.0085450
368.561409	0.0091319
368.584135	0.0076605
368.606862	0.0089709
368.629589	0.0079780
368.652317	0.0079983
368.675046	0.0087297
368.697775	0.0078149
368.720505	0.0083873
368.743236	0.0074278
368.765968	0.0078191
368.788700	0.0076802
368.811433	0.0072520
368.834167	0.0078156
368.856901	0.0087612
368.879636	0.0076323
368.902372	0.0084459
368.925108	0.0077518
368.947845	0.0085413
368.970583	0.0090835
368.993322	0.0097728
369.016061	0.0090246
369.038801	0.0078745
369.061542	0.0090967
369.084283	0.0082422
369.107025	0.0074791
369.129768	0.0084998
369.152512	0.0079065
369.175256	0.0083775
369.198001	0.0082445
369.220746	0.0089701
369.243492	0.0081542
369.266239	0.0079400
369.288987	0.0082454
369.311736	0.0088316
369.334485	0.0076646
369.357234	0.0071450
369.379985	0.0084829
369.402736	0.0083007
369.425488	0.0083837
369.448241	0.0082041
369.470994	0.0083293
369.493748	0.0084368
369.516503	0.0082142
369.539258	0.0091686
369.562014	0.0080904
369.584771	0.0092504
369.607529	0.0089237
369.630287	0.0075125
369.653046	0.0087341
369.675806	0.0082520
369.698566	0.0075981
369.721327	0.0082328
369.744089	0.0077504
369.766851	0.0075410
369.789614	0.0072313
369.812378	0.0088406
369.835143	0.0087234
369.857908	0.0086889
369.880674	0.0090112
369.903441	0.0083550
369.926208	0.0091921
369.948976	0.0082162
369.971745	0.0087685
369.994514	0.0096538
370.017284	0.0080345
370.040055	0.0073121
370.062827	0.0083963
370.085599	0.0078070
370.108372	0.0084368
370.131146	0.0085952
370.153920	0.0088579
370.176695	0.0082591
370.199471	0.0083994
370.222248	0.0083541
370.245025	0.0076430
370.267803	0.0083361
370.290581	0.0078336
370.313361	0.0094174
370.336141	0.0086933
370.358921	0.0081802
370.381703	0.0089944
370.404485	0.0089313
370.427268	0.0095248
370.450051	0.0084525
370.472836	0.0082406
370.495621	0.0070000
370.518406	0.0077369
370.541192	0.0081042
370.563980	0.0076054
370.586767	0.0084397
370.609556	0.0076347
370.632345	0.0080877
370.655135	0.0085601
370.677925	0.0089229
370.700716	0.0083482
370.723508	0.0081639
370.746301	0.0075210
370.769094	0.0091750
370.791888	0.0101239
370.814683	0.0082348
370.837479	0.0081684
370.860275	0.0074774
370.883072	0.0081655
370.905869	0.0082621
370.928668	0.0081273
370.951467	0.0085962
370.974266	0.0086331
370.997067	0.0079454
371.019868	0.0082108
371.042670	0.0077068
371.065472	0.0081459
371.088275	0.0089217
371.111079	0.0082779
371.133884	0.0090415
371.156689	0.0088042
371.179495	0.0081848
371.202302	0.0084418
371.225109	0.0081329
371.247917	0.0072176
371.270726	0.0082424
371.293536	0.0093099
371.316346	0.0090776
371.339157	0.0093495
371.361968	0.0081605
371.384781	0.0080368
371.407594	0.0086409
371.430407	0.0071185
371.453222	0.0078906
371.476037	0.0073967
371.498853	0.0074391
371.521669	0.0080617
371.544487	0.0085570
371.567304	0.0089041
371.590123	0.0090014
371.612942	0.0091888
371.635762	0.0077185
371.658583	0.0087397
371.681405	0.0078210
371.704227	0.0089431
371.727050	0.0085169
371.749873	0.0086204
371.772698	0.0078457
371.795523	0.0082288
371.818348	0.0088718
371.841175	0.0075645
371.864002	0.0076960
371.886829	0.0070000
371.909658	0.0077298
371.932487	0.0079523
371.955317	0.0093930
371.978148	0.0084145
372.000979	0.0079822
372.023811	0.0075574
372.046643	0.0080497
372.069477	0.0086526
372.092311	0.0084630
372.115146	0.0080699
372.137981	0.0082230
372.160817	0.0073743
372.183654	0.0073450
372.206492	0.0083727
372.229330	0.0075652
372.252169	0.0085379
372.275009	0.0087549
372.297849	0.0075109
372.320691	0.0084605
372.343532	0.0074381
372.366375	0.0088493
372.389218	0.0077978
372.412062	0.0089645
372.434907	0.0081943
372.457752	0.0080639
372.480598	0.0085121
372.503445	0.0089412
372.526292	0.0073928
372.549140	0.0084430
372.571989	0.0082178
372.594839	0.0086928
372.617689	0.0089968
372.640540	0.0084102
372.663392	0.0076362
372.686244	0.0082026
372.709097	0.0083304
372.731951	0.0079122
372.754805	0.0079449
372.777660	0.0080687
372.800516	0.0087021
372.823373	0.0081673
372.846230	0.0083457
372.869088	0.0086021
372.891947	0.0085132
372.914806	0.0080783
372.937666	0.0082810
372.960527	0.0079307
372.983389	0.0087303
373.006251	0.0081490
373.029114	0.0072544
373.051977	0.0079467
373.074842	0.0085970
373.097707	0.0083409
373.120572	0.0103588
373.143439	0.0085185
373.166306	0.0081159
373.189174	0.0082017
373.212042	0.0095005
373.234911	0.0090841
373.257781	0.0095272
373.280652	0.0117540
373.303523	0.0093566
373.326395	0.0097728
373.349268	0.0105327
373.372141	0.0108100
373.395016	0.0109447
373.417890	0.0111316
373.440766	0.0099553
373.463642	0.0103654
373.486519	0.0112444
373.509397	0.0094894
373.532275	0.0101664
373.555154	0.0096335
373.578034	0.0090998
373.600914	0.0092590
373.623796	0.0088747
373.646677	0.0104722
373.669560	0.0083376
373.692443	0.0076812
373.715327	0.0080196
373.738212	0.0082036
373.761097	0.0083240
373.783983	0.0084611
373.806870	0.0079791
373.829758	0.0084488
373.852646	0.0072035
373.875535	0.0087405
373.898424	0.0082703
373.921314	0.0071871
373.944205	0.0084895
373.967097	0.0076746
373.989990	0.0075253
374.012883	0.0078395
374.035776	0.0089136
374.058671	0.0086897
374.081566	0.0070000
374.104462	0.0092615
374.127359	0.0079741
374.150256	0.0080073
374.173154	0.0083577
374.196053	0.0078112
374.218952	0.0078159
374.241852	0.0073176
374.264753	0.0080661
374.287655	0.0072950
374.310557	0.0088276
374.333460	0.0077532
374.356363	0.0087058
374.379268	0.0084120
374.402173	0.0082961
374.425079	0.0075293
374.447985	0.0090756
374.470892	0.0070000
374.493800	0.0087353
374.516709	0.0070000
374.539618	0.0071016
374.562528	0.0080619
374.585438	0.0085135
374.608350	0.0096171
374.631262	0.0087672
374.654175	0.0086640
374.677088	0.0081161
374.700002	0.0077895
374.722917	0.0077955
374.745833	0.0079369
374.768749	0.0086785
374.791666	0.0071823
374.814584	0.0078658
374.837502	0.0080717
374.860421	0.0073052
374.883341	0.0086355
374.906261	0.0084699
374.929183	0.0081531
374.952104	0.0078649
374.975027	0.0077499
374.997950	0.0080231
375.020874	0.0073908
375.043799	0.0079884
375.066724	0.0083409
375.089651	0.0085788
375.112577	0.0080731
375.135505	0.0081678
375.158433	0.0079061
375.181362	0.0074523
375.204292	0.0078282
375.227222	0.0076038
375.250153	0.0080150
375.273085	0.0071038
375.296017	0.0078443
375.318950	0.0100772
375.341884	0.0077894
375.364819	0.0076548
375.387754	0.0102643
375.410690	0.0093194
375.433627	0.0088555
375.456564	0.0107634
375.479502	0.0103639
375.502441	0.0108998
375.525380	0.0110766
375.548320	0.0117344
375.571261	0.0118152
375.594203	0.0110367
375.617145	0.0118291
375.640088	0.0108572
375.663032	0.0106746
375.685976	0.0108754
375.708921	0.0096024
375.731867	0.0104792
375.754813	0.0100404
375.777761	0.0104002
375.800708	0.0107460
375.823657	0.0083279
375.846606	0.0096940
375.869556	0.0081072
375.892507	0.0087004
375.915458	0.0076862
375.938411	0.0085414
375.961363	0.0072444
375.984317	0.0086481
376.007271	0.0083257
376.030226	0.0082902
376.053182	0.0086988
376.076138	0.0086395
376.099095	0.0073725
376.122053	0.0084260
376.145011	0.0081197
376.167970	0.0087771
376.190930	0.0083557
376.213891	0.0080254
376.236852	0.0088596
376.259814	0.0071492
376.282776	0.0079904
376.305740	0.0070000
376.328704	0.0092402
376.351668	0.0071341
376.374634	0.0091585
376.397600	0.0081119
376.420567	0.0082400
376.443534	0.0075902
376.466503	0.0083149
376.489472	0.0082385
376.512441	0.0078213
376.535412	0.0087511
376.558383	0.0082687
376.581354	0.0086947
376.604327	0.0087231
376.627300	0.0074107
376.650274	0.0081948
376.673249	0.0087229
376.696224	0.0082562
376.719200	0.0079827
376.742177	0.0085114
376.765154	0.0088623
376.788132	0.0087288
376.811111	0.0074754
376.834090	0.0074640
376.857070	0.0092395
376.880051	0.0081713
376.903033	0.0082499
376.926015	0.0083002
376.948998	0.0077606
376.971982	0.0085801
376.994966	0.0087211
377.017952	0.0080763
377.040937	0.0077347
377.063924	0.0075847
377.086911	0.0070000
377.109899	0.0076041
377.132888	0.0083832
377.155877	0.0084217
377.178867	0.0081085
377.201858	0.0083501
377.224849	0.0079705
377.247841	0.0082234
377.270834	0.0072455
377.293828	0.0092434
377.316822	0.0089842
377.339817	0.0077432
377.362813	0.0072413
377.385809	0.0079703
377.408806	0.0078807
377.431804	0.0071135
377.454802	0.0087184
377.477801	0.0082242
377.500801	0.0075323
377.523802	0.0096404
377.546803	0.0088613
377.569805	0.0085249
377.592808	0.0091098
377.615811	0.0089444
377.638815	0.0078747
377.661820	0.0073880
377.684825	0.0079745
377.707832	0.0080245
377.730838	0.0090219
377.753846	0.0071733
377.776854	0.0077873
377.799863	0.0076844
377.822873	0.0070000
377.845883	0.0074792
377.868894	0.0073289
377.891906	0.0076050
377.914919	0.0087572
377.937932	0.0075364
377.960946	0.0079669
377.983961	0.0083073
378.006976	0.0091227
378.029992	0.0091395
378.053009	0.0085852
378.076026	0.0081129
378.099044	0.0085427
378.122063	0.0093997
378.145082	0.0083548
378.168103	0.0073785
378.191124	0.0079123
378.214145	0.0081682
378.237168	0.0077485
378.260191	0.0083136
378.283214	0.0072103
378.306239	0.0074025
378.329264	0.0085538
378.352290	0.0091918
378.375316	0.0082795
378.398344	0.0078910
378.421372	0.0083986
378.444400	0.0083599
378.467430	0.0093636
378.490460	0.0074128
378.513490	0.0077646
378.536522	0.0089469
378.559554	0.0091653
378.582587	0.0081201
378.605621	0.0070000
378.628655	0.0073224
378.651690	0.0090809
378.674726	0.0086106
378.697762	0.0076855
378.720799	0.0077825
378.743837	0.0094494
378.766875	0.0080687
378.789915	0.0071506
378.812954	0.0092398
378.835995	0.0090697
378.859036	0.0080670
378.882078	0.0093630
378.905121	0.0087209
378.928164	0.0080155
378.951209	0.0078850
378.974253	0.0078333
378.997299	0.0089513
379.020345	0.0085691
379.043392	0.0080971
379.066440	0.0088772
379.089488	0.0081960
379.112537	0.0088462
379.135587	0.0078234
379.158637	0.0072689
379.181688	0.0078591
379.204740	0.0080428
379.227793	0.0078896
379.250846	0.0071384
379.273900	0.0089449
379.296955	0.0085298
379.320010	0.0096189
379.343066	0.0110006
379.366123	0.0125073
379.389180	0.0170602
379.412238	0.0208332
379.435297	0.0269324
379.458357	0.0340380
379.481417	0.0392382
379.504478	0.0509489
379.527540	0.0573454
379.550602	0.0645140
379.573665	0.0701650
379.596729	0.0727136
379.619793	0.0731589
379.642859	0.0703195
379.665925	0.0682142
379.688991	0.0644870
379.712058	0.0576052
379.735126	0.0509786
379.758195	0.0443215
379.781264	0.0394142
379.804335	0.0329459
379.827405	0.0274704
379.850477	0.0242323
379.873549	0.0201898
379.896622	0.0160488
379.919696	0.0144352
379.942770	0.0126983
379.965845	0.0109753
379.988921	0.0100945
380.011997	0.0110471
380.035074	0.0092718
380.058152	0.0082342
380.081231	0.0085848
380.104310	0.0080521
380.127390	0.0070000
380.150470	0.0082126
380.173552	0.0088362
380.196634	0.0074210
380.219717	0.0089390
380.242800	0.0086149
380.265884	0.0076226
380.288969	0.0086878
380.312055	0.0079224
380.335141	0.0079575
380.358228	0.0083908
380.381315	0.0091901
380.404404	0.0091139
380.427493	0.0082373
380.450583	0.0078085
380.473673	0.0088597
380.496764	0.0087183
380.519856	0.0092593
380.542949	0.0092578
380.566042	0.0095978
380.589136	0.0092851
380.612231	0.0082510
380.635326	0.0099160
380.658422	0.0075753
380.681519	0.0088917
380.704616	0.0080996
380.727715	0.0083655
380.750814	0.0088811
380.773913	0.0080959
380.797013	0.0075780
380.820114	0.0080901
380.843216	0.0071828
380.866319	0.0081695
380.889422	0.0073444
380.912526	0.0076470
380.935630	0.0082712
380.958735	0.0076999
380.981841	0.0073897
381.004948	0.0086492
381.028055	0.0085643
381.051163	0.0090946
381.074272	0.0078958
381.097381	0.0086633
381.120492	0.0084329
381.143602	0.0081760
381.166714	0.0092497
381.189826	0.0070000
381.212939	0.0094105
381.236053	0.0079149
381.259167	0.0085097
381.282282	0.0078425
381.305398	0.0079216
381.328514	0.0087436
381.351632	0.0091774
381.374749	0.0086199
381.397868	0.0088338
381.420987	0.0080216
381.444107	0.0089539
381.467228	0.0095462
381.490349	0.0107514
381.513471	0.0090766
381.536594	0.0106299
381.559718	0.0108579
381.582842	0.0122094
381.605967	0.0109354
381.629092	0.0109143
381.652219	0.0099795
381.675346	0.0111237
381.698473	0.0106831
381.721602	0.0099735
381.744731	0.0098635
381.767861	0.0107271
381.790991	0.0095390
381.814122	0.0086864
381.837254	0.0096362
381.860387	0.0088842
381.883520	0.0087303
381.906654	0.0082405
381.929789	0.0084400
381.952924	0.0085163
381.976061	0.0080915
381.999197	0.0081642
382.022335	0.0072270
382.045473	0.0094357
382.068612	0.0081734
382.091752	0.0080072
382.114892	0.0093253
382.138033	0.0077488
382.161175	0.0080415
382.184317	0.0078868
382.207460	0.0083873
382.230604	0.0087631
382.253749	0.0087770
382.276894	0.0079075
382.300040	0.0082543
382.323187	0.0085030
382.346334	0.0080372
382.369482	0.0089901
382.392631	0.0073021
382.415780	0.0079182
382.438931	0.0075240
382.462081	0.0080650
382.485233	0.0088540
382.508385	0.0079500
382.531538	0.0085782
382.554692	0.0080424
382.577846	0.0072463
382.601001	0.0082541
382.624157	0.0071970
382.647314	0.0086680
382.670471	0.0076292
382.693629	0.0078978
382.716787	0.0083601
382.739947	0.0082293
382.763107	0.0079104
382.786268	0.0094814
382.809429	0.0083647
382.832591	0.0077428
382.855754	0.0070000
382.878917	0.0077291
382.902082	0.0070000
382.925247	0.0076034
382.948412	0.0083824
382.971579	0.0078353
382.994746	0.0074342
383.017913	0.0079843
383.041082	0.0086595
383.064251	0.0085920
383.087421	0.0092567
383.110591	0.0086080
383.133762	0.0084793
383.156934	0.0070000
383.180107	0.0074302
383.203280	0.0087074
383.226455	0.0082587
383.249629	0.0079799
383.272805	0.0078126
383.295981	0.0084508
383.319158	0.0089486
383.342335	0.0102860
383.365514	0.0096515
383.388693	0.0129523
383.411872	0.0141546
383.435053	0.0157245
383.458234	0.0163241
383.481416	0.0187725
383.504598	0.0222413
383.527781	0.0230205
383.550965	0.0248479
383.574150	0.0251478
383.597335	0.0255699
383.620521	0.0243183
383.643708	0.0241573
383.666895	0.0226354
383.690083	0.0216887
383.713272	0.0197610
383.736462	0.0186155
383.759652	0.0155688
383.782843	0.0143019
383.806034	0.0133650
383.829227	0.0110841
383.852420	0.0108838
383.875613	0.0096077
383.898808	0.0096375
383.922003	0.0087299
383.945199	0.0087202
383.968395	0.0086556
383.991592	0.0088146
384.014790	0.0071778
384.037989	0.0081493
384.061188	0.0085555
384.084388	0.0080234
384.107589	0.0079857
384.130791	0.0087367
384.153993	0.0089070
384.177196	0.0089121
384.200399	0.0086499
384.223604	0.0079579
384.246808	0.0087922
384.270014	0.0080543
384.293221	0.0076661
384.316428	0.0081836
384.339635	0.0072966
384.362844	0.0082296
384.386053	0.0080377
384.409263	0.0089273
384.432473	0.0082278
384.455685	0.0086684
384.478897	0.0086573
384.502109	0.0072234
384.525323	0.0076166
384.548537	0.0079154
384.571752	0.0074834
384.594967	0.0083931
384.618183	0.0091717
384.641400	0.0085695
384.664618	0.0078423
384.687836	0.0086028
384.711055	0.0081418
384.734275	0.0088745
384.757495	0.0079538
384.780716	0.0089638
384.803938	0.0084259
384.827161	0.0096588
384.850384	0.0088712
384.873608	0.0093784
384.896833	0.0071092
384.920058	0.0076702
384.943284	0.0082339
384.966511	0.0077661
384.989738	0.0076964
385.012966	0.0077178
385.036195	0.0090531
385.059425	0.0073404
385.082655	0.0079118
385.105886	0.0088202
385.129118	0.0085174
385.152350	0.0079860
385.175583	0.0080072
385.198817	0.0096542
385.222051	0.0080735
385.245286	0.0080462
385.268522	0.0085275
385.291759	0.0078664
385.314996	0.0070071
385.338234	0.0081816
385.361473	0.0095328
385.384712	0.0080437
385.407952	0.0072121
385.431193	0.0079167
385.454435	0.0099215
385.477677	0.0072606
385.500920	0.0085620
385.524163	0.0080441
385.547407	0.0079907
385.570652	0.0095501
385.593898	0.0091611
385.617145	0.0081853
385.640392	0.0086018
385.663640	0.0082771
385.686888	0.0086372
385.710137	0.0079997
385.733387	0.0093810
385.756638	0.0083631
385.779889	0.0083550
385.803141	0.0083710
385.826394	0.0070000
385.849647	0.0077549
385.872901	0.0080164
385.896156	0.0084245
385.919412	0.0085773
385.942668	0.0076917
385.965925	0.0095545
385.989183	0.0078783
386.012441	0.0077873
386.035700	0.0082723
386.058960	0.0078407
386.082220	0.0080684
386.105481	0.0074099
386.128743	0.0087001
386.152006	0.0071862
386.175269	0.0075330
386.198533	0.0083067
386.221798	0.0077789
386.245063	0.0075821
386.268329	0.0091748
386.291596	0.0070731
386.314863	0.0072604
386.338132	0.0081323
386.361400	0.0084920
386.384670	0.0082924
386.407940	0.0090422
386.431211	0.0086600
386.454483	0.0076486
386.477755	0.0084133
386.501028	0.0092695
386.524302	0.0097397
386.547577	0.0078537
386.570852	0.0083174
386.594128	0.0073587
386.617404	0.0084148
386.640682	0.0070000
386.663960	0.0092996
386.687239	0.0075473
386.710518	0.0081755
386.733798	0.0077142
386.757079	0.0075309
386.780360	0.0082880
386.803643	0.0086742
386.826926	0.0071682
386.850209	0.0080433
386.873494	0.0080625
386.896779	0.0083669
386.920064	0.0078229
386.943351	0.0080924
386.966638	0.0087603
386.989926	0.0079164
387.013214	0.0073935
387.036504	0.0071302
387.059794	0.0081362
387.083084	0.0075847
387.106376	0.0081553
387.129668	0.0073530
387.152960	0.0092257
387.176254	0.0079769
387.199548	0.0090026
387.222843	0.0077646
387.246138	0.0094546
387.269435	0.0075142
387.292732	0.0083487
387.316029	0.0082439
387.339328	0.0081440
387.362627	0.0077105
387.385927	0.0081093
387.409227	0.0079999
387.432528	0.0084820
387.455830	0.0092476
387.479133	0.0084400
387.502436	0.0078065
387.525740	0.0083502
387.549045	0.0080208
387.572350	0.0076170
387.595656	0.0070000
387.618963	0.0080534
387.642271	0.0079107
387.665579	0.0074760
387.688888	0.0088610
387.712197	0.0072001
387.735508	0.0086676
387.758819	0.0075590
387.782131	0.0072638
387.805443	0.0070000
387.828756	0.0080199
387.852070	0.0070831
387.875384	0.0079778
387.898700	0.0086519
387.922016	0.0083068
387.945332	0.0083580
387.968650	0.0072826
387.991968	0.0077695
388.015286	0.0082917
388.038606	0.0079558
388.061926	0.0086408
388.085247	0.0072345
388.108568	0.0070000
388.131891	0.0077622
388.155214	0.0089544
388.178537	0.0076627
388.201862	0.0084440
388.225187	0.0074426
388.248513	0.0070654
388.271839	0.0078188
388.295166	0.0077261
388.318494	0.0085200
388.341823	0.0080002
388.365152	0.0074680
388.388482	0.0075936
388.411813	0.0082960
388.435144	0.0088123
388.458476	0.0083926
388.481809	0.0089578
388.505142	0.0084462
388.528477	0.0080943
388.551812	0.0092308
388.575147	0.0088083
388.598484	0.0080927
388.621821	0.0082737
388.645158	0.0081365
388.668497	0.0080188
388.691836	0.0085263
388.715176	0.0091854
388.738516	0.0083217
388.761857	0.0081912
388.785199	0.0100933
388.808542	0.0081055
388.831885	0.0076780
388.855229	0.0082261
388.878574	0.0078050
388.901920	0.0082708
388.925266	0.0085846
388.948612	0.0071109
388.971960	0.0078966
388.995308	0.0085693
389.018657	0.0076274
389.042007	0.0075196
389.065357	0.0085828
389.088708	0.0087879
389.112060	0.0076205
389.135413	0.0079171
389.158766	0.0081761
389.182120	0.0080610
389.205474	0.0070000
389.228829	0.0079307
389.252185	0.0080956
389.275542	0.0085252
389.298900	0.0077752
389.322258	0.0085530
389.345616	0.0082444
389.368976	0.0089072
389.392336	0.0079286
389.415697	0.0087919
389.439059	0.0087776
389.462421	0.0077079
389.485784	0.0083057
389.509148	0.0078157
389.532512	0.0089407
389.555877	0.0083178
389.579243	0.0088562
389.602609	0.0082515
389.625977	0.0083889
389.649345	0.0090760
389.672713	0.0086246
389.696083	0.0079482
389.719453	0.0087364
389.742823	0.0080198
389.766195	0.0081291
389.789567	0.0073706
389.812940	0.0076041
389.836313	0.0082432
389.859687	0.0075799
389.883062	0.0075908
389.906438	0.0085922
389.929814	0.0073789
389.953191	0.0085499
389.976569	0.0078276
389.999948	0.0075844
390.023327	0.0071883
390.046707	0.0084809
390.070087	0.0073636
390.093469	0.0080609
390.116850	0.0078739
390.140233	0.0071858
390.163617	0.0092663
390.187001	0.0087362
390.210385	0.0074668
390.233771	0.0079111
390.257157	0.0070000
390.280544	0.0076699
390.303932	0.0074248
390.327320	0.0071719
390.350709	0.0074345
390.374099	0.0076376
390.397489	0.0075186
390.420880	0.0073236
390.444272	0.0081290
390.467664	0.0072257
390.491058	0.0075976
390.514451	0.0089755
390.537846	0.0080300
390.561241	0.0093469
390.584637	0.0082904
390.608034	0.0075433
390.631432	0.0081861
390.654830	0.0072503
390.678228	0.0079805
390.701628	0.0086387
390.725028	0.0098507
390.748429	0.0070000
390.771831	0.0078683
390.795233	0.0078816
390.818636	0.0089570
390.842040	0.0075319
390.865444	0.0076653
390.888850	0.0076552
390.912255	0.0083902
390.935662	0.0085660
390.959069	0.0082380
390.982477	0.0083328
391.005886	0.0086952
391.029295	0.0081012
391.052705	0.0077744
391.076116	0.0079708
391.099527	0.0084374
391.122940	0.0080313
391.146353	0.0079766
391.169766	0.0074416
391.193180	0.0072009
391.216595	0.0074623
391.240011	0.0075688
391.263427	0.0080606
391.286845	0.0078624
391.310262	0.0084459
391.333681	0.0074875
391.357100	0.0084590
391.380520	0.0070523
391.403940	0.0075120
391.427362	0.0088183
391.450784	0.0085833
391.474206	0.0076216
391.497630	0.0079999
391.521054	0.0091542
391.544479	0.0081002
391.567904	0.0073991
391.591331	0.0073222
391.614757	0.0084563
391.638185	0.0073263
391.661613	0.0081058
391.685042	0.0074922
391.708472	0.0085673
391.731903	0.0075535
391.755334	0.0075110
391.778766	0.0076678
391.802198	0.0079768
391.825631	0.0074766
391.849065	0.0076837
391.872500	0.0077778
391.895935	0.0085059
391.919371	0.0070000
391.942808	0.0088347
391.966246	0.0091541
391.989684	0.0084360
392.013123	0.0075991
392.036562	0.0077232
392.060002	0.0082155
392.083443	0.0077903
392.106885	0.0089852
392.130327	0.0070000
392.153771	0.0070000
392.177214	0.0081424
392.200659	0.0077852
392.224104	0.0080083
392.247550	0.0094544
392.270996	0.0076998
392.294444	0.0073741
392.317892	0.0085099
392.341340	0.0074963
392.364790	0.0080088
392.388240	0.0070000
392.411691	0.0084108
392.435142	0.0070000
392.458595	0.0083804
392.482047	0.0076625
392.505501	0.0070000
392.528955	0.0080438
392.552410	0.0077569
392.575866	0.0082061
392.599323	0.0070000
392.622780	0.0075724
392.646237	0.0079528
392.669696	0.0078442
392.693155	0.0076034
392.716615	0.0079977
392.740076	0.0077304
392.763537	0.0073066
392.786999	0.0070000
392.810462	0.0073811
392.833925	0.0073037
392.857390	0.0081648
392.880854	0.0087762
392.904320	0.0084035
392.927786	0.0076110
392.951253	0.0083862
392.974721	0.0073748
392.998189	0.0082996
393.021658	0.0075987
393.045128	0.0081138
393.068598	0.0070000
393.092070	0.0084468
393.115542	0.0079082
393.139014	0.0070961
393.162487	0.0070000
393.185961	0.0077546
393.209436	0.0070689
393.232911	0.0087781
393.256388	0.0080410
393.279864	0.0089196
393.303342	0.0080231
393.326820	0.0070000
393.350299	0.0079324
393.373779	0.0088710
393.397259	0.0086908
393.420740	0.0077406
393.444222	0.0081530
393.467704	0.0085288
393.491187	0.0081967
393.514671	0.0089443
393.538155	0.0095334
393.561641	0.0081576
393.585127	0.0070254
393.608613	0.0082240
393.632101	0.0080227
393.655589	0.0071354
393.679077	0.0079171
393.702567	0.0073465
393.726057	0.0080302
393.749548	0.0081193
393.773039	0.0078803
393.796531	0.0080940
393.820024	0.0070000
393.843518	0.0074250
393.867012	0.0083959
393.890507	0.0074687
393.914003	0.0082241
393.937500	0.0084706
393.960997	0.0070000
393.984495	0.0084463
394.007993	0.0070000
394.031493	0.0073598
394.054993	0.0092562
394.078493	0.0073806
394.101995	0.0086109
394.125497	0.0081958
394.148999	0.0080052
394.172503	0.0080567
394.196007	0.0081614
394.219512	0.0087587
394.243018	0.0081329
394.266524	0.0070000
394.290031	0.0080946
394.313539	0.0087857
394.337047	0.0083850
394.360556	0.0083857
394.384066	0.0090948
394.407576	0.0072821
394.431088	0.0071617
394.454600	0.0079370
394.478112	0.0079499
394.501625	0.0081775
394.525139	0.0081802
394.548654	0.0070035
394.572170	0.0080199
394.595686	0.0073300
394.619203	0.0088236
394.642720	0.0080568
394.666238	0.0070000
394.689757	0.0077962
394.713277	0.0075129
394.736797	0.0082696
394.760318	0.0086543
394.783840	0.0077863
394.807363	0.0087811
394.830886	0.0078631
394.854410	0.0089617
394.877934	0.0077371
394.901459	0.0077890
394.924985	0.0087695
394.948512	0.0080315
394.972039	0.0076285
394.995567	0.0088346
395.019096	0.0077064
395.042626	0.0088690
395.066156	0.0080999
395.089687	0.0079866
395.113218	0.0082832
395.136751	0.0097290
395.160284	0.0080638
395.183817	0.0084506
395.207352	0.0079175
395.230887	0.0085807
395.254422	0.0075237
395.277959	0.0074709
395.301496	0.0078392
395.325034	0.0082685
395.348573	0.0080839
395.372112	0.0091779
395.395652	0.0081558
395.419193	0.0081409
395.442734	0.0075704
395.466276	0.0079624
395.489819	0.0070000
395.513363	0.0086146
395.536907	0.0084822
395.560452	0.0073794
395.583997	0.0075836
395.607544	0.0087518
395.631091	0.0092208
395.654638	0.0091024
395.678187	0.0092409
395.701736	0.0079324
395.725286	0.0085746
395.748836	0.0087543
395.772388	0.0095592
395.795940	0.0098005
395.819492	0.0102695
395.843046	0.0090796
395.866600	0.0103217
395.890154	0.0095023
395.913710	0.0096904
395.937266	0.0085840
395.960823	0.0090212
395.984380	0.0086667
396.007939	0.0080321
396.031498	0.0079416
396.055057	0.0090778
396.078618	0.0078760
396.102179	0.0070000
396.125741	0.0094390
396.149303	0.0084570
396.172866	0.0094572
396.196430	0.0088557
396.219995	0.0087260
396.243560	0.0081472
396.267126	0.0071590
396.290693	0.0074395
396.314260	0.0070000
396.337828	0.0077095
396.361397	0.0079069
396.384967	0.0072234
396.408537	0.0078674
396.432108	0.0079881
396.455679	0.0081632
396.479252	0.0084818
396.502825	0.0082150
396.526398	0.0071189
396.549973	0.0070000
396.573548	0.0085646
396.597124	0.0088085
396.620700	0.0072145
396.644278	0.0083764
396.667856	0.0079856
396.691434	0.0079831
396.715014	0.0075107
396.738594	0.0077392
396.762174	0.0075623
396.785756	0.0075539
396.809338	0.0080690
396.832921	0.0076339
396.856504	0.0087193
396.880089	0.0071840
396.903674	0.0075918
396.927259	0.0074174
396.950846	0.0071950
396.974433	0.0081934
396.998020	0.0079000
397.021609	0.0086624
397.045198	0.0083305
397.068788	0.0073990
397.092379	0.0093985
397.115970	0.0071879
397.139562	0.0076023
397.163155	0.0089221
397.186748	0.0070000
397.210342	0.0077586
397.233937	0.0077407
397.257532	0.0085712
397.281128	0.0096270
397.304725	0.0093862
397.328323	0.0087186
397.351921	0.0104353
397.375520	0.0123526
397.399120	0.0159399
397.422720	0.0194181
397.446322	0.0223867
397.469923	0.0291777
397.493526	0.0351482
397.517129	0.0419391
397.540733	0.0494916
397.564338	0.0546638
397.587943	0.0614301
397.611549	0.0615485
397.635156	0.0649719
397.658763	0.0608994
397.682371	0.0615330
397.705980	0.0551962
397.729590	0.0506095
397.753200	0.0460896
397.776811	0.0392761
397.800423	0.0366022
397.824035	0.0297609
397.847648	0.0270889
397.871262	0.0229040
397.894876	0.0178817
397.918491	0.0153430
397.942107	0.0138153
397.965724	0.0123988
397.989341	0.0110718
398.012959	0.0096180
398.036578	0.0095084
398.060197	0.0089731
398.083817	0.0095178
398.107438	0.0092722
398.131060	0.0072311
398.154682	0.0081966
398.178305	0.0084492
398.201928	0.0090386
398.225552	0.0070000
398.249177	0.0085060
398.272803	0.0079157
398.296430	0.0086679
398.320057	0.0070159
398.343684	0.0084846
398.367313	0.0081164
398.390942	0.0083748
398.414572	0.0082276
398.438203	0.0079051
398.461834	0.0086446
398.485466	0.0085429
398.509099	0.0074954
398.532732	0.0080482
398.556366	0.0099965
398.580001	0.0083395
398.603637	0.0070000
398.627273	0.0088814
398.650910	0.0095085
398.674548	0.0084826
398.698186	0.0088791
398.721825	0.0090447
398.745465	0.0077552
398.769105	0.0070619
398.792746	0.0086162
398.816388	0.0081453
398.840031	0.0076014
398.863674	0.0087253
398.887318	0.0076739
398.910963	0.0080800
398.934608	0.0092284
398.958254	0.0081215
398.981901	0.0076106
399.005548	0.0087644
399.029196	0.0085604
399.052845	0.0083918
399.076495	0.0088481
399.100145	0.0073917
399.123796	0.0075842
399.147448	0.0073778
399.171100	0.0073587
399.194753	0.0070000
399.218407	0.0071467
399.242062	0.0076635
399.265717	0.0086548
399.289373	0.0084327
399.313029	0.0084177
399.336687	0.0079584
399.360345	0.0083580
399.384003	0.0087768
399.407663	0.0083895
399.431323	0.0079542
399.454984	0.0083119
399.478645	0.0082569
399.502308	0.0108421
399.525971	0.0103642
399.549634	0.0103792
399.573298	0.0101760
399.596964	0.0095076
399.620629	0.0113729
399.644296	0.0106964
399.667963	0.0099658
399.691631	0.0097247
399.715299	0.0099592
399.738968	0.0110846
399.762638	0.0098009
399.786309	0.0099958
399.809980	0.0081193
399.833652	0.0100956
399.857325	0.0093136
399.880999	0.0074435
399.904673	0.0082937
399.928348	0.0082124
399.952023	0.0088464
399.975700	0.0080542
399.999377	0.0086449
400.023054	0.0073090
400.046733	0.0080572
400.070412	0.0087788
400.094092	0.0090815
400.117772	0.0075235
400.141453	0.0083446
400.165135	0.0078137
400.188818	0.0075887
400.212501	0.0085972
400.236185	0.0081689
400.259870	0.0073859
400.283555	0.0075953
400.307241	0.0084570
400.330928	0.0081707
400.354616	0.0073971
400.378304	0.0079068
400.401993	0.0082579
400.425682	0.0088847
400.449373	0.0076483
400.473064	0.0076849
400.496755	0.0076044
400.520448	0.0079917
400.544141	0.0077886
400.567835	0.0074685
400.591529	0.0079701
400.615225	0.0070682
400.638920	0.0093940
400.662617	0.0077557
400.686314	0.0088223
400.710013	0.0081342
400.733711	0.0075449
400.757411	0.0074992
400.781111	0.0086505
400.804812	0.0087952
400.828513	0.0080731
400.852216	0.0085359
400.875919	0.0084921
400.899622	0.0078901
400.923327	0.0082212
400.947032	0.0083114
400.970737	0.0077599
400.994444	0.0080218
401.018151	0.0086198
401.041859	0.0082779
401.065568	0.0092701
401.089277	0.0070000
401.112987	0.0084509
401.136697	0.0071593
401.160409	0.0080320
401.184121	0.0090622
401.207834	0.0082410
401.231547	0.0084591
401.255261	0.0077583
401.278976	0.0090480
401.302692	0.0086977
401.326408	0.0090856
401.350125	0.0090129
401.373843	0.0111899
401.397561	0.0113719
401.421281	0.0118324
401.445000	0.0138926
401.468721	0.0154463
401.492442	0.0179707
401.516164	0.0189896
401.539887	0.0219467
401.563610	0.0222276
401.587334	0.0223934
401.611059	0.0223338
401.634784	0.0219577
401.658510	0.0211468
401.682237	0.0202476
401.705965	0.0188075
401.729693	0.0178782
401.753422	0.0155007
401.777152	0.0145839
401.800882	0.0139052
401.824613	0.0120631
401.848345	0.0121769
401.872077	0.0106483
401.895811	0.0097885
401.919544	0.0089362
401.943279	0.0083453
401.967014	0.0078363
401.990750	0.0075320
402.014487	0.0088386
402.038224	0.0083019
402.061962	0.0077276
402.085701	0.0078113
402.109441	0.0076546
402.133181	0.0081149
402.156922	0.0081422
402.180663	0.0070000
402.204406	0.0085143
402.228149	0.0078901
402.251892	0.0074284
402.275637	0.0079360
402.299382	0.0079870
402.323128	0.0078119
402.346874	0.0073871
402.370621	0.0073203
402.394369	0.0091475
402.418118	0.0086816
402.441867	0.0070265
402.465617	0.0076534
402.489368	0.0086487
402.513119	0.0087417
402.536872	0.0081985
402.560624	0.0090119
402.584378	0.0083815
402.608132	0.0086896
402.631887	0.0078083
402.655643	0.0072752
402.679399	0.0082678
402.703156	0.0072983
402.726914	0.0077263
402.750672	0.0078935
402.774432	0.0086916
402.798191	0.0082681
402.821952	0.0090443
402.845713	0.0088841
402.869475	0.0079945
402.893238	0.0077961
402.917001	0.0085447
402.940765	0.0088709
402.964530	0.0081143
402.988296	0.0077001
403.012062	0.0078901
403.035829	0.0086289
403.059596	0.0084670
403.083365	0.0076588
403.107133	0.0079506
403.130903	0.0077254
403.154674	0.0083369
403.178445	0.0072979
403.202216	0.0077182
403.225989	0.0078546
403.249762	0.0075890
403.273536	0.0077648
403.297311	0.0070000
403.321086	0.0078670
403.344862	0.0086398
403.368639	0.0081480
403.392416	0.0087724
403.416194	0.0079838
403.439973	0.0083236
403.463753	0.0080211
403.487533	0.0091295
403.511314	0.0088023
403.535095	0.0085340
403.558878	0.0083302
403.582661	0.0076072
403.606445	0.0086455
403.630229	0.0081592
403.654014	0.0074089
403.677800	0.0091802
403.701587	0.0086377
403.725374	0.0082238
403.749162	0.0096366
403.772950	0.0089337
403.796740	0.0092669
403.820530	0.0102219
403.844321	0.0122674
403.868112	0.0141951
403.891904	0.0160171
403.915697	0.0188007
403.939491	0.0199111
403.963285	0.0238926
403.987080	0.0242312
404.010876	0.0257837
404.034672	0.0270541
404.058469	0.0280259
404.082267	0.0267422
404.106065	0.0252093
404.129865	0.0248579
404.153664	0.0224199
404.177465	0.0218698
404.201266	0.0188720
404.225068	0.0173592
404.248871	0.0159103
404.272675	0.0146106
404.296479	0.0137554
404.320283	0.0120961
404.344089	0.0102496
404.367895	0.0097855
404.391702	0.0086871
404.415510	0.0098986
404.439318	0.0089122
404.463127	0.0073386
404.486937	0.0081822
404.510747	0.0077321
404.534558	0.0078225
404.558370	0.0094310
404.582183	0.0080159
404.605996	0.0077947
404.629810	0.0072757
404.653625	0.0088639
404.677440	0.0091579
404.701256	0.0079173
404.725073	0.0085430
404.748890	0.0087313
404.772708	0.0086944
404.796527	0.0084943
404.820347	0.0103092
404.844167	0.0094084
404.867988	0.0112930
404.891810	0.0122779
404.915632	0.0142465
404.939455	0.0153455
404.963279	0.0176866
404.987103	0.0196575
405.010929	0.0218049
405.034754	0.0246630
405.058581	0.0261353
405.082408	0.0259866
405.106236	0.0269449
405.130065	0.0263591
405.153894	0.0249375
405.177725	0.0233251
405.201555	0.0242039
405.225387	0.0219580
405.249219	0.0190210
405.273052	0.0168312
405.296886	0.0156885
405.320720	0.0148406
405.344555	0.0123172
405.368391	0.0105095
405.392227	0.0114793
405.416064	0.0095131
405.439902	0.0103200
405.463741	0.0092237
405.487580	0.0094521
405.511420	0.0083258
405.535260	0.0078892
405.559102	0.0082845
405.582944	0.0077965
405.606786	0.0080990
405.630630	0.0070820
405.654474	0.0070840
405.678319	0.0075413
405.702164	0.0082612
405.726011	0.0078244
405.749858	0.0080090
405.773705	0.0082111
405.797554	0.0084336
405.821403	0.0084762
405.845252	0.0079605
405.869103	0.0095562
405.892954	0.0076465
405.916806	0.0087452
405.940659	0.0080043
405.964512	0.0085155
405.988366	0.0081772
406.012221	0.0073590
406.036076	0.0070057
406.059932	0.0081657
406.083789	0.0073709
406.107646	0.0070000
406.131504	0.0076698
406.155363	0.0084785
406.179223	0.0071404
406.203083	0.0082872
406.226944	0.0081737
406.250806	0.0077605
406.274668	0.0078748
406.298532	0.0085505
406.322395	0.0086319
406.346260	0.0078705
406.370125	0.0089728
406.393991	0.0082251
406.417858	0.0070000
406.441725	0.0074476
406.465593	0.0092922
406.489462	0.0079373
406.513331	0.0079342
406.537201	0.0084375
406.561072	0.0073410
406.584944	0.0070000
406.608816	0.0076952
406.632689	0.0086846
406.656562	0.0084072
406.680437	0.0082253
406.704312	0.0075958
406.728188	0.0078272
406.752064	0.0091651
406.775941	0.0079026
406.799819	0.0086614
406.823698	0.0077172
406.847577	0.0081002
406.871457	0.0085898
406.895338	0.0083576
406.919219	0.0080828
406.943101	0.0089909
406.966984	0.0076019
406.990867	0.0072403
407.014752	0.0075885
407.038636	0.0078823
407.062522	0.0075966
407.086408	0.0072743
407.110295	0.0073139
407.134183	0.0075190
407.158071	0.0077024
407.181960	0.0083804
407.205850	0.0096424
407.229741	0.0089435
407.253632	0.0087616
407.277524	0.0077278
407.301417	0.0083255
407.325310	0.0075087
407.349204	0.0079423
407.373099	0.0073744
407.396994	0.0077147
407.420890	0.0074370
407.444787	0.0079595
407.468684	0.0082176
407.492583	0.0081478
407.516482	0.0075037
407.540381	0.0085535
407.564282	0.0070000
407.588183	0.0074584
407.612084	0.0075142
407.635987	0.0080652
407.659890	0.0082746
407.683794	0.0094741
407.707698	0.0081264
407.731604	0.0080448
407.755510	0.0081913
407.779416	0.0083127
407.803324	0.0088850
407.827232	0.0089327
407.851141	0.0083588
407.875050	0.0080964
407.898960	0.0078221
407.922871	0.0082239
407.946783	0.0079562
407.970695	0.0075308
407.994608	0.0080548
408.018522	0.0076191
408.042436	0.0087398
408.066351	0.0095084
408.090267	0.0077986
408.114183	0.0082668
408.138101	0.0072806
408.162018	0.0082774
408.185937	0.0085149
408.209856	0.0077312
408.233776	0.0080143
408.257697	0.0079634
408.281618	0.0082969
408.305541	0.0084493
408.329463	0.0082687
408.353387	0.0079836
408.377311	0.0073771
408.401236	0.0090648
408.425162	0.0072468
408.449088	0.0084333
408.473015	0.0075270
408.496943	0.0093185
408.520871	0.0085034
408.544800	0.0083402
408.568730	0.0084629
408.592661	0.0075573
408.616592	0.0072576
408.640524	0.0075869
408.664457	0.0087653
408.688390	0.0083773
408.712324	0.0077775
408.736259	0.0082437
408.760194	0.0082853
408.784130	0.0078568
408.808067	0.0078614
408.832005	0.0078539
408.855943	0.0088216
408.879882	0.0080677
408.903822	0.0084276
408.927762	0.0079466
408.951703	0.0081096
408.975645	0.0085332
408.999587	0.0077402
409.023531	0.0070051
409.047474	0.0080755
409.071419	0.0081900
409.095364	0.0089190
409.119310	0.0079091
409.143257	0.0091427
409.167204	0.0086999
409.191153	0.0077515
409.215101	0.0072839
409.239051	0.0084761
409.263001	0.0082710
409.286952	0.0086193
409.310904	0.0071344
409.334856	0.0085156
409.358809	0.0081321
409.382763	0.0079371
409.406717	0.0091450
409.430672	0.0081340
409.454628	0.0084382
409.478585	0.0089582
409.502542	0.0077573
409.526500	0.0083220
409.550458	0.0087014
409.574418	0.0092060
409.598378	0.0088029
409.622339	0.0077755
409.646300	0.0085219
409.670262	0.0100593
409.694225	0.0095911
409.718189	0.0093334
409.742153	0.0114005
409.766118	0.0092250
409.790083	0.0111662
409.814050	0.0100217
409.838017	0.0112274
409.861985	0.0118032
409.885953	0.0101867
409.909922	0.0099116
409.933892	0.0104938
409.957863	0.0097515
409.981834	0.0098360
410.005806	0.0102722
410.029779	0.0089130
410.053752	0.0082265
410.077726	0.0088559
410.101701	0.0084757
410.125676	0.0072247
410.149653	0.0085040
410.173630	0.0077412
410.197607	0.0081170
410.221585	0.0081409
410.245564	0.0070000
410.269544	0.0077394
410.293525	0.0087929
410.317506	0.0080099
410.341488	0.0082595
410.365470	0.0088190
410.389453	0.0075137
410.413437	0.0080910
410.437422	0.0092014
410.461407	0.0081292
410.485393	0.0077276
410.509380	0.0080128
410.533367	0.0075817
410.557356	0.0087824
410.581344	0.0078840
410.605334	0.0073314
410.629324	0.0086600
410.653315	0.0074780
410.677307	0.0094151
410.701299	0.0078995
410.725292	0.0081692
410.749286	0.0078457
410.773280	0.0085635
410.797276	0.0075720
410.821271	0.0087903
410.845268	0.0086155
410.869265	0.0074286
410.893263	0.0074923
410.917262	0.0079103
410.941261	0.0076004
410.965261	0.0078054
410.989262	0.0085058
411.013264	0.0087005
411.037266	0.0075799
411.061269	0.0080963
411.085272	0.0083962
411.109277	0.0093268
411.133282	0.0084075
411.157287	0.0071302
411.181294	0.0081304
411.205301	0.0089028
411.229309	0.0077291
411.253317	0.0090733
411.277326	0.0079685
411.301336	0.0079841
411.325347	0.0083808
411.349358	0.0084817
411.373370	0.0072306
411.397383	0.0088768
411.421396	0.0079948
411.445411	0.0074632
411.469425	0.0079627
411.493441	0.0084892
411.517457	0.0083206
411.541474	0.0078382
411.565492	0.0080359
411.589510	0.0082767
411.613529	0.0073258
411.637549	0.0076873
411.661569	0.0075938
411.685590	0.0076021
411.709612	0.0073258
411.733635	0.0088166
411.757658	0.0077946
411.781682	0.0080586
411.805707	0.0085484
411.829732	0.0079399
411.853758	0.0079073
411.877785	0.0080429
411.901812	0.0075507
411.925841	0.0077406
411.949869	0.0084188
411.973899	0.0071859
411.997929	0.0085338
412.021960	0.0076675
412.045992	0.0081118
412.070024	0.0072806
412.094057	0.0079727
412.118091	0.0076832
412.142126	0.0083200
412.166161	0.0073791
412.190197	0.0085510
412.214233	0.0086957
412.238271	0.0088270
412.262309	0.0082906
412.286348	0.0084448
412.310387	0.0076014
412.334427	0.0082378
412.358468	0.0071688
412.382509	0.0080192
412.406552	0.0071577
412.430595	0.0073836
412.454638	0.0082299
412.478683	0.0083431
412.502728	0.0083692
412.526773	0.0082967
412.550820	0.0083624
412.574867	0.0079429
412.598915	0.0089576
412.622963	0.0070405
412.647012	0.0079549
412.671062	0.0085608
412.695113	0.0077523
412.719164	0.0079536
412.743217	0.0077363
412.767269	0.0086218
412.791323	0.0089227
412.815377	0.0088742
412.839432	0.0083908
412.863487	0.0082662
412.887544	0.0083928
412.911601	0.0071182
412.935658	0.0078664
412.959717	0.0086476
412.983776	0.0090006
413.007836	0.0077781
413.031896	0.0082109
413.055957	0.0078363
413.080019	0.0070000
413.104082	0.0086386
413.128145	0.0079063
413.152209	0.0089430
413.176274	0.0081964
413.200339	0.0092665
413.224405	0.0082922
413.248472	0.0080903
413.272540	0.0079389
413.296608	0.0084025
413.320677	0.0070970
413.344746	0.0092478
413.368817	0.0079391
413.392888	0.0070000
413.416959	0.0074154
413.441032	0.0084036
413.465105	0.0073685
413.489179	0.0079759
413.513253	0.0078346
413.537328	0.0078241
413.561404	0.0083158
413.585481	0.0078186
413.609558	0.0070271
413.633636	0.0075331
413.657715	0.0074180
413.681795	0.0086224
413.705875	0.0080334
413.729956	0.0075305
413.754037	0.0072030
413.778120	0.0080679
413.802202	0.0079057
413.826286	0.0090029
413.850371	0.0090956
413.874456	0.0083511
413.898541	0.0073913
413.922628	0.0087224
413.946715	0.0081923
413.970803	0.0079962
413.994891	0.0079267
414.018981	0.0076830
414.043071	0.0081890
414.067161	0.0079405
414.091253	0.0083051
414.115345	0.0080777
414.139438	0.0075467
414.163531	0.0087658
414.187625	0.0070000
414.211720	0.0084669
414.235816	0.0078143
414.259912	0.0073936
414.284009	0.0083991
414.308107	0.0075034
414.332205	0.0087320
414.356304	0.0082136
414.380404	0.0070000
414.404505	0.0070567
414.428606	0.0092856
414.452708	0.0081849
414.476811	0.0093286
414.500914	0.0071546
414.525018	0.0085034
414.549123	0.0094990
414.573228	0.0071603
414.597334	0.0084856
414.621441	0.0076101
414.645549	0.0084192
414.669657	0.0082626
414.693766	0.0081373
414.717876	0.0079833
414.741986	0.0084159
414.766097	0.0079123
414.790209	0.0080857
414.814321	0.0086362
414.838434	0.0075514
414.862548	0.0088554
414.886663	0.0070979
414.910778	0.0078753
414.934894	0.0071154
414.959011	0.0087181
414.983128	0.0088986
415.007246	0.0073051
415.031365	0.0074910
415.055485	0.0080382
415.079605	0.0079297
415.103726	0.0083552
415.127847	0.0078640
415.151969	0.0070000
415.176092	0.0082224
415.200216	0.0081207
415.224341	0.0089121
415.248466	0.0078357
415.272592	0.0082399
415.296718	0.0084551
415.320845	0.0089550
415.344973	0.0093328
415.369102	0.0115632
415.393231	0.0126291
415.417361	0.0159329
415.441492	0.0199429
415.465623	0.0224384
415.489755	0.0300265
415.513888	0.0333853
415.538022	0.0397941
415.562156	0.0451428
415.586291	0.0499578
415.610427	0.0537805
415.634563	0.0566360
415.658700	0.0543780
415.682838	0.0555644
415.706976	0.0503660
415.731115	0.0475977
415.755255	0.0453042
415.779396	0.0400593
415.803537	0.0348587
415.827679	0.0325446
415.851822	0.0276150
415.875965	0.0216478
415.900109	0.0199672
415.924254	0.0167056
415.948399	0.0139260
415.972546	0.0124696
415.996692	0.0120783
416.020840	0.0110364
416.044988	0.0106964
416.069137	0.0088899
416.093287	0.0088260
416.117437	0.0086710
416.141588	0.0088949
416.165740	0.0093833
416.189893	0.0088572
416.214046	0.0077966
416.238200	0.0075328
416.262354	0.0082157
416.286510	0.0072952
416.310666	0.0070000
416.334823	0.0087009
416.358980	0.0070000
416.383138	0.0078182
416.407297	0.0089715
416.431456	0.0082344
416.455617	0.0070000
416.479778	0.0080258
416.503939	0.0077813
416.528102	0.0076279
416.552265	0.0080767
416.576428	0.0082079
416.600593	0.0084068
416.624758	0.0088883
416.648924	0.0082817
416.673090	0.0087347
416.697258	0.0088994
416.721426	0.0082926
416.745594	0.0086328
416.769764	0.0079015
416.793934	0.0085266
416.818104	0.0074274
416.842276	0.0078769
416.866448	0.0078480
416.890621	0.0070000
416.914794	0.0082322
416.938969	0.0080752
416.963144	0.0090425
416.987319	0.0080333
417.011496	0.0079847
417.035673	0.0094654
417.059851	0.0081030
417.084029	0.0078096
417.108208	0.0081162
417.132388	0.0073120
417.156569	0.0074208
417.180750	0.0079504
417.204932	0.0086381
417.229115	0.0077071
417.253298	0.0082201
417.277482	0.0088723
417.301667	0.0074615
417.325853	0.0089465
417.350039	0.0081232
417.374226	0.0085994
417.398413	0.0078166
417.422602	0.0086588
417.446791	0.0078292
417.470981	0.0083831
417.495171	0.0081394
417.519362	0.0090568
417.543554	0.0092824
417.567746	0.0106809
417.591940	0.0103084
417.616134	0.0095564
417.640328	0.0114023
417.664524	0.0102587
417.688720	0.0106025
417.712916	0.0102037
417.737114	0.0091871
417.761312	0.0097914
417.785511	0.0101553
417.809710	0.0090978
417.833911	0.0095646
417.858112	0.0085747
417.882313	0.0099433
417.906516	0.0091310
417.930719	0.0074277
417.954923	0.0079870
417.979127	0.0087804
418.003332	0.0083892
418.027538	0.0078409
418.051745	0.0084155
418.075952	0.0077353
418.100160	0.0085328
418.124369	0.0078537
418.148578	0.0075779
418.172788	0.0095176
418.196999	0.0079689
418.221210	0.0076389
418.245423	0.0074885
418.269636	0.0085951
418.293849	0.0078421
418.318064	0.0083745
418.342279	0.0079355
418.366494	0.0073165
418.390711	0.0078782
418.414928	0.0082271
418.439146	0.0084414
418.463364	0.0073741
418.487583	0.0072494
418.511803	0.0077224
418.536024	0.0077549
418.560245	0.0086533
418.584467	0.0076346
418.608690	0.0071565
418.632914	0.0078641
418.657138	0.0088429
418.681362	0.0073164
418.705588	0.0076041
418.729814	0.0075000
418.754041	0.0085216
418.778269	0.0076853
418.802497	0.0083943
418.826726	0.0081654
418.850956	0.0091025
418.875187	0.0077975
418.899418	0.0081170
418.923650	0.0091054
418.947882	0.0081226
418.972115	0.0070000
418.996349	0.0083223
419.020584	0.0079987
419.044820	0.0083546
419.069056	0.0075060
419.093292	0.0079401
419.117530	0.0090576
419.141768	0.0089707
419.166007	0.0076653
419.190247	0.0074044
419.214487	0.0074392
419.238728	0.0075708
419.262970	0.0076367
419.287212	0.0088575
419.311455	0.0082800
419.335699	0.0083458
419.359943	0.0092517
419.384189	0.0100482
419.408435	0.0100128
419.432681	0.0115494
419.456929	0.0137128
419.481177	0.0151906
419.505425	0.0160598
419.529675	0.0166890
419.553925	0.0191318
419.578176	0.0200143
419.602427	0.0193979
419.626679	0.0196018
419.650932	0.0206257
419.675186	0.0173637
419.699440	0.0191240
419.723695	0.0170442
419.747951	0.0173761
419.772208	0.0146527
419.796465	0.0125117
419.820723	0.0123918
419.844981	0.0127569
419.869241	0.0100250
419.893501	0.0089513
419.917761	0.0107416
419.942023	0.0090520
419.966285	0.0082197
419.990547	0.0079313
420.014811	0.0079225
420.039075	0.0081552
420.063340	0.0073188
420.087606	0.0078707
420.111872	0.0074490
420.136139	0.0085725
420.160407	0.0091751
420.184675	0.0072802
420.208944	0.0070000
420.233214	0.0077257
420.257484	0.0076022
420.281756	0.0081367
420.306027	0.0071028
420.330300	0.0077048
420.354573	0.0087157
420.378847	0.0085657
420.403122	0.0086363
420.427398	0.0076863
420.451674	0.0085127
420.475950	0.0082771
420.500228	0.0070000
420.524506	0.0087692
420.548785	0.0074696
420.573065	0.0096057
420.597345	0.0076433
420.621626	0.0075009
420.645908	0.0088576
420.670190	0.0072614
420.694474	0.0072088
420.718757	0.0070000
420.743042	0.0084749
420.767327	0.0079975
420.791613	0.0088488
420.815900	0.0088388
420.840187	0.0084605
420.864475	0.0086258
420.888764	0.0086372
420.913053	0.0074171
420.937344	0.0079950
420.961635	0.0087704
420.985926	0.0083192
421.010218	0.0077941
421.034511	0.0086033
421.058805	0.0080179
421.083099	0.0072067
421.107394	0.0070953
421.131690	0.0083339
421.155987	0.0076495
421.180284	0.0082054
421.204582	0.0084703
421.228880	0.0078020
421.253180	0.0087144
421.277480	0.0080912
421.301780	0.0084049
421.326082	0.0078889
421.350384	0.0075617
421.374687	0.0074014
421.398990	0.0088305
421.423295	0.0089417
421.447599	0.0083043
421.471905	0.0075101
421.496211	0.0077513
421.520518	0.0082362
421.544826	0.0073065
421.569135	0.0080414
421.593444	0.0094958
421.617754	0.0093000
421.642064	0.0090380
421.666375	0.0084785
421.690687	0.0080990
421.715000	0.0090936
421.739313	0.0079278
421.763627	0.0077120
421.787942	0.0081770
421.812258	0.0078404
421.836574	0.0083973
421.860891	0.0074103
421.885208	0.0085924
421.909526	0.0080633
421.933845	0.0074876
421.958165	0.0086281
421.982485	0.0093733
422.006807	0.0077219
422.031128	0.0079002
422.055451	0.0083863
422.079774	0.0084867
422.104098	0.0071853
422.128422	0.0078308
422.152748	0.0080530
422.177074	0.0078308
422.201400	0.0076276
422.225728	0.0073398
422.250056	0.0076375
422.274385	0.0087525
422.298714	0.0077223
422.323044	0.0081630
422.347375	0.0086440
422.371707	0.0073083
422.396039	0.0071976
422.420372	0.0073010
422.444706	0.0072215
422.469041	0.0087099
422.493376	0.0089450
422.517711	0.0080201
422.542048	0.0075413
422.566385	0.0087712
422.590723	0.0079741
422.615062	0.0078160
422.639401	0.0079693
422.663741	0.0086695
422.688082	0.0078468
422.712423	0.0077132
422.736766	0.0089613
422.761108	0.0077741
422.785452	0.0081964
422.809796	0.0084600
422.834141	0.0082686
422.858487	0.0078152
422.882833	0.0089478
422.907180	0.0081364
422.931528	0.0089544
422.955876	0.0080627
422.980226	0.0098945
423.004576	0.0104674
423.028926	0.0104121
423.053277	0.0095164
423.077629	0.0094553
423.101982	0.0110650
423.126335	0.0110970
423.150690	0.0099547
423.175044	0.0094751
423.199400	0.0091830
423.223756	0.0099237
423.248113	0.0094558
423.272471	0.0095815
423.296829	0.0097079
423.321188	0.0081936
423.345548	0.0077956
423.369908	0.0084733
423.394269	0.0089744
423.418631	0.0077934
423.442993	0.0083841
423.467357	0.0099284
423.491721	0.0080300
423.516085	0.0083604
423.540451	0.0079709
423.564817	0.0084623
423.589183	0.0084701
423.613551	0.0078808
423.637919	0.0075730
423.662288	0.0070000
423.686657	0.0082188
423.711027	0.0073321
423.735398	0.0083553
423.759770	0.0080603
423.784142	0.0078345
423.808515	0.0072874
423.832889	0.0097897
423.857264	0.0079962
423.881639	0.0086202
423.906015	0.0079893
423.930391	0.0075193
423.954769	0.0076395
423.979147	0.0081899
424.003525	0.0083371
424.027905	0.0081639
424.052285	0.0079042
424.076665	0.0080851
424.101047	0.0082960
424.125429	0.0078537
424.149812	0.0072705
424.174196	0.0078855
424.198580	0.0083163
424.222965	0.0081307
424.247351	0.0089064
424.271737	0.0082901
424.296124	0.0084221
424.320512	0.0075964
424.344900	0.0083524
424.369290	0.0092872
424.393680	0.0081416
424.418070	0.0083544
424.442461	0.0070000
424.466853	0.0076581
424.491246	0.0072261
424.515640	0.0077638
424.540034	0.0076670
424.564429	0.0092475
424.588824	0.0083203
424.613220	0.0097738
424.637617	0.0075602
424.662015	0.0092684
424.686413	0.0094045
424.710812	0.0085886
424.735212	0.0075780
424.759613	0.0084970
424.784014	0.0078981
424.808416	0.0079288
424.832818	0.0082208
424.857221	0.0070000
424.881625	0.0084753
424.906030	0.0088082
424.930435	0.0081466
424.954841	0.0078363
424.979248	0.0072423
425.003656	0.0083187
425.028064	0.0078439
425.052473	0.0077548
425.076882	0.0076295
425.101293	0.0083608
425.125704	0.0083862
425.150115	0.0080571
425.174528	0.0071484
425.198941	0.0076055
425.223354	0.0077949
425.247769	0.0072104
425.272184	0.0080694
425.296600	0.0082335
425.321017	0.0082061
425.345434	0.0087709
425.369852	0.0094660
425.394271	0.0074017
425.418690	0.0081013
425.443110	0.0071635
425.467531	0.0079586
425.491953	0.0077619
425.516375	0.0084634
425.540798	0.0089032
425.565221	0.0080630
425.589646	0.0075847
425.614071	0.0070000
425.638496	0.0079612
425.662923	0.0072218
425.687350	0.0077541
425.711778	0.0086529
425.736206	0.0082589
425.760636	0.0079675
425.785066	0.0082740
425.809496	0.0076644
425.833928	0.0072104
425.858360	0.0074699
425.882792	0.0075903
425.907226	0.0073051
425.931660	0.0076445
425.956095	0.0081077
425.980531	0.0077944
426.004967	0.0076362
426.029404	0.0084463
426.053841	0.0070000
426.078280	0.0080841
426.102719	0.0075676
426.127159	0.0070536
426.151599	0.0076636
426.176040	0.0085452
426.200482	0.0090842
426.224925	0.0074567
426.249368	0.0077509
426.273812	0.0075424
426.298257	0.0071654
426.322702	0.0082751
426.347148	0.0083100
426.371595	0.0083026
426.396043	0.0082470
426.420491	0.0085529
426.444940	0.0084640
426.469389	0.0090079
426.493840	0.0076248
426.518291	0.0088330
426.542742	0.0079291
426.567195	0.0089145
426.591648	0.0076790
426.616102	0.0082528
426.640556	0.0070912
426.665012	0.0073342
426.689468	0.0081384
426.713924	0.0073163
426.738382	0.0083494
426.762840	0.0074201
426.787298	0.0073468
426.811758	0.0073409
426.836218	0.0074458
426.860679	0.0070000
426.885140	0.0085588
426.909603	0.0086440
426.934066	0.0081170
426.958529	0.0087378
426.982994	0.0074849
427.007459	0.0074635
427.031924	0.0084981
427.056391	0.0082345
427.080858	0.0070000
427.105326	0.0078307
427.129795	0.0078134
427.154264	0.0085484
427.178734	0.0085452
427.203205	0.0088960
427.227676	0.0093904
427.252148	0.0079149
427.276621	0.0082391
427.301094	0.0087507
427.325568	0.0072466
427.350043	0.0091303
427.374519	0.0101460
427.398995	0.0098233
427.423472	0.0106570
427.447950	0.0095610
427.472428	0.0099673
427.496908	0.0101446
427.521387	0.0097977
427.545868	0.0095579
427.570349	0.0104037
427.594831	0.0094489
427.619314	0.0099992
427.643797	0.0101716
427.668281	0.0095414
427.692766	0.0092454
427.717251	0.0087299
427.741737	0.0077800
427.766224	0.0090756
427.790712	0.0076129
427.815200	0.0086787
427.839689	0.0080301
427.864179	0.0087698
427.888669	0.0071097
427.913160	0.0081843
427.937652	0.0074637
427.962144	0.0070405
427.986637	0.0085949
428.011131	0.0081756
428.035626	0.0093530
428.060121	0.0077098
428.084617	0.0077034
428.109114	0.0082486
428.133611	0.0086737
428.158109	0.0084427
428.182608	0.0079449
428.207108	0.0079313
428.231608	0.0075472
428.256109	0.0084343
428.280610	0.0079390
428.305112	0.0086174
428.329615	0.0073087
428.354119	0.0073627
428.378624	0.0070000
428.403129	0.0086406
428.427634	0.0079963
428.452141	0.0070000
428.476648	0.0082436
428.501156	0.0084128
428.525665	0.0089187
428.550174	0.0075766
428.574684	0.0077951
428.599195	0.0070959
428.623706	0.0084462
428.648218	0.0074639
428.672731	0.0079366
428.697245	0.0080929
428.721759	0.0075326
428.746274	0.0092991
428.770790	0.0075628
428.795306	0.0076700
428.819823	0.0086105
428.844341	0.0087985
428.868859	0.0073770
428.893378	0.0080803
428.917898	0.0080352
428.942419	0.0090468
428.966940	0.0082717
428.991462	0.0078956
429.015985	0.0083305
429.040508	0.0081284
429.065032	0.0091347
429.089557	0.0095212
429.114082	0.0082340
429.138608	0.0079295
429.163135	0.0081426
429.187663	0.0087041
429.212191	0.0081979
429.236720	0.0084178
429.261250	0.0081422
429.285780	0.0082214
429.310311	0.0075303
429.334843	0.0072682
429.359376	0.0078699
429.383909	0.0086274
429.408443	0.0074264
429.432977	0.0086351
429.457513	0.0081857
429.482049	0.0079958
429.506585	0.0087329
429.531123	0.0086144
429.555661	0.0076802
429.580200	0.0085100
429.604739	0.0081325
429.629280	0.0077371
429.653820	0.0082166
429.678362	0.0097282
429.702904	0.0088751
429.727448	0.0078485
429.751991	0.0076196
429.776536	0.0089186
429.801081	0.0080749
429.825627	0.0091323
429.850173	0.0086639
429.874720	0.0075282
429.899268	0.0081333
429.923817	0.0073535
429.948366	0.0077947
429.972916	0.0085243
429.997467	0.0089369
430.022019	0.0079219
430.046571	0.0085467
430.071124	0.0080488
430.095677	0.0083702
430.120232	0.0075942
430.144787	0.0079765
430.169342	0.0082074
430.193899	0.0081003
430.218456	0.0082840
430.243014	0.0070000
430.267572	0.0083971
430.292131	0.0088387
430.316691	0.0083426
430.341252	0.0084273
430.365813	0.0083242
430.390375	0.0084760
430.414938	0.0077586
430.439501	0.0076356
430.464065	0.0070000
430.488630	0.0084553
430.513196	0.0075938
430.537762	0.0078112
430.562329	0.0091356
430.586896	0.0076577
430.611465	0.0075180
430.636034	0.0089329
430.660603	0.0076551
430.685174	0.0084205
430.709745	0.0072366
430.734317	0.0087088
430.758889	0.0098630
430.783463	0.0095649
430.808036	0.0090514
430.832611	0.0091383
430.857186	0.0094358
430.881762	0.0104646
430.906339	0.0097904
430.930917	0.0089166
430.955495	0.0091388
430.980074	0.0086681
431.004653	0.0085878
431.029234	0.0072778
431.053815	0.0089942
431.078396	0.0086090
431.102979	0.0083172
431.127562	0.0096613
431.152145	0.0078247
431.176730	0.0075280
431.201315	0.0085775
431.225901	0.0070302
431.250488	0.0087221
431.275075	0.0079297
431.299663	0.0082421
431.324251	0.0097023
431.348841	0.0070000
431.373431	0.0070000
431.398022	0.0081485
431.422613	0.0078850
431.447205	0.0082618
431.471798	0.0072412
431.496392	0.0089703
431.520986	0.0098180
431.545581	0.0095070
431.570177	0.0094950
431.594773	0.0084979
431.619371	0.0096316
431.643968	0.0111983
431.668567	0.0136245
431.693166	0.0170295
431.717766	0.0180300
431.742367	0.0213206
431.766968	0.0246291
431.791570	0.0290930
431.816173	0.0307260
431.840776	0.0334482
431.865380	0.0345158
431.889985	0.0367606
431.914591	0.0402196
431.939197	0.0370471
431.963804	0.0365121
431.988412	0.0343683
432.013020	0.0324472
432.037629	0.0309116
432.062239	0.0270990
432.086849	0.0250124
432.111461	0.0225064
432.136072	0.0188464
432.160685	0.0172901
432.185298	0.0158547
432.209912	0.0126239
432.234527	0.0132606
432.259142	0.0107756
432.283758	0.0106072
432.308375	0.0098571
432.332993	0.0097958
432.357611	0.0092118
432.382230	0.0090557
432.406849	0.0077237
432.431470	0.0077604
432.456091	0.0077729
432.480712	0.0074272
432.505335	0.0084837
432.529958	0.0090610
432.554582	0.0080517
432.579206	0.0085257
432.603831	0.0070000
432.628457	0.0079370
432.653084	0.0074378
432.677711	0.0080661
432.702339	0.0070000
432.726968	0.0078520
432.751597	0.0075109
432.776228	0.0082787
432.800858	0.0085125
432.825490	0.0071119
432.850122	0.0094125
432.874755	0.0087628
432.899389	0.0083977
432.924023	0.0074498
432.948658	0.0078522
432.973294	0.0084838
432.997930	0.0077970
433.022568	0.0088856
433.047205	0.0070000
433.071844	0.0084263
433.096483	0.0078399
433.121123	0.0081396
433.145764	0.0082391
433.170405	0.0084579
433.195047	0.0079316
433.219690	0.0080299
433.244334	0.0096935
433.268978	0.0092550
433.293623	0.0087089
433.318268	0.0088371
433.342915	0.0078481
433.367561	0.0103692
433.392209	0.0119467
433.416858	0.0149494
433.441507	0.0165847
433.466156	0.0199516
433.490807	0.0242280
433.515458	0.0285448
433.540110	0.0330190
433.564763	0.0374122
433.589416	0.0414025
433.614070	0.0453440
433.638725	0.0465719
433.663380	0.0482962
433.688036	0.0501991
433.712693	0.0461954
433.737351	0.0446028
433.762009	0.0404308
433.786668	0.0376346
433.811327	0.0324864
433.835988	0.0296380
433.860649	0.0272218
433.885311	0.0237429
433.909973	0.0203756
433.934636	0.0176454
433.959300	0.0147159
433.983965	0.0143113
434.008630	0.0124505
434.033296	0.0116581
434.057962	0.0091631
434.082630	0.0092851
434.107298	0.0082458
434.131967	0.0080039
434.156636	0.0089608
434.181306	0.0085085
434.205977	0.0103692
434.230649	0.0086076
434.255321	0.0079078
434.279994	0.0070241
434.304668	0.0086657
434.329342	0.0075813
434.354017	0.0084386
434.378693	0.0070000
434.403369	0.0073820
434.428047	0.0087565
434.452724	0.0092893
434.477403	0.0099931
434.502082	0.0076893
434.526762	0.0079244
434.551443	0.0082056
434.576124	0.0084104
434.600807	0.0089796
434.625489	0.0090044
434.650173	0.0086854
434.674857	0.0089662
434.699542	0.0081337
434.724228	0.0085400
434.748914	0.0083706
434.773601	0.0096404
434.798289	0.0083863
434.822977	0.0077569
434.847666	0.0084321
434.872356	0.0079030
434.897047	0.0081446
434.921738	0.0071929
434.946430	0.0072195
434.971123	0.0076204
434.995816	0.0083548
435.020510	0.0070750
435.045205	0.0087334
435.069900	0.0078651
435.094596	0.0071657
435.119293	0.0079775
435.143991	0.0071614
435.168689	0.0081546
435.193388	0.0073638
435.218088	0.0070000
435.242788	0.0084239
435.267489	0.0081153
435.292191	0.0083708
435.316893	0.0086028
435.341597	0.0080995
435.366300	0.0080489
435.391005	0.0081013
435.415710	0.0084114
435.440416	0.0080848
435.465123	0.0087367
435.489830	0.0076798
435.514539	0.0090945
435.539247	0.0089622
435.563957	0.0099620
435.588667	0.0096648
435.613378	0.0096931
435.638090	0.0096736
435.662802	0.0093148
435.687515	0.0123504
435.712229	0.0093555
435.736943	0.0095642
435.761658	0.0100161
435.786374	0.0088555
435.811091	0.0086493
435.835808	0.0106078
435.860526	0.0085500
435.885244	0.0089841
435.909964	0.0103660
435.934684	0.0106215
435.959404	0.0096851
435.984126	0.0115500
436.008848	0.0122126
436.033571	0.0136866
436.058294	0.0158350
436.083019	0.0170698
436.107744	0.0173836
436.132469	0.0216229
436.157196	0.0216370
436.181923	0.0220598
436.206650	0.0230009
436.231379	0.0224223
436.256108	0.0214409
436.280838	0.0215443
436.305569	0.0201398
436.330300	0.0205226
436.355032	0.0176446
436.379765	0.0161175
436.404498	0.0151036
436.429232	0.0136028
436.453967	0.0125720
436.478702	0.0114571
436.503438	0.0123903
436.528175	0.0095200
436.552913	0.0090628
436.577651	0.0092814
436.602390	0.0079853
436.627130	0.0089727
436.651870	0.0091201
436.676612	0.0081774
436.701353	0.0077792
436.726096	0.0085418
436.750839	0.0078273
436.775583	0.0076476
436.800328	0.0088344
436.825073	0.0077142
436.849819	0.0073491
436.874566	0.0085168
436.899313	0.0080158
436.924061	0.0073361
436.948810	0.0083950
436.973560	0.0080356
436.998310	0.0074636
437.023061	0.0081157
437.047812	0.0082187
437.072565	0.0077939
437.097318	0.0083050
437.122072	0.0081739
437.146826	0.0079861
437.171581	0.0070000
437.196337	0.0088576
437.221094	0.0083194
437.245851	0.0072215
437.270609	0.0080962
437.295368	0.0085589
437.320127	0.0073466
437.344887	0.0073009
437.369648	0.0074668
437.394409	0.0070901
437.419172	0.0084137
437.443934	0.0084658
437.468698	0.0070000
437.493462	0.0074657
437.518227	0.0070000
437.542993	0.0080019
437.567759	0.0083941
437.592526	0.0089351
437.617294	0.0081231
437.642063	0.0075772
437.666832	0.0076270
437.691602	0.0078276
437.716373	0.0085502
437.741144	0.0096567
437.765916	0.0090293
437.790689	0.0086444
437.815462	0.0077680
437.840236	0.0088321
437.865011	0.0078851
437.889786	0.0079385
437.914563	0.0077823
437.939340	0.0078745
437.964117	0.0092089
437.988896	0.0083092
438.013675	0.0092456
438.038454	0.0072647
438.063235	0.0093077
438.088016	0.0071535
438.112798	0.0076043
438.137580	0.0070000
438.162364	0.0081221
438.187148	0.0082408
438.211932	0.0086101
438.236718	0.0082630
438.261504	0.0080615
438.286291	0.0089641
438.311078	0.0085426
438.335866	0.0077824
438.360655	0.0083272
438.385445	0.0076730
438.410235	0.0084501
438.435026	0.0088589
438.459818	0.0081680
438.484610	0.0070563
438.509403	0.0085762
438.534197	0.0074483
438.558991	0.0078012
438.583787	0.0074681
438.608582	0.0073155
438.633379	0.0083648
438.658176	0.0087873
438.682974	0.0074807
438.707773	0.0084382
438.732572	0.0080549
438.757373	0.0078442
438.782173	0.0081872
438.806975	0.0085187
438.831777	0.0077021
438.856580	0.0076372
438.881384	0.0070137
438.906188	0.0084748
438.930993	0.0083650
438.955799	0.0081391
438.980605	0.0077079
439.005412	0.0070000
439.030220	0.0074452
439.055029	0.0075592
439.079838	0.0074937
439.104648	0.0081096
439.129459	0.0082458
439.154270	0.0084807
439.179082	0.0085037
439.203895	0.0089245
439.228708	0.0084886
439.253522	0.0078393
439.278337	0.0083207
439.303153	0.0084067
439.327969	0.0085004
439.352786	0.0080347
439.377604	0.0084967
439.402422	0.0075322
439.427241	0.0084609
439.452061	0.0075767
439.476881	0.0076823
439.501703	0.0073858
439.526524	0.0074793
439.551347	0.0084430
439.576170	0.0074849
439.600994	0.0070738
439.625819	0.0074947
439.650644	0.0076489
439.675471	0.0070000
439.700297	0.0081056
439.725125	0.0079973
439.749953	0.0086103
439.774782	0.0073097
439.799612	0.0075294
439.824442	0.0084687
439.849273	0.0078979
439.874105	0.0082669
439.898937	0.0086841
439.923770	0.0081044
439.948604	0.0073296
439.973439	0.0077442
439.998274	0.0090433
440.023110	0.0082931
440.047946	0.0080517
440.072784	0.0079764
440.097622	0.0083377
440.122461	0.0070000
440.147300	0.0071880
440.172140	0.0073735
440.196981	0.0082431
440.221823	0.0072831
440.246665	0.0076080
440.271508	0.0080906
440.296351	0.0070000
440.321196	0.0076460
440.346041	0.0086386
440.370887	0.0084715
440.395733	0.0072609
440.420580	0.0083928
440.445428	0.0085393
440.470277	0.0089022
440.495126	0.0081768
440.519976	0.0074938
440.544827	0.0071368
440.569678	0.0074135
440.594530	0.0086708
440.619383	0.0081878
440.644236	0.0078659
440.669091	0.0089268
440.693946	0.0089647
440.718801	0.0086205
440.743657	0.0077326
440.768514	0.0078446
440.793372	0.0078315
440.818231	0.0080328
440.843090	0.0085196
440.867950	0.0081084
440.892810	0.0074613
440.917671	0.0093455
440.942533	0.0082485
440.967396	0.0079736
440.992259	0.0082337
441.017123	0.0072171
441.041988	0.0092624
441.066853	0.0076669
441.091720	0.0090674
441.116586	0.0083022
441.141454	0.0074837
441.166322	0.0072365
441.191191	0.0083811
441.216061	0.0077628
441.240931	0.0076993
441.265802	0.0077050
441.290674	0.0074989
441.315546	0.0093635
441.340420	0.0082216
441.365293	0.0071801
441.390168	0.0089942
441.415043	0.0076719
441.439919	0.0074388
441.464796	0.0076922
441.489673	0.0070000
441.514551	0.0092185
441.539430	0.0084215
441.564310	0.0082393
441.589190	0.0095164
441.614071	0.0082895
441.638952	0.0078146
441.663835	0.0077624
441.688718	0.0086622
441.713601	0.0084655
441.738486	0.0086046
441.763371	0.0074075
441.788257	0.0073895
441.813143	0.0076904
441.838030	0.0080161
441.862918	0.0078327
441.887807	0.0080897
441.912696	0.0078021
441.937586	0.0072711
441.962477	0.0082385
441.987368	0.0092361
442.012261	0.0093142
442.037153	0.0084158
442.062047	0.0082608
442.086941	0.0076156
442.111836	0.0087563
442.136732	0.0079279
442.161628	0.0083242
442.186525	0.0072359
442.211423	0.0079346
442.236321	0.0083247
442.261220	0.0078188
442.286120	0.0079242
442.311021	0.0081129
442.335922	0.0082647
442.360824	0.0087444
442.385727	0.0082956
442.410630	0.0075759
442.435534	0.0076335
442.460439	0.0083109
442.485344	0.0082732
442.510251	0.0081371
442.535157	0.0074676
442.560065	0.0073513
442.584973	0.0082628
442.609882	0.0091041
442.634792	0.0092407
442.659702	0.0079564
442.684613	0.0084143
442.709525	0.0078255
442.734438	0.0075790
442.759351	0.0079634
442.784265	0.0080515
442.809179	0.0073349
442.834095	0.0080004
442.859011	0.0073573
442.883928	0.0070000
442.908845	0.0079073
442.933763	0.0078986
442.958682	0.0083305
442.983601	0.0085512
443.008522	0.0093053
443.033443	0.0075142
443.058364	0.0080461
443.083287	0.0078560
443.108210	0.0081324
443.133133	0.0081576
443.158058	0.0097866
443.182983	0.0083599
443.207909	0.0076630
443.232835	0.0088668
443.257762	0.0070000
443.282690	0.0080322
443.307619	0.0077659
443.332548	0.0076999
443.357479	0.0086222
443.382409	0.0086373
443.407341	0.0081603
443.432273	0.0082732
443.457206	0.0078239
443.482139	0.0088659
443.507074	0.0073284
443.532009	0.0082191
443.556944	0.0075087
443.581881	0.0080746
443.606818	0.0080286
443.631756	0.0083548
443.656694	0.0088449
443.681633	0.0074829
443.706573	0.0074597
443.731514	0.0076156
443.756455	0.0072066
443.781397	0.0077692
443.806340	0.0085678
443.831283	0.0089383
443.856227	0.0083672
443.881172	0.0070000
443.906118	0.0074431
443.931064	0.0081439
443.956011	0.0078139
443.980958	0.0072064
444.005907	0.0075124
444.030856	0.0073422
444.055805	0.0081574
444.080756	0.0081349
444.105707	0.0084603
444.130659	0.0083538
444.155611	0.0076555
444.180564	0.0076908
444.205518	0.0085315
444.230473	0.0080205
444.255428	0.0085215
444.280384	0.0082029
444.305341	0.0084096
444.330299	0.0078044
444.355257	0.0077342
444.380216	0.0083316
444.405175	0.0087982
444.430136	0.0076571
444.455096	0.0080702
444.480058	0.0076661
444.505021	0.0071269
444.529984	0.0074562
444.554947	0.0083315
444.579912	0.0080925
444.604877	0.0082703
444.629843	0.0072708
444.654809	0.0080881
444.679777	0.0081834
444.704745	0.0080002
444.729713	0.0087134
444.754683	0.0080482
444.779653	0.0078262
444.804624	0.0083881
444.829595	0.0079747
444.854567	0.0081612
444.879540	0.0084315
444.904514	0.0089332
444.929488	0.0073883
444.954463	0.0090593
444.979439	0.0085099
445.004415	0.0089821
445.029392	0.0077154
445.054370	0.0095308
445.079349	0.0085812
445.104328	0.0081658
445.129308	0.0093375
445.154289	0.0085146
445.179270	0.0072518
445.204252	0.0074167
445.229235	0.0079545
445.254218	0.0081960
445.279202	0.0082550
445.304187	0.0075557
445.329173	0.0078084
445.354159	0.0073130
445.379146	0.0070000
445.404134	0.0083280
445.429122	0.0074416
445.454111	0.0075590
445.479101	0.0080622
445.504091	0.0080391
445.529082	0.0078287
445.554074	0.0088256
445.579067	0.0079944
445.604060	0.0078539
445.629054	0.0083332
445.654049	0.0091700
445.679044	0.0070000
445.704040	0.0081987
445.729037	0.0072003
445.754035	0.0079289
445.779033	0.0079645
445.804032	0.0081545
445.829031	0.0076009
445.854031	0.0079583
445.879032	0.0072889
445.904034	0.0091044
445.929037	0.0076911
445.954040	0.0070000
445.979044	0.0074573
446.004048	0.0075825
446.029053	0.0088608
446.054059	0.0077755
446.079066	0.0075894
446.104073	0.0070000
446.129081	0.0092800
446.154090	0.0072683
446.179099	0.0089203
446.204109	0.0070000
446.229120	0.0083365
446.254132	0.0073309
446.279144	0.0085739
446.304157	0.0078552
446.329171	0.0080626
446.354185	0.0088169
