0.840000	0.0073310
0.839712	0.0611566
0.839425	0.0622985
0.839139	0.0835156
0.838854	0.0427907
0.838569	0.0816318
0.838285	0.0293321
0.838001	0.0845506
0.837718	0.0678478
0.837436	0.0735997
0.837155	0.0230460
0.836874	0.0498139
0.836595	0.0491970
0.836315	0.1043865
0.836037	0.0252576
0.835759	0.1282560
0.835482	0.0769351
0.835205	0.0552106
0.834930	0.0710776
0.834655	0.0183403
0.834380	0.0104454
0.834107	0.0246957
0.833834	0.0584830
0.833562	0.0753347
0.833290	0.1068118
0.833020	0.0665500
0.832749	0.0989346
0.832480	0.0705289
0.832211	0.0553491
0.831943	0.0070000
0.831676	0.0178010
0.831410	0.0308221
0.831144	0.1202118
0.830878	0.1264153
0.830614	0.1363045
0.830350	0.0939140
0.830087	0.0860920
0.829825	0.0645868
0.829563	0.0128004
0.829302	0.0384111
0.829042	0.0132067
0.828782	0.0893304
0.828524	0.0851408
0.828265	0.0726868
0.828008	0.1254699
0.827751	0.0475319
0.827495	0.0766236
0.827240	0.0662991
0.826985	0.0660981
0.826731	0.0070000
0.826478	0.0324663
0.826225	0.0398107
0.825974	0.0849583
0.825723	0.0607779
0.825472	0.0825436
0.825222	0.0636211
0.824973	0.0407251
0.824725	0.0235803
0.824477	0.0297290
0.824231	0.0251274
0.823984	0.0647412
0.823739	0.0275148
0.823494	0.0491361
0.823250	0.0511979
0.823007	0.0550206
0.822764	0.0734603
0.822522	0.0381163
0.822281	0.0330839
0.822040	0.0070000
0.821800	0.0364757
0.821561	0.0460993
0.821322	0.0230676
0.821085	0.0978728
0.820848	0.0473855
0.820611	0.1226792
0.820376	0.0607208
0.820141	0.0488039
0.819906	0.0420848
0.819673	0.0225696
0.819440	0.0420716
0.819208	0.0663994
0.818976	0.0797230
0.818745	0.0892069
0.818515	0.0888045
0.818286	0.0446863
0.818057	0.0825277
0.817829	0.0440029
0.817602	0.0129774
0.817376	0.0240117
0.817150	0.0109764
0.816925	0.0767132
0.816700	0.0938570
0.816477	0.0932818
0.816254	0.0823444
0.816031	0.0445906
0.815810	0.0668916
0.815589	0.0154026
0.815368	0.0070000
0.815149	0.0070000
0.814930	0.0484054
0.814712	0.0655358
0.814495	0.0600183
0.814278	0.0713899
0.814062	0.0282480
0.813847	0.0201537
0.813632	0.0212363
0.813418	0.0156499
0.813205	0.0070000
0.812992	0.0343484
0.812781	0.0388391
0.812570	0.0371534
0.812359	0.1042406
0.812149	0.0603756
0.811940	0.0707805
0.811732	0.0782978
0.811525	0.0225786
0.811318	0.0070000
0.811112	0.0267866
0.810906	0.0188208
0.810701	0.0313449
0.810497	0.0574496
0.810294	0.0636037
0.810091	0.0648809
0.809889	0.0493573
0.809688	0.0438637
0.809487	0.0092236
0.809288	0.0284948
0.809089	0.0070000
0.808890	0.0335416
0.808692	0.0545216
0.808495	0.0501998
0.808299	0.0616893
0.808103	0.0738181
0.807908	0.0513561
0.807714	0.0516311
0.807521	0.0525772
0.807328	0.0070000
0.807136	0.0143948
0.806944	0.0175939
0.806754	0.0903967
0.806564	0.0668720
0.806374	0.0660480
0.806186	0.0749719
0.805998	0.0626738
0.805810	0.0070000
0.805624	0.0237458
0.805438	0.0118402
0.805253	0.0097155
0.805069	0.0361651
0.804885	0.0499058
0.804702	0.0659431
0.804520	0.0531694
0.804338	0.0425608
0.804157	0.0769380
0.803977	0.0610217
0.803798	0.0444032
0.803619	0.0089714
0.803441	0.0206968
0.803263	0.0470186
0.803087	0.0171613
0.802911	0.0557009
0.802735	0.0710220
0.802561	0.0878763
0.802387	0.0662782
0.802214	0.0295534
0.802041	0.0130778
0.801870	0.0070000
0.801699	0.0070000
0.801528	0.0449854
0.801359	0.0529976
0.801190	0.0425460
0.801021	0.0356691
0.800854	0.0841334
0.800687	0.0722843
0.800521	0.0329837
0.800355	0.0304316
0.800191	0.0266228
0.800027	0.0529547
0.799863	0.0649021
0.799701	0.0070000
0.799539	0.0499350
0.799378	0.0811203
0.799217	0.0534315
0.799057	0.0678586
0.798898	0.0070000
0.798740	0.0070000
0.798582	0.0173987
0.798425	0.0338232
0.798269	0.0557840
0.798113	0.0726673
0.797958	0.0912607
0.797804	0.0548060
0.797651	0.0483376
0.797498	0.0348157
0.797346	0.0339544
0.797194	0.0235190
0.797044	0.0407183
0.796894	0.0437135
0.796744	0.0435550
0.796596	0.0759218
0.796448	0.0853388
0.796301	0.0956809
0.796154	0.0598498
0.796009	0.0270794
0.795864	0.0192187
0.795719	0.0256622
0.795576	0.0475168
0.795433	0.0576310
0.795290	0.0773963
0.795149	0.0704537
0.795008	0.0830893
0.794868	0.0501043
0.794728	0.0127417
0.794590	0.0399102
0.794452	0.0395389
0.794314	0.0158345
0.794178	0.0302444
0.794042	0.0442529
0.793906	0.0449076
0.793772	0.0556041
0.793638	0.0620405
0.793505	0.0511759
0.793373	0.0130851
0.793241	0.0406526
0.793110	0.0070000
0.792980	0.0318342
0.792850	0.0128329
0.792721	0.0651510
0.792593	0.0860906
0.792465	0.0715273
0.792338	0.0787252
0.792212	0.0545378
0.792087	0.0438294
0.791962	0.0456381
0.791838	0.0070000
0.791715	0.0341245
0.791592	0.0314544
0.791471	0.0299188
0.791349	0.0472049
0.791229	0.0537727
0.791109	0.0670442
0.790990	0.0503360
0.790872	0.0401380
0.790754	0.0070000
0.790637	0.0247057
0.790521	0.0387930
0.790405	0.0526283
0.790290	0.0817118
0.790176	0.0776613
0.790063	0.0491590
0.789950	0.0479638
0.789838	0.0493415
0.789727	0.0581275
0.789616	0.0109513
0.789506	0.0471689
0.789397	0.0203214
0.789288	0.0538991
0.789180	0.0313225
0.789073	0.0434469
0.788967	0.0487351
0.788861	0.0344638
0.788756	0.0282270
0.788652	0.0268492
0.788548	0.0240139
0.788445	0.0210849
0.788343	0.0362809
0.788242	0.0357524
0.788141	0.0541633
0.788041	0.0749280
0.787941	0.0442300
0.787842	0.0675833
0.787744	0.0474413
0.787647	0.0070000
0.787551	0.0147501
0.787455	0.0215159
0.787359	0.0321460
0.787265	0.0697341
0.787171	0.0550183
0.787078	0.0599096
0.786986	0.0442836
0.786894	0.0434933
0.786803	0.0279421
0.786713	0.0089003
0.786623	0.0129804
0.786534	0.0299472
0.786446	0.0491988
0.786359	0.0510147
0.786272	0.0468270
0.786186	0.0463070
0.786101	0.0422089
0.786016	0.0439094
0.785932	0.0348378
0.785849	0.0070000
0.785766	0.0093194
0.785684	0.0280591
0.785603	0.0571215
0.785523	0.0416912
0.785443	0.0652570
0.785364	0.0483693
0.785286	0.0794580
0.785208	0.0313080
0.785131	0.0229564
0.785055	0.0070000
0.784979	0.0125504
0.784904	0.0371649
0.784830	0.0531968
0.784757	0.0335675
0.784684	0.0723960
0.784612	0.0629152
0.784541	0.0636621
0.784470	0.0251880
0.784400	0.0070000
0.784331	0.0148436
0.784263	0.0210810
0.784195	0.0393543
0.784128	0.0325071
0.784061	0.0680361
0.783996	0.0410961
0.783931	0.0533838
0.783866	0.0496876
0.783803	0.0084709
0.783740	0.0177861
0.783678	0.0365675
0.783616	0.0254130
0.783556	0.0606457
0.783496	0.0299159
0.783436	0.0562078
0.783377	0.0316500
0.783320	0.0642208
0.783262	0.0421294
0.783206	0.0130240
0.783150	0.0070000
0.783095	0.0419857
0.783040	0.0229427
0.782986	0.0223270
0.782933	0.0379408
0.782881	0.0481538
0.782829	0.0359683
0.782778	0.0248163
0.782728	0.0499413
0.782679	0.0191881
0.782630	0.0070000
0.782582	0.0135467
0.782534	0.0070000
0.782488	0.0285752
0.782442	0.0328244
0.782396	0.0471576
0.782352	0.0441277
0.782308	0.0623054
0.782265	0.0070000
0.782222	0.0133837
0.782180	0.0452161
0.782139	0.0358549
0.782099	0.0446580
0.782059	0.0469522
0.782020	0.0551510
0.781982	0.0467828
0.781944	0.0430016
0.781907	0.0507780
0.781871	0.0187537
0.781836	0.0140925
0.781801	0.0099534
0.781767	0.0573856
0.781733	0.0570646
0.781701	0.0278401
0.781669	0.0349273
0.781637	0.0498934
0.781607	0.0437157
0.781577	0.0601835
0.781548	0.0314666
0.781519	0.0145769
0.781492	0.0215470
0.781464	0.0449856
0.781438	0.0595869
0.781412	0.0453277
0.781388	0.0439391
0.781363	0.0520100
0.781340	0.0275841
0.781317	0.0311609
0.781295	0.0229115
0.781273	0.0070000
0.781253	0.0196724
0.781233	0.0405490
0.781213	0.0524717
0.781195	0.0647010
0.781177	0.0276480
0.781159	0.0367466
0.781143	0.0308250
0.781127	0.0163963
0.781112	0.0070000
0.781098	0.0324419
0.781084	0.0294015
0.781071	0.0442151
0.781058	0.0527391
0.781047	0.0391619
0.781036	0.0503596
0.781026	0.0588239
0.781016	0.0329715
0.781007	0.0106181
0.780999	0.0070000
0.780992	0.0321884
0.780985	0.0162435
0.780979	0.0267221
0.780974	0.0467687
0.780969	0.0420175
0.780966	0.0280627
0.780962	0.0381673
0.780960	0.0204925
0.780958	0.0227685
0.780957	0.0070000
0.780957	0.0177135
0.780957	0.0325167
0.780958	0.0441736
0.780960	0.0376309
0.780962	0.0356498
0.780965	0.0449047
0.780969	0.0386221
0.780974	0.0574126
0.780979	0.0157652
0.780985	0.0089122
0.780992	0.0137078
0.780999	0.0562928
0.781007	0.0435649
0.781016	0.0461622
0.781025	0.0363414
0.781035	0.0400394
0.781046	0.0339999
0.781058	0.0092818
0.781070	0.0175151
0.781083	0.0070000
0.781097	0.0342566
0.781111	0.0279911
0.781126	0.0407519
0.781142	0.0578625
0.781159	0.0520555
0.781176	0.0335153
0.781194	0.0289659
0.781212	0.0353108
0.781232	0.0070000
0.781252	0.0070000
0.781272	0.0443049
0.781294	0.0439660
0.781316	0.0298177
0.781339	0.0429587
0.781362	0.0297816
0.781386	0.0120646
0.781411	0.0378191
0.781437	0.0131469
0.781463	0.0091735
0.781490	0.0070000
0.781518	0.0189441
0.781546	0.0500179
0.781576	0.0481518
0.781605	0.0556042
0.781636	0.0352015
0.781667	0.0441895
0.781699	0.0318171
0.781732	0.0169518
0.781765	0.0244300
0.781799	0.0231193
0.781834	0.0150231
0.781869	0.0311048
0.781906	0.0418712
0.781942	0.0557355
0.781980	0.0264657
0.782018	0.0103760
0.782057	0.0205389
0.782097	0.0145347
0.782137	0.0155356
0.782178	0.0476196
0.782220	0.0398120
0.782263	0.0467994
0.782306	0.0220747
0.782350	0.0342510
0.782394	0.0479646
0.782440	0.0129082
0.782485	0.0369201
0.782532	0.0131251
0.782580	0.0137366
0.782628	0.0224194
0.782676	0.0486416
0.782726	0.0366481
0.782776	0.0386686
0.782827	0.0296625
0.782879	0.0291423
0.782931	0.0125665
0.782984	0.0204034
0.783038	0.0070000
0.783092	0.0070000
0.783147	0.0334603
0.783203	0.0245370
0.783260	0.0389961
0.783317	0.0530032
0.783375	0.0406910
0.783433	0.0284222
0.783493	0.0315502
0.783553	0.0195629
0.783614	0.0099805
0.783675	0.0259120
0.783737	0.0332224
0.783800	0.0444772
0.783864	0.0476034
0.783928	0.0364996
0.783993	0.0379143
0.784058	0.0251604
0.784125	0.0429734
0.784192	0.0089570
0.784260	0.0215271
0.784328	0.0166251
0.784397	0.0189568
0.784467	0.0395540
0.784538	0.0269930
0.784609	0.0537246
0.784681	0.0250229
0.784754	0.0409961
0.784827	0.0253160
0.784901	0.0070000
0.784976	0.0070000
0.785051	0.0251620
0.785128	0.0231953
0.785204	0.0290499
0.785282	0.0437286
0.785360	0.0497558
0.785439	0.0362411
0.785519	0.0411784
0.785600	0.0184327
0.785681	0.0070000
0.785762	0.0266198
0.785845	0.0377024
0.785928	0.0410654
0.786012	0.0388135
0.786097	0.0487806
0.786182	0.0354633
0.786268	0.0238849
0.786355	0.0227690
0.786442	0.0089233
0.786530	0.0120693
0.786619	0.0117647
0.786709	0.0192661
0.786799	0.0547104
0.786890	0.0328948
0.786982	0.0328056
0.787074	0.0433912
0.787167	0.0270995
0.787261	0.0294575
0.787355	0.0121441
0.787450	0.0070000
0.787546	0.0104347
0.787643	0.0262652
0.787740	0.0279320
0.787838	0.0590877
0.787937	0.0268622
0.788036	0.0150239
0.788136	0.0070000
0.788237	0.0174631
0.788338	0.0070000
0.788441	0.0206076
0.788543	0.0273338
0.788647	0.0216713
0.788751	0.0368057
0.788856	0.0393363
0.788962	0.0389649
0.789068	0.0377907
0.789176	0.0274265
0.789283	0.0070000
0.789392	0.0149368
0.789501	0.0214825
0.789611	0.0175720
0.789722	0.0353506
0.789833	0.0263757
0.789945	0.0428192
0.790058	0.0255665
0.790171	0.0252681
0.790285	0.0368169
0.790400	0.0085378
0.790516	0.0229984
0.790632	0.0301554
0.790749	0.0313514
0.790866	0.0384250
0.790985	0.0201153
0.791104	0.0394547
0.791223	0.0249637
0.791344	0.0250867
0.791465	0.0070000
0.791587	0.0258521
0.791709	0.0145218
0.791833	0.0070000
0.791957	0.0323919
0.792081	0.0200969
0.792207	0.0373014
0.792333	0.0238417
0.792459	0.0275349
0.792587	0.0290377
0.792715	0.0078163
0.792844	0.0103361
0.792974	0.0108249
0.793104	0.0136650
0.793235	0.0172780
0.793367	0.0464043
0.793499	0.0284735
0.793632	0.0231079
0.793766	0.0221960
0.793900	0.0221686
0.794035	0.0198279
0.794171	0.0070000
0.794308	0.0220167
0.794445	0.0249457
0.794583	0.0204250
0.794722	0.0295456
0.794861	0.0308580
0.795002	0.0307391
0.795142	0.0300549
0.795284	0.0189805
0.795426	0.0190091
0.795569	0.0180010
0.795713	0.0130009
0.795857	0.0285815
0.796002	0.0209580
0.796148	0.0249957
0.796294	0.0368342
0.796441	0.0203489
0.796589	0.0408247
0.796738	0.0289827
0.796887	0.0188783
0.797037	0.0164477
0.797187	0.0281381
0.797339	0.0234663
0.797491	0.0292898
0.797644	0.0316855
0.797797	0.0338327
0.797951	0.0157255
0.798106	0.0280132
0.798262	0.0225281
0.798418	0.0134751
0.798575	0.0104978
0.798733	0.0289238
0.798891	0.0349384
0.799050	0.0333874
0.799210	0.0254315
0.799370	0.0280464
0.799532	0.0318986
0.799693	0.0227513
0.799856	0.0156508
0.800019	0.0108487
0.800183	0.0260399
0.800348	0.0132706
0.800513	0.0203385
0.800679	0.0240974
0.800846	0.0298611
0.801014	0.0240868
0.801182	0.0273283
0.801351	0.0203199
0.801521	0.0217718
0.801691	0.0175786
0.801862	0.0202759
0.802034	0.0211062
0.802206	0.0150662
0.802379	0.0264546
0.802553	0.0275578
0.802727	0.0129002
0.802903	0.0234896
0.803079	0.0271037
0.803255	0.0096591
0.803433	0.0211049
0.803611	0.0145002
0.803789	0.0327821
0.803969	0.0287156
0.804149	0.0271138
0.804330	0.0338275
0.804511	0.0377110
0.804694	0.0165659
0.804877	0.0123921
0.805060	0.0070000
0.805245	0.0166064
0.805430	0.0189121
0.805616	0.0402326
0.805802	0.0171833
0.805989	0.0226496
0.806177	0.0232828
0.806366	0.0169389
0.806555	0.0338957
0.806745	0.0180386
0.806936	0.0070000
0.807127	0.0100569
0.807319	0.0201505
0.807512	0.0295543
0.807705	0.0225190
0.807900	0.0346757
0.808094	0.0236348
0.808290	0.0273434
0.808486	0.0246222
0.808683	0.0070000
0.808881	0.0181631
0.809079	0.0154010
0.809279	0.0123814
0.809478	0.0270155
0.809679	0.0294066
0.809880	0.0316607
0.810082	0.0405794
0.810285	0.0291069
0.810488	0.0138421
0.810692	0.0175004
0.810897	0.0144113
0.811102	0.0190492
0.811308	0.0198738
0.811515	0.0194360
0.811723	0.0234862
0.811931	0.0233101
0.812140	0.0245693
0.812350	0.0174730
0.812560	0.0070000
0.812771	0.0070000
0.812983	0.0070000
0.813195	0.0259543
0.813408	0.0115186
0.813622	0.0304673
0.813837	0.0280151
0.814052	0.0175229
0.814268	0.0327774
0.814485	0.0184658
0.814702	0.0147659
0.814920	0.0070000
0.815139	0.0101321
0.815358	0.0174335
0.815579	0.0194763
0.815800	0.0235304
0.816021	0.0215155
0.816243	0.0192890
0.816466	0.0224056
0.816690	0.0172807
0.816914	0.0101998
0.817140	0.0185281
0.817365	0.0213685
0.817592	0.0308931
0.817819	0.0297862
0.818047	0.0261068
0.818276	0.0170045
0.818505	0.0175653
0.818735	0.0183670
0.818966	0.0197835
0.819197	0.0100697
0.819429	0.0092550
0.819662	0.0177379
0.819896	0.0187290
0.820130	0.0159737
0.820365	0.0269466
0.820600	0.0209704
0.820837	0.0215925
0.821074	0.0233299
0.821312	0.0162480
0.821550	0.0070000
0.821789	0.0124865
0.822029	0.0208569
0.822270	0.0221961
0.822511	0.0319942
0.822753	0.0298306
0.822995	0.0312036
0.823239	0.0215912
0.823483	0.0196182
0.823728	0.0184606
0.823973	0.0133015
0.824219	0.0177100
0.824466	0.0142413
0.824714	0.0271824
0.824962	0.0173259
0.825211	0.0189942
0.825461	0.0262936
0.825711	0.0211506
0.825962	0.0121304
0.826214	0.0168834
0.826466	0.0072930
0.826720	0.0236063
0.826974	0.0170075
0.827228	0.0297154
0.827483	0.0139260
0.827739	0.0183363
0.827996	0.0215474
0.828254	0.0196171
0.828512	0.0130178
0.828771	0.0163644
0.829030	0.0162384
0.829290	0.0142037
0.829551	0.0249927
0.829813	0.0254189
0.830075	0.0219435
0.830338	0.0219608
0.830602	0.0239424
0.830866	0.0256448
0.831132	0.0070000
0.831397	0.0070000
0.831664	0.0187180
0.831931	0.0250371
0.832199	0.0234338
0.832468	0.0208619
0.832737	0.0254501
0.833007	0.0218880
0.833278	0.0192975
0.833549	0.0138436
0.833822	0.0074934
0.834094	0.0127316
0.834368	0.0155162
0.834642	0.0226664
0.834917	0.0193889
0.835193	0.0327506
0.835469	0.0273670
0.835746	0.0267791
0.836024	0.0208758
0.836303	0.0070000
0.836582	0.0119515
0.836862	0.0155332
0.837142	0.0281048
0.837424	0.0156626
0.837706	0.0229562
0.837988	0.0093592
0.838272	0.0256993
0.838556	0.0305220
0.838841	0.0240813
0.839126	0.0099573
0.839412	0.0130288
0.839699	0.0170433
0.839987	0.0167551
0.840275	0.0193248
0.840564	0.0292062
0.840854	0.0160838
0.841144	0.0210969
0.841436	0.0280049
0.841727	0.0179888
0.842020	0.0165637
0.842313	0.0130614
0.842607	0.0136791
0.842902	0.0168994
0.843197	0.0240610
0.843493	0.0241255
0.843790	0.0216807
0.844087	0.0228529
0.844385	0.0186529
0.844684	0.0212887
0.844984	0.0070000
0.845284	0.0078822
0.845585	0.0164236
0.845887	0.0169419
0.846189	0.0294635
0.846492	0.0199249
0.846796	0.0314347
0.847100	0.0135037
0.847406	0.0220801
0.847711	0.0162841
0.848018	0.0070000
0.848325	0.0070000
0.848633	0.0111842
0.848942	0.0182994
0.849251	0.0207491
0.849561	0.0207487
0.849872	0.0142530
0.850184	0.0127556
0.850496	0.0175502
0.850809	0.0141051
0.851122	0.0212094
0.851437	0.0070000
0.851752	0.0172045
0.852068	0.0198646
0.852384	0.0175762
0.852701	0.0166176
0.853019	0.0164220
0.853337	0.0207279
0.853657	0.0216246
0.853977	0.0088197
0.854297	0.0140403
0.854619	0.0166233
0.854941	0.0138583
0.855263	0.0285444
0.855587	0.0200692
0.855911	0.0216845
0.856236	0.0203101
0.856561	0.0195562
0.856888	0.0160676
0.857214	0.0131372
0.857542	0.0175878
0.857870	0.0131274
0.858200	0.0180414
0.858529	0.0175926
0.858860	0.0192815
0.859191	0.0200969
0.859523	0.0109572
0.859855	0.0145229
0.860189	0.0112123
0.860523	0.0070000
0.860857	0.0142786
0.861193	0.0143268
0.861529	0.0252462
0.861866	0.0241132
0.862203	0.0221502
0.862541	0.0244100
0.862880	0.0172949
0.863220	0.0190989
0.863560	0.0077561
0.863901	0.0130514
0.864243	0.0103339
0.864585	0.0198013
0.864928	0.0174591
0.865272	0.0154716
0.865617	0.0210629
0.865962	0.0250986
0.866308	0.0211468
0.866654	0.0177664
0.867002	0.0096516
0.867350	0.0179588
0.867698	0.0124272
0.868048	0.0209928
0.868398	0.0209593
0.868749	0.0254425
0.869100	0.0208499
0.869452	0.0215679
0.869805	0.0187471
0.870159	0.0182326
0.870513	0.0107290
0.870868	0.0112695
0.871224	0.0178309
0.871581	0.0223965
0.871938	0.0242314
0.872296	0.0184121
0.872654	0.0212108
0.873014	0.0222458
0.873373	0.0127093
0.873734	0.0177736
0.874096	0.0095826
0.874458	0.0196936
0.874820	0.0127877
0.875184	0.0170102
0.875548	0.0235091
0.875913	0.0205233
0.876278	0.0191868
0.876645	0.0221719
0.877012	0.0202512
0.877379	0.0132466
0.877748	0.0119059
0.878117	0.0163518
0.878487	0.0136984
0.878857	0.0188233
0.879228	0.0155662
0.879600	0.0191933
0.879973	0.0180869
0.880346	0.0150296
0.880720	0.0165192
0.881095	0.0195266
0.881470	0.0095609
0.881846	0.0164353
0.882223	0.0170756
0.882601	0.0228020
0.882979	0.0250700
0.883358	0.0285783
0.883738	0.0209938
0.884118	0.0183574
0.884499	0.0118885
0.884881	0.0122183
0.885263	0.0149993
0.885646	0.0121364
0.886030	0.0152070
0.886415	0.0111923
0.886800	0.0193083
0.887186	0.0174871
0.887573	0.0163859
0.887960	0.0104358
0.888348	0.0105549
0.888737	0.0120251
0.889126	0.0090133
0.889516	0.0143541
0.889907	0.0229680
0.890299	0.0128921
0.890691	0.0243485
0.891084	0.0151464
0.891478	0.0162226
0.891872	0.0092805
0.892267	0.0139883
0.892663	0.0117489
0.893060	0.0091014
0.893457	0.0126007
0.893855	0.0168976
0.894253	0.0217022
0.894652	0.0253854
0.895052	0.0165377
0.895453	0.0153741
0.895855	0.0142172
0.896257	0.0112376
0.896660	0.0134263
0.897063	0.0143371
0.897467	0.0120748
0.897872	0.0193038
0.898278	0.0221348
0.898684	0.0208909
0.899091	0.0115648
0.899499	0.0165152
0.899907	0.0109952
0.900316	0.0085138
0.900726	0.0132798
0.901137	0.0116675
0.901548	0.0166843
0.901960	0.0163242
0.902373	0.0205450
0.902786	0.0153559
0.903200	0.0166106
0.903615	0.0141854
0.904030	0.0123722
0.904446	0.0117756
0.904863	0.0112588
0.905281	0.0140671
0.905699	0.0156439
0.906118	0.0166505
0.906538	0.0173457
0.906958	0.0188137
0.907379	0.0096166
0.907801	0.0147110
0.908223	0.0107026
0.908647	0.0070294
0.909070	0.0162491
0.909495	0.0137692
0.909920	0.0228801
0.910346	0.0163538
0.910773	0.0198794
0.911200	0.0216706
0.911628	0.0182910
0.912057	0.0131643
0.912487	0.0120644
0.912917	0.0102860
0.913348	0.0127256
0.913779	0.0126466
0.914212	0.0149165
0.914645	0.0150146
0.915079	0.0176949
0.915513	0.0202813
0.915948	0.0146692
0.916384	0.0124442
0.916820	0.0098941
0.917258	0.0135702
0.917696	0.0158897
0.918134	0.0168941
0.918574	0.0199529
0.919014	0.0197335
0.919454	0.0188265
0.919896	0.0178244
0.920338	0.0102507
0.920781	0.0103498
0.921224	0.0122404
0.921669	0.0124292
0.922114	0.0129055
0.922559	0.0123568
0.923006	0.0158298
0.923453	0.0159983
0.923900	0.0198260
0.924349	0.0182576
0.924798	0.0159818
0.925248	0.0120656
0.925698	0.0110742
0.926150	0.0170409
0.926602	0.0133220
0.927054	0.0182218
0.927508	0.0167382
0.927962	0.0160128
0.928417	0.0172706
0.928872	0.0109771
0.929328	0.0133223
0.929785	0.0070000
0.930243	0.0109458
0.930701	0.0146798
0.931160	0.0162040
0.931620	0.0227507
0.932080	0.0162245
0.932541	0.0198785
0.933003	0.0202565
0.933466	0.0189150
0.933929	0.0125256
0.934393	0.0090965
0.934857	0.0088541
0.935323	0.0151837
0.935789	0.0142872
0.936256	0.0162903
0.936723	0.0136972
0.937191	0.0200160
0.937660	0.0148476
0.938129	0.0151097
0.938600	0.0070000
0.939071	0.0115135
0.939542	0.0095881
0.940015	0.0134648
0.940488	0.0106592
0.940961	0.0184515
0.941436	0.0135997
0.941911	0.0154627
0.942387	0.0127845
0.942863	0.0126156
0.943341	0.0093154
0.943819	0.0094895
0.944297	0.0078592
0.944777	0.0125614
0.945257	0.0161731
0.945738	0.0213046
0.946219	0.0209801
0.946701	0.0160075
0.947184	0.0136870
0.947668	0.0082311
0.948152	0.0070000
0.948637	0.0096441
0.949123	0.0121724
0.949609	0.0130495
0.950096	0.0177769
0.950584	0.0185711
0.951072	0.0162037
0.951562	0.0139998
0.952052	0.0100242
0.952542	0.0165035
0.953034	0.0082211
0.953526	0.0092921
0.954018	0.0165406
0.954512	0.0150582
0.955006	0.0192464
0.955501	0.0163208
0.955996	0.0187839
0.956492	0.0154057
0.956989	0.0187646
0.957487	0.0109472
0.957985	0.0099834
0.958484	0.0105310
0.958984	0.0195208
0.959485	0.0176107
0.959986	0.0164458
0.960488	0.0190889
0.960990	0.0145535
0.961493	0.0149244
0.961997	0.0122915
0.962502	0.0073611
0.963007	0.0088242
0.963513	0.0088116
0.964020	0.0169398
0.964528	0.0198985
0.965036	0.0199389
0.965545	0.0152068
0.966054	0.0152623
0.966564	0.0157677
0.967075	0.0070000
0.967587	0.0072842
0.968100	0.0092909
0.968613	0.0103097
0.969126	0.0141729
0.969641	0.0150036
0.970156	0.0134330
0.970672	0.0119782
0.971189	0.0164668
0.971706	0.0111920
0.972224	0.0116737
0.972743	0.0070000
0.973262	0.0079220
0.973782	0.0115608
0.974303	0.0116004
0.974824	0.0175674
0.975347	0.0178174
0.975870	0.0157048
0.976393	0.0143435
0.976918	0.0127729
0.977443	0.0123011
0.977968	0.0074884
0.978495	0.0070000
0.979022	0.0112517
0.979550	0.0135513
0.980078	0.0168238
0.980607	0.0122743
0.981137	0.0143991
0.981668	0.0141121
0.982199	0.0087014
0.982731	0.0099784
0.983264	0.0070000
0.983798	0.0108988
0.984332	0.0167262
0.984867	0.0122186
0.985402	0.0221467
0.985939	0.0173902
0.986475	0.0138009
0.987013	0.0147191
0.987552	0.0155726
0.988091	0.0115401
0.988630	0.0075948
0.989171	0.0094990
0.989712	0.0147140
0.990254	0.0153099
0.990797	0.0221236
0.991340	0.0179508
0.991884	0.0144638
0.992429	0.0112277
0.992974	0.0085850
0.993520	0.0101950
0.994067	0.0119059
0.994614	0.0141062
0.995163	0.0151851
0.995711	0.0154231
0.996261	0.0154475
0.996811	0.0148883
0.997362	0.0174503
0.997914	0.0098842
0.998467	0.0091270
0.999020	0.0090312
0.999573	0.0107813
1.000128	0.0113243
1.000683	0.0138526
1.001239	0.0139696
1.001796	0.0178674
1.002353	0.0160774
1.002911	0.0092028
1.003470	0.0125057
1.004029	0.0070000
1.004590	0.0118760
1.005150	0.0128945
1.005712	0.0110379
1.006274	0.0121816
1.006837	0.0163982
1.007401	0.0139242
1.007965	0.0117090
1.008530	0.0127933
1.009096	0.0115219
1.009662	0.0111995
1.010230	0.0070000
1.010798	0.0084453
1.011366	0.0078006
1.011935	0.0151118
1.012505	0.0134231
1.013076	0.0113381
1.013647	0.0139359
1.014220	0.0143683
1.014792	0.0093374
1.015366	0.0093370
1.015940	0.0070000
1.016515	0.0132310
1.017090	0.0107542
1.017667	0.0140826
1.018244	0.0112902
1.018821	0.0113951
1.019400	0.0155818
1.019979	0.0114972
1.020559	0.0085687
1.021139	0.0091318
1.021721	0.0088853
1.022302	0.0105832
1.022885	0.0134964
1.023468	0.0139588
1.024052	0.0160867
1.024637	0.0153927
1.025223	0.0147448
1.025809	0.0102210
1.026396	0.0100267
1.026983	0.0098131
1.027571	0.0102882
1.028160	0.0124362
1.028750	0.0112169
1.029340	0.0157378
1.029931	0.0152846
1.030523	0.0132030
1.031116	0.0128331
1.031709	0.0128591
1.032303	0.0118039
1.032897	0.0097517
1.033492	0.0122882
1.034088	0.0098342
1.034685	0.0119090
1.035282	0.0170686
1.035881	0.0114328
1.036479	0.0120252
1.037079	0.0137566
1.037679	0.0107414
1.038280	0.0109498
1.038881	0.0131524
1.039484	0.0110397
1.040087	0.0134392
1.040690	0.0142558
1.041295	0.0127858
1.041900	0.0162541
1.042506	0.0121779
1.043112	0.0136899
1.043720	0.0071431
1.044327	0.0093136
1.044936	0.0104452
1.045545	0.0126042
1.046155	0.0111992
1.046766	0.0159399
1.047378	0.0157956
1.047990	0.0117293
1.048602	0.0132687
1.049216	0.0120624
1.049830	0.0089248
1.050445	0.0085075
1.051061	0.0150821
1.051677	0.0107192
1.052294	0.0145227
1.052912	0.0133071
1.053530	0.0135190
1.054150	0.0157818
1.054769	0.0125469
1.055390	0.0070000
1.056011	0.0079952
1.056633	0.0130020
1.057256	0.0097191
1.057879	0.0128248
1.058503	0.0139456
1.059128	0.0113531
1.059753	0.0121593
1.060380	0.0123253
1.061007	0.0121627
1.061634	0.0100700
1.062262	0.0073634
1.062891	0.0122231
1.063521	0.0099598
1.064151	0.0110670
1.064783	0.0145608
1.065414	0.0129852
1.066047	0.0100475
1.066680	0.0142455
1.067314	0.0099976
1.067949	0.0105304
1.068584	0.0098970
1.069220	0.0088555
1.069857	0.0116619
1.070494	0.0146430
1.071132	0.0135824
1.071771	0.0098640
1.072410	0.0116472
1.073051	0.0123345
1.073692	0.0106829
1.074333	0.0111182
1.074976	0.0086113
1.075619	0.0118962
1.076262	0.0098754
1.076907	0.0111473
1.077552	0.0123756
1.078198	0.0144464
1.078844	0.0160284
1.079491	0.0087106
1.080139	0.0102927
1.080788	0.0129376
1.081437	0.0083029
1.082087	0.0123301
1.082738	0.0145093
1.083390	0.0126160
1.084042	0.0119658
1.084695	0.0145884
1.085348	0.0135019
1.086003	0.0098126
1.086658	0.0092034
1.087313	0.0101643
1.087970	0.0093806
1.088627	0.0128159
1.089284	0.0098923
1.089943	0.0130219
1.090602	0.0089314
1.091262	0.0142609
1.091923	0.0106857
1.092584	0.0127538
1.093246	0.0093363
1.093909	0.0106641
1.094572	0.0104068
1.095236	0.0114226
1.095901	0.0118377
1.096566	0.0135526
1.097233	0.0139895
1.097900	0.0106153
1.098567	0.0157283
1.099235	0.0090834
1.099904	0.0101309
1.100574	0.0083541
1.101245	0.0076887
1.101916	0.0120473
1.102588	0.0164621
1.103260	0.0143259
1.103933	0.0136883
1.104607	0.0139544
1.105282	0.0092562
1.105957	0.0119631
1.106633	0.0092986
1.107310	0.0085070
1.107988	0.0118459
1.108666	0.0124776
1.109345	0.0140586
1.110024	0.0138160
1.110704	0.0118845
1.111385	0.0138269
1.112067	0.0115467
1.112749	0.0127893
1.113432	0.0109368
1.114116	0.0101987
1.114801	0.0109703
1.115486	0.0093778
1.116172	0.0119920
1.116858	0.0155072
1.117546	0.0136684
1.118234	0.0115427
1.118922	0.0088382
1.119612	0.0087903
1.120302	0.0082698
1.120992	0.0114041
1.121684	0.0110756
1.122376	0.0118332
1.123069	0.0140180
1.123763	0.0137665
1.124457	0.0129168
1.125152	0.0105504
1.125848	0.0098263
1.126544	0.0078619
1.127241	0.0075741
1.127939	0.0118762
1.128638	0.0127902
1.129337	0.0135664
1.130037	0.0140611
1.130737	0.0119949
1.131439	0.0112116
1.132141	0.0118079
1.132843	0.0102275
1.133547	0.0089714
1.134251	0.0088786
1.134956	0.0095814
1.135661	0.0097130
1.136368	0.0135873
1.137075	0.0125259
1.137782	0.0137361
1.138491	0.0104576
1.139200	0.0097765
1.139909	0.0096729
1.140620	0.0081697
1.141331	0.0094366
1.142043	0.0101039
1.142756	0.0118046
1.143469	0.0115114
1.144183	0.0133684
1.144897	0.0137990
1.145613	0.0124965
1.146329	0.0119726
1.147046	0.0086758
1.147763	0.0097424
1.148481	0.0126732
1.149200	0.0129128
1.149920	0.0128344
1.150640	0.0117427
1.151361	0.0131570
1.152083	0.0135648
1.152805	0.0114128
1.153528	0.0113864
1.154252	0.0082759
1.154977	0.0101356
1.155702	0.0091022
1.156428	0.0111611
1.157154	0.0122699
1.157882	0.0146223
1.158610	0.0122176
1.159338	0.0109944
1.160068	0.0095771
1.160798	0.0104405
1.161529	0.0072557
1.162260	0.0077250
1.162993	0.0089727
1.163726	0.0123537
1.164459	0.0105226
1.165194	0.0106299
1.165929	0.0156529
1.166664	0.0143175
1.167401	0.0096274
1.168138	0.0092418
1.168876	0.0070000
1.169614	0.0103600
1.170354	0.0131852
1.171094	0.0138699
1.171834	0.0133833
1.172576	0.0120286
1.173318	0.0105388
1.174060	0.0134978
1.174804	0.0119714
1.175548	0.0107976
1.176293	0.0084969
1.177039	0.0124251
1.177785	0.0125331
1.178532	0.0114684
1.179279	0.0139162
1.180028	0.0137600
1.180777	0.0118574
1.181527	0.0107498
1.182277	0.0118274
1.183028	0.0072621
1.183780	0.0089869
1.184533	0.0117389
1.185286	0.0095565
1.186040	0.0138814
1.186795	0.0133556
1.187550	0.0114767
1.188307	0.0115477
1.189063	0.0140359
1.189821	0.0079600
1.190579	0.0109534
1.191338	0.0100509
1.192098	0.0118200
1.192858	0.0141494
1.193619	0.0099602
1.194381	0.0132852
1.195143	0.0123154
1.195906	0.0114571
1.196670	0.0104387
1.197435	0.0088507
1.198200	0.0077951
1.198966	0.0122764
1.199733	0.0093385
1.200500	0.0120028
1.201268	0.0116158
1.202037	0.0115579
1.202806	0.0105762
1.203576	0.0128388
1.204347	0.0108173
1.205119	0.0097413
1.205891	0.0095389
1.206664	0.0096978
1.207438	0.0106767
1.208212	0.0132123
1.208987	0.0146465
1.209763	0.0096888
1.210540	0.0124804
1.211317	0.0105207
1.212095	0.0085150
1.212873	0.0092007
1.213652	0.0087998
1.214432	0.0111169
1.215213	0.0103060
1.215995	0.0117197
1.216777	0.0119282
1.217560	0.0105607
1.218343	0.0127602
1.219127	0.0120175
1.219912	0.0088106
1.220698	0.0081054
1.221484	0.0110179
1.222271	0.0115421
1.223059	0.0122816
1.223847	0.0105397
1.224636	0.0128107
1.225426	0.0110579
1.226217	0.0098424
1.227008	0.0109492
1.227800	0.0092103
1.228593	0.0094632
1.229386	0.0100613
1.230180	0.0101160
1.230975	0.0133351
1.231770	0.0142212
1.232566	0.0108686
1.233363	0.0137058
1.234161	0.0117502
1.234959	0.0111262
1.235758	0.0086533
1.236558	0.0077035
1.237358	0.0120071
1.238159	0.0116196
1.238961	0.0112555
1.239763	0.0113603
1.240566	0.0129863
1.241370	0.0123937
1.242175	0.0098367
1.242980	0.0099282
1.243786	0.0078207
1.244593	0.0137061
1.245400	0.0101624
1.246208	0.0112156
1.247017	0.0122076
1.247827	0.0128243
1.248637	0.0090034
1.249448	0.0118918
1.250259	0.0112252
1.251072	0.0099621
1.251885	0.0091495
1.252698	0.0105765
1.253513	0.0101390
1.254328	0.0112390
1.255144	0.0114694
1.255960	0.0121490
1.256778	0.0127641
1.257596	0.0121859
1.258414	0.0103075
1.259233	0.0087927
1.260054	0.0105801
1.260874	0.0110573
1.261696	0.0112915
1.262518	0.0116786
1.263341	0.0123784
1.264164	0.0110394
1.264988	0.0107050
1.265813	0.0099113
1.266639	0.0099467
1.267465	0.0102795
1.268292	0.0079518
1.269120	0.0070000
1.269949	0.0115034
1.270778	0.0106421
1.271608	0.0121427
1.272438	0.0117827
1.273270	0.0102435
1.274102	0.0117695
1.274934	0.0105102
1.275768	0.0102022
1.276602	0.0107728
1.277437	0.0095888
1.278272	0.0112744
1.279108	0.0111077
1.279945	0.0114190
1.280783	0.0105746
1.281621	0.0113023
1.282460	0.0122899
1.283300	0.0097581
1.284140	0.0107124
1.284981	0.0090842
1.285823	0.0106657
1.286666	0.0117196
1.287509	0.0106789
1.288353	0.0128098
1.289197	0.0102888
1.290043	0.0106778
1.290889	0.0116686
1.291735	0.0097432
1.292583	0.0092244
1.293431	0.0104886
1.294280	0.0112572
1.295129	0.0113096
1.295980	0.0140045
1.296830	0.0099021
1.297682	0.0100307
1.298534	0.0120043
1.299387	0.0106381
1.300241	0.0088082
1.301096	0.0095304
1.301951	0.0094655
1.302807	0.0131161
1.303663	0.0118544
1.304521	0.0122644
1.305379	0.0127202
1.306237	0.0122216
1.307097	0.0115391
1.307957	0.0097477
1.308817	0.0103287
1.309679	0.0086472
1.310541	0.0103404
1.311404	0.0108931
1.312268	0.0118888
1.313132	0.0125662
1.313997	0.0091644
1.314862	0.0132888
1.315729	0.0110703
1.316596	0.0109661
1.317464	0.0096561
1.318332	0.0090477
1.319201	0.0102181
1.320071	0.0113508
1.320942	0.0098545
1.321813	0.0116561
1.322685	0.0123120
1.323558	0.0097456
1.324431	0.0094780
1.325306	0.0089700
1.326180	0.0098203
1.327056	0.0089511
1.327932	0.0117073
1.328809	0.0130952
1.329687	0.0099696
1.330565	0.0104101
1.331444	0.0102502
1.332324	0.0112023
1.333204	0.0080050
1.334085	0.0072213
1.334967	0.0105664
1.335850	0.0101904
1.336733	0.0107770
1.337617	0.0121481
1.338502	0.0100074
1.339387	0.0107543
1.340273	0.0111110
1.341160	0.0090531
1.342047	0.0091606
1.342936	0.0094219
1.343824	0.0097155
1.344714	0.0110168
1.345604	0.0100653
1.346495	0.0100233
1.347387	0.0116434
1.348279	0.0104008
1.349172	0.0110934
1.350066	0.0110396
1.350961	0.0103906
1.351856	0.0076070
1.352752	0.0101967
1.353648	0.0093162
1.354546	0.0086778
1.355444	0.0115085
1.356342	0.0104082
1.357242	0.0125171
1.358142	0.0130960
1.359043	0.0106985
1.359944	0.0094514
1.360846	0.0095080
1.361749	0.0107464
1.362653	0.0103004
1.363557	0.0123232
1.364462	0.0091151
1.365368	0.0112602
1.366274	0.0102748
1.367182	0.0107507
1.368089	0.0090012
1.368998	0.0081864
1.369907	0.0105368
1.370817	0.0110110
1.371728	0.0109974
1.372639	0.0100485
1.373551	0.0116628
1.374464	0.0116390
1.375377	0.0097378
1.376292	0.0089072
1.377206	0.0086958
1.378122	0.0086272
1.379038	0.0106015
1.379955	0.0084387
1.380873	0.0100405
1.381791	0.0112665
1.382710	0.0113819
1.383630	0.0123696
1.384551	0.0116725
1.385472	0.0099568
1.386394	0.0072563
1.387316	0.0089280
1.388239	0.0091916
1.389163	0.0104238
1.390088	0.0118106
1.391014	0.0114561
1.391940	0.0103534
1.392866	0.0111352
1.393794	0.0097837
1.394722	0.0108613
1.395651	0.0106450
1.396581	0.0109434
1.397511	0.0106394
1.398442	0.0100506
1.399374	0.0115397
1.400306	0.0098504
1.401239	0.0123254
1.402173	0.0107591
1.403108	0.0097888
1.404043	0.0095543
1.404979	0.0090227
1.405915	0.0105260
1.406853	0.0098291
1.407791	0.0106983
1.408730	0.0118038
1.409669	0.0095872
1.410609	0.0121418
1.411550	0.0114581
1.412492	0.0105458
1.413434	0.0103700
1.414377	0.0091260
1.415320	0.0120206
1.416265	0.0099849
1.417210	0.0109719
1.418156	0.0110400
1.419102	0.0117561
1.420049	0.0111993
1.420997	0.0108880
1.421946	0.0106910
1.422895	0.0090712
1.423845	0.0086861
1.424796	0.0108348
1.425747	0.0103940
1.426699	0.0118551
1.427652	0.0110780
1.428605	0.0117705
1.429560	0.0122356
1.430514	0.0101286
1.431470	0.0103408
1.432426	0.0087434
1.433383	0.0087702
1.434341	0.0101548
1.435299	0.0095700
1.436259	0.0097754
1.437218	0.0109228
1.438179	0.0100561
1.439140	0.0113079
1.440102	0.0105912
1.441065	0.0100023
1.442028	0.0098293
1.442992	0.0095768
1.443957	0.0094102
1.444922	0.0111322
1.445888	0.0105413
1.446855	0.0121202
1.447823	0.0104214
1.448791	0.0107427
1.449760	0.0105970
1.450730	0.0090977
1.451700	0.0096007
1.452671	0.0100740
1.453643	0.0113096
1.454615	0.0105209
1.455588	0.0113043
1.456562	0.0101829
1.457537	0.0101018
1.458512	0.0098102
1.459488	0.0108259
1.460465	0.0100049
1.461442	0.0100161
1.462420	0.0108455
1.463399	0.0101249
1.464378	0.0114787
1.465359	0.0111770
1.466339	0.0116894
1.467321	0.0109876
1.468303	0.0104547
1.469286	0.0112912
1.470270	0.0101012
1.471254	0.0087773
1.472240	0.0087326
1.473225	0.0100002
1.474212	0.0081630
1.475199	0.0105449
1.476187	0.0097337
1.477176	0.0090453
1.478165	0.0101860
1.479155	0.0099195
1.480146	0.0101077
1.481137	0.0102472
1.482129	0.0118346
1.483122	0.0107816
1.484116	0.0111123
1.485110	0.0108969
1.486105	0.0119258
1.487100	0.0119622
1.488097	0.0100350
1.489094	0.0100056
1.490091	0.0098687
1.491090	0.0095424
1.492089	0.0102501
1.493089	0.0109589
1.494089	0.0104225
1.495091	0.0131772
1.496093	0.0108188
1.497095	0.0116346
1.498099	0.0097362
1.499103	0.0090658
1.500107	0.0091347
1.501113	0.0091003
1.502119	0.0091930
1.503126	0.0098133
1.504134	0.0108525
1.505142	0.0102372
1.506151	0.0115600
1.507161	0.0093215
1.508171	0.0099148
1.509182	0.0094242
1.510194	0.0092643
1.511206	0.0110665
1.512219	0.0111265
1.513233	0.0103401
1.514248	0.0109227
1.515263	0.0107801
1.516279	0.0101896
1.517296	0.0095035
1.518313	0.0082043
1.519332	0.0090142
1.520350	0.0089406
1.521370	0.0097358
1.522390	0.0094467
1.523411	0.0107365
1.524433	0.0103070
1.525455	0.0103134
1.526478	0.0109192
1.527502	0.0078495
1.528526	0.0088439
1.529551	0.0076301
1.530577	0.0106943
1.531604	0.0096020
1.532631	0.0095953
1.533659	0.0112958
1.534687	0.0106686
1.535717	0.0105128
1.536747	0.0106997
1.537778	0.0090079
1.538809	0.0089641
1.539841	0.0106613
1.540874	0.0101297
1.541908	0.0097218
1.542942	0.0108790
1.543977	0.0097650
1.545013	0.0103290
1.546049	0.0114019
1.547086	0.0102016
1.548124	0.0101089
1.549162	0.0093588
1.550202	0.0086007
1.551241	0.0105576
1.552282	0.0087964
1.553323	0.0114291
1.554365	0.0111722
1.555408	0.0109253
1.556451	0.0095664
1.557495	0.0095915
1.558540	0.0091968
1.559586	0.0089202
1.560632	0.0103578
1.561679	0.0105929
1.562727	0.0111962
1.563775	0.0109145
1.564824	0.0108624
1.565874	0.0108610
1.566924	0.0105218
1.567975	0.0114514
1.569027	0.0093805
1.570079	0.0087459
1.571133	0.0083767
1.572187	0.0082281
1.573241	0.0103124
1.574297	0.0104454
1.575353	0.0094151
1.576409	0.0108190
1.577467	0.0111224
1.578525	0.0082164
1.579584	0.0102714
1.580643	0.0091846
1.581704	0.0095894
1.582765	0.0100914
1.583826	0.0089681
1.584889	0.0100765
1.585952	0.0090861
1.587016	0.0094295
1.588080	0.0100819
1.589145	0.0089763
1.590211	0.0089826
1.591278	0.0107320
1.592345	0.0085159
1.593413	0.0106697
1.594482	0.0098479
1.595551	0.0094922
1.596621	0.0099153
1.597692	0.0096017
1.598763	0.0091252
1.599836	0.0085232
1.600908	0.0108954
1.601982	0.0089963
1.603056	0.0099448
1.604131	0.0104127
1.605207	0.0090136
1.606283	0.0102812
1.607361	0.0092661
1.608438	0.0098821
1.609517	0.0089657
1.610596	0.0096535
1.611676	0.0084965
1.612757	0.0111909
1.613838	0.0120603
1.614920	0.0107797
1.616003	0.0113309
1.617086	0.0102871
1.618170	0.0098103
1.619255	0.0084993
1.620341	0.0088873
1.621427	0.0092378
1.622514	0.0090014
1.623602	0.0102389
1.624690	0.0090389
1.625779	0.0100844
1.626869	0.0108413
1.627959	0.0090153
1.629050	0.0085806
1.630142	0.0090827
1.631235	0.0096262
1.632328	0.0087792
1.633422	0.0092823
1.634517	0.0094332
1.635612	0.0103211
1.636708	0.0102544
1.637805	0.0113467
1.638902	0.0101287
1.640001	0.0100976
1.641099	0.0100780
1.642199	0.0084057
1.643299	0.0096590
1.644400	0.0093023
1.645502	0.0104096
1.646604	0.0093368
1.647708	0.0108315
1.648811	0.0106862
1.649916	0.0109163
1.651021	0.0101568
1.652127	0.0118464
1.653234	0.0089422
1.654341	0.0094742
1.655449	0.0094280
1.656558	0.0095824
1.657667	0.0116144
1.658777	0.0102261
1.659888	0.0097722
1.661000	0.0109599
1.662112	0.0097794
1.663225	0.0109941
1.664338	0.0091638
1.665453	0.0092555
1.666568	0.0092918
1.667684	0.0089519
1.668800	0.0104372
1.669917	0.0110621
1.671035	0.0107875
1.672154	0.0104442
1.673273	0.0102162
1.674393	0.0098301
1.675513	0.0087636
1.676635	0.0095043
1.677757	0.0116237
1.678880	0.0093533
1.680003	0.0109718
1.681127	0.0106543
1.682252	0.0084878
1.683378	0.0109552
1.684504	0.0085288
1.685631	0.0091930
1.686759	0.0084263
1.687887	0.0096753
1.689016	0.0092774
1.690146	0.0095199
1.691276	0.0105295
1.692408	0.0109113
1.693540	0.0085784
1.694672	0.0096988
1.695805	0.0110195
1.696940	0.0093345
1.698074	0.0096961
1.699210	0.0101705
1.700346	0.0097111
1.701483	0.0101819
1.702620	0.0099217
1.703758	0.0103135
1.704897	0.0106650
1.706037	0.0091747
1.707177	0.0074892
1.708318	0.0093190
1.709460	0.0107758
1.710602	0.0085226
1.711746	0.0115429
1.712889	0.0098106
1.714034	0.0098744
1.715179	0.0103126
1.716325	0.0094751
1.717472	0.0095525
1.718619	0.0108068
1.719767	0.0088166
1.720916	0.0082068
1.722065	0.0104280
1.723216	0.0104071
1.724366	0.0096751
1.725518	0.0109359
1.726670	0.0105827
1.727823	0.0097848
1.728977	0.0103793
1.730131	0.0094647
1.731286	0.0093993
1.732442	0.0096532
1.733599	0.0100045
1.734756	0.0087662
1.735914	0.0108266
1.737072	0.0105654
1.738232	0.0091565
1.739392	0.0080301
1.740552	0.0097063
1.741714	0.0081060
1.742876	0.0106796
1.744039	0.0093200
1.745202	0.0102485
1.746366	0.0105230
1.747531	0.0100613
1.748697	0.0100101
1.749863	0.0097961
1.751030	0.0099060
1.752198	0.0096812
1.753366	0.0090779
1.754536	0.0099523
1.755705	0.0085521
1.756876	0.0099447
1.758047	0.0098004
1.759219	0.0102293
1.760392	0.0102033
1.761565	0.0094531
1.762739	0.0104554
1.763914	0.0091519
1.765089	0.0085519
1.766265	0.0100011
1.767442	0.0102768
1.768620	0.0090041
1.769798	0.0091268
1.770977	0.0095222
1.772157	0.0099129
1.773337	0.0093332
1.774518	0.0091066
1.775700	0.0098700
1.776882	0.0092977
1.778066	0.0100798
1.779249	0.0101181
1.780434	0.0089952
1.781619	0.0098621
1.782805	0.0108405
1.783992	0.0108197
1.785179	0.0092849
1.786367	0.0106334
1.787556	0.0098552
1.788746	0.0100508
1.789936	0.0098469
1.791127	0.0094704
1.792318	0.0096380
1.793511	0.0094021
1.794704	0.0095995
1.795898	0.0099723
1.797092	0.0102120
1.798287	0.0096911
1.799483	0.0103028
1.800679	0.0091809
1.801877	0.0092203
1.803075	0.0090375
1.804273	0.0098388
1.805473	0.0092167
1.806673	0.0102328
1.807873	0.0108110
1.809075	0.0101076
1.810277	0.0087945
1.811480	0.0089320
1.812683	0.0097174
1.813888	0.0087078
1.815092	0.0098829
1.816298	0.0110496
1.817504	0.0105624
1.818712	0.0096928
1.819919	0.0099127
1.821128	0.0089685
1.822337	0.0099102
1.823547	0.0100999
1.824757	0.0092098
1.825969	0.0095614
1.827181	0.0095299
1.828393	0.0094884
1.829607	0.0098768
1.830821	0.0095797
1.832036	0.0091926
1.833251	0.0090733
1.834467	0.0091110
1.835684	0.0102035
1.836902	0.0094134
1.838120	0.0089771
1.839339	0.0091295
1.840559	0.0100178
1.841779	0.0090105
1.843000	0.0090156
1.844222	0.0108285
1.845445	0.0096944
1.846668	0.0091962
1.847892	0.0090508
1.849116	0.0099271
1.850342	0.0093469
1.851568	0.0102841
1.852794	0.0108979
1.854022	0.0102511
1.855250	0.0102810
1.856479	0.0113728
1.857708	0.0097231
1.858938	0.0095789
1.860169	0.0101956
1.861401	0.0096155
1.862633	0.0099227
1.863866	0.0107049
1.865100	0.0099222
1.866335	0.0098869
1.867570	0.0087505
1.868806	0.0093020
1.870042	0.0096874
1.871280	0.0094580
1.872517	0.0092450
1.873756	0.0097689
1.874996	0.0101868
1.876236	0.0099928
1.877476	0.0100993
1.878718	0.0100341
1.879960	0.0085170
1.881203	0.0095854
1.882446	0.0100359
1.883691	0.0090411
1.884936	0.0097485
1.886181	0.0109559
1.887428	0.0101618
1.888675	0.0093209
1.889923	0.0105288
1.891171	0.0103686
1.892420	0.0093769
1.893670	0.0103654
1.894921	0.0106242
1.896172	0.0101156
1.897424	0.0084211
1.898677	0.0092322
1.899930	0.0114792
1.901184	0.0098476
1.902439	0.0095094
1.903695	0.0090908
1.904951	0.0098440
1.906208	0.0098664
1.907466	0.0082288
1.908724	0.0087661
1.909983	0.0096508
1.911243	0.0100162
1.912503	0.0100538
1.913764	0.0111112
1.915026	0.0089905
1.916289	0.0098641
1.917552	0.0113424
1.918816	0.0087219
1.920081	0.0096085
1.921346	0.0098327
1.922612	0.0094849
1.923879	0.0108678
1.925146	0.0099968
1.926414	0.0097185
1.927683	0.0100007
1.928953	0.0099609
1.930223	0.0086839
1.931494	0.0091208
1.932766	0.0096774
1.934038	0.0091203
1.935311	0.0096421
1.936585	0.0103962
1.937859	0.0098008
1.939135	0.0096916
1.940411	0.0079703
1.941687	0.0091623
1.942964	0.0093768
1.944242	0.0102976
1.945521	0.0098754
1.946801	0.0100435
1.948081	0.0101336
1.949362	0.0104397
1.950643	0.0107983
1.951925	0.0111777
1.953208	0.0091366
1.954492	0.0107034
1.955776	0.0097350
1.957061	0.0087538
1.958347	0.0098326
1.959633	0.0088867
1.960920	0.0102079
1.962208	0.0089437
1.963497	0.0103794
1.964786	0.0086423
1.966076	0.0097016
1.967367	0.0095733
1.968658	0.0078434
1.969950	0.0090646
1.971243	0.0098368
1.972536	0.0103086
1.973830	0.0099845
1.975125	0.0092254
1.976421	0.0096781
1.977717	0.0105716
1.979014	0.0092691
1.980312	0.0095735
1.981610	0.0090888
1.982909	0.0086079
1.984209	0.0109435
1.985509	0.0092159
1.986811	0.0100498
1.988112	0.0104248
1.989415	0.0094546
1.990718	0.0100132
1.992022	0.0099392
1.993327	0.0103288
1.994632	0.0084039
1.995938	0.0105559
1.997245	0.0095422
1.998553	0.0104776
1.999861	0.0099428
2.001170	0.0090387
2.002480	0.0104775
2.003790	0.0096403
2.005101	0.0088702
2.006413	0.0087613
2.007725	0.0093569
2.009038	0.0082050
2.010352	0.0091276
2.011666	0.0098587
2.012982	0.0085840
2.014298	0.0101158
2.015614	0.0096604
2.016932	0.0097394
2.018250	0.0099061
2.019568	0.0089853
2.020888	0.0095015
2.022208	0.0099348
2.023529	0.0101329
2.024850	0.0095822
2.026173	0.0102893
2.027496	0.0102571
2.028819	0.0094037
2.030144	0.0095013
2.031469	0.0095057
2.032794	0.0096685
2.034121	0.0101237
2.035448	0.0091856
2.036776	0.0100945
2.038104	0.0095824
2.039434	0.0095678
2.040764	0.0082090
2.042094	0.0096015
2.043426	0.0103143
2.044758	0.0103825
2.046091	0.0079241
2.047424	0.0086251
2.048758	0.0091733
2.050093	0.0096007
2.051429	0.0099941
2.052765	0.0105661
2.054102	0.0088143
2.055440	0.0098860
2.056778	0.0101225
2.058117	0.0092222
2.059457	0.0095645
2.060798	0.0085767
2.062139	0.0088650
2.063481	0.0104557
2.064823	0.0094042
2.066167	0.0102084
2.067511	0.0089088
2.068855	0.0106561
2.070201	0.0103093
2.071547	0.0094831
2.072894	0.0094739
2.074241	0.0111733
2.075590	0.0096220
2.076939	0.0087995
2.078288	0.0094897
2.079639	0.0098783
2.080990	0.0089077
2.082341	0.0100124
2.083694	0.0095612
2.085047	0.0091937
2.086401	0.0096358
2.087755	0.0091883
2.089111	0.0102574
2.090467	0.0094233
2.091823	0.0098914
2.093181	0.0100744
2.094539	0.0091370
2.095898	0.0093103
2.097257	0.0095844
2.098617	0.0085035
2.099978	0.0089314
2.101340	0.0095874
2.102702	0.0094623
2.104065	0.0103041
2.105429	0.0099618
2.106793	0.0108007
2.108158	0.0102456
2.109524	0.0098590
2.110890	0.0085873
2.112258	0.0091720
2.113626	0.0098926
2.114994	0.0097358
2.116364	0.0098138
2.117734	0.0100481
2.119104	0.0094736
2.120476	0.0089271
2.121848	0.0103778
2.123221	0.0093108
2.124594	0.0087167
2.125968	0.0092642
2.127343	0.0092741
2.128719	0.0091547
2.130095	0.0116985
2.131472	0.0103827
2.132850	0.0105491
2.134229	0.0095084
2.135608	0.0089625
2.136988	0.0092277
2.138368	0.0088457
2.139749	0.0094756
2.141131	0.0104685
2.142514	0.0095490
2.143897	0.0103724
2.145281	0.0102832
2.146666	0.0092735
2.148052	0.0099175
2.149438	0.0089232
2.150825	0.0085710
2.152212	0.0092611
2.153600	0.0095236
2.154989	0.0086671
2.156379	0.0098893
2.157770	0.0100854
2.159161	0.0095303
2.160552	0.0085377
2.161945	0.0093984
2.163338	0.0094236
2.164732	0.0100831
2.166127	0.0099393
2.167522	0.0098584
2.168918	0.0091239
2.170315	0.0106044
2.171712	0.0090305
2.173110	0.0096693
2.174509	0.0092172
2.175908	0.0083702
2.177309	0.0094893
2.178710	0.0091021
2.180111	0.0105488
2.181514	0.0097973
2.182917	0.0085352
2.184320	0.0093413
2.185725	0.0101395
2.187130	0.0099159
2.188536	0.0097458
2.189942	0.0091523
2.191349	0.0089909
2.192757	0.0096909
2.194166	0.0087709
2.195575	0.0091590
2.196985	0.0114033
2.198396	0.0091225
2.199808	0.0093597
2.201220	0.0099064
2.202633	0.0098450
2.204046	0.0099057
2.205461	0.0110720
2.206875	0.0105083
2.208291	0.0098619
2.209708	0.0083722
2.211125	0.0095529
2.212542	0.0083132
2.213961	0.0094995
2.215380	0.0085775
2.216800	0.0098643
2.218221	0.0096071
2.219642	0.0097043
2.221064	0.0101142
2.222487	0.0095308
2.223910	0.0087507
2.225334	0.0088779
2.226759	0.0086155
2.228184	0.0088409
2.229611	0.0107166
2.231037	0.0099580
2.232465	0.0094451
2.233893	0.0097041
2.235322	0.0097547
2.236752	0.0094916
2.238183	0.0090147
2.239614	0.0096416
2.241045	0.0097016
2.242478	0.0104336
2.243911	0.0091746
2.245345	0.0100017
2.246780	0.0085418
2.248215	0.0099109
2.249651	0.0088216
2.251088	0.0088094
2.252525	0.0091511
2.253964	0.0087153
2.255402	0.0100267
2.256842	0.0084623
2.258282	0.0087135
2.259723	0.0097479
2.261165	0.0096507
2.262607	0.0095134
2.264050	0.0090320
2.265494	0.0083737
2.266938	0.0105764
2.268384	0.0094610
2.269830	0.0103255
2.271276	0.0096589
2.272723	0.0091962
2.274171	0.0081027
2.275620	0.0093459
2.277069	0.0092874
2.278519	0.0098079
2.279970	0.0084468
2.281422	0.0090434
2.282874	0.0092410
2.284327	0.0102484
2.285780	0.0100139
2.287235	0.0100942
2.288690	0.0096953
2.290145	0.0091103
2.291602	0.0093637
2.293059	0.0095976
2.294517	0.0094368
2.295975	0.0089142
2.297435	0.0094177
2.298894	0.0103542
2.300355	0.0087449
2.301816	0.0091747
2.303278	0.0099710
2.304741	0.0107790
2.306205	0.0104847
2.307669	0.0092579
2.309134	0.0092392
2.310599	0.0100220
2.312065	0.0098355
2.313532	0.0104504
2.315000	0.0088817
2.316468	0.0103407
2.317937	0.0092860
2.319407	0.0093686
2.320878	0.0092888
2.322349	0.0099848
2.323821	0.0097386
2.325293	0.0089312
2.326766	0.0101241
2.328240	0.0111144
2.329715	0.0090036
2.331190	0.0092412
2.332667	0.0097330
2.334143	0.0091032
2.335621	0.0096058
2.337099	0.0091808
2.338578	0.0099256
2.340057	0.0085360
2.341538	0.0097489
2.343019	0.0095850
2.344500	0.0101717
2.345983	0.0092003
2.347466	0.0097687
2.348950	0.0105873
2.350434	0.0087066
2.351919	0.0088162
2.353405	0.0100641
2.354892	0.0101052
2.356379	0.0090364
2.357867	0.0101054
2.359356	0.0088251
2.360846	0.0102568
2.362336	0.0096738
2.363826	0.0102297
2.365318	0.0091262
2.366810	0.0103291
2.368303	0.0088639
2.369797	0.0103282
2.371291	0.0100445
2.372786	0.0099730
2.374282	0.0088663
2.375778	0.0092133
2.377276	0.0104524
2.378773	0.0094478
2.380272	0.0097588
2.381771	0.0097173
2.383271	0.0090549
2.384772	0.0101964
2.386273	0.0094367
2.387775	0.0092261
2.389278	0.0096890
2.390781	0.0101624
2.392286	0.0094098
2.393791	0.0103647
2.395296	0.0101524
2.396802	0.0110209
2.398309	0.0092068
2.399817	0.0096091
2.401325	0.0079550
2.402835	0.0095486
2.404344	0.0104722
2.405855	0.0098704
2.407366	0.0094897
2.408878	0.0091910
2.410391	0.0097953
2.411904	0.0101569
2.413418	0.0096784
2.414933	0.0099774
2.416448	0.0083794
2.417964	0.0095996
2.419481	0.0091074
2.420998	0.0089450
2.422517	0.0099196
2.424036	0.0090132
2.425555	0.0100758
2.427076	0.0083223
2.428597	0.0098196
2.430118	0.0095953
2.431641	0.0095417
2.433164	0.0096715
2.434688	0.0105748
2.436212	0.0095858
2.437737	0.0100165
2.439263	0.0094824
2.440790	0.0094571
2.442317	0.0102707
2.443845	0.0103173
2.445374	0.0091548
2.446904	0.0098405
2.448434	0.0097425
2.449965	0.0104693
2.451496	0.0088102
2.453029	0.0099309
2.454562	0.0088257
2.456095	0.0098653
2.457630	0.0095601
2.459165	0.0104183
2.460700	0.0093131
2.462237	0.0092097
2.463774	0.0095006
2.465312	0.0091013
2.466851	0.0092494
2.468390	0.0090639
2.469930	0.0096375
2.471471	0.0098309
2.473012	0.0093696
2.474554	0.0101425
2.476097	0.0085080
2.477640	0.0105006
2.479185	0.0095643
2.480730	0.0084317
2.482275	0.0103216
2.483821	0.0093748
2.485368	0.0088039
2.486916	0.0100327
2.488465	0.0090903
2.490014	0.0096834
2.491564	0.0092125
2.493114	0.0093483
2.494665	0.0082895
2.496217	0.0099499
2.497770	0.0081838
2.499323	0.0092627
2.500877	0.0111304
2.502432	0.0091283
2.503988	0.0103028
2.505544	0.0097406
2.507101	0.0092298
2.508658	0.0086842
2.510216	0.0092826
2.511775	0.0092039
2.513335	0.0082076
2.514895	0.0081940
2.516456	0.0098857
2.518018	0.0099420
2.519581	0.0102650
2.521144	0.0090518
2.522708	0.0093550
2.524272	0.0085637
2.525838	0.0083054
2.527404	0.0086157
2.528970	0.0095852
2.530538	0.0099079
2.532106	0.0107057
2.533674	0.0098105
2.535244	0.0092758
2.536814	0.0106297
2.538385	0.0080844
2.539957	0.0103650
2.541529	0.0090137
2.543102	0.0086554
2.544676	0.0093937
2.546250	0.0090883
2.547825	0.0091191
2.549401	0.0101917
2.550978	0.0092153
2.552555	0.0107219
2.554133	0.0095529
2.555711	0.0099489
2.557291	0.0097060
2.558871	0.0098500
2.560451	0.0096931
2.562033	0.0097653
2.563615	0.0090859
2.565198	0.0091381
2.566781	0.0095648
2.568366	0.0096660
2.569951	0.0092310
2.571536	0.0096801
2.573123	0.0086165
2.574710	0.0089606
2.576297	0.0081907
2.577886	0.0092908
2.579475	0.0099430
2.581065	0.0092777
2.582656	0.0088489
2.584247	0.0091123
2.585839	0.0098429
2.587431	0.0091565
2.589025	0.0087867
2.590619	0.0097431
2.592214	0.0086399
2.593809	0.0098198
2.595405	0.0100494
2.597002	0.0099717
2.598600	0.0087925
2.600198	0.0101996
2.601797	0.0097188
2.603397	0.0096088
2.604997	0.0102640
2.606598	0.0102607
2.608200	0.0090039
2.609803	0.0101756
2.611406	0.0093152
2.613010	0.0077020
2.614614	0.0091185
2.616220	0.0090522
2.617826	0.0086850
2.619432	0.0097863
2.621040	0.0100558
2.622648	0.0097154
2.624257	0.0102751
2.625866	0.0097656
2.627477	0.0106421
2.629088	0.0085348
2.630699	0.0097188
2.632312	0.0094085
2.633925	0.0086103
2.635538	0.0088931
2.637153	0.0085597
2.638768	0.0088836
2.640384	0.0099604
2.642000	0.0094078
2.643618	0.0086526
2.645236	0.0097197
2.646854	0.0089155
2.648474	0.0081510
2.650094	0.0088204
2.651714	0.0090262
2.653336	0.0099565
2.654958	0.0099489
2.656581	0.0092879
2.658205	0.0096084
2.659829	0.0091977
2.661454	0.0089837
2.663080	0.0098183
2.664706	0.0107780
2.666333	0.0095370
2.667961	0.0098980
2.669589	0.0097107
2.671218	0.0096844
2.672848	0.0103886
2.674479	0.0098775
2.676110	0.0089732
2.677742	0.0105362
2.679375	0.0100247
2.681008	0.0099492
2.682643	0.0094719
2.684277	0.0087410
2.685913	0.0103675
2.687549	0.0085906
2.689186	0.0097655
2.690824	0.0098696
2.692462	0.0095396
2.694101	0.0103564
2.695741	0.0085908
2.697381	0.0091955
2.699022	0.0093320
2.700664	0.0094901
2.702307	0.0098018
2.703950	0.0095789
2.705594	0.0093923
2.707239	0.0100942
2.708884	0.0089214
2.710530	0.0092847
2.712177	0.0094244
2.713824	0.0090794
2.715472	0.0092403
2.717121	0.0094253
2.718771	0.0099603
2.720421	0.0101793
2.722072	0.0085986
2.723724	0.0089997
2.725376	0.0094797
2.727029	0.0091897
2.728683	0.0093110
2.730338	0.0098153
2.731993	0.0096977
2.733649	0.0098998
2.735305	0.0104822
2.736962	0.0104897
2.738620	0.0088936
2.740279	0.0089966
2.741939	0.0094767
2.743599	0.0098539
2.745259	0.0093891
2.746921	0.0095933
2.748583	0.0094464
2.750246	0.0103555
2.751910	0.0096214
2.753574	0.0104771
2.755239	0.0097809
2.756905	0.0097003
2.758571	0.0090296
2.760238	0.0094572
2.761906	0.0089180
2.763575	0.0082388
2.765244	0.0099084
2.766914	0.0090649
2.768585	0.0090097
2.770256	0.0087715
2.771928	0.0096734
2.773601	0.0094926
2.775274	0.0112838
2.776948	0.0109537
2.778623	0.0106806
2.780299	0.0089161
2.781975	0.0097018
2.783652	0.0094706
2.785330	0.0096388
2.787008	0.0099770
2.788687	0.0095267
2.790367	0.0096065
2.792047	0.0098078
2.793728	0.0092440
2.795410	0.0088024
2.797093	0.0101191
2.798776	0.0097026
2.800460	0.0096802
2.802145	0.0097849
2.803830	0.0089339
2.805516	0.0101537
2.807203	0.0098563
2.808891	0.0088480
2.810579	0.0101832
2.812268	0.0101506
2.813957	0.0088545
2.815648	0.0103229
2.817339	0.0089827
2.819030	0.0099252
2.820723	0.0096666
2.822416	0.0078824
2.824110	0.0092440
2.825804	0.0099243
2.827500	0.0095431
2.829195	0.0098978
2.830892	0.0093919
2.832589	0.0095682
2.834288	0.0103713
2.835986	0.0098468
2.837686	0.0095334
2.839386	0.0084463
2.841087	0.0101484
2.842788	0.0090760
2.844490	0.0104006
2.846193	0.0083259
2.847897	0.0088180
2.849601	0.0100989
2.851306	0.0100493
2.853012	0.0101681
2.854719	0.0091518
2.856426	0.0096355
2.858134	0.0097725
2.859842	0.0091736
2.861552	0.0096796
2.863262	0.0093279
2.864972	0.0091694
2.866684	0.0090620
2.868396	0.0104665
2.870109	0.0093861
2.871822	0.0107376
2.873536	0.0084804
2.875251	0.0087867
2.876967	0.0100534
2.878683	0.0098296
2.880400	0.0089511
2.882118	0.0087245
2.883836	0.0095157
2.885555	0.0101984
2.887275	0.0095663
2.888996	0.0081855
2.890717	0.0100059
2.892439	0.0095133
2.894161	0.0079368
2.895885	0.0095473
2.897609	0.0086412
2.899333	0.0088686
2.901059	0.0096467
2.902785	0.0096671
2.904512	0.0093655
2.906239	0.0081751
2.907968	0.0095020
2.909696	0.0089752
2.911426	0.0086418
2.913156	0.0092483
2.914887	0.0091783
2.916619	0.0096699
2.918352	0.0097955
2.920085	0.0097623
2.921819	0.0101433
2.923553	0.0094913
2.925289	0.0094048
2.927025	0.0089202
2.928761	0.0094708
2.930499	0.0094020
2.932237	0.0100043
2.933975	0.0101577
2.935715	0.0092564
2.937455	0.0103914
2.939196	0.0095847
2.940938	0.0094917
2.942680	0.0098482
2.944423	0.0083752
2.946166	0.0106451
2.947911	0.0089317
2.949656	0.0101007
2.951402	0.0091459
2.953148	0.0095735
2.954895	0.0094280
2.956643	0.0094982
2.958392	0.0097040
2.960141	0.0087976
2.961891	0.0100922
2.963642	0.0099177
2.965393	0.0098061
2.967146	0.0088198
2.968898	0.0077158
2.970652	0.0083461
2.972406	0.0085780
2.974161	0.0091492
2.975917	0.0093334
2.977673	0.0087593
2.979430	0.0101021
2.981188	0.0085615
2.982946	0.0091350
2.984705	0.0100446
2.986465	0.0104748
2.988226	0.0089315
2.989987	0.0101048
2.991749	0.0093807
2.993512	0.0101202
2.995275	0.0099456
2.997039	0.0079477
2.998804	0.0092558
3.000569	0.0095822
3.002335	0.0088500
3.004102	0.0087050
3.005870	0.0095638
3.007638	0.0098442
3.009407	0.0090197
3.011177	0.0089346
3.012947	0.0091592
3.014718	0.0091081
3.016490	0.0081524
3.018263	0.0095158
3.020036	0.0099253
3.021810	0.0088424
3.023584	0.0099739
3.025360	0.0100939
3.027136	0.0095166
3.028912	0.0096811
3.030690	0.0104107
3.032468	0.0097261
3.034247	0.0094749
3.036026	0.0098553
3.037806	0.0105152
3.039587	0.0098039
3.041369	0.0104776
3.043151	0.0100400
3.044934	0.0090394
3.046718	0.0101893
3.048502	0.0104932
3.050288	0.0089769
3.052073	0.0091182
3.053860	0.0095455
3.055647	0.0109557
3.057435	0.0095380
3.059224	0.0092881
3.061013	0.0097398
3.062803	0.0094303
3.064594	0.0098027
3.066385	0.0087993
3.068178	0.0097084
3.069970	0.0101168
3.071764	0.0084191
3.073558	0.0109853
3.075353	0.0099978
3.077149	0.0091196
3.078945	0.0093227
3.080742	0.0101462
3.082540	0.0082113
3.084339	0.0096848
3.086138	0.0096633
3.087938	0.0091606
3.089738	0.0088193
3.091540	0.0096299
3.093341	0.0085653
3.095144	0.0095521
3.096948	0.0098025
3.098752	0.0084484
3.100556	0.0084141
3.102362	0.0098415
3.104168	0.0098438
3.105975	0.0094541
3.107783	0.0099087
3.109591	0.0094897
3.111400	0.0091786
3.113210	0.0099384
3.115020	0.0090571
3.116831	0.0096112
3.118643	0.0083535
3.120456	0.0098597
3.122269	0.0091586
3.124083	0.0098267
3.125897	0.0104863
3.127713	0.0104016
3.129529	0.0096613
3.131346	0.0104241
3.133163	0.0102305
3.134981	0.0087801
3.136800	0.0100792
3.138620	0.0095495
3.140440	0.0089660
3.142261	0.0093761
3.144082	0.0094356
3.145905	0.0097930
3.147728	0.0089171
3.149552	0.0091254
3.151376	0.0100130
3.153201	0.0092213
3.155027	0.0094059
3.156854	0.0086132
3.158681	0.0092295
3.160509	0.0101553
3.162338	0.0091074
3.164167	0.0099608
3.165997	0.0093782
3.167828	0.0111874
3.169659	0.0089927
3.171492	0.0091645
3.173324	0.0095229
3.175158	0.0092076
3.176992	0.0089539
3.178827	0.0101893
3.180663	0.0098193
3.182500	0.0097231
3.184337	0.0091337
3.186174	0.0095332
3.188013	0.0085123
3.189852	0.0094707
3.191692	0.0094439
3.193533	0.0101729
3.195374	0.0098934
3.197216	0.0093733
3.199059	0.0095770
3.200902	0.0094736
3.202746	0.0093848
3.204591	0.0084511
3.206437	0.0097795
3.208283	0.0089621
3.210130	0.0088832
3.211978	0.0091592
3.213826	0.0096674
3.215675	0.0103597
3.217525	0.0088553
3.219375	0.0093885
3.221226	0.0099921
3.223078	0.0092808
3.224931	0.0096408
3.226784	0.0104134
3.228638	0.0092006
3.230493	0.0093263
3.232348	0.0095676
3.234204	0.0100179
3.236061	0.0112418
3.237918	0.0075444
3.239777	0.0107553
3.241635	0.0089520
3.243495	0.0102139
3.245355	0.0086389
3.247216	0.0084636
3.249078	0.0086877
3.250940	0.0089233
3.252804	0.0103223
3.254667	0.0094126
3.256532	0.0087382
3.258397	0.0092022
3.260263	0.0091441
3.262130	0.0086499
3.263997	0.0096233
3.265865	0.0090656
3.267734	0.0084310
3.269603	0.0086086
3.271473	0.0098323
3.273344	0.0095388
3.275216	0.0085581
3.277088	0.0095754
3.278961	0.0085550
3.280834	0.0092347
3.282709	0.0102947
3.284584	0.0094960
3.286459	0.0090084
3.288336	0.0096038
3.290213	0.0098878
3.292091	0.0094097
3.293969	0.0098166
3.295849	0.0090104
3.297729	0.0091458
3.299609	0.0101705
3.301491	0.0092563
3.303373	0.0094181
3.305255	0.0106163
3.307139	0.0090984
3.309023	0.0084174
3.310908	0.0104092
3.312794	0.0081750
3.314680	0.0092703
3.316567	0.0089461
3.318455	0.0088665
3.320343	0.0076342
3.322232	0.0098531
3.324122	0.0094684
3.326012	0.0098979
3.327903	0.0092593
3.329795	0.0098577
3.331688	0.0095085
3.333581	0.0094001
3.335475	0.0098148
3.337370	0.0093815
3.339265	0.0101590
3.341162	0.0097192
3.343058	0.0091081
3.344956	0.0098339
3.346854	0.0091895
3.348753	0.0105447
3.350653	0.0085035
3.352553	0.0094028
3.354454	0.0099611
3.356356	0.0081457
3.358258	0.0096101
3.360161	0.0086672
3.362065	0.0093008
3.363970	0.0092852
3.365875	0.0092184
3.367781	0.0092327
3.369687	0.0079052
3.371595	0.0095057
3.373503	0.0093341
3.375412	0.0097855
3.377321	0.0097296
3.379231	0.0100357
3.381142	0.0090130
3.383054	0.0095991
3.384966	0.0103486
3.386879	0.0081492
3.388793	0.0090347
3.390707	0.0102270
3.392622	0.0092322
3.394538	0.0095968
3.396454	0.0096881
3.398372	0.0091026
3.400289	0.0103188
3.402208	0.0097920
3.404127	0.0093317
3.406047	0.0103822
3.407968	0.0082999
3.409889	0.0098845
3.411811	0.0089002
3.413734	0.0091943
3.415658	0.0095690
3.417582	0.0101793
3.419507	0.0086948
3.421433	0.0092783
3.423359	0.0094815
3.425286	0.0100620
3.427214	0.0093969
3.429142	0.0099593
3.431071	0.0095703
3.433001	0.0104560
3.434931	0.0095281
3.436863	0.0099113
3.438795	0.0096335
3.440727	0.0087171
3.442661	0.0102405
3.444595	0.0092586
3.446529	0.0091593
3.448465	0.0095897
3.450401	0.0090490
3.452338	0.0101870
3.454275	0.0089298
3.456214	0.0088719
3.458153	0.0088534
3.460092	0.0101427
3.462033	0.0096624
3.463974	0.0099325
3.465916	0.0094847
3.467858	0.0076710
3.469801	0.0096978
3.471745	0.0102207
3.473690	0.0095695
3.475635	0.0096881
3.477581	0.0095086
3.479528	0.0096185
3.481475	0.0097001
3.483423	0.0092007
3.485372	0.0088806
3.487321	0.0088469
3.489272	0.0090315
3.491222	0.0111797
3.493174	0.0092248
3.495126	0.0095311
3.497079	0.0096810
3.499033	0.0089577
3.500987	0.0099856
3.502943	0.0092968
3.504898	0.0100278
3.506855	0.0095176
3.508812	0.0106076
3.510770	0.0095723
3.512729	0.0091771
3.514688	0.0107523
3.516648	0.0092675
3.518609	0.0098723
3.520570	0.0101767
3.522532	0.0090688
3.524495	0.0085087
3.526459	0.0093594
3.528423	0.0098338
3.530388	0.0092953
3.532354	0.0092515
3.534320	0.0094709
3.536287	0.0088361
3.538255	0.0094927
3.540223	0.0092721
3.542192	0.0100404
3.544162	0.0092023
3.546133	0.0096366
3.548104	0.0082089
3.550076	0.0098614
3.552049	0.0093823
3.554022	0.0090921
3.555996	0.0093365
3.557971	0.0097587
3.559946	0.0089800
3.561923	0.0087981
3.563900	0.0090612
3.565877	0.0097268
3.567855	0.0086644
3.569834	0.0095304
3.571814	0.0083181
3.573794	0.0095157
3.575776	0.0092833
3.577757	0.0099298
3.579740	0.0096882
3.581723	0.0101560
3.583707	0.0093742
3.585692	0.0102948
3.587677	0.0098650
3.589663	0.0088942
3.591650	0.0097200
3.593637	0.0093715
3.595625	0.0093473
3.597614	0.0096894
3.599604	0.0095207
3.601594	0.0092183
3.603585	0.0085137
3.605576	0.0103025
3.607569	0.0104508
3.609562	0.0100410
3.611556	0.0099639
3.613550	0.0089936
3.615545	0.0089876
3.617541	0.0103231
3.619538	0.0079498
3.621535	0.0101788
3.623533	0.0091330
3.625531	0.0106411
3.627531	0.0100809
3.629531	0.0092892
3.631532	0.0097073
3.633533	0.0089985
3.635535	0.0105428
3.637538	0.0084794
3.639542	0.0096399
3.641546	0.0089640
3.643551	0.0095974
3.645557	0.0094261
3.647563	0.0100120
3.649570	0.0083792
3.651578	0.0088746
3.653586	0.0107264
3.655596	0.0109472
3.657606	0.0102226
3.659616	0.0093607
3.661627	0.0089785
3.663639	0.0100030
3.665652	0.0109392
3.667666	0.0094064
3.669680	0.0099420
3.671695	0.0098213
3.673710	0.0104087
3.675726	0.0087493
3.677743	0.0094750
3.679761	0.0089475
3.681779	0.0096956
3.683798	0.0098654
3.685818	0.0102385
3.687838	0.0099815
3.689860	0.0094152
3.691881	0.0091634
3.693904	0.0080735
3.695927	0.0100213
3.697951	0.0091710
3.699976	0.0103572
3.702001	0.0086597
3.704027	0.0091244
3.706054	0.0093251
3.708081	0.0100868
3.710110	0.0107712
3.712138	0.0087647
3.714168	0.0084910
3.716198	0.0091282
3.718229	0.0099396
3.720261	0.0095293
3.722293	0.0102389
3.724326	0.0085137
3.726360	0.0096269
3.728395	0.0080056
3.730430	0.0101644
3.732466	0.0100977
3.734502	0.0098770
3.736540	0.0094949
3.738578	0.0095893
3.740616	0.0096735
3.742656	0.0094829
3.744696	0.0084597
3.746737	0.0090568
3.748778	0.0098599
3.750820	0.0103629
3.752863	0.0093506
3.754907	0.0095073
3.756951	0.0092549
3.758996	0.0093126
3.761042	0.0094787
3.763088	0.0089775
3.765136	0.0103870
3.767183	0.0096763
3.769232	0.0093125
3.771281	0.0099848
3.773331	0.0092329
3.775382	0.0083064
3.777433	0.0101336
3.779485	0.0093857
3.781538	0.0101736
3.783591	0.0098097
3.785645	0.0093523
3.787700	0.0094842
3.789756	0.0103060
3.791812	0.0095327
3.793869	0.0097667
3.795927	0.0098750
3.797985	0.0094859
3.800044	0.0086471
3.802104	0.0092545
3.804164	0.0098497
3.806226	0.0096978
3.808287	0.0099617
3.810350	0.0095578
3.812413	0.0096892
3.814477	0.0095785
3.816542	0.0095910
3.818607	0.0097436
3.820673	0.0085226
3.822740	0.0088394
3.824808	0.0089599
3.826876	0.0089834
3.828945	0.0094796
3.831014	0.0095220
3.833085	0.0089438
3.835156	0.0105886
3.837228	0.0095414
3.839300	0.0100482
3.841373	0.0089605
3.843447	0.0087131
3.845521	0.0104025
3.847597	0.0094742
3.849673	0.0097954
3.851749	0.0104307
3.853827	0.0095877
3.855905	0.0091482
3.857983	0.0101625
3.860063	0.0106739
3.862143	0.0090992
3.864224	0.0095329
3.866305	0.0105156
3.868387	0.0103665
3.870470	0.0092983
3.872554	0.0091291
3.874638	0.0090889
3.876724	0.0095890
3.878809	0.0110885
3.880896	0.0093048
3.882983	0.0093781
3.885071	0.0089436
3.887159	0.0103832
3.889249	0.0103886
3.891339	0.0094882
3.893429	0.0091144
3.895521	0.0084993
3.897613	0.0091612
3.899706	0.0097556
3.901799	0.0095740
3.903893	0.0096964
3.905988	0.0081417
3.908084	0.0096764
3.910180	0.0090642
3.912277	0.0093233
3.914375	0.0090579
3.916473	0.0108994
3.918572	0.0107677
3.920672	0.0096500
3.922773	0.0100011
3.924874	0.0100424
3.926976	0.0103797
3.929078	0.0086790
3.931182	0.0094807
3.933286	0.0100115
3.935390	0.0088548
3.937496	0.0097398
3.939602	0.0092732
3.941709	0.0089800
3.943816	0.0098677
3.945924	0.0090658
3.948033	0.0107057
3.950143	0.0093294
3.952253	0.0094302
3.954364	0.0088234
3.956476	0.0098059
3.958589	0.0113100
3.960702	0.0094820
3.962816	0.0098109
3.964930	0.0087716
3.967046	0.0100049
3.969161	0.0100506
3.971278	0.0086735
3.973396	0.0102979
3.975514	0.0094584
3.977632	0.0090444
3.979752	0.0105209
3.981872	0.0095144
3.983993	0.0098538
3.986114	0.0100929
3.988237	0.0106144
3.990360	0.0094008
3.992483	0.0084621
3.994608	0.0098361
3.996733	0.0105609
3.998859	0.0093572
4.000985	0.0099729
4.003112	0.0092897
4.005240	0.0088913
4.007369	0.0103888
4.009498	0.0098726
4.011628	0.0099326
4.013759	0.0097396
4.015890	0.0089445
4.018022	0.0099629
4.020155	0.0088470
4.022289	0.0095531
4.024423	0.0082179
4.026558	0.0094342
4.028694	0.0097993
4.030830	0.0094347
4.032967	0.0108916
4.035105	0.0102747
4.037243	0.0096914
4.039382	0.0094422
4.041522	0.0097879
4.043663	0.0094072
4.045804	0.0100835
4.047946	0.0110118
4.050089	0.0097311
4.052232	0.0089531
4.054376	0.0087445
4.056521	0.0110603
4.058666	0.0086306
4.060812	0.0085066
4.062959	0.0104156
4.065107	0.0102313
4.067255	0.0094912
4.069404	0.0098586
4.071554	0.0096037
4.073704	0.0088764
4.075855	0.0093608
4.078007	0.0102710
4.080160	0.0089444
4.082313	0.0091621
4.084467	0.0088406
4.086621	0.0103340
4.088776	0.0097664
4.090932	0.0105762
4.093089	0.0097980
4.095247	0.0094824
4.097405	0.0100685
4.099564	0.0093901
4.101723	0.0107012
4.103883	0.0095838
4.106044	0.0102728
4.108206	0.0090982
4.110368	0.0093231
4.112531	0.0090446
4.114695	0.0087902
4.116859	0.0100607
4.119024	0.0088125
4.121190	0.0093508
4.123357	0.0094783
4.125524	0.0091821
4.127692	0.0098248
4.129861	0.0074675
4.132030	0.0094332
4.134200	0.0094705
4.136371	0.0083174
4.138542	0.0098341
4.140714	0.0101071
4.142887	0.0114268
4.145061	0.0104530
4.147235	0.0086622
4.149410	0.0093885
4.151586	0.0096743
4.153762	0.0088723
4.155939	0.0091698
4.158117	0.0096226
4.160295	0.0087659
4.162475	0.0091762
4.164654	0.0093413
4.166835	0.0095289
4.169016	0.0095129
4.171198	0.0092816
4.173381	0.0099119
4.175564	0.0093833
4.177748	0.0095749
4.179933	0.0096020
4.182119	0.0096767
4.184305	0.0096404
4.186492	0.0093638
4.188680	0.0098095
4.190868	0.0091009
4.193057	0.0103793
4.195247	0.0099457
4.197437	0.0094282
4.199628	0.0091937
4.201820	0.0105490
4.204012	0.0097142
4.206206	0.0093109
4.208400	0.0098394
4.210594	0.0091208
4.212790	0.0079917
4.214986	0.0098068
4.217182	0.0100274
4.219380	0.0094296
4.221578	0.0091735
4.223777	0.0101837
4.225976	0.0096407
4.228177	0.0101679
4.230378	0.0108429
4.232579	0.0098204
4.234782	0.0095113
4.236985	0.0102864
4.239188	0.0101781
4.241393	0.0101602
4.243598	0.0084681
4.245804	0.0105851
4.248010	0.0092688
4.250218	0.0103207
4.252426	0.0078829
4.254634	0.0103637
4.256844	0.0101834
4.259054	0.0098777
4.261265	0.0093887
4.263476	0.0095397
4.265688	0.0091036
4.267901	0.0106606
4.270115	0.0096320
4.272329	0.0101032
4.274544	0.0090121
4.276760	0.0103033
4.278976	0.0095806
4.281193	0.0106257
4.283411	0.0095957
4.285630	0.0087155
4.287849	0.0095325
4.290069	0.0079678
4.292289	0.0108314
4.294511	0.0094440
4.296733	0.0105816
4.298956	0.0089407
4.301179	0.0099857
4.303403	0.0098734
4.305628	0.0105219
4.307853	0.0086917
4.310080	0.0091448
4.312307	0.0092177
4.314534	0.0091055
4.316763	0.0095778
4.318992	0.0094976
4.321221	0.0093798
4.323452	0.0097290
4.325683	0.0098469
4.327915	0.0091718
4.330147	0.0104919
4.332381	0.0090435
4.334615	0.0079332
4.336849	0.0096167
4.339085	0.0093440
4.341321	0.0090838
4.343558	0.0089612
4.345795	0.0092054
4.348033	0.0097178
4.350272	0.0097046
4.352512	0.0111296
4.354752	0.0099038
4.356993	0.0091571
4.359235	0.0096589
4.361477	0.0100499
4.363720	0.0093435
4.365964	0.0103671
4.368208	0.0106040
4.370454	0.0096854
4.372700	0.0101479
4.374946	0.0104694
4.377194	0.0099655
4.379442	0.0097348
4.381690	0.0093014
4.383940	0.0093444
4.386190	0.0099794
4.388441	0.0096328
4.390692	0.0100047
4.392944	0.0098743
4.395197	0.0105884
4.397451	0.0094455
4.399705	0.0090187
4.401960	0.0088058
4.404216	0.0092078
4.406473	0.0092784
4.408730	0.0098013
4.410987	0.0091344
4.413246	0.0093014
4.415505	0.0101167
4.417765	0.0087194
4.420026	0.0110947
4.422287	0.0092326
4.424549	0.0093197
4.426812	0.0094781
4.429076	0.0090971
4.431340	0.0110824
4.433605	0.0100037
4.435870	0.0102352
4.438136	0.0096850
4.440403	0.0086526
4.442671	0.0088564
4.444940	0.0097999
4.447209	0.0099580
4.449478	0.0093511
4.451749	0.0092971
4.454020	0.0095937
4.456292	0.0094987
4.458565	0.0108987
4.460838	0.0094291
4.463112	0.0087600
4.465387	0.0096487
4.467662	0.0089169
4.469938	0.0106542
4.472215	0.0092748
4.474492	0.0087516
4.476771	0.0097014
4.479050	0.0091868
4.481329	0.0087564
4.483610	0.0092077
4.485891	0.0108502
4.488172	0.0096810
4.490455	0.0101236
4.492738	0.0104379
4.495022	0.0108473
4.497306	0.0096499
4.499591	0.0096527
4.501877	0.0103316
4.504164	0.0095506
4.506451	0.0104458
4.508739	0.0104177
4.511028	0.0088904
4.513318	0.0095113
4.515608	0.0097662
4.517899	0.0092732
4.520190	0.0089777
4.522483	0.0090408
4.524776	0.0091394
4.527069	0.0098643
4.529364	0.0095953
4.531659	0.0095261
4.533954	0.0099959
4.536251	0.0104526
4.538548	0.0099292
4.540846	0.0097477
4.543145	0.0096783
4.545444	0.0090151
4.547744	0.0096227
4.550045	0.0096829
4.552346	0.0087897
4.554648	0.0102529
4.556951	0.0097834
4.559254	0.0105292
4.561559	0.0080798
4.563863	0.0102811
4.566169	0.0084697
4.568475	0.0100283
4.570782	0.0092754
4.573090	0.0100134
4.575399	0.0104114
4.577708	0.0099001
4.580017	0.0101711
4.582328	0.0093020
4.584639	0.0107454
4.586951	0.0083625
4.589264	0.0094087
4.591577	0.0115802
4.593891	0.0093367
4.596206	0.0097003
4.598521	0.0096394
4.600838	0.0092679
4.603154	0.0092981
4.605472	0.0102181
4.607790	0.0093621
4.610109	0.0094790
4.612429	0.0096122
4.614749	0.0091384
4.617070	0.0092797
4.619392	0.0108271
4.621714	0.0093486
4.624038	0.0100983
4.626362	0.0097433
4.628686	0.0087177
4.631011	0.0095261
4.633337	0.0100069
4.635664	0.0093217
4.637991	0.0087912
4.640320	0.0104560
4.642648	0.0099476
4.644978	0.0090420
4.647308	0.0089233
4.649639	0.0085550
4.651970	0.0081708
4.654303	0.0084684
4.656636	0.0086782
4.658969	0.0081749
4.661304	0.0094709
4.663639	0.0097615
4.665975	0.0094690
4.668311	0.0100903
4.670649	0.0092781
4.672986	0.0103992
4.675325	0.0098276
4.677664	0.0089987
4.680004	0.0092089
4.682345	0.0090748
4.684687	0.0094469
4.687029	0.0092135
4.689372	0.0092081
4.691715	0.0098433
4.694059	0.0090321
4.696404	0.0091343
4.698750	0.0093003
4.701096	0.0086329
4.703443	0.0084606
4.705791	0.0095644
4.708140	0.0102611
4.710489	0.0110347
4.712839	0.0098168
4.715189	0.0082020
4.717540	0.0090077
4.719892	0.0091960
4.722245	0.0094444
4.724598	0.0106201
4.726953	0.0102571
4.729307	0.0085195
4.731663	0.0101856
4.734019	0.0105038
4.736376	0.0089248
4.738733	0.0095908
4.741092	0.0087846
4.743451	0.0084137
4.745810	0.0097373
4.748171	0.0092344
4.750532	0.0093671
4.752894	0.0108317
4.755256	0.0104755
4.757619	0.0080782
4.759983	0.0093827
4.762348	0.0088763
4.764713	0.0102887
4.767079	0.0088483
4.769446	0.0094359
4.771814	0.0109915
4.774182	0.0085599
4.776550	0.0092880
4.778920	0.0099367
4.781290	0.0096017
4.783661	0.0094332
4.786033	0.0096552
4.788405	0.0109686
4.790778	0.0095509
4.793152	0.0099232
4.795526	0.0088600
4.797902	0.0109693
4.800277	0.0097039
4.802654	0.0096171
4.805031	0.0095782
4.807409	0.0093281
4.809788	0.0097928
4.812167	0.0100958
4.814547	0.0101250
4.816928	0.0083398
4.819309	0.0086769
4.821692	0.0104466
4.824075	0.0095841
4.826458	0.0091568
4.828842	0.0091920
4.831227	0.0096929
4.833613	0.0101990
4.835999	0.0101204
4.838387	0.0095196
4.840774	0.0098190
4.843163	0.0098364
4.845552	0.0094109
4.847942	0.0088279
4.850333	0.0090736
4.852724	0.0079084
4.855116	0.0094848
4.857509	0.0095517
4.859902	0.0106033
4.862296	0.0099379
4.864691	0.0087561
4.867086	0.0082171
4.869483	0.0084901
4.871880	0.0102663
4.874277	0.0091230
4.876676	0.0088392
4.879075	0.0092757
4.881474	0.0107322
4.883875	0.0083963
4.886276	0.0097911
4.888678	0.0094752
4.891080	0.0098386
4.893483	0.0096951
4.895887	0.0093873
4.898292	0.0094625
4.900697	0.0097925
4.903103	0.0095098
4.905510	0.0091915
4.907918	0.0099247
4.910326	0.0106456
4.912735	0.0090414
4.915144	0.0088922
4.917555	0.0094500
4.919966	0.0095036
4.922377	0.0094296
4.924790	0.0095154
4.927203	0.0101668
4.929616	0.0088883
4.932031	0.0099329
4.934446	0.0090922
4.936862	0.0097013
4.939279	0.0101941
4.941696	0.0096684
4.944114	0.0095644
4.946533	0.0088556
4.948952	0.0096051
4.951372	0.0102032
4.953793	0.0096349
4.956214	0.0094073
4.958637	0.0100726
4.961060	0.0078476
4.963483	0.0091768
4.965907	0.0096763
4.968332	0.0098534
4.970758	0.0096409
4.973185	0.0098187
4.975612	0.0100306
4.978040	0.0104898
4.980468	0.0105422
4.982897	0.0101735
4.985327	0.0098065
4.987758	0.0095263
4.990189	0.0102534
4.992621	0.0099547
4.995054	0.0094896
4.997488	0.0096945
4.999922	0.0096985
5.002357	0.0092072
5.004792	0.0096117
5.007228	0.0101452
5.009665	0.0080562
5.012103	0.0093816
5.014541	0.0109747
5.016980	0.0103909
5.019420	0.0093722
5.021861	0.0101018
5.024302	0.0083471
5.026744	0.0097868
5.029186	0.0094726
5.031630	0.0096105
5.034074	0.0086444
5.036518	0.0096516
5.038964	0.0096691
5.041410	0.0097701
5.043856	0.0089864
5.046304	0.0099332
5.048752	0.0093513
5.051201	0.0095540
5.053651	0.0082677
5.056101	0.0076140
5.058552	0.0086065
5.061004	0.0103286
5.063456	0.0086835
5.065909	0.0112136
5.068363	0.0096242
5.070818	0.0088085
5.073273	0.0100487
5.075729	0.0092390
5.078185	0.0089725
5.080643	0.0092181
5.083101	0.0101290
5.085559	0.0088819
5.088019	0.0105164
5.090479	0.0100250
5.092940	0.0089885
5.095401	0.0100233
5.097864	0.0095948
5.100327	0.0093210
5.102790	0.0101301
5.105255	0.0094687
5.107720	0.0100407
5.110185	0.0100935
5.112652	0.0089878
5.115119	0.0100224
5.117587	0.0092616
5.120056	0.0093604
5.122525	0.0108942
5.124995	0.0098059
5.127465	0.0087471
5.129937	0.0091425
5.132409	0.0098799
5.134882	0.0084171
5.137355	0.0088537
5.139829	0.0106215
5.142304	0.0096750
5.144780	0.0099520
5.147256	0.0094492
5.149733	0.0096198
5.152211	0.0099115
5.154689	0.0082342
5.157168	0.0099663
5.159648	0.0090716
5.162129	0.0081653
5.164610	0.0096395
5.167092	0.0109281
5.169574	0.0094169
5.172058	0.0109599
5.174542	0.0094906
5.177026	0.0096706
5.179512	0.0096576
5.181998	0.0094391
5.184485	0.0107239
5.186972	0.0083112
5.189461	0.0106805
5.191950	0.0104992
5.194439	0.0094512
5.196930	0.0102410
5.199421	0.0090209
5.201912	0.0096027
5.204405	0.0092593
5.206898	0.0093349
5.209392	0.0088564
5.211886	0.0087121
5.214382	0.0100932
5.216878	0.0103940
5.219374	0.0095834
5.221872	0.0098963
5.224370	0.0094930
5.226868	0.0099232
5.229368	0.0091131
5.231868	0.0092417
5.234369	0.0105075
5.236871	0.0099422
5.239373	0.0099042
5.241876	0.0094949
5.244379	0.0094011
5.246884	0.0095213
5.249389	0.0090902
5.251895	0.0112332
5.254401	0.0093088
5.256908	0.0089316
5.259416	0.0082347
5.261925	0.0105038
5.264434	0.0101076
5.266944	0.0103237
5.269455	0.0086757
5.271966	0.0095636
5.274479	0.0093459
5.276991	0.0107384
5.279505	0.0105077
5.282019	0.0091672
5.284534	0.0096026
5.287050	0.0096453
5.289566	0.0102106
5.292083	0.0088714
5.294601	0.0095570
5.297119	0.0098042
5.299638	0.0100919
5.302158	0.0092437
5.304679	0.0099471
5.307200	0.0089646
5.309722	0.0096224
5.312245	0.0092246
5.314768	0.0106412
5.317292	0.0104427
5.319817	0.0094455
5.322342	0.0108836
5.324868	0.0098377
5.327395	0.0097981
5.329923	0.0101835
5.332451	0.0082956
5.334980	0.0097442
5.337510	0.0098440
5.340040	0.0088633
5.342571	0.0092179
5.345103	0.0084801
5.347636	0.0104479
5.350169	0.0096747
5.352703	0.0092902
5.355237	0.0105040
5.357772	0.0101323
5.360308	0.0100560
5.362845	0.0102321
5.365383	0.0092640
5.367921	0.0092092
5.370460	0.0090796
5.372999	0.0092286
5.375539	0.0101505
5.378080	0.0089931
5.380622	0.0103039
5.383164	0.0110522
5.385707	0.0097250
5.388251	0.0098327
5.390795	0.0094896
5.393340	0.0096872
5.395886	0.0092696
5.398433	0.0094472
5.400980	0.0097344
5.403528	0.0088527
5.406077	0.0099348
5.408626	0.0105494
5.411176	0.0092685
5.413727	0.0092589
5.416278	0.0095197
5.418830	0.0096190
5.421383	0.0103785
5.423937	0.0089630
5.426491	0.0098315
5.429046	0.0099407
5.431602	0.0100692
5.434158	0.0093709
5.436715	0.0091572
5.439273	0.0097390
5.441831	0.0101629
5.444390	0.0097780
5.446950	0.0089497
5.449511	0.0088070
5.452072	0.0101880
5.454634	0.0090554
5.457197	0.0091592
5.459760	0.0097522
5.462324	0.0096497
5.464889	0.0090167
5.467455	0.0098616
5.470021	0.0109156
5.472588	0.0098905
5.475155	0.0093153
5.477724	0.0083758
5.480293	0.0091745
5.482862	0.0099821
5.485433	0.0100382
5.488004	0.0084990
5.490576	0.0092883
5.493148	0.0087411
5.495722	0.0098987
5.498296	0.0099773
5.500870	0.0089207
5.503445	0.0096511
5.506022	0.0091460
5.508598	0.0096912
5.511176	0.0099207
5.513754	0.0106023
5.516333	0.0095882
5.518912	0.0101247
5.521492	0.0091965
5.524073	0.0091672
5.526655	0.0091810
5.529237	0.0091378
5.531820	0.0097114
5.534404	0.0091877
5.536989	0.0097000
5.539574	0.0097930
5.542160	0.0097329
5.544746	0.0096839
5.547334	0.0090494
5.549922	0.0096741
5.552510	0.0098617
5.555100	0.0097307
5.557690	0.0096889
5.560281	0.0101557
5.562872	0.0099974
5.565464	0.0110558
5.568057	0.0100861
5.570651	0.0100359
5.573245	0.0086557
5.575840	0.0096682
5.578436	0.0086907
5.581032	0.0083973
5.583629	0.0099311
5.586227	0.0086751
5.588826	0.0098780
5.591425	0.0098544
5.594025	0.0101754
5.596625	0.0097090
5.599227	0.0107859
5.601829	0.0099659
5.604431	0.0090865
5.607035	0.0116709
5.609639	0.0096286
5.612244	0.0090819
5.614849	0.0092759
5.617456	0.0101980
5.620062	0.0096510
5.622670	0.0097645
5.625278	0.0095280
5.627887	0.0083670
5.630497	0.0107187
5.633108	0.0101191
5.635719	0.0100597
5.638331	0.0092367
5.640943	0.0107351
5.643557	0.0101410
5.646171	0.0097584
5.648785	0.0087811
5.651401	0.0102300
5.654017	0.0091010
5.656633	0.0099595
5.659251	0.0096179
5.661869	0.0094451
5.664488	0.0083138
5.667108	0.0089985
5.669728	0.0088551
5.672349	0.0089925
5.674970	0.0104071
5.677593	0.0109916
5.680216	0.0092730
5.682840	0.0094643
5.685464	0.0096975
5.688089	0.0087586
5.690715	0.0098463
5.693342	0.0099341
5.695969	0.0104439
5.698597	0.0093324
5.701226	0.0096668
5.703855	0.0109762
5.706486	0.0096918
5.709116	0.0098732
5.711748	0.0093910
5.714380	0.0099611
5.717013	0.0097155
5.719647	0.0093447
5.722281	0.0105683
5.724916	0.0091916
5.727552	0.0092235
5.730188	0.0097284
5.732825	0.0092432
5.735463	0.0095850
5.738102	0.0107369
5.740741	0.0090227
5.743381	0.0089683
5.746022	0.0087256
5.748663	0.0089706
5.751305	0.0099415
5.753948	0.0091573
5.756591	0.0097471
5.759235	0.0100947
5.761880	0.0102016
5.764526	0.0097775
5.767172	0.0113889
5.769819	0.0097679
5.772467	0.0096642
5.775115	0.0100298
5.777764	0.0092036
5.780414	0.0092907
5.783065	0.0090752
5.785716	0.0101615
5.788368	0.0085595
5.791020	0.0095751
5.793674	0.0102316
5.796328	0.0093901
5.798982	0.0100067
5.801638	0.0089796
5.804294	0.0089701
5.806951	0.0098050
5.809608	0.0095700
5.812266	0.0093052
5.814925	0.0087985
5.817585	0.0100847
5.820245	0.0083598
5.822906	0.0094309
5.825568	0.0094399
5.828230	0.0086879
5.830894	0.0096197
5.833557	0.0105819
5.836222	0.0082964
5.838887	0.0104738
5.841553	0.0100944
5.844220	0.0102168
5.846887	0.0096092
5.849555	0.0087990
5.852224	0.0087389
5.854893	0.0109202
5.857564	0.0087966
5.860234	0.0098033
5.862906	0.0095127
5.865578	0.0086062
5.868251	0.0096832
5.870925	0.0093763
5.873599	0.0090597
5.876274	0.0089296
5.878950	0.0087502
5.881627	0.0102854
5.884304	0.0094604
5.886982	0.0100609
5.889660	0.0104938
5.892340	0.0109052
5.895019	0.0102029
5.897700	0.0101464
5.900382	0.0097420
5.903064	0.0099345
5.905746	0.0098033
5.908430	0.0101781
5.911114	0.0092001
5.913799	0.0105816
5.916485	0.0097953
5.919171	0.0089311
5.921858	0.0102071
5.924546	0.0103577
5.927234	0.0085487
5.929923	0.0097468
5.932613	0.0097162
5.935304	0.0100562
5.937995	0.0109307
5.940687	0.0107475
5.943379	0.0083112
5.946073	0.0091575
5.948767	0.0096530
5.951462	0.0097045
5.954157	0.0112225
5.956853	0.0100732
5.959550	0.0101323
5.962248	0.0092148
5.964946	0.0099344
5.967645	0.0104622
5.970344	0.0104727
5.973045	0.0096322
5.975746	0.0086155
5.978448	0.0096607
5.981150	0.0096589
5.983853	0.0087103
5.986557	0.0104113
5.989262	0.0104482
5.991967	0.0089136
5.994673	0.0112138
5.997380	0.0107923
6.000087	0.0091208
6.002795	0.0098159
6.005504	0.0088927
6.008213	0.0096883
6.010924	0.0083400
6.013634	0.0092430
6.016346	0.0103612
6.019058	0.0108831
6.021771	0.0098122
6.024485	0.0089404
6.027200	0.0097075
6.029915	0.0097496
6.032630	0.0090999
6.035347	0.0098180
6.038064	0.0086565
6.040782	0.0102214
6.043501	0.0095796
6.046220	0.0094678
6.048940	0.0091891
6.051661	0.0098889
6.054382	0.0097554
6.057104	0.0097540
6.059827	0.0101044
6.062551	0.0097675
6.065275	0.0096776
6.068000	0.0084324
6.070726	0.0097779
6.073452	0.0101960
6.076179	0.0098101
6.078907	0.0097654
6.081635	0.0096229
6.084364	0.0090459
6.087094	0.0099580
6.089825	0.0099647
6.092556	0.0102547
6.095288	0.0097990
6.098021	0.0109091
6.100754	0.0094606
6.103488	0.0104070
6.106223	0.0103241
6.108958	0.0094682
6.111695	0.0101065
6.114431	0.0109502
6.117169	0.0104018
6.119907	0.0101352
6.122646	0.0103640
6.125386	0.0100884
6.128126	0.0094360
6.130868	0.0093245
6.133609	0.0094588
6.136352	0.0099353
6.139095	0.0094559
6.141839	0.0093424
6.144584	0.0098515
6.147329	0.0095947
6.150075	0.0103137
6.152822	0.0092149
6.155569	0.0103030
6.158317	0.0108740
6.161066	0.0102368
6.163816	0.0103289
6.166566	0.0094359
6.169317	0.0092978
6.172068	0.0094842
6.174821	0.0104555
6.177574	0.0092206
6.180327	0.0104289
6.183082	0.0089106
6.185837	0.0094405
6.188593	0.0094277
6.191349	0.0101347
6.194107	0.0109645
6.196865	0.0097308
6.199623	0.0092340
6.202383	0.0116535
6.205143	0.0100232
6.207903	0.0099187
6.210665	0.0095287
6.213427	0.0105334
6.216190	0.0089815
6.218954	0.0090634
6.221718	0.0093562
6.224483	0.0093247
6.227249	0.0098300
6.230015	0.0093008
6.232782	0.0099097
6.235550	0.0089247
6.238318	0.0106804
6.241087	0.0085996
6.243857	0.0088139
6.246628	0.0110657
6.249399	0.0090860
6.252171	0.0099320
6.254944	0.0102012
6.257717	0.0104220
6.260492	0.0102417
6.263266	0.0104985
6.266042	0.0095104
6.268818	0.0095712
6.271595	0.0099686
6.274373	0.0098251
6.277151	0.0095285
6.279930	0.0088677
6.282710	0.0104175
6.285490	0.0095938
6.288271	0.0097706
6.291053	0.0103495
6.293836	0.0094361
6.296619	0.0108361
6.299403	0.0106344
6.302188	0.0107826
6.304973	0.0103001
6.307759	0.0102562
6.310546	0.0091801
6.313333	0.0103742
6.316121	0.0092333
6.318910	0.0090245
6.321700	0.0082786
6.324490	0.0100121
6.327281	0.0088490
6.330073	0.0104418
6.332865	0.0090362
6.335658	0.0100007
6.338452	0.0094368
6.341246	0.0105164
6.344042	0.0094002
6.346837	0.0102350
6.349634	0.0107391
6.352431	0.0111597
6.355229	0.0090955
6.358028	0.0088598
6.360827	0.0100916
6.363627	0.0085827
6.366428	0.0098091
6.369230	0.0095950
6.372032	0.0088162
6.374835	0.0105270
6.377639	0.0095482
6.380443	0.0101925
6.383248	0.0089387
6.386054	0.0093442
6.388860	0.0099257
6.391667	0.0097351
6.394475	0.0105126
6.397283	0.0103080
6.400093	0.0103530
6.402903	0.0095746
6.405713	0.0099562
6.408525	0.0085924
6.411337	0.0102552
6.414149	0.0093823
6.416963	0.0100113
6.419777	0.0102794
6.422592	0.0095791
6.425407	0.0093573
6.428224	0.0093720
6.431041	0.0087790
6.433858	0.0090808
6.436677	0.0107082
6.439496	0.0090651
6.442316	0.0094722
6.445136	0.0088181
6.447957	0.0090914
6.450779	0.0095888
6.453602	0.0105551
6.456425	0.0102420
6.459249	0.0084615
6.462074	0.0089534
6.464899	0.0098420
6.467725	0.0102140
6.470552	0.0087676
6.473379	0.0093528
6.476208	0.0087800
6.479036	0.0084886
6.481866	0.0093418
6.484696	0.0090116
6.487527	0.0099020
6.490359	0.0100641
6.493191	0.0100088
6.496025	0.0100618
6.498858	0.0089697
6.501693	0.0087754
6.504528	0.0085109
6.507364	0.0090116
6.510201	0.0110436
6.513038	0.0099461
6.515876	0.0103251
6.518715	0.0097670
6.521554	0.0102844
6.524394	0.0105671
6.527235	0.0089371
6.530077	0.0103674
6.532919	0.0099679
6.535762	0.0094144
6.538606	0.0095063
6.541450	0.0082917
6.544295	0.0090310
6.547141	0.0093905
6.549987	0.0098466
6.552834	0.0103832
6.555682	0.0093029
6.558531	0.0092112
6.561380	0.0098836
6.564230	0.0102438
6.567081	0.0099810
6.569932	0.0092841
6.572784	0.0088169
6.575637	0.0094357
6.578490	0.0090118
6.581345	0.0103297
6.584200	0.0107080
6.587055	0.0089366
6.589911	0.0107782
6.592768	0.0115027
6.595626	0.0089602
6.598484	0.0097319
6.601344	0.0106207
6.604203	0.0098505
6.607064	0.0106791
6.609925	0.0086865
6.612787	0.0111638
6.615650	0.0097281
6.618513	0.0105988
6.621377	0.0111135
6.624242	0.0108609
6.627107	0.0094402
6.629973	0.0081908
6.632840	0.0089664
6.635708	0.0095540
6.638576	0.0096461
6.641445	0.0099088
6.644314	0.0090852
6.647185	0.0095380
6.650056	0.0109017
6.652928	0.0093839
6.655800	0.0102902
6.658673	0.0087549
6.661547	0.0083488
6.664422	0.0106358
6.667297	0.0104678
6.670173	0.0090826
6.673049	0.0090319
6.675927	0.0092711
6.678805	0.0097142
6.681684	0.0093114
6.684563	0.0105636
6.687443	0.0092752
6.690324	0.0095495
6.693206	0.0099691
6.696088	0.0105769
6.698971	0.0091233
6.701855	0.0101527
6.704739	0.0096830
6.707624	0.0090820
6.710510	0.0100190
6.713396	0.0109817
6.716284	0.0096300
6.719172	0.0090795
6.722060	0.0091846
6.724949	0.0090385
6.727840	0.0097808
6.730730	0.0092447
6.733622	0.0106845
6.736514	0.0098617
6.739407	0.0098727
6.742300	0.0098362
6.745194	0.0108319
6.748089	0.0091575
6.750985	0.0109584
6.753881	0.0100359
6.756778	0.0097487
6.759676	0.0090312
6.762574	0.0099015
6.765474	0.0099438
6.768373	0.0104399
6.771274	0.0087881
6.774175	0.0095343
6.777077	0.0103249
6.779980	0.0096435
6.782883	0.0095396
6.785787	0.0096472
6.788692	0.0097775
6.791597	0.0088467
6.794504	0.0094957
6.797410	0.0095630
6.800318	0.0100537
6.803226	0.0098607
6.806135	0.0105947
6.809045	0.0100184
6.811955	0.0097841
6.814866	0.0092585
6.817778	0.0094028
6.820691	0.0098072
6.823604	0.0107698
6.826518	0.0104924
6.829432	0.0093235
6.832348	0.0095859
6.835264	0.0088339
6.838180	0.0106256
6.841098	0.0095333
6.844016	0.0086333
6.846935	0.0095075
6.849854	0.0104432
6.852774	0.0097387
6.855695	0.0100417
6.858617	0.0092245
6.861539	0.0088978
6.864462	0.0092460
6.867386	0.0102764
6.870310	0.0101706
6.873236	0.0098184
6.876161	0.0108048
6.879088	0.0093587
6.882015	0.0104012
6.884943	0.0088716
6.887872	0.0107038
6.890801	0.0103440
6.893731	0.0114403
6.896662	0.0095631
6.899593	0.0101682
6.902525	0.0094096
6.905458	0.0100873
6.908392	0.0102412
6.911326	0.0100486
6.914261	0.0105355
6.917197	0.0090962
6.920133	0.0100428
6.923070	0.0091248
6.926008	0.0098885
6.928946	0.0083102
6.931886	0.0101282
6.934825	0.0097646
6.937766	0.0100181
6.940707	0.0091130
6.943649	0.0096376
6.946592	0.0084404
6.949535	0.0096367
6.952479	0.0078303
6.955424	0.0090467
6.958370	0.0099036
6.961316	0.0105568
6.964263	0.0097900
6.967210	0.0098280
6.970159	0.0091410
6.973108	0.0094789
6.976058	0.0103523
6.979008	0.0102208
6.981959	0.0098470
6.984911	0.0095030
6.987863	0.0105442
6.990817	0.0095149
6.993771	0.0100728
6.996725	0.0086095
6.999681	0.0109216
7.002637	0.0101184
7.005593	0.0095690
7.008551	0.0094061
7.011509	0.0098742
7.014468	0.0097614
7.017427	0.0102363
7.020388	0.0107479
7.023348	0.0089287
7.026310	0.0100150
7.029272	0.0094967
7.032236	0.0100908
7.035199	0.0103298
7.038164	0.0104104
7.041129	0.0092860
7.044095	0.0101614
7.047061	0.0094532
7.050029	0.0107006
7.052997	0.0101492
7.055965	0.0106229
7.058935	0.0094252
7.061905	0.0096599
7.064876	0.0090604
7.067847	0.0101134
7.070819	0.0096153
7.073792	0.0101259
7.076766	0.0094226
7.079740	0.0093200
7.082715	0.0099646
7.085691	0.0090897
7.088667	0.0103460
7.091644	0.0088722
7.094622	0.0090392
7.097601	0.0105751
7.100580	0.0098116
7.103560	0.0089000
7.106540	0.0101224
7.109522	0.0100638
7.112504	0.0107656
7.115486	0.0107377
7.118470	0.0097075
7.121454	0.0104462
7.124439	0.0098502
7.127424	0.0091595
7.130410	0.0100503
7.133397	0.0092846
7.136385	0.0101488
7.139373	0.0103996
7.142362	0.0099438
7.145352	0.0103261
7.148343	0.0092680
7.151334	0.0104639
7.154326	0.0103780
7.157318	0.0094029
7.160312	0.0109513
7.163305	0.0091962
7.166300	0.0097782
7.169295	0.0092053
7.172292	0.0097368
7.175288	0.0088896
7.178286	0.0093000
7.181284	0.0097163
7.184283	0.0100203
7.187282	0.0096819
7.190283	0.0099490
7.193284	0.0100832
7.196285	0.0087759
7.199288	0.0095108
7.202291	0.0105611
7.205295	0.0101817
7.208299	0.0096406
7.211304	0.0107653
7.214310	0.0097541
7.217317	0.0086161
7.220324	0.0104394
7.223332	0.0094103
7.226341	0.0102991
7.229350	0.0099282
7.232360	0.0091881
7.235371	0.0098405
7.238383	0.0104648
7.241395	0.0109466
7.244408	0.0090862
7.247422	0.0092100
7.250436	0.0096292
7.253451	0.0085908
7.256467	0.0094204
7.259483	0.0095893
7.262500	0.0097339
7.265518	0.0096981
7.268537	0.0088794
7.271556	0.0105864
7.274576	0.0092711
7.277597	0.0091843
7.280618	0.0103145
7.283640	0.0102309
7.286663	0.0096416
7.289686	0.0119549
7.292710	0.0080526
7.295735	0.0098521
7.298761	0.0093257
7.301787	0.0083972
7.304814	0.0101572
7.307842	0.0096160
7.310870	0.0096859
7.313899	0.0105001
7.316929	0.0102107
7.319960	0.0102949
7.322991	0.0101024
7.326023	0.0095490
7.329055	0.0103414
7.332088	0.0087723
7.335122	0.0096635
7.338157	0.0090554
7.341193	0.0105821
7.344229	0.0094468
7.347266	0.0095250
7.350303	0.0094102
7.353341	0.0100775
7.356380	0.0101091
7.359420	0.0101891
7.362460	0.0105983
7.365501	0.0095636
7.368543	0.0088708
7.371585	0.0097896
7.374628	0.0097445
7.377672	0.0106094
7.380717	0.0101435
7.383762	0.0095852
7.386808	0.0087568
7.389855	0.0095973
7.392902	0.0105816
7.395950	0.0096103
7.398999	0.0100285
7.402048	0.0088820
7.405098	0.0081570
7.408149	0.0082185
7.411201	0.0101179
7.414253	0.0087579
7.417306	0.0089197
7.420360	0.0101466
7.423414	0.0107016
7.426469	0.0109486
7.429525	0.0090192
7.432581	0.0108678
7.435639	0.0100784
7.438696	0.0103387
7.441755	0.0104943
7.444814	0.0093617
7.447874	0.0103701
7.450935	0.0109755
7.453996	0.0101258
7.457058	0.0105414
7.460121	0.0095180
7.463185	0.0101461
7.466249	0.0095336
7.469314	0.0082378
7.472380	0.0100356
7.475446	0.0084490
7.478513	0.0098991
7.481581	0.0105081
7.484649	0.0107138
7.487718	0.0098406
7.490788	0.0091594
7.493858	0.0109062
7.496930	0.0095353
7.500002	0.0096254
7.503074	0.0102059
7.506148	0.0103771
7.509222	0.0097988
7.512296	0.0097600
7.515372	0.0100149
7.518448	0.0097351
7.521525	0.0099271
7.524602	0.0106091
7.527681	0.0091869
7.530760	0.0104671
7.533839	0.0091999
7.536920	0.0097974
7.540001	0.0085199
7.543082	0.0097952
7.546165	0.0097746
7.549248	0.0095040
7.552332	0.0092678
7.555416	0.0097179
7.558502	0.0098692
7.561588	0.0089952
7.564674	0.0103858
7.567762	0.0097419
7.570850	0.0108225
7.573939	0.0097087
7.577028	0.0099393
7.580118	0.0100222
7.583209	0.0101255
7.586301	0.0103953
7.589393	0.0079632
7.592486	0.0098519
7.595580	0.0107896
7.598674	0.0089104
7.601769	0.0089968
7.604865	0.0090939
7.607962	0.0089545
7.611059	0.0099790
7.614157	0.0090561
7.617255	0.0107358
7.620355	0.0085446
7.623455	0.0103280
7.626556	0.0100791
7.629657	0.0097757
7.632759	0.0095830
7.635862	0.0102454
7.638965	0.0093979
7.642070	0.0089865
7.645175	0.0098616
7.648280	0.0101472
7.651387	0.0106539
7.654494	0.0091331
7.657601	0.0092515
7.660710	0.0116674
7.663819	0.0090711
7.666929	0.0086919
7.670039	0.0095369
7.673151	0.0091641
7.676263	0.0093252
7.679375	0.0101225
7.682489	0.0096410
7.685603	0.0095764
7.688718	0.0099317
7.691833	0.0099957
7.694949	0.0104083
7.698066	0.0092358
7.701184	0.0111837
7.704302	0.0099216
7.707421	0.0093483
7.710541	0.0100460
7.713661	0.0097542
7.716782	0.0085903
7.719904	0.0105855
7.723026	0.0109497
7.726150	0.0103028
7.729274	0.0100390
7.732398	0.0099796
7.735524	0.0104481
7.738650	0.0098450
7.741776	0.0104413
7.744904	0.0095988
7.748032	0.0112879
7.751161	0.0101143
7.754290	0.0094135
7.757420	0.0097211
7.760551	0.0101835
7.763683	0.0104786
7.766815	0.0095493
7.769948	0.0096088
7.773082	0.0079756
7.776217	0.0092316
7.779352	0.0095896
7.782488	0.0099904
7.785624	0.0091927
7.788761	0.0102223
7.791899	0.0098005
7.795038	0.0098257
7.798177	0.0094793
7.801317	0.0086358
7.804458	0.0099219
7.807600	0.0105773
7.810742	0.0094905
7.813885	0.0096770
7.817028	0.0087020
7.820172	0.0094421
7.823317	0.0101697
7.826463	0.0092793
7.829610	0.0094589
7.832757	0.0098910
7.835904	0.0090210
7.839053	0.0089946
7.842202	0.0097215
7.845352	0.0097567
7.848503	0.0107434
7.851654	0.0095578
7.854806	0.0093422
7.857959	0.0109294
7.861112	0.0101404
7.864266	0.0099490
7.867421	0.0097584
7.870576	0.0109005
7.873733	0.0092194
7.876890	0.0091182
7.880047	0.0096761
7.883206	0.0099432
7.886365	0.0089861
7.889524	0.0089750
7.892685	0.0101957
7.895846	0.0099772
7.899008	0.0101859
7.902170	0.0100857
7.905333	0.0112027
7.908497	0.0105261
7.911662	0.0092573
7.914827	0.0104128
7.917993	0.0103532
7.921160	0.0099462
7.924328	0.0100668
7.927496	0.0086855
7.930665	0.0099884
7.933834	0.0098589
7.937005	0.0090740
7.940175	0.0086748
7.943347	0.0097777
7.946520	0.0103524
7.949693	0.0102790
7.952866	0.0099010
7.956041	0.0105465
7.959216	0.0099302
7.962392	0.0094074
7.965569	0.0103809
7.968746	0.0095139
7.971924	0.0096701
7.975103	0.0095234
7.978282	0.0091866
7.981462	0.0096698
7.984643	0.0091661
7.987824	0.0096783
7.991007	0.0089698
7.994189	0.0095015
7.997373	0.0094141
8.000557	0.0096312
8.003742	0.0105249
8.006928	0.0104447
8.010115	0.0092833
8.013302	0.0104395
8.016489	0.0093975
8.019678	0.0107029
8.022867	0.0088902
8.026057	0.0089870
8.029248	0.0099034
8.032439	0.0088857
8.035631	0.0090111
8.038824	0.0086692
8.042017	0.0093850
8.045212	0.0099183
8.048406	0.0096252
8.051602	0.0094794
8.054798	0.0090113
8.057995	0.0096345
8.061193	0.0095737
8.064391	0.0091731
8.067590	0.0089907
8.070790	0.0099663
8.073990	0.0090882
8.077192	0.0095686
8.080394	0.0104224
8.083596	0.0102364
8.086799	0.0104333
8.090003	0.0097044
8.093208	0.0081485
8.096413	0.0092167
8.099620	0.0106369
8.102826	0.0109356
8.106034	0.0106187
8.109242	0.0100034
8.112451	0.0094538
8.115660	0.0104461
8.118871	0.0102878
8.122082	0.0100180
8.125293	0.0112697
8.128506	0.0095431
8.131719	0.0089163
8.134933	0.0094476
8.138147	0.0091478
8.141363	0.0095693
8.144578	0.0095960
8.147795	0.0097925
8.151012	0.0097535
8.154230	0.0100617
8.157449	0.0097652
8.160669	0.0097262
8.163889	0.0101142
8.167110	0.0096064
8.170331	0.0099465
8.173553	0.0104231
8.176776	0.0111090
8.180000	0.0102823
8.183224	0.0100557
8.186449	0.0101780
8.189675	0.0094280
8.192902	0.0097193
8.196129	0.0099010
8.199357	0.0098165
8.202585	0.0089788
8.205814	0.0098030
8.209044	0.0102886
8.212275	0.0096090
8.215506	0.0099163
8.218739	0.0100138
8.221971	0.0099852
8.225205	0.0096775
8.228439	0.0095211
8.231674	0.0095572
8.234909	0.0092975
8.238146	0.0090174
8.241383	0.0106864
8.244620	0.0102874
8.247859	0.0082834
8.251098	0.0102288
8.254338	0.0084852
8.257578	0.0092339
8.260820	0.0110880
8.264061	0.0094893
8.267304	0.0099997
8.270547	0.0098377
8.273791	0.0093883
8.277036	0.0096632
8.280282	0.0094342
8.283528	0.0100912
8.286774	0.0105383
8.290022	0.0099269
8.293270	0.0090218
8.296519	0.0091320
8.299769	0.0085664
8.303019	0.0093156
8.306270	0.0087977
8.309522	0.0098068
8.312774	0.0105732
8.316028	0.0094390
8.319281	0.0096559
8.322536	0.0091313
8.325791	0.0090126
8.329047	0.0096338
8.332304	0.0098982
8.335561	0.0094689
8.338819	0.0089610
8.342078	0.0100524
8.345337	0.0111870
8.348598	0.0092417
8.351859	0.0104748
8.355120	0.0106343
8.358382	0.0096451
8.361645	0.0091127
8.364909	0.0099975
8.368173	0.0096645
8.371439	0.0111829
8.374704	0.0100427
8.377971	0.0110511
8.381238	0.0099745
8.384506	0.0092656
8.387775	0.0087801
8.391044	0.0090111
8.394314	0.0097887
8.397585	0.0100641
8.400856	0.0094882
8.404128	0.0093370
8.407401	0.0089047
8.410674	0.0090839
8.413949	0.0102541
8.417224	0.0100899
8.420499	0.0097980
8.423775	0.0092594
8.427053	0.0096224
8.430330	0.0094418
8.433609	0.0084190
8.436888	0.0093943
8.440168	0.0098863
8.443448	0.0108209
8.446729	0.0115859
8.450011	0.0089126
8.453294	0.0099515
8.456577	0.0102317
8.459861	0.0107356
8.463146	0.0112990
8.466432	0.0093278
8.469718	0.0095110
8.473005	0.0105796
8.476292	0.0087327
8.479581	0.0109733
8.482870	0.0095327
8.486159	0.0092773
8.489450	0.0084248
8.492741	0.0100785
8.496032	0.0099556
8.499325	0.0090194
8.502618	0.0092818
8.505912	0.0095954
8.509207	0.0104245
8.512502	0.0097007
8.515798	0.0092465
8.519095	0.0095873
8.522392	0.0092497
8.525690	0.0107378
8.528989	0.0092880
8.532288	0.0089947
8.535589	0.0105289
8.538890	0.0098281
8.542191	0.0099345
8.545493	0.0098266
8.548796	0.0101797
8.552100	0.0095222
8.555405	0.0107245
8.558710	0.0110637
8.562016	0.0096386
8.565322	0.0107498
8.568629	0.0101934
8.571937	0.0096532
8.575246	0.0094494
8.578555	0.0093350
8.581865	0.0098573
8.585176	0.0091911
8.588487	0.0096039
8.591800	0.0093987
8.595113	0.0097035
8.598426	0.0090809
8.601740	0.0101471
8.605055	0.0103456
8.608371	0.0081337
8.611687	0.0100236
8.615004	0.0101139
8.618322	0.0106368
8.621641	0.0092727
8.624960	0.0089424
8.628280	0.0100877
8.631600	0.0101465
8.634922	0.0083716
8.638244	0.0092158
8.641566	0.0089654
8.644890	0.0101444
8.648214	0.0095851
8.651538	0.0092928
8.654864	0.0088661
8.658190	0.0091932
8.661517	0.0088629
8.664845	0.0098480
8.668173	0.0087032
8.671502	0.0092512
8.674832	0.0094037
8.678162	0.0090984
8.681493	0.0094232
8.684825	0.0097740
8.688158	0.0097444
8.691491	0.0092644
8.694825	0.0100768
8.698159	0.0091862
8.701495	0.0099748
8.704831	0.0096379
8.708167	0.0105311
8.711505	0.0088146
8.714843	0.0101349
8.718182	0.0101970
8.721521	0.0091127
8.724862	0.0093365
8.728203	0.0090048
8.731544	0.0104734
8.734887	0.0095157
8.738230	0.0097449
8.741573	0.0102405
8.744918	0.0105584
8.748263	0.0090260
8.751609	0.0089992
8.754955	0.0095277
8.758303	0.0114488
8.761651	0.0106268
8.764999	0.0093600
8.768349	0.0088046
8.771699	0.0096838
8.775050	0.0100999
8.778401	0.0088248
8.781753	0.0100176
8.785106	0.0107178
8.788460	0.0099554
8.791814	0.0099040
8.795169	0.0083447
8.798525	0.0119785
8.801881	0.0103024
8.805238	0.0104237
8.808596	0.0103512
8.811955	0.0104834
8.815314	0.0099705
8.818674	0.0096227
8.822034	0.0095258
8.825396	0.0091423
8.828758	0.0096847
8.832120	0.0097348
8.835484	0.0098887
8.838848	0.0105483
8.842213	0.0114902
8.845578	0.0093116
8.848945	0.0101594
8.852312	0.0095692
8.855679	0.0086852
8.859048	0.0084083
8.862417	0.0088174
8.865786	0.0096527
8.869157	0.0096161
8.872528	0.0098572
8.875900	0.0095400
8.879272	0.0105025
8.882646	0.0106053
8.886020	0.0106029
8.889394	0.0107146
8.892770	0.0100968
8.896146	0.0097200
8.899522	0.0098702
8.902900	0.0101986
8.906278	0.0093218
8.909657	0.0094302
8.913037	0.0100328
8.916417	0.0101158
8.919798	0.0094015
8.923180	0.0104154
8.926562	0.0099909
8.929945	0.0108041
8.933329	0.0111131
8.936713	0.0094170
8.940098	0.0095060
8.943484	0.0096276
8.946871	0.0109368
8.950258	0.0097098
8.953646	0.0109692
8.957035	0.0099437
8.960424	0.0100094
8.963815	0.0079865
8.967205	0.0089993
8.970597	0.0110216
8.973989	0.0105511
8.977382	0.0091879
8.980776	0.0099400
8.984170	0.0085981
8.987565	0.0091277
8.990961	0.0100751
8.994357	0.0089339
8.997754	0.0100453
9.001152	0.0109678
9.004551	0.0100661
9.007950	0.0109286
9.011350	0.0092346
9.014751	0.0094393
9.018152	0.0102607
9.021554	0.0097430
9.024957	0.0099131
9.028360	0.0101331
9.031764	0.0106618
9.035169	0.0097775
9.038575	0.0085656
9.041981	0.0109935
9.045388	0.0106847
9.048796	0.0095660
9.052204	0.0087809
9.055613	0.0097034
9.059023	0.0104787
9.062434	0.0098622
9.065845	0.0090655
9.069257	0.0090825
9.072669	0.0096222
9.076082	0.0106192
9.079496	0.0101001
9.082911	0.0091633
9.086327	0.0083487
9.089743	0.0095659
9.093160	0.0100138
9.096577	0.0099599
9.099995	0.0092054
9.103414	0.0100204
9.106834	0.0101207
9.110254	0.0108140
9.113675	0.0096921
9.117097	0.0098987
9.120519	0.0097167
9.123942	0.0096481
9.127366	0.0099305
9.130791	0.0089037
9.134216	0.0102294
9.137642	0.0094540
9.141069	0.0098128
9.144496	0.0098356
9.147924	0.0087749
9.151353	0.0085097
9.154782	0.0104247
9.158212	0.0095833
9.161643	0.0106791
9.165075	0.0085186
9.168507	0.0099271
9.171940	0.0108277
9.175374	0.0109031
9.178808	0.0095866
9.182243	0.0105852
9.185679	0.0102809
9.189115	0.0090003
9.192552	0.0106191
9.195990	0.0088006
9.199429	0.0088332
9.202868	0.0088650
9.206308	0.0108065
9.209749	0.0095951
9.213190	0.0106114
9.216632	0.0099291
9.220075	0.0095890
9.223519	0.0096321
9.226963	0.0097188
9.230408	0.0100783
9.233853	0.0099340
9.237300	0.0102609
9.240747	0.0087502
9.244194	0.0097537
9.247643	0.0097636
9.251092	0.0102013
9.254542	0.0090294
9.257992	0.0099511
9.261444	0.0112695
9.264896	0.0108489
9.268348	0.0105003
9.271801	0.0106863
9.275256	0.0097927
9.278710	0.0088619
9.282166	0.0098754
9.285622	0.0095475
9.289079	0.0090229
9.292536	0.0088257
9.295994	0.0107965
9.299453	0.0101793
9.302913	0.0099902
9.306373	0.0108214
9.309834	0.0103215
9.313296	0.0088933
9.316759	0.0097637
9.320222	0.0095128
9.323686	0.0098630
9.327150	0.0097684
9.330616	0.0094475
9.334082	0.0091053
9.337548	0.0091976
9.341016	0.0102422
9.344484	0.0100462
9.347953	0.0095875
9.351422	0.0108310
9.354892	0.0104207
9.358363	0.0103487
9.361835	0.0089973
9.365307	0.0108518
9.368780	0.0109976
9.372254	0.0103278
9.375728	0.0107524
9.379203	0.0103554
9.382679	0.0094800
9.386156	0.0092571
9.389633	0.0092660
9.393111	0.0093610
9.396589	0.0103501
9.400069	0.0094675
9.403549	0.0095240
9.407029	0.0102740
9.410511	0.0099461
9.413993	0.0095624
9.417476	0.0100160
9.420959	0.0097459
9.424444	0.0097169
9.427928	0.0096798
9.431414	0.0089501
9.434900	0.0102819
9.438388	0.0084502
9.441875	0.0106770
9.445364	0.0082813
9.448853	0.0091932
9.452343	0.0099279
9.455833	0.0099475
9.459325	0.0095619
9.462817	0.0091913
9.466309	0.0091215
9.469803	0.0090955
9.473297	0.0105942
9.476791	0.0112304
9.480287	0.0112564
9.483783	0.0091480
9.487280	0.0098397
9.490778	0.0101082
9.494276	0.0090009
9.497775	0.0106896
9.501274	0.0085469
9.504775	0.0095663
9.508276	0.0099385
9.511778	0.0106284
9.515280	0.0103310
9.518783	0.0092247
9.522287	0.0104076
9.525792	0.0098932
9.529297	0.0101339
9.532803	0.0102708
9.536310	0.0101475
9.539817	0.0096964
9.543326	0.0100123
9.546834	0.0103830
9.550344	0.0100881
9.553854	0.0091949
9.557365	0.0101475
9.560877	0.0104307
9.564389	0.0107320
9.567902	0.0097401
9.571416	0.0103814
9.574930	0.0105850
9.578445	0.0100123
9.581961	0.0095073
9.585478	0.0107232
9.588995	0.0100237
9.592513	0.0102671
9.596032	0.0096348
9.599551	0.0089287
9.603071	0.0096492
9.606592	0.0093353
9.610113	0.0098600
9.613635	0.0101070
9.617158	0.0094103
9.620682	0.0094248
9.624206	0.0093903
9.627731	0.0096913
9.631257	0.0105048
9.634783	0.0095378
9.638310	0.0092623
9.641838	0.0088173
9.645367	0.0103585
9.648896	0.0101551
9.652426	0.0106492
9.655956	0.0097312
9.659488	0.0088938
9.663020	0.0093802
9.666552	0.0096689
9.670086	0.0107318
9.673620	0.0097964
9.677155	0.0094112
9.680690	0.0097223
9.684226	0.0097407
9.687763	0.0104128
9.691301	0.0101191
9.694839	0.0105816
9.698378	0.0104973
9.701918	0.0090980
9.705458	0.0083442
9.709000	0.0102224
9.712541	0.0094973
9.716084	0.0102582
9.719627	0.0100362
9.723171	0.0119478
9.726716	0.0104297
9.730261	0.0100313
9.733807	0.0104443
9.737354	0.0101392
9.740901	0.0104122
9.744450	0.0108640
9.747998	0.0107123
9.751548	0.0096456
9.755098	0.0105172
9.758649	0.0094437
9.762201	0.0101426
9.765753	0.0103359
9.769306	0.0103117
9.772860	0.0105229
9.776415	0.0106372
9.779970	0.0093362
9.783526	0.0096675
9.787082	0.0104188
9.790640	0.0101182
9.794197	0.0097893
9.797756	0.0103090
9.801316	0.0081771
9.804876	0.0098012
9.808436	0.0092987
9.811998	0.0101162
9.815560	0.0102953
9.819123	0.0106487
9.822687	0.0091267
9.826251	0.0091707
9.829816	0.0108845
9.833382	0.0099002
9.836948	0.0090702
9.840515	0.0088477
9.844083	0.0107346
9.847652	0.0093186
9.851221	0.0098752
9.854791	0.0100515
9.858361	0.0097253
9.861933	0.0101307
9.865505	0.0108978
9.869078	0.0091404
9.872651	0.0103447
9.876225	0.0105591
9.879800	0.0112518
9.883376	0.0095312
9.886952	0.0099999
9.890529	0.0101503
9.894106	0.0094927
9.897685	0.0097197
9.901264	0.0087313
9.904844	0.0092517
9.908424	0.0102540
9.912005	0.0092213
9.915587	0.0099673
9.919170	0.0096085
9.922753	0.0094056
9.926337	0.0093540
9.929922	0.0091611
9.933507	0.0108882
9.937093	0.0099691
9.940680	0.0095760
9.944267	0.0092966
9.947856	0.0093967
9.951444	0.0100522
9.955034	0.0091008
9.958624	0.0100575
9.962215	0.0103511
9.965807	0.0100994
9.969400	0.0106302
9.972993	0.0096475
9.976586	0.0098996
9.980181	0.0100292
9.983776	0.0087610
9.987372	0.0100939
9.990969	0.0088227
9.994566	0.0104489
9.998164	0.0095364
10.001763	0.0106968
10.005362	0.0107302
10.008962	0.0098644
10.012563	0.0110730
10.016165	0.0090532
10.019767	0.0098096
10.023370	0.0105762
10.026974	0.0089957
10.030578	0.0099581
10.034183	0.0104369
10.037789	0.0121189
10.041395	0.0106376
10.045002	0.0098773
10.048610	0.0091560
10.052219	0.0096680
10.055828	0.0098353
10.059438	0.0100233
10.063049	0.0102048
10.066660	0.0092357
10.070272	0.0104048
10.073885	0.0109273
10.077498	0.0104349
10.081113	0.0102001
10.084727	0.0094499
10.088343	0.0099786
10.091959	0.0113613
10.095576	0.0097367
10.099194	0.0093709
10.102812	0.0093737
10.106432	0.0104000
10.110051	0.0081749
10.113672	0.0093192
10.117293	0.0102759
10.120915	0.0090308
10.124538	0.0093114
10.128161	0.0090602
10.131785	0.0087682
10.135410	0.0095839
10.139035	0.0089858
10.142661	0.0100598
10.146288	0.0106112
10.149916	0.0093310
10.153544	0.0100960
10.157173	0.0092431
10.160802	0.0103742
10.164433	0.0096480
10.168064	0.0092721
10.171695	0.0104258
10.175328	0.0109446
10.178961	0.0102471
10.182595	0.0100013
10.186229	0.0098087
10.189865	0.0095097
10.193501	0.0111004
10.197137	0.0110747
10.200775	0.0099067
10.204413	0.0101951
10.208051	0.0099854
10.211691	0.0097249
10.215331	0.0095669
10.218972	0.0094834
10.222614	0.0106289
10.226256	0.0092352
10.229899	0.0102714
10.233543	0.0114118
10.237187	0.0103491
10.240832	0.0094699
10.244478	0.0102420
10.248124	0.0101524
10.251771	0.0090382
10.255419	0.0104649
10.259068	0.0091698
10.262717	0.0099426
10.266367	0.0111162
10.270018	0.0098271
10.273669	0.0092957
10.277322	0.0106606
10.280974	0.0101297
10.284628	0.0090746
10.288282	0.0085254
10.291937	0.0102336
10.295593	0.0083713
10.299249	0.0098243
10.302906	0.0091791
10.306564	0.0087954
10.310222	0.0093275
10.313881	0.0110793
10.317541	0.0097449
10.321202	0.0098764
10.324863	0.0092622
10.328525	0.0103618
10.332188	0.0102229
10.335851	0.0096390
10.339515	0.0099134
10.343180	0.0102960
10.346845	0.0099094
10.350511	0.0103023
10.354178	0.0089778
10.357846	0.0104234
10.361514	0.0088849
10.365183	0.0098673
10.368853	0.0089122
10.372523	0.0092535
10.376194	0.0102376
10.379866	0.0105122
10.383538	0.0099667
10.387212	0.0098779
10.390885	0.0092928
10.394560	0.0083535
10.398235	0.0103453
10.401911	0.0104290
10.405588	0.0099180
10.409265	0.0096864
10.412943	0.0107975
10.416622	0.0095928
10.420302	0.0096082
10.423982	0.0094405
10.427663	0.0101232
10.431345	0.0100798
10.435027	0.0114508
10.438710	0.0098838
10.442394	0.0102747
10.446078	0.0098173
10.449763	0.0097433
10.453449	0.0092046
10.457135	0.0102158
10.460823	0.0107155
10.464511	0.0100014
10.468199	0.0105709
10.471889	0.0097788
10.475579	0.0100767
10.479269	0.0096040
10.482961	0.0084747
10.486653	0.0098567
10.490346	0.0095599
10.494039	0.0094106
10.497734	0.0102194
10.501429	0.0096419
10.505124	0.0100744
10.508821	0.0097308
10.512518	0.0102493
10.516215	0.0098093
10.519914	0.0104914
10.523613	0.0098063
10.527313	0.0099717
10.531014	0.0086940
10.534715	0.0117610
10.538417	0.0098518
10.542120	0.0102025
10.545823	0.0102998
10.549527	0.0092253
10.553232	0.0098507
10.556937	0.0111753
10.560644	0.0101502
10.564350	0.0101386
10.568058	0.0101066
10.571766	0.0087060
10.575475	0.0100811
10.579185	0.0098213
10.582895	0.0107706
10.586607	0.0099963
10.590318	0.0091974
10.594031	0.0084757
10.597744	0.0095548
10.601458	0.0107072
10.605173	0.0095358
10.608888	0.0093140
10.612604	0.0086610
10.616321	0.0096494
10.620038	0.0102686
10.623756	0.0103917
10.627475	0.0093034
10.631195	0.0094537
10.634915	0.0097108
10.638636	0.0094941
10.642358	0.0092970
10.646080	0.0097005
10.649803	0.0100333
10.653527	0.0096567
10.657251	0.0103056
10.660976	0.0091191
10.664702	0.0102202
10.668429	0.0093143
10.672156	0.0093183
10.675884	0.0100850
10.679613	0.0091729
10.683342	0.0095185
10.687072	0.0094647
10.690803	0.0098935
10.694534	0.0100557
10.698267	0.0093388
10.702000	0.0089881
10.705733	0.0105345
10.709467	0.0092953
10.713202	0.0103671
10.716938	0.0098213
10.720674	0.0107795
10.724412	0.0108029
10.728149	0.0105837
10.731888	0.0099786
10.735627	0.0102413
10.739367	0.0092589
10.743108	0.0104711
10.746849	0.0085232
10.750591	0.0107001
10.754334	0.0094431
10.758077	0.0089747
10.761821	0.0097399
10.765566	0.0099155
10.769312	0.0100172
10.773058	0.0096860
10.776805	0.0088625
10.780552	0.0090112
10.784301	0.0095185
10.788050	0.0105593
10.791800	0.0096981
10.795550	0.0102998
10.799301	0.0113594
10.803053	0.0098153
10.806806	0.0104133
10.810559	0.0102054
10.814313	0.0099194
10.818067	0.0101944
10.821823	0.0095929
10.825579	0.0109391
10.829336	0.0090662
10.833093	0.0092455
10.836851	0.0102799
10.840610	0.0091276
10.844370	0.0094167
10.848130	0.0106235
10.851891	0.0099499
10.855653	0.0111615
10.859415	0.0097942
10.863178	0.0105748
10.866942	0.0089480
10.870706	0.0104259
10.874472	0.0102482
10.878238	0.0098383
10.882004	0.0099573
10.885771	0.0104629
10.889540	0.0080332
10.893308	0.0086337
10.897078	0.0096580
10.900848	0.0098202
10.904619	0.0091796
10.908390	0.0102433
10.912162	0.0091601
10.915935	0.0105216
10.919709	0.0096419
10.923483	0.0092401
10.927258	0.0089017
10.931034	0.0096816
10.934810	0.0097841
10.938588	0.0104140
10.942365	0.0103910
10.946144	0.0098818
10.949923	0.0091500
10.953703	0.0104456
10.957484	0.0101190
10.961265	0.0095010
10.965047	0.0094553
10.968830	0.0097013
10.972613	0.0096023
10.976398	0.0094551
10.980182	0.0098262
10.983968	0.0101513
10.987754	0.0102097
10.991541	0.0095007
10.995329	0.0097929
10.999117	0.0094357
11.002906	0.0098572
11.006696	0.0088386
11.010487	0.0099100
11.014278	0.0091765
11.018070	0.0099439
11.021862	0.0095547
11.025656	0.0099616
11.029450	0.0101652
11.033244	0.0091923
11.037040	0.0103796
11.040836	0.0104940
11.044633	0.0102666
11.048430	0.0110985
11.052228	0.0095371
11.056027	0.0096488
11.059827	0.0089301
11.063627	0.0094508
11.067428	0.0095453
11.071230	0.0096198
11.075032	0.0091143
11.078836	0.0112524
11.082639	0.0103682
11.086444	0.0112831
11.090249	0.0093206
11.094055	0.0107280
11.097862	0.0105869
11.101669	0.0081392
11.105477	0.0103056
11.109286	0.0101967
11.113095	0.0098057
11.116905	0.0104922
11.120716	0.0102195
11.124528	0.0096407
11.128340	0.0103424
11.132153	0.0106156
11.135967	0.0093719
11.139781	0.0098058
11.143596	0.0097518
11.147412	0.0093918
11.151228	0.0097733
11.155046	0.0082694
11.158863	0.0092485
11.162682	0.0089162
11.166501	0.0093744
11.170321	0.0085398
11.174142	0.0094726
11.177963	0.0116663
11.181785	0.0100638
11.185608	0.0097004
11.189432	0.0104397
11.193256	0.0096166
11.197081	0.0084382
11.200906	0.0108694
11.204733	0.0103927
11.208560	0.0109082
11.212388	0.0100123
11.216216	0.0102949
11.220045	0.0110682
11.223875	0.0090876
11.227705	0.0108536
11.231537	0.0096036
11.235369	0.0099183
11.239201	0.0104662
11.243035	0.0100824
11.246869	0.0092760
11.250703	0.0097677
11.254539	0.0098403
11.258375	0.0111821
11.262212	0.0099462
11.266049	0.0104338
11.269888	0.0087705
11.273726	0.0105475
11.277566	0.0091649
11.281406	0.0093041
11.285248	0.0109079
11.289089	0.0098062
11.292932	0.0086224
11.296775	0.0111278
11.300619	0.0081670
11.304463	0.0099230
11.308309	0.0093370
11.312155	0.0099077
11.316001	0.0103651
11.319849	0.0099164
11.323697	0.0101312
11.327546	0.0094502
11.331395	0.0091681
11.335245	0.0094101
11.339096	0.0099265
11.342948	0.0104273
11.346800	0.0096150
11.350653	0.0104068
11.354507	0.0101082
11.358361	0.0096057
11.362216	0.0100314
11.366072	0.0099383
11.369929	0.0092782
11.373786	0.0103058
11.377644	0.0094786
11.381502	0.0103421
11.385362	0.0098302
11.389222	0.0089646
11.393082	0.0103477
11.396944	0.0102714
11.400806	0.0097783
11.404669	0.0102139
11.408532	0.0097162
11.412396	0.0091515
11.416261	0.0103435
11.420127	0.0108545
11.423993	0.0095080
11.427860	0.0101970
11.431728	0.0091364
11.435597	0.0095795
11.439466	0.0101083
11.443336	0.0094231
11.447206	0.0098600
11.451078	0.0091631
11.454949	0.0098504
11.458822	0.0107959
11.462695	0.0099398
11.466570	0.0096376
11.470444	0.0106108
11.474320	0.0096048
11.478196	0.0099648
11.482073	0.0094709
11.485950	0.0100544
11.489829	0.0093222
11.493708	0.0086328
11.497587	0.0108069
11.501468	0.0104193
11.505349	0.0102757
11.509231	0.0094374
11.513113	0.0096861
11.516996	0.0095426
11.520880	0.0096395
11.524765	0.0095465
11.528650	0.0095793
11.532536	0.0082795
11.536423	0.0095987
11.540310	0.0099809
11.544198	0.0107687
11.548087	0.0103435
11.551977	0.0094071
11.555867	0.0101039
11.559758	0.0091551
11.563650	0.0095278
11.567542	0.0092751
11.571435	0.0093537
11.575329	0.0092127
11.579223	0.0103957
11.583118	0.0099307
11.587014	0.0097051
11.590911	0.0109885
11.594808	0.0099331
11.598706	0.0105050
11.602605	0.0107110
11.606504	0.0107021
11.610404	0.0089078
11.614305	0.0094007
11.618206	0.0096107
11.622108	0.0102003
11.626011	0.0104953
11.629915	0.0101707
11.633819	0.0089141
11.637724	0.0096072
11.641630	0.0095401
11.645536	0.0104230
11.649443	0.0100737
11.653351	0.0093675
11.657260	0.0100548
11.661169	0.0105269
11.665079	0.0093968
11.668989	0.0097915
11.672900	0.0103906
11.676812	0.0107196
11.680725	0.0092304
11.684639	0.0104274
11.688553	0.0098854
11.692468	0.0090717
11.696383	0.0089248
11.700299	0.0105537
11.704216	0.0104381
11.708134	0.0105209
11.712052	0.0097546
11.715971	0.0105628
11.719891	0.0108048
11.723811	0.0094725
11.727732	0.0101103
11.731654	0.0107051
11.735577	0.0103806
11.739500	0.0096479
11.743424	0.0099261
11.747349	0.0102866
11.751274	0.0102600
11.755200	0.0099937
11.759127	0.0103281
11.763054	0.0095110
11.766982	0.0090224
11.770911	0.0099478
11.774841	0.0094911
11.778771	0.0099359
11.782702	0.0100164
11.786634	0.0109131
11.790566	0.0107871
11.794499	0.0110456
11.798433	0.0094952
11.802367	0.0101816
11.806303	0.0090646
11.810238	0.0116971
11.814175	0.0099431
11.818112	0.0096766
11.822050	0.0100717
11.825989	0.0101746
11.829928	0.0094769
11.833868	0.0108162
11.837809	0.0105184
11.841751	0.0097252
11.845693	0.0091463
11.849636	0.0094048
11.853580	0.0101275
11.857524	0.0103518
11.861469	0.0101480
11.865415	0.0101618
11.869361	0.0100965
11.873308	0.0100694
11.877256	0.0093505
11.881204	0.0092188
11.885154	0.0095818
11.889104	0.0085138
11.893054	0.0112245
11.897006	0.0085402
11.900958	0.0101317
11.904910	0.0102165
11.908864	0.0089690
11.912818	0.0089840
11.916773	0.0100077
11.920728	0.0105198
11.924685	0.0089360
11.928642	0.0100206
11.932599	0.0100860
11.936558	0.0102616
11.940517	0.0101025
11.944476	0.0094784
11.948437	0.0107960
11.952398	0.0107359
11.956360	0.0100238
11.960322	0.0100276
11.964286	0.0113888
11.968250	0.0096172
11.972214	0.0101768
11.976180	0.0106947
11.980146	0.0103413
11.984113	0.0090905
11.988080	0.0100043
11.992048	0.0099141
11.996017	0.0104307
11.999987	0.0099891
12.003957	0.0100504
12.007928	0.0095405
12.011900	0.0107506
12.015872	0.0103949
12.019845	0.0099963
12.023819	0.0088939
12.027794	0.0115189
12.031769	0.0096498
12.035745	0.0116412
12.039721	0.0094085
12.043699	0.0101163
12.047677	0.0101169
12.051656	0.0093288
12.055635	0.0097220
12.059615	0.0089803
12.063596	0.0101804
12.067577	0.0089227
12.071560	0.0099679
12.075543	0.0104023
12.079526	0.0103492
12.083511	0.0087987
12.087496	0.0089127
12.091481	0.0106893
12.095468	0.0101053
12.099455	0.0091182
12.103443	0.0100551
12.107431	0.0101037
12.111421	0.0097964
12.115411	0.0095177
12.119401	0.0108326
12.123393	0.0096854
12.127385	0.0093011
12.131378	0.0109492
12.135371	0.0103225
12.139365	0.0102945
12.143360	0.0087746
12.147356	0.0092790
12.151352	0.0096784
12.155349	0.0095146
12.159347	0.0101263
12.163345	0.0086574
12.167344	0.0099469
12.171344	0.0107340
12.175344	0.0116157
12.179346	0.0087978
12.183348	0.0097395
12.187350	0.0101746
12.191354	0.0116386
12.195358	0.0104141
12.199362	0.0114976
12.203368	0.0102073
12.207374	0.0095700
12.211381	0.0094841
12.215388	0.0090774
12.219396	0.0095161
12.223405	0.0094032
12.227415	0.0093407
12.231425	0.0102192
12.235436	0.0103160
12.239448	0.0108912
12.243461	0.0101572
12.247474	0.0094879
12.251488	0.0097438
12.255502	0.0092241
12.259517	0.0095098
12.263533	0.0089765
12.267550	0.0092008
12.271567	0.0098919
12.275585	0.0105060
12.279604	0.0107840
12.283624	0.0094737
12.287644	0.0093643
12.291665	0.0101387
12.295686	0.0112727
12.299708	0.0090976
12.303731	0.0104336
12.307755	0.0104983
12.311780	0.0096160
12.315805	0.0104937
12.319830	0.0111440
12.323857	0.0094422
12.327884	0.0108650
12.331912	0.0094878
12.335941	0.0093619
12.339970	0.0088017
12.344000	0.0099006
12.348031	0.0097784
12.352062	0.0113996
12.356094	0.0101332
12.360127	0.0093193
12.364160	0.0088610
12.368195	0.0102382
12.372230	0.0110864
12.376265	0.0102745
12.380302	0.0091327
12.384339	0.0104219
12.388376	0.0091780
12.392415	0.0101429
12.396454	0.0099177
12.400494	0.0106493
12.404534	0.0092166
12.408575	0.0104494
12.412617	0.0098326
12.416660	0.0090818
12.420703	0.0098807
12.424747	0.0103544
12.428792	0.0098880
12.432838	0.0099180
12.436884	0.0102294
12.440931	0.0104061
12.444978	0.0098762
12.449027	0.0098714
12.453075	0.0094367
12.457125	0.0108986
12.461176	0.0092904
12.465227	0.0093611
12.469278	0.0098360
12.473331	0.0101314
12.477384	0.0088450
12.481438	0.0097896
12.485493	0.0103093
12.489548	0.0103435
12.493604	0.0090142
12.497661	0.0088731
12.501718	0.0101602
12.505776	0.0101124
12.509835	0.0098218
12.513894	0.0110284
12.517955	0.0093405
12.522015	0.0099711
12.526077	0.0091937
12.530139	0.0093083
12.534202	0.0097853
12.538266	0.0105062
12.542331	0.0106859
12.546396	0.0094977
12.550461	0.0106122
12.554528	0.0108971
12.558595	0.0103719
12.562663	0.0093917
12.566732	0.0103432
12.570801	0.0090137
12.574871	0.0083245
12.578942	0.0102258
12.583013	0.0099147
12.587086	0.0103671
12.591158	0.0093589
12.595232	0.0094376
12.599306	0.0103125
12.603381	0.0098484
12.607457	0.0086302
12.611533	0.0093491
12.615610	0.0099250
12.619688	0.0092895
12.623766	0.0104586
12.627846	0.0099346
12.631926	0.0106698
12.636006	0.0099173
12.640087	0.0096838
12.644169	0.0104223
12.648252	0.0094137
12.652335	0.0110898
12.656420	0.0101818
12.660504	0.0103608
12.664590	0.0096952
12.668676	0.0106304
12.672763	0.0100503
12.676850	0.0113590
12.680939	0.0099651
12.685028	0.0096211
12.689117	0.0090155
12.693208	0.0108127
12.697299	0.0105481
12.701391	0.0095406
12.705483	0.0105622
12.709577	0.0107802
12.713670	0.0094580
12.717765	0.0110733
12.721860	0.0093898
12.725956	0.0096803
12.730053	0.0107571
12.734151	0.0098151
12.738249	0.0111658
12.742348	0.0106116
12.746447	0.0102003
12.750547	0.0110356
12.754648	0.0105988
12.758750	0.0100364
12.762852	0.0106355
12.766955	0.0106401
12.771059	0.0113826
12.775164	0.0106944
12.779269	0.0102009
12.783375	0.0098920
12.787481	0.0089589
12.791588	0.0100533
12.795696	0.0097283
12.799805	0.0096501
12.803914	0.0094581
12.808025	0.0099423
12.812135	0.0090367
12.816247	0.0101749
12.820359	0.0098138
12.824472	0.0099139
12.828585	0.0096137
12.832700	0.0095250
12.836815	0.0098801
12.840930	0.0105137
12.845047	0.0097720
12.849164	0.0102831
12.853282	0.0114182
12.857400	0.0096947
12.861520	0.0112379
12.865639	0.0096041
12.869760	0.0089728
12.873881	0.0110500
12.878003	0.0086820
12.882126	0.0106983
12.886250	0.0102551
12.890374	0.0098295
12.894498	0.0102284
12.898624	0.0101748
12.902750	0.0099461
12.906877	0.0091813
12.911005	0.0098684
12.915133	0.0091202
12.919262	0.0091968
12.923392	0.0102657
12.927522	0.0097950
12.931654	0.0097159
12.935785	0.0105858
12.939918	0.0091717
12.944051	0.0105080
12.948185	0.0090835
12.952320	0.0109717
12.956455	0.0086713
12.960591	0.0093848
12.964728	0.0093785
12.968865	0.0086218
12.973004	0.0096735
12.977143	0.0101177
12.981282	0.0098062
12.985422	0.0099849
12.989563	0.0098379
12.993705	0.0092272
12.997847	0.0096798
13.001991	0.0082591
13.006134	0.0095404
13.010279	0.0094640
13.014424	0.0111051
13.018570	0.0089960
13.022717	0.0103568
13.026864	0.0099092
13.031012	0.0092036
13.035161	0.0121757
13.039310	0.0096106
13.043460	0.0093159
13.047611	0.0098850
13.051762	0.0096164
13.055915	0.0105523
13.060068	0.0099090
13.064221	0.0101877
13.068376	0.0089734
13.072531	0.0106553
13.076686	0.0103536
13.080843	0.0098989
13.085000	0.0099217
13.089158	0.0102574
13.093316	0.0090601
13.097475	0.0099005
13.101635	0.0109201
13.105796	0.0103498
13.109957	0.0108305
13.114119	0.0106282
13.118282	0.0091411
13.122446	0.0112063
13.126610	0.0097547
13.130775	0.0101334
13.134940	0.0102631
13.139107	0.0098932
13.143274	0.0099440
13.147441	0.0087083
13.151610	0.0098409
13.155779	0.0098476
13.159948	0.0094347
13.164119	0.0098106
13.168290	0.0098996
13.172462	0.0095161
13.176635	0.0087523
13.180808	0.0089421
13.184982	0.0112554
13.189157	0.0112654
13.193332	0.0108759
13.197508	0.0089439
13.201685	0.0093487
13.205862	0.0100606
13.210041	0.0103690
13.214220	0.0102710
13.218399	0.0096528
13.222579	0.0104878
13.226760	0.0120062
13.230942	0.0099487
13.235125	0.0102812
13.239308	0.0096038
13.243492	0.0091296
13.247676	0.0107847
13.251861	0.0098649
13.256047	0.0116474
13.260234	0.0093458
13.264421	0.0095303
13.268609	0.0115873
13.272798	0.0087628
13.276988	0.0094108
13.281178	0.0101914
13.285369	0.0102882
13.289560	0.0096490
13.293752	0.0105415
13.297945	0.0110604
13.302139	0.0106003
13.306333	0.0107278
13.310528	0.0083830
13.314724	0.0107211
13.318921	0.0098493
13.323118	0.0109709
13.327316	0.0108422
13.331514	0.0096045
13.335714	0.0107044
13.339914	0.0106539
13.344114	0.0095059
13.348316	0.0102295
13.352518	0.0101629
13.356720	0.0110764
13.360924	0.0087805
13.365128	0.0103654
13.369333	0.0095972
13.373539	0.0097190
13.377745	0.0092699
13.381952	0.0103431
13.386160	0.0095150
13.390368	0.0099743
13.394577	0.0099478
13.398787	0.0110552
13.402998	0.0105982
13.407209	0.0096682
13.411421	0.0105178
13.415633	0.0107964
13.419847	0.0110694
13.424061	0.0095765
13.428275	0.0094368
13.432491	0.0114314
13.436707	0.0088466
13.440924	0.0105362
13.445141	0.0089262
13.449360	0.0099528
13.453579	0.0099519
13.457798	0.0108682
13.462019	0.0092526
13.466240	0.0090387
13.470461	0.0104336
13.474684	0.0101101
13.478907	0.0090119
13.483131	0.0102199
13.487356	0.0110672
13.491581	0.0105142
13.495807	0.0091407
13.500033	0.0109490
13.504261	0.0093025
13.508489	0.0105091
13.512718	0.0088992
13.516947	0.0108056
13.521177	0.0106634
13.525408	0.0103475
13.529640	0.0097268
13.533872	0.0085216
13.538105	0.0091047
13.542339	0.0098681
13.546573	0.0099936
13.550808	0.0100464
13.555044	0.0103830
13.559281	0.0086713
13.563518	0.0099256
13.567756	0.0107254
13.571994	0.0093388
13.576234	0.0103590
13.580474	0.0102487
13.584714	0.0097002
13.588956	0.0092186
13.593198	0.0103235
13.597441	0.0084669
13.601684	0.0096268
13.605929	0.0092982
13.610174	0.0100948
13.614419	0.0096754
13.618666	0.0102821
13.622913	0.0103988
13.627160	0.0107645
13.631409	0.0092694
13.635658	0.0105489
13.639908	0.0102629
13.644158	0.0084943
13.648410	0.0103487
13.652662	0.0099679
13.656914	0.0112972
13.661168	0.0105603
13.665422	0.0097061
13.669676	0.0098317
13.673932	0.0092517
13.678188	0.0112375
13.682445	0.0103517
13.686703	0.0105231
13.690961	0.0089073
13.695220	0.0098997
13.699480	0.0107812
13.703740	0.0095510
13.708001	0.0101027
13.712263	0.0088571
13.716525	0.0109007
13.720788	0.0094409
13.725052	0.0100450
13.729317	0.0103405
13.733582	0.0115658
13.737848	0.0094222
13.742115	0.0098916
13.746382	0.0094927
13.750651	0.0096994
13.754919	0.0111946
13.759189	0.0091390
13.763459	0.0102970
13.767730	0.0107193
13.772002	0.0105775
13.776274	0.0104403
13.780547	0.0102121
13.784821	0.0112234
13.789095	0.0095450
13.793370	0.0105494
13.797646	0.0092760
13.801923	0.0098448
13.806200	0.0106885
13.810478	0.0094126
13.814757	0.0101634
13.819036	0.0106453
13.823316	0.0103497
13.827597	0.0103121
13.831878	0.0112055
13.836160	0.0104053
13.840443	0.0098482
13.844727	0.0100763
13.849011	0.0110714
13.853296	0.0101230
13.857582	0.0106542
13.861868	0.0101797
13.866155	0.0105634
13.870443	0.0105757
13.874732	0.0090326
13.879021	0.0106397
13.883311	0.0109889
13.887601	0.0099389
13.891892	0.0104924
13.896184	0.0103035
13.900477	0.0087422
13.904771	0.0102961
13.909065	0.0104519
13.913360	0.0097351
13.917655	0.0110992
13.921951	0.0099106
13.926248	0.0092642
13.930546	0.0104966
13.934844	0.0097342
13.939143	0.0105117
13.943443	0.0098989
13.947743	0.0094293
13.952044	0.0095911
13.956346	0.0103413
13.960649	0.0099278
13.964952	0.0101230
13.969256	0.0094039
13.973561	0.0102309
13.977866	0.0103946
13.982172	0.0087233
13.986479	0.0098310
13.990786	0.0094726
13.995094	0.0102020
13.999403	0.0097085
14.003713	0.0104173
14.008023	0.0097941
14.012334	0.0114272
14.016646	0.0093321
14.020958	0.0102426
14.025271	0.0106603
14.029585	0.0100506
14.033899	0.0101990
14.038214	0.0101029
14.042530	0.0106646
14.046847	0.0094422
14.051164	0.0104631
14.055482	0.0100624
14.059801	0.0096625
14.064120	0.0098423
14.068440	0.0105090
14.072761	0.0104316
14.077083	0.0096310
14.081405	0.0097111
14.085728	0.0098583
14.090051	0.0104328
14.094376	0.0095079
14.098701	0.0108423
14.103026	0.0101711
14.107353	0.0097843
14.111680	0.0096096
14.116008	0.0097501
14.120336	0.0104466
14.124666	0.0097490
14.128996	0.0115633
14.133326	0.0099407
14.137657	0.0105660
14.141990	0.0093519
14.146322	0.0099501
14.150656	0.0101364
14.154990	0.0094624
14.159325	0.0102955
14.163660	0.0109250
14.167996	0.0093938
14.172333	0.0093177
14.176671	0.0104529
14.181009	0.0092552
14.185348	0.0100767
14.189688	0.0100830
14.194029	0.0113907
14.198370	0.0099052
14.202712	0.0102005
14.207054	0.0109292
14.211398	0.0094639
14.215742	0.0085889
14.220086	0.0108136
14.224432	0.0096954
14.228778	0.0097940
14.233125	0.0101820
14.237472	0.0111473
14.241820	0.0094351
14.246169	0.0096767
14.250519	0.0098958
14.254869	0.0092253
14.259220	0.0100690
14.263572	0.0119245
14.267924	0.0097793
14.272277	0.0097045
14.276631	0.0101192
14.280986	0.0098198
14.285341	0.0095031
14.289697	0.0101462
14.294053	0.0108888
14.298411	0.0105222
14.302769	0.0105582
14.307127	0.0102196
14.311487	0.0103028
14.315847	0.0099927
14.320208	0.0099840
14.324569	0.0106908
14.328932	0.0089111
14.333294	0.0095967
14.337658	0.0098418
14.342022	0.0104315
14.346388	0.0098378
14.350753	0.0108246
14.355120	0.0095775
14.359487	0.0098951
14.363855	0.0102030
14.368223	0.0103224
14.372593	0.0106163
14.376963	0.0115497
14.381333	0.0097343
14.385705	0.0097658
14.390077	0.0109938
14.394449	0.0094249
14.398823	0.0101776
14.403197	0.0089118
14.407572	0.0097512
14.411948	0.0104149
14.416324	0.0098024
14.420701	0.0080888
14.425078	0.0096146
14.429457	0.0104313
14.433836	0.0111156
14.438216	0.0104999
14.442596	0.0106318
14.446977	0.0092843
14.451359	0.0092012
14.455742	0.0108980
14.460125	0.0089965
14.464509	0.0111674
14.468894	0.0102222
14.473279	0.0101548
14.477666	0.0108340
14.482052	0.0093607
14.486440	0.0101356
14.490828	0.0093890
14.495217	0.0109861
14.499607	0.0098461
14.503997	0.0094738
14.508388	0.0094894
14.512780	0.0093024
14.517172	0.0086483
14.521565	0.0096925
14.525959	0.0096836
14.530354	0.0093077
14.534749	0.0110952
14.539145	0.0094740
14.543542	0.0104237
14.547939	0.0108406
14.552337	0.0105642
14.556736	0.0099383
14.561135	0.0105871
14.565536	0.0104612
14.569936	0.0096629
14.574338	0.0094581
14.578740	0.0103053
14.583143	0.0101261
14.587547	0.0109076
14.591951	0.0099461
14.596356	0.0099712
14.600762	0.0095049
14.605169	0.0105053
14.609576	0.0105515
14.613984	0.0106164
14.618392	0.0107318
14.622802	0.0101719
14.627212	0.0099814
14.631622	0.0095215
14.636034	0.0098875
14.640446	0.0102032
14.644859	0.0105010
14.649272	0.0109653
14.653686	0.0101713
14.658101	0.0108680
14.662517	0.0102704
14.666933	0.0100154
14.671350	0.0100157
14.675768	0.0103105
14.680186	0.0102281
14.684606	0.0093228
14.689025	0.0093910
14.693446	0.0091999
14.697867	0.0099177
14.702289	0.0095679
14.706712	0.0095666
14.711135	0.0102142
14.715559	0.0097673
14.719984	0.0097854
14.724409	0.0107500
14.728836	0.0107358
14.733262	0.0097450
14.737690	0.0098877
14.742118	0.0093064
14.746547	0.0088814
14.750977	0.0102758
14.755407	0.0087458
14.759838	0.0096550
14.764270	0.0090721
14.768703	0.0100150
14.773136	0.0084961
14.777570	0.0102524
14.782004	0.0086216
14.786440	0.0103200
14.790875	0.0104996
14.795312	0.0103611
14.799750	0.0105566
14.804188	0.0104229
14.808626	0.0099756
14.813066	0.0113121
14.817506	0.0106861
14.821947	0.0085025
14.826389	0.0107217
14.830831	0.0096664
14.835274	0.0105860
14.839718	0.0093544
14.844162	0.0101950
14.848607	0.0105986
14.853053	0.0093840
14.857500	0.0094597
14.861947	0.0082846
14.866395	0.0097861
14.870843	0.0114995
14.875293	0.0085880
14.879743	0.0097191
14.884194	0.0107160
14.888645	0.0089902
14.893097	0.0094222
14.897550	0.0087878
14.902004	0.0100276
14.906458	0.0101678
14.910913	0.0089746
14.915368	0.0104109
14.919825	0.0103168
14.924282	0.0102224
14.928740	0.0101836
14.933198	0.0090629
14.937657	0.0108942
14.942117	0.0100898
14.946578	0.0095714
14.951039	0.0105322
14.955501	0.0105640
14.959964	0.0105588
14.964427	0.0095160
14.968891	0.0095873
14.973356	0.0104068
14.977821	0.0096990
14.982288	0.0108258
14.986754	0.0101006
14.991222	0.0095274
14.995690	0.0096863
15.000159	0.0104412
15.004629	0.0094657
15.009100	0.0103657
15.013571	0.0104336
15.018042	0.0102325
15.022515	0.0099518
15.026988	0.0098277
15.031462	0.0100576
15.035937	0.0103571
15.040412	0.0104863
15.044888	0.0107315
15.049365	0.0100070
15.053842	0.0098006
15.058320	0.0103303
15.062799	0.0101450
15.067279	0.0095647
15.071759	0.0105342
15.076240	0.0102128
15.080722	0.0094484
15.085204	0.0093848
15.089687	0.0114089
15.094171	0.0100082
15.098655	0.0089583
15.103140	0.0093395
15.107626	0.0110378
15.112113	0.0109309
15.116600	0.0094646
15.121088	0.0111248
15.125577	0.0097563
15.130066	0.0094069
15.134556	0.0096389
15.139047	0.0096647
15.143538	0.0110841
15.148031	0.0095772
15.152523	0.0105975
15.157017	0.0095381
15.161511	0.0104405
15.166006	0.0108507
15.170502	0.0117177
15.174998	0.0096233
15.179496	0.0098891
15.183993	0.0102484
15.188492	0.0102107
15.192991	0.0096372
15.197491	0.0109391
15.201992	0.0107939
15.206493	0.0106446
15.210995	0.0099986
15.215498	0.0101128
15.220001	0.0103351
15.224505	0.0100243
15.229010	0.0099682
15.233516	0.0103826
15.238022	0.0109143
15.242529	0.0102590
15.247036	0.0099107
15.251545	0.0103775
15.256054	0.0097234
15.260563	0.0105494
15.265074	0.0102071
15.269585	0.0107111
15.274097	0.0102800
15.278609	0.0106411
15.283123	0.0097554
15.287637	0.0111037
15.292151	0.0106934
15.296667	0.0104045
15.301183	0.0098529
15.305699	0.0104928
15.310217	0.0096133
15.314735	0.0112540
15.319254	0.0094369
15.323774	0.0103546
15.328294	0.0097049
15.332815	0.0091939
15.337337	0.0107029
15.341859	0.0098232
15.346382	0.0105874
15.350906	0.0092096
15.355430	0.0101354
15.359955	0.0101789
15.364481	0.0103298
15.369008	0.0109923
15.373535	0.0093357
15.378063	0.0082893
15.382592	0.0101596
15.387121	0.0100924
15.391652	0.0096036
15.396182	0.0096332
15.400714	0.0090817
15.405246	0.0096735
15.409779	0.0102905
15.414313	0.0090276
15.418847	0.0100790
15.423382	0.0106765
15.427918	0.0105420
15.432454	0.0097611
15.436991	0.0102887
15.441529	0.0100981
15.446068	0.0120163
15.450607	0.0090721
15.455147	0.0110119
15.459688	0.0090740
15.464229	0.0107031
15.468771	0.0099138
15.473314	0.0104525
15.477857	0.0092195
15.482401	0.0100192
15.486946	0.0089604
15.491492	0.0107217
15.496038	0.0099132
15.500585	0.0105175
15.505133	0.0107103
15.509681	0.0103299
15.514230	0.0104288
15.518780	0.0109448
15.523330	0.0103304
15.527882	0.0096827
15.532433	0.0095891
15.536986	0.0104372
15.541539	0.0096176
15.546093	0.0097128
15.550648	0.0109390
15.555203	0.0090158
15.559759	0.0103097
15.564316	0.0107933
15.568874	0.0100102
15.573432	0.0104392
15.577991	0.0104316
15.582551	0.0095973
15.587111	0.0105819
15.591672	0.0095429
15.596234	0.0105646
15.600796	0.0100292
15.605359	0.0100933
15.609923	0.0087667
15.614487	0.0091676
15.619053	0.0101277
15.623619	0.0106905
15.628185	0.0097509
15.632753	0.0104686
15.637321	0.0095343
15.641889	0.0106802
15.646459	0.0110127
15.651029	0.0088678
15.655600	0.0105875
15.660171	0.0115658
15.664744	0.0091638
15.669317	0.0087907
15.673890	0.0091851
15.678465	0.0103780
15.683040	0.0096909
15.687615	0.0104893
15.692192	0.0099798
15.696769	0.0101017
15.701347	0.0103847
15.705926	0.0099763
15.710505	0.0108920
15.715085	0.0114032
15.719666	0.0099741
15.724247	0.0088719
15.728829	0.0100323
15.733412	0.0105866
15.737995	0.0091570
15.742580	0.0098535
15.747164	0.0108803
15.751750	0.0099543
15.756336	0.0101206
15.760923	0.0094481
15.765511	0.0108648
15.770099	0.0104831
15.774689	0.0100927
15.779278	0.0112312
15.783869	0.0095835
15.788460	0.0106485
15.793052	0.0099463
15.797645	0.0106655
15.802238	0.0097326
15.806832	0.0096293
15.811427	0.0114185
15.816022	0.0101300
15.820618	0.0097288
15.825215	0.0107736
15.829813	0.0098256
15.834411	0.0100198
15.839010	0.0094262
15.843610	0.0097553
15.848210	0.0108438
15.852811	0.0099154
15.857413	0.0105078
15.862015	0.0098681
15.866618	0.0097327
15.871222	0.0096920
15.875827	0.0107588
15.880432	0.0097212
15.885038	0.0111153
15.889645	0.0102162
15.894252	0.0092295
15.898860	0.0098088
15.903469	0.0107302
15.908078	0.0103270
15.912689	0.0105194
15.917300	0.0107752
15.921911	0.0102773
15.926523	0.0104810
15.931136	0.0113159
15.935750	0.0105671
15.940364	0.0103650
15.944980	0.0092676
15.949595	0.0095903
15.954212	0.0091459
15.958829	0.0111965
15.963447	0.0105902
15.968066	0.0107131
15.972685	0.0110183
15.977305	0.0094003
15.981926	0.0097029
15.986547	0.0103487
15.991169	0.0104296
15.995792	0.0100391
16.000416	0.0101193
16.005040	0.0097298
16.009665	0.0110849
16.014290	0.0097572
16.018917	0.0106237
16.023544	0.0103641
16.028172	0.0108809
16.032800	0.0091919
16.037429	0.0107578
16.042059	0.0103883
16.046690	0.0099567
16.051321	0.0104075
16.055953	0.0104053
16.060585	0.0093087
16.065219	0.0099615
16.069853	0.0103407
16.074488	0.0097698
16.079123	0.0106597
16.083759	0.0102622
16.088396	0.0098200
16.093034	0.0103010
16.097672	0.0111669
16.102311	0.0103441
16.106951	0.0103043
16.111591	0.0101856
16.116232	0.0110154
16.120874	0.0104929
16.125516	0.0102833
16.130160	0.0099841
16.134804	0.0093514
16.139448	0.0106553
16.144093	0.0109486
16.148740	0.0103059
16.153386	0.0104953
16.158034	0.0090600
16.162682	0.0098988
16.167331	0.0104467
16.171980	0.0106191
16.176630	0.0101390
16.181281	0.0098265
16.185933	0.0101499
16.190585	0.0103171
16.195238	0.0098644
16.199892	0.0100877
16.204546	0.0098352
16.209202	0.0101388
16.213857	0.0114491
16.218514	0.0102700
16.223171	0.0100828
16.227829	0.0102770
16.232488	0.0103490
16.237147	0.0106369
16.241807	0.0099447
16.246468	0.0096135
16.251129	0.0110265
16.255792	0.0114399
16.260454	0.0096806
16.265118	0.0094191
16.269782	0.0100294
16.274447	0.0099495
16.279113	0.0100174
16.283779	0.0101193
16.288446	0.0105310
16.293114	0.0102112
16.297783	0.0101115
16.302452	0.0102256
16.307122	0.0105713
16.311792	0.0105654
16.316464	0.0091632
16.321136	0.0089630
16.325808	0.0093971
16.330482	0.0099665
16.335156	0.0117558
16.339831	0.0104613
16.344506	0.0093495
16.349182	0.0103711
16.353859	0.0104788
16.358537	0.0102820
16.363215	0.0092442
16.367894	0.0107211
16.372574	0.0101071
16.377254	0.0103055
16.381936	0.0099720
16.386617	0.0092178
16.391300	0.0103324
16.395983	0.0097243
16.400667	0.0100363
16.405352	0.0103121
16.410037	0.0095626
16.414723	0.0108288
16.419410	0.0086505
16.424097	0.0102132
16.428785	0.0098187
16.433474	0.0109924
16.438164	0.0099752
16.442854	0.0103807
16.447545	0.0101663
16.452237	0.0094823
16.456929	0.0100029
16.461622	0.0097881
16.466316	0.0099007
16.471010	0.0114055
16.475706	0.0105471
16.480401	0.0095319
16.485098	0.0094758
16.489795	0.0097691
16.494493	0.0091441
16.499192	0.0095753
16.503891	0.0105815
16.508591	0.0102790
16.513292	0.0111368
16.517994	0.0099201
16.522696	0.0101141
16.527399	0.0091248
16.532102	0.0106135
16.536807	0.0097909
16.541512	0.0088620
16.546218	0.0108573
16.550924	0.0105522
16.555631	0.0108886
16.560339	0.0104427
16.565047	0.0091242
16.569757	0.0095330
16.574467	0.0100265
16.579177	0.0099464
16.583889	0.0098292
16.588601	0.0107975
16.593313	0.0099754
16.598027	0.0104221
16.602741	0.0092974
16.607456	0.0090562
16.612171	0.0104595
16.616887	0.0098724
16.621604	0.0100463
16.626322	0.0103160
16.631040	0.0104300
16.635760	0.0099041
16.640479	0.0111164
16.645200	0.0114206
16.649921	0.0093769
16.654643	0.0098703
16.659365	0.0097250
16.664089	0.0093189
16.668813	0.0098795
16.673537	0.0105626
16.678263	0.0093227
16.682989	0.0096726
16.687716	0.0097387
16.692443	0.0099647
16.697171	0.0098039
16.701900	0.0102847
16.706630	0.0101126
16.711360	0.0096786
16.716091	0.0106001
16.720823	0.0105773
16.725555	0.0102531
16.730288	0.0107307
16.735022	0.0096361
16.739757	0.0098732
16.744492	0.0103055
16.749228	0.0098483
16.753964	0.0093906
16.758702	0.0105793
16.763440	0.0098907
16.768178	0.0107992
16.772918	0.0106879
16.777658	0.0104660
16.782399	0.0093295
16.787140	0.0113762
16.791882	0.0113110
16.796625	0.0085125
16.801369	0.0111304
16.806113	0.0106666
16.810858	0.0102115
16.815604	0.0100819
16.820351	0.0104321
16.825098	0.0099695
16.829846	0.0101064
16.834594	0.0115220
16.839344	0.0106963
16.844093	0.0150885
16.848844	0.0230932
16.853595	0.0402648
16.858348	0.0760454
16.863100	0.1378537
16.867854	0.2240323
16.872608	0.3339754
16.877363	0.4349202
16.882118	0.5135853
16.886875	0.5268369
16.891632	0.4973098
16.896389	0.4488888
16.901148	0.3657893
16.905907	0.2843868
16.910667	0.2051553
16.915427	0.1369016
16.920188	0.0875966
16.924950	0.0565353
16.929713	0.0349803
16.934476	0.0223262
16.939240	0.0156171
16.944005	0.0126245
16.948770	0.0114690
16.953536	0.0107827
16.958303	0.0106250
16.963071	0.0107708
16.967839	0.0084531
16.972608	0.0097817
16.977378	0.0107958
16.982148	0.0094894
16.986919	0.0100689
16.991691	0.0107932
16.996463	0.0099361
17.001236	0.0092364
17.006010	0.0106586
17.010785	0.0095186
17.015560	0.0100378
17.020336	0.0108554
17.025113	0.0102664
17.029890	0.0098824
17.034668	0.0107320
17.039447	0.0099804
17.044226	0.0093488
17.049006	0.0091434
17.053787	0.0101384
17.058569	0.0099256
17.063351	0.0101740
17.068134	0.0107233
17.072918	0.0104301
17.077702	0.0081170
17.082487	0.0114387
17.087273	0.0107988
17.092060	0.0104542
17.096847	0.0090534
17.101635	0.0095829
17.106423	0.0093080
17.111212	0.0099379
17.116002	0.0106888
17.120793	0.0100233
17.125585	0.0108959
17.130377	0.0096025
17.135170	0.0111373
17.139963	0.0107257
17.144757	0.0110259
17.149552	0.0095592
17.154348	0.0096567
17.159144	0.0109983
17.163941	0.0098461
17.168739	0.0090845
17.173537	0.0101127
17.178336	0.0106335
17.183136	0.0097763
17.187937	0.0096652
17.192738	0.0101681
17.197540	0.0105797
17.202343	0.0097508
17.207146	0.0096639
17.211950	0.0103320
17.216755	0.0097561
17.221560	0.0091951
17.226366	0.0105749
17.231173	0.0099461
17.235981	0.0098971
17.240789	0.0107173
17.245598	0.0100613
17.250408	0.0101004
17.255218	0.0106523
17.260029	0.0112695
17.264841	0.0099793
17.269653	0.0103847
17.274467	0.0090669
17.279280	0.0104540
17.284095	0.0098446
17.288910	0.0089868
17.293726	0.0103322
17.298543	0.0098805
17.303360	0.0109505
17.308178	0.0094006
17.312997	0.0096339
17.317817	0.0104813
17.322637	0.0108572
17.327458	0.0103475
17.332279	0.0107490
17.337102	0.0101325
17.341925	0.0096620
17.346749	0.0089551
17.351573	0.0101857
17.356398	0.0116025
17.361224	0.0105880
17.366050	0.0113604
17.370878	0.0097354
17.375706	0.0091095
17.380534	0.0104234
17.385364	0.0105524
17.390194	0.0102435
17.395024	0.0112888
17.399856	0.0098025
17.404688	0.0107791
17.409521	0.0098326
17.414354	0.0110666
17.419189	0.0107288
17.424024	0.0106562
17.428859	0.0094348
17.433696	0.0103053
17.438533	0.0099978
17.443370	0.0100433
17.448209	0.0107626
17.453048	0.0115855
17.457888	0.0102395
17.462728	0.0094958
17.467570	0.0114967
17.472412	0.0107160
17.477254	0.0103552
17.482098	0.0106958
17.486942	0.0111543
17.491787	0.0099490
17.496632	0.0119827
17.501478	0.0098646
17.506325	0.0106713
17.511173	0.0101229
17.516021	0.0103002
17.520870	0.0096139
17.525720	0.0095769
17.530570	0.0100927
17.535421	0.0092269
17.540273	0.0105092
17.545126	0.0094280
17.549979	0.0100154
17.554833	0.0104380
17.559687	0.0097028
17.564543	0.0093721
17.569399	0.0094159
17.574255	0.0101241
17.579113	0.0093031
17.583971	0.0105215
17.588830	0.0098008
17.593689	0.0100656
17.598550	0.0093982
17.603411	0.0104215
17.608272	0.0100297
17.613135	0.0093776
17.617998	0.0100397
17.622861	0.0084918
17.627726	0.0111156
17.632591	0.0103360
17.637457	0.0107932
17.642323	0.0089466
17.647191	0.0109634
17.652059	0.0111212
17.656927	0.0105025
17.661797	0.0100160
17.666667	0.0104014
17.671538	0.0097952
17.676409	0.0094772
17.681281	0.0109394
17.686154	0.0101568
17.691028	0.0102999
17.695902	0.0099454
17.700777	0.0102119
17.705653	0.0099175
17.710529	0.0103514
17.715406	0.0104527
17.720284	0.0111832
17.725162	0.0094801
17.730042	0.0091800
17.734922	0.0096513
17.739802	0.0109552
17.744684	0.0089015
17.749566	0.0098459
17.754448	0.0111158
17.759332	0.0107206
17.764216	0.0096936
17.769101	0.0098978
17.773986	0.0087582
17.778872	0.0100152
17.783759	0.0094598
17.788647	0.0102520
17.793535	0.0092382
17.798424	0.0097137
17.803314	0.0095141
17.808205	0.0102501
17.813096	0.0097672
17.817987	0.0110557
17.822880	0.0100802
17.827773	0.0099040
17.832667	0.0105751
17.837562	0.0093401
17.842457	0.0104674
17.847353	0.0104638
17.852250	0.0098801
17.857148	0.0105402
17.862046	0.0100333
17.866945	0.0113707
17.871844	0.0099660
17.876744	0.0105007
17.881645	0.0100711
17.886547	0.0115922
17.891450	0.0108102
17.896353	0.0097564
17.901256	0.0101800
17.906161	0.0104647
17.911066	0.0114164
17.915972	0.0102352
17.920879	0.0100506
17.925786	0.0101138
17.930694	0.0102224
17.935603	0.0102518
17.940512	0.0097151
17.945422	0.0108221
17.950333	0.0105024
17.955244	0.0106140
17.960157	0.0097394
17.965070	0.0104685
17.969983	0.0100075
17.974898	0.0098008
17.979813	0.0092823
17.984728	0.0102521
17.989645	0.0100509
17.994562	0.0099319
17.999480	0.0098409
18.004398	0.0113417
18.009317	0.0098351
18.014237	0.0092874
18.019158	0.0112274
18.024079	0.0099740
18.029001	0.0094549
18.033924	0.0101098
18.038848	0.0096641
18.043772	0.0099924
18.048697	0.0108336
18.053622	0.0093876
18.058549	0.0103215
18.063475	0.0099049
18.068403	0.0103925
18.073332	0.0101290
18.078261	0.0097860
18.083190	0.0100586
18.088121	0.0106716
18.093052	0.0115066
18.097984	0.0101124
18.102917	0.0101753
18.107850	0.0096042
18.112784	0.0099906
18.117719	0.0096415
18.122654	0.0106079
18.127590	0.0098289
18.132527	0.0089620
18.137464	0.0105704
18.142403	0.0107272
18.147341	0.0101980
18.152281	0.0097880
18.157221	0.0109714
18.162162	0.0098493
18.167104	0.0108331
18.172047	0.0103910
18.176990	0.0096782
18.181933	0.0109447
18.186878	0.0092577
18.191823	0.0106745
18.196769	0.0103941
18.201716	0.0098456
18.206663	0.0109186
18.211611	0.0105634
18.216560	0.0105747
18.221509	0.0100175
18.226460	0.0099195
18.231410	0.0108290
18.236362	0.0112624
18.241314	0.0098586
18.246267	0.0101261
18.251221	0.0114508
18.256175	0.0105876
18.261130	0.0109514
18.266086	0.0094704
18.271042	0.0099984
18.276000	0.0107264
18.280958	0.0107738
18.285916	0.0095365
18.290875	0.0105426
18.295835	0.0113744
18.300796	0.0103586
18.305757	0.0111184
18.310720	0.0094122
18.315682	0.0107976
18.320646	0.0108629
18.325610	0.0097575
18.330575	0.0101593
18.335540	0.0095608
18.340507	0.0101318
18.345474	0.0099402
18.350441	0.0092841
18.355410	0.0095888
18.360379	0.0102318
18.365349	0.0095948
18.370319	0.0104210
18.375291	0.0106823
18.380262	0.0096939
18.385235	0.0107189
18.390208	0.0101161
18.395182	0.0104942
18.400157	0.0104313
18.405133	0.0094231
18.410109	0.0095740
18.415086	0.0088150
18.420063	0.0110029
18.425041	0.0098048
18.430020	0.0104853
18.435000	0.0095847
18.439980	0.0111945
18.444961	0.0105840
18.449943	0.0094803
18.454926	0.0110404
18.459909	0.0104196
18.464893	0.0095458
18.469877	0.0102011
18.474862	0.0108514
18.479848	0.0107871
18.484835	0.0104464
18.489822	0.0094403
18.494811	0.0117956
18.499799	0.0105294
18.504789	0.0092902
18.509779	0.0106070
18.514770	0.0103249
18.519761	0.0111509
18.524754	0.0091344
18.529747	0.0102561
18.534740	0.0093896
18.539735	0.0105596
18.544730	0.0089220
18.549726	0.0098366
18.554722	0.0103314
18.559720	0.0097145
18.564717	0.0097236
18.569716	0.0095231
18.574715	0.0106020
18.579715	0.0098760
18.584716	0.0090522
18.589718	0.0099559
18.594720	0.0097647
18.599722	0.0100358
18.604726	0.0100028
18.609730	0.0096015
18.614735	0.0102703
18.619741	0.0104604
18.624747	0.0102175
18.629754	0.0091099
18.634762	0.0099155
18.639770	0.0105755
18.644780	0.0103753
18.649789	0.0108551
18.654800	0.0099263
18.659811	0.0101355
18.664823	0.0107729
18.669836	0.0106449
18.674849	0.0099753
18.679863	0.0106432
18.684878	0.0105940
18.689893	0.0101100
18.694910	0.0103469
18.699927	0.0105306
18.704944	0.0104098
18.709962	0.0109071
18.714981	0.0102817
18.720001	0.0101497
18.725021	0.0111167
18.730043	0.0105048
18.735064	0.0107043
18.740087	0.0094336
18.745110	0.0099323
18.750134	0.0111493
18.755159	0.0099712
18.760184	0.0106319
18.765210	0.0098101
18.770237	0.0112354
18.775264	0.0095874
18.780292	0.0102867
18.785321	0.0108431
18.790350	0.0095781
18.795381	0.0093101
18.800412	0.0094308
18.805443	0.0103994
18.810475	0.0104404
18.815509	0.0108211
18.820542	0.0102812
18.825577	0.0093794
18.830612	0.0108498
18.835648	0.0099658
18.840684	0.0089839
18.845721	0.0104072
18.850759	0.0105995
18.855798	0.0110318
18.860837	0.0095176
18.865877	0.0102420
18.870918	0.0112269
18.875960	0.0109404
18.881002	0.0106875
18.886045	0.0110216
18.891088	0.0112190
18.896133	0.0109999
18.901178	0.0116276
18.906223	0.0094866
18.911270	0.0114144
18.916317	0.0106124
18.921364	0.0095145
18.926413	0.0095141
18.931462	0.0118609
18.936512	0.0105498
18.941563	0.0103504
18.946614	0.0112094
18.951666	0.0101564
18.956719	0.0106745
18.961772	0.0087642
18.966826	0.0107829
18.971881	0.0099372
18.976936	0.0111894
18.981993	0.0101991
18.987050	0.0096231
18.992107	0.0096339
18.997165	0.0104903
19.002224	0.0109902
19.007284	0.0102012
19.012345	0.0096993
19.017406	0.0089171
19.022468	0.0097406
19.027530	0.0100058
19.032593	0.0099283
19.037657	0.0104631
19.042722	0.0107824
19.047787	0.0103008
19.052853	0.0098245
19.057920	0.0098639
19.062987	0.0101284
19.068056	0.0118173
19.073125	0.0095189
19.078194	0.0109416
19.083264	0.0117149
19.088335	0.0099436
19.093407	0.0094170
19.098479	0.0093587
19.103552	0.0105683
19.108626	0.0094938
19.113701	0.0097326
19.118776	0.0109542
19.123852	0.0098289
19.128928	0.0097592
19.134006	0.0090952
19.139084	0.0104114
19.144162	0.0104631
19.149242	0.0097711
19.154322	0.0102288
19.159402	0.0100067
19.164484	0.0108777
19.169566	0.0098902
19.174649	0.0094302
19.179733	0.0091841
19.184817	0.0102507
19.189902	0.0103829
19.194988	0.0107037
19.200074	0.0094648
19.205161	0.0110315
19.210249	0.0090867
19.215338	0.0111760
19.220427	0.0100541
19.225517	0.0095770
19.230607	0.0108748
19.235699	0.0105429
19.240791	0.0114810
19.245883	0.0096452
19.250977	0.0092008
19.256071	0.0098951
19.261166	0.0109464
19.266261	0.0106131
19.271358	0.0109579
19.276455	0.0110727
19.281552	0.0107038
19.286651	0.0106965
19.291750	0.0094373
19.296849	0.0096707
19.301950	0.0102127
19.307051	0.0113996
19.312153	0.0103099
19.317255	0.0102022
19.322359	0.0105352
19.327463	0.0108441
19.332567	0.0092679
19.337673	0.0109900
19.342779	0.0102171
19.347886	0.0102974
19.352993	0.0098708
19.358101	0.0091703
19.363210	0.0101938
19.368320	0.0099434
19.373430	0.0105789
19.378541	0.0106900
19.383653	0.0106641
19.388765	0.0100269
19.393878	0.0089923
19.398992	0.0101386
19.404107	0.0105258
19.409222	0.0105712
19.414338	0.0105519
19.419454	0.0098534
19.424572	0.0111270
19.429690	0.0114944
19.434808	0.0098940
19.439928	0.0089950
19.445048	0.0101400
19.450169	0.0106921
19.455290	0.0111076
19.460413	0.0101438
19.465536	0.0096235
19.470659	0.0106417
19.475784	0.0100454
19.480909	0.0103106
19.486034	0.0107865
19.491161	0.0097584
19.496288	0.0100356
19.501416	0.0101436
19.506544	0.0097446
19.511674	0.0093338
19.516804	0.0098434
19.521934	0.0107766
19.527066	0.0103605
19.532198	0.0102642
19.537330	0.0116760
19.542464	0.0103930
19.547598	0.0097711
19.552733	0.0100874
19.557869	0.0098232
19.563005	0.0104046
19.568142	0.0100065
19.573280	0.0096235
19.578418	0.0100222
19.583557	0.0095720
19.588697	0.0101079
19.593837	0.0096483
19.598978	0.0107129
19.604120	0.0113290
19.609263	0.0104544
19.614406	0.0105253
19.619550	0.0112186
19.624695	0.0091197
19.629840	0.0103012
19.634987	0.0112811
19.640133	0.0098557
19.645281	0.0104740
19.650429	0.0095271
19.655578	0.0095298
19.660728	0.0093062
19.665878	0.0096779
19.671029	0.0098409
19.676181	0.0116418
19.681333	0.0105663
19.686486	0.0096677
19.691640	0.0090335
19.696795	0.0105541
19.701950	0.0098806
19.707106	0.0087925
19.712263	0.0104421
19.717420	0.0108503
19.722578	0.0097836
19.727737	0.0108778
19.732896	0.0101795
19.738056	0.0107027
19.743217	0.0107468
19.748379	0.0099350
19.753541	0.0104661
19.758704	0.0102935
19.763868	0.0095504
19.769032	0.0098183
19.774197	0.0112524
19.779363	0.0113333
19.784530	0.0104662
19.789697	0.0112949
19.794865	0.0092084
19.800033	0.0104094
19.805202	0.0117708
19.810372	0.0104798
19.815543	0.0093609
19.820715	0.0104844
19.825887	0.0098223
19.831060	0.0105318
19.836233	0.0103597
19.841407	0.0099724
19.846582	0.0098189
19.851758	0.0108987
19.856934	0.0104563
19.862111	0.0103844
19.867289	0.0111936
19.872467	0.0103776
19.877646	0.0096764
19.882826	0.0107667
19.888007	0.0101613
19.893188	0.0103600
19.898370	0.0111909
19.903553	0.0108109
19.908736	0.0106213
19.913920	0.0100904
19.919105	0.0108484
19.924290	0.0110300
19.929476	0.0094469
19.934663	0.0100859
19.939851	0.0094489
19.945039	0.0092941
19.950228	0.0113997
19.955418	0.0101501
19.960608	0.0097012
19.965799	0.0099670
19.970991	0.0100002
19.976183	0.0107829
19.981376	0.0103450
19.986570	0.0102819
19.991765	0.0098956
19.996960	0.0095895
20.002156	0.0109461
20.007353	0.0091123
20.012550	0.0105136
20.017748	0.0098058
20.022947	0.0090908
20.028147	0.0102695
20.033347	0.0103564
20.038548	0.0111540
20.043749	0.0099476
20.048952	0.0100639
20.054155	0.0103346
20.059358	0.0109567
20.064563	0.0098384
20.069768	0.0098219
20.074974	0.0096604
20.080180	0.0100821
20.085388	0.0114136
20.090596	0.0104109
20.095804	0.0099294
20.101013	0.0110097
20.106224	0.0111285
20.111434	0.0105479
20.116646	0.0091255
20.121858	0.0108660
20.127071	0.0099025
20.132284	0.0110804
20.137498	0.0107969
20.142713	0.0104485
20.147929	0.0092896
20.153145	0.0096303
20.158362	0.0098168
20.163580	0.0103053
20.168799	0.0094721
20.174018	0.0102741
20.179238	0.0091305
20.184458	0.0089295
20.189680	0.0088516
20.194902	0.0103796
20.200124	0.0091573
20.205348	0.0103999
20.210572	0.0095460
20.215797	0.0092430
20.221022	0.0107468
20.226248	0.0103841
20.231475	0.0104509
20.236703	0.0106739
20.241931	0.0097993
20.247160	0.0097370
20.252390	0.0105248
20.257620	0.0102839
20.262851	0.0091856
20.268083	0.0107414
20.273316	0.0110889
20.278549	0.0096682
20.283783	0.0106296
20.289017	0.0095405
20.294253	0.0105056
20.299489	0.0100836
20.304725	0.0107977
20.309963	0.0105909
20.315201	0.0107832
20.320440	0.0109439
20.325679	0.0106937
20.330920	0.0104275
20.336160	0.0103579
20.341402	0.0104592
20.346644	0.0111584
20.351888	0.0105199
20.357131	0.0102556
20.362376	0.0091604
20.367621	0.0096783
20.372867	0.0093250
20.378113	0.0106926
20.383361	0.0102626
20.388609	0.0104313
20.393857	0.0092895
20.399107	0.0097934
20.404357	0.0102651
20.409607	0.0096514
20.414859	0.0099945
20.420111	0.0111538
20.425364	0.0101628
20.430618	0.0110673
20.435872	0.0096883
20.441127	0.0096770
20.446382	0.0106290
20.451639	0.0100795
20.456896	0.0114423
20.462154	0.0101451
20.467412	0.0099865
20.472671	0.0097694
20.477931	0.0099307
20.483192	0.0090569
20.488453	0.0096162
20.493715	0.0104986
20.498978	0.0091798
20.504241	0.0099158
20.509506	0.0105174
20.514770	0.0105079
20.520036	0.0100172
20.525302	0.0117316
20.530569	0.0101625
20.535837	0.0094947
20.541105	0.0103759
20.546374	0.0097551
20.551644	0.0106598
20.556914	0.0105656
20.562185	0.0099562
20.567457	0.0105334
20.572730	0.0103736
20.578003	0.0104151
20.583277	0.0094573
20.588552	0.0109290
20.593827	0.0100519
20.599103	0.0119324
20.604380	0.0111426
20.609657	0.0111996
20.614935	0.0124336
20.620214	0.0117479
20.625494	0.0119817
20.630774	0.0124071
20.636055	0.0116353
20.641337	0.0128905
20.646619	0.0115124
20.651902	0.0105819
20.657186	0.0113923
20.662471	0.0112865
20.667756	0.0095692
20.673042	0.0103225
20.678328	0.0096617
20.683616	0.0106283
20.688904	0.0096222
20.694192	0.0109416
20.699482	0.0098914
20.704772	0.0093723
20.710063	0.0116411
20.715354	0.0098685
20.720646	0.0108143
20.725939	0.0099587
20.731233	0.0107450
20.736527	0.0105015
20.741822	0.0105655
20.747118	0.0102741
20.752414	0.0114772
20.757712	0.0100821
20.763009	0.0109296
20.768308	0.0104065
20.773607	0.0088578
20.778907	0.0107118
20.784208	0.0102044
20.789509	0.0098081
20.794811	0.0093376
20.800114	0.0092932
20.805417	0.0099688
20.810722	0.0105844
20.816026	0.0095828
20.821332	0.0100746
20.826638	0.0103222
20.831945	0.0103373
20.837253	0.0110533
20.842561	0.0089357
20.847870	0.0107667
20.853180	0.0101125
20.858491	0.0106971
20.863802	0.0100268
20.869114	0.0092702
20.874426	0.0103759
20.879740	0.0110990
20.885053	0.0098840
20.890368	0.0099768
20.895684	0.0106895
20.901000	0.0116752
20.906316	0.0106462
20.911634	0.0108501
20.916952	0.0102011
20.922271	0.0104871
20.927591	0.0095723
20.932911	0.0109762
20.938232	0.0105753
20.943554	0.0097505
20.948876	0.0111394
20.954199	0.0106893
20.959523	0.0093951
20.964848	0.0099512
20.970173	0.0105894
20.975499	0.0107685
20.980825	0.0112311
20.986153	0.0109516
20.991481	0.0091287
20.996810	0.0101074
21.002139	0.0102263
21.007469	0.0099084
21.012800	0.0110639
21.018132	0.0107245
21.023464	0.0097308
21.028797	0.0097902
21.034130	0.0106454
21.039465	0.0105555
21.044800	0.0100202
21.050136	0.0098819
21.055472	0.0109582
21.060809	0.0096634
21.066147	0.0103783
21.071486	0.0105899
21.076825	0.0104880
21.082165	0.0101550
21.087506	0.0104998
21.092847	0.0111999
21.098189	0.0114534
21.103532	0.0102467
21.108875	0.0115803
21.114220	0.0103051
21.119564	0.0091505
21.124910	0.0103383
21.130256	0.0107321
21.135603	0.0098049
21.140951	0.0118405
21.146300	0.0104396
21.151649	0.0099798
21.156998	0.0104641
21.162349	0.0101470
21.167700	0.0094378
21.173052	0.0096060
21.178405	0.0111683
21.183758	0.0094770
21.189112	0.0098327
21.194467	0.0103097
21.199822	0.0107738
21.205178	0.0099979
21.210535	0.0106118
21.215893	0.0110526
21.221251	0.0093602
21.226610	0.0103488
21.231970	0.0092698
21.237330	0.0100587
21.242691	0.0106209
21.248053	0.0101883
21.253415	0.0103645
21.258778	0.0110640
21.264142	0.0107870
21.269507	0.0115792
21.274872	0.0110487
21.280238	0.0103790
21.285605	0.0097122
21.290972	0.0099148
21.296340	0.0094703
21.301709	0.0096998
21.307078	0.0105484
21.312449	0.0101318
21.317819	0.0097542
21.323191	0.0105538
21.328563	0.0096467
21.333936	0.0096564
21.339310	0.0101089
21.344684	0.0093985
21.350060	0.0095538
21.355435	0.0116616
21.360812	0.0104858
21.366189	0.0115173
21.371567	0.0090266
21.376946	0.0101543
21.382325	0.0110199
21.387705	0.0094019
21.393086	0.0108090
21.398467	0.0106920
21.403849	0.0096895
21.409232	0.0095170
21.414615	0.0098234
21.420000	0.0102777
21.425385	0.0103041
21.430770	0.0087179
21.436157	0.0102039
21.441544	0.0097377
21.446931	0.0115726
21.452320	0.0106704
21.457709	0.0106162
21.463099	0.0095460
21.468489	0.0098292
21.473881	0.0106315
21.479273	0.0110064
21.484665	0.0094907
21.490059	0.0104878
21.495453	0.0101702
21.500847	0.0100998
21.506243	0.0110601
21.511639	0.0108575
21.517036	0.0096494
21.522434	0.0106094
21.527832	0.0087973
21.533231	0.0104407
21.538631	0.0109978
21.544031	0.0113077
21.549432	0.0104108
21.554834	0.0105133
21.560236	0.0109262
21.565639	0.0096094
21.571043	0.0104998
21.576448	0.0107917
21.581853	0.0094671
21.587259	0.0105264
21.592666	0.0112522
21.598073	0.0105825
21.603482	0.0096677
21.608890	0.0091932
21.614300	0.0093266
21.619710	0.0093387
21.625121	0.0108025
21.630533	0.0113065
21.635945	0.0110464
21.641358	0.0094525
21.646772	0.0103531
21.652186	0.0102394
21.657601	0.0098101
21.663017	0.0097579
21.668434	0.0098161
21.673851	0.0106489
21.679269	0.0107073
21.684688	0.0113020
21.690107	0.0093342
21.695527	0.0116742
21.700948	0.0093229
21.706369	0.0094724
21.711791	0.0101244
21.717214	0.0099079
21.722638	0.0118709
21.728062	0.0102563
21.733487	0.0113405
21.738913	0.0100814
21.744339	0.0104646
21.749766	0.0108451
21.755194	0.0097208
21.760622	0.0112080
21.766052	0.0103311
21.771481	0.0105185
21.776912	0.0086626
21.782343	0.0102152
21.787775	0.0123672
21.793208	0.0104078
21.798641	0.0109139
21.804075	0.0095351
21.809510	0.0098570
21.814946	0.0102549
21.820382	0.0097583
21.825819	0.0109271
21.831257	0.0094498
21.836695	0.0098824
21.842134	0.0095544
21.847574	0.0101192
21.853014	0.0094524
21.858455	0.0097984
21.863897	0.0100740
21.869339	0.0101445
21.874783	0.0096839
21.880227	0.0100601
21.885671	0.0102233
21.891117	0.0105215
21.896563	0.0109079
21.902009	0.0119682
21.907457	0.0105419
21.912905	0.0105342
21.918354	0.0111497
21.923803	0.0101470
21.929254	0.0099616
21.934705	0.0105840
21.940156	0.0101271
21.945609	0.0095469
21.951062	0.0101233
21.956516	0.0093459
21.961970	0.0106652
21.967425	0.0106331
21.972881	0.0096157
21.978338	0.0108510
21.983795	0.0103300
21.989253	0.0096923
21.994712	0.0095779
22.000171	0.0109587
22.005631	0.0111624
22.011092	0.0102036
22.016553	0.0100422
22.022016	0.0112481
22.027478	0.0112766
22.032942	0.0105592
22.038406	0.0107848
22.043871	0.0104082
22.049337	0.0109860
22.054803	0.0103603
22.060271	0.0102097
22.065738	0.0111882
22.071207	0.0102400
22.076676	0.0095402
22.082146	0.0098658
22.087617	0.0102095
22.093088	0.0101987
22.098560	0.0100851
22.104033	0.0101150
22.109506	0.0104835
22.114980	0.0104221
22.120455	0.0107842
22.125931	0.0099375
22.131407	0.0114646
22.136884	0.0102821
22.142362	0.0102039
22.147840	0.0114558
22.153319	0.0100515
22.158799	0.0110111
22.164279	0.0113175
22.169760	0.0107006
22.175242	0.0094952
22.180725	0.0107098
22.186208	0.0097847
22.191692	0.0098110
22.197177	0.0107690
22.202662	0.0110455
22.208148	0.0107571
22.213635	0.0105808
22.219122	0.0101820
22.224611	0.0099340
22.230099	0.0101042
22.235589	0.0101524
22.241079	0.0112493
22.246570	0.0106095
22.252062	0.0097151
22.257554	0.0098091
22.263048	0.0105200
22.268541	0.0108491
22.274036	0.0091566
22.279531	0.0111566
22.285027	0.0105288
22.290524	0.0106638
22.296021	0.0107922
22.301519	0.0104006
22.307018	0.0114326
22.312517	0.0106051
22.318017	0.0093436
22.323518	0.0113807
22.329020	0.0108769
22.334522	0.0111186
22.340025	0.0116417
22.345528	0.0100903
22.351033	0.0115986
22.356538	0.0103199
22.362044	0.0126309
22.367550	0.0101795
22.373057	0.0104198
22.378565	0.0104976
22.384074	0.0102348
22.389583	0.0106315
22.395093	0.0093373
22.400603	0.0107842
22.406115	0.0109664
22.411627	0.0107203
22.417140	0.0104646
22.422653	0.0103693
22.428167	0.0097590
22.433682	0.0099318
22.439198	0.0094155
22.444714	0.0103113
22.450231	0.0108877
22.455749	0.0092141
22.461267	0.0106767
22.466786	0.0106373
22.472306	0.0099839
22.477826	0.0112536
22.483348	0.0112472
22.488870	0.0107638
22.494392	0.0098389
22.499915	0.0097503
22.505440	0.0099567
22.510964	0.0107004
22.516490	0.0097452
22.522016	0.0108624
22.527543	0.0100819
22.533070	0.0107215
22.538598	0.0101387
22.544127	0.0113649
22.549657	0.0091866
22.555187	0.0100900
22.560718	0.0103607
22.566250	0.0112091
22.571782	0.0098115
22.577316	0.0092913
22.582849	0.0103831
22.588384	0.0098241
22.593919	0.0098527
22.599455	0.0101953
22.604992	0.0093741
22.610529	0.0095943
22.616067	0.0118732
22.621606	0.0107332
22.627145	0.0099901
22.632686	0.0088045
22.638226	0.0112263
22.643768	0.0098620
22.649310	0.0108733
22.654853	0.0092404
22.660397	0.0093800
22.665941	0.0108492
22.671486	0.0108595
22.677032	0.0102416
22.682579	0.0112117
22.688126	0.0100366
22.693674	0.0104080
22.699222	0.0098001
22.704772	0.0100923
22.710322	0.0101437
22.715872	0.0104503
22.721424	0.0108632
22.726976	0.0101742
22.732529	0.0098811
22.738082	0.0111594
22.743636	0.0103568
22.749191	0.0102901
22.754747	0.0105468
22.760303	0.0103890
22.765860	0.0100042
22.771418	0.0081983
22.776976	0.0108317
22.782535	0.0103927
22.788095	0.0096948
22.793656	0.0107385
22.799217	0.0114277
22.804779	0.0105148
22.810342	0.0105459
22.815905	0.0102584
22.821469	0.0104453
22.827034	0.0099234
22.832599	0.0102794
22.838165	0.0102685
22.843732	0.0117338
22.849300	0.0111238
22.854868	0.0109126
22.860437	0.0096375
22.866007	0.0095993
22.871577	0.0104293
22.877148	0.0104420
22.882720	0.0113732
22.888292	0.0098605
22.893866	0.0097569
22.899439	0.0094735
22.905014	0.0084760
22.910589	0.0109280
22.916165	0.0097713
22.921742	0.0095117
22.927319	0.0107239
22.932897	0.0101216
22.938476	0.0096854
22.944056	0.0107863
22.949636	0.0097687
22.955217	0.0113018
22.960798	0.0100393
22.966381	0.0094097
22.971964	0.0114682
22.977548	0.0107713
22.983132	0.0114281
22.988717	0.0103474
22.994303	0.0097336
22.999889	0.0108387
23.005477	0.0103593
23.011065	0.0096504
23.016653	0.0107694
23.022243	0.0112672
23.027833	0.0111599
23.033423	0.0109613
23.039015	0.0091090
23.044607	0.0095598
23.050200	0.0104592
23.055793	0.0098194
23.061388	0.0102903
23.066982	0.0102568
23.072578	0.0106082
23.078174	0.0107237
23.083772	0.0104799
23.089369	0.0106290
23.094968	0.0095766
23.100567	0.0103850
23.106167	0.0105124
23.111767	0.0114645
23.117369	0.0094670
23.122971	0.0097265
23.128573	0.0102413
23.134177	0.0099543
23.139781	0.0117607
23.145386	0.0103769
23.150991	0.0092482
23.156597	0.0105121
23.162204	0.0102710
23.167812	0.0104478
23.173420	0.0111525
23.179029	0.0110947
23.184639	0.0110868
23.190249	0.0094755
23.195860	0.0109007
23.201472	0.0105312
23.207085	0.0111454
23.212698	0.0095897
23.218312	0.0110175
23.223926	0.0100430
23.229542	0.0101183
23.235158	0.0104799
23.240774	0.0094848
23.246392	0.0112926
23.252010	0.0090970
23.257629	0.0097105
23.263248	0.0101866
23.268868	0.0089568
23.274489	0.0098136
23.280111	0.0105012
23.285733	0.0112112
23.291356	0.0108258
23.296980	0.0100815
23.302605	0.0100332
23.308230	0.0096126
23.313856	0.0105517
23.319482	0.0107359
23.325110	0.0115652
23.330737	0.0097710
23.336366	0.0104758
23.341996	0.0087966
23.347626	0.0109963
23.353256	0.0096949
23.358888	0.0100609
23.364520	0.0100881
23.370153	0.0101565
23.375786	0.0100622
23.381421	0.0104119
23.387056	0.0095931
23.392691	0.0110340
23.398328	0.0094694
23.403965	0.0099996
23.409603	0.0107566
23.415241	0.0107387
23.420880	0.0100761
23.426520	0.0098774
23.432161	0.0100934
23.437802	0.0100645
23.443444	0.0101503
23.449087	0.0096098
23.454730	0.0103531
23.460374	0.0098969
23.466019	0.0118579
23.471665	0.0106925
23.477311	0.0090453
23.482958	0.0105205
23.488606	0.0096421
23.494254	0.0106795
23.499903	0.0106244
23.505553	0.0109778
23.511203	0.0103693
23.516854	0.0101336
23.522506	0.0112855
23.528159	0.0099845
23.533812	0.0100754
23.539466	0.0108984
23.545121	0.0108837
23.550776	0.0098683
23.556432	0.0109167
23.562089	0.0108207
23.567746	0.0107481
23.573404	0.0101262
23.579063	0.0103623
23.584723	0.0103210
23.590383	0.0099515
23.596044	0.0094500
23.601706	0.0096048
23.607368	0.0099155
23.613031	0.0092127
23.618695	0.0111433
23.624359	0.0098692
23.630025	0.0102895
23.635691	0.0089735
23.641357	0.0099896
23.647024	0.0098303
23.652692	0.0095069
23.658361	0.0112891
23.664031	0.0105049
23.669701	0.0106774
23.675372	0.0109841
23.681043	0.0098839
23.686715	0.0108467
23.692388	0.0101887
23.698062	0.0102883
23.703736	0.0103991
23.709411	0.0090276
23.715087	0.0101559
23.720763	0.0101639
23.726440	0.0112086
23.732118	0.0091672
23.737797	0.0106740
23.743476	0.0111318
23.749156	0.0102345
23.754837	0.0107845
23.760518	0.0101085
23.766200	0.0103745
23.771883	0.0108970
23.777566	0.0111294
23.783250	0.0108748
23.788935	0.0100244
23.794621	0.0116480
23.800307	0.0108744
23.805994	0.0110649
23.811682	0.0093876
23.817370	0.0098909
23.823059	0.0099331
23.828749	0.0120221
23.834439	0.0110240
23.840131	0.0107752
23.845822	0.0107899
23.851515	0.0112028
23.857208	0.0101736
23.862902	0.0120560
23.868597	0.0103075
23.874292	0.0128982
23.879988	0.0123887
23.885685	0.0122121
23.891383	0.0119412
23.897081	0.0134756
23.902780	0.0124923
23.908480	0.0129298
23.914180	0.0112644
23.919881	0.0120740
23.925583	0.0098914
23.931285	0.0099984
23.936988	0.0110966
23.942692	0.0106310
23.948396	0.0110680
23.954102	0.0092830
23.959808	0.0106107
23.965514	0.0113912
23.971222	0.0097401
23.976930	0.0105449
23.982638	0.0099182
23.988348	0.0112023
23.994058	0.0097765
23.999769	0.0109464
24.005480	0.0103488
24.011193	0.0090125
24.016906	0.0114926
24.022619	0.0095465
24.028334	0.0096908
24.034049	0.0112609
24.039764	0.0106584
24.045481	0.0096841
24.051198	0.0100702
24.056916	0.0113969
24.062634	0.0099603
24.068354	0.0098714
24.074074	0.0101721
24.079794	0.0099622
24.085516	0.0090381
24.091238	0.0103644
24.096961	0.0116602
24.102684	0.0104349
24.108408	0.0098903
24.114133	0.0098438
24.119859	0.0108246
24.125585	0.0099917
24.131312	0.0108553
24.137040	0.0098036
24.142768	0.0104869
24.148497	0.0099060
24.154227	0.0110874
24.159958	0.0101827
24.165689	0.0104222
24.171421	0.0101448
24.177153	0.0119241
24.182887	0.0105680
24.188621	0.0107680
24.194356	0.0098640
24.200091	0.0114495
24.205827	0.0106742
24.211564	0.0106901
24.217301	0.0104652
24.223040	0.0101121
24.228779	0.0098036
24.234518	0.0099260
24.240259	0.0100566
24.246000	0.0102157
24.251741	0.0103282
24.257484	0.0100469
24.263227	0.0106849
24.268971	0.0095794
24.274715	0.0100608
24.280461	0.0110659
24.286207	0.0112325
24.291953	0.0095609
24.297701	0.0101560
24.303449	0.0100228
24.309198	0.0103089
24.314947	0.0107260
24.320697	0.0112150
24.326448	0.0108940
24.332200	0.0105540
24.337952	0.0110142
24.343705	0.0111775
24.349459	0.0101354
24.355213	0.0110333
24.360968	0.0106559
24.366724	0.0098737
24.372480	0.0104932
24.378238	0.0108424
24.383996	0.0097506
24.389754	0.0109766
24.395514	0.0105962
24.401274	0.0097165
24.407034	0.0107846
24.412796	0.0105850
24.418558	0.0095202
24.424321	0.0102045
24.430084	0.0102500
24.435848	0.0118243
24.441613	0.0106086
24.447379	0.0115789
24.453145	0.0094906
24.458912	0.0110353
24.464680	0.0104389
24.470449	0.0102214
24.476218	0.0101823
24.481987	0.0102549
24.487758	0.0108440
24.493529	0.0103055
24.499301	0.0111818
24.505074	0.0099235
24.510847	0.0104829
24.516621	0.0108509
24.522396	0.0094654
24.528172	0.0110744
24.533948	0.0100255
24.539725	0.0116696
24.545502	0.0107293
24.551280	0.0097860
24.557059	0.0099934
24.562839	0.0103223
24.568620	0.0098223
24.574401	0.0099530
24.580182	0.0104293
24.585965	0.0095338
24.591748	0.0114430
24.597532	0.0117250
24.603317	0.0112376
24.609102	0.0125943
24.614888	0.0115431
24.620675	0.0138850
24.626462	0.0128155
24.632250	0.0125250
24.638039	0.0131123
24.643828	0.0126946
24.649619	0.0116061
24.655410	0.0109264
24.661201	0.0102035
24.666994	0.0119708
24.672787	0.0098312
24.678580	0.0103654
24.684375	0.0108563
24.690170	0.0107377
24.695966	0.0101477
24.701762	0.0105886
24.707559	0.0113400
24.713357	0.0109898
24.719156	0.0107383
24.724955	0.0105762
24.730755	0.0101348
24.736556	0.0106236
24.742358	0.0102383
24.748160	0.0099838
24.753963	0.0100772
24.759766	0.0102227
24.765571	0.0105565
24.771376	0.0108798
24.777181	0.0115886
24.782988	0.0100027
24.788795	0.0117977
24.794602	0.0098787
24.800411	0.0100670
24.806220	0.0101878
24.812030	0.0108101
24.817841	0.0104125
24.823652	0.0108926
24.829464	0.0112998
24.835277	0.0113679
24.841090	0.0100369
24.846904	0.0109390
24.852719	0.0104256
24.858534	0.0105463
24.864351	0.0103890
24.870167	0.0122727
24.875985	0.0124198
24.881803	0.0119126
24.887622	0.0113374
24.893442	0.0108808
24.899263	0.0108295
24.905084	0.0112145
24.910905	0.0115034
24.916728	0.0110503
24.922551	0.0111229
24.928375	0.0104128
24.934200	0.0107194
24.940025	0.0104992
24.945851	0.0103140
24.951678	0.0098195
24.957505	0.0103188
24.963334	0.0103686
24.969162	0.0108686
24.974992	0.0097779
24.980822	0.0110130
24.986653	0.0097623
24.992485	0.0115042
24.998317	0.0105009
25.004150	0.0106374
25.009984	0.0102773
25.015818	0.0107184
25.021654	0.0108837
25.027490	0.0112261
25.033326	0.0104668
25.039163	0.0107448
25.045001	0.0098948
25.050840	0.0105275
25.056679	0.0114656
25.062519	0.0107120
25.068360	0.0104125
25.074202	0.0104671
25.080044	0.0099752
25.085887	0.0102127
25.091730	0.0107461
25.097575	0.0111955
25.103420	0.0110970
25.109265	0.0095466
25.115112	0.0106492
25.120959	0.0106793
25.126807	0.0105185
25.132655	0.0108567
25.138505	0.0097946
25.144354	0.0100237
25.150205	0.0105129
25.156056	0.0107142
25.161908	0.0112135
25.167761	0.0103375
25.173615	0.0095131
25.179469	0.0104158
25.185324	0.0102495
25.191179	0.0097666
25.197035	0.0106742
25.202892	0.0101845
25.208750	0.0096523
25.214608	0.0121010
25.220467	0.0106317
25.226327	0.0103485
25.232188	0.0100293
25.238049	0.0100281
25.243911	0.0112995
25.249773	0.0104215
25.255636	0.0101898
25.261500	0.0113951
25.267365	0.0104372
25.273230	0.0089637
25.279097	0.0098635
25.284963	0.0101252
25.290831	0.0100014
25.296699	0.0107797
25.302568	0.0109291
25.308437	0.0100787
25.314308	0.0109644
25.320179	0.0113083
25.326050	0.0102286
25.331923	0.0102157
25.337796	0.0093728
25.343670	0.0108552
25.349544	0.0096185
25.355419	0.0113572
25.361295	0.0106046
25.367172	0.0096251
25.373049	0.0099033
25.378927	0.0112967
25.384806	0.0108584
25.390686	0.0103729
25.396566	0.0106673
25.402446	0.0110224
25.408328	0.0108162
25.414210	0.0104406
25.420093	0.0107134
25.425977	0.0099949
25.431861	0.0098730
25.437746	0.0094078
25.443632	0.0101326
25.449518	0.0106367
25.455406	0.0110052
25.461293	0.0102466
25.467182	0.0099334
25.473071	0.0108515
25.478961	0.0101788
25.484852	0.0093072
25.490743	0.0087250
25.496635	0.0099808
25.502528	0.0103092
25.508421	0.0105338
25.514316	0.0107693
25.520211	0.0107022
25.526106	0.0101676
25.532002	0.0097121
25.537899	0.0105035
25.543797	0.0096673
25.549695	0.0107983
25.555595	0.0102954
25.561494	0.0107694
25.567395	0.0100426
25.573296	0.0102914
25.579198	0.0106336
25.585101	0.0098462
25.591004	0.0102443
25.596908	0.0111047
25.602813	0.0114532
25.608718	0.0093636
25.614624	0.0101777
25.620531	0.0101943
25.626438	0.0092489
25.632347	0.0089321
25.638256	0.0106444
25.644165	0.0098378
25.650076	0.0099212
25.655987	0.0092858
25.661898	0.0099614
25.667811	0.0094467
25.673724	0.0116170
25.679638	0.0104817
25.685552	0.0106729
25.691467	0.0103734
25.697383	0.0095444
25.703300	0.0109546
25.709217	0.0106286
25.715135	0.0099686
25.721054	0.0100668
25.726974	0.0093866
25.732894	0.0096738
25.738815	0.0116428
25.744736	0.0103646
25.750659	0.0103056
25.756582	0.0096970
25.762505	0.0090562
25.768430	0.0102756
25.774355	0.0097159
25.780280	0.0105982
25.786207	0.0100097
25.792134	0.0114172
25.798062	0.0108015
25.803991	0.0098037
25.809920	0.0096519
25.815850	0.0107452
25.821781	0.0097417
25.827712	0.0109403
25.833644	0.0106680
25.839577	0.0120071
25.845510	0.0103568
25.851445	0.0099063
25.857380	0.0099855
25.863315	0.0096135
25.869251	0.0101544
25.875188	0.0095430
25.881126	0.0111131
25.887065	0.0104331
25.893004	0.0111250
25.898944	0.0107546
25.904884	0.0114568
25.910825	0.0106884
25.916767	0.0095861
25.922710	0.0091159
25.928653	0.0101592
25.934597	0.0097651
25.940542	0.0113074
25.946487	0.0094640
25.952434	0.0104718
25.958381	0.0117365
25.964328	0.0108220
25.970276	0.0097906
25.976225	0.0107272
25.982175	0.0107753
25.988125	0.0100173
25.994076	0.0107783
26.000028	0.0113079
26.005981	0.0106440
26.011934	0.0097020
26.017888	0.0099550
26.023842	0.0095747
26.029798	0.0100655
26.035754	0.0092170
26.041710	0.0097977
26.047668	0.0105910
26.053626	0.0098588
26.059584	0.0107738
26.065544	0.0112615
26.071504	0.0097929
26.077465	0.0105934
26.083427	0.0106138
26.089389	0.0111589
26.095352	0.0108377
26.101316	0.0104389
26.107280	0.0123008
26.113245	0.0111970
26.119211	0.0106526
26.125178	0.0109767
26.131145	0.0097795
26.137113	0.0089068
26.143081	0.0100803
26.149051	0.0101080
26.155021	0.0112263
26.160991	0.0104676
26.166963	0.0100344
26.172935	0.0097144
26.178908	0.0099163
26.184881	0.0104597
26.190856	0.0095515
26.196831	0.0111127
26.202806	0.0104541
26.208783	0.0109440
26.214760	0.0106195
26.220737	0.0093900
26.226716	0.0102749
26.232695	0.0099858
26.238675	0.0107819
26.244656	0.0099713
26.250637	0.0103221
26.256619	0.0099474
26.262601	0.0103290
26.268585	0.0101102
26.274569	0.0099725
26.280554	0.0097689
26.286539	0.0106347
26.292525	0.0120214
26.298512	0.0092723
26.304500	0.0115908
26.310488	0.0099553
26.316477	0.0089391
26.322467	0.0117812
26.328457	0.0111875
26.334448	0.0110577
26.340440	0.0097888
26.346433	0.0108203
26.352426	0.0097746
26.358420	0.0106497
26.364414	0.0102656
26.370410	0.0106862
26.376406	0.0104476
26.382402	0.0094494
26.388400	0.0096214
26.394398	0.0103610
26.400397	0.0105257
26.406396	0.0108216
26.412397	0.0105805
26.418398	0.0121077
26.424399	0.0110467
26.430402	0.0123561
26.436405	0.0145566
26.442408	0.0159843
26.448413	0.0222847
26.454418	0.0243407
26.460424	0.0269611
26.466430	0.0292937
26.472438	0.0257055
26.478446	0.0256989
26.484454	0.0229466
26.490464	0.0198262
26.496474	0.0160431
26.502484	0.0142589
26.508496	0.0145939
26.514508	0.0130563
26.520521	0.0118188
26.526535	0.0104789
26.532549	0.0119703
26.538564	0.0106101
26.544579	0.0095880
26.550596	0.0099914
26.556613	0.0102131
26.562631	0.0108988
26.568649	0.0101590
26.574668	0.0117950
26.580688	0.0086640
26.586709	0.0106348
26.592730	0.0099301
26.598752	0.0094797
26.604775	0.0102317
26.610798	0.0093226
26.616823	0.0111909
26.622847	0.0099189
26.628873	0.0089690
26.634899	0.0103262
26.640926	0.0101330
26.646954	0.0103052
26.652982	0.0100793
26.659011	0.0103506
26.665041	0.0099453
26.671071	0.0106822
26.677102	0.0105149
26.683134	0.0106142
26.689167	0.0094467
26.695200	0.0103631
26.701234	0.0108031
26.707269	0.0103525
26.713304	0.0116548
26.719340	0.0108069
26.725377	0.0106905
26.731414	0.0116090
26.737452	0.0117680
26.743491	0.0106701
26.749531	0.0095368
26.755571	0.0102864
26.761612	0.0099843
26.767654	0.0114355
26.773696	0.0100764
26.779739	0.0106843
26.785783	0.0112253
26.791828	0.0093627
26.797873	0.0114853
26.803919	0.0096422
26.809965	0.0107300
26.816012	0.0112662
26.822060	0.0108038
26.828109	0.0102889
26.834159	0.0101668
26.840209	0.0107996
26.846259	0.0098260
26.852311	0.0106807
26.858363	0.0094793
26.864416	0.0101562
26.870470	0.0098806
26.876524	0.0102788
26.882579	0.0107699
26.888635	0.0109710
26.894691	0.0100892
26.900748	0.0100807
26.906806	0.0105518
26.912865	0.0104321
26.918924	0.0099734
26.924984	0.0114180
26.931045	0.0102566
26.937106	0.0102840
26.943168	0.0097552
26.949231	0.0113046
26.955294	0.0111268
26.961358	0.0098966
26.967423	0.0103623
26.973489	0.0104111
26.979555	0.0090899
26.985622	0.0113018
26.991690	0.0115254
26.997758	0.0102677
27.003827	0.0103744
27.009897	0.0105505
27.015967	0.0096025
27.022038	0.0098376
27.028110	0.0105921
27.034183	0.0100726
27.040256	0.0104636
27.046330	0.0123618
27.052405	0.0095168
27.058480	0.0106071
27.064556	0.0101673
27.070633	0.0103820
27.076711	0.0110624
27.082789	0.0101543
27.088868	0.0100819
27.094947	0.0097807
27.101028	0.0109196
27.107109	0.0105319
27.113190	0.0122057
27.119273	0.0107246
27.125356	0.0112620
27.131440	0.0098582
27.137524	0.0101336
27.143610	0.0104459
27.149696	0.0106021
27.155782	0.0099824
27.161869	0.0105376
27.167958	0.0104422
27.174046	0.0112378
27.180136	0.0104699
27.186226	0.0107728
27.192317	0.0109014
27.198408	0.0099569
27.204500	0.0107793
27.210593	0.0106024
27.216687	0.0109050
27.222781	0.0105870
27.228876	0.0098992
27.234972	0.0099908
27.241069	0.0103103
27.247166	0.0097573
27.253264	0.0114029
27.259362	0.0102205
27.265462	0.0110039
27.271562	0.0106500
27.277662	0.0106123
27.283764	0.0103409
27.289866	0.0101027
27.295969	0.0099997
27.302072	0.0116832
27.308176	0.0107460
27.314281	0.0106888
27.320387	0.0099548
27.326493	0.0099234
27.332600	0.0116229
27.338708	0.0111847
27.344816	0.0100787
27.350925	0.0101339
27.357035	0.0107588
27.363146	0.0110373
27.369257	0.0095996
27.375369	0.0100218
27.381481	0.0106491
27.387595	0.0104288
27.393709	0.0108039
27.399823	0.0114104
27.405939	0.0108032
27.412055	0.0100615
27.418172	0.0105745
27.424289	0.0107361
27.430408	0.0100950
27.436526	0.0113697
27.442646	0.0105324
27.448766	0.0105407
27.454888	0.0103205
27.461009	0.0109492
27.467132	0.0107099
27.473255	0.0100828
27.479379	0.0114688
27.485503	0.0108602
27.491629	0.0110875
27.497755	0.0103727
27.503881	0.0113827
27.510009	0.0112747
27.516137	0.0098056
27.522265	0.0107034
27.528395	0.0099817
27.534525	0.0122208
27.540656	0.0099684
27.546788	0.0101497
27.552920	0.0103568
27.559053	0.0098823
27.565186	0.0104589
27.571321	0.0105499
27.577456	0.0101747
27.583592	0.0108341
27.589728	0.0107491
27.595865	0.0105250
27.602003	0.0105048
27.608142	0.0106755
27.614281	0.0103722
27.620421	0.0100130
27.626562	0.0101095
27.632703	0.0107883
27.638846	0.0106799
27.644988	0.0111339
27.651132	0.0116526
27.657276	0.0107614
27.663421	0.0095651
27.669567	0.0104013
27.675713	0.0099877
27.681860	0.0104992
27.688008	0.0102482
27.694156	0.0098670
27.700305	0.0094066
27.706455	0.0103432
27.712606	0.0101002
27.718757	0.0100206
27.724909	0.0106050
27.731062	0.0109680
27.737215	0.0108518
27.743369	0.0103252
27.749524	0.0103416
27.755679	0.0100778
27.761836	0.0112814
27.767992	0.0108752
27.774150	0.0099808
27.780308	0.0107726
27.786467	0.0106385
27.792627	0.0100635
27.798787	0.0109845
27.804948	0.0109954
27.811110	0.0118317
27.817273	0.0111652
27.823436	0.0111018
27.829600	0.0114916
27.835764	0.0108481
27.841930	0.0112373
27.848096	0.0108602
27.854262	0.0107176
27.860430	0.0105590
27.866598	0.0098851
27.872767	0.0108418
27.878936	0.0099951
27.885106	0.0110110
27.891277	0.0107333
27.897449	0.0102890
27.903621	0.0111671
27.909794	0.0103382
27.915968	0.0101428
27.922142	0.0102562
27.928318	0.0107041
27.934493	0.0111080
27.940670	0.0097520
27.946847	0.0095665
27.953025	0.0094496
27.959204	0.0095977
27.965383	0.0099766
27.971563	0.0103433
27.977744	0.0094438
27.983925	0.0108428
27.990108	0.0092923
27.996290	0.0101216
28.002474	0.0105770
28.008658	0.0113843
28.014843	0.0114162
28.021029	0.0104083
28.027215	0.0102150
28.033402	0.0104984
28.039590	0.0105224
28.045779	0.0103808
28.051968	0.0103679
28.058158	0.0103383
28.064348	0.0104289
28.070539	0.0105197
28.076731	0.0096550
28.082924	0.0110130
28.089118	0.0101767
28.095312	0.0121016
28.101506	0.0099393
28.107702	0.0105898
28.113898	0.0103855
28.120095	0.0102058
28.126293	0.0109076
28.132491	0.0110572
28.138690	0.0102707
28.144890	0.0102183
28.151090	0.0100370
28.157291	0.0108341
28.163493	0.0104481
28.169696	0.0130563
28.175899	0.0156943
28.182103	0.0161665
28.188307	0.0191829
28.194513	0.0219692
28.200719	0.0205301
28.206926	0.0204806
28.213133	0.0196357
28.219341	0.0164134
28.225550	0.0160310
28.231760	0.0146473
28.237970	0.0131699
28.244181	0.0123198
28.250392	0.0112511
28.256605	0.0108241
28.262818	0.0109374
28.269032	0.0113378
28.275246	0.0103805
28.281461	0.0114783
28.287677	0.0103212
28.293894	0.0103295
28.300111	0.0104681
28.306329	0.0120993
28.312548	0.0103644
28.318767	0.0109009
28.324987	0.0108243
28.331208	0.0103233
28.337429	0.0109211
28.343652	0.0112339
28.349874	0.0111683
28.356098	0.0101344
28.362322	0.0103721
28.368547	0.0107876
28.374773	0.0106779
28.381000	0.0096938
28.387227	0.0092727
28.393454	0.0122888
28.399683	0.0112990
28.405912	0.0109050
28.412142	0.0098409
28.418373	0.0110070
28.424604	0.0094769
28.430836	0.0101267
28.437069	0.0101551
28.443302	0.0101890
28.449536	0.0106392
28.455771	0.0112236
28.462007	0.0095117
28.468243	0.0096292
28.474480	0.0102772
28.480718	0.0107427
28.486956	0.0091632
28.493195	0.0106833
28.499435	0.0099492
28.505675	0.0094613
28.511916	0.0101970
28.518158	0.0110676
28.524401	0.0104284
28.530644	0.0095395
28.536888	0.0099210
28.543133	0.0110346
28.549378	0.0103589
28.555624	0.0107880
28.561871	0.0099654
28.568118	0.0109379
28.574367	0.0086480
28.580615	0.0115117
28.586865	0.0098936
28.593115	0.0100412
28.599366	0.0116973
28.605618	0.0105724
28.611870	0.0114664
28.618124	0.0108960
28.624377	0.0102688
28.630632	0.0125713
28.636887	0.0110638
28.643143	0.0106794
28.649400	0.0107486
28.655657	0.0114758
28.661915	0.0099651
28.668174	0.0109930
28.674433	0.0101899
28.680693	0.0110511
28.686954	0.0093114
28.693216	0.0106968
28.699478	0.0094149
28.705741	0.0098126
28.712004	0.0087308
28.718269	0.0103926
28.724534	0.0096402
28.730799	0.0109720
28.737066	0.0112251
28.743333	0.0096634
28.749601	0.0102011
28.755869	0.0115329
28.762139	0.0092857
28.768409	0.0112387
28.774679	0.0111931
28.780951	0.0101439
28.787223	0.0110157
28.793495	0.0103005
28.799769	0.0096561
28.806043	0.0112155
28.812318	0.0106884
28.818594	0.0106424
28.824870	0.0111982
28.831147	0.0107664
28.837425	0.0115429
28.843703	0.0110073
28.849982	0.0105921
28.856262	0.0099285
28.862542	0.0094466
28.868823	0.0109721
28.875105	0.0103657
28.881388	0.0113257
28.887671	0.0111636
28.893955	0.0100270
28.900240	0.0112345
28.906525	0.0109104
28.912812	0.0104879
28.919098	0.0100841
28.925386	0.0099442
28.931674	0.0116841
28.937963	0.0103537
28.944253	0.0098502
28.950543	0.0112123
28.956834	0.0101935
28.963126	0.0106127
28.969418	0.0113449
28.975711	0.0109906
28.982005	0.0111663
28.988300	0.0105329
28.994595	0.0097202
29.000891	0.0120350
29.007187	0.0108737
29.013485	0.0107550
29.019783	0.0111725
29.026082	0.0107634
29.032381	0.0107183
29.038681	0.0102279
29.044982	0.0106903
29.051284	0.0111989
29.057586	0.0104479
29.063889	0.0100570
29.070193	0.0117123
29.076497	0.0097326
29.082802	0.0114429
29.089108	0.0107645
29.095414	0.0105211
29.101722	0.0104314
29.108029	0.0111143
29.114338	0.0099477
29.120647	0.0112221
29.126957	0.0107413
29.133268	0.0109170
29.139579	0.0103211
29.145891	0.0097841
29.152204	0.0115065
29.158518	0.0105839
29.164832	0.0119814
29.171147	0.0107060
29.177463	0.0096436
29.183779	0.0104662
29.190096	0.0100832
29.196414	0.0117632
29.202732	0.0099909
29.209051	0.0102815
29.215371	0.0115619
29.221691	0.0103543
29.228013	0.0106822
29.234335	0.0099985
29.240657	0.0104258
29.246981	0.0110342
29.253305	0.0113301
29.259629	0.0112568
29.265955	0.0103854
29.272281	0.0101068
29.278608	0.0094643
29.284935	0.0110367
29.291264	0.0104695
29.297593	0.0093715
29.303922	0.0115778
29.310253	0.0110396
29.316584	0.0106489
29.322916	0.0110828
29.329248	0.0111753
29.335581	0.0103687
29.341915	0.0109474
29.348250	0.0113497
29.354585	0.0097508
29.360921	0.0110684
29.367258	0.0112641
29.373595	0.0105444
29.379933	0.0097742
29.386272	0.0107061
29.392611	0.0105521
29.398952	0.0108882
29.405292	0.0105401
29.411634	0.0102449
29.417976	0.0104415
29.424319	0.0104173
29.430663	0.0112937
29.437007	0.0104704
29.443353	0.0108400
29.449698	0.0096571
29.456045	0.0120605
29.462392	0.0097910
29.468740	0.0106231
29.475089	0.0115709
29.481438	0.0104798
29.487788	0.0099285
29.494139	0.0108950
29.500490	0.0109917
29.506842	0.0088227
29.513195	0.0098766
29.519549	0.0106383
29.525903	0.0104479
29.532258	0.0099870
29.538614	0.0100540
29.544970	0.0099946
29.551327	0.0112073
29.557685	0.0104141
29.564043	0.0106374
29.570402	0.0099691
29.576762	0.0101452
29.583123	0.0107932
29.589484	0.0094590
29.595846	0.0105055
29.602209	0.0101413
29.608572	0.0105598
29.614936	0.0113308
29.621301	0.0109653
29.627666	0.0095751
29.634033	0.0110328
29.640399	0.0112715
29.646767	0.0117088
29.653135	0.0107269
29.659504	0.0109881
29.665874	0.0112145
29.672244	0.0103682
29.678616	0.0114054
29.684987	0.0099078
29.691360	0.0101714
29.697733	0.0090137
29.704107	0.0113737
29.710482	0.0095613
29.716857	0.0110587
29.723233	0.0099559
29.729610	0.0100799
29.735987	0.0088414
29.742365	0.0104470
29.748744	0.0101879
29.755124	0.0104589
29.761504	0.0112275
29.767885	0.0099737
29.774266	0.0107547
29.780649	0.0103075
29.787032	0.0103189
29.793416	0.0107795
29.799800	0.0110615
29.806185	0.0096256
29.812571	0.0106953
29.818958	0.0109953
29.825345	0.0118594
29.831733	0.0101733
29.838121	0.0099386
29.844511	0.0108403
29.850901	0.0110585
29.857292	0.0105409
29.863683	0.0100636
29.870075	0.0110900
29.876468	0.0093369
29.882862	0.0107466
29.889256	0.0109191
29.895651	0.0109136
29.902047	0.0106922
29.908443	0.0102191
29.914840	0.0114334
29.921238	0.0106398
29.927636	0.0106816
29.934036	0.0108975
29.940436	0.0100693
29.946836	0.0105440
29.953237	0.0110511
29.959640	0.0111746
29.966042	0.0102089
29.972446	0.0095766
29.978850	0.0094069
29.985255	0.0121138
29.991660	0.0104986
29.998066	0.0098532
30.004473	0.0094541
30.010881	0.0109704
30.017289	0.0107499
30.023698	0.0103833
30.030108	0.0110112
30.036518	0.0106598
30.042930	0.0104070
30.049341	0.0113519
30.055754	0.0116061
30.062167	0.0097454
30.068581	0.0110865
30.074996	0.0112668
30.081411	0.0116917
30.087827	0.0108228
30.094244	0.0105130
30.100661	0.0109209
30.107080	0.0093120
30.113498	0.0101434
30.119918	0.0106431
30.126338	0.0104164
30.132759	0.0116959
30.139181	0.0103638
30.145603	0.0109172
30.152026	0.0116942
30.158450	0.0103858
30.164875	0.0090746
30.171300	0.0112321
30.177726	0.0109105
30.184152	0.0115290
30.190580	0.0105375
30.197008	0.0107380
30.203436	0.0103039
30.209866	0.0105931
30.216296	0.0101986
30.222727	0.0099964
30.229158	0.0098551
30.235590	0.0098358
30.242023	0.0095805
30.248457	0.0106503
30.254891	0.0113528
30.261326	0.0111472
30.267762	0.0098785
30.274198	0.0103828
30.280636	0.0105874
30.287073	0.0105088
30.293512	0.0094618
30.299951	0.0106919
30.306391	0.0101602
30.312832	0.0124811
30.319273	0.0094755
30.325715	0.0111557
30.332158	0.0097720
30.338601	0.0119270
30.345045	0.0099499
30.351490	0.0113859
30.357936	0.0104996
30.364382	0.0103514
30.370829	0.0104027
30.377277	0.0091372
30.383725	0.0102916
30.390174	0.0106113
30.396624	0.0102553
30.403074	0.0098461
30.409526	0.0095151
30.415977	0.0102290
30.422430	0.0099276
30.428883	0.0096597
30.435337	0.0105321
30.441792	0.0114617
30.448247	0.0113879
30.454703	0.0103934
30.461160	0.0106442
30.467618	0.0113630
30.474076	0.0110571
30.480535	0.0101669
30.486994	0.0093836
30.493455	0.0112540
30.499916	0.0109232
30.506378	0.0108530
30.512840	0.0115235
30.519303	0.0099368
30.525767	0.0098964
30.532231	0.0113228
30.538697	0.0108875
30.545163	0.0099016
30.551629	0.0109145
30.558097	0.0095048
30.564565	0.0110836
30.571033	0.0094032
30.577503	0.0095220
30.583973	0.0096777
30.590444	0.0103398
30.596915	0.0093302
30.603387	0.0102301
30.609860	0.0101216
30.616334	0.0099531
30.622808	0.0101812
30.629284	0.0107087
30.635759	0.0101100
30.642236	0.0108798
30.648713	0.0110560
30.655191	0.0100478
30.661669	0.0104110
30.668149	0.0101916
30.674629	0.0112131
30.681109	0.0116878
30.687591	0.0115842
30.694073	0.0098554
30.700556	0.0104645
30.707039	0.0112540
30.713523	0.0103392
30.720008	0.0098822
30.726494	0.0112289
30.732980	0.0105424
30.739467	0.0091847
30.745955	0.0112488
30.752443	0.0117317
30.758932	0.0112310
30.765422	0.0112011
30.771913	0.0097496
30.778404	0.0101032
30.784896	0.0100618
30.791388	0.0108311
30.797882	0.0101396
30.804376	0.0100424
30.810870	0.0106744
30.817366	0.0112757
30.823862	0.0096935
30.830359	0.0100698
30.836856	0.0116108
30.843354	0.0105069
30.849853	0.0112628
30.856353	0.0116159
30.862853	0.0104011
30.869354	0.0089604
30.875856	0.0105023
30.882359	0.0092282
30.888862	0.0109849
30.895366	0.0089733
30.901870	0.0100602
30.908376	0.0100908
30.914881	0.0118261
30.921388	0.0104035
30.927896	0.0115161
30.934404	0.0106628
30.940912	0.0109339
30.947422	0.0105498
30.953932	0.0102522
30.960443	0.0103777
30.966954	0.0107692
30.973467	0.0104066
30.979980	0.0112888
30.986493	0.0107637
30.993008	0.0115229
30.999523	0.0104739
31.006039	0.0119777
31.012555	0.0107558
31.019072	0.0100780
31.025590	0.0118970
31.032109	0.0103774
31.038628	0.0107746
31.045148	0.0098101
31.051669	0.0101430
31.058190	0.0103058
31.064712	0.0111519
31.071235	0.0092295
31.077759	0.0119000
31.084283	0.0110614
31.090808	0.0105101
31.097334	0.0112932
31.103860	0.0112486
31.110387	0.0097051
31.116915	0.0113273
31.123443	0.0109207
31.129972	0.0100195
31.136502	0.0119429
31.143033	0.0118643
31.149564	0.0112357
31.156096	0.0108106
31.162629	0.0111314
31.169162	0.0106683
31.175696	0.0102728
31.182231	0.0111842
31.188766	0.0102580
31.195302	0.0102374
31.201839	0.0104939
31.208377	0.0102950
31.214915	0.0096694
31.221454	0.0108828
31.227994	0.0102261
31.234534	0.0105898
31.241075	0.0102825
31.247617	0.0090113
31.254160	0.0109321
31.260703	0.0121900
31.267247	0.0109291
31.273791	0.0101807
31.280336	0.0103539
31.286882	0.0107957
31.293429	0.0101952
31.299977	0.0112259
31.306525	0.0104009
31.313074	0.0110969
31.319623	0.0098213
31.326173	0.0099729
31.332724	0.0107449
31.339276	0.0115880
31.345828	0.0113321
31.352381	0.0097463
31.358935	0.0110791
31.365489	0.0107027
31.372044	0.0114050
31.378600	0.0098656
31.385157	0.0119682
31.391714	0.0105638
31.398272	0.0093961
31.404831	0.0112319
31.411390	0.0107550
31.417950	0.0113807
31.424511	0.0104779
31.431072	0.0109855
31.437634	0.0105814
31.444197	0.0103436
31.450761	0.0112458
31.457325	0.0113927
31.463890	0.0097751
31.470456	0.0111621
31.477022	0.0108179
31.483589	0.0102763
31.490157	0.0100970
31.496725	0.0109638
31.503295	0.0112892
31.509864	0.0110780
31.516435	0.0109698
31.523006	0.0107408
31.529578	0.0103550
31.536151	0.0103431
31.542724	0.0111759
31.549298	0.0106236
31.555873	0.0105929
31.562449	0.0103535
31.569025	0.0113829
31.575602	0.0116169
31.582179	0.0105682
31.588758	0.0088755
31.595337	0.0109902
31.601917	0.0110752
31.608497	0.0112332
31.615078	0.0109171
31.621660	0.0093433
31.628242	0.0108826
31.634826	0.0114905
31.641410	0.0104121
31.647994	0.0112787
31.654580	0.0115842
31.661166	0.0107614
31.667752	0.0110678
31.674340	0.0117015
31.680928	0.0097858
31.687517	0.0114434
31.694106	0.0111123
31.700697	0.0107836
31.707288	0.0099964
31.713879	0.0102189
31.720472	0.0107905
31.727065	0.0098606
31.733658	0.0100879
31.740253	0.0107442
31.746848	0.0105195
31.753444	0.0105914
31.760040	0.0100568
31.766638	0.0107142
31.773236	0.0117970
31.779834	0.0102220
31.786434	0.0098498
31.793034	0.0107750
31.799635	0.0108401
31.806236	0.0103526
31.812838	0.0107651
31.819441	0.0107627
31.826045	0.0106500
31.832649	0.0102113
31.839254	0.0117590
31.845860	0.0103666
31.852466	0.0109237
31.859073	0.0111477
31.865681	0.0108672
31.872290	0.0110967
31.878899	0.0111310
31.885509	0.0105305
31.892119	0.0101350
31.898731	0.0095249
31.905343	0.0097084
31.911956	0.0109286
31.918569	0.0105570
31.925183	0.0099493
31.931798	0.0100985
31.938413	0.0115876
31.945030	0.0098075
31.951647	0.0112376
31.958264	0.0107546
31.964883	0.0113907
31.971502	0.0105009
31.978121	0.0099524
31.984742	0.0106703
31.991363	0.0102059
31.997985	0.0101664
32.004607	0.0105653
32.011231	0.0116069
32.017855	0.0113334
32.024479	0.0103045
32.031105	0.0110764
32.037731	0.0104952
32.044358	0.0090275
32.050985	0.0109563
32.057613	0.0097861
32.064242	0.0105958
32.070872	0.0118430
32.077502	0.0102914
32.084133	0.0108806
32.090765	0.0103442
32.097397	0.0101848
32.104030	0.0105521
32.110664	0.0105384
32.117298	0.0108032
32.123934	0.0121177
32.130570	0.0101650
32.137206	0.0108722
32.143844	0.0112419
32.150482	0.0109011
32.157120	0.0114865
32.163760	0.0106776
32.170400	0.0106070
32.177041	0.0109972
32.183682	0.0104536
32.190324	0.0111343
32.196967	0.0107210
32.203611	0.0103766
32.210255	0.0111406
32.216900	0.0117894
32.223546	0.0109107
32.230193	0.0105275
32.236840	0.0108718
32.243487	0.0108137
32.250136	0.0108980
32.256785	0.0098976
32.263435	0.0110530
32.270086	0.0106108
32.276737	0.0101664
32.283389	0.0097685
32.290042	0.0103373
32.296696	0.0101826
32.303350	0.0115147
32.310005	0.0104229
32.316660	0.0099688
32.323316	0.0107652
32.329973	0.0102011
32.336631	0.0109463
32.343290	0.0115000
32.349949	0.0103595
32.356608	0.0105558
32.363269	0.0105291
32.369930	0.0096618
32.376592	0.0111386
32.383255	0.0104818
32.389918	0.0106499
32.396582	0.0098335
32.403247	0.0101497
32.409912	0.0096845
32.416578	0.0107723
32.423245	0.0109060
32.429912	0.0113687
32.436581	0.0108826
32.443250	0.0103692
32.449919	0.0117058
32.456590	0.0106267
32.463261	0.0122227
32.469932	0.0097894
32.476605	0.0114545
32.483278	0.0097602
32.489952	0.0102840
32.496626	0.0117881
32.503301	0.0101026
32.509977	0.0104428
32.516654	0.0114220
32.523331	0.0108470
32.530009	0.0103503
32.536688	0.0099484
32.543368	0.0112406
32.550048	0.0101624
32.556729	0.0101454
32.563410	0.0096295
32.570093	0.0107370
32.576776	0.0109512
32.583459	0.0114308
32.590144	0.0116294
32.596829	0.0110549
32.603514	0.0103101
32.610201	0.0111564
32.616888	0.0107813
32.623576	0.0111953
32.630265	0.0106578
32.636954	0.0096271
32.643644	0.0103330
32.650335	0.0104126
32.657026	0.0099168
32.663718	0.0110835
32.670411	0.0116155
32.677104	0.0106751
32.683799	0.0108583
32.690493	0.0089050
32.697189	0.0098399
32.703885	0.0103954
32.710582	0.0101501
32.717280	0.0116344
32.723979	0.0106143
32.730678	0.0107693
32.737377	0.0108568
32.744078	0.0098263
32.750779	0.0103336
32.757481	0.0108049
32.764184	0.0097395
32.770887	0.0117922
32.777591	0.0102148
32.784296	0.0108754
32.791001	0.0094425
32.797708	0.0110760
32.804414	0.0106769
32.811122	0.0111528
32.817830	0.0113649
32.824539	0.0100962
32.831249	0.0104902
32.837959	0.0122390
32.844670	0.0119854
32.851382	0.0102936
32.858094	0.0117332
32.864808	0.0118851
32.871522	0.0098724
32.878236	0.0107673
32.884951	0.0112131
32.891667	0.0104568
32.898384	0.0107819
32.905101	0.0108210
32.911820	0.0109833
32.918538	0.0097236
32.925258	0.0107719
32.931978	0.0098181
32.938699	0.0101193
32.945420	0.0112292
32.952143	0.0114321
32.958866	0.0111066
32.965589	0.0097101
32.972314	0.0094000
32.979039	0.0110656
32.985765	0.0111073
32.992491	0.0100866
32.999219	0.0102168
33.005946	0.0106300
33.012675	0.0106412
33.019404	0.0111106
33.026134	0.0103726
33.032865	0.0108791
33.039597	0.0106183
33.046329	0.0115074
33.053062	0.0109899
33.059795	0.0108104
33.066529	0.0106677
33.073264	0.0100845
33.080000	0.0100465
33.086736	0.0116088
33.093473	0.0094411
33.100211	0.0110037
33.106950	0.0103531
33.113689	0.0095018
33.120429	0.0098819
33.127169	0.0096848
33.133910	0.0107440
33.140652	0.0107457
33.147395	0.0105941
33.154138	0.0103670
33.160883	0.0115806
33.167627	0.0110047
33.174373	0.0111058
33.181119	0.0120122
33.187866	0.0108759
33.194613	0.0097817
33.201362	0.0102563
33.208111	0.0103102
33.214860	0.0094767
33.221611	0.0111093
33.228362	0.0113120
33.235114	0.0106825
33.241866	0.0106580
33.248620	0.0105572
33.255373	0.0104981
33.262128	0.0117166
33.268883	0.0111255
33.275639	0.0116650
33.282396	0.0097508
33.289154	0.0109555
33.295912	0.0095918
33.302670	0.0104223
33.309430	0.0100171
33.316190	0.0101112
33.322951	0.0109374
33.329713	0.0109127
33.336475	0.0100558
33.343238	0.0101565
33.350002	0.0106329
33.356766	0.0108326
33.363532	0.0096434
33.370297	0.0102230
33.377064	0.0106181
33.383831	0.0100654
33.390599	0.0107768
33.397368	0.0111544
33.404137	0.0099897
33.410907	0.0106418
33.417678	0.0101735
33.424449	0.0114832
33.431222	0.0105574
33.437995	0.0101216
33.444768	0.0106993
33.451542	0.0105079
33.458317	0.0107385
33.465093	0.0097901
33.471869	0.0097962
33.478647	0.0116634
33.485424	0.0123789
33.492203	0.0105277
33.498982	0.0099359
33.505762	0.0112520
33.512543	0.0112523
33.519324	0.0119493
33.526106	0.0114275
33.532889	0.0109608
33.539672	0.0116626
33.546456	0.0104912
33.553241	0.0105476
33.560026	0.0101147
33.566813	0.0102909
33.573600	0.0108710
33.580387	0.0110556
33.587176	0.0099659
33.593965	0.0107825
33.600754	0.0098563
33.607545	0.0106840
33.614336	0.0103000
33.621128	0.0100510
33.627920	0.0115736
33.634713	0.0102559
33.641507	0.0110047
33.648302	0.0101584
33.655097	0.0111935
33.661893	0.0108182
33.668690	0.0100153
33.675488	0.0106662
33.682286	0.0100241
33.689085	0.0102002
33.695884	0.0096097
33.702685	0.0116982
33.709486	0.0098276
33.716287	0.0115862
33.723090	0.0107119
33.729893	0.0108888
33.736696	0.0107128
33.743501	0.0100726
33.750306	0.0101342
33.757112	0.0103678
33.763919	0.0114380
33.770726	0.0116748
33.777534	0.0107325
33.784343	0.0100888
33.791152	0.0094730
33.797962	0.0097364
33.804773	0.0109820
33.811584	0.0113575
33.818397	0.0120388
33.825210	0.0111490
33.832023	0.0106514
33.838837	0.0096719
33.845652	0.0108611
33.852468	0.0097201
33.859285	0.0104724
33.866102	0.0113766
33.872920	0.0108524
33.879738	0.0108772
33.886557	0.0104445
33.893377	0.0113806
33.900198	0.0109311
33.907019	0.0109003
33.913841	0.0107844
33.920664	0.0112510
33.927487	0.0109589
33.934312	0.0109491
33.941137	0.0105823
33.947962	0.0108601
33.954788	0.0109427
33.961615	0.0113313
33.968443	0.0097084
33.975271	0.0101365
33.982100	0.0107148
33.988930	0.0100585
33.995761	0.0107044
34.002592	0.0102641
34.009424	0.0114676
34.016256	0.0113008
34.023090	0.0119578
34.029924	0.0111868
34.036758	0.0102374
34.043594	0.0117979
34.050430	0.0103761
34.057266	0.0106653
34.064104	0.0105423
34.070942	0.0123225
34.077781	0.0108397
34.084621	0.0107094
34.091461	0.0104788
34.098302	0.0102696
34.105144	0.0114386
34.111986	0.0099274
34.118829	0.0104537
34.125673	0.0107685
34.132518	0.0104567
34.139363	0.0105922
34.146209	0.0107386
34.153055	0.0109473
34.159903	0.0107588
34.166751	0.0095623
34.173599	0.0092786
34.180449	0.0109574
34.187299	0.0110542
34.194150	0.0099722
34.201001	0.0107870
34.207854	0.0099650
34.214707	0.0113610
34.221560	0.0112734
34.228415	0.0102659
34.235270	0.0110182
34.242125	0.0103961
34.248982	0.0119754
34.255839	0.0107834
34.262697	0.0102677
34.269556	0.0108796
34.276415	0.0105278
34.283275	0.0095542
34.290135	0.0108209
34.296997	0.0106966
34.303859	0.0098816
34.310722	0.0108575
34.317585	0.0093430
34.324449	0.0096780
34.331314	0.0111764
34.338180	0.0108439
34.345046	0.0114755
34.351913	0.0111565
34.358781	0.0105398
34.365649	0.0108749
34.372518	0.0109071
34.379388	0.0123066
34.386259	0.0103684
34.393130	0.0109396
34.400002	0.0097581
34.406874	0.0106670
34.413748	0.0106928
34.420622	0.0099822
34.427496	0.0113879
34.434372	0.0124446
34.441248	0.0109954
34.448125	0.0104661
34.455002	0.0101008
34.461881	0.0107472
34.468760	0.0116240
34.475639	0.0107090
34.482520	0.0103185
34.489401	0.0112528
34.496282	0.0096049
34.503165	0.0107703
34.510048	0.0097624
34.516932	0.0103301
34.523816	0.0100708
34.530702	0.0111324
34.537588	0.0100149
34.544474	0.0116433
34.551362	0.0107425
34.558250	0.0110427
34.565138	0.0106996
34.572028	0.0100754
34.578918	0.0111528
34.585809	0.0100640
34.592701	0.0110354
34.599593	0.0109951
34.606486	0.0115950
34.613379	0.0107099
34.620274	0.0118791
34.627169	0.0098646
34.634065	0.0101787
34.640961	0.0103163
34.647858	0.0110042
34.654756	0.0103428
34.661655	0.0097310
34.668554	0.0103863
34.675454	0.0112408
34.682355	0.0114634
34.689256	0.0106837
34.696159	0.0108329
34.703061	0.0107814
34.709965	0.0109926
34.716869	0.0094711
34.723774	0.0100242
34.730680	0.0116525
34.737586	0.0117061
34.744493	0.0108411
34.751401	0.0106238
34.758309	0.0110208
34.765218	0.0115325
34.772128	0.0093957
34.779039	0.0100153
34.785950	0.0108752
34.792862	0.0105870
34.799775	0.0113528
34.806688	0.0110089
34.813602	0.0127238
34.820517	0.0155623
34.827432	0.0207997
34.834348	0.0328233
34.841265	0.0491058
34.848183	0.0708800
34.855101	0.0936672
34.862020	0.1109353
34.868940	0.1219904
34.875860	0.1241784
34.882781	0.1147008
34.889703	0.1041199
34.896626	0.0835619
34.903549	0.0681306
34.910473	0.0483204
34.917397	0.0354114
34.924322	0.0251720
34.931248	0.0196952
34.938175	0.0151503
34.945103	0.0133512
34.952031	0.0114764
34.958959	0.0110302
34.965889	0.0107243
34.972819	0.0119657
34.979750	0.0114797
34.986682	0.0103469
34.993614	0.0103865
35.000547	0.0105614
35.007481	0.0116733
35.014415	0.0097507
35.021350	0.0114055
35.028286	0.0103026
35.035223	0.0101316
35.042160	0.0105267
35.049098	0.0103651
35.056037	0.0120140
35.062976	0.0108861
35.069916	0.0107401
35.076857	0.0109873
35.083798	0.0105237
35.090740	0.0108372
35.097683	0.0112732
35.104627	0.0106468
35.111571	0.0107489
35.118516	0.0104349
35.125462	0.0096962
35.132408	0.0110894
35.139355	0.0110083
35.146303	0.0109036
35.153251	0.0104648
35.160200	0.0111959
35.167150	0.0114587
35.174101	0.0123340
35.181052	0.0108874
35.188004	0.0099447
35.194957	0.0106508
35.201910	0.0123964
35.208864	0.0112864
35.215819	0.0106504
35.222775	0.0099943
35.229731	0.0107398
35.236688	0.0105870
35.243645	0.0106736
35.250604	0.0103892
35.257563	0.0104843
35.264522	0.0102231
35.271483	0.0110517
35.278444	0.0115075
35.285406	0.0101013
35.292368	0.0114540
35.299332	0.0107252
35.306296	0.0115668
35.313260	0.0120126
35.320225	0.0100539
35.327192	0.0111866
35.334158	0.0113061
35.341126	0.0097570
35.348094	0.0115825
35.355063	0.0110667
35.362032	0.0107200
35.369002	0.0109184
35.375973	0.0099845
35.382945	0.0106986
35.389917	0.0105919
35.396890	0.0119608
35.403864	0.0110863
35.410839	0.0109877
35.417814	0.0103491
35.424790	0.0098799
35.431766	0.0106729
35.438744	0.0109782
35.445722	0.0112475
35.452700	0.0107601
35.459680	0.0107360
35.466660	0.0105800
35.473641	0.0107203
35.480622	0.0110447
35.487604	0.0114831
35.494587	0.0115206
35.501571	0.0107194
35.508555	0.0105066
35.515540	0.0116983
35.522526	0.0113897
35.529512	0.0110793
35.536499	0.0094953
35.543487	0.0104495
35.550476	0.0106036
35.557465	0.0101743
35.564455	0.0099696
35.571445	0.0110646
35.578437	0.0106312
35.585429	0.0118476
35.592421	0.0114413
35.599415	0.0109460
35.606409	0.0096141
35.613404	0.0102778
35.620399	0.0108334
35.627396	0.0104826
35.634392	0.0112030
35.641390	0.0105298
35.648388	0.0103382
35.655387	0.0096547
35.662387	0.0108930
35.669388	0.0104908
35.676389	0.0111269
35.683391	0.0109441
35.690393	0.0110221
35.697397	0.0106399
35.704401	0.0103461
35.711405	0.0117775
35.718411	0.0110252
35.725417	0.0112328
35.732423	0.0099781
35.739431	0.0101247
35.746439	0.0110307
35.753448	0.0107949
35.760458	0.0106123
35.767468	0.0118450
35.774479	0.0107285
35.781490	0.0107747
35.788503	0.0098662
35.795516	0.0110055
35.802530	0.0096708
35.809544	0.0115050
35.816559	0.0118745
35.823575	0.0120731
35.830592	0.0110694
35.837609	0.0104073
35.844627	0.0108197
35.851646	0.0107426
35.858665	0.0110657
35.865686	0.0095374
35.872706	0.0102608
35.879728	0.0112617
35.886750	0.0108473
35.893773	0.0105622
35.900797	0.0109926
35.907821	0.0120104
35.914846	0.0103432
35.921872	0.0103728
35.928898	0.0111258
35.935925	0.0103643
35.942953	0.0103907
35.949982	0.0123843
35.957011	0.0101910
35.964041	0.0111193
35.971072	0.0101237
35.978103	0.0095413
35.985135	0.0109342
35.992168	0.0112454
35.999201	0.0112539
36.006236	0.0104078
36.013270	0.0109044
36.020306	0.0118650
36.027342	0.0104071
36.034379	0.0115551
36.041417	0.0112136
36.048455	0.0095268
36.055494	0.0110413
36.062534	0.0111575
36.069575	0.0103682
36.076616	0.0116985
36.083658	0.0108348
36.090700	0.0104320
36.097744	0.0098553
36.104788	0.0113065
36.111832	0.0111232
36.118878	0.0115199
36.125924	0.0105653
36.132971	0.0107171
36.140018	0.0118117
36.147066	0.0097168
36.154115	0.0104850
36.161165	0.0105268
36.168215	0.0099964
36.175266	0.0115629
36.182318	0.0100120
36.189370	0.0115824
36.196424	0.0102124
36.203477	0.0109518
36.210532	0.0105317
36.217587	0.0101069
36.224643	0.0106579
36.231700	0.0112886
36.238757	0.0114396
36.245815	0.0106299
36.252874	0.0111079
36.259933	0.0115962
36.266994	0.0118509
36.274054	0.0123858
36.281116	0.0116559
36.288178	0.0099946
36.295241	0.0097742
36.302305	0.0122457
36.309369	0.0105777
36.316434	0.0112890
36.323500	0.0102724
36.330567	0.0107831
36.337634	0.0108764
36.344702	0.0101355
36.351770	0.0112709
36.358840	0.0094167
36.365909	0.0109518
36.372980	0.0110201
36.380052	0.0129729
36.387124	0.0111555
36.394196	0.0101893
36.401270	0.0111715
36.408344	0.0116132
36.415419	0.0102766
36.422495	0.0109859
36.429571	0.0110621
36.436648	0.0104548
36.443726	0.0100249
36.450804	0.0118628
36.457883	0.0109448
36.464963	0.0109753
36.472044	0.0109109
36.479125	0.0098267
36.486207	0.0102348
36.493289	0.0108588
36.500373	0.0123269
36.507457	0.0106969
36.514542	0.0110419
36.521627	0.0104794
36.528713	0.0108005
36.535800	0.0107495
36.542888	0.0112602
36.549976	0.0110795
36.557065	0.0097046
36.564154	0.0101888
36.571245	0.0110451
36.578336	0.0097578
36.585428	0.0105571
36.592520	0.0123591
36.599613	0.0095128
36.606707	0.0093942
36.613802	0.0112712
36.620897	0.0113946
36.627993	0.0114718
36.635090	0.0105213
36.642187	0.0113269
36.649285	0.0110396
36.656384	0.0114991
36.663483	0.0107857
36.670584	0.0116703
36.677684	0.0107462
36.684786	0.0101886
36.691888	0.0115028
36.698991	0.0100417
36.706095	0.0109415
36.713200	0.0118236
36.720305	0.0101009
36.727410	0.0114276
36.734517	0.0106106
36.741624	0.0109244
36.748732	0.0111163
36.755841	0.0099908
36.762950	0.0124137
36.770060	0.0112597
36.777171	0.0108512
36.784282	0.0108419
36.791394	0.0100824
36.798507	0.0106118
36.805621	0.0093149
36.812735	0.0114585
36.819850	0.0108988
36.826966	0.0116150
36.834082	0.0097424
36.841199	0.0115919
36.848317	0.0113914
36.855435	0.0112115
36.862554	0.0113810
36.869674	0.0106610
36.876795	0.0114860
36.883916	0.0110271
36.891038	0.0117718
36.898161	0.0109314
36.905284	0.0111507
36.912408	0.0117988
36.919533	0.0106258
36.926658	0.0107820
36.933785	0.0113983
36.940911	0.0116394
36.948039	0.0111062
36.955167	0.0104845
36.962296	0.0107514
36.969426	0.0118432
36.976556	0.0111276
36.983688	0.0098550
36.990819	0.0104232
36.997952	0.0124243
37.005085	0.0120577
37.012219	0.0107346
37.019354	0.0112693
37.026489	0.0101073
37.033625	0.0111251
37.040762	0.0107250
37.047899	0.0111937
37.055037	0.0109130
37.062176	0.0095800
37.069316	0.0101446
37.076456	0.0107264
37.083597	0.0106829
37.090738	0.0108054
37.097881	0.0116428
37.105024	0.0108733
37.112167	0.0112854
37.119312	0.0110406
37.126457	0.0103614
37.133603	0.0105811
37.140749	0.0103655
37.147897	0.0114872
37.155045	0.0101056
37.162193	0.0104151
37.169343	0.0099950
37.176493	0.0112448
37.183643	0.0110741
37.190795	0.0116823
37.197947	0.0109898
37.205100	0.0113105
37.212254	0.0115326
37.219408	0.0108872
37.226563	0.0105485
37.233719	0.0107130
37.240875	0.0107877
37.248032	0.0089824
37.255190	0.0108396
37.262348	0.0097960
37.269507	0.0105709
37.276667	0.0107210
37.283828	0.0115081
37.290989	0.0113443
37.298151	0.0103624
37.305314	0.0120369
37.312477	0.0104901
37.319642	0.0106154
37.326806	0.0115025
37.333972	0.0116524
37.341138	0.0107235
37.348305	0.0112376
37.355473	0.0106023
37.362641	0.0098230
37.369810	0.0120610
37.376980	0.0104539
37.384150	0.0114191
37.391321	0.0114610
37.398493	0.0105361
37.405666	0.0099582
37.412839	0.0117870
37.420013	0.0111862
37.427187	0.0122226
37.434363	0.0118131
37.441539	0.0101221
37.448716	0.0108020
37.455893	0.0115058
37.463071	0.0107456
37.470250	0.0110449
37.477430	0.0103207
37.484610	0.0108567
37.491791	0.0106970
37.498973	0.0110004
37.506155	0.0105858
37.513338	0.0116351
37.520522	0.0105156
37.527706	0.0106888
37.534892	0.0107527
37.542077	0.0114558
37.549264	0.0108964
37.556451	0.0110573
37.563639	0.0109421
37.570828	0.0106366
37.578017	0.0115835
37.585207	0.0114873
37.592398	0.0112085
37.599590	0.0114261
37.606782	0.0095459
37.613975	0.0111744
37.621169	0.0111889
37.628363	0.0107277
37.635558	0.0109192
37.642754	0.0105068
37.649950	0.0116878
37.657147	0.0101900
37.664345	0.0109433
37.671543	0.0115087
37.678743	0.0110306
37.685943	0.0114572
37.693143	0.0106156
37.700345	0.0101197
37.707547	0.0097876
37.714749	0.0118819
37.721953	0.0103229
37.729157	0.0099279
37.736362	0.0111574
37.743567	0.0100626
37.750774	0.0122428
37.757981	0.0120093
37.765188	0.0126624
37.772397	0.0114509
37.779606	0.0111138
37.786816	0.0099643
37.794026	0.0118600
37.801237	0.0103149
37.808449	0.0101966
37.815662	0.0105793
37.822875	0.0113777
37.830089	0.0108989
37.837304	0.0108220
37.844519	0.0111710
37.851735	0.0110474
37.858952	0.0117789
37.866169	0.0107989
37.873388	0.0108217
37.880606	0.0120012
37.887826	0.0111077
37.895046	0.0111156
37.902267	0.0105124
37.909489	0.0102998
37.916711	0.0110009
37.923935	0.0114203
37.931158	0.0106598
37.938383	0.0109699
37.945608	0.0099792
37.952834	0.0105692
37.960061	0.0115130
37.967288	0.0110872
37.974516	0.0103167
37.981745	0.0105113
37.988974	0.0122522
37.996204	0.0107634
38.003435	0.0113134
38.010667	0.0109692
38.017899	0.0105549
38.025132	0.0111141
38.032366	0.0118543
38.039600	0.0109586
38.046835	0.0101843
38.054071	0.0112256
38.061307	0.0117926
38.068544	0.0105232
38.075782	0.0108516
38.083021	0.0111550
38.090260	0.0108404
38.097500	0.0101016
38.104741	0.0111426
38.111982	0.0109249
38.119224	0.0110967
38.126467	0.0115132
38.133710	0.0100212
38.140955	0.0105943
38.148199	0.0112900
38.155445	0.0101381
38.162691	0.0114360
38.169938	0.0104348
38.177186	0.0117375
38.184434	0.0114125
38.191684	0.0105381
38.198933	0.0103682
38.206184	0.0108226
38.213435	0.0107472
38.220687	0.0114833
38.227940	0.0114182
38.235193	0.0103923
38.242447	0.0107308
38.249702	0.0123502
38.256957	0.0107027
38.264213	0.0115839
38.271470	0.0102613
38.278728	0.0117425
38.285986	0.0106473
38.293245	0.0109824
38.300504	0.0109616
38.307765	0.0110702
38.315026	0.0105160
38.322288	0.0119139
38.329550	0.0117075
38.336813	0.0115951
38.344077	0.0113882
38.351342	0.0103337
38.358607	0.0116454
38.365873	0.0107303
38.373139	0.0101129
38.380407	0.0104888
38.387675	0.0113368
38.394944	0.0114259
38.402213	0.0101170
38.409483	0.0113652
38.416754	0.0107979
38.424026	0.0115957
38.431298	0.0112311
38.438571	0.0113583
38.445845	0.0099836
38.453119	0.0116185
38.460394	0.0116911
38.467670	0.0106471
38.474946	0.0111989
38.482224	0.0106391
38.489502	0.0109780
38.496780	0.0104070
38.504059	0.0104725
38.511339	0.0107713
38.518620	0.0104376
38.525902	0.0105049
38.533184	0.0110911
38.540467	0.0106484
38.547750	0.0104008
38.555034	0.0108704
38.562319	0.0107814
38.569605	0.0121926
38.576891	0.0105508
38.584178	0.0108753
38.591466	0.0098792
38.598754	0.0105841
38.606044	0.0122948
38.613333	0.0116970
38.620624	0.0111689
38.627915	0.0111060
38.635207	0.0115871
38.642500	0.0106298
38.649793	0.0119633
38.657087	0.0114446
38.664382	0.0110341
38.671677	0.0117614
38.678974	0.0110847
38.686270	0.0115283
38.693568	0.0110399
38.700866	0.0119154
38.708165	0.0109583
38.715465	0.0116362
38.722765	0.0104943
38.730066	0.0107575
38.737368	0.0110696
38.744671	0.0109481
38.751974	0.0104995
38.759278	0.0120612
38.766582	0.0103610
38.773888	0.0120020
38.781194	0.0119062
38.788500	0.0107997
38.795808	0.0116922
38.803116	0.0107970
38.810425	0.0113218
38.817734	0.0101017
38.825044	0.0121312
38.832355	0.0105628
38.839667	0.0101809
38.846979	0.0116698
38.854292	0.0110804
38.861606	0.0108268
38.868920	0.0114550
38.876236	0.0119900
38.883551	0.0114787
38.890868	0.0105488
38.898185	0.0106536
38.905503	0.0114880
38.912822	0.0102282
38.920141	0.0115611
38.927461	0.0117277
38.934782	0.0104629
38.942103	0.0111103
38.949425	0.0097636
38.956748	0.0112148
38.964072	0.0115967
38.971396	0.0114330
38.978721	0.0124190
38.986047	0.0121875
38.993373	0.0116906
39.000700	0.0115099
39.008028	0.0107685
39.015356	0.0116923
39.022686	0.0114532
39.030015	0.0108573
39.037346	0.0105267
39.044677	0.0114704
39.052009	0.0104682
39.059342	0.0118716
39.066675	0.0112959
39.074009	0.0119072
39.081344	0.0110008
39.088680	0.0115534
39.096016	0.0105375
39.103353	0.0105796
39.110690	0.0109235
39.118029	0.0107548
39.125368	0.0117224
39.132708	0.0114734
39.140048	0.0128283
39.147389	0.0107343
39.154731	0.0097884
39.162073	0.0100630
39.169417	0.0120329
39.176761	0.0099980
39.184105	0.0100327
39.191451	0.0110455
39.198797	0.0103853
39.206143	0.0105836
39.213491	0.0095741
39.220839	0.0113597
39.228188	0.0105421
39.235537	0.0110873
39.242888	0.0109801
39.250238	0.0106193
39.257590	0.0104793
39.264942	0.0108845
39.272296	0.0115431
39.279649	0.0111718
39.287004	0.0113395
39.294359	0.0099703
39.301715	0.0114229
39.309071	0.0122186
39.316429	0.0104620
39.323787	0.0110662
39.331145	0.0112364
39.338505	0.0111942
39.345865	0.0114712
39.353226	0.0114920
39.360587	0.0103787
39.367949	0.0115415
39.375312	0.0114575
39.382676	0.0109370
39.390040	0.0101278
39.397405	0.0109136
39.404771	0.0112938
39.412137	0.0111066
39.419504	0.0109190
39.426872	0.0123667
39.434241	0.0110265
39.441610	0.0110449
39.448980	0.0108807
39.456350	0.0105298
39.463722	0.0106192
39.471094	0.0107662
39.478466	0.0106144
39.485840	0.0112440
39.493214	0.0112840
39.500589	0.0108722
39.507964	0.0117725
39.515340	0.0129502
39.522717	0.0139851
39.530095	0.0146573
39.537473	0.0191030
39.544852	0.0224742
39.552232	0.0248208
39.559613	0.0297143
39.566994	0.0295153
39.574376	0.0312003
39.581758	0.0300091
39.589142	0.0262850
39.596525	0.0226988
39.603910	0.0199874
39.611296	0.0169190
39.618682	0.0149592
39.626068	0.0127742
39.633456	0.0117104
39.640844	0.0113040
39.648233	0.0116534
39.655622	0.0106126
39.663013	0.0105550
39.670404	0.0107851
39.677795	0.0104461
39.685188	0.0116982
39.692581	0.0106140
39.699975	0.0117825
39.707369	0.0101584
39.714764	0.0110230
39.722160	0.0106869
39.729557	0.0100480
39.736954	0.0106071
39.744352	0.0110932
39.751751	0.0103077
39.759150	0.0105211
39.766550	0.0106180
39.773951	0.0111587
39.781353	0.0107942
39.788755	0.0110891
39.796158	0.0117290
39.803562	0.0107518
39.810966	0.0116179
39.818371	0.0119325
39.825777	0.0103575
39.833183	0.0108140
39.840590	0.0117976
39.847998	0.0121704
39.855407	0.0109590
39.862816	0.0101872
39.870226	0.0098041
39.877637	0.0118740
39.885048	0.0100676
39.892460	0.0129732
39.899873	0.0099900
39.907286	0.0118974
39.914700	0.0108507
39.922115	0.0113700
39.929531	0.0115544
39.936947	0.0108161
39.944364	0.0106789
39.951782	0.0105724
39.959200	0.0108529
39.966619	0.0106026
39.974039	0.0108280
39.981459	0.0120367
39.988881	0.0103733
39.996303	0.0108363
40.003725	0.0114097
40.011148	0.0110852
40.018572	0.0103596
40.025997	0.0103460
40.033423	0.0115560
40.040849	0.0113618
40.048276	0.0104249
40.055703	0.0107960
40.063131	0.0108830
40.070560	0.0105748
40.077990	0.0097566
40.085420	0.0112887
40.092851	0.0118050
40.100283	0.0110972
40.107715	0.0102176
40.115148	0.0115481
40.122582	0.0107971
40.130017	0.0091024
40.137452	0.0109660
40.144888	0.0106913
40.152325	0.0112413
40.159762	0.0103278
40.167200	0.0113527
40.174639	0.0116271
40.182078	0.0110846
40.189518	0.0111471
40.196959	0.0104973
40.204401	0.0103383
40.211843	0.0117506
40.219286	0.0105476
40.226730	0.0110083
40.234174	0.0103226
40.241619	0.0108826
40.249065	0.0121678
40.256511	0.0110781
40.263959	0.0124893
40.271406	0.0119519
40.278855	0.0113162
40.286304	0.0109356
40.293754	0.0108632
40.301205	0.0113717
40.308656	0.0104059
40.316108	0.0110003
40.323561	0.0126507
40.331015	0.0104213
40.338469	0.0108037
40.345924	0.0116102
40.353379	0.0111788
40.360836	0.0113248
40.368293	0.0108426
40.375751	0.0113399
40.383209	0.0099757
40.390668	0.0109352
40.398128	0.0103699
40.405588	0.0121447
40.413050	0.0103323
40.420512	0.0120612
40.427974	0.0107404
40.435438	0.0103595
40.442902	0.0111368
40.450366	0.0110714
40.457832	0.0104098
40.465298	0.0106742
40.472765	0.0113049
40.480232	0.0122190
40.487701	0.0111310
40.495170	0.0101895
40.502639	0.0114468
40.510110	0.0102641
40.517581	0.0110917
40.525052	0.0104904
40.532525	0.0114101
40.539998	0.0104324
40.547472	0.0103679
40.554946	0.0098134
40.562422	0.0102283
40.569898	0.0112992
40.577374	0.0109049
40.584852	0.0108565
40.592330	0.0111061
40.599809	0.0110059
40.607288	0.0100852
40.614768	0.0117104
40.622249	0.0111690
40.629731	0.0114436
40.637213	0.0098965
40.644696	0.0113151
40.652180	0.0100007
40.659664	0.0105787
40.667149	0.0114046
40.674635	0.0107684
40.682122	0.0095246
40.689609	0.0110774
40.697097	0.0117887
40.704585	0.0103193
40.712075	0.0105355
40.719565	0.0096641
40.727056	0.0111495
40.734547	0.0112199
40.742039	0.0106515
40.749532	0.0116820
40.757025	0.0114875
40.764520	0.0116913
40.772015	0.0111653
40.779510	0.0098933
40.787007	0.0102268
40.794504	0.0110019
40.802001	0.0112967
40.809500	0.0096616
40.816999	0.0101527
40.824499	0.0101104
40.831999	0.0104434
40.839501	0.0124390
40.847003	0.0103730
40.854505	0.0117828
40.862009	0.0114109
40.869513	0.0116755
40.877018	0.0111972
40.884523	0.0116968
40.892029	0.0104842
40.899536	0.0107727
40.907044	0.0127589
40.914552	0.0102112
40.922061	0.0111135
40.929571	0.0113759
40.937081	0.0111467
40.944592	0.0107942
40.952104	0.0106039
40.959616	0.0105588
40.967130	0.0105465
40.974644	0.0106750
40.982158	0.0104277
40.989674	0.0115039
40.997190	0.0105317
41.004706	0.0101629
41.012224	0.0109134
41.019742	0.0117892
41.027261	0.0109534
41.034780	0.0108735
41.042300	0.0104824
41.049821	0.0110577
41.057343	0.0105491
41.064865	0.0113130
41.072388	0.0109847
41.079912	0.0115555
41.087437	0.0103574
41.094962	0.0110969
41.102487	0.0107121
41.110014	0.0113810
41.117541	0.0100915
41.125069	0.0109062
41.132598	0.0114387
41.140127	0.0105150
41.147657	0.0104809
41.155188	0.0109291
41.162720	0.0101225
41.170252	0.0114048
41.177785	0.0107224
41.185318	0.0113841
41.192852	0.0111333
41.200387	0.0110280
41.207923	0.0106716
41.215460	0.0109869
41.222997	0.0115129
41.230534	0.0108264
41.238073	0.0107080
41.245612	0.0125055
41.253152	0.0112688
41.260693	0.0108679
41.268234	0.0101147
41.275776	0.0108820
41.283319	0.0121454
41.290862	0.0104128
41.298406	0.0107071
41.305951	0.0119908
41.313496	0.0122205
41.321043	0.0119486
41.328590	0.0109985
41.336137	0.0114147
41.343686	0.0104338
41.351235	0.0098973
41.358784	0.0118651
41.366335	0.0118687
41.373886	0.0117401
41.381438	0.0116413
41.388990	0.0107083
41.396543	0.0121540
41.404097	0.0111751
41.411652	0.0111860
41.419207	0.0119258
41.426763	0.0125110
41.434320	0.0107054
41.441878	0.0118107
41.449436	0.0111860
41.456995	0.0124762
41.464554	0.0111405
41.472115	0.0111356
41.479676	0.0116440
41.487237	0.0119162
41.494800	0.0113558
41.502363	0.0112392
41.509926	0.0117818
41.517491	0.0112125
41.525056	0.0119348
41.532622	0.0103423
41.540189	0.0111626
41.547756	0.0108559
41.555324	0.0105289
41.562893	0.0113594
41.570462	0.0101047
41.578032	0.0108812
41.585603	0.0118372
41.593174	0.0103018
41.600747	0.0108641
41.608319	0.0108888
41.615893	0.0121998
41.623467	0.0112849
41.631042	0.0115207
41.638618	0.0103967
41.646195	0.0115701
41.653772	0.0111527
41.661349	0.0108531
41.668928	0.0107329
41.676507	0.0118090
41.684087	0.0106552
41.691668	0.0101837
41.699249	0.0121647
41.706831	0.0111632
41.714414	0.0101605
41.721997	0.0108291
41.729582	0.0105220
41.737166	0.0102835
41.744752	0.0113741
41.752338	0.0115514
41.759925	0.0112982
41.767513	0.0107693
41.775101	0.0116151
41.782690	0.0110174
41.790280	0.0109935
41.797870	0.0102459
41.805462	0.0108239
41.813054	0.0107864
41.820646	0.0102223
41.828239	0.0113273
41.835833	0.0116090
41.843428	0.0106059
41.851023	0.0109165
41.858619	0.0108480
41.866216	0.0108946
41.873814	0.0111002
41.881412	0.0120825
41.889011	0.0104866
41.896610	0.0122895
41.904211	0.0097511
41.911812	0.0110055
41.919413	0.0110949
41.927016	0.0117089
41.934619	0.0110659
41.942223	0.0104665
41.949827	0.0103388
41.957433	0.0112804
41.965038	0.0115412
41.972645	0.0092799
41.980252	0.0125430
41.987860	0.0100948
41.995469	0.0106714
42.003079	0.0104631
42.010689	0.0105652
42.018300	0.0112165
42.025911	0.0107351
42.033523	0.0101417
42.041136	0.0115181
42.048750	0.0112676
42.056364	0.0116385
42.063979	0.0121955
42.071595	0.0109536
42.079212	0.0101199
42.086829	0.0104505
42.094447	0.0100712
42.102065	0.0100156
42.109684	0.0117536
42.117304	0.0102014
42.124925	0.0112794
42.132546	0.0107734
42.140169	0.0101224
42.147791	0.0115455
42.155415	0.0118243
42.163039	0.0106016
42.170664	0.0107803
42.178289	0.0113648
42.185916	0.0108525
42.193543	0.0113558
42.201170	0.0109782
42.208799	0.0114219
42.216428	0.0116089
42.224058	0.0111278
42.231688	0.0112085
42.239320	0.0108008
42.246951	0.0103443
42.254584	0.0115335
42.262217	0.0099485
42.269851	0.0111517
42.277486	0.0104482
42.285122	0.0120976
42.292758	0.0103121
42.300394	0.0115862
42.308032	0.0099507
42.315670	0.0114041
42.323309	0.0114462
42.330949	0.0116544
42.338589	0.0103761
42.346230	0.0111796
42.353872	0.0115705
42.361514	0.0110305
42.369158	0.0108161
42.376801	0.0116574
42.384446	0.0117095
42.392091	0.0103683
42.399737	0.0099823
42.407384	0.0123073
42.415031	0.0114649
42.422679	0.0111383
42.430328	0.0105377
42.437977	0.0113376
42.445628	0.0103282
42.453279	0.0109572
42.460930	0.0112837
42.468582	0.0107195
42.476235	0.0113024
42.483889	0.0118809
42.491543	0.0114846
42.499199	0.0117279
42.506854	0.0116824
42.514511	0.0113737
42.522168	0.0113519
42.529826	0.0113445
42.537485	0.0122886
42.545144	0.0100672
42.552804	0.0105341
42.560465	0.0104397
42.568126	0.0101983
42.575788	0.0110429
42.583451	0.0114729
42.591114	0.0113400
42.598779	0.0109892
42.606444	0.0108282
42.614109	0.0104209
42.621776	0.0115354
42.629443	0.0122874
42.637110	0.0116748
42.644779	0.0097385
42.652448	0.0113978
42.660118	0.0105322
42.667788	0.0110600
42.675459	0.0121666
42.683131	0.0115850
42.690804	0.0114372
42.698477	0.0115634
42.706151	0.0112349
42.713826	0.0110386
42.721502	0.0111302
42.729178	0.0106450
42.736855	0.0123612
42.744532	0.0112553
42.752211	0.0117925
42.759890	0.0109413
42.767569	0.0112343
42.775250	0.0109975
42.782931	0.0116779
42.790612	0.0114238
42.798295	0.0123821
42.805978	0.0119287
42.813662	0.0151894
42.821347	0.0226866
42.829032	0.0299483
42.836718	0.0436697
42.844405	0.0593632
42.852092	0.0754697
42.859780	0.0921059
42.867469	0.0985130
42.875158	0.0950386
42.882849	0.0856619
42.890540	0.0751853
42.898231	0.0639260
42.905923	0.0470587
42.913616	0.0371116
42.921310	0.0264945
42.929005	0.0205529
42.936700	0.0156166
42.944396	0.0132066
42.952092	0.0121723
42.959789	0.0124635
42.967487	0.0124383
42.975186	0.0110867
42.982885	0.0120714
42.990585	0.0110220
42.998286	0.0110267
43.005987	0.0103188
43.013690	0.0110324
43.021393	0.0099413
43.029096	0.0110193
43.036800	0.0105174
43.044505	0.0107302
43.052211	0.0103774
43.059917	0.0110459
43.067624	0.0122964
43.075332	0.0112215
43.083041	0.0108078
43.090750	0.0107042
43.098460	0.0119238
43.106170	0.0119268
43.113882	0.0117912
43.121594	0.0104421
43.129306	0.0104480
43.137020	0.0106302
43.144734	0.0129119
43.152448	0.0099374
43.160164	0.0105699
43.167880	0.0109068
43.175597	0.0105633
43.183315	0.0105282
43.191033	0.0099682
43.198752	0.0111489
43.206472	0.0098862
43.214192	0.0111503
43.221913	0.0107660
43.229635	0.0111225
43.237358	0.0114276
43.245081	0.0110378
43.252805	0.0116505
43.260529	0.0115811
43.268255	0.0098389
43.275981	0.0103349
43.283707	0.0114621
43.291435	0.0124372
43.299163	0.0105340
43.306892	0.0109360
43.314621	0.0117259
43.322352	0.0127194
43.330083	0.0120129
43.337814	0.0101762
43.345547	0.0115956
43.353280	0.0118479
43.361013	0.0105047
43.368748	0.0128845
43.376483	0.0115174
43.384219	0.0117871
43.391956	0.0111850
43.399693	0.0112359
43.407431	0.0113368
43.415169	0.0106280
43.422909	0.0130214
43.430649	0.0112983
43.438390	0.0119589
43.446131	0.0102427
43.453873	0.0130954
43.461616	0.0109458
43.469360	0.0114076
43.477104	0.0116664
43.484849	0.0108334
43.492595	0.0109694
43.500341	0.0120046
43.508088	0.0112838
43.515836	0.0121897
43.523585	0.0105529
43.531334	0.0113234
43.539084	0.0107770
43.546834	0.0120603
43.554586	0.0116903
43.562338	0.0103773
43.570090	0.0115838
43.577844	0.0107459
43.585598	0.0106896
43.593353	0.0111444
43.601108	0.0115092
43.608865	0.0113792
43.616622	0.0096784
43.624379	0.0117358
43.632138	0.0122048
43.639897	0.0116717
43.647656	0.0114403
43.655417	0.0114283
43.663178	0.0104796
43.670940	0.0112487
43.678702	0.0104889
43.686466	0.0111658
43.694230	0.0110325
43.701994	0.0107705
43.709760	0.0116844
43.717526	0.0129898
43.725292	0.0110949
43.733060	0.0100963
43.740828	0.0106125
43.748597	0.0109457
43.756367	0.0107684
43.764137	0.0109865
43.771908	0.0112333
43.779679	0.0120287
43.787452	0.0113817
43.795225	0.0114326
43.802999	0.0134712
43.810773	0.0100060
43.818548	0.0113644
43.826324	0.0128740
43.834101	0.0103926
43.841878	0.0121464
43.849656	0.0108458
43.857435	0.0107874
43.865214	0.0108893
43.872995	0.0115939
43.880775	0.0108822
43.888557	0.0107923
43.896339	0.0111263
43.904122	0.0112868
43.911906	0.0107699
43.919690	0.0114553
43.927475	0.0111783
43.935261	0.0118270
43.943047	0.0103486
43.950834	0.0115880
43.958622	0.0123506
43.966411	0.0113251
43.974200	0.0104128
43.981990	0.0107808
43.989781	0.0114773
43.997572	0.0120990
44.005364	0.0107613
44.013157	0.0115156
44.020950	0.0100311
44.028744	0.0118386
44.036539	0.0108600
44.044335	0.0106522
44.052131	0.0104910
44.059928	0.0120439
44.067726	0.0107816
44.075524	0.0119163
44.083323	0.0112000
44.091123	0.0119017
44.098924	0.0117526
44.106725	0.0128954
44.114527	0.0094173
44.122329	0.0110875
44.130132	0.0116045
44.137936	0.0113613
44.145741	0.0117425
44.153547	0.0120091
44.161353	0.0111462
44.169160	0.0120583
44.176967	0.0114562
44.184775	0.0112865
44.192584	0.0110534
44.200394	0.0105037
44.208204	0.0103438
44.216015	0.0112021
44.223827	0.0118145
44.231639	0.0117964
44.239452	0.0113316
44.247266	0.0108047
44.255081	0.0100585
44.262896	0.0118484
44.270712	0.0103610
44.278529	0.0110360
44.286346	0.0114884
44.294164	0.0109339
44.301983	0.0104616
44.309802	0.0117287
44.317622	0.0112320
44.325443	0.0101838
44.333265	0.0115977
44.341087	0.0121020
44.348910	0.0107355
44.356734	0.0115195
44.364558	0.0116277
44.372383	0.0112912
44.380209	0.0111464
44.388035	0.0111665
44.395862	0.0109164
44.403690	0.0113993
44.411519	0.0103405
44.419348	0.0107341
44.427178	0.0108290
44.435009	0.0112083
44.442840	0.0104146
44.450672	0.0113172
44.458505	0.0106254
44.466339	0.0117722
44.474173	0.0106162
44.482008	0.0116991
44.489843	0.0107208
44.497680	0.0117968
44.505517	0.0105618
44.513354	0.0113281
44.521193	0.0111265
44.529032	0.0103463
44.536872	0.0100618
44.544712	0.0115725
44.552554	0.0107814
44.560396	0.0113528
44.568238	0.0103130
44.576081	0.0116685
44.583926	0.0119589
44.591770	0.0106030
44.599616	0.0113282
44.607462	0.0110479
44.615309	0.0113235
44.623156	0.0103062
44.631004	0.0114640
44.638853	0.0114566
44.646703	0.0120892
44.654553	0.0106827
44.662404	0.0117963
44.670256	0.0113186
44.678109	0.0113198
44.685962	0.0105404
44.693816	0.0110780
44.701670	0.0107978
44.709526	0.0120109
44.717382	0.0108931
44.725238	0.0099304
44.733096	0.0115125
44.740954	0.0103494
44.748813	0.0113916
44.756672	0.0112062
44.764532	0.0117576
44.772393	0.0122674
44.780255	0.0111553
44.788117	0.0113310
44.795980	0.0138170
44.803844	0.0110243
44.811708	0.0121317
44.819573	0.0105281
44.827439	0.0105038
44.835306	0.0113587
44.843173	0.0111447
44.851041	0.0118167
44.858909	0.0119033
44.866779	0.0109407
44.874649	0.0111563
44.882519	0.0116330
44.890391	0.0115041
44.898263	0.0125850
44.906136	0.0118723
44.914009	0.0116236
44.921884	0.0109225
44.929758	0.0103219
44.937634	0.0115803
44.945510	0.0106273
44.953387	0.0108229
44.961265	0.0113093
44.969144	0.0115404
44.977023	0.0116663
44.984903	0.0113105
44.992783	0.0108177
45.000665	0.0120288
45.008547	0.0114487
45.016429	0.0111379
45.024313	0.0119345
45.032197	0.0122898
45.040081	0.0114000
45.047967	0.0121228
45.055853	0.0121615
45.063740	0.0116472
45.071628	0.0099217
45.079516	0.0118826
45.087405	0.0110632
45.095294	0.0114580
45.103185	0.0116277
45.111076	0.0115828
45.118968	0.0121531
45.126860	0.0113728
45.134753	0.0105093
45.142647	0.0117644
45.150542	0.0117579
45.158437	0.0111419
45.166333	0.0105754
45.174230	0.0113344
45.182127	0.0110715
45.190026	0.0120918
45.197924	0.0113214
45.205824	0.0119979
45.213724	0.0116917
45.221625	0.0125982
45.229527	0.0111536
45.237429	0.0122560
45.245332	0.0111712
45.253236	0.0109016
45.261140	0.0108239
45.269045	0.0116337
45.276951	0.0118786
45.284858	0.0110735
45.292765	0.0108193
45.300673	0.0123703
45.308582	0.0104854
45.316491	0.0119280
45.324401	0.0114809
45.332312	0.0115736
45.340223	0.0103729
45.348136	0.0122442
45.356048	0.0106464
45.363962	0.0115544
45.371876	0.0105598
45.379791	0.0105527
45.387707	0.0124241
45.395623	0.0107911
45.403540	0.0112807
45.411458	0.0110227
45.419377	0.0101419
45.427296	0.0108130
45.435216	0.0113790
45.443136	0.0104310
45.451058	0.0105612
45.458980	0.0117584
45.466902	0.0117383
45.474826	0.0121647
45.482750	0.0116214
45.490675	0.0112228
45.498600	0.0106930
45.506526	0.0120553
45.514453	0.0115383
45.522381	0.0105890
45.530309	0.0116831
45.538238	0.0115703
45.546168	0.0109251
45.554098	0.0102211
45.562030	0.0099829
45.569961	0.0112434
45.577894	0.0107351
45.585827	0.0113647
45.593761	0.0108555
45.601696	0.0115557
45.609631	0.0108477
45.617567	0.0115084
45.625504	0.0115091
45.633441	0.0116611
45.641380	0.0119882
45.649318	0.0100521
45.657258	0.0107761
45.665198	0.0109296
45.673139	0.0106952
45.681081	0.0115588
45.689023	0.0102452
45.696966	0.0104231
45.704910	0.0119788
45.712855	0.0115181
45.720800	0.0111185
45.728746	0.0112894
45.736692	0.0104917
45.744639	0.0120009
45.752587	0.0102152
45.760536	0.0110271
45.768486	0.0120935
45.776436	0.0106728
45.784386	0.0121896
45.792338	0.0125676
45.800290	0.0171979
45.808243	0.0215121
45.816197	0.0299165
45.824151	0.0427673
45.832106	0.0533488
45.840062	0.0638126
45.848018	0.0697121
45.855975	0.0690556
45.863933	0.0670344
45.871892	0.0591427
45.879851	0.0497930
45.887811	0.0430576
45.895771	0.0342358
45.903733	0.0265203
45.911695	0.0206195
45.919658	0.0162478
45.927621	0.0135533
45.935585	0.0121016
45.943550	0.0133005
45.951516	0.0120029
45.959482	0.0114452
45.967449	0.0105573
45.975416	0.0106976
45.983385	0.0114094
45.991354	0.0102085
45.999324	0.0106089
46.007294	0.0108085
46.015265	0.0111736
46.023237	0.0104044
46.031210	0.0112185
46.039183	0.0116639
46.047157	0.0097352
46.055132	0.0103672
46.063107	0.0119956
46.071083	0.0102416
46.079060	0.0118278
46.087037	0.0118193
46.095016	0.0117882
46.102994	0.0101855
46.110974	0.0115262
46.118954	0.0118956
46.126935	0.0125164
46.134917	0.0116945
46.142900	0.0119047
46.150883	0.0104245
46.158866	0.0103723
46.166851	0.0118545
46.174836	0.0117186
46.182822	0.0117565
46.190809	0.0097753
46.198796	0.0109629
46.206784	0.0114836
46.214773	0.0101399
46.222762	0.0110603
46.230752	0.0107288
46.238743	0.0111015
46.246735	0.0106155
46.254727	0.0113254
46.262720	0.0111088
46.270714	0.0114526
46.278708	0.0111116
46.286703	0.0117528
46.294699	0.0098901
46.302695	0.0117816
46.310692	0.0116897
46.318690	0.0118602
46.326689	0.0111496
46.334688	0.0114464
46.342688	0.0115037
46.350689	0.0118989
46.358690	0.0115994
46.366692	0.0109102
46.374695	0.0108049
46.382698	0.0110331
46.390703	0.0121365
46.398707	0.0112581
46.406713	0.0106457
46.414719	0.0107979
46.422726	0.0111700
46.430734	0.0103605
46.438742	0.0111555
46.446752	0.0114207
46.454761	0.0118024
46.462772	0.0117805
46.470783	0.0098797
46.478795	0.0106963
46.486808	0.0119575
46.494821	0.0117576
46.502835	0.0109446
46.510850	0.0115362
46.518865	0.0121237
46.526881	0.0112282
46.534898	0.0117681
46.542916	0.0126895
46.550934	0.0119701
46.558953	0.0111674
46.566972	0.0122756
46.574993	0.0114129
46.583014	0.0115441
46.591035	0.0110377
46.599058	0.0110304
46.607081	0.0107259
46.615105	0.0109172
46.623129	0.0119659
46.631155	0.0116212
46.639181	0.0113527
46.647207	0.0115853
46.655235	0.0104130
46.663263	0.0112240
46.671291	0.0109025
46.679321	0.0116067
46.687351	0.0109133
46.695382	0.0103212
46.703414	0.0116939
46.711446	0.0116126
46.719479	0.0118009
46.727513	0.0112933
46.735547	0.0114574
46.743582	0.0111760
46.751618	0.0111134
46.759654	0.0122575
46.767691	0.0116506
46.775729	0.0117705
46.783768	0.0127249
46.791807	0.0114641
46.799847	0.0109420
46.807888	0.0117849
46.815929	0.0103802
46.823972	0.0116411
46.832014	0.0119505
46.840058	0.0119496
46.848102	0.0096057
46.856147	0.0117740
46.864193	0.0110850
46.872239	0.0108354
46.880286	0.0109430
46.888334	0.0117936
46.896382	0.0106236
46.904431	0.0122320
46.912481	0.0120080
46.920532	0.0120926
46.928583	0.0113437
46.936635	0.0113250
46.944687	0.0108607
46.952741	0.0114894
46.960795	0.0112943
46.968850	0.0117885
46.976905	0.0117419
46.984961	0.0114012
46.993018	0.0117556
47.001076	0.0109534
47.009134	0.0106204
47.017193	0.0110082
47.025253	0.0098380
47.033313	0.0120126
47.041374	0.0114595
47.049436	0.0112019
47.057498	0.0112560
47.065562	0.0110636
47.073625	0.0101298
47.081690	0.0120390
47.089755	0.0111249
47.097821	0.0114029
47.105888	0.0124045
47.113955	0.0106065
47.122023	0.0123634
47.130092	0.0110303
47.138162	0.0115105
47.146232	0.0109136
47.154303	0.0128372
47.162375	0.0114195
47.170447	0.0111166
47.178520	0.0117582
47.186594	0.0108622
47.194668	0.0111937
47.202743	0.0126110
47.210819	0.0109206
47.218895	0.0116786
47.226973	0.0117051
47.235051	0.0113820
47.243129	0.0107400
47.251209	0.0103053
47.259289	0.0112584
47.267369	0.0125822
47.275451	0.0104681
47.283533	0.0112144
47.291616	0.0115879
47.299699	0.0115717
47.307784	0.0116419
47.315869	0.0108693
47.323954	0.0108864
47.332041	0.0116802
47.340128	0.0112852
47.348216	0.0108761
47.356304	0.0110671
47.364393	0.0113671
47.372483	0.0121494
47.380574	0.0116477
47.388665	0.0110649
47.396757	0.0103002
47.404850	0.0107586
47.412943	0.0127188
47.421037	0.0103346
47.429132	0.0106633
47.437227	0.0117860
47.445324	0.0126489
47.453420	0.0114087
47.461518	0.0119368
47.469616	0.0126516
47.477715	0.0103981
47.485815	0.0104375
47.493915	0.0127746
47.502017	0.0116206
47.510118	0.0112390
47.518221	0.0123663
47.526324	0.0106381
47.534428	0.0122753
47.542533	0.0117991
47.550638	0.0121801
47.558744	0.0095890
47.566851	0.0113268
47.574958	0.0103447
47.583066	0.0114485
47.591175	0.0122295
47.599285	0.0114195
47.607395	0.0122560
47.615506	0.0115273
47.623618	0.0133839
47.631730	0.0113628
47.639843	0.0112852
47.647957	0.0115350
47.656071	0.0118658
47.664186	0.0107299
47.672302	0.0118136
47.680419	0.0108843
47.688536	0.0110995
47.696654	0.0114797
47.704773	0.0109374
47.712892	0.0114848
47.721012	0.0109559
47.729133	0.0099218
47.737254	0.0115538
47.745377	0.0104246
47.753499	0.0112871
47.761623	0.0119494
47.769747	0.0123074
47.777872	0.0109949
47.785998	0.0129040
47.794124	0.0115220
47.802252	0.0114691
47.810379	0.0110111
47.818508	0.0105774
47.826637	0.0112019
47.834767	0.0119195
47.842898	0.0122629
47.851029	0.0114009
47.859161	0.0123555
47.867294	0.0113975
47.875427	0.0111004
47.883561	0.0122800
47.891696	0.0108354
47.899832	0.0109276
47.907968	0.0117529
47.916105	0.0122733
47.924242	0.0116635
47.932381	0.0111849
47.940520	0.0108871
47.948660	0.0114954
47.956800	0.0116542
47.964941	0.0103551
47.973083	0.0096731
47.981226	0.0108754
47.989369	0.0113048
47.997513	0.0117876
48.005657	0.0118457
48.013803	0.0121962
48.021949	0.0124455
48.030096	0.0111033
48.038243	0.0118732
48.046391	0.0111652
48.054540	0.0110118
48.062690	0.0116173
48.070840	0.0119453
48.078991	0.0107560
48.087143	0.0133762
48.095295	0.0111170
48.103448	0.0117600
48.111602	0.0104707
48.119756	0.0115825
48.127912	0.0108020
48.136068	0.0111531
48.144224	0.0114694
48.152381	0.0116667
48.160540	0.0117449
48.168698	0.0116603
48.176858	0.0118013
48.185018	0.0115015
48.193179	0.0094022
48.201340	0.0109126
48.209502	0.0115534
48.217665	0.0120038
48.225829	0.0110696
48.233993	0.0110388
48.242158	0.0116327
48.250324	0.0121910
48.258490	0.0112911
48.266658	0.0114753
48.274825	0.0127400
48.282994	0.0127409
48.291163	0.0116399
48.299333	0.0112009
48.307504	0.0118224
48.315675	0.0111712
48.323847	0.0118201
48.332020	0.0115624
48.340193	0.0112887
48.348368	0.0111843
48.356542	0.0111326
48.364718	0.0117362
48.372894	0.0117668
48.381071	0.0120803
48.389249	0.0123020
48.397427	0.0110223
48.405606	0.0105144
48.413786	0.0124874
48.421967	0.0128736
48.430148	0.0099765
48.438330	0.0120351
48.446512	0.0116414
48.454696	0.0121144
48.462880	0.0106124
48.471064	0.0112591
48.479250	0.0120608
48.487436	0.0128622
48.495623	0.0107895
48.503810	0.0100729
48.511998	0.0116279
48.520187	0.0125392
48.528377	0.0113624
48.536567	0.0113635
48.544758	0.0109780
48.552950	0.0097568
48.561142	0.0115166
48.569336	0.0114640
48.577529	0.0120680
48.585724	0.0119317
48.593919	0.0126892
48.602115	0.0122624
48.610312	0.0103950
48.618509	0.0112736
48.626707	0.0121756
48.634906	0.0116689
48.643105	0.0114681
48.651305	0.0109022
48.659506	0.0118198
48.667708	0.0107220
48.675910	0.0114160
48.684113	0.0115374
48.692317	0.0103046
48.700521	0.0117940
48.708726	0.0116118
48.716932	0.0114847
48.725138	0.0120025
48.733346	0.0105497
48.741553	0.0132998
48.749762	0.0115898
48.757971	0.0120239
48.766181	0.0114299
48.774392	0.0113899
48.782603	0.0108142
48.790815	0.0125124
48.799028	0.0114624
48.807242	0.0116409
48.815456	0.0123359
48.823671	0.0118201
48.831886	0.0112037
48.840103	0.0125418
48.848320	0.0107497
48.856538	0.0112268
48.864756	0.0117955
48.872975	0.0110142
48.881195	0.0122631
48.889415	0.0112092
48.897637	0.0114536
48.905859	0.0107062
48.914081	0.0114371
48.922305	0.0120244
48.930529	0.0119114
48.938753	0.0114700
48.946979	0.0114905
48.955205	0.0116769
48.963432	0.0110488
48.971659	0.0116885
48.979888	0.0104091
48.988116	0.0122043
48.996346	0.0116624
49.004576	0.0113573
49.012808	0.0108791
49.021039	0.0108002
49.029272	0.0112273
49.037505	0.0116460
49.045739	0.0116464
49.053973	0.0120363
49.062209	0.0115418
49.070445	0.0117656
49.078681	0.0110360
49.086919	0.0116162
49.095157	0.0126261
49.103396	0.0122490
49.111635	0.0111684
49.119875	0.0122162
49.128116	0.0114225
49.136358	0.0108856
49.144600	0.0117727
49.152843	0.0115147
49.161087	0.0124073
49.169331	0.0122206
49.177576	0.0101546
49.185822	0.0116102
49.194069	0.0122750
49.202316	0.0108737
49.210564	0.0117706
49.218812	0.0125003
49.227062	0.0111215
49.235312	0.0111705
49.243562	0.0118049
49.251814	0.0114195
49.260066	0.0107307
49.268319	0.0116220
49.276572	0.0110120
49.284826	0.0112414
49.293081	0.0113215
49.301337	0.0124321
49.309593	0.0114011
49.317850	0.0107860
49.326108	0.0108533
49.334367	0.0129110
49.342626	0.0113781
49.350886	0.0116963
49.359146	0.0123481
49.367408	0.0106090
49.375669	0.0112815
49.383932	0.0113447
49.392195	0.0119749
49.400460	0.0123240
49.408724	0.0121509
49.416990	0.0115955
49.425256	0.0110623
49.433523	0.0103301
49.441790	0.0124356
49.450059	0.0105969
49.458328	0.0112909
49.466597	0.0121245
49.474868	0.0110980
49.483139	0.0124542
49.491411	0.0125622
49.499683	0.0119834
49.507956	0.0125735
49.516230	0.0117071
49.524505	0.0131592
49.532780	0.0122921
49.541056	0.0113771
49.549333	0.0113701
49.557610	0.0106340
49.565888	0.0120371
49.574167	0.0116530
49.582447	0.0128480
49.590727	0.0103358
49.599008	0.0106610
49.607290	0.0119187
49.615572	0.0112235
49.623855	0.0122429
49.632139	0.0114997
49.640423	0.0118516
49.648708	0.0116575
49.656994	0.0102740
49.665281	0.0126784
49.673568	0.0116342
49.681856	0.0099275
49.690145	0.0118035
49.698434	0.0125959
49.706724	0.0112322
49.715015	0.0117733
49.723306	0.0110716
49.731598	0.0117948
49.739891	0.0119043
49.748185	0.0126352
49.756479	0.0122601
49.764774	0.0112864
49.773070	0.0125302
49.781366	0.0110378
49.789663	0.0105523
49.797961	0.0124569
49.806259	0.0120315
49.814559	0.0116769
49.822859	0.0120684
49.831159	0.0110847
49.839460	0.0104733
49.847762	0.0107628
49.856065	0.0115677
49.864369	0.0118320
49.872673	0.0114417
49.880978	0.0111612
49.889283	0.0118216
49.897589	0.0115037
49.905896	0.0121463
49.914204	0.0103173
49.922512	0.0109934
49.930821	0.0117872
49.939131	0.0106594
49.947441	0.0110897
49.955752	0.0120333
49.964064	0.0120581
49.972377	0.0111055
49.980690	0.0120416
49.989004	0.0097809
49.997319	0.0107395
50.005634	0.0106691
50.013950	0.0112151
50.022267	0.0112797
50.030584	0.0106174
50.038902	0.0108052
50.047221	0.0115001
50.055541	0.0117738
50.063861	0.0134620
50.072182	0.0106328
50.080504	0.0112693
50.088826	0.0111527
50.097149	0.0109321
50.105473	0.0118022
50.113797	0.0119469
50.122123	0.0113118
50.130448	0.0111255
50.138775	0.0110582
50.147102	0.0113287
50.155430	0.0104913
50.163759	0.0123019
50.172088	0.0122517
50.180418	0.0112498
50.188749	0.0110681
50.197081	0.0110976
50.205413	0.0111125
50.213746	0.0116425
50.222079	0.0119761
50.230414	0.0109448
50.238749	0.0113094
50.247085	0.0110640
50.255421	0.0105577
50.263758	0.0122754
50.272096	0.0104144
50.280434	0.0111557
50.288774	0.0110147
50.297114	0.0103059
50.305454	0.0121266
50.313796	0.0128228
50.322138	0.0116340
50.330480	0.0127871
50.338824	0.0122076
50.347168	0.0113495
50.355513	0.0119192
50.363858	0.0121213
50.372205	0.0115537
50.380552	0.0118586
50.388899	0.0122579
50.397248	0.0120631
50.405597	0.0119455
50.413946	0.0107173
50.422297	0.0106640
50.430648	0.0116558
50.439000	0.0114536
50.447352	0.0109920
50.455706	0.0106932
50.464060	0.0118030
50.472414	0.0128004
50.480770	0.0121333
50.489126	0.0123695
50.497483	0.0129461
50.505840	0.0100531
50.514198	0.0115238
50.522557	0.0108284
50.530917	0.0115454
50.539277	0.0114554
50.547638	0.0114507
50.556000	0.0117657
50.564362	0.0122587
50.572725	0.0117048
50.581089	0.0123271
50.589454	0.0121816
50.597819	0.0119839
50.606185	0.0106800
50.614551	0.0101853
50.622919	0.0110495
50.631287	0.0116220
50.639656	0.0122262
50.648025	0.0120035
50.656395	0.0108224
50.664766	0.0122074
50.673137	0.0105718
50.681510	0.0117063
50.689883	0.0114146
50.698256	0.0117987
50.706631	0.0115814
50.715006	0.0107118
50.723381	0.0110042
50.731758	0.0119484
50.740135	0.0116094
50.748513	0.0109005
50.756891	0.0112956
50.765271	0.0116632
50.773651	0.0128532
50.782031	0.0118292
50.790413	0.0111565
50.798795	0.0113546
50.807178	0.0115712
50.815561	0.0125075
50.823945	0.0111980
50.832330	0.0122899
50.840716	0.0120671
50.849102	0.0112180
50.857489	0.0113156
50.865877	0.0112014
50.874265	0.0096957
50.882654	0.0100377
50.891044	0.0121490
50.899434	0.0121136
50.907826	0.0113888
50.916218	0.0107038
50.924610	0.0109929
50.933004	0.0112398
50.941398	0.0116628
50.949792	0.0121735
50.958188	0.0128114
50.966584	0.0106577
50.974981	0.0109809
50.983378	0.0119334
50.991776	0.0109865
51.000175	0.0123604
51.008575	0.0108125
51.016975	0.0121091
51.025376	0.0110067
51.033778	0.0118686
51.042181	0.0117628
51.050584	0.0103112
51.058988	0.0110929
51.067392	0.0119013
51.075797	0.0121971
51.084203	0.0128481
51.092610	0.0122017
51.101017	0.0153271
51.109425	0.0160198
51.117834	0.0186779
51.126244	0.0202224
51.134654	0.0225503
51.143065	0.0235977
51.151476	0.0205969
51.159888	0.0203774
51.168301	0.0209762
51.176715	0.0176493
51.185130	0.0156223
51.193545	0.0146308
51.201960	0.0126598
51.210377	0.0130359
51.218794	0.0118336
51.227212	0.0121526
51.235631	0.0116819
51.244050	0.0099923
51.252470	0.0121254
51.260891	0.0109639
51.269312	0.0112200
51.277734	0.0116828
51.286157	0.0110987
51.294580	0.0107686
51.303005	0.0124422
51.311430	0.0119884
51.319855	0.0131374
51.328282	0.0109677
51.336709	0.0112913
51.345136	0.0123372
51.353565	0.0113063
51.361994	0.0112817
51.370424	0.0106272
51.378854	0.0116301
51.387285	0.0118210
51.395717	0.0111862
51.404150	0.0111443
51.412583	0.0115393
51.421017	0.0114131
51.429452	0.0105618
51.437888	0.0135364
51.446324	0.0119182
51.454761	0.0110782
51.463198	0.0122024
51.471637	0.0110275
51.480076	0.0112949
51.488515	0.0112335
51.496956	0.0119440
51.505397	0.0121235
51.513838	0.0110844
51.522281	0.0098181
51.530724	0.0120411
51.539168	0.0115139
51.547613	0.0108940
51.556058	0.0120273
51.564504	0.0118359
51.572951	0.0112651
51.581398	0.0115910
51.589846	0.0113952
51.598295	0.0102271
51.606744	0.0114491
51.615195	0.0114343
51.623645	0.0116249
51.632097	0.0113166
51.640549	0.0115874
51.649002	0.0121366
51.657456	0.0112918
51.665911	0.0112998
51.674366	0.0119102
51.682821	0.0123243
51.691278	0.0118644
51.699735	0.0116139
51.708193	0.0118046
51.716652	0.0127298
51.725111	0.0115771
51.733571	0.0122755
51.742032	0.0113229
51.750493	0.0114270
51.758956	0.0115983
51.767418	0.0125065
51.775882	0.0118870
51.784346	0.0118226
51.792811	0.0111226
51.801277	0.0116324
51.809743	0.0126027
51.818210	0.0104879
51.826678	0.0116406
51.835146	0.0111790
51.843616	0.0108720
51.852086	0.0127280
51.860556	0.0126595
51.869027	0.0112529
51.877499	0.0126086
51.885972	0.0114944
51.894445	0.0111114
51.902919	0.0114515
51.911394	0.0118172
51.919870	0.0120017
51.928346	0.0115940
51.936823	0.0118961
51.945300	0.0118917
51.953779	0.0112387
51.962258	0.0096514
51.970737	0.0110881
51.979218	0.0118046
51.987699	0.0115370
51.996181	0.0109024
52.004663	0.0108851
52.013147	0.0122545
52.021630	0.0120695
52.030115	0.0115835
52.038600	0.0119255
52.047086	0.0117362
52.055573	0.0126394
52.064061	0.0107653
52.072549	0.0110639
52.081038	0.0114084
52.089527	0.0107269
52.098017	0.0108014
52.106508	0.0110043
52.115000	0.0113780
52.123492	0.0108375
52.131985	0.0113841
52.140479	0.0113000
52.148974	0.0105455
52.157469	0.0115284
52.165965	0.0116811
52.174461	0.0121001
52.182958	0.0112090
52.191456	0.0118034
52.199955	0.0115238
52.208454	0.0114066
52.216955	0.0109431
52.225455	0.0119799
52.233957	0.0126059
52.242459	0.0105815
52.250962	0.0127894
52.259465	0.0118580
52.267970	0.0112509
52.276475	0.0121594
52.284980	0.0130528
52.293487	0.0127880
52.301994	0.0118053
52.310502	0.0117196
52.319010	0.0132434
52.327520	0.0114482
52.336029	0.0118932
52.344540	0.0111528
52.353051	0.0136784
52.361563	0.0115347
52.370076	0.0114850
52.378590	0.0116625
52.387104	0.0134666
52.395618	0.0122708
52.404134	0.0115798
52.412650	0.0112666
52.421167	0.0114138
52.429685	0.0105464
52.438203	0.0116104
52.446722	0.0114996
52.455242	0.0120797
52.463762	0.0123798
52.472284	0.0119680
52.480805	0.0134996
52.489328	0.0114207
52.497851	0.0105096
52.506375	0.0120967
52.514900	0.0123719
52.523425	0.0118015
52.531951	0.0127198
52.540478	0.0121949
52.549005	0.0123219
52.557534	0.0107476
52.566063	0.0123339
52.574592	0.0110210
52.583122	0.0119793
52.591653	0.0118373
52.600185	0.0126796
52.608717	0.0128714
52.617251	0.0117828
52.625784	0.0123471
52.634319	0.0115879
52.642854	0.0110896
52.651390	0.0122880
52.659927	0.0123394
52.668464	0.0119020
52.677002	0.0117167
52.685541	0.0112827
52.694080	0.0099654
52.702620	0.0122193
52.711161	0.0113885
52.719702	0.0119276
52.728245	0.0114985
52.736788	0.0115029
52.745331	0.0106267
52.753876	0.0122042
52.762421	0.0120307
52.770966	0.0111544
52.779513	0.0123875
52.788060	0.0165213
52.796608	0.0221899
52.805156	0.0348998
52.813705	0.0563604
52.822255	0.0964585
52.830806	0.1456448
52.839357	0.2019468
52.847909	0.2567835
52.856462	0.3020307
52.865016	0.3116900
52.873570	0.3007788
52.882125	0.2671641
52.890680	0.2292372
52.899237	0.1863444
52.907794	0.1399569
52.916351	0.0992953
52.924910	0.0705431
52.933469	0.0461579
52.942028	0.0320809
52.950589	0.0227049
52.959150	0.0158409
52.967712	0.0136963
52.976275	0.0114389
52.984838	0.0115575
52.993402	0.0109918
53.001967	0.0113812
53.010532	0.0127199
53.019098	0.0120485
53.027665	0.0115345
53.036232	0.0115925
53.044801	0.0115378
53.053370	0.0111568
53.061939	0.0132054
53.070509	0.0116691
53.079080	0.0119022
53.087652	0.0120567
53.096225	0.0123810
53.104798	0.0115047
53.113372	0.0108149
53.121946	0.0105297
53.130521	0.0118121
53.139097	0.0131202
53.147674	0.0124316
53.156251	0.0113054
53.164829	0.0122195
53.173408	0.0112727
53.181987	0.0129713
53.190568	0.0112553
53.199149	0.0112131
53.207730	0.0116531
53.216312	0.0117755
53.224895	0.0112747
53.233479	0.0121612
53.242063	0.0111526
53.250648	0.0122211
53.259234	0.0120025
53.267821	0.0106241
53.276408	0.0109918
53.284996	0.0124257
53.293584	0.0113851
53.302174	0.0118719
53.310764	0.0114068
53.319354	0.0120556
53.327946	0.0116473
53.336538	0.0104263
53.345130	0.0120095
53.353724	0.0109816
53.362318	0.0115219
53.370913	0.0116576
53.379509	0.0127111
53.388105	0.0114138
53.396702	0.0112096
53.405300	0.0117054
53.413898	0.0120206
53.422497	0.0109779
53.431097	0.0121579
53.439698	0.0127392
53.448299	0.0120518
53.456901	0.0121164
53.465503	0.0122856
53.474107	0.0118485
53.482711	0.0126743
53.491315	0.0120019
53.499921	0.0114076
53.508527	0.0105855
53.517134	0.0115104
53.525741	0.0117463
53.534350	0.0117328
53.542959	0.0114109
53.551568	0.0128128
53.560179	0.0119610
53.568790	0.0122230
53.577401	0.0126242
53.586014	0.0109934
53.594627	0.0108197
53.603241	0.0122559
53.611856	0.0118017
53.620471	0.0116652
53.629087	0.0128054
53.637703	0.0123545
53.646321	0.0119606
53.654939	0.0114822
53.663558	0.0119826
53.672177	0.0114221
53.680797	0.0121052
53.689418	0.0114726
53.698040	0.0112021
53.706662	0.0123350
53.715285	0.0112969
53.723909	0.0122816
53.732533	0.0120724
53.741158	0.0111254
53.749784	0.0124983
53.758411	0.0127076
53.767038	0.0116548
53.775666	0.0113768
53.784294	0.0119272
53.792924	0.0119081
53.801554	0.0111532
53.810184	0.0118532
53.818816	0.0121443
53.827448	0.0125390
53.836081	0.0117693
53.844714	0.0121191
53.853349	0.0121353
53.861984	0.0127790
53.870619	0.0114773
53.879256	0.0121976
53.887893	0.0125619
53.896530	0.0125653
53.905169	0.0131874
53.913808	0.0119070
53.922448	0.0114131
53.931088	0.0121979
53.939730	0.0134715
53.948372	0.0119721
53.957014	0.0123168
53.965658	0.0121160
53.974302	0.0117966
53.982946	0.0108867
53.991592	0.0111867
54.000238	0.0124236
54.008885	0.0132666
54.017533	0.0121863
54.026181	0.0116871
54.034830	0.0108810
54.043479	0.0116978
54.052130	0.0113366
54.060781	0.0119550
54.069433	0.0112555
54.078085	0.0123992
54.086738	0.0125865
54.095392	0.0117788
54.104047	0.0121596
54.112702	0.0120172
54.121358	0.0121984
54.130015	0.0115583
54.138672	0.0112361
54.147331	0.0120902
54.155989	0.0120741
54.164649	0.0121724
54.173309	0.0133417
54.181970	0.0117531
54.190632	0.0130268
54.199294	0.0130489
54.207957	0.0109021
54.216621	0.0111420
54.225285	0.0111143
54.233950	0.0127149
54.242616	0.0124585
54.251283	0.0114869
54.259950	0.0126193
54.268618	0.0110080
54.277287	0.0132066
54.285956	0.0116797
54.294626	0.0124225
54.303297	0.0117842
54.311968	0.0114294
54.320640	0.0103922
54.329313	0.0131851
54.337987	0.0118325
54.346661	0.0113667
54.355336	0.0120864
54.364012	0.0115939
54.372688	0.0114580
54.381365	0.0110438
54.390043	0.0123421
54.398722	0.0116977
54.407401	0.0126060
54.416081	0.0115921
54.424761	0.0120774
54.433442	0.0124883
54.442124	0.0114867
54.450807	0.0123118
54.459491	0.0115586
54.468175	0.0125042
54.476860	0.0114919
54.485545	0.0114535
54.494231	0.0111943
54.502918	0.0114238
54.511606	0.0126254
54.520294	0.0115609
54.528983	0.0112085
54.537673	0.0109722
54.546363	0.0118874
54.555054	0.0105729
54.563746	0.0118501
54.572439	0.0115416
54.581132	0.0115205
54.589826	0.0113095
54.598521	0.0124049
54.607216	0.0122835
54.615912	0.0107003
54.624609	0.0130878
54.633306	0.0120876
54.642004	0.0122132
54.650703	0.0117692
54.659403	0.0115323
54.668103	0.0121938
54.676804	0.0132828
54.685506	0.0114417
54.694208	0.0115730
54.702911	0.0129496
54.711615	0.0119614
54.720319	0.0119757
54.729024	0.0119638
54.737730	0.0121457
54.746437	0.0112249
54.755144	0.0112770
54.763852	0.0123740
54.772561	0.0115810
54.781270	0.0117945
54.789980	0.0121443
54.798691	0.0128457
54.807403	0.0116436
54.816115	0.0113220
54.824828	0.0119376
54.833541	0.0132341
54.842256	0.0144796
54.850971	0.0134541
54.859686	0.0134316
54.868403	0.0133035
54.877120	0.0116791
54.885838	0.0140454
54.894556	0.0126919
54.903276	0.0127337
54.911996	0.0120542
54.920716	0.0119414
54.929437	0.0130282
54.938160	0.0118188
54.946882	0.0123779
54.955606	0.0123470
54.964330	0.0117964
54.973055	0.0107321
54.981780	0.0122938
54.990506	0.0116678
54.999233	0.0113623
55.007961	0.0112423
55.016689	0.0133305
55.025418	0.0126058
55.034148	0.0105492
55.042879	0.0120772
55.051610	0.0113206
55.060342	0.0118136
55.069074	0.0117898
55.077808	0.0118450
55.086542	0.0125276
55.095276	0.0123201
55.104012	0.0121991
55.112748	0.0124736
55.121485	0.0115267
55.130222	0.0127039
55.138960	0.0118856
55.147699	0.0115472
55.156439	0.0112616
55.165179	0.0116859
55.173920	0.0116683
55.182662	0.0121318
55.191404	0.0113190
55.200147	0.0110087
55.208891	0.0128067
55.217636	0.0121831
55.226381	0.0110017
55.235127	0.0109703
55.243873	0.0116454
55.252621	0.0120844
55.261369	0.0114105
55.270117	0.0111296
55.278867	0.0109985
55.287617	0.0130938
55.296368	0.0112400
55.305119	0.0113382
55.313872	0.0104173
55.322624	0.0110334
55.331378	0.0113779
55.340132	0.0117942
55.348887	0.0126979
55.357643	0.0114846
55.366400	0.0122163
55.375157	0.0113041
55.383915	0.0124959
55.392673	0.0119712
55.401433	0.0120995
55.410193	0.0113334
55.418953	0.0117898
55.427715	0.0123552
55.436477	0.0122371
55.445239	0.0122919
55.454003	0.0129896
55.462767	0.0116779
55.471532	0.0121446
55.480298	0.0103563
55.489064	0.0127344
55.497831	0.0128147
55.506598	0.0117513
55.515367	0.0119738
55.524136	0.0125338
55.532906	0.0118491
55.541676	0.0119564
55.550447	0.0119877
55.559219	0.0108857
55.567992	0.0120913
55.576765	0.0121855
55.585539	0.0114120
55.594314	0.0113043
55.603089	0.0129258
55.611866	0.0133271
55.620642	0.0121726
55.629420	0.0121016
55.638198	0.0118090
55.646977	0.0098687
55.655757	0.0117687
55.664537	0.0127069
55.673318	0.0113743
55.682100	0.0112076
55.690882	0.0106837
55.699665	0.0109919
55.708449	0.0112969
55.717234	0.0119410
55.726019	0.0124062
55.734805	0.0124035
55.743592	0.0130264
55.752379	0.0118096
55.761167	0.0113785
55.769956	0.0117002
55.778745	0.0118460
55.787536	0.0109796
55.796326	0.0119991
55.805118	0.0118562
55.813910	0.0124367
55.822703	0.0127129
55.831497	0.0128411
55.840291	0.0120502
55.849086	0.0123277
55.857882	0.0114059
55.866679	0.0128000
55.875476	0.0124427
55.884274	0.0120110
55.893072	0.0114271
55.901872	0.0117139
55.910672	0.0121191
55.919472	0.0120440
55.928274	0.0138939
55.937076	0.0131022
55.945879	0.0120136
55.954682	0.0118155
55.963486	0.0115340
55.972291	0.0100880
55.981097	0.0122712
55.989903	0.0118590
55.998710	0.0125842
56.007518	0.0109437
56.016326	0.0124644
56.025136	0.0119970
56.033945	0.0124524
56.042756	0.0113855
56.051567	0.0122910
56.060379	0.0126746
56.069192	0.0119482
56.078005	0.0119084
56.086819	0.0116633
56.095634	0.0126066
56.104449	0.0118360
56.113266	0.0108125
56.122082	0.0116678
56.130900	0.0117588
56.139718	0.0110815
56.148537	0.0114199
56.157357	0.0128599
56.166177	0.0121197
56.174998	0.0110150
56.183820	0.0118231
56.192643	0.0123810
56.201466	0.0127404
56.210290	0.0116280
56.219114	0.0114242
56.227939	0.0116802
56.236765	0.0110260
56.245592	0.0123625
56.254420	0.0106495
56.263248	0.0117004
56.272076	0.0113326
56.280906	0.0123615
56.289736	0.0121059
56.298567	0.0121158
56.307399	0.0119010
56.316231	0.0120995
56.325064	0.0120447
56.333898	0.0120673
56.342732	0.0110061
56.351567	0.0123420
56.360403	0.0117603
56.369240	0.0125447
56.378077	0.0120373
56.386915	0.0116890
56.395753	0.0121415
56.404593	0.0112391
56.413433	0.0125300
56.422274	0.0132284
56.431115	0.0122606
56.439957	0.0129161
56.448800	0.0123729
56.457644	0.0121850
56.466488	0.0120150
56.475333	0.0113312
56.484178	0.0117134
56.493025	0.0128475
56.501872	0.0108983
56.510720	0.0124534
56.519568	0.0111083
56.528417	0.0116102
56.537267	0.0116593
56.546118	0.0116043
56.554969	0.0117649
56.563821	0.0119448
56.572674	0.0117387
56.581527	0.0109614
56.590381	0.0126997
56.599236	0.0122584
56.608091	0.0119555
56.616948	0.0116249
56.625804	0.0123983
56.634662	0.0124701
56.643520	0.0120001
56.652379	0.0115968
56.661239	0.0121695
56.670100	0.0124564
56.678961	0.0125208
56.687822	0.0130084
56.696685	0.0117130
56.705548	0.0114354
56.714412	0.0126285
56.723277	0.0119119
56.732142	0.0117879
56.741008	0.0110447
56.749875	0.0120300
56.758742	0.0126051
56.767610	0.0115622
56.776479	0.0110463
56.785349	0.0103020
56.794219	0.0130292
56.803090	0.0131846
56.811962	0.0115498
56.820834	0.0124730
56.829707	0.0118277
56.838581	0.0119699
56.847455	0.0117991
56.856330	0.0117446
56.865206	0.0112435
56.874083	0.0122246
56.882960	0.0122506
56.891838	0.0119685
56.900717	0.0117381
56.909596	0.0122518
56.918476	0.0131623
56.927357	0.0116477
56.936238	0.0114461
56.945121	0.0126166
56.954003	0.0125104
56.962887	0.0113838
56.971771	0.0116204
56.980656	0.0111966
56.989542	0.0122894
56.998428	0.0116121
57.007316	0.0135110
57.016203	0.0122559
57.025092	0.0119965
57.033981	0.0125243
57.042871	0.0119350
57.051762	0.0118887
57.060653	0.0124864
57.069545	0.0123035
57.078438	0.0114818
57.087331	0.0110201
57.096225	0.0120480
57.105120	0.0112297
57.114016	0.0123274
57.122912	0.0120746
57.131809	0.0124424
57.140706	0.0121150
57.149605	0.0124393
57.158504	0.0120607
57.167403	0.0124307
57.176304	0.0112588
57.185205	0.0117776
57.194107	0.0120509
57.203009	0.0114278
57.211913	0.0115533
57.220817	0.0112642
57.229721	0.0121348
57.238627	0.0119429
57.247533	0.0108002
57.256439	0.0116097
57.265347	0.0118321
57.274255	0.0119776
57.283164	0.0124843
57.292074	0.0128695
57.300984	0.0124264
57.309895	0.0116879
57.318807	0.0127729
57.327719	0.0127680
57.336632	0.0116557
57.345546	0.0130307
57.354460	0.0115409
57.363375	0.0125155
57.372291	0.0122911
57.381208	0.0126263
57.390125	0.0127037
57.399043	0.0118399
57.407962	0.0117153
57.416881	0.0124810
57.425802	0.0116525
57.434722	0.0117320
57.443644	0.0117400
57.452566	0.0119384
57.461489	0.0119824
57.470413	0.0117398
57.479337	0.0127749
57.488262	0.0122361
57.497188	0.0121947
57.506114	0.0129479
57.515041	0.0130063
57.523969	0.0122812
57.532898	0.0124592
57.541827	0.0115475
57.550757	0.0126771
57.559688	0.0134806
57.568619	0.0116917
57.577551	0.0118158
57.586484	0.0120873
57.595417	0.0118794
57.604351	0.0111492
57.613286	0.0106637
57.622222	0.0114482
57.631158	0.0120619
57.640095	0.0115625
57.649033	0.0118920
57.657971	0.0123566
57.666910	0.0113044
57.675850	0.0105666
57.684790	0.0119871
57.693732	0.0132437
57.702673	0.0121094
57.711616	0.0116753
57.720559	0.0130442
57.729503	0.0115424
57.738448	0.0116331
57.747393	0.0132037
57.756339	0.0117153
57.765286	0.0136334
57.774234	0.0122076
57.783182	0.0117799
57.792131	0.0134803
57.801081	0.0126545
57.810031	0.0112247
57.818982	0.0112074
57.827934	0.0120602
57.836886	0.0115723
57.845839	0.0120321
57.854793	0.0122316
57.863747	0.0118355
57.872703	0.0106161
57.881659	0.0125012
57.890615	0.0132370
57.899573	0.0124884
57.908531	0.0130344
57.917489	0.0120362
57.926449	0.0107824
57.935409	0.0126180
57.944370	0.0120131
57.953331	0.0122372
57.962294	0.0119652
57.971257	0.0125885
57.980220	0.0110038
57.989185	0.0113683
57.998150	0.0109503
58.007116	0.0111881
58.016082	0.0116355
58.025049	0.0125811
58.034017	0.0119862
58.042986	0.0124759
58.051955	0.0114393
58.060925	0.0118595
58.069896	0.0127602
58.078867	0.0118978
58.087839	0.0130901
58.096812	0.0123904
58.105785	0.0138136
58.114760	0.0130348
58.123734	0.0120041
58.132710	0.0128153
58.141686	0.0121734
58.150663	0.0123893
58.159641	0.0118488
58.168619	0.0122890
58.177599	0.0126214
58.186578	0.0138206
58.195559	0.0110523
58.204540	0.0128095
58.213522	0.0121059
58.222505	0.0123356
58.231488	0.0128195
58.240472	0.0130556
58.249457	0.0111788
58.258442	0.0114902
58.267428	0.0125202
58.276415	0.0118437
58.285403	0.0123860
58.294391	0.0110820
58.303380	0.0121662
58.312370	0.0130323
58.321360	0.0126909
58.330351	0.0112456
58.339343	0.0126140
58.348335	0.0121134
58.357328	0.0113159
58.366322	0.0119643
58.375317	0.0135074
58.384312	0.0113759
58.393308	0.0126911
58.402305	0.0114555
58.411302	0.0129527
58.420300	0.0124021
58.429299	0.0126474
58.438298	0.0121553
58.447299	0.0128922
58.456300	0.0132238
58.465301	0.0120343
58.474303	0.0123937
58.483306	0.0113387
58.492310	0.0116813
58.501314	0.0131785
58.510320	0.0130257
58.519325	0.0123714
58.528332	0.0107862
58.537339	0.0122764
58.546347	0.0121625
58.555356	0.0119395
58.564365	0.0125040
58.573375	0.0122715
58.582386	0.0123152
58.591397	0.0124523
58.600409	0.0131080
58.609422	0.0112682
58.618436	0.0118309
58.627450	0.0121734
58.636465	0.0112275
58.645480	0.0117848
58.654497	0.0121712
58.663514	0.0119004
58.672532	0.0126030
58.681550	0.0113623
58.690569	0.0121334
58.699589	0.0125341
58.708610	0.0123693
58.717631	0.0118315
58.726653	0.0116395
58.735675	0.0124192
58.744699	0.0113582
58.753723	0.0114531
58.762748	0.0120014
58.771773	0.0116510
58.780799	0.0113344
58.789826	0.0129424
58.798854	0.0118894
58.807882	0.0121280
58.816911	0.0121205
58.825941	0.0118565
58.834971	0.0115854
58.844002	0.0129258
58.853034	0.0123637
58.862066	0.0107541
58.871100	0.0115382
58.880134	0.0128811
58.889168	0.0112629
58.898203	0.0124642
58.907240	0.0123997
58.916276	0.0131337
58.925314	0.0128489
58.934352	0.0111556
58.943391	0.0115443
58.952430	0.0122746
58.961470	0.0117076
58.970511	0.0128389
58.979553	0.0109235
58.988595	0.0117357
58.997638	0.0123387
59.006682	0.0117777
59.015726	0.0120809
59.024772	0.0119775
59.033817	0.0120007
59.042864	0.0126442
59.051911	0.0130398
59.060959	0.0136095
59.070008	0.0124361
59.079057	0.0132580
59.088107	0.0111222
59.097158	0.0121771
59.106209	0.0110525
59.115262	0.0123563
59.124314	0.0115855
59.133368	0.0122450
59.142422	0.0112596
59.151477	0.0124043
59.160533	0.0126415
59.169589	0.0114878
59.178646	0.0116513
59.187704	0.0123290
59.196763	0.0123578
59.205822	0.0114386
59.214882	0.0112137
59.223942	0.0126102
59.233004	0.0113324
59.242066	0.0132882
59.251128	0.0116214
59.260192	0.0120371
59.269256	0.0124232
59.278321	0.0114317
59.287386	0.0131927
59.296452	0.0127223
59.305519	0.0117484
59.314587	0.0119934
59.323655	0.0119535
59.332724	0.0120049
59.341794	0.0114615
59.350864	0.0118858
59.359936	0.0124762
59.369007	0.0122165
59.378080	0.0111406
59.387153	0.0124849
59.396227	0.0123546
59.405302	0.0119644
59.414377	0.0141746
59.423453	0.0128775
59.432530	0.0124416
59.441607	0.0126699
59.450685	0.0110832
59.459764	0.0128699
59.468844	0.0123708
59.477924	0.0122123
59.487005	0.0118067
59.496087	0.0124382
59.505169	0.0120486
59.514252	0.0121478
59.523336	0.0120375
59.532420	0.0118165
59.541506	0.0110587
59.550591	0.0123202
59.559678	0.0120064
59.568765	0.0134142
59.577853	0.0120527
59.586942	0.0115994
59.596031	0.0132103
59.605121	0.0120843
59.614212	0.0123559
59.623304	0.0125720
59.632396	0.0132737
59.641489	0.0134960
59.650582	0.0126793
59.659677	0.0131212
59.668772	0.0117925
59.677868	0.0125924
59.686964	0.0125668
59.696061	0.0114136
59.705159	0.0125328
59.714257	0.0129036
59.723357	0.0125020
59.732457	0.0125684
59.741557	0.0113829
59.750659	0.0130331
59.759761	0.0122697
59.768863	0.0128875
59.777967	0.0129554
59.787071	0.0125088
59.796176	0.0126966
59.805281	0.0117222
59.814388	0.0122403
59.823494	0.0122896
59.832602	0.0112488
59.841710	0.0113448
59.850820	0.0127295
59.859929	0.0121754
59.869040	0.0126231
59.878151	0.0121062
59.887263	0.0111438
59.896375	0.0129570
59.905489	0.0123629
59.914603	0.0108347
59.923717	0.0116530
59.932833	0.0127846
59.941949	0.0115100
59.951066	0.0126527
59.960183	0.0125431
59.969301	0.0126939
59.978420	0.0120522
59.987540	0.0121243
59.996660	0.0132076
60.005781	0.0118285
60.014903	0.0115604
60.024025	0.0123127
60.033148	0.0126258
60.042272	0.0109720
60.051397	0.0127909
60.060522	0.0132613
60.069648	0.0112458
60.078774	0.0120425
60.087902	0.0113987
60.097030	0.0126098
60.106158	0.0127607
60.115288	0.0116314
60.124418	0.0124610
60.133549	0.0115895
60.142680	0.0114664
60.151812	0.0130550
60.160945	0.0122161
60.170079	0.0117772
60.179213	0.0113689
60.188348	0.0124309
60.197484	0.0126460
60.206621	0.0129637
60.215758	0.0119162
60.224896	0.0120893
60.234034	0.0128371
60.243174	0.0117912
60.252313	0.0121584
60.261454	0.0115250
60.270596	0.0124330
60.279738	0.0112920
60.288880	0.0122691
60.298024	0.0130645
60.307168	0.0116555
60.316313	0.0117868
60.325458	0.0124791
60.334605	0.0126974
60.343752	0.0130716
60.352899	0.0120990
60.362048	0.0117117
60.371197	0.0121681
60.380347	0.0126958
60.389497	0.0118242
60.398648	0.0109426
60.407800	0.0125039
60.416953	0.0126968
60.426106	0.0123090
60.435260	0.0113168
60.444415	0.0115997
60.453570	0.0117767
60.462726	0.0115138
60.471883	0.0102976
60.481041	0.0115843
60.490199	0.0122977
60.499358	0.0119417
60.508518	0.0124630
60.517678	0.0117102
60.526839	0.0126727
60.536001	0.0128621
60.545163	0.0124269
60.554326	0.0117466
60.563490	0.0124639
60.572655	0.0131231
60.581820	0.0124808
60.590986	0.0130881
60.600153	0.0118639
60.609320	0.0123401
60.618488	0.0105723
60.627657	0.0112492
60.636826	0.0111256
60.645996	0.0118433
60.655167	0.0118926
60.664339	0.0125607
60.673511	0.0126224
60.682684	0.0127155
60.691858	0.0122176
60.701032	0.0121589
60.710207	0.0132720
60.719383	0.0118356
60.728559	0.0130647
60.737737	0.0130700
60.746915	0.0127318
60.756093	0.0121913
60.765272	0.0122425
60.774452	0.0129656
60.783633	0.0124998
60.792815	0.0121779
60.801997	0.0133515
60.811180	0.0153719
60.820363	0.0124787
60.829547	0.0113024
60.838732	0.0125563
60.847918	0.0135829
60.857104	0.0119602
60.866291	0.0120239
60.875479	0.0120327
60.884667	0.0126788
60.893856	0.0123013
60.903046	0.0122138
60.912237	0.0125590
60.921428	0.0139521
60.930620	0.0118146
60.939813	0.0125406
60.949006	0.0129074
60.958200	0.0113917
60.967395	0.0124288
60.976590	0.0122514
60.985786	0.0129009
60.994983	0.0127104
61.004181	0.0133158
61.013379	0.0122575
61.022578	0.0133591
61.031778	0.0111483
61.040978	0.0126068
61.050179	0.0123575
61.059381	0.0116729
61.068583	0.0119230
61.077787	0.0130906
61.086990	0.0117714
61.096195	0.0118588
61.105400	0.0122557
61.114606	0.0119976
61.123813	0.0129228
61.133020	0.0131740
61.142228	0.0119548
61.151437	0.0114774
61.160647	0.0127043
61.169857	0.0139917
61.179068	0.0110848
61.188280	0.0118396
61.197492	0.0135279
61.206705	0.0131032
61.215919	0.0117806
61.225133	0.0137503
61.234348	0.0116783
61.243564	0.0133861
61.252780	0.0126015
61.261998	0.0119561
61.271216	0.0115896
61.280434	0.0113855
61.289654	0.0123889
61.298874	0.0134612
61.308094	0.0108369
61.317316	0.0123498
61.326538	0.0120434
61.335761	0.0121786
61.344984	0.0116992
61.354209	0.0118455
61.363434	0.0125078
61.372659	0.0120104
61.381886	0.0124886
61.391113	0.0129498
61.400340	0.0110141
61.409569	0.0120279
61.418798	0.0115158
61.428028	0.0121793
61.437258	0.0127366
61.446490	0.0122147
61.455722	0.0119908
61.464954	0.0124142
61.474188	0.0122986
61.483422	0.0122277
61.492657	0.0121550
61.501892	0.0117154
61.511128	0.0115931
61.520365	0.0122885
61.529603	0.0129359
61.538841	0.0114248
61.548080	0.0123541
61.557320	0.0123965
61.566560	0.0119021
61.575801	0.0118790
61.585043	0.0117617
61.594286	0.0132248
61.603529	0.0120197
61.612773	0.0131718
61.622017	0.0126293
61.631263	0.0122169
61.640509	0.0122252
61.649756	0.0117473
61.659003	0.0132095
61.668251	0.0116006
61.677500	0.0121483
61.686749	0.0117509
61.696000	0.0126625
61.705251	0.0133907
61.714502	0.0124992
61.723755	0.0129396
61.733008	0.0124805
61.742261	0.0123790
61.751516	0.0123808
61.760771	0.0131401
61.770027	0.0123486
61.779283	0.0111984
61.788541	0.0121863
61.797799	0.0117458
61.807057	0.0129563
61.816317	0.0119813
61.825577	0.0117711
61.834838	0.0129681
61.844099	0.0124640
61.853361	0.0123264
61.862624	0.0127840
61.871888	0.0127013
61.881152	0.0114045
61.890417	0.0134553
61.899683	0.0121086
61.908949	0.0140926
61.918216	0.0132325
61.927484	0.0117631
61.936752	0.0140453
61.946022	0.0115497
61.955292	0.0119074
61.964562	0.0120264
61.973834	0.0132938
61.983106	0.0116231
61.992378	0.0115864
62.001652	0.0132364
62.010926	0.0128620
62.020201	0.0107145
62.029476	0.0129264
62.038752	0.0132656
62.048029	0.0132622
62.057307	0.0118146
62.066585	0.0127861
62.075864	0.0124388
62.085144	0.0131050
62.094425	0.0115431
62.103706	0.0125859
62.112988	0.0114368
62.122270	0.0111265
62.131553	0.0106206
62.140837	0.0126916
62.150122	0.0122532
62.159407	0.0122596
62.168693	0.0123897
62.177980	0.0121349
62.187268	0.0114299
62.196556	0.0125580
62.205845	0.0125758
62.215134	0.0127839
62.224424	0.0136258
62.233715	0.0122977
62.243007	0.0108859
62.252300	0.0124802
62.261593	0.0121623
62.270886	0.0118620
62.280181	0.0114494
62.289476	0.0121352
62.298772	0.0120727
62.308069	0.0130337
62.317366	0.0115131
62.326664	0.0118863
62.335963	0.0123188
62.345262	0.0134530
62.354562	0.0120321
62.363863	0.0129009
62.373164	0.0120180
62.382467	0.0132405
62.391770	0.0123631
62.401073	0.0126184
62.410378	0.0122819
62.419683	0.0123753
62.428988	0.0112444
62.438295	0.0127469
62.447602	0.0108889
62.456910	0.0128406
62.466218	0.0119435
62.475527	0.0126354
62.484837	0.0128344
62.494148	0.0118002
62.503459	0.0115653
62.512771	0.0114496
62.522084	0.0134449
62.531398	0.0115319
62.540712	0.0116161
62.550027	0.0129084
62.559342	0.0125024
62.568659	0.0128309
62.577976	0.0122318
62.587293	0.0130032
62.596612	0.0131326
62.605931	0.0119824
62.615250	0.0121544
62.624571	0.0136513
62.633892	0.0116959
62.643214	0.0130714
62.652537	0.0127213
62.661860	0.0125148
62.671184	0.0122032
62.680509	0.0133575
62.689834	0.0123975
62.699160	0.0127205
62.708487	0.0119365
62.717814	0.0122936
62.727143	0.0120480
62.736471	0.0117188
62.745801	0.0120850
62.755131	0.0117137
62.764462	0.0135891
62.773794	0.0120438
62.783127	0.0114095
62.792460	0.0104220
62.801793	0.0126752
62.811128	0.0113903
62.820463	0.0114588
62.829799	0.0115562
62.839136	0.0123850
62.848473	0.0115177
62.857811	0.0134560
62.867150	0.0127455
62.876489	0.0129465
62.885830	0.0136762
62.895170	0.0122883
62.904512	0.0121875
62.913854	0.0127994
62.923197	0.0123889
62.932541	0.0117261
62.941885	0.0125040
62.951230	0.0127102
62.960576	0.0128405
62.969922	0.0116471
62.979270	0.0126856
62.988618	0.0137262
62.997966	0.0117019
63.007315	0.0122050
63.016665	0.0123839
63.026016	0.0130738
63.035367	0.0114221
63.044719	0.0131246
63.054072	0.0112731
63.063426	0.0123941
63.072780	0.0126581
63.082135	0.0124559
63.091490	0.0132181
63.100847	0.0131188
63.110204	0.0131803
63.119561	0.0122337
63.128920	0.0125253
63.138279	0.0127431
63.147639	0.0117273
63.156999	0.0130606
63.166361	0.0125460
63.175722	0.0126914
63.185085	0.0145891
63.194448	0.0122702
63.203812	0.0132176
63.213177	0.0119204
63.222543	0.0132442
63.231909	0.0125964
63.241276	0.0138952
63.250643	0.0128924
63.260011	0.0119250
63.269380	0.0123282
63.278750	0.0130490
63.288120	0.0133967
63.297491	0.0110224
63.306863	0.0129667
63.316236	0.0129674
63.325609	0.0130589
63.334983	0.0132480
63.344357	0.0124321
63.353732	0.0118363
63.363108	0.0128065
63.372485	0.0122209
63.381862	0.0131862
63.391241	0.0118283
63.400619	0.0137840
63.409999	0.0144518
63.419379	0.0121785
63.428760	0.0115930
63.438141	0.0125264
63.447524	0.0111102
63.456907	0.0128100
63.466290	0.0131508
63.475675	0.0129396
63.485060	0.0120041
63.494446	0.0118794
63.503832	0.0124041
63.513220	0.0119489
63.522607	0.0127160
63.531996	0.0124199
63.541385	0.0120763
63.550775	0.0120131
63.560166	0.0130636
63.569558	0.0120885
63.578950	0.0111703
63.588342	0.0119883
63.597736	0.0129241
63.607130	0.0129827
63.616525	0.0129955
63.625921	0.0128744
63.635317	0.0129617
63.644714	0.0128336
63.654112	0.0123020
63.663510	0.0125999
63.672910	0.0114660
63.682309	0.0120779
63.691710	0.0132818
63.701111	0.0130017
63.710513	0.0125213
63.719916	0.0119307
63.729319	0.0115839
63.738723	0.0129274
63.748128	0.0130238
63.757533	0.0120644
63.766940	0.0117699
63.776347	0.0119978
63.785754	0.0126979
63.795162	0.0127914
63.804571	0.0118425
63.813981	0.0134247
63.823391	0.0123103
63.832803	0.0122130
63.842214	0.0119284
63.851627	0.0114605
63.861040	0.0118780
63.870454	0.0133310
63.879869	0.0128346
63.889284	0.0114108
63.898700	0.0129360
63.908117	0.0128162
63.917534	0.0127298
63.926952	0.0121323
63.936371	0.0110043
63.945790	0.0115294
63.955211	0.0121733
63.964632	0.0131834
63.974053	0.0131096
63.983476	0.0112564
63.992899	0.0128696
64.002322	0.0122175
64.011747	0.0131838
64.021172	0.0130683
64.030598	0.0130486
64.040024	0.0132605
64.049451	0.0129366
64.058879	0.0132449
64.068308	0.0115704
64.077737	0.0115283
64.087167	0.0126742
64.096598	0.0109447
64.106030	0.0129656
64.115462	0.0127950
64.124895	0.0124384
64.134328	0.0128085
64.143763	0.0127725
64.153198	0.0112193
64.162633	0.0117374
64.172070	0.0123962
64.181507	0.0120186
64.190944	0.0127161
64.200383	0.0120186
64.209822	0.0127441
64.219262	0.0139059
64.228703	0.0122511
64.238144	0.0117074
64.247586	0.0117934
64.257029	0.0118289
64.266472	0.0131451
64.275916	0.0135748
64.285361	0.0136398
64.294806	0.0116407
64.304253	0.0113547
64.313700	0.0134285
64.323147	0.0132030
64.332595	0.0119746
64.342044	0.0129255
64.351494	0.0114207
64.360945	0.0137334
64.370396	0.0124193
64.379848	0.0126779
64.389300	0.0144126
64.398753	0.0119797
64.408207	0.0129641
64.417662	0.0116566
64.427117	0.0126321
64.436573	0.0117452
64.446030	0.0125120
64.455487	0.0128197
64.464946	0.0129684
64.474405	0.0125694
64.483864	0.0125448
64.493324	0.0137186
64.502785	0.0129258
64.512247	0.0127620
64.521709	0.0127815
64.531172	0.0125897
64.540636	0.0114394
64.550101	0.0136851
64.559566	0.0131753
64.569032	0.0124336
64.578498	0.0124862
64.587966	0.0127544
64.597434	0.0112292
64.606902	0.0118552
64.616372	0.0119048
64.625842	0.0143847
64.635312	0.0114350
64.644784	0.0130392
64.654256	0.0120986
64.663729	0.0120508
64.673203	0.0140546
64.682677	0.0124711
64.692152	0.0122612
64.701628	0.0107047
64.711104	0.0124604
64.720581	0.0129255
64.730059	0.0120467
64.739538	0.0125949
64.749017	0.0127629
64.758497	0.0130086
64.767977	0.0132391
64.777459	0.0125857
64.786941	0.0122374
64.796423	0.0130106
64.805907	0.0136973
64.815391	0.0116093
64.824876	0.0125674
64.834361	0.0127180
64.843848	0.0116377
64.853335	0.0126823
64.862822	0.0121113
64.872311	0.0136901
64.881800	0.0130978
64.891289	0.0136902
64.900780	0.0121071
64.910271	0.0121119
64.919763	0.0119464
64.929256	0.0119791
64.938749	0.0124360
64.948243	0.0130573
64.957737	0.0128931
64.967233	0.0139592
64.976729	0.0139909
64.986226	0.0126588
64.995723	0.0126194
65.005221	0.0125496
65.014720	0.0142220
65.024220	0.0112674
65.033720	0.0123757
65.043221	0.0119799
65.052723	0.0125469
65.062225	0.0132169
65.071728	0.0141808
65.081232	0.0129276
65.090737	0.0129045
65.100242	0.0120624
65.109748	0.0136836
65.119254	0.0122938
65.128762	0.0128287
65.138270	0.0118322
65.147778	0.0128777
65.157288	0.0117738
65.166798	0.0133350
65.176309	0.0121185
65.185820	0.0141953
65.195333	0.0120906
65.204846	0.0137658
65.214359	0.0136344
65.223874	0.0127123
65.233389	0.0129217
65.242904	0.0121777
65.252421	0.0122818
65.261938	0.0129287
65.271456	0.0129098
65.280974	0.0133016
65.290494	0.0121403
65.300014	0.0125570
65.309534	0.0127297
65.319056	0.0123620
65.328578	0.0138740
65.338100	0.0135359
65.347624	0.0134503
65.357148	0.0121113
65.366673	0.0134618
65.376199	0.0129939
65.385725	0.0131186
65.395252	0.0108156
65.404780	0.0116174
65.414308	0.0127324
65.423837	0.0129065
65.433367	0.0115277
65.442897	0.0116977
65.452428	0.0134811
65.461960	0.0124911
65.471493	0.0126804
65.481026	0.0123065
65.490560	0.0129593
65.500095	0.0128916
65.509630	0.0129433
65.519167	0.0128753
65.528703	0.0139689
65.538241	0.0126035
65.547779	0.0139312
65.557318	0.0126273
65.566858	0.0124542
65.576398	0.0124158
65.585939	0.0136283
65.595481	0.0124909
65.605023	0.0140210
65.614566	0.0121586
65.624110	0.0116212
65.633655	0.0113000
65.643200	0.0136262
65.652746	0.0123314
65.662293	0.0132563
65.671840	0.0125736
65.681388	0.0133334
65.690937	0.0124158
65.700486	0.0127116
65.710036	0.0126707
65.719587	0.0127253
65.729139	0.0133480
65.738691	0.0125532
65.748244	0.0126051
65.757798	0.0124014
65.767352	0.0122252
65.776907	0.0124849
65.786463	0.0124488
65.796020	0.0128829
65.805577	0.0126132
65.815135	0.0131120
65.824693	0.0127764
65.834252	0.0126071
65.843812	0.0113625
65.853373	0.0136998
65.862935	0.0129455
65.872497	0.0123053
65.882059	0.0131238
65.891623	0.0138241
65.901187	0.0131547
65.910752	0.0130708
65.920318	0.0132341
65.929884	0.0120620
65.939451	0.0127215
65.949019	0.0117810
65.958587	0.0121192
65.968156	0.0139990
65.977726	0.0127913
65.987297	0.0123454
65.996868	0.0136679
66.006440	0.0121537
66.016013	0.0124071
66.025586	0.0132706
66.035160	0.0119904
66.044735	0.0128278
66.054310	0.0119661
66.063886	0.0124338
66.073463	0.0126417
66.083041	0.0125774
66.092619	0.0134463
66.102198	0.0132288
66.111778	0.0132839
66.121358	0.0138871
66.130939	0.0140118
66.140521	0.0163206
66.150103	0.0172071
66.159686	0.0192164
66.169270	0.0185338
66.178855	0.0183076
66.188440	0.0177775
66.198026	0.0170288
66.207613	0.0151100
66.217200	0.0147071
66.226788	0.0149070
66.236377	0.0126876
66.245967	0.0141991
66.255557	0.0135069
66.265148	0.0125634
66.274739	0.0127050
66.284332	0.0139004
66.293925	0.0134403
66.303518	0.0124791
66.313113	0.0132756
66.322708	0.0122164
66.332304	0.0142481
66.341900	0.0122328
66.351498	0.0139207
66.361096	0.0133542
66.370694	0.0135363
66.380293	0.0117706
66.389894	0.0130155
66.399494	0.0120460
66.409096	0.0127664
66.418698	0.0116684
66.428301	0.0112376
66.437904	0.0118698
66.447508	0.0136513
66.457113	0.0121206
66.466719	0.0129739
66.476325	0.0118816
66.485932	0.0135007
66.495540	0.0134255
66.505149	0.0129904
66.514758	0.0127864
66.524368	0.0128060
66.533978	0.0118540
66.543590	0.0126506
66.553202	0.0125998
66.562814	0.0129798
66.572428	0.0135146
66.582042	0.0126072
66.591657	0.0136913
66.601272	0.0124475
66.610888	0.0125606
66.620505	0.0124725
66.630123	0.0132730
66.639741	0.0134348
66.649360	0.0141570
66.658980	0.0133669
66.668600	0.0125103
66.678221	0.0130914
66.687843	0.0123502
66.697466	0.0123842
66.707089	0.0129665
66.716713	0.0125041
66.726337	0.0115501
66.735963	0.0113943
66.745589	0.0131903
66.755215	0.0128314
66.764843	0.0122803
66.774471	0.0127516
66.784100	0.0130106
66.793729	0.0115016
66.803360	0.0139719
66.812990	0.0124313
66.822622	0.0134586
66.832254	0.0121592
66.841888	0.0132171
66.851521	0.0116327
66.861156	0.0119460
66.870791	0.0123268
66.880427	0.0117531
66.890063	0.0128423
66.899701	0.0136931
66.909339	0.0138998
66.918977	0.0118524
66.928617	0.0127120
66.938257	0.0126787
66.947897	0.0119382
66.957539	0.0124762
66.967181	0.0111585
66.976824	0.0121199
66.986468	0.0119569
66.996112	0.0137847
67.005757	0.0131551
67.015402	0.0118053
67.025049	0.0113245
67.034696	0.0127518
67.044344	0.0125489
67.053992	0.0127605
67.063641	0.0119431
67.073291	0.0123957
67.082942	0.0135477
67.092593	0.0129690
67.102245	0.0130268
67.111898	0.0133282
67.121551	0.0121764
67.131206	0.0131056
67.140860	0.0127069
67.150516	0.0132619
67.160172	0.0134116
67.169829	0.0122983
67.179487	0.0127766
67.189145	0.0128352
67.198804	0.0122086
67.208464	0.0137919
67.218124	0.0138510
67.227785	0.0130421
67.237447	0.0132372
67.247110	0.0124498
67.256773	0.0127364
67.266437	0.0115730
67.276102	0.0123478
67.285767	0.0124345
67.295433	0.0131584
67.305100	0.0137796
67.314767	0.0137150
67.324436	0.0121960
67.334104	0.0119192
67.343774	0.0133179
67.353444	0.0114830
67.363115	0.0120750
67.372787	0.0129796
67.382459	0.0129787
67.392132	0.0136831
67.401806	0.0123657
67.411481	0.0126998
67.421156	0.0141553
67.430832	0.0129651
67.440508	0.0126066
67.450186	0.0125246
67.459864	0.0118781
67.469542	0.0125710
67.479222	0.0132391
67.488902	0.0136386
67.498583	0.0134936
67.508264	0.0117854
67.517946	0.0138427
67.527629	0.0131935
67.537313	0.0125522
67.546997	0.0114524
67.556682	0.0120222
67.566368	0.0121941
67.576054	0.0125627
67.585742	0.0126036
67.595429	0.0124121
67.605118	0.0131861
67.614807	0.0116613
67.624497	0.0127181
67.634188	0.0137766
67.643879	0.0117777
67.653571	0.0134125
67.663264	0.0131935
67.672957	0.0128157
67.682652	0.0122029
67.692346	0.0128826
67.702042	0.0122764
67.711738	0.0120650
67.721435	0.0119538
67.731133	0.0120261
67.740831	0.0127963
67.750530	0.0125655
67.760230	0.0122338
67.769931	0.0128689
67.779632	0.0121694
67.789334	0.0130407
67.799036	0.0122853
67.808740	0.0129854
67.818443	0.0142608
67.828148	0.0137290
67.837854	0.0127297
67.847560	0.0129097
67.857266	0.0120807
67.866974	0.0122403
67.876682	0.0124914
67.886391	0.0144905
67.896101	0.0131230
67.905811	0.0135362
67.915522	0.0122212
67.925234	0.0126410
67.934946	0.0123042
67.944659	0.0135130
67.954373	0.0135055
67.964088	0.0123103
67.973803	0.0123782
67.983519	0.0131485
67.993235	0.0123442
68.002953	0.0136277
68.012671	0.0120756
68.022390	0.0140164
68.032109	0.0131929
68.041829	0.0118129
68.051550	0.0122982
68.061272	0.0123832
68.070994	0.0129796
68.080717	0.0129465
68.090440	0.0129496
68.100165	0.0131888
68.109890	0.0131283
68.119616	0.0125369
68.129342	0.0130452
68.139069	0.0151844
68.148797	0.0135179
68.158526	0.0121895
68.168255	0.0130828
68.177985	0.0129670
68.187716	0.0128014
68.197447	0.0143424
68.207179	0.0119343
68.216912	0.0126714
68.226645	0.0117715
68.236380	0.0124650
68.246114	0.0129919
68.255850	0.0129774
68.265586	0.0122976
68.275323	0.0134382
68.285061	0.0127769
68.294800	0.0129936
68.304539	0.0140615
68.314278	0.0128803
68.324019	0.0120087
68.333760	0.0130545
68.343502	0.0135614
68.353245	0.0132723
68.362988	0.0135471
68.372732	0.0139340
68.382477	0.0135763
68.392222	0.0127272
68.401968	0.0132299
68.411715	0.0113013
68.421463	0.0123520
68.431211	0.0121473
68.440960	0.0136304
68.450710	0.0151155
68.460460	0.0121171
68.470211	0.0137735
68.479963	0.0129582
68.489715	0.0133623
68.499468	0.0116576
68.509222	0.0137457
68.518977	0.0129386
68.528732	0.0132464
68.538488	0.0123172
68.548245	0.0130787
68.558002	0.0118255
68.567760	0.0139315
68.577519	0.0120268
68.587278	0.0141482
68.597039	0.0127705
68.606799	0.0137380
68.616561	0.0127597
68.626323	0.0138365
68.636086	0.0131628
68.645850	0.0123336
68.655614	0.0129048
68.665380	0.0135117
68.675145	0.0116541
68.684912	0.0121046
68.694679	0.0126269
68.704447	0.0125007
68.714216	0.0123121
68.723985	0.0132571
68.733755	0.0140354
68.743526	0.0122344
68.753297	0.0127960
68.763069	0.0140046
68.772842	0.0136749
68.782616	0.0123650
68.792390	0.0127529
68.802165	0.0131648
68.811940	0.0130613
68.821717	0.0131813
68.831494	0.0125047
68.841271	0.0122327
68.851050	0.0118995
68.860829	0.0124258
68.870609	0.0134070
68.880389	0.0128803
68.890171	0.0127418
68.899953	0.0127061
68.909735	0.0130463
68.919519	0.0130971
68.929303	0.0141528
68.939087	0.0127994
68.948873	0.0131200
68.958659	0.0134489
68.968446	0.0137775
68.978234	0.0128361
68.988022	0.0132008
68.997811	0.0139869
69.007601	0.0140368
69.017391	0.0128477
69.027182	0.0128934
69.036974	0.0126435
69.046766	0.0126213
69.056559	0.0128005
69.066353	0.0129408
69.076148	0.0128384
69.085943	0.0140169
69.095739	0.0132948
69.105536	0.0136840
69.115333	0.0138750
69.125132	0.0137629
69.134930	0.0140611
69.144730	0.0157825
69.154530	0.0175734
69.164331	0.0155004
69.174133	0.0159434
69.183935	0.0164916
69.193738	0.0144673
69.203542	0.0143368
69.213346	0.0155463
69.223151	0.0132929
69.232957	0.0144650
69.242764	0.0148981
69.252571	0.0136129
69.262379	0.0131624
69.272188	0.0144600
69.281997	0.0118962
69.291807	0.0117970
69.301618	0.0116791
69.311429	0.0132333
69.321241	0.0121581
69.331054	0.0137699
69.340868	0.0134308
69.350682	0.0125103
69.360497	0.0130401
69.370313	0.0126648
69.380129	0.0117431
69.389946	0.0133075
69.399764	0.0124047
69.409582	0.0129534
69.419402	0.0134234
69.429221	0.0122915
69.439042	0.0136062
69.448863	0.0136572
69.458685	0.0124775
69.468508	0.0125653
69.478331	0.0125004
69.488155	0.0127473
69.497980	0.0120955
69.507806	0.0128043
69.517632	0.0124775
69.527459	0.0132891
69.537287	0.0126722
69.547115	0.0135601
69.556944	0.0136592
69.566774	0.0127314
69.576604	0.0131628
69.586435	0.0137722
69.596267	0.0126635
69.606099	0.0125876
69.615933	0.0134956
69.625767	0.0130015
69.635601	0.0131991
69.645437	0.0129197
69.655273	0.0135009
69.665109	0.0137295
69.674947	0.0128742
69.684785	0.0134250
69.694624	0.0131092
69.704463	0.0125700
69.714304	0.0124337
69.724145	0.0135224
69.733986	0.0124992
69.743829	0.0118338
69.753672	0.0132211
69.763516	0.0127370
69.773360	0.0133475
69.783205	0.0126436
69.793051	0.0138688
69.802898	0.0133001
69.812745	0.0131851
69.822593	0.0129275
69.832442	0.0135649
69.842291	0.0119669
69.852141	0.0122892
69.861992	0.0131709
69.871843	0.0130935
69.881696	0.0123130
69.891548	0.0134605
69.901402	0.0120466
69.911256	0.0131965
69.921111	0.0135281
69.930967	0.0114441
69.940823	0.0129555
69.950681	0.0126098
69.960538	0.0126353
69.970397	0.0138419
69.980256	0.0136851
69.990116	0.0129433
69.999977	0.0125675
70.009838	0.0130664
70.019700	0.0135957
70.029563	0.0132102
70.039426	0.0130261
70.049290	0.0135978
70.059155	0.0127639
70.069021	0.0133622
70.078887	0.0130556
70.088754	0.0132613
70.098622	0.0140574
70.108490	0.0125840
70.118359	0.0121331
70.128229	0.0137881
70.138099	0.0123285
70.147970	0.0131505
70.157842	0.0131908
70.167715	0.0126209
70.177588	0.0134015
70.187462	0.0124637
70.197337	0.0127101
70.207212	0.0132632
70.217088	0.0135495
70.226965	0.0136864
70.236842	0.0128377
70.246721	0.0128073
70.256600	0.0145297
70.266479	0.0131402
70.276359	0.0139629
70.286240	0.0144795
70.296122	0.0125537
70.306004	0.0134333
70.315888	0.0141142
70.325771	0.0120739
70.335656	0.0138574
70.345541	0.0125988
70.355427	0.0124348
70.365314	0.0131674
70.375201	0.0127168
70.385089	0.0136014
70.394978	0.0139024
70.404867	0.0131595
70.414757	0.0124500
70.424648	0.0145092
70.434540	0.0122298
70.444432	0.0120085
70.454325	0.0125310
70.464218	0.0132486
70.474113	0.0126617
70.484008	0.0125436
70.493904	0.0114954
70.503800	0.0128699
70.513697	0.0136883
70.523595	0.0130889
70.533494	0.0126451
70.543393	0.0134320
70.553293	0.0122307
70.563193	0.0130717
70.573095	0.0130279
70.582997	0.0123240
70.592900	0.0131575
70.602803	0.0135628
70.612707	0.0126626
70.622612	0.0133794
70.632518	0.0125128
70.642424	0.0135297
70.652331	0.0144976
70.662239	0.0124355
70.672147	0.0127556
70.682056	0.0127386
70.691966	0.0127357
70.701876	0.0142091
70.711788	0.0136953
70.721700	0.0134341
70.731612	0.0137721
70.741525	0.0135937
70.751440	0.0153929
70.761354	0.0151369
70.771270	0.0204202
70.781186	0.0323205
70.791103	0.0542772
70.801020	0.0894369
70.810938	0.1413443
70.820857	0.2151845
70.830777	0.2941137
70.840697	0.3718279
70.850618	0.4218818
70.860540	0.4346795
70.870462	0.4201262
70.880386	0.3797567
70.890309	0.3209360
70.900234	0.2624736
70.910159	0.2022770
70.920085	0.1468946
70.930012	0.0987973
70.939939	0.0678451
70.949867	0.0478747
70.959796	0.0307414
70.969725	0.0221126
70.979656	0.0165135
70.989586	0.0165825
70.999518	0.0129853
71.009450	0.0136547
71.019383	0.0136774
71.029317	0.0132747
71.039251	0.0120099
71.049186	0.0141837
71.059122	0.0116451
71.069059	0.0131971
71.078996	0.0119766
71.088934	0.0135380
71.098872	0.0133170
71.108812	0.0120773
71.118752	0.0141111
71.128692	0.0128773
71.138634	0.0132246
71.148576	0.0134706
71.158519	0.0122402
71.168462	0.0117135
71.178406	0.0122978
71.188351	0.0125203
71.198297	0.0125438
71.208243	0.0128592
71.218190	0.0131785
71.228138	0.0128778
71.238086	0.0143315
71.248036	0.0129209
71.257985	0.0141942
71.267936	0.0148472
71.277887	0.0137867
71.287839	0.0148798
71.297792	0.0117286
71.307745	0.0130527
71.317699	0.0141124
71.327654	0.0122767
71.337609	0.0131189
71.347565	0.0121378
71.357522	0.0131259
71.367480	0.0134158
71.377438	0.0137300
71.387397	0.0132079
71.397357	0.0129851
71.407317	0.0131039
71.417278	0.0132850
71.427240	0.0151295
71.437202	0.0130072
71.447166	0.0135845
71.457129	0.0132389
71.467094	0.0133494
71.477059	0.0127083
71.487025	0.0132258
71.496992	0.0129330
71.506959	0.0135558
71.516927	0.0130030
71.526896	0.0132956
71.536866	0.0143627
71.546836	0.0143155
71.556807	0.0140014
71.566778	0.0136152
71.576751	0.0129492
71.586724	0.0127019
71.596698	0.0140750
71.606672	0.0140451
71.616647	0.0127737
71.626623	0.0122027
71.636599	0.0127677
71.646577	0.0122515
71.656555	0.0131580
71.666533	0.0137887
71.676513	0.0143196
71.686493	0.0127461
71.696473	0.0130673
71.706455	0.0125598
71.716437	0.0134384
71.726420	0.0131140
71.736403	0.0142647
71.746387	0.0135573
71.756372	0.0131052
71.766358	0.0141340
71.776344	0.0127814
71.786332	0.0143124
71.796319	0.0127287
71.806308	0.0136613
71.816297	0.0145339
71.826287	0.0142420
71.836277	0.0140313
71.846269	0.0135807
71.856261	0.0143888
71.866253	0.0134247
71.876247	0.0155358
71.886241	0.0133349
71.896236	0.0147028
71.906231	0.0136981
71.916227	0.0123871
71.926224	0.0146667
71.936222	0.0135601
71.946220	0.0135361
71.956219	0.0146244
71.966219	0.0136266
71.976219	0.0130117
71.986220	0.0134908
71.996222	0.0129957
72.006225	0.0143477
72.016228	0.0133113
72.026232	0.0135488
72.036236	0.0136729
72.046242	0.0131466
72.056248	0.0133735
72.066254	0.0124979
72.076262	0.0119341
72.086270	0.0126062
72.096279	0.0136807
72.106288	0.0137807
72.116298	0.0132540
72.126309	0.0125017
72.136321	0.0139893
72.146333	0.0123839
72.156346	0.0131678
72.166360	0.0115392
72.176375	0.0141136
72.186390	0.0132578
72.196406	0.0121894
72.206422	0.0130847
72.216440	0.0139031
72.226457	0.0137270
72.236476	0.0131833
72.246496	0.0131554
72.256516	0.0129301
72.266536	0.0121203
72.276558	0.0121222
72.286580	0.0139201
72.296603	0.0126059
72.306626	0.0134781
72.316651	0.0128154
72.326676	0.0139071
72.336701	0.0134250
72.346728	0.0133255
72.356755	0.0139493
72.366783	0.0133375
72.376811	0.0132457
72.386840	0.0133395
72.396870	0.0145825
72.406901	0.0129942
72.416932	0.0125365
72.426964	0.0128380
72.436997	0.0127942
72.447030	0.0135588
72.457064	0.0124394
72.467099	0.0123104
72.477135	0.0142570
72.487171	0.0127343
72.497208	0.0119707
72.507246	0.0125028
72.517284	0.0140691
72.527323	0.0130811
72.537363	0.0121208
72.547403	0.0130567
72.557444	0.0129989
72.567486	0.0139330
72.577529	0.0133597
72.587572	0.0119691
72.597616	0.0140620
72.607661	0.0139423
72.617706	0.0124198
72.627752	0.0127656
72.637799	0.0129619
72.647846	0.0141988
72.657894	0.0132383
72.667943	0.0131464
72.677993	0.0145122
72.688043	0.0126578
72.698094	0.0125326
72.708146	0.0145330
72.718198	0.0134770
72.728251	0.0128352
72.738305	0.0134844
72.748360	0.0135032
72.758415	0.0131899
72.768471	0.0132623
72.778527	0.0140606
72.788584	0.0127074
72.798642	0.0140415
72.808701	0.0137158
72.818761	0.0138224
72.828821	0.0150099
72.838882	0.0147944
72.848943	0.0157772
72.859005	0.0176466
72.869068	0.0168213
72.879132	0.0168954
72.889196	0.0153371
72.899261	0.0152119
72.909327	0.0140609
72.919393	0.0138475
72.929460	0.0142936
72.939528	0.0131694
72.949597	0.0132339
72.959666	0.0133359
72.969736	0.0128940
72.979807	0.0134601
72.989878	0.0131508
72.999950	0.0149702
73.010023	0.0127225
73.020096	0.0143492
73.030170	0.0142230
73.040245	0.0144794
73.050321	0.0134149
73.060397	0.0131142
73.070474	0.0128251
73.080552	0.0122491
73.090630	0.0133376
73.100709	0.0133112
73.110789	0.0132018
73.120869	0.0132514
73.130951	0.0137965
73.141032	0.0128988
73.151115	0.0128971
73.161198	0.0136002
73.171282	0.0143380
73.181367	0.0131579
73.191452	0.0126585
73.201538	0.0137705
73.211625	0.0130148
73.221713	0.0134348
73.231801	0.0126423
73.241890	0.0128164
73.251980	0.0127850
73.262070	0.0126908
73.272161	0.0130342
73.282253	0.0139193
73.292345	0.0125379
73.302438	0.0142626
73.312532	0.0136421
73.322626	0.0149343
73.332722	0.0133676
73.342818	0.0128292
73.352914	0.0135241
73.363012	0.0131519
73.373110	0.0126899
73.383208	0.0129317
73.393308	0.0121980
73.403408	0.0136879
73.413509	0.0126965
73.423610	0.0144987
73.433713	0.0123342
73.443816	0.0130595
73.453919	0.0125758
73.464024	0.0136132
73.474129	0.0133111
73.484234	0.0135032
73.494341	0.0132608
73.504448	0.0140247
73.514556	0.0133721
73.524664	0.0143713
73.534774	0.0132103
73.544884	0.0129534
73.554994	0.0135427
73.565106	0.0131496
73.575218	0.0134290
73.585331	0.0144345
73.595444	0.0139122
73.605558	0.0131124
73.615673	0.0128812
73.625789	0.0136490
73.635905	0.0141942
73.646022	0.0129881
73.656140	0.0142691
73.666258	0.0136312
73.676377	0.0132075
73.686497	0.0136775
73.696618	0.0137186
73.706739	0.0128441
73.716861	0.0134851
73.726983	0.0139467
73.737107	0.0121641
73.747231	0.0134798
73.757356	0.0145138
73.767481	0.0131986
73.777607	0.0119957
73.787734	0.0125720
73.797861	0.0129077
73.807990	0.0129241
73.818119	0.0128866
73.828248	0.0126666
73.838379	0.0129767
73.848510	0.0120520
73.858641	0.0125559
73.868774	0.0134223
73.878907	0.0134249
73.889041	0.0118304
73.899175	0.0131287
73.909311	0.0139531
73.919447	0.0124457
73.929583	0.0132010
73.939721	0.0123088
73.949859	0.0129395
73.959998	0.0142755
73.970137	0.0145424
73.980277	0.0136858
73.990418	0.0136009
74.000560	0.0135193
74.010702	0.0137064
74.020845	0.0142203
74.030989	0.0130198
74.041133	0.0133296
74.051278	0.0141509
74.061424	0.0138341
74.071570	0.0131741
74.081718	0.0135366
74.091866	0.0136253
74.102014	0.0133618
74.112164	0.0139251
74.122314	0.0123193
74.132464	0.0133061
74.142616	0.0140261
74.152768	0.0132366
74.162921	0.0138683
74.173074	0.0138123
74.183228	0.0124477
74.193383	0.0141791
74.203539	0.0130515
74.213695	0.0134745
74.223852	0.0133445
74.234010	0.0127897
74.244169	0.0129601
74.254328	0.0125796
74.264488	0.0136904
74.274648	0.0127590
74.284809	0.0135169
74.294971	0.0138113
74.305134	0.0121743
74.315297	0.0130378
74.325461	0.0134566
74.335626	0.0126455
74.345792	0.0133552
74.355958	0.0142120
74.366125	0.0126172
74.376292	0.0144533
74.386460	0.0123073
74.396629	0.0130324
74.406799	0.0139691
74.416970	0.0135509
74.427141	0.0130158
74.437312	0.0124494
74.447485	0.0133574
74.457658	0.0127288
74.467832	0.0133970
74.478007	0.0123921
74.488182	0.0134951
74.498358	0.0140735
74.508535	0.0129918
74.518712	0.0141647
74.528890	0.0126659
74.539069	0.0137265
74.549248	0.0117331
74.559429	0.0139953
74.569610	0.0133433
74.579791	0.0143701
74.589974	0.0141952
74.600157	0.0138134
74.610340	0.0128618
74.620525	0.0126501
74.630710	0.0127316
74.640896	0.0128701
74.651082	0.0134851
74.661269	0.0138081
74.671457	0.0137363
74.681646	0.0132252
74.691835	0.0136863
74.702025	0.0146467
74.712216	0.0134731
74.722408	0.0127810
74.732600	0.0133876
74.742793	0.0142217
74.752986	0.0128067
74.763181	0.0128768
74.773376	0.0135788
74.783571	0.0137725
74.793768	0.0139703
74.803965	0.0136561
74.814162	0.0126111
74.824361	0.0136570
74.834560	0.0122728
74.844760	0.0135942
74.854961	0.0135958
74.865162	0.0133572
74.875364	0.0127586
74.885567	0.0124893
74.895770	0.0140209
74.905974	0.0133723
74.916179	0.0141981
74.926384	0.0121600
74.936591	0.0140986
74.946797	0.0129926
74.957005	0.0126000
74.967213	0.0132975
74.977422	0.0148476
74.987632	0.0109656
74.997843	0.0128197
75.008054	0.0139870
75.018265	0.0123081
75.028478	0.0146005
75.038691	0.0140161
75.048905	0.0140771
75.059120	0.0139957
75.069335	0.0136828
75.079551	0.0130237
75.089768	0.0132631
75.099985	0.0126403
75.110204	0.0140717
75.120422	0.0132638
75.130642	0.0139043
75.140862	0.0131793
75.151083	0.0136270
75.161305	0.0139693
75.171527	0.0135986
75.181750	0.0133542
75.191974	0.0133554
75.202198	0.0136939
75.212424	0.0132760
75.222650	0.0141480
75.232876	0.0136682
75.243103	0.0137659
75.253331	0.0142176
75.263560	0.0126817
75.273789	0.0124626
75.284019	0.0128940
75.294250	0.0122540
75.304482	0.0135261
75.314714	0.0137478
75.324947	0.0131609
75.335180	0.0134924
75.345415	0.0131876
75.355650	0.0134848
75.365885	0.0137201
75.376122	0.0146634
75.386359	0.0137989
75.396597	0.0134192
75.406835	0.0122399
75.417075	0.0128072
75.427314	0.0133023
75.437555	0.0124389
75.447796	0.0120976
75.458038	0.0134044
75.468281	0.0149989
75.478525	0.0139086
75.488769	0.0136025
75.499014	0.0125046
75.509259	0.0136545
75.519505	0.0137408
75.529752	0.0139062
75.540000	0.0137541
75.550248	0.0131140
75.560497	0.0139654
75.570747	0.0132557
75.580998	0.0134353
75.591249	0.0136184
75.601501	0.0129389
75.611753	0.0139773
75.622006	0.0144132
75.632260	0.0139051
75.642515	0.0134421
75.652770	0.0130353
75.663027	0.0137562
75.673283	0.0136016
75.683541	0.0121300
75.693799	0.0137418
75.704058	0.0136429
75.714317	0.0136000
75.724578	0.0139122
75.734839	0.0128080
75.745100	0.0136649
75.755363	0.0145039
75.765626	0.0136311
75.775890	0.0131300
75.786154	0.0122510
75.796420	0.0136426
75.806685	0.0140437
75.816952	0.0133264
75.827219	0.0147934
75.837487	0.0124272
75.847756	0.0141411
75.858026	0.0140101
75.868296	0.0137567
75.878566	0.0146789
75.888838	0.0127120
75.899110	0.0139856
75.909383	0.0131799
75.919657	0.0136162
75.929931	0.0133240
75.940206	0.0129449
75.950482	0.0125757
75.960758	0.0127738
75.971036	0.0121149
75.981313	0.0136310
75.991592	0.0134360
76.001871	0.0144018
76.012151	0.0135592
76.022432	0.0133442
76.032713	0.0135949
76.042995	0.0129152
76.053278	0.0143184
76.063561	0.0138029
76.073846	0.0132105
76.084131	0.0128355
76.094416	0.0128882
76.104702	0.0139746
76.114989	0.0138633
76.125277	0.0137428
76.135565	0.0138837
76.145855	0.0142057
76.156144	0.0140056
76.166435	0.0137094
76.176726	0.0132825
76.187018	0.0123690
76.197311	0.0127244
76.207604	0.0133654
76.217898	0.0127708
76.228193	0.0132457
76.238488	0.0137623
76.248784	0.0132260
76.259081	0.0126497
76.269378	0.0120445
76.279677	0.0125358
76.289976	0.0126175
76.300275	0.0129935
76.310576	0.0129381
76.320877	0.0135695
76.331178	0.0151720
76.341481	0.0126566
76.351784	0.0125901
76.362088	0.0127040
76.372392	0.0133948
76.382697	0.0142595
76.393003	0.0133844
76.403310	0.0126894
76.413617	0.0128997
76.423925	0.0130847
76.434234	0.0137769
76.444544	0.0135174
76.454854	0.0132221
76.465165	0.0145229
76.475476	0.0135434
76.485789	0.0144353
76.496102	0.0156392
76.506415	0.0129315
76.516730	0.0127912
76.527045	0.0137605
76.537360	0.0131861
76.547677	0.0128049
76.557994	0.0142159
76.568312	0.0135471
76.578631	0.0134518
76.588950	0.0134245
76.599270	0.0132320
76.609591	0.0138582
76.619912	0.0124994
76.630234	0.0147410
76.640557	0.0142018
76.650880	0.0146076
76.661205	0.0122663
76.671530	0.0139824
76.681855	0.0141614
76.692181	0.0145651
76.702508	0.0136030
76.712836	0.0133131
76.723165	0.0136616
76.733494	0.0147493
76.743824	0.0137908
76.754154	0.0145172
76.764485	0.0137444
76.774817	0.0125194
76.785150	0.0129558
76.795483	0.0138020
76.805817	0.0142695
76.816152	0.0129169
76.826488	0.0122314
76.836824	0.0134543
76.847161	0.0126326
76.857498	0.0148889
76.867836	0.0137794
76.878175	0.0140692
76.888515	0.0131931
76.898855	0.0148854
76.909196	0.0137733
76.919538	0.0139881
76.929881	0.0139865
76.940224	0.0138209
76.950568	0.0127209
76.960912	0.0119474
76.971258	0.0147812
76.981604	0.0133366
76.991950	0.0144209
77.002298	0.0127349
77.012646	0.0130632
77.022994	0.0121743
77.033344	0.0144261
77.043694	0.0142759
77.054045	0.0131500
77.064397	0.0131805
77.074749	0.0141011
77.085102	0.0139936
77.095456	0.0143687
77.105810	0.0140401
77.116165	0.0130616
77.126521	0.0127519
77.136878	0.0127238
77.147235	0.0121373
77.157593	0.0138078
77.167951	0.0140319
77.178311	0.0144834
77.188671	0.0136536
77.199031	0.0136156
77.209393	0.0147729
77.219755	0.0129306
77.230118	0.0152697
77.240481	0.0142147
77.250846	0.0137225
77.261211	0.0142584
77.271576	0.0134786
77.281943	0.0139884
77.292310	0.0131377
77.302677	0.0142415
77.313046	0.0128324
77.323415	0.0129089
77.333785	0.0137205
77.344156	0.0132428
77.354527	0.0136501
77.364899	0.0142055
77.375271	0.0127029
77.385645	0.0133568
77.396019	0.0132145
77.406394	0.0146696
77.416769	0.0146075
77.427145	0.0137361
77.437522	0.0136750
77.447900	0.0135258
77.458278	0.0138844
77.468657	0.0147802
77.479037	0.0125615
77.489417	0.0141980
77.499798	0.0120136
77.510180	0.0137608
77.520563	0.0130841
77.530946	0.0142607
77.541330	0.0135269
77.551714	0.0139212
77.562100	0.0128160
77.572486	0.0137214
77.582872	0.0135467
77.593260	0.0129825
77.603648	0.0141041
77.614037	0.0131791
77.624426	0.0140599
77.634817	0.0138728
77.645208	0.0141144
77.655599	0.0139152
77.665992	0.0140695
77.676385	0.0145925
77.686778	0.0136691
77.697173	0.0130247
77.707568	0.0132913
77.717964	0.0145375
77.728360	0.0137344
77.738758	0.0143550
77.749156	0.0141910
77.759554	0.0146896
77.769954	0.0143001
77.780354	0.0135620
77.790754	0.0130588
77.801156	0.0136386
77.811558	0.0139427
77.821961	0.0132530
77.832365	0.0140717
77.842769	0.0125425
77.853174	0.0131638
77.863580	0.0135185
77.873986	0.0124035
77.884393	0.0132448
77.894801	0.0132420
77.905209	0.0129466
77.915618	0.0129972
77.926028	0.0134528
77.936439	0.0146149
77.946850	0.0133605
77.957262	0.0134785
77.967675	0.0142004
77.978088	0.0125270
77.988503	0.0137068
77.998917	0.0132334
78.009333	0.0128362
78.019749	0.0130169
78.030166	0.0127358
78.040584	0.0146522
78.051002	0.0132347
78.061421	0.0139797
78.071841	0.0134353
78.082261	0.0147760
78.092682	0.0153988
78.103104	0.0147992
78.113527	0.0134154
78.123950	0.0125906
78.134374	0.0147258
78.144799	0.0135261
78.155224	0.0138095
78.165650	0.0141268
78.176077	0.0135709
78.186504	0.0140733
78.196932	0.0120318
78.207361	0.0135874
78.217791	0.0146885
78.228221	0.0135160
78.238652	0.0143201
78.249084	0.0134355
78.259516	0.0133644
78.269949	0.0139643
78.280383	0.0138837
78.290818	0.0147898
78.301253	0.0132904
78.311689	0.0134809
78.322125	0.0142738
78.332562	0.0139946
78.343000	0.0141468
78.353439	0.0134729
78.363879	0.0136599
78.374319	0.0141922
78.384760	0.0135722
78.395201	0.0129672
78.405643	0.0143381
78.416086	0.0131946
78.426530	0.0148094
78.436974	0.0140132
78.447419	0.0142004
78.457865	0.0137253
78.468311	0.0135324
78.478758	0.0137605
78.489206	0.0137738
78.499655	0.0135537
78.510104	0.0137787
78.520554	0.0134085
78.531005	0.0140549
78.541456	0.0132082
78.551908	0.0131967
78.562361	0.0142591
78.572814	0.0130883
78.583268	0.0142827
78.593723	0.0138161
78.604179	0.0136468
78.614635	0.0144241
78.625092	0.0129582
78.635550	0.0137180
78.646008	0.0134959
78.656467	0.0145017
78.666927	0.0144507
78.677387	0.0153269
78.687848	0.0140323
78.698310	0.0130225
78.708773	0.0134243
78.719236	0.0128293
78.729700	0.0139700
78.740165	0.0136956
78.750630	0.0126302
78.761096	0.0140416
78.771563	0.0136659
78.782031	0.0133334
78.792499	0.0133160
78.802968	0.0134631
78.813437	0.0134661
78.823908	0.0127816
78.834379	0.0138470
78.844850	0.0128481
78.855323	0.0120642
78.865796	0.0125960
78.876270	0.0143624
78.886744	0.0147169
78.897220	0.0134233
78.907696	0.0135556
78.918172	0.0137794
78.928649	0.0138426
78.939128	0.0138042
78.949606	0.0148023
78.960086	0.0148198
78.970566	0.0143768
78.981047	0.0145428
78.991528	0.0132854
79.002010	0.0139151
79.012493	0.0134972
79.022977	0.0152169
79.033461	0.0136214
79.043946	0.0147064
79.054432	0.0124128
79.064919	0.0124924
79.075406	0.0136009
79.085894	0.0141992
79.096382	0.0139481
79.106872	0.0140577
79.117362	0.0138672
79.127852	0.0141338
79.138344	0.0141500
79.148836	0.0139863
79.159329	0.0147995
79.169822	0.0134844
79.180316	0.0145988
79.190811	0.0136117
79.201307	0.0141771
79.211803	0.0139263
79.222300	0.0126888
79.232798	0.0137914
79.243296	0.0137419
79.253795	0.0138818
79.264295	0.0140311
79.274796	0.0133558
79.285297	0.0144530
79.295799	0.0128660
79.306301	0.0135051
79.316805	0.0146864
79.327309	0.0146931
79.337813	0.0140739
79.348319	0.0131762
79.358825	0.0128295
79.369332	0.0137994
79.379839	0.0142873
79.390348	0.0140931
79.400856	0.0137536
79.411366	0.0138309
79.421876	0.0141944
79.432387	0.0131545
79.442899	0.0135974
79.453412	0.0122046
79.463925	0.0152105
79.474439	0.0137648
79.484953	0.0142949
79.495469	0.0139294
79.505985	0.0146054
79.516501	0.0149828
79.527019	0.0135293
79.537537	0.0132516
79.548055	0.0126068
79.558575	0.0132676
79.569095	0.0154166
79.579616	0.0137538
79.590138	0.0131973
79.600660	0.0134286
79.611183	0.0138562
79.621706	0.0144233
79.632231	0.0134575
79.642756	0.0136598
79.653282	0.0138103
79.663808	0.0135465
79.674335	0.0131277
79.684863	0.0146138
79.695392	0.0141639
79.705921	0.0140862
79.716451	0.0137488
79.726982	0.0133721
79.737513	0.0131063
79.748046	0.0142975
79.758578	0.0134239
79.769112	0.0143022
79.779646	0.0140706
79.790181	0.0135309
79.800717	0.0148888
79.811253	0.0129999
79.821790	0.0136428
79.832328	0.0150095
79.842866	0.0149448
79.853405	0.0131646
79.863945	0.0149431
79.874486	0.0129966
79.885027	0.0140171
79.895569	0.0133868
79.906112	0.0152109
79.916655	0.0139924
79.927199	0.0134621
79.937744	0.0134680
79.948289	0.0129253
79.958836	0.0139904
79.969382	0.0137113
79.979930	0.0129754
79.990478	0.0145093
80.001027	0.0132199
80.011577	0.0139999
80.022127	0.0155962
80.032678	0.0148841
80.043230	0.0141492
80.053783	0.0130832
80.064336	0.0139527
80.074890	0.0145375
80.085444	0.0138682
80.096000	0.0119504
80.106556	0.0141617
80.117112	0.0134464
80.127670	0.0138582
80.138228	0.0135974
80.148787	0.0131927
80.159346	0.0131141
80.169906	0.0141127
80.180467	0.0135268
80.191029	0.0140788
80.201591	0.0137674
80.212154	0.0139469
80.222718	0.0146107
80.233282	0.0135781
80.243848	0.0143195
80.254413	0.0133782
80.264980	0.0140380
80.275547	0.0125728
80.286115	0.0149787
80.296684	0.0140176
80.307253	0.0137085
80.317823	0.0133522
80.328394	0.0144072
80.338965	0.0142737
80.349538	0.0131543
80.360110	0.0136279
80.370684	0.0131921
80.381258	0.0139289
80.391833	0.0148662
80.402409	0.0138636
80.412985	0.0143965
80.423562	0.0130752
80.434140	0.0138941
80.444719	0.0151586
80.455298	0.0142036
80.465878	0.0144319
80.476458	0.0159048
80.487039	0.0138106
80.497621	0.0140306
80.508204	0.0144225
80.518788	0.0129327
80.529372	0.0145469
80.539956	0.0146713
80.550542	0.0138497
80.561128	0.0139644
80.571715	0.0140779
80.582303	0.0123103
80.592891	0.0135410
80.603480	0.0144335
80.614070	0.0131413
80.624660	0.0149377
80.635251	0.0141280
80.645843	0.0129398
80.656436	0.0131481
80.667029	0.0142724
80.677623	0.0119504
80.688217	0.0143825
80.698813	0.0154019
80.709409	0.0141853
80.720006	0.0155122
80.730603	0.0136283
80.741201	0.0134113
80.751800	0.0128966
80.762400	0.0138443
80.773000	0.0146083
80.783601	0.0144105
80.794202	0.0137338
80.804805	0.0130724
80.815408	0.0140087
80.826012	0.0138271
80.836616	0.0137013
80.847221	0.0146259
80.857827	0.0144342
80.868434	0.0137098
80.879041	0.0119117
80.889649	0.0137148
80.900258	0.0142741
80.910867	0.0133060
80.921477	0.0131975
80.932088	0.0145526
80.942699	0.0142306
80.953312	0.0143279
80.963924	0.0126838
80.974538	0.0145731
80.985152	0.0134985
80.995767	0.0140989
81.006383	0.0138812
81.017000	0.0137667
81.027617	0.0139068
81.038234	0.0130607
81.048853	0.0140712
81.059472	0.0130478
81.070092	0.0142878
81.080713	0.0137031
81.091334	0.0150482
81.101956	0.0137009
81.112579	0.0136143
81.123202	0.0156821
81.133826	0.0155746
81.144451	0.0153418
81.155077	0.0167208
81.165703	0.0156855
81.176330	0.0159462
81.186958	0.0160829
81.197586	0.0160358
81.208215	0.0159089
81.218845	0.0149947
81.229475	0.0151794
81.240106	0.0134466
81.250738	0.0130766
81.261371	0.0146976
81.272004	0.0136952
81.282638	0.0132928
81.293273	0.0139381
81.303908	0.0136457
81.314544	0.0129776
81.325181	0.0130303
81.335818	0.0144995
81.346457	0.0144102
81.357095	0.0129522
81.367735	0.0152271
81.378375	0.0142754
81.389016	0.0155656
81.399658	0.0145086
81.410300	0.0138725
81.420944	0.0138215
81.431587	0.0155487
81.442232	0.0128908
81.452877	0.0152575
81.463523	0.0148625
81.474170	0.0147123
81.484817	0.0142428
81.495465	0.0134069
81.506114	0.0140373
81.516763	0.0137616
81.527413	0.0129676
81.538064	0.0139724
81.548716	0.0144878
81.559368	0.0148773
81.570021	0.0132323
81.580674	0.0135362
81.591329	0.0147758
81.601984	0.0138774
81.612639	0.0140522
81.623296	0.0138021
81.633953	0.0140860
81.644611	0.0147447
81.655269	0.0136542
81.665929	0.0144008
81.676589	0.0147470
81.687249	0.0133316
81.697911	0.0141890
81.708573	0.0124282
81.719235	0.0144044
81.729899	0.0153145
81.740563	0.0140095
81.751228	0.0131501
81.761894	0.0146043
81.772560	0.0138309
81.783227	0.0140985
81.793895	0.0132541
81.804563	0.0145663
81.815232	0.0139027
81.825902	0.0142171
81.836572	0.0143054
81.847243	0.0143442
81.857915	0.0139389
81.868588	0.0142091
81.879261	0.0149333
81.889935	0.0133087
81.900610	0.0135014
81.911285	0.0147851
81.921962	0.0142908
81.932638	0.0137854
81.943316	0.0142415
81.953994	0.0139900
81.964673	0.0139228
81.975353	0.0146692
81.986033	0.0145692
81.996714	0.0153562
82.007396	0.0136976
82.018078	0.0138833
82.028761	0.0131124
82.039445	0.0137193
82.050130	0.0134551
82.060815	0.0150559
82.071501	0.0138651
82.082188	0.0151119
82.092875	0.0151244
82.103563	0.0145991
82.114252	0.0157329
82.124941	0.0160346
82.135631	0.0164471
82.146322	0.0156280
82.157014	0.0162152
82.167706	0.0155483
82.178399	0.0150304
82.189093	0.0159870
82.199787	0.0154834
82.210482	0.0137552
82.221178	0.0146634
82.231874	0.0141441
82.242572	0.0149528
82.253269	0.0137104
82.263968	0.0147594
82.274667	0.0136058
82.285367	0.0123644
82.296068	0.0142671
82.306769	0.0144744
82.317471	0.0140276
82.328174	0.0131539
82.338878	0.0137182
82.349582	0.0142503
82.360287	0.0127827
82.370993	0.0138423
82.381699	0.0139378
82.392406	0.0148740
82.403114	0.0153125
82.413822	0.0147268
82.424531	0.0135630
82.435241	0.0156917
82.445951	0.0129425
82.456663	0.0131936
82.467375	0.0137359
82.478087	0.0135429
82.488801	0.0138178
82.499515	0.0134203
82.510229	0.0142588
82.520945	0.0133366
82.531661	0.0138523
82.542378	0.0134025
82.553095	0.0144206
82.563814	0.0147144
82.574533	0.0145820
82.585252	0.0131677
82.595973	0.0131246
82.606694	0.0136595
82.617416	0.0134076
82.628138	0.0140644
82.638861	0.0136227
82.649585	0.0148457
82.660310	0.0138717
82.671035	0.0143283
82.681761	0.0146319
82.692488	0.0144860
82.703215	0.0141263
82.713943	0.0146852
82.724672	0.0160243
82.735401	0.0140804
82.746132	0.0140309
82.756862	0.0144697
82.767594	0.0132560
82.778326	0.0129189
82.789059	0.0139601
82.799793	0.0144966
82.810527	0.0134074
82.821263	0.0142504
82.831998	0.0149902
82.842735	0.0141901
82.853472	0.0139098
82.864210	0.0143706
82.874949	0.0128136
82.885688	0.0150424
82.896428	0.0134895
82.907169	0.0148144
82.917910	0.0140894
82.928652	0.0143230
82.939395	0.0138628
82.950139	0.0148185
82.960883	0.0146959
82.971628	0.0136360
82.982374	0.0145288
82.993120	0.0134052
83.003867	0.0152640
83.014615	0.0142945
83.025363	0.0139576
83.036112	0.0148466
83.046862	0.0126983
83.057613	0.0148796
83.068364	0.0143584
83.079116	0.0141279
83.089869	0.0144889
83.100622	0.0144573
83.111376	0.0153397
83.122131	0.0157908
83.132886	0.0127544
83.143643	0.0142803
83.154399	0.0142852
83.165157	0.0145796
83.175915	0.0140469
83.186674	0.0141017
83.197434	0.0152564
83.208194	0.0146561
83.218956	0.0162901
83.229717	0.0135639
83.240480	0.0136747
83.251243	0.0141104
83.262007	0.0144318
83.272772	0.0135395
83.283537	0.0144469
83.294303	0.0133473
83.305070	0.0147110
83.315837	0.0129491
83.326605	0.0141235
83.337374	0.0152813
83.348144	0.0139469
83.358914	0.0121544
83.369685	0.0149239
83.380456	0.0151212
83.391229	0.0144608
83.402002	0.0150410
83.412776	0.0141234
83.423550	0.0137852
83.434325	0.0140472
83.445101	0.0135468
83.455878	0.0134782
83.466655	0.0142311
83.477433	0.0140750
83.488211	0.0147220
83.498991	0.0135141
83.509771	0.0143668
83.520552	0.0142305
83.531333	0.0139430
83.542115	0.0152517
83.552898	0.0131857
83.563682	0.0153954
83.574466	0.0143509
83.585251	0.0144908
83.596037	0.0146977
83.606823	0.0139228
83.617610	0.0141405
83.628398	0.0137490
83.639186	0.0149043
83.649976	0.0145699
83.660766	0.0133547
83.671556	0.0139461
83.682347	0.0142360
83.693140	0.0146476
83.703932	0.0141036
83.714726	0.0152107
83.725520	0.0148239
83.736315	0.0168487
83.747110	0.0170680
83.757906	0.0176214
83.768703	0.0185529
83.779501	0.0178109
83.790299	0.0176854
83.801098	0.0177225
83.811898	0.0165841
83.822698	0.0151700
83.833500	0.0165619
83.844301	0.0144239
83.855104	0.0144360
83.865907	0.0150425
83.876711	0.0144139
83.887516	0.0138399
83.898321	0.0131940
83.909127	0.0150489
83.919934	0.0133782
83.930741	0.0147718
83.941550	0.0148911
83.952358	0.0147434
83.963168	0.0142970
83.973978	0.0122928
83.984789	0.0151505
83.995601	0.0140535
84.006413	0.0142113
84.017226	0.0140779
84.028040	0.0147148
84.038855	0.0135561
84.049670	0.0150048
84.060486	0.0121934
84.071302	0.0159014
84.082120	0.0156362
84.092938	0.0154142
84.103756	0.0168017
84.114576	0.0164126
84.125396	0.0157716
84.136217	0.0161287
84.147038	0.0149177
84.157860	0.0148428
84.168683	0.0150414
84.179507	0.0163998
84.190331	0.0151401
84.201156	0.0149264
84.211982	0.0138909
84.222808	0.0146022
84.233636	0.0137559
84.244463	0.0159069
84.255292	0.0131127
84.266121	0.0144582
84.276951	0.0146485
84.287782	0.0148931
84.298613	0.0144181
84.309445	0.0142420
84.320278	0.0138826
84.331111	0.0135283
84.341945	0.0139799
84.352780	0.0153849
84.363616	0.0133132
84.374452	0.0142846
84.385289	0.0135532
84.396127	0.0140836
84.406965	0.0147679
84.417804	0.0127532
84.428644	0.0151716
84.439484	0.0142828
84.450326	0.0157373
84.461167	0.0146416
84.472010	0.0148302
84.482853	0.0151349
84.493697	0.0165810
84.504542	0.0171254
84.515387	0.0178021
84.526233	0.0181713
84.537080	0.0170908
84.547928	0.0183415
84.558776	0.0172443
84.569625	0.0168601
84.580474	0.0155213
84.591325	0.0167782
84.602176	0.0148176
84.613028	0.0145201
84.623880	0.0150165
84.634733	0.0144895
84.645587	0.0138995
84.656441	0.0142239
84.667297	0.0144844
84.678153	0.0139955
84.689009	0.0137971
84.699867	0.0145462
84.710725	0.0136466
84.721583	0.0146090
84.732443	0.0138937
84.743303	0.0132945
84.754164	0.0138162
84.765025	0.0137722
84.775888	0.0145857
84.786750	0.0145566
84.797614	0.0132023
84.808478	0.0140159
84.819344	0.0141289
84.830209	0.0139805
84.841076	0.0140677
84.851943	0.0142967
84.862811	0.0135608
84.873679	0.0149923
84.884549	0.0141326
84.895419	0.0137907
84.906289	0.0148425
84.917161	0.0142882
84.928033	0.0147524
84.938906	0.0150561
84.949779	0.0133916
84.960653	0.0132462
84.971528	0.0146532
84.982404	0.0151201
84.993280	0.0138882
85.004157	0.0151937
85.015035	0.0135809
85.025913	0.0142783
85.036792	0.0143607
85.047672	0.0143626
85.058553	0.0149367
85.069434	0.0141506
85.080316	0.0150227
85.091198	0.0151905
85.102082	0.0135367
85.112966	0.0141516
85.123850	0.0130396
85.134736	0.0132846
85.145622	0.0132710
85.156509	0.0147371
85.167396	0.0140276
85.178284	0.0147426
85.189173	0.0139504
85.200063	0.0144796
85.210953	0.0143917
85.221844	0.0131310
85.232736	0.0158134
85.243629	0.0139722
85.254522	0.0144160
85.265416	0.0149417
85.276310	0.0160365
85.287206	0.0148654
85.298101	0.0151387
85.308998	0.0152013
85.319896	0.0146868
85.330794	0.0142269
85.341692	0.0143800
85.352592	0.0147962
85.363492	0.0158885
85.374393	0.0156764
85.385294	0.0147699
85.396197	0.0151846
85.407100	0.0142469
85.418003	0.0144893
85.428908	0.0138571
85.439813	0.0147512
85.450719	0.0141673
85.461625	0.0146271
85.472532	0.0136017
85.483440	0.0136935
85.494349	0.0148460
85.505258	0.0141823
85.516168	0.0146825
85.527079	0.0148641
85.537990	0.0140012
85.548902	0.0145703
85.559815	0.0152936
85.570729	0.0148301
85.581643	0.0148635
85.592558	0.0154116
85.603474	0.0148643
85.614390	0.0144930
85.625307	0.0139299
85.636225	0.0136395
85.647143	0.0138603
85.658062	0.0148406
85.668982	0.0144596
85.679903	0.0132576
85.690824	0.0149032
85.701746	0.0147534
85.712669	0.0136040
85.723592	0.0144833
85.734516	0.0135623
85.745441	0.0156956
85.756366	0.0138606
85.767292	0.0132335
85.778219	0.0153735
85.789147	0.0133226
85.800075	0.0139822
85.811004	0.0141117
85.821934	0.0138684
85.832864	0.0141301
85.843795	0.0149768
85.854727	0.0144118
85.865660	0.0140463
85.876593	0.0153252
85.887527	0.0142166
85.898461	0.0148676
85.909396	0.0151091
85.920332	0.0145632
85.931269	0.0138923
85.942207	0.0139511
85.953145	0.0143608
85.964084	0.0131086
85.975023	0.0156293
85.985963	0.0149592
85.996904	0.0124864
86.007846	0.0150326
86.018788	0.0140061
86.029731	0.0143242
86.040675	0.0145122
86.051619	0.0147268
86.062564	0.0135521
86.073510	0.0151107
86.084457	0.0145922
86.095404	0.0130500
86.106352	0.0155396
86.117301	0.0146638
86.128250	0.0138548
86.139200	0.0139277
86.150151	0.0153787
86.161102	0.0138247
86.172054	0.0147385
86.183007	0.0140547
86.193961	0.0150797
86.204915	0.0144958
86.215870	0.0154884
86.226826	0.0138256
86.237782	0.0156183
86.248739	0.0156259
86.259697	0.0149155
86.270655	0.0140046
86.281615	0.0141555
86.292574	0.0141336
86.303535	0.0145289
86.314496	0.0139677
86.325458	0.0141722
86.336421	0.0141674
86.347384	0.0141115
86.358348	0.0149806
86.369313	0.0144190
86.380279	0.0143556
86.391245	0.0147107
86.402212	0.0130681
86.413180	0.0150360
86.424148	0.0136580
86.435117	0.0146222
86.446087	0.0152276
86.457057	0.0145985
86.468028	0.0132186
86.479000	0.0137352
86.489972	0.0138467
86.500946	0.0145613
86.511920	0.0140046
86.522894	0.0157764
86.533870	0.0140346
86.544846	0.0149202
86.555822	0.0153112
86.566800	0.0147737
86.577778	0.0146175
86.588757	0.0153306
86.599736	0.0149358
86.610717	0.0136298
86.621698	0.0135943
86.632679	0.0146743
86.643662	0.0149003
86.654645	0.0143284
86.665628	0.0148112
86.676613	0.0146714
86.687598	0.0130778
86.698584	0.0133027
86.709570	0.0143157
86.720558	0.0147234
86.731546	0.0150350
86.742534	0.0150863
86.753524	0.0150173
86.764514	0.0127998
86.775505	0.0146720
86.786496	0.0146327
86.797488	0.0136881
86.808481	0.0140390
86.819475	0.0144238
86.830469	0.0154333
86.841464	0.0138737
86.852460	0.0135978
86.863456	0.0144206
86.874453	0.0140054
86.885451	0.0151850
86.896450	0.0148537
86.907449	0.0136094
86.918449	0.0137057
86.929449	0.0141470
86.940451	0.0158840
86.951453	0.0137536
86.962456	0.0149576
86.973459	0.0150738
86.984463	0.0142514
86.995468	0.0148549
87.006473	0.0143211
87.017480	0.0141150
87.028487	0.0149077
87.039494	0.0143585
87.050503	0.0167257
87.061512	0.0143978
87.072521	0.0145272
87.083532	0.0152162
87.094543	0.0141265
87.105555	0.0150251
87.116567	0.0145103
87.127581	0.0151486
87.138595	0.0147273
87.149609	0.0146567
87.160625	0.0141081
87.171641	0.0148746
87.182658	0.0140315
87.193675	0.0148719
87.204693	0.0141032
87.215712	0.0142725
87.226732	0.0154657
87.237752	0.0133055
87.248773	0.0154387
87.259795	0.0142342
87.270817	0.0135956
87.281840	0.0142860
87.292864	0.0150281
87.303888	0.0148460
87.314914	0.0142189
87.325940	0.0144289
87.336966	0.0142456
87.347994	0.0149782
87.359022	0.0152208
87.370050	0.0155349
87.381080	0.0149194
87.392110	0.0148174
87.403141	0.0151915
87.414172	0.0142207
87.425204	0.0148508
87.436237	0.0150436
87.447271	0.0149423
87.458305	0.0146405
87.469340	0.0133379
87.480376	0.0132359
87.491413	0.0146438
87.502450	0.0137204
87.513488	0.0145324
87.524526	0.0154494
87.535565	0.0145359
87.546605	0.0140928
87.557646	0.0150303
87.568687	0.0132877
87.579729	0.0157980
87.590772	0.0141160
87.601816	0.0159569
87.612860	0.0144060
87.623905	0.0135046
87.634950	0.0146016
87.645996	0.0151302
87.657043	0.0140082
87.668091	0.0158189
87.679140	0.0141776
87.690189	0.0144146
87.701238	0.0154376
87.712289	0.0139733
87.723340	0.0149286
87.734392	0.0153148
87.745445	0.0144986
87.756498	0.0141680
87.767552	0.0152408
87.778607	0.0142448
87.789662	0.0144551
87.800718	0.0132610
87.811775	0.0153143
87.822832	0.0137992
87.833891	0.0149585
87.844950	0.0155879
87.856009	0.0152456
87.867070	0.0149053
87.878131	0.0157869
87.889192	0.0149501
87.900255	0.0161538
87.911318	0.0155435
87.922382	0.0159793
87.933446	0.0144962
87.944511	0.0148934
87.955577	0.0151903
87.966644	0.0151662
87.977711	0.0148584
87.988779	0.0143717
87.999848	0.0159235
88.010918	0.0134305
88.021988	0.0142243
88.033059	0.0156970
88.044130	0.0145294
88.055203	0.0151193
88.066276	0.0139538
88.077349	0.0151823
88.088424	0.0142566
88.099499	0.0145370
88.110574	0.0139798
88.121651	0.0146285
88.132728	0.0133129
88.143806	0.0152628
88.154885	0.0139872
88.165964	0.0155342
88.177044	0.0155668
88.188125	0.0150569
88.199206	0.0143125
88.210288	0.0151321
88.221371	0.0144775
88.232454	0.0147738
88.243539	0.0153525
88.254623	0.0143248
88.265709	0.0148597
88.276795	0.0142021
88.287882	0.0141137
88.298970	0.0144587
88.310059	0.0148368
88.321148	0.0144546
88.332237	0.0147435
88.343328	0.0145127
88.354419	0.0136650
88.365511	0.0141719
88.376604	0.0149000
88.387697	0.0150456
88.398791	0.0142769
88.409886	0.0141226
88.420981	0.0142862
88.432078	0.0140603
88.443174	0.0142680
88.454272	0.0150937
88.465370	0.0144211
88.476469	0.0147460
88.487569	0.0153846
88.498669	0.0162287
88.509770	0.0134717
88.520872	0.0142006
88.531974	0.0146336
88.543078	0.0143240
88.554182	0.0142719
88.565286	0.0147366
88.576391	0.0149591
88.587497	0.0140813
88.598604	0.0141558
88.609711	0.0158262
88.620820	0.0144831
88.631928	0.0155823
88.643038	0.0145453
88.654148	0.0137877
88.665259	0.0132889
88.676370	0.0147858
88.687483	0.0150687
88.698596	0.0154603
88.709709	0.0147365
88.720824	0.0152290
88.731939	0.0163242
88.743055	0.0167322
88.754171	0.0231870
88.765289	0.0330792
88.776406	0.0548946
88.787525	0.0895694
88.798644	0.1447515
88.809764	0.2148276
88.820885	0.2998214
88.832007	0.3880325
88.843129	0.4478539
88.854252	0.4702770
88.865375	0.4631670
88.876499	0.4308685
88.887624	0.3775350
88.898750	0.3142661
88.909876	0.2442836
88.921003	0.1870696
88.932131	0.1339196
88.943260	0.0944478
88.954389	0.0622838
88.965519	0.0433145
88.976649	0.0294946
88.987780	0.0209967
88.998912	0.0179133
89.010045	0.0166405
89.021178	0.0149745
89.032313	0.0149366
89.043447	0.0145993
89.054583	0.0142862
89.065719	0.0132251
89.076856	0.0149890
89.087993	0.0140270
89.099132	0.0146869
89.110271	0.0135246
89.121410	0.0152963
89.132551	0.0149759
89.143692	0.0140735
89.154834	0.0152803
89.165976	0.0150423
89.177119	0.0145359
89.188263	0.0156009
89.199408	0.0148097
89.210553	0.0136802
89.221699	0.0136547
89.232846	0.0136185
89.243994	0.0152940
89.255142	0.0145167
89.266290	0.0135525
89.277440	0.0131601
89.288590	0.0153944
89.299741	0.0138644
89.310893	0.0152360
89.322045	0.0152506
89.333198	0.0150621
89.344352	0.0148563
89.355506	0.0143238
89.366662	0.0148429
89.377817	0.0138565
89.388974	0.0139897
89.400131	0.0158227
89.411289	0.0144044
89.422448	0.0152602
89.433607	0.0149486
89.444767	0.0148609
89.455928	0.0144866
89.467089	0.0137794
89.478252	0.0151256
89.489415	0.0158743
89.500578	0.0151644
89.511742	0.0152412
89.522907	0.0154827
89.534073	0.0152342
89.545239	0.0139848
89.556407	0.0153863
89.567574	0.0155083
89.578743	0.0138566
89.589912	0.0158204
89.601082	0.0149054
89.612253	0.0143635
89.623424	0.0148246
89.634596	0.0149135
89.645769	0.0156254
89.656942	0.0135638
89.668116	0.0147543
89.679291	0.0157484
89.690466	0.0137419
89.701643	0.0142951
89.712820	0.0145783
89.723997	0.0142183
89.735175	0.0146392
89.746355	0.0150791
89.757534	0.0162223
89.768715	0.0156325
89.779896	0.0147228
89.791078	0.0155960
89.802260	0.0159010
89.813443	0.0140118
89.824627	0.0157235
89.835812	0.0159975
89.846997	0.0151930
89.858183	0.0160254
89.869370	0.0160414
89.880558	0.0132956
89.891746	0.0154052
89.902935	0.0168330
89.914124	0.0160758
89.925315	0.0153780
89.936506	0.0144753
89.947697	0.0143526
89.958890	0.0146139
89.970083	0.0137336
89.981276	0.0144745
89.992471	0.0152287
90.003666	0.0153907
90.014862	0.0139694
90.026059	0.0148162
90.037256	0.0147770
90.048454	0.0152393
90.059653	0.0163373
90.070852	0.0148987
90.082052	0.0156046
90.093253	0.0149205
90.104454	0.0142278
90.115657	0.0149642
90.126860	0.0149973
90.138063	0.0155934
90.149267	0.0157573
90.160472	0.0138010
90.171678	0.0148120
90.182885	0.0150195
90.194092	0.0142833
90.205300	0.0138823
90.216508	0.0151576
90.227717	0.0147265
90.238927	0.0143851
90.250138	0.0140080
90.261349	0.0156684
90.272561	0.0154554
90.283774	0.0146891
90.294988	0.0142112
90.306202	0.0155281
90.317417	0.0152906
90.328632	0.0145601
90.339848	0.0143565
90.351065	0.0159298
90.362283	0.0145680
90.373501	0.0148295
90.384720	0.0153727
90.395940	0.0140630
90.407161	0.0150637
90.418382	0.0143590
90.429604	0.0152519
90.440826	0.0155323
90.452050	0.0151517
90.463274	0.0160778
90.474498	0.0148801
90.485724	0.0152141
90.496950	0.0155996
90.508176	0.0151224
90.519404	0.0153645
90.530632	0.0156844
90.541861	0.0151664
90.553091	0.0148533
90.564321	0.0159429
90.575552	0.0140854
90.586784	0.0151239
90.598016	0.0143560
90.609249	0.0153638
90.620483	0.0140686
90.631718	0.0146729
90.642953	0.0135399
90.654189	0.0141339
90.665425	0.0148227
90.676663	0.0158103
90.687901	0.0148850
90.699139	0.0147607
90.710379	0.0150262
90.721619	0.0159591
90.732860	0.0141474
90.744101	0.0145977
90.755344	0.0146466
90.766587	0.0148220
90.777830	0.0148395
90.789075	0.0161363
90.800320	0.0160109
90.811565	0.0170838
90.822812	0.0181763
90.834059	0.0190401
90.845307	0.0188392
90.856556	0.0198157
90.867805	0.0201691
90.879055	0.0189982
90.890305	0.0187368
90.901557	0.0173215
90.912809	0.0169427
90.924062	0.0162460
90.935315	0.0173862
90.946569	0.0159674
90.957824	0.0157639
90.969080	0.0152162
90.980336	0.0158097
90.991593	0.0160349
91.002851	0.0153559
91.014109	0.0150434
91.025368	0.0143082
91.036628	0.0148471
91.047889	0.0141489
91.059150	0.0153384
91.070412	0.0147766
91.081674	0.0154748
91.092938	0.0158098
91.104202	0.0159306
91.115466	0.0153291
91.126732	0.0150755
91.137998	0.0147848
91.149265	0.0152842
91.160532	0.0154986
91.171801	0.0147963
91.183070	0.0161998
91.194339	0.0157607
91.205610	0.0150833
91.216881	0.0145856
91.228152	0.0139307
91.239425	0.0141847
91.250698	0.0142016
91.261972	0.0148987
91.273246	0.0146541
91.284522	0.0142997
91.295798	0.0148406
91.307074	0.0154285
91.318352	0.0147560
91.329630	0.0145264
91.340908	0.0150950
91.352188	0.0151518
91.363468	0.0149315
91.374749	0.0160125
91.386031	0.0154990
91.397313	0.0145481
91.408596	0.0169857
91.419880	0.0169471
91.431164	0.0147994
91.442449	0.0144213
91.453735	0.0146808
91.465021	0.0153290
91.476308	0.0153789
91.487596	0.0149321
91.498885	0.0141674
91.510174	0.0148438
91.521464	0.0160667
91.532755	0.0156353
91.544046	0.0157547
91.555339	0.0150234
91.566631	0.0148711
91.577925	0.0144257
91.589219	0.0155982
91.600514	0.0147178
91.611810	0.0146909
91.623106	0.0156954
91.634403	0.0147992
91.645701	0.0150715
91.656999	0.0156336
91.668298	0.0147756
91.679598	0.0144514
91.690899	0.0158452
91.702200	0.0156101
91.713502	0.0158083
91.724805	0.0157148
91.736108	0.0148403
91.747412	0.0156101
91.758717	0.0150357
91.770022	0.0147924
91.781328	0.0147672
91.792635	0.0152547
91.803943	0.0144455
91.815251	0.0149248
91.826560	0.0156422
91.837870	0.0156092
91.849180	0.0143246
91.860491	0.0143001
91.871803	0.0152830
91.883116	0.0158702
91.894429	0.0160296
91.905743	0.0148749
91.917057	0.0151585
91.928372	0.0143111
91.939688	0.0147342
91.951005	0.0154877
91.962323	0.0155916
91.973641	0.0162519
91.984959	0.0141290
91.996279	0.0154499
92.007599	0.0165447
92.018920	0.0151514
92.030242	0.0154242
92.041564	0.0152900
92.052887	0.0156245
92.064211	0.0149404
92.075535	0.0162016
92.086860	0.0154665
92.098186	0.0155612
92.109513	0.0150489
92.120840	0.0148000
92.132168	0.0150593
92.143497	0.0156645
92.154826	0.0149430
92.166156	0.0152611
92.177487	0.0150227
92.188818	0.0147418
92.200150	0.0150993
92.211483	0.0145949
92.222817	0.0151276
92.234151	0.0142912
92.245486	0.0151067
92.256822	0.0151649
92.268158	0.0137632
92.279495	0.0159494
92.290833	0.0165365
92.302171	0.0147356
92.313510	0.0145975
92.324850	0.0149394
92.336191	0.0143395
92.347532	0.0136876
92.358874	0.0142956
92.370217	0.0151809
92.381560	0.0142509
92.392904	0.0159470
92.404249	0.0161444
92.415595	0.0158591
92.426941	0.0141947
92.438288	0.0161036
92.449635	0.0161049
92.460984	0.0150638
92.472333	0.0136045
92.483682	0.0140391
92.495033	0.0140972
92.506384	0.0162605
92.517736	0.0148109
92.529088	0.0155525
92.540442	0.0139356
92.551795	0.0135544
92.563150	0.0143172
92.574505	0.0156791
92.585862	0.0145013
92.597218	0.0148725
92.608576	0.0148296
92.619934	0.0142942
92.631293	0.0152960
92.642652	0.0145229
92.654012	0.0141009
92.665373	0.0149118
92.676735	0.0147646
92.688097	0.0151602
92.699460	0.0143623
92.710824	0.0153562
92.722189	0.0143415
92.733554	0.0142063
92.744920	0.0138847
92.756286	0.0147958
92.767654	0.0149144
92.779022	0.0153670
92.790390	0.0146264
92.801760	0.0164544
92.813130	0.0153511
92.824501	0.0152715
92.835872	0.0148489
92.847244	0.0159292
92.858617	0.0144601
92.869991	0.0146186
92.881365	0.0159575
92.892740	0.0158380
92.904116	0.0152080
92.915492	0.0157400
92.926869	0.0150250
92.938247	0.0153588
92.949626	0.0143743
92.961005	0.0152185
92.972385	0.0144982
92.983765	0.0159299
92.995147	0.0162021
93.006529	0.0159150
93.017911	0.0144683
93.029295	0.0163250
93.040679	0.0153785
93.052064	0.0149518
93.063449	0.0153480
93.074836	0.0149966
93.086222	0.0148470
93.097610	0.0162248
93.108998	0.0158902
93.120388	0.0158785
93.131777	0.0170357
93.143168	0.0166485
93.154559	0.0181877
93.165951	0.0199025
93.177343	0.0217224
93.188737	0.0217069
93.200131	0.0212497
93.211525	0.0219742
93.222921	0.0199335
93.234317	0.0196412
93.245713	0.0192570
93.257111	0.0185116
93.268509	0.0157134
93.279908	0.0152815
93.291308	0.0173427
93.302708	0.0159367
93.314109	0.0152627
93.325510	0.0166687
93.336913	0.0149363
93.348316	0.0148777
93.359720	0.0147934
93.371124	0.0162716
93.382529	0.0159166
93.393935	0.0162527
93.405342	0.0154158
93.416749	0.0154656
93.428157	0.0158097
93.439566	0.0147156
93.450975	0.0158026
93.462386	0.0146362
93.473796	0.0152610
93.485208	0.0153769
93.496620	0.0152066
93.508033	0.0148544
93.519447	0.0156026
93.530861	0.0148512
93.542276	0.0155190
93.553692	0.0153446
93.565108	0.0151118
93.576525	0.0160668
93.587943	0.0163579
93.599362	0.0143383
93.610781	0.0148295
93.622201	0.0148363
93.633622	0.0152595
93.645043	0.0152554
93.656465	0.0162438
93.667888	0.0155721
93.679311	0.0149307
93.690736	0.0151393
93.702160	0.0150076
93.713586	0.0149531
93.725012	0.0147156
93.736439	0.0155105
93.747867	0.0148560
93.759295	0.0144141
93.770724	0.0139349
93.782154	0.0141235
93.793585	0.0156616
93.805016	0.0158782
93.816448	0.0133101
93.827880	0.0154856
93.839314	0.0155820
93.850748	0.0145078
93.862182	0.0148033
93.873618	0.0152256
93.885054	0.0141723
93.896491	0.0140347
93.907928	0.0153555
93.919366	0.0152647
93.930805	0.0144962
93.942245	0.0159967
93.953685	0.0159125
93.965126	0.0156311
93.976568	0.0156995
93.988010	0.0143204
93.999454	0.0141219
94.010897	0.0156724
94.022342	0.0147247
94.033787	0.0153084
94.045233	0.0159470
94.056680	0.0159629
94.068127	0.0141866
94.079575	0.0153900
94.091024	0.0156674
94.102473	0.0139991
94.113924	0.0148658
94.125374	0.0158419
94.136826	0.0151981
94.148278	0.0160850
94.159731	0.0159983
94.171185	0.0153630
94.182639	0.0148679
94.194094	0.0153490
94.205550	0.0143297
94.217007	0.0151899
94.228464	0.0156457
94.239922	0.0156725
94.251380	0.0161290
94.262840	0.0157122
94.274299	0.0168272
94.285760	0.0144916
94.297222	0.0159128
94.308684	0.0156199
94.320146	0.0150162
94.331610	0.0159223
94.343074	0.0157259
94.354539	0.0164409
94.366005	0.0159008
94.377471	0.0152175
94.388938	0.0136875
94.400406	0.0163589
94.411874	0.0148851
94.423343	0.0154755
94.434813	0.0161601
94.446284	0.0149144
94.457755	0.0149154
94.469227	0.0141095
94.480699	0.0151246
94.492173	0.0149847
94.503647	0.0156858
94.515122	0.0148750
94.526597	0.0151654
94.538073	0.0148345
94.549550	0.0149439
94.561028	0.0147503
94.572506	0.0159791
94.583985	0.0169107
94.595464	0.0154879
94.606945	0.0157457
94.618426	0.0146372
94.629908	0.0156875
94.641390	0.0154489
94.652873	0.0150152
94.664357	0.0151711
94.675842	0.0162614
94.687327	0.0153378
94.698813	0.0140706
94.710300	0.0158745
94.721787	0.0147433
94.733275	0.0160519
94.744764	0.0158218
94.756253	0.0156402
94.767744	0.0141192
94.779234	0.0155806
94.790726	0.0159493
94.802218	0.0153443
94.813711	0.0155691
94.825205	0.0149041
94.836699	0.0155385
94.848195	0.0149808
94.859690	0.0160217
94.871187	0.0152597
94.882684	0.0157152
94.894182	0.0160701
94.905681	0.0161861
94.917180	0.0158578
94.928680	0.0163009
94.940181	0.0161823
94.951682	0.0142253
94.963184	0.0161950
94.974687	0.0153221
94.986191	0.0144855
94.997695	0.0155353
95.009200	0.0160039
95.020706	0.0166135
95.032212	0.0156678
95.043719	0.0147716
95.055227	0.0151034
95.066735	0.0146292
95.078244	0.0156934
95.089754	0.0143062
95.101265	0.0158792
95.112776	0.0156877
95.124288	0.0155280
95.135801	0.0142484
95.147314	0.0162380
95.158828	0.0156085
95.170343	0.0160992
95.181858	0.0164153
95.193375	0.0159645
95.204891	0.0151668
95.216409	0.0167254
95.227927	0.0147893
95.239446	0.0153136
95.250966	0.0137561
95.262486	0.0152572
95.274008	0.0154733
95.285529	0.0149627
95.297052	0.0146057
95.308575	0.0150989
95.320099	0.0144229
95.331624	0.0162920
95.343149	0.0160817
95.354675	0.0149734
95.366202	0.0135545
95.377729	0.0150579
95.389257	0.0135227
95.400786	0.0145237
95.412316	0.0139883
95.423846	0.0149364
95.435377	0.0146658
95.446908	0.0154869
95.458441	0.0165296
95.469974	0.0149876
95.481507	0.0147481
95.493042	0.0151516
95.504577	0.0163925
95.516113	0.0162410
95.527649	0.0152674
95.539187	0.0142075
95.550725	0.0164548
95.562263	0.0147123
95.573803	0.0164415
95.585343	0.0143086
95.596883	0.0154794
95.608425	0.0163455
95.619967	0.0147520
95.631510	0.0136089
95.643054	0.0137736
95.654598	0.0153590
95.666143	0.0151282
95.677689	0.0160815
95.689235	0.0143921
95.700782	0.0145275
95.712330	0.0150760
95.723878	0.0159640
95.735427	0.0150359
95.746977	0.0151004
95.758528	0.0160837
95.770079	0.0162326
95.781631	0.0161103
95.793184	0.0178655
95.804737	0.0188982
95.816292	0.0231681
95.827846	0.0248559
95.839402	0.0303327
95.850958	0.0296409
95.862515	0.0318289
95.874073	0.0317671
95.885631	0.0303755
95.897190	0.0269690
95.908750	0.0259391
95.920310	0.0235582
95.931871	0.0229457
95.943433	0.0200530
95.954996	0.0198785
95.966559	0.0188287
95.978123	0.0177305
95.989688	0.0172382
96.001253	0.0176097
96.012819	0.0172311
96.024386	0.0162778
96.035953	0.0160574
96.047521	0.0167682
96.059090	0.0167060
96.070660	0.0169097
96.082230	0.0170408
96.093801	0.0159689
96.105373	0.0151971
96.116945	0.0166066
96.128518	0.0159678
96.140092	0.0159252
96.151666	0.0154913
96.163242	0.0154007
96.174817	0.0160976
96.186394	0.0156639
96.197971	0.0160034
96.209549	0.0152832
96.221128	0.0148472
96.232707	0.0167126
96.244287	0.0151547
96.255868	0.0162659
96.267450	0.0153095
96.279032	0.0144114
96.290615	0.0161955
96.302199	0.0150248
96.313783	0.0151508
96.325368	0.0150531
96.336954	0.0143832
96.348540	0.0162010
96.360127	0.0153945
96.371715	0.0164846
96.383303	0.0157503
96.394893	0.0162858
96.406483	0.0157748
96.418073	0.0164703
96.429665	0.0152931
96.441257	0.0150999
96.452849	0.0155107
96.464443	0.0160223
96.476037	0.0146930
96.487632	0.0153623
96.499227	0.0166319
96.510824	0.0152516
96.522421	0.0171219
96.534018	0.0148564
96.545617	0.0151078
96.557216	0.0146111
96.568815	0.0158970
96.580416	0.0160788
96.592017	0.0157227
96.603619	0.0157789
96.615222	0.0150540
96.626825	0.0151813
96.638429	0.0147268
96.650034	0.0149754
96.661639	0.0158304
96.673245	0.0154494
96.684852	0.0147918
96.696459	0.0146127
96.708068	0.0170819
96.719676	0.0158444
96.731286	0.0148572
96.742896	0.0160222
96.754507	0.0156807
96.766119	0.0139121
96.777731	0.0156908
96.789345	0.0157109
96.800958	0.0161474
96.812573	0.0148179
96.824188	0.0155291
96.835804	0.0161804
96.847421	0.0160612
96.859038	0.0165343
96.870656	0.0150736
96.882275	0.0145921
96.893894	0.0153184
96.905514	0.0144380
96.917135	0.0157378
96.928757	0.0161514
96.940379	0.0172775
96.952002	0.0167021
96.963626	0.0161734
96.975250	0.0138167
96.986875	0.0158712
96.998501	0.0153710
97.010127	0.0157687
97.021754	0.0169234
97.033382	0.0147489
97.045011	0.0154067
97.056640	0.0147248
97.068270	0.0146610
97.079901	0.0157485
97.091532	0.0168151
97.103164	0.0166417
97.114797	0.0154757
97.126430	0.0146406
97.138065	0.0162846
97.149700	0.0149043
97.161335	0.0154035
97.172971	0.0152698
97.184608	0.0152928
97.196246	0.0166245
97.207884	0.0151291
97.219524	0.0154829
97.231163	0.0142400
97.242804	0.0151650
97.254445	0.0156131
97.266087	0.0159869
97.277730	0.0149008
97.289373	0.0149218
97.301017	0.0156483
97.312662	0.0143607
97.324307	0.0157155
97.335953	0.0161738
97.347600	0.0153364
97.359248	0.0153551
97.370896	0.0148769
97.382545	0.0149762
97.394194	0.0162734
97.405845	0.0150087
97.417496	0.0154086
97.429148	0.0160511
97.440800	0.0155143
97.452453	0.0146437
97.464107	0.0146165
97.475762	0.0149473
97.487417	0.0153910
97.499073	0.0155257
97.510729	0.0158616
97.522387	0.0154987
97.534045	0.0144168
97.545704	0.0156067
97.557363	0.0156631
97.569023	0.0157670
97.580684	0.0154392
97.592346	0.0155255
97.604008	0.0157618
97.615671	0.0171947
97.627335	0.0160372
97.638999	0.0174757
97.650664	0.0194249
97.662330	0.0224449
97.673996	0.0247138
97.685664	0.0258814
97.697332	0.0300469
97.709000	0.0326705
97.720669	0.0340992
97.732339	0.0330070
97.744010	0.0305673
97.755682	0.0284904
97.767354	0.0277022
97.779027	0.0240634
97.790700	0.0225877
97.802374	0.0201421
97.814049	0.0186133
97.825725	0.0159415
97.837401	0.0160160
97.849078	0.0165960
97.860756	0.0163422
97.872434	0.0146866
97.884114	0.0150983
97.895793	0.0148505
97.907474	0.0158040
97.919155	0.0156715
97.930837	0.0167489
97.942520	0.0161338
97.954203	0.0168219
97.965887	0.0161345
97.977572	0.0168873
97.989257	0.0153740
98.000944	0.0149162
98.012630	0.0156104
98.024318	0.0165216
98.036006	0.0143709
98.047695	0.0161003
98.059385	0.0148538
98.071075	0.0156984
98.082766	0.0149922
98.094458	0.0165081
98.106151	0.0156783
98.117844	0.0155614
98.129538	0.0165359
98.141232	0.0162145
98.152928	0.0149497
98.164624	0.0157589
98.176320	0.0152538
98.188018	0.0152901
98.199716	0.0142877
98.211415	0.0153653
98.223114	0.0154286
98.234814	0.0162123
98.246515	0.0163108
98.258217	0.0155991
98.269919	0.0157142
98.281622	0.0164455
98.293326	0.0143180
98.305030	0.0159446
98.316735	0.0169698
98.328441	0.0150103
98.340148	0.0162733
98.351855	0.0164712
98.363563	0.0159449
98.375272	0.0154806
98.386981	0.0141676
98.398691	0.0164568
98.410402	0.0165512
98.422113	0.0165705
98.433825	0.0154455
98.445538	0.0147161
98.457252	0.0160481
98.468966	0.0156702
98.480681	0.0154092
98.492397	0.0160683
98.504113	0.0146933
98.515830	0.0160461
98.527548	0.0164070
98.539266	0.0152628
98.550986	0.0159592
98.562705	0.0159375
98.574426	0.0158209
98.586147	0.0165462
98.597869	0.0148719
98.609592	0.0158663
98.621315	0.0165654
98.633039	0.0153321
98.644764	0.0160719
98.656490	0.0151102
98.668216	0.0160123
98.679943	0.0164293
98.691670	0.0159342
98.703399	0.0147942
98.715128	0.0154785
98.726858	0.0159005
98.738588	0.0143617
98.750319	0.0163557
98.762051	0.0151857
98.773783	0.0155983
98.785517	0.0151145
98.797251	0.0157851
98.808985	0.0153976
98.820721	0.0167185
98.832457	0.0162284
98.844193	0.0150429
98.855931	0.0166745
98.867669	0.0155132
98.879408	0.0158143
98.891147	0.0165962
98.902888	0.0166514
98.914628	0.0182911
98.926370	0.0179954
98.938112	0.0164306
98.949856	0.0179859
98.961599	0.0172367
98.973344	0.0174191
98.985089	0.0183225
98.996835	0.0171252
99.008581	0.0161577
99.020329	0.0170443
99.032077	0.0166577
99.043825	0.0158580
99.055575	0.0153369
99.067325	0.0158966
99.079076	0.0159497
99.090827	0.0149693
99.102579	0.0156786
99.114332	0.0157578
99.126086	0.0171085
99.137840	0.0152273
99.149595	0.0168274
99.161351	0.0151747
99.173107	0.0143247
99.184864	0.0148091
99.196622	0.0159354
99.208381	0.0177822
99.220140	0.0162150
99.231900	0.0162067
99.243660	0.0148779
99.255422	0.0163908
99.267184	0.0156491
99.278946	0.0164380
99.290710	0.0148106
99.302474	0.0160312
99.314239	0.0151113
99.326004	0.0170381
99.337770	0.0148490
99.349537	0.0164364
99.361305	0.0163628
99.373073	0.0161151
99.384842	0.0164434
99.396612	0.0145219
99.408383	0.0156258
99.420154	0.0162645
99.431926	0.0151738
99.443698	0.0153520
99.455472	0.0164105
99.467245	0.0163989
99.479020	0.0158179
99.490796	0.0154067
99.502572	0.0154720
99.514348	0.0163859
99.526126	0.0158632
99.537904	0.0160777
99.549683	0.0154967
99.561462	0.0160871
99.573243	0.0159401
99.585024	0.0149440
99.596805	0.0155525
99.608588	0.0148303
99.620371	0.0155077
99.632155	0.0153477
99.643939	0.0163545
99.655724	0.0156547
99.667510	0.0149059
99.679297	0.0144444
99.691084	0.0149057
99.702872	0.0155730
99.714661	0.0160013
99.726450	0.0143649
99.738240	0.0158057
99.750031	0.0154263
99.761823	0.0155546
99.773615	0.0173062
99.785408	0.0175273
99.797202	0.0190122
99.808996	0.0223019
99.820791	0.0260075
99.832587	0.0285400
99.844383	0.0336235
99.856180	0.0376580
99.867978	0.0385663
99.879777	0.0384564
99.891576	0.0365909
99.903376	0.0333923
99.915177	0.0309207
99.926978	0.0266111
99.938780	0.0258446
99.950583	0.0215469
99.962386	0.0204213
99.974190	0.0183819
99.985995	0.0164396
99.997801	0.0148943
100.009607	0.0156302
100.021414	0.0159769
100.033222	0.0160681
100.045030	0.0150942
100.056839	0.0152772
100.068649	0.0160313
100.080460	0.0154022
100.092271	0.0161272
100.104083	0.0154154
100.115895	0.0159387
100.127708	0.0162510
100.139522	0.0175519
100.151337	0.0170843
100.163153	0.0165929
100.174969	0.0162725
100.186786	0.0159517
100.198603	0.0155084
100.210421	0.0153727
100.222240	0.0156983
100.234060	0.0160537
100.245880	0.0166843
100.257701	0.0170224
100.269523	0.0157026
100.281345	0.0162231
100.293168	0.0176939
100.304992	0.0161033
100.316817	0.0158558
100.328642	0.0169556
100.340468	0.0155839
100.352295	0.0168199
100.364122	0.0150231
100.375950	0.0158254
100.387779	0.0150668
100.399608	0.0155179
100.411438	0.0148730
100.423269	0.0172244
100.435101	0.0163444
100.446933	0.0157246
100.458766	0.0156970
100.470600	0.0158001
100.482434	0.0143177
100.494269	0.0163618
100.506105	0.0160011
100.517941	0.0160724
100.529779	0.0151503
100.541616	0.0170438
100.553455	0.0163646
100.565294	0.0155700
100.577134	0.0163261
100.588975	0.0170477
100.600816	0.0157049
100.612658	0.0165351
100.624501	0.0154701
100.636345	0.0171815
100.648189	0.0163797
100.660034	0.0167035
100.671880	0.0154068
100.683726	0.0162322
100.695573	0.0159759
100.707421	0.0156524
100.719269	0.0153120
100.731118	0.0165363
100.742968	0.0159293
100.754818	0.0159564
100.766670	0.0155727
100.778522	0.0156260
100.790374	0.0174051
100.802228	0.0148418
100.814082	0.0159247
100.825936	0.0170212
100.837792	0.0158377
100.849648	0.0162425
100.861505	0.0156647
100.873362	0.0150208
100.885221	0.0162493
100.897080	0.0148957
100.908939	0.0151783
100.920800	0.0159304
100.932661	0.0163849
100.944522	0.0153430
100.956385	0.0157168
100.968248	0.0174214
100.980112	0.0163363
100.991976	0.0168139
101.003842	0.0142827
101.015708	0.0161669
101.027574	0.0164163
101.039442	0.0163159
101.051310	0.0147666
101.063179	0.0150590
101.075048	0.0159987
101.086918	0.0153021
101.098789	0.0151769
101.110661	0.0151908
101.122533	0.0151052
101.134406	0.0160357
101.146280	0.0142231
101.158154	0.0143285
101.170029	0.0159026
101.181905	0.0165592
101.193782	0.0154801
101.205659	0.0162467
101.217537	0.0170014
101.229415	0.0165693
101.241295	0.0157921
101.253175	0.0155901
101.265056	0.0155394
101.276937	0.0155800
101.288819	0.0163252
101.300702	0.0172593
101.312585	0.0154531
101.324470	0.0160846
101.336355	0.0166949
101.348240	0.0155609
101.360127	0.0149785
101.372014	0.0151281
101.383901	0.0163889
101.395790	0.0159566
101.407679	0.0149843
101.419569	0.0168717
101.431459	0.0152897
101.443351	0.0156165
101.455243	0.0170394
101.467135	0.0159256
101.479029	0.0155857
101.490923	0.0148648
101.502818	0.0170678
101.514713	0.0164251
101.526609	0.0152782
101.538506	0.0156268
101.550404	0.0151053
101.562302	0.0152184
101.574201	0.0164795
101.586101	0.0158644
101.598001	0.0159039
101.609902	0.0148334
101.621804	0.0160268
101.633706	0.0158023
101.645610	0.0159215
101.657514	0.0150631
101.669418	0.0177504
101.681324	0.0157646
101.693230	0.0171952
101.705136	0.0154564
101.717044	0.0170067
101.728952	0.0162762
101.740861	0.0151374
101.752770	0.0155563
101.764680	0.0146713
101.776591	0.0158597
101.788503	0.0169913
101.800415	0.0160392
101.812328	0.0156364
101.824242	0.0155392
101.836157	0.0153367
101.848072	0.0148132
101.859988	0.0156263
101.871904	0.0158255
101.883821	0.0158947
101.895739	0.0163034
101.907658	0.0172867
101.919577	0.0146195
101.931497	0.0155694
101.943418	0.0161799
101.955340	0.0158765
101.967262	0.0156094
101.979185	0.0159576
101.991108	0.0164739
102.003032	0.0155320
102.014957	0.0162453
102.026883	0.0167030
102.038810	0.0163812
102.050737	0.0151979
102.062664	0.0155517
102.074593	0.0164984
102.086522	0.0165067
102.098452	0.0157896
102.110383	0.0161302
102.122314	0.0166755
102.134246	0.0158700
102.146179	0.0155195
102.158112	0.0168129
102.170046	0.0168350
102.181981	0.0159818
102.193916	0.0164528
102.205853	0.0165751
102.217790	0.0165341
102.229727	0.0144841
102.241666	0.0147368
102.253605	0.0161854
102.265544	0.0149615
102.277485	0.0163093
102.289426	0.0173451
102.301368	0.0169833
102.313310	0.0148143
102.325253	0.0155306
102.337197	0.0151613
102.349142	0.0159639
102.361087	0.0167203
102.373033	0.0166411
102.384980	0.0164375
102.396928	0.0165386
102.408876	0.0151686
102.420825	0.0165693
102.432774	0.0158717
102.444725	0.0166659
102.456676	0.0151982
102.468627	0.0172101
102.480580	0.0158816
102.492533	0.0186461
102.504486	0.0196881
102.516441	0.0219549
102.528396	0.0223121
102.540352	0.0239633
102.552309	0.0236915
102.564266	0.0221543
102.576224	0.0226728
102.588183	0.0216335
102.600142	0.0208266
102.612102	0.0203131
102.624063	0.0198168
102.636024	0.0178867
102.647987	0.0168965
102.659949	0.0163875
102.671913	0.0150967
102.683877	0.0162480
102.695842	0.0152939
102.707808	0.0159277
102.719775	0.0159288
102.731742	0.0167027
102.743709	0.0154612
102.755678	0.0163606
102.767647	0.0162873
102.779617	0.0169639
102.791588	0.0167583
102.803559	0.0164562
102.815531	0.0165977
102.827504	0.0151590
102.839477	0.0159967
102.851452	0.0156744
102.863426	0.0173854
102.875402	0.0162601
102.887378	0.0161847
102.899355	0.0165421
102.911333	0.0166903
102.923311	0.0160360
102.935290	0.0176264
102.947270	0.0156947
102.959250	0.0172598
102.971232	0.0156046
102.983214	0.0144763
102.995196	0.0167300
103.007179	0.0168618
103.019163	0.0154998
103.031148	0.0143160
103.043133	0.0155726
103.055120	0.0159107
103.067106	0.0162216
103.079094	0.0164627
103.091082	0.0166617
103.103071	0.0152865
103.115060	0.0162177
103.127051	0.0152188
103.139042	0.0166952
103.151033	0.0152165
103.163026	0.0171491
103.175019	0.0156514
103.187013	0.0156744
103.199007	0.0169774
103.211003	0.0156168
103.222998	0.0164526
103.234995	0.0166293
103.246992	0.0166870
103.258990	0.0155845
103.270989	0.0164878
103.282989	0.0175652
103.294989	0.0155977
103.306990	0.0158838
103.318991	0.0160216
103.330993	0.0179198
103.342996	0.0157228
103.355000	0.0168065
103.367004	0.0161459
103.379009	0.0166823
103.391015	0.0163418
103.403022	0.0171871
103.415029	0.0152039
103.427037	0.0165916
103.439045	0.0152537
103.451054	0.0168860
103.463064	0.0160099
103.475075	0.0160811
103.487086	0.0169926
103.499099	0.0164877
103.511111	0.0153152
103.523125	0.0164826
103.535139	0.0157963
103.547154	0.0150761
103.559169	0.0162905
103.571186	0.0169918
103.583203	0.0159872
103.595220	0.0151730
103.607239	0.0169710
103.619258	0.0153518
103.631278	0.0158905
103.643298	0.0155237
103.655320	0.0166436
103.667341	0.0172416
103.679364	0.0164454
103.691387	0.0163440
103.703411	0.0167014
103.715436	0.0156490
103.727462	0.0154501
103.739488	0.0164824
103.751514	0.0156671
103.763542	0.0165042
103.775570	0.0164716
103.787599	0.0163374
103.799629	0.0161386
103.811659	0.0174679
103.823690	0.0169226
103.835722	0.0162533
103.847754	0.0154423
103.859788	0.0155192
103.871821	0.0150569
103.883856	0.0160788
103.895891	0.0174997
103.907927	0.0164399
103.919964	0.0159845
103.932001	0.0154810
103.944039	0.0157705
103.956078	0.0163792
103.968117	0.0159401
103.980158	0.0168025
103.992199	0.0157725
104.004240	0.0173884
104.016282	0.0162675
104.028325	0.0141729
104.040369	0.0171807
104.052413	0.0165336
104.064459	0.0150831
104.076504	0.0163631
104.088551	0.0157484
104.100598	0.0164712
104.112646	0.0163590
104.124695	0.0178745
104.136744	0.0155326
104.148794	0.0163993
104.160845	0.0167016
104.172896	0.0162055
104.184948	0.0175449
104.197001	0.0155746
104.209054	0.0159586
104.221109	0.0162396
104.233164	0.0170866
104.245219	0.0171564
104.257275	0.0154181
104.269333	0.0169201
104.281390	0.0166454
104.293449	0.0154458
104.305508	0.0155556
104.317568	0.0166746
104.329628	0.0166179
104.341689	0.0144481
104.353751	0.0169840
104.365814	0.0170434
104.377877	0.0153616
104.389941	0.0181097
104.402006	0.0161552
104.414072	0.0163377
104.426138	0.0162750
104.438205	0.0177435
104.450272	0.0159772
104.462341	0.0164721
104.474410	0.0157464
104.486479	0.0153682
104.498550	0.0152232
104.510621	0.0152474
104.522692	0.0164888
104.534765	0.0161342
104.546838	0.0172569
104.558912	0.0157337
104.570987	0.0161295
104.583062	0.0161404
104.595138	0.0152261
104.607215	0.0159649
104.619292	0.0156699
104.631370	0.0159845
104.643449	0.0158190
104.655528	0.0159853
104.667609	0.0166995
104.679690	0.0159344
104.691771	0.0170525
104.703853	0.0169610
104.715936	0.0179080
104.728020	0.0159502
104.740105	0.0160344
104.752190	0.0166263
104.764276	0.0167699
104.776362	0.0163896
104.788449	0.0151353
104.800537	0.0156403
104.812626	0.0170863
104.824715	0.0160527
104.836805	0.0171512
104.848896	0.0166363
104.860988	0.0166175
104.873080	0.0155566
104.885173	0.0155184
104.897266	0.0159350
104.909360	0.0160981
104.921455	0.0160928
104.933551	0.0164555
104.945647	0.0180946
104.957744	0.0163406
104.969842	0.0166757
104.981941	0.0161451
104.994040	0.0175919
105.006140	0.0169097
105.018240	0.0151581
105.030342	0.0168953
105.042444	0.0148104
105.054546	0.0164010
105.066650	0.0158929
105.078754	0.0159064
105.090858	0.0159453
105.102964	0.0158728
105.115070	0.0170920
105.127177	0.0170524
105.139285	0.0155387
105.151393	0.0165933
105.163502	0.0154923
105.175612	0.0163179
105.187722	0.0153614
105.199833	0.0154917
105.211945	0.0177321
105.224058	0.0158456
105.236171	0.0163742
105.248285	0.0163224
105.260399	0.0160489
105.272515	0.0174733
105.284631	0.0167571
105.296747	0.0167034
105.308865	0.0171472
105.320983	0.0167167
105.333102	0.0158442
105.345221	0.0163121
105.357342	0.0166647
105.369463	0.0164213
105.381584	0.0166184
105.393707	0.0151825
105.405830	0.0160042
105.417953	0.0164738
105.430078	0.0152595
105.442203	0.0174971
105.454329	0.0164185
105.466456	0.0175294
105.478583	0.0173088
105.490711	0.0172926
105.502839	0.0160461
105.514969	0.0162151
105.527099	0.0160860
105.539230	0.0171891
105.551361	0.0173863
105.563493	0.0171533
105.575626	0.0163767
105.587760	0.0164331
105.599894	0.0167583
105.612029	0.0157979
105.624165	0.0150125
105.636301	0.0161721
105.648438	0.0166029
105.660576	0.0166113
105.672715	0.0164618
105.684854	0.0165318
105.696994	0.0159352
105.709134	0.0165191
105.721276	0.0170514
105.733418	0.0150202
105.745560	0.0160400
105.757704	0.0166586
105.769848	0.0162216
105.781993	0.0152368
105.794138	0.0168142
105.806285	0.0166231
105.818432	0.0167592
105.830579	0.0162005
105.842728	0.0169556
105.854877	0.0164029
105.867026	0.0160057
105.879177	0.0163296
105.891328	0.0154784
105.903480	0.0154460
105.915632	0.0166156
105.927786	0.0171532
105.939940	0.0174349
105.952094	0.0156022
105.964250	0.0159193
105.976406	0.0166553
105.988562	0.0150771
106.000720	0.0155110
106.012878	0.0158928
106.025037	0.0162312
106.037197	0.0159302
106.049357	0.0173434
106.061518	0.0170234
106.073680	0.0168906
106.085842	0.0158384
106.098005	0.0163449
106.110169	0.0154321
106.122333	0.0168789
106.134498	0.0154786
106.146664	0.0173599
106.158831	0.0163742
106.170998	0.0158075
106.183166	0.0172471
106.195335	0.0162895
106.207504	0.0164980
106.219675	0.0156926
106.231845	0.0171996
106.244017	0.0169508
106.256189	0.0171223
106.268362	0.0158925
106.280536	0.0165837
106.292710	0.0153946
106.304885	0.0162525
106.317061	0.0157799
106.329237	0.0173800
106.341414	0.0166233
106.353592	0.0167500
106.365771	0.0170458
106.377950	0.0167296
106.390130	0.0163163
106.402311	0.0170823
106.414492	0.0157484
106.426674	0.0164634
106.438857	0.0164063
106.451040	0.0154894
106.463224	0.0159796
106.475409	0.0160897
106.487595	0.0155958
106.499781	0.0172850
106.511968	0.0166896
106.524156	0.0162250
106.536344	0.0159436
106.548533	0.0151013
106.560723	0.0168132
106.572914	0.0171446
106.585105	0.0171199
106.597297	0.0166171
106.609489	0.0169321
106.621682	0.0177978
106.633876	0.0168678
106.646071	0.0153932
106.658267	0.0163320
106.670463	0.0172995
106.682660	0.0178298
106.694857	0.0169763
106.707055	0.0163235
106.719254	0.0178701
106.731454	0.0213032
106.743654	0.0258218
106.755855	0.0401693
106.768057	0.0602157
106.780259	0.1000159
106.792462	0.1516629
106.804666	0.2240058
106.816871	0.3048884
106.829076	0.3811442
106.841282	0.4311489
106.853489	0.4495793
106.865696	0.4439581
106.877904	0.4128538
106.890113	0.3583181
106.902322	0.3006682
106.914532	0.2364185
106.926743	0.1836782
106.938955	0.1335731
106.951167	0.0936188
106.963380	0.0639924
106.975594	0.0468468
106.987808	0.0329951
107.000023	0.0251472
107.012239	0.0210609
107.024455	0.0188671
107.036672	0.0164005
107.048890	0.0157382
107.061109	0.0177106
107.073328	0.0168402
107.085548	0.0182469
107.097769	0.0165883
107.109990	0.0165672
107.122212	0.0148806
107.134435	0.0170269
107.146659	0.0165321
107.158883	0.0175771
107.171108	0.0157571
107.183333	0.0164663
107.195560	0.0174017
107.207787	0.0172661
107.220014	0.0166782
107.232243	0.0154397
107.244472	0.0155063
107.256702	0.0158475
107.268932	0.0168677
107.281164	0.0167263
107.293396	0.0171579
107.305628	0.0171684
107.317861	0.0168821
107.330096	0.0162518
107.342330	0.0173909
107.354566	0.0180034
107.366802	0.0160251
107.379039	0.0168800
107.391276	0.0168273
107.403514	0.0165428
107.415753	0.0159495
107.427993	0.0176623
107.440233	0.0167949
107.452474	0.0167033
107.464716	0.0175968
107.476959	0.0167089
107.489202	0.0171332
107.501446	0.0167829
107.513690	0.0171380
107.525936	0.0172867
107.538182	0.0163511
107.550428	0.0166087
107.562676	0.0166897
107.574924	0.0169399
107.587173	0.0170224
107.599422	0.0160547
107.611672	0.0164038
107.623923	0.0170424
107.636175	0.0156016
107.648427	0.0153618
107.660680	0.0170169
107.672934	0.0164797
107.685188	0.0161132
107.697443	0.0165630
107.709699	0.0170285
107.721956	0.0172516
107.734213	0.0173154
107.746471	0.0170095
107.758729	0.0163601
107.770989	0.0166875
107.783249	0.0173946
107.795509	0.0189430
107.807771	0.0181945
107.820033	0.0168259
107.832296	0.0175476
107.844559	0.0171020
107.856824	0.0170222
107.869088	0.0184682
107.881354	0.0165127
107.893620	0.0174519
107.905888	0.0152469
107.918155	0.0164259
107.930424	0.0170354
107.942693	0.0161983
107.954963	0.0168934
107.967233	0.0171456
107.979505	0.0168104
107.991777	0.0171098
108.004049	0.0152808
108.016323	0.0151766
108.028597	0.0169287
108.040871	0.0172927
108.053147	0.0165873
108.065423	0.0171938
108.077700	0.0163758
108.089978	0.0163537
108.102256	0.0175023
108.114535	0.0162221
108.126814	0.0155258
108.139095	0.0171224
108.151376	0.0167178
108.163658	0.0162941
108.175940	0.0159197
108.188223	0.0173154
108.200507	0.0167236
108.212792	0.0174198
108.225077	0.0163707
108.237363	0.0161139
108.249650	0.0167962
108.261937	0.0152781
108.274226	0.0170995
108.286514	0.0181704
108.298804	0.0164295
108.311094	0.0163963
108.323385	0.0162087
108.335677	0.0164089
108.347969	0.0170662
108.360262	0.0170966
108.372556	0.0175075
108.384850	0.0151566
108.397145	0.0166208
108.409441	0.0159272
108.421738	0.0168446
108.434035	0.0171883
108.446333	0.0178570
108.458632	0.0167084
108.470931	0.0168150
108.483231	0.0160690
108.495532	0.0155470
108.507833	0.0159004
108.520136	0.0168105
108.532438	0.0172604
108.544742	0.0167743
108.557046	0.0169296
108.569351	0.0172354
108.581657	0.0171741
108.593963	0.0161374
108.606270	0.0159195
108.618578	0.0167605
108.630887	0.0164137
108.643196	0.0180042
108.655506	0.0166424
108.667816	0.0165181
108.680128	0.0173080
108.692440	0.0185207
108.704752	0.0192802
108.717066	0.0190410
108.729380	0.0189834
108.741695	0.0201268
108.754010	0.0205957
108.766326	0.0205340
108.778643	0.0202388
108.790961	0.0209794
108.803279	0.0201215
108.815598	0.0224187
108.827918	0.0205952
108.840238	0.0237617
108.852560	0.0233766
108.864881	0.0231695
108.877204	0.0218517
108.889527	0.0200407
108.901851	0.0210532
108.914176	0.0187463
108.926501	0.0190950
108.938827	0.0187011
108.951154	0.0187442
108.963481	0.0169932
108.975810	0.0161786
108.988138	0.0168420
109.000468	0.0160297
109.012798	0.0158658
109.025129	0.0166444
109.037461	0.0159440
109.049793	0.0157046
109.062126	0.0161290
109.074460	0.0165352
109.086795	0.0159794
109.099130	0.0159783
109.111466	0.0171223
109.123802	0.0169245
109.136140	0.0153392
109.148477	0.0165980
109.160816	0.0169643
109.173156	0.0167322
109.185496	0.0167570
109.197836	0.0161869
109.210178	0.0149191
109.222520	0.0171681
109.234863	0.0164371
109.247207	0.0169192
109.259551	0.0169524
109.271896	0.0173101
109.284242	0.0150186
109.296588	0.0165642
109.308935	0.0167509
109.321283	0.0160263
109.333632	0.0168967
109.345981	0.0161599
109.358331	0.0176427
109.370681	0.0172448
109.383033	0.0168981
109.395385	0.0169833
109.407738	0.0166117
109.420091	0.0176417
109.432445	0.0158286
109.444800	0.0161764
109.457156	0.0158183
109.469512	0.0163310
109.481869	0.0167862
109.494226	0.0167190
109.506585	0.0171018
109.518944	0.0157719
109.531304	0.0169339
109.543664	0.0163851
109.556025	0.0165660
109.568387	0.0161484
109.580750	0.0168448
109.593113	0.0176184
109.605477	0.0158468
109.617842	0.0168838
109.630207	0.0169613
109.642573	0.0165791
109.654940	0.0163454
109.667307	0.0179814
109.679676	0.0158514
109.692044	0.0156412
109.704414	0.0164094
109.716784	0.0170400
109.729155	0.0159240
109.741527	0.0180109
109.753900	0.0168027
109.766273	0.0157307
109.778646	0.0167467
109.791021	0.0149148
109.803396	0.0175011
109.815772	0.0156217
109.828149	0.0172829
109.840526	0.0164310
109.852904	0.0164854
109.865283	0.0166793
109.877662	0.0172071
109.890042	0.0166784
109.902423	0.0164459
109.914805	0.0170472
109.927187	0.0156406
109.939570	0.0178100
109.951954	0.0181277
109.964338	0.0167283
109.976723	0.0168093
109.989109	0.0168440
110.001495	0.0163868
110.013882	0.0169423
110.026270	0.0158786
110.038659	0.0166763
110.051048	0.0157135
110.063438	0.0167903
110.075829	0.0160268
110.088220	0.0169168
110.100612	0.0161690
110.113005	0.0168082
110.125398	0.0164491
110.137793	0.0165934
110.150187	0.0175061
110.162583	0.0179662
110.174979	0.0181472
110.187376	0.0163242
110.199774	0.0165375
110.212172	0.0159575
110.224572	0.0176269
110.236971	0.0174188
110.249372	0.0163981
110.261773	0.0155237
110.274175	0.0168171
110.286578	0.0168015
110.298981	0.0173245
110.311385	0.0150776
110.323790	0.0190110
110.336195	0.0167006
110.348601	0.0163036
110.361008	0.0178968
110.373416	0.0163086
110.385824	0.0155378
110.398233	0.0171597
110.410642	0.0178715
110.423053	0.0170380
110.435464	0.0168122
110.447875	0.0166321
110.460288	0.0162544
110.472701	0.0165454
110.485115	0.0169489
110.497529	0.0174253
110.509945	0.0168540
110.522361	0.0162420
110.534777	0.0173227
110.547195	0.0158034
110.559613	0.0170501
110.572031	0.0163832
110.584451	0.0186840
110.596871	0.0165551
110.609292	0.0169821
110.621714	0.0167571
110.634136	0.0176354
110.646559	0.0172204
110.658983	0.0172687
110.671407	0.0168344
110.683832	0.0170185
110.696258	0.0170068
110.708684	0.0169823
110.721111	0.0176212
110.733539	0.0170368
110.745968	0.0168873
110.758397	0.0167077
110.770827	0.0176378
110.783258	0.0160150
110.795689	0.0165210
110.808122	0.0160798
110.820554	0.0184624
110.832988	0.0166386
110.845422	0.0170076
110.857857	0.0156113
110.870293	0.0178962
110.882729	0.0174225
110.895166	0.0161736
110.907604	0.0161877
110.920042	0.0164906
110.932481	0.0166408
110.944921	0.0165619
110.957362	0.0161614
110.969803	0.0167432
110.982245	0.0159828
110.994688	0.0166951
111.007131	0.0169777
111.019575	0.0179541
111.032020	0.0167996
111.044465	0.0167021
111.056911	0.0170019
111.069358	0.0167083
111.081806	0.0156949
111.094254	0.0162915
111.106703	0.0171717
111.119153	0.0165621
111.131603	0.0177204
111.144054	0.0167747
111.156506	0.0172907
111.168958	0.0169940
111.181412	0.0167939
111.193865	0.0176448
111.206320	0.0170108
111.218775	0.0161463
111.231231	0.0169283
111.243688	0.0154562
111.256145	0.0178176
111.268603	0.0165133
111.281062	0.0167709
111.293522	0.0162820
111.305982	0.0181057
111.318443	0.0152007
111.330905	0.0162779
111.343367	0.0163875
111.355830	0.0169784
111.368294	0.0176299
111.380758	0.0165592
111.393223	0.0173076
111.405689	0.0158729
111.418155	0.0172810
111.430623	0.0166261
111.443091	0.0172671
111.455559	0.0171655
111.468029	0.0168399
111.480499	0.0174380
111.492969	0.0158258
111.505441	0.0161707
111.517913	0.0169942
111.530386	0.0168311
111.542859	0.0167429
111.555334	0.0165745
111.567809	0.0165825
111.580284	0.0173526
111.592761	0.0170111
111.605238	0.0160921
111.617716	0.0177368
111.630194	0.0164868
111.642673	0.0164952
111.655153	0.0176928
111.667634	0.0175271
111.680115	0.0173449
111.692597	0.0177411
111.705080	0.0165547
111.717563	0.0160953
111.730047	0.0172158
111.742532	0.0177423
111.755017	0.0166528
111.767504	0.0174191
111.779990	0.0182355
111.792478	0.0169698
111.804966	0.0157284
111.817455	0.0180658
111.829945	0.0173279
111.842435	0.0165573
111.854927	0.0168519
111.867418	0.0165089
111.879911	0.0159003
111.892404	0.0176749
111.904898	0.0171676
111.917393	0.0158449
111.929888	0.0153830
111.942384	0.0173090
111.954881	0.0176613
111.967378	0.0177675
111.979876	0.0169564
111.992375	0.0168420
112.004875	0.0171232
112.017375	0.0167224
112.029876	0.0178623
112.042378	0.0172245
112.054880	0.0172165
112.067383	0.0168443
112.079887	0.0157702
112.092391	0.0170888
112.104896	0.0166397
112.117402	0.0163302
112.129909	0.0165327
112.142416	0.0169408
112.154924	0.0176363
112.167433	0.0167207
112.179942	0.0163023
112.192452	0.0167794
112.204963	0.0169991
112.217474	0.0170056
112.229987	0.0173218
112.242500	0.0189677
112.255013	0.0178101
112.267527	0.0169761
112.280042	0.0171759
112.292558	0.0172299
112.305074	0.0164106
112.317592	0.0176033
112.330109	0.0167383
112.342628	0.0165247
112.355147	0.0176014
112.367667	0.0178765
112.380188	0.0180815
112.392709	0.0156580
112.405231	0.0168352
112.417754	0.0169626
112.430277	0.0178261
112.442801	0.0172142
112.455326	0.0165439
112.467852	0.0165379
112.480378	0.0183485
112.492905	0.0167315
112.505432	0.0180941
112.517961	0.0156715
112.530490	0.0167968
112.543020	0.0169148
112.555550	0.0171376
112.568081	0.0176409
112.580613	0.0174145
112.593146	0.0177341
112.605679	0.0177275
112.618213	0.0164185
112.630747	0.0165442
112.643283	0.0170790
112.655819	0.0164746
112.668356	0.0172640
112.680893	0.0161705
112.693431	0.0176127
112.705970	0.0180440
112.718510	0.0175485
112.731050	0.0171932
112.743591	0.0168008
112.756133	0.0162643
112.768675	0.0177620
112.781218	0.0180989
112.793762	0.0182292
112.806306	0.0170818
112.818852	0.0173237
112.831398	0.0167143
112.843944	0.0170706
112.856491	0.0168703
112.869040	0.0178711
112.881588	0.0178877
112.894138	0.0156565
112.906688	0.0170634
112.919239	0.0171408
112.931790	0.0169846
112.944342	0.0176515
112.956895	0.0168803
112.969449	0.0170252
112.982003	0.0170880
112.994558	0.0166050
113.007114	0.0178502
113.019670	0.0173871
113.032228	0.0169016
113.044785	0.0176864
113.057344	0.0168318
113.069903	0.0171267
113.082463	0.0162977
113.095024	0.0175327
113.107585	0.0158639
113.120147	0.0176505
113.132710	0.0169903
113.145273	0.0182224
113.157838	0.0167715
113.170402	0.0169031
113.182968	0.0168785
113.195534	0.0172828
113.208101	0.0168236
113.220669	0.0169899
113.233237	0.0169405
113.245806	0.0171612
113.258376	0.0173450
113.270947	0.0163897
113.283518	0.0176939
113.296090	0.0173821
113.308662	0.0183908
113.321236	0.0166888
113.333810	0.0163724
113.346384	0.0164427
113.358960	0.0178481
113.371536	0.0172649
113.384113	0.0179474
113.396690	0.0180384
113.409268	0.0180974
113.421847	0.0163549
113.434427	0.0162213
113.447007	0.0176849
113.459588	0.0160307
113.472170	0.0172798
113.484752	0.0172759
113.497336	0.0186023
113.509919	0.0182971
113.522504	0.0177268
113.535089	0.0163502
113.547675	0.0170202
113.560262	0.0164489
113.572849	0.0164188
113.585437	0.0163533
113.598026	0.0176028
113.610615	0.0172346
113.623205	0.0161885
113.635796	0.0181422
113.648388	0.0161877
113.660980	0.0171623
113.673573	0.0172221
113.686167	0.0166658
113.698761	0.0158048
113.711356	0.0175420
113.723952	0.0166033
113.736548	0.0182476
113.749146	0.0163568
113.761743	0.0173891
113.774342	0.0153174
113.786941	0.0171758
113.799541	0.0156566
113.812142	0.0172720
113.824743	0.0169480
113.837345	0.0165773
113.849948	0.0172293
113.862552	0.0165504
113.875156	0.0176607
113.887761	0.0163618
113.900366	0.0157227
113.912973	0.0163252
113.925580	0.0178016
113.938188	0.0167471
113.950796	0.0172462
113.963405	0.0173507
113.976015	0.0163330
113.988625	0.0171344
114.001237	0.0165803
114.013849	0.0163348
114.026461	0.0174096
114.039075	0.0176658
114.051689	0.0179922
114.064303	0.0169686
114.076919	0.0163416
114.089535	0.0171654
114.102152	0.0180534
114.114769	0.0193584
114.127388	0.0195053
114.140006	0.0204519
114.152626	0.0200213
114.165246	0.0223519
114.177868	0.0251033
114.190489	0.0241877
114.203112	0.0253220
114.215735	0.0253262
114.228359	0.0228933
114.240983	0.0240997
114.253609	0.0217662
114.266235	0.0215082
114.278861	0.0206314
114.291489	0.0204326
114.304117	0.0181292
114.316746	0.0170718
114.329375	0.0161671
114.342005	0.0157264
114.354636	0.0178271
114.367268	0.0154528
114.379900	0.0167919
114.392533	0.0176164
114.405167	0.0168073
114.417801	0.0170672
114.430436	0.0178889
114.443072	0.0158529
114.455709	0.0169566
114.468346	0.0178043
114.480984	0.0168571
114.493622	0.0172119
114.506262	0.0166759
114.518902	0.0183295
114.531542	0.0173867
114.544184	0.0168363
114.556826	0.0177305
114.569469	0.0184860
114.582112	0.0161818
114.594756	0.0183889
114.607401	0.0167145
114.620047	0.0185772
114.632693	0.0168169
114.645340	0.0176919
114.657988	0.0163918
114.670637	0.0165503
114.683286	0.0171293
114.695936	0.0169930
114.708586	0.0187746
114.721238	0.0186174
114.733889	0.0161311
114.746542	0.0173170
114.759196	0.0172947
114.771850	0.0156449
114.784504	0.0172948
114.797160	0.0177193
114.809816	0.0179747
114.822473	0.0179495
114.835130	0.0180003
114.847789	0.0172601
114.860448	0.0163159
114.873107	0.0159613
114.885768	0.0170053
114.898429	0.0160810
114.911091	0.0178913
114.923753	0.0180104
114.936416	0.0169090
114.949080	0.0173437
114.961745	0.0166507
114.974410	0.0161034
114.987076	0.0179678
114.999743	0.0164872
115.012410	0.0166734
115.025078	0.0162245
115.037747	0.0168866
115.050417	0.0168515
115.063087	0.0176544
115.075758	0.0173415
115.088430	0.0167701
115.101102	0.0171623
115.113775	0.0168523
115.126449	0.0189674
115.139123	0.0182831
115.151798	0.0181044
115.164474	0.0171821
115.177151	0.0165578
115.189828	0.0158878
115.202506	0.0171994
115.215185	0.0161338
115.227864	0.0164310
115.240544	0.0175085
115.253225	0.0175101
115.265906	0.0175321
115.278588	0.0166626
115.291271	0.0172991
115.303955	0.0185622
115.316639	0.0171951
115.329324	0.0173409
115.342010	0.0176910
115.354696	0.0168993
115.367383	0.0179016
115.380071	0.0179554
115.392760	0.0173743
115.405449	0.0167737
115.418139	0.0175873
115.430829	0.0177552
115.443520	0.0174744
115.456212	0.0185186
115.468905	0.0171366
115.481599	0.0171054
115.494293	0.0177597
115.506988	0.0169332
115.519683	0.0188535
115.532379	0.0164792
115.545076	0.0170003
115.557774	0.0169241
115.570472	0.0176962
115.583171	0.0160384
115.595871	0.0159299
115.608571	0.0177952
115.621272	0.0187044
115.633974	0.0168535
115.646677	0.0184845
115.659380	0.0173883
115.672084	0.0169134
115.684789	0.0167979
115.697494	0.0174812
115.710200	0.0173892
115.722907	0.0170388
115.735614	0.0166983
115.748322	0.0174288
115.761031	0.0187070
115.773741	0.0156950
115.786451	0.0174406
115.799162	0.0175806
115.811874	0.0164873
115.824586	0.0163889
115.837299	0.0174689
115.850013	0.0167906
115.862727	0.0164180
115.875443	0.0179216
115.888158	0.0168043
115.900875	0.0164668
115.913592	0.0169305
115.926310	0.0170905
115.939029	0.0172158
115.951748	0.0172521
115.964468	0.0176913
115.977189	0.0180720
115.989911	0.0184013
116.002633	0.0172695
116.015356	0.0171367
116.028080	0.0172052
116.040804	0.0163270
116.053529	0.0166885
116.066255	0.0176528
116.078981	0.0171250
116.091708	0.0167103
116.104436	0.0178139
116.117164	0.0168362
116.129894	0.0174881
116.142624	0.0191003
116.155354	0.0166587
116.168086	0.0193284
116.180818	0.0169615
116.193550	0.0164513
116.206284	0.0174372
116.219018	0.0175816
116.231753	0.0167298
116.244488	0.0176359
116.257225	0.0168927
116.269962	0.0163093
116.282699	0.0171415
116.295438	0.0176741
116.308177	0.0177991
116.320916	0.0168434
116.333657	0.0190654
116.346398	0.0169663
116.359140	0.0167527
116.371882	0.0175646
116.384626	0.0175857
116.397370	0.0180784
116.410114	0.0172434
116.422860	0.0167491
116.435606	0.0162206
116.448353	0.0168745
116.461100	0.0180574
116.473848	0.0165836
116.486597	0.0175795
116.499347	0.0168352
116.512097	0.0174789
116.524848	0.0169485
116.537600	0.0167791
116.550352	0.0173534
116.563105	0.0168382
116.575859	0.0173975
116.588614	0.0171342
116.601369	0.0173901
116.614125	0.0165090
116.626881	0.0163098
116.639639	0.0183314
116.652397	0.0171114
116.665156	0.0164775
116.677915	0.0160703
116.690675	0.0172966
116.703436	0.0167972
116.716197	0.0177422
116.728960	0.0169649
116.741723	0.0178425
116.754486	0.0159925
116.767251	0.0177388
116.780016	0.0179234
116.792781	0.0173300
116.805548	0.0175556
116.818315	0.0166929
116.831083	0.0176181
116.843851	0.0159255
116.856621	0.0170711
116.869391	0.0176757
116.882161	0.0173198
116.894933	0.0170552
116.907705	0.0169590
116.920478	0.0168126
116.933251	0.0169145
116.946025	0.0178238
116.958800	0.0176976
116.971576	0.0184413
116.984352	0.0183166
116.997129	0.0178921
117.009907	0.0177388
117.022685	0.0169036
117.035464	0.0179431
117.048244	0.0172627
117.061024	0.0171445
117.073806	0.0173249
117.086588	0.0179283
117.099370	0.0181372
117.112154	0.0170350
117.124938	0.0167436
117.137722	0.0171975
117.150508	0.0160408
117.163294	0.0178395
117.176081	0.0176343
117.188868	0.0181882
117.201656	0.0174625
117.214445	0.0168355
117.227235	0.0175357
117.240025	0.0177523
117.252816	0.0167131
117.265608	0.0170230
117.278401	0.0172806
117.291194	0.0173544
117.303988	0.0173821
117.316782	0.0166959
117.329577	0.0189214
117.342373	0.0171538
117.355170	0.0180567
117.367967	0.0184419
117.380765	0.0180622
117.393564	0.0171969
117.406364	0.0167707
117.419164	0.0165064
117.431965	0.0183604
117.444766	0.0176682
117.457568	0.0162277
117.470371	0.0173446
117.483175	0.0182913
117.495980	0.0159557
117.508785	0.0175693
117.521590	0.0183558
117.534397	0.0175729
117.547204	0.0180455
117.560012	0.0184897
117.572821	0.0182372
117.585630	0.0168523
117.598440	0.0177024
117.611251	0.0187702
117.624062	0.0173056
117.636874	0.0172651
117.649687	0.0181866
117.662500	0.0170086
117.675315	0.0173398
117.688130	0.0182203
117.700945	0.0174897
117.713762	0.0175005
117.726579	0.0168957
117.739396	0.0184845
117.752215	0.0164986
117.765034	0.0172648
117.777854	0.0161066
117.790674	0.0180970
117.803495	0.0183220
117.816317	0.0185888
117.829140	0.0163105
117.841963	0.0162210
117.854787	0.0168888
117.867612	0.0171308
117.880438	0.0176971
117.893264	0.0173919
117.906091	0.0173667
117.918918	0.0173649
117.931747	0.0175134
117.944576	0.0173445
117.957405	0.0167425
117.970236	0.0173262
117.983067	0.0171071
117.995898	0.0168344
118.008731	0.0176461
118.021564	0.0167463
118.034398	0.0171796
118.047233	0.0175020
118.060068	0.0159441
118.072904	0.0177669
118.085741	0.0168823
118.098578	0.0185829
118.111416	0.0166345
118.124255	0.0183262
118.137094	0.0168743
118.149935	0.0172607
118.162775	0.0173976
118.175617	0.0166438
118.188459	0.0162608
118.201302	0.0173132
118.214146	0.0180376
118.226991	0.0181499
118.239836	0.0163927
118.252681	0.0180440
118.265528	0.0172242
118.278375	0.0179742
118.291223	0.0181168
118.304072	0.0170664
118.316921	0.0189079
118.329771	0.0174730
118.342622	0.0168734
118.355473	0.0182453
118.368326	0.0170872
118.381178	0.0165506
118.394032	0.0172026
118.406886	0.0166783
118.419741	0.0177907
118.432597	0.0179417
118.445453	0.0171966
118.458310	0.0183636
118.471168	0.0174934
118.484026	0.0168257
118.496886	0.0175946
118.509746	0.0177190
118.522606	0.0185154
118.535467	0.0169585
118.548329	0.0177170
118.561192	0.0171423
118.574055	0.0166080
118.586920	0.0173367
118.599784	0.0165614
118.612650	0.0169774
118.625516	0.0174216
118.638383	0.0179587
118.651250	0.0163279
118.664119	0.0173589
118.676988	0.0156147
118.689857	0.0197159
118.702728	0.0170224
118.715599	0.0171026
118.728471	0.0171269
118.741343	0.0180371
118.754217	0.0172531
118.767090	0.0169786
118.779965	0.0173617
118.792840	0.0175778
118.805716	0.0177181
118.818593	0.0175517
118.831471	0.0180161
118.844349	0.0174925
118.857228	0.0177538
118.870107	0.0175207
118.882987	0.0177746
118.895868	0.0174452
118.908750	0.0178684
118.921632	0.0184478
118.934515	0.0168131
118.947399	0.0170676
118.960284	0.0170766
118.973169	0.0176639
118.986055	0.0172740
118.998941	0.0180204
119.011828	0.0179941
119.024716	0.0172845
119.037605	0.0158482
119.050494	0.0180372
119.063385	0.0181562
119.076275	0.0191600
119.089167	0.0176345
119.102059	0.0189657
119.114952	0.0153797
119.127845	0.0171733
119.140740	0.0182628
119.153635	0.0169943
119.166530	0.0165734
119.179427	0.0181783
119.192324	0.0176785
119.205222	0.0180777
119.218120	0.0174029
119.231020	0.0171161
119.243919	0.0177281
119.256820	0.0178335
119.269721	0.0178807
119.282623	0.0178960
119.295526	0.0174155
119.308430	0.0178540
119.321334	0.0174948
119.334238	0.0167321
119.347144	0.0179457
119.360050	0.0173821
119.372957	0.0165697
119.385865	0.0192837
119.398773	0.0162908
119.411682	0.0170968
119.424592	0.0173914
119.437502	0.0173579
119.450414	0.0185868
119.463325	0.0171156
119.476238	0.0166384
119.489151	0.0169605
119.502065	0.0182476
119.514980	0.0176117
119.527895	0.0188128
119.540811	0.0171589
119.553728	0.0174237
119.566645	0.0164492
119.579564	0.0185929
119.592483	0.0177093
119.605402	0.0170924
119.618322	0.0162362
119.631243	0.0175684
119.644165	0.0169184
119.657087	0.0172231
119.670011	0.0179278
119.682934	0.0171670
119.695859	0.0172917
119.708784	0.0168876
119.721710	0.0179486
119.734637	0.0179052
119.747564	0.0174117
119.760492	0.0171575
119.773421	0.0187865
119.786350	0.0187247
119.799280	0.0176733
119.812211	0.0182821
119.825142	0.0171368
119.838075	0.0177039
119.851008	0.0167098
119.863941	0.0180297
119.876875	0.0183610
119.889811	0.0180128
119.902746	0.0172094
119.915683	0.0173487
119.928620	0.0189791
119.941558	0.0180606
119.954496	0.0169180
119.967435	0.0180456
119.980375	0.0173725
119.993316	0.0172369
120.006257	0.0181141
120.019199	0.0183953
120.032142	0.0167786
120.045086	0.0182377
120.058030	0.0161865
120.070975	0.0171279
120.083920	0.0184863
120.096867	0.0168735
120.109814	0.0173854
120.122761	0.0173976
120.135710	0.0187594
120.148659	0.0190880
120.161608	0.0176752
120.174559	0.0177034
120.187510	0.0188472
120.200462	0.0173435
120.213415	0.0186538
120.226368	0.0174672
120.239322	0.0180682
120.252277	0.0165783
120.265232	0.0172453
120.278188	0.0161697
120.291145	0.0177993
120.304102	0.0194295
120.317061	0.0162757
120.330020	0.0187752
120.342979	0.0179069
120.355939	0.0179119
120.368900	0.0164969
120.381862	0.0184948
120.394825	0.0180286
120.407788	0.0177344
120.420752	0.0174414
120.433716	0.0174009
120.446681	0.0178291
120.459647	0.0186631
120.472614	0.0155717
120.485581	0.0175618
120.498549	0.0191745
120.511518	0.0175496
120.524488	0.0181420
120.537458	0.0173470
120.550429	0.0170137
120.563400	0.0183097
120.576372	0.0169971
120.589345	0.0176849
120.602319	0.0168183
120.615293	0.0174780
120.628268	0.0176690
120.641244	0.0169282
120.654221	0.0179365
120.667198	0.0176759
120.680176	0.0181299
120.693154	0.0166683
120.706134	0.0174485
120.719114	0.0191023
120.732094	0.0188568
120.745076	0.0180111
120.758058	0.0171565
120.771040	0.0167586
120.784024	0.0165443
120.797008	0.0193152
120.809993	0.0176830
120.822979	0.0186947
120.835965	0.0195377
120.848952	0.0174325
120.861940	0.0180485
120.874928	0.0170328
120.887917	0.0174121
120.900907	0.0180320
120.913898	0.0179809
120.926889	0.0179415
120.939881	0.0165336
120.952873	0.0174078
120.965867	0.0184197
120.978861	0.0177235
120.991855	0.0184248
121.004851	0.0168300
121.017847	0.0181131
121.030844	0.0173509
121.043841	0.0169180
121.056840	0.0186358
121.069839	0.0172408
121.082838	0.0179749
121.095839	0.0174991
121.108840	0.0177486
121.121841	0.0170637
121.134844	0.0170553
121.147847	0.0173319
121.160851	0.0161077
121.173856	0.0173819
121.186861	0.0184930
121.199867	0.0170149
121.212873	0.0178206
121.225881	0.0171613
121.238889	0.0167056
121.251898	0.0192606
121.264907	0.0175620
121.277917	0.0191606
121.290928	0.0172273
121.303940	0.0165513
121.316952	0.0177742
121.329965	0.0167866
121.342979	0.0164485
121.355993	0.0173960
121.369008	0.0163594
121.382024	0.0181519
121.395041	0.0163244
121.408058	0.0169387
121.421076	0.0186227
121.434094	0.0181211
121.447114	0.0162915
121.460134	0.0182020
121.473154	0.0181447
121.486176	0.0183675
121.499198	0.0187236
121.512221	0.0182270
121.525244	0.0186997
121.538269	0.0171675
121.551294	0.0185056
121.564319	0.0172766
121.577346	0.0167989
121.590373	0.0175872
121.603400	0.0181577
121.616429	0.0196185
121.629458	0.0173807
121.642488	0.0170161
121.655518	0.0179470
121.668550	0.0175035
121.681582	0.0174166
121.694614	0.0177097
121.707648	0.0178598
121.720682	0.0170400
121.733716	0.0174573
121.746752	0.0179663
121.759788	0.0180174
121.772825	0.0172087
121.785863	0.0190379
121.798901	0.0176572
121.811940	0.0186413
121.824980	0.0184216
121.838020	0.0182567
121.851061	0.0195506
121.864103	0.0173468
121.877145	0.0176695
121.890188	0.0176968
121.903232	0.0169179
121.916277	0.0171405
121.929322	0.0168398
121.942368	0.0175649
121.955415	0.0181856
121.968462	0.0178477
121.981511	0.0176551
121.994559	0.0175625
122.007609	0.0171849
122.020659	0.0172326
122.033710	0.0180465
122.046762	0.0169799
122.059814	0.0187708
122.072867	0.0174893
122.085921	0.0188937
122.098975	0.0176424
122.112030	0.0177745
122.125086	0.0179821
122.138143	0.0184987
122.151200	0.0162310
122.164258	0.0182984
122.177317	0.0171872
122.190376	0.0182115
122.203436	0.0179684
122.216497	0.0186071
122.229558	0.0178483
122.242620	0.0182002
122.255683	0.0183761
122.268747	0.0180014
122.281811	0.0180286
122.294876	0.0182233
122.307942	0.0187149
122.321008	0.0191627
122.334075	0.0164090
122.347143	0.0173031
122.360212	0.0180965
122.373281	0.0187134
122.386351	0.0178888
122.399421	0.0178878
122.412492	0.0171610
122.425564	0.0162235
122.438637	0.0168406
122.451711	0.0181139
122.464785	0.0164566
122.477860	0.0165891
122.490935	0.0176510
122.504011	0.0171970
122.517088	0.0176014
122.530166	0.0183947
122.543244	0.0171244
122.556323	0.0179257
122.569403	0.0180632
122.582483	0.0164184
122.595564	0.0172451
122.608646	0.0179542
122.621729	0.0181916
122.634812	0.0169728
122.647896	0.0169554
122.660981	0.0180227
122.674066	0.0177046
122.687152	0.0172230
122.700239	0.0176065
122.713326	0.0175882
122.726414	0.0176685
122.739503	0.0176474
122.752593	0.0167003
122.765683	0.0177714
122.778774	0.0171093
122.791866	0.0180544
122.804958	0.0178241
122.818051	0.0181299
122.831145	0.0171027
122.844239	0.0171586
122.857334	0.0180955
122.870430	0.0172925
122.883527	0.0171392
122.896624	0.0172716
122.909722	0.0183237
122.922821	0.0165955
122.935920	0.0185607
122.949020	0.0189825
122.962121	0.0180266
122.975223	0.0163779
122.988325	0.0180436
123.001428	0.0173188
123.014531	0.0167354
123.027636	0.0191138
123.040741	0.0166085
123.053846	0.0173381
123.066953	0.0168937
123.080060	0.0179047
123.093168	0.0175077
123.106276	0.0168633
123.119386	0.0155253
123.132496	0.0185462
123.145606	0.0183128
123.158717	0.0175325
123.171830	0.0186333
123.184942	0.0179318
123.198056	0.0189013
123.211170	0.0171953
123.224285	0.0176626
123.237400	0.0173721
123.250516	0.0181127
123.263633	0.0178946
123.276751	0.0164489
123.289869	0.0172333
123.302988	0.0181530
123.316108	0.0186780
123.329229	0.0183238
123.342350	0.0175790
123.355472	0.0193784
123.368594	0.0189594
123.381718	0.0177677
123.394842	0.0186640
123.407966	0.0189017
123.421092	0.0180063
123.434218	0.0185203
123.447345	0.0191072
123.460472	0.0173360
123.473600	0.0170790
123.486729	0.0179955
123.499859	0.0179773
123.512989	0.0176369
123.526120	0.0180040
123.539252	0.0189170
123.552384	0.0172590
123.565517	0.0167692
123.578651	0.0166118
123.591786	0.0179311
123.604921	0.0174674
123.618057	0.0182270
123.631193	0.0187457
123.644331	0.0182829
123.657469	0.0180372
123.670607	0.0180090
123.683747	0.0186290
123.696887	0.0179655
123.710028	0.0174552
123.723169	0.0190036
123.736312	0.0181551
123.749454	0.0188343
123.762598	0.0187370
123.775742	0.0174130
123.788888	0.0174460
123.802033	0.0168803
123.815180	0.0191943
123.828327	0.0184881
123.841475	0.0174945
123.854623	0.0170747
123.867773	0.0176768
123.880923	0.0180945
123.894073	0.0183615
123.907225	0.0167310
123.920377	0.0179380
123.933529	0.0174763
123.946683	0.0178086
123.959837	0.0178180
123.972992	0.0190370
123.986148	0.0172802
123.999304	0.0175117
124.012461	0.0166910
124.025618	0.0182616
124.038777	0.0181883
124.051936	0.0176625
124.065096	0.0187754
124.078256	0.0173297
124.091417	0.0180634
124.104579	0.0173162
124.117742	0.0168707
124.130905	0.0196757
124.144069	0.0178096
124.157234	0.0166641
124.170399	0.0178721
124.183566	0.0190666
124.196732	0.0184456
124.209900	0.0178045
124.223068	0.0179866
124.236237	0.0180348
124.249407	0.0179721
124.262577	0.0172928
124.275748	0.0175376
124.288920	0.0164224
124.302092	0.0174642
124.315265	0.0170317
124.328439	0.0179328
124.341614	0.0181362
124.354789	0.0181127
124.367965	0.0194219
124.381142	0.0178949
124.394319	0.0186555
124.407497	0.0194744
124.420676	0.0162300
124.433855	0.0180350
124.447036	0.0189327
124.460216	0.0187829
124.473398	0.0174049
124.486580	0.0168591
124.499763	0.0179649
124.512947	0.0183841
124.526131	0.0187747
124.539316	0.0171687
124.552502	0.0187044
124.565689	0.0180992
124.578876	0.0183915
124.592064	0.0189491
124.605252	0.0190049
124.618442	0.0178289
124.631632	0.0184294
124.644822	0.0187771
124.658014	0.0188519
124.671206	0.0180434
124.684399	0.0187713
124.697592	0.0171433
124.710786	0.0208415
124.723981	0.0231715
124.737177	0.0310769
124.750373	0.0464280
124.763570	0.0724035
124.776768	0.1068392
124.789966	0.1593353
124.803166	0.2257167
124.816365	0.2922996
124.829566	0.3480448
124.842767	0.3943077
124.855969	0.3967836
124.869172	0.3888520
124.882375	0.3522804
124.895579	0.3085391
124.908784	0.2622765
124.921989	0.2094658
124.935196	0.1581419
124.948402	0.1182931
124.961610	0.0853891
124.974818	0.0613015
124.988027	0.0435803
125.001237	0.0331435
125.014447	0.0271117
125.027658	0.0241934
125.040870	0.0201370
125.054083	0.0182449
125.067296	0.0189580
125.080510	0.0188770
125.093724	0.0193183
125.106940	0.0182234
125.120155	0.0185669
125.133372	0.0178183
125.146590	0.0174846
125.159808	0.0177036
125.173026	0.0181550
125.186246	0.0189923
125.199466	0.0178841
125.212687	0.0187225
125.225909	0.0178290
125.239131	0.0193020
125.252354	0.0184111
125.265578	0.0187554
125.278802	0.0181737
125.292027	0.0175062
125.305253	0.0179052
125.318480	0.0190733
125.331707	0.0183848
125.344935	0.0179845
125.358163	0.0176966
125.371393	0.0170420
125.384623	0.0172124
125.397854	0.0189695
125.411085	0.0170081
125.424317	0.0173940
125.437550	0.0166843
125.450784	0.0173969
125.464018	0.0176525
125.477253	0.0182172
125.490488	0.0188303
125.503725	0.0173595
125.516962	0.0168161
125.530200	0.0185644
125.543438	0.0175438
125.556677	0.0176014
125.569917	0.0182354
125.583158	0.0182169
125.596399	0.0183895
125.609641	0.0177893
125.622884	0.0176901
125.636127	0.0181813
125.649371	0.0177058
125.662616	0.0164052
125.675861	0.0177329
125.689108	0.0188331
125.702354	0.0171653
125.715602	0.0180640
125.728850	0.0184769
125.742099	0.0173388
125.755349	0.0174653
125.768600	0.0179982
125.781851	0.0182067
125.795102	0.0183426
125.808355	0.0193746
125.821608	0.0185305
125.834862	0.0198738
125.848117	0.0187468
125.861372	0.0198304
125.874628	0.0202898
125.887885	0.0190784
125.901142	0.0190916
125.914400	0.0186192
125.927659	0.0194513
125.940919	0.0180282
125.954179	0.0179782
125.967440	0.0182777
125.980702	0.0179801
125.993964	0.0188628
126.007227	0.0174889
126.020491	0.0176928
126.033755	0.0190937
126.047020	0.0176312
126.060286	0.0179154
126.073553	0.0176135
126.086820	0.0182633
126.100088	0.0176530
126.113357	0.0190659
126.126626	0.0184281
126.139896	0.0173900
126.153167	0.0185881
126.166438	0.0173824
126.179711	0.0188188
126.192983	0.0162231
126.206257	0.0160679
126.219531	0.0184223
126.232806	0.0194514
126.246082	0.0175266
126.259358	0.0180606
126.272636	0.0182466
126.285913	0.0184820
126.299192	0.0178117
126.312471	0.0166710
126.325751	0.0184822
126.339032	0.0173779
126.352313	0.0172507
126.365595	0.0174241
126.378878	0.0190337
126.392161	0.0190062
126.405445	0.0165104
126.418730	0.0186764
126.432015	0.0186720
126.445302	0.0169528
126.458589	0.0177118
126.471876	0.0186403
126.485165	0.0178787
126.498454	0.0183375
126.511743	0.0172053
126.525034	0.0179531
126.538325	0.0188079
126.551617	0.0182422
126.564909	0.0188269
126.578203	0.0181891
126.591497	0.0195130
126.604791	0.0169298
126.618087	0.0188240
126.631383	0.0166987
126.644679	0.0191686
126.657977	0.0175782
126.671275	0.0179652
126.684574	0.0190235
126.697874	0.0190805
126.711174	0.0186432
126.724475	0.0177143
126.737777	0.0182659
126.751079	0.0181961
126.764382	0.0179448
126.777686	0.0182615
126.790990	0.0205914
126.804295	0.0214866
126.817601	0.0213319
126.830908	0.0241078
126.844215	0.0238529
126.857523	0.0244761
126.870832	0.0231529
126.884141	0.0227220
126.897452	0.0230075
126.910762	0.0222124
126.924074	0.0208815
126.937386	0.0193851
126.950699	0.0215350
126.964013	0.0195430
126.977327	0.0175788
126.990642	0.0204712
127.003958	0.0172880
127.017274	0.0175507
127.030591	0.0193222
127.043909	0.0185279
127.057228	0.0182347
127.070547	0.0183361
127.083867	0.0181850
127.097188	0.0177090
127.110509	0.0175582
127.123831	0.0190437
127.137154	0.0175664
127.150477	0.0164556
127.163801	0.0183123
127.177126	0.0178021
127.190452	0.0182488
127.203778	0.0184856
127.217105	0.0183249
127.230433	0.0188354
127.243761	0.0191703
127.257090	0.0186502
127.270420	0.0172488
127.283750	0.0185051
127.297082	0.0162141
127.310413	0.0182085
127.323746	0.0181662
127.337079	0.0179416
127.350413	0.0180645
127.363748	0.0184070
127.377083	0.0174221
127.390419	0.0177744
127.403756	0.0174777
127.417094	0.0178963
127.430432	0.0190979
127.443771	0.0180057
127.457111	0.0181994
127.470451	0.0194119
127.483792	0.0181564
127.497134	0.0180873
127.510476	0.0172847
127.523819	0.0184475
127.537163	0.0181676
127.550507	0.0191290
127.563853	0.0180234
127.577199	0.0181443
127.590545	0.0169151
127.603893	0.0186349
127.617241	0.0189960
127.630589	0.0186283
127.643939	0.0181686
127.657289	0.0182100
127.670640	0.0201686
127.683991	0.0176419
127.697344	0.0184532
127.710697	0.0170159
127.724050	0.0192309
127.737405	0.0194533
127.750760	0.0182981
127.764116	0.0180277
127.777472	0.0184045
127.790829	0.0184040
127.804187	0.0177757
127.817546	0.0185098
127.830905	0.0170359
127.844265	0.0176295
127.857626	0.0190903
127.870987	0.0177282
127.884349	0.0197813
127.897712	0.0170645
127.911075	0.0181654
127.924440	0.0189839
127.937804	0.0178876
127.951170	0.0180939
127.964536	0.0164487
127.977903	0.0190278
127.991271	0.0176663
128.004639	0.0179366
128.018009	0.0181742
128.031378	0.0178258
128.044749	0.0176956
128.058120	0.0171572
128.071492	0.0163014
128.084865	0.0195243
128.098238	0.0182882
128.111612	0.0183530
128.124987	0.0174799
128.138362	0.0187982
128.151738	0.0169810
128.165115	0.0188248
128.178493	0.0175428
128.191871	0.0180964
128.205250	0.0188354
128.218630	0.0180621
128.232010	0.0183362
128.245391	0.0187273
128.258773	0.0182650
128.272155	0.0169956
128.285538	0.0200846
128.298922	0.0193458
128.312307	0.0178215
128.325692	0.0186855
128.339078	0.0175560
128.352465	0.0181557
128.365852	0.0172605
128.379240	0.0184980
128.392629	0.0173061
128.406018	0.0174013
128.419409	0.0194309
128.432800	0.0178191
128.446191	0.0173970
128.459583	0.0199381
128.472976	0.0186965
128.486370	0.0187188
128.499764	0.0189071
128.513160	0.0183160
128.526555	0.0177573
128.539952	0.0193918
128.553349	0.0178922
128.566747	0.0177983
128.580146	0.0183574
128.593545	0.0179958
128.606945	0.0190606
128.620346	0.0184155
128.633747	0.0196059
128.647149	0.0182372
128.660552	0.0189232
128.673956	0.0181228
128.687360	0.0188350
128.700765	0.0189379
128.714170	0.0185054
128.727577	0.0178786
128.740984	0.0195344
128.754392	0.0184940
128.767800	0.0173878
128.781209	0.0179904
128.794619	0.0189863
128.808030	0.0178599
128.821441	0.0193641
128.834853	0.0185815
128.848265	0.0187687
128.861679	0.0181076
128.875093	0.0181292
128.888508	0.0204486
128.901923	0.0183501
128.915339	0.0188268
128.928756	0.0186198
128.942174	0.0186957
128.955592	0.0185579
128.969011	0.0191613
128.982431	0.0179062
128.995851	0.0176082
129.009272	0.0183210
129.022694	0.0185578
129.036116	0.0174461
129.049540	0.0186975
129.062964	0.0187677
129.076388	0.0165608
129.089813	0.0179868
129.103240	0.0183434
129.116666	0.0199284
129.130094	0.0167404
129.143522	0.0196684
129.156951	0.0170685
129.170380	0.0184705
129.183810	0.0191544
129.197241	0.0183059
129.210673	0.0181157
129.224105	0.0187945
129.237538	0.0176033
129.250972	0.0193354
129.264406	0.0168341
129.277842	0.0180928
129.291277	0.0176512
129.304714	0.0196434
129.318151	0.0191578
129.331589	0.0178745
129.345028	0.0185023
129.358467	0.0189533
129.371907	0.0191316
129.385348	0.0186194
129.398789	0.0191845
129.412232	0.0178277
129.425674	0.0186154
129.439118	0.0191689
129.452562	0.0189036
129.466007	0.0181496
129.479453	0.0179027
129.492899	0.0192644
129.506346	0.0187738
129.519794	0.0188509
129.533243	0.0183132
129.546692	0.0189337
129.560142	0.0176562
129.573592	0.0186537
129.587044	0.0174242
129.600496	0.0175810
129.613948	0.0177937
129.627402	0.0180619
129.640856	0.0165112
129.654311	0.0182984
129.667766	0.0177608
129.681222	0.0176296
129.694679	0.0187801
129.708137	0.0184832
129.721595	0.0194430
129.735054	0.0187816
129.748514	0.0182962
129.761974	0.0170266
129.775436	0.0201673
129.788897	0.0184430
129.802360	0.0176638
129.815823	0.0165359
129.829287	0.0186688
129.842752	0.0189810
129.856217	0.0180362
129.869683	0.0183100
129.883150	0.0176802
129.896617	0.0190928
129.910085	0.0186025
129.923554	0.0182494
129.937024	0.0170832
129.950494	0.0176710
129.963965	0.0187228
129.977437	0.0190614
129.990909	0.0185236
130.004382	0.0177645
130.017856	0.0173362
130.031330	0.0187298
130.044806	0.0173879
130.058281	0.0168915
130.071758	0.0189432
130.085235	0.0182345
130.098713	0.0181540
130.112192	0.0189617
130.125671	0.0189141
130.139151	0.0177030
130.152632	0.0190521
130.166114	0.0176507
130.179596	0.0182353
130.193079	0.0180076
130.206562	0.0178948
130.220047	0.0191453
130.233532	0.0164105
130.247018	0.0179668
130.260504	0.0188025
130.273991	0.0179302
130.287479	0.0191554
130.300967	0.0188686
130.314457	0.0186098
130.327947	0.0179284
130.341437	0.0181661
130.354929	0.0183630
130.368421	0.0181333
130.381913	0.0184008
130.395407	0.0184451
130.408901	0.0186023
130.422396	0.0184519
130.435891	0.0187175
130.449388	0.0181945
130.462884	0.0180405
130.476382	0.0189756
130.489880	0.0192323
130.503380	0.0180388
130.516879	0.0187629
130.530380	0.0170436
130.543881	0.0177470
130.557383	0.0172824
130.570885	0.0179358
130.584389	0.0187767
130.597893	0.0200685
130.611397	0.0189046
130.624903	0.0178458
130.638409	0.0182213
130.651916	0.0186064
130.665423	0.0187607
130.678931	0.0182728
130.692440	0.0188791
130.705950	0.0189721
130.719460	0.0164311
130.732971	0.0188503
130.746483	0.0194215
130.759995	0.0199679
130.773508	0.0202123
130.787022	0.0230941
130.800537	0.0245700
130.814052	0.0241963
130.827568	0.0278215
130.841084	0.0278012
130.854602	0.0280733
130.868120	0.0263030
130.881638	0.0258013
130.895158	0.0242003
130.908678	0.0232826
130.922199	0.0210614
130.935720	0.0217587
130.949242	0.0191067
130.962765	0.0193989
130.976289	0.0200316
130.989813	0.0185616
131.003338	0.0191529
131.016864	0.0185786
131.030391	0.0182763
131.043918	0.0187557
131.057446	0.0178657
131.070974	0.0195153
131.084504	0.0174311
131.098033	0.0178315
131.111564	0.0181805
131.125096	0.0177465
131.138628	0.0176797
131.152160	0.0191656
131.165694	0.0183815
131.179228	0.0186282
131.192763	0.0193377
131.206298	0.0195220
131.219835	0.0182711
131.233372	0.0185620
131.246909	0.0187836
131.260448	0.0176724
131.273987	0.0195091
131.287527	0.0191208
131.301067	0.0179888
131.314608	0.0186058
131.328150	0.0191799
131.341693	0.0180219
131.355236	0.0182557
131.368780	0.0179331
131.382325	0.0175887
131.395870	0.0177178
131.409416	0.0180721
131.422963	0.0180455
131.436511	0.0181005
131.450059	0.0183211
131.463608	0.0189145
131.477158	0.0185019
131.490708	0.0185535
131.504259	0.0180560
131.517811	0.0177709
131.531363	0.0176300
131.544916	0.0191163
131.558470	0.0178710
131.572025	0.0175056
131.585580	0.0172975
131.599136	0.0182327
131.612693	0.0191514
131.626250	0.0184961
131.639808	0.0189687
131.653367	0.0192826
131.666926	0.0182486
131.680486	0.0196270
131.694047	0.0190427
131.707609	0.0181808
131.721171	0.0190547
131.734734	0.0184436
131.748298	0.0180549
131.761862	0.0176898
131.775427	0.0186827
131.788993	0.0186446
131.802560	0.0185581
131.816127	0.0178903
131.829695	0.0185336
131.843263	0.0176099
131.856832	0.0182990
131.870402	0.0187309
131.883973	0.0186542
131.897545	0.0181182
131.911117	0.0177833
131.924690	0.0185856
131.938263	0.0185025
131.951837	0.0187822
131.965412	0.0183749
131.978988	0.0193583
131.992564	0.0188395
132.006141	0.0176998
132.019719	0.0175716
132.033297	0.0177714
132.046876	0.0186512
132.060456	0.0178067
132.074037	0.0197143
132.087618	0.0173016
132.101200	0.0167665
132.114783	0.0180674
132.128366	0.0180203
132.141950	0.0178575
132.155535	0.0178436
132.169120	0.0185717
132.182706	0.0174535
132.196293	0.0188909
132.209881	0.0191309
132.223469	0.0183633
132.237058	0.0175306
132.250648	0.0188966
132.264238	0.0188778
132.277829	0.0189354
132.291421	0.0184332
132.305013	0.0174837
132.318607	0.0190035
132.332200	0.0179017
132.345795	0.0177944
132.359390	0.0174590
132.372986	0.0198910
132.386583	0.0181152
132.400180	0.0191364
132.413778	0.0191122
132.427377	0.0181098
132.440977	0.0188283
132.454577	0.0185657
132.468178	0.0178865
132.481780	0.0189154
132.495382	0.0183834
132.508985	0.0180799
132.522589	0.0188094
132.536193	0.0170413
132.549798	0.0179390
132.563404	0.0182046
132.577010	0.0183824
132.590618	0.0190095
132.604226	0.0188876
132.617834	0.0184785
132.631444	0.0188310
132.645054	0.0182526
132.658664	0.0163816
132.672276	0.0189938
132.685888	0.0176790
132.699501	0.0184755
132.713114	0.0183870
132.726729	0.0187497
132.740344	0.0200360
132.753959	0.0185329
132.767576	0.0178740
132.781193	0.0184130
132.794810	0.0191443
132.808429	0.0188977
132.822048	0.0172467
132.835668	0.0186638
132.849288	0.0196234
132.862910	0.0183810
132.876532	0.0182823
132.890154	0.0173987
132.903778	0.0185204
132.917402	0.0190110
132.931027	0.0176194
132.944652	0.0185668
132.958278	0.0187213
132.971905	0.0191856
132.985533	0.0184939
132.999161	0.0194440
133.012790	0.0201024
133.026420	0.0192772
133.040050	0.0189630
133.053681	0.0191087
133.067313	0.0182542
133.080946	0.0183262
133.094579	0.0181057
133.108213	0.0178962
133.121847	0.0187453
133.135483	0.0179847
133.149119	0.0184613
133.162756	0.0182181
133.176393	0.0182356
133.190031	0.0180649
133.203670	0.0176525
133.217309	0.0184892
133.230950	0.0176312
133.244591	0.0191967
133.258232	0.0196421
133.271875	0.0182672
133.285518	0.0179786
133.299161	0.0188112
133.312806	0.0180950
133.326451	0.0179736
133.340097	0.0175792
133.353743	0.0182317
133.367391	0.0201290
133.381039	0.0186650
133.394687	0.0165669
133.408337	0.0182924
133.421987	0.0181838
133.435638	0.0180889
133.449289	0.0191113
133.462941	0.0195542
133.476594	0.0178698
133.490248	0.0186813
133.503902	0.0183288
133.517557	0.0187006
133.531213	0.0195775
133.544869	0.0194769
133.558526	0.0187763
133.572184	0.0181746
133.585842	0.0196029
133.599502	0.0182268
133.613162	0.0170970
133.626822	0.0199269
133.640484	0.0177589
133.654146	0.0189535
133.667808	0.0191815
133.681472	0.0195925
133.695136	0.0186620
133.708801	0.0185306
133.722466	0.0169250
133.736132	0.0182519
133.749799	0.0197090
133.763467	0.0190231
133.777135	0.0186739
133.790804	0.0193893
133.804474	0.0183545
133.818145	0.0195755
133.831816	0.0175932
133.845488	0.0188607
133.859160	0.0198312
133.872833	0.0173038
133.886507	0.0183418
133.900182	0.0196162
133.913857	0.0181847
133.927533	0.0173678
133.941210	0.0184982
133.954888	0.0175839
133.968566	0.0191015
133.982245	0.0197503
133.995924	0.0175521
134.009604	0.0186233
134.023285	0.0187683
134.036967	0.0178766
134.050650	0.0191955
134.064333	0.0171665
134.078016	0.0184181
134.091701	0.0186694
134.105386	0.0197011
134.119072	0.0181980
134.132759	0.0187670
134.146446	0.0180270
134.160134	0.0190862
134.173823	0.0196301
134.187512	0.0197116
134.201202	0.0196674
134.214893	0.0213992
134.228584	0.0248806
134.242277	0.0288915
134.255970	0.0320633
134.269663	0.0377133
134.283358	0.0440898
134.297053	0.0449203
134.310748	0.0494579
134.324445	0.0467840
134.338142	0.0458901
134.351840	0.0421053
134.365538	0.0385979
134.379237	0.0368783
134.392937	0.0304283
134.406638	0.0273225
134.420339	0.0257253
134.434041	0.0230449
134.447744	0.0218700
134.461448	0.0205500
134.475152	0.0190465
134.488857	0.0196060
134.502562	0.0185551
134.516269	0.0197127
134.529976	0.0191680
134.543683	0.0193127
134.557392	0.0184275
134.571101	0.0191824
134.584810	0.0185965
134.598521	0.0195656
134.612232	0.0191366
134.625944	0.0210816
134.639657	0.0228878
134.653370	0.0259082
134.667084	0.0271134
134.680799	0.0324905
134.694514	0.0385187
134.708230	0.0409626
134.721947	0.0447221
134.735664	0.0444694
134.749383	0.0444698
134.763101	0.0419205
134.776821	0.0392435
134.790541	0.0345407
134.804262	0.0329441
134.817984	0.0297563
134.831707	0.0272288
134.845430	0.0231202
134.859153	0.0202703
134.872878	0.0209426
134.886603	0.0191401
134.900329	0.0194841
134.914056	0.0190290
134.927783	0.0195920
134.941511	0.0182976
134.955240	0.0198156
134.968969	0.0185645
134.982700	0.0187101
134.996430	0.0194872
135.010162	0.0193319
135.023894	0.0175703
135.037627	0.0185004
135.051361	0.0179134
135.065095	0.0187570
135.078830	0.0192167
135.092566	0.0187348
135.106302	0.0180925
135.120040	0.0178078
135.133778	0.0188039
135.147516	0.0187274
135.161255	0.0172539
135.174995	0.0197955
135.188736	0.0181002
135.202477	0.0186445
135.216220	0.0203708
135.229962	0.0192009
135.243706	0.0181946
135.257450	0.0182476
135.271195	0.0174334
135.284940	0.0197688
135.298687	0.0183420
135.312434	0.0181240
135.326181	0.0179075
135.339930	0.0192059
135.353679	0.0177430
135.367429	0.0169339
135.381179	0.0192308
135.394931	0.0167420
135.408682	0.0185177
135.422435	0.0184569
135.436188	0.0181283
135.449942	0.0193149
135.463697	0.0171554
135.477453	0.0195800
135.491209	0.0194829
135.504966	0.0182245
135.518723	0.0195676
135.532481	0.0185819
135.546240	0.0187996
135.560000	0.0192019
135.573760	0.0194947
135.587521	0.0194931
135.601283	0.0190961
135.615046	0.0186642
135.628809	0.0187479
135.642573	0.0189971
135.656337	0.0185414
135.670102	0.0178748
135.683868	0.0193586
135.697635	0.0194040
135.711402	0.0189986
135.725171	0.0189429
135.738939	0.0178672
135.752709	0.0188392
135.766479	0.0192047
135.780250	0.0179098
135.794021	0.0170753
135.807794	0.0190552
135.821567	0.0187507
135.835340	0.0191189
135.849115	0.0184912
135.862890	0.0188583
135.876666	0.0175016
135.890442	0.0200927
135.904220	0.0191452
135.917997	0.0191604
135.931776	0.0185038
135.945555	0.0181230
135.959335	0.0188818
135.973116	0.0176269
135.986898	0.0173158
136.000680	0.0184951
136.014462	0.0178970
136.028246	0.0191664
136.042030	0.0189284
136.055815	0.0186405
136.069601	0.0176626
136.083387	0.0191892
136.097174	0.0187344
136.110962	0.0198365
136.124750	0.0204405
136.138540	0.0184754
136.152329	0.0194616
136.166120	0.0211932
136.179911	0.0172662
136.193703	0.0182925
136.207496	0.0179219
136.221289	0.0202394
136.235083	0.0192222
136.248878	0.0190363
136.262673	0.0189546
136.276470	0.0195738
136.290267	0.0188209
136.304064	0.0186235
136.317862	0.0193047
136.331661	0.0206850
136.345461	0.0182083
136.359261	0.0196206
136.373063	0.0193999
136.386864	0.0181888
136.400667	0.0183948
136.414470	0.0186208
136.428274	0.0188833
136.442079	0.0184053
136.455884	0.0189328
136.469690	0.0190176
136.483497	0.0189604
136.497304	0.0189949
136.511112	0.0189661
136.524921	0.0198258
136.538730	0.0186712
136.552541	0.0190839
136.566352	0.0183409
136.580163	0.0188055
136.593975	0.0192641
136.607789	0.0188954
136.621602	0.0206220
136.635417	0.0202988
136.649232	0.0181825
136.663048	0.0195761
136.676864	0.0188844
136.690681	0.0191844
136.704499	0.0181555
136.718318	0.0196074
136.732137	0.0186014
136.745957	0.0193095
136.759778	0.0190889
136.773600	0.0198280
136.787422	0.0178432
136.801245	0.0200767
136.815068	0.0171828
136.828893	0.0182683
136.842718	0.0180276
136.856543	0.0178501
136.870370	0.0198998
136.884197	0.0192160
136.898024	0.0187869
136.911853	0.0186106
136.925682	0.0199271
136.939512	0.0186322
136.953343	0.0182920
136.967174	0.0206776
136.981006	0.0192471
136.994839	0.0177386
137.008672	0.0177637
137.022506	0.0189843
137.036341	0.0186189
137.050176	0.0196468
137.064013	0.0193684
137.077850	0.0192103
137.091687	0.0199058
137.105525	0.0172672
137.119364	0.0184922
137.133204	0.0188531
137.147045	0.0186075
137.160886	0.0196847
137.174728	0.0192493
137.188570	0.0185833
137.202413	0.0190841
137.216257	0.0185321
137.230102	0.0197586
137.243947	0.0201653
137.257793	0.0221864
137.271640	0.0247352
137.285488	0.0254234
137.299336	0.0294086
137.313185	0.0320879
137.327034	0.0340064
137.340884	0.0357254
137.354735	0.0356593
137.368587	0.0378526
137.382439	0.0383843
137.396292	0.0372036
137.410146	0.0404467
137.424001	0.0398961
137.437856	0.0403649
137.451712	0.0389036
137.465568	0.0378002
137.479426	0.0362122
137.493284	0.0344231
137.507142	0.0308809
137.521002	0.0296128
137.534862	0.0262145
137.548722	0.0249843
137.562584	0.0231921
137.576446	0.0210669
137.590309	0.0201842
137.604173	0.0202286
137.618037	0.0191156
137.631902	0.0208917
137.645768	0.0191087
137.659634	0.0195128
137.673501	0.0184398
137.687369	0.0191443
137.701238	0.0187689
137.715107	0.0185580
137.728977	0.0186622
137.742847	0.0203977
137.756719	0.0183446
137.770591	0.0193596
137.784463	0.0188940
137.798337	0.0193956
137.812211	0.0190579
137.826086	0.0196691
137.839961	0.0179974
137.853838	0.0183786
137.867715	0.0198815
137.881592	0.0189960
137.895471	0.0191711
137.909350	0.0188766
137.923229	0.0190053
137.937110	0.0184664
137.950991	0.0199044
137.964873	0.0190400
137.978756	0.0186885
137.992639	0.0176555
138.006523	0.0180874
138.020407	0.0193046
138.034293	0.0188979
138.048179	0.0197528
138.062066	0.0171641
138.075953	0.0188622
138.089841	0.0197944
138.103730	0.0177774
138.117620	0.0191357
138.131510	0.0193921
138.145401	0.0182378
138.159293	0.0184451
138.173185	0.0189105
138.187078	0.0191753
138.200972	0.0204383
138.214867	0.0197410
138.228762	0.0181735
138.242658	0.0183373
138.256554	0.0196858
138.270452	0.0210781
138.284350	0.0183762
138.298248	0.0185251
138.312148	0.0199393
138.326048	0.0180672
138.339949	0.0177293
138.353850	0.0194678
138.367753	0.0205264
138.381656	0.0191368
138.395559	0.0182010
138.409464	0.0192671
138.423369	0.0186227
138.437274	0.0191458
138.451181	0.0184569
138.465088	0.0186461
138.478996	0.0183637
138.492904	0.0176950
138.506814	0.0174639
138.520724	0.0186810
138.534634	0.0207170
138.548546	0.0172670
138.562458	0.0188362
138.576370	0.0198090
138.590284	0.0198167
138.604198	0.0185645
138.618113	0.0198398
138.632029	0.0185494
138.645945	0.0201426
138.659862	0.0186700
138.673780	0.0196916
138.687698	0.0195412
138.701617	0.0193823
138.715537	0.0185524
138.729457	0.0212790
138.743378	0.0182799
138.757300	0.0189252
138.771223	0.0180595
138.785146	0.0189861
138.799070	0.0193410
138.812995	0.0187917
138.826920	0.0185242
138.840847	0.0185459
138.854773	0.0188888
138.868701	0.0177571
138.882629	0.0173620
138.896558	0.0194081
138.910488	0.0194142
138.924418	0.0196375
138.938349	0.0190447
138.952281	0.0181561
138.966213	0.0197713
138.980146	0.0188076
138.994080	0.0185440
139.008015	0.0176178
139.021950	0.0192872
139.035886	0.0188088
139.049823	0.0184457
139.063760	0.0187284
139.077698	0.0191402
139.091637	0.0189978
139.105576	0.0180924
139.119516	0.0194269
139.133457	0.0193051
139.147399	0.0202101
139.161341	0.0190267
139.175284	0.0185959
139.189228	0.0185359
139.203172	0.0204504
139.217117	0.0181381
139.231063	0.0185874
139.245010	0.0190831
139.258957	0.0180334
139.272905	0.0182157
139.286853	0.0183635
139.300802	0.0185198
139.314752	0.0189313
139.328703	0.0174669
139.342655	0.0180111
139.356607	0.0184179
139.370560	0.0186207
139.384513	0.0201816
139.398467	0.0186652
139.412422	0.0187992
139.426378	0.0176881
139.440334	0.0193040
139.454291	0.0180259
139.468249	0.0189039
139.482207	0.0187072
139.496166	0.0190493
139.510126	0.0193105
139.524087	0.0181813
139.538048	0.0184095
139.552010	0.0198636
139.565973	0.0191635
139.579936	0.0190995
139.593900	0.0192059
139.607865	0.0176966
139.621830	0.0184155
139.635796	0.0178048
139.649763	0.0185868
139.663731	0.0184392
139.677699	0.0181017
139.691668	0.0186607
139.705638	0.0166511
139.719608	0.0186265
139.733579	0.0182671
139.747551	0.0188017
139.761523	0.0196311
139.775496	0.0185988
139.789470	0.0191984
139.803445	0.0190795
139.817420	0.0196999
139.831396	0.0186939
139.845373	0.0187563
139.859350	0.0190504
139.873328	0.0178115
139.887307	0.0198926
139.901287	0.0191018
139.915267	0.0191839
139.929248	0.0200261
139.943229	0.0188347
139.957212	0.0190059
139.971195	0.0178922
139.985178	0.0186133
139.999163	0.0189738
140.013148	0.0188949
140.027134	0.0186538
140.041120	0.0188599
140.055108	0.0180939
140.069096	0.0183432
140.083084	0.0189576
140.097073	0.0200844
140.111064	0.0193411
140.125054	0.0196413
140.139046	0.0176389
140.153038	0.0190053
140.167031	0.0197827
140.181024	0.0166245
140.195018	0.0190861
140.209013	0.0185962
140.223009	0.0196122
140.237005	0.0181916
140.251002	0.0186006
140.265000	0.0190189
140.278999	0.0186612
140.292998	0.0178091
140.306998	0.0179950
140.320998	0.0196642
140.335000	0.0186317
140.349002	0.0191164
140.363004	0.0199332
140.377008	0.0179709
140.391012	0.0183878
140.405017	0.0193149
140.419022	0.0177683
140.433028	0.0186093
140.447035	0.0190579
140.461043	0.0197683
140.475051	0.0183781
140.489060	0.0189109
140.503070	0.0195203
140.517080	0.0188928
140.531091	0.0193987
140.545103	0.0173333
140.559116	0.0189779
140.573129	0.0193377
140.587143	0.0192148
140.601157	0.0182941
140.615173	0.0187984
140.629189	0.0182308
140.643205	0.0184704
140.657223	0.0178977
140.671241	0.0182705
140.685260	0.0178981
140.699279	0.0195292
140.713300	0.0183372
140.727320	0.0179064
140.741342	0.0191089
140.755364	0.0184733
140.769387	0.0190735
140.783411	0.0191623
140.797436	0.0183295
140.811461	0.0198849
140.825487	0.0191892
140.839513	0.0182051
140.853541	0.0198239
140.867569	0.0199339
140.881597	0.0184940
140.895627	0.0190510
140.909657	0.0199812
140.923687	0.0177941
140.937719	0.0185897
140.951751	0.0184410
140.965784	0.0192202
140.979818	0.0196856
140.993852	0.0203348
141.007887	0.0194048
141.021922	0.0191498
141.035959	0.0183396
141.049996	0.0196841
141.064034	0.0204348
141.078072	0.0184732
141.092111	0.0189355
141.106151	0.0179410
141.120192	0.0180290
141.134233	0.0192647
141.148275	0.0192606
141.162318	0.0181729
141.176361	0.0195698
141.190406	0.0195487
141.204450	0.0199585
141.218496	0.0180010
141.232542	0.0197456
141.246589	0.0194292
141.260637	0.0189484
141.274685	0.0189495
141.288734	0.0182891
141.302784	0.0192447
141.316834	0.0191723
141.330885	0.0191430
141.344937	0.0184788
141.358990	0.0189720
141.373043	0.0202959
141.387097	0.0191062
141.401152	0.0196079
141.415207	0.0191238
141.429263	0.0204772
141.443320	0.0190272
141.457377	0.0191334
141.471436	0.0180857
141.485494	0.0183747
141.499554	0.0178980
141.513614	0.0177005
141.527675	0.0194275
141.541737	0.0193754
141.555799	0.0172335
141.569862	0.0192120
141.583926	0.0186383
141.597991	0.0200732
141.612056	0.0193836
141.626122	0.0195688
141.640188	0.0200649
141.654256	0.0190617
141.668324	0.0194658
141.682392	0.0183689
141.696462	0.0197811
141.710532	0.0194396
141.724603	0.0191429
141.738674	0.0206435
141.752746	0.0183949
141.766819	0.0194254
141.780893	0.0194167
141.794967	0.0193180
141.809042	0.0197286
141.823118	0.0195961
141.837194	0.0191857
141.851272	0.0199747
141.865349	0.0193893
141.879428	0.0192659
141.893507	0.0193703
141.907587	0.0193758
141.921668	0.0182409
141.935749	0.0192823
141.949831	0.0179889
141.963914	0.0192032
141.977997	0.0188817
141.992082	0.0189713
142.006166	0.0204775
142.020252	0.0201241
142.034338	0.0176776
142.048425	0.0188053
142.062513	0.0192473
142.076601	0.0177524
142.090690	0.0195695
142.104780	0.0173866
142.118871	0.0188183
142.132962	0.0183521
142.147054	0.0191489
142.161146	0.0178585
142.175240	0.0199975
142.189333	0.0197385
142.203428	0.0181339
142.217524	0.0187602
142.231620	0.0189320
142.245716	0.0196019
142.259814	0.0193605
142.273912	0.0183066
142.288011	0.0185836
142.302111	0.0210711
142.316211	0.0186766
142.330312	0.0204219
142.344414	0.0179582
142.358516	0.0192081
142.372619	0.0185382
142.386723	0.0199817
142.400828	0.0192924
142.414933	0.0186224
142.429039	0.0203057
142.443145	0.0193181
142.457253	0.0192268
142.471361	0.0187497
142.485470	0.0202647
142.499579	0.0194988
142.513689	0.0178077
142.527800	0.0193141
142.541912	0.0186333
142.556024	0.0189106
142.570137	0.0197286
142.584250	0.0187181
142.598365	0.0199413
142.612480	0.0180997
142.626596	0.0203035
142.640712	0.0202594
142.654829	0.0186823
142.668947	0.0185073
142.683066	0.0202730
142.697185	0.0210901
142.711305	0.0249275
142.725426	0.0285170
142.739547	0.0424337
142.753669	0.0607931
142.767792	0.0888355
142.781915	0.1315419
142.796040	0.1810992
142.810164	0.2380599
142.824290	0.2869290
142.838416	0.3278742
142.852543	0.3376071
142.866671	0.3333233
142.880800	0.3093206
142.894929	0.2749342
142.909058	0.2352856
142.923189	0.1949334
142.937320	0.1509796
142.951452	0.1194292
142.965585	0.0879908
142.979718	0.0645835
142.993852	0.0467686
143.007987	0.0362863
143.022122	0.0286865
143.036258	0.0246041
143.050395	0.0224973
143.064533	0.0192741
143.078671	0.0199338
143.092810	0.0186624
143.106950	0.0182172
143.121090	0.0184723
143.135231	0.0189761
143.149373	0.0195853
143.163515	0.0196916
143.177658	0.0193453
143.191802	0.0181936
143.205947	0.0188696
143.220092	0.0188788
143.234238	0.0187653
143.248385	0.0181004
143.262532	0.0187288
143.276680	0.0199033
143.290829	0.0190315
143.304978	0.0190869
143.319129	0.0182556
143.333279	0.0192551
143.347431	0.0190790
143.361583	0.0197235
143.375736	0.0189151
143.389890	0.0194516
143.404044	0.0190453
143.418200	0.0201606
143.432355	0.0178602
143.446512	0.0173658
143.460669	0.0183714
143.474827	0.0191870
143.488986	0.0197719
143.503145	0.0172891
143.517305	0.0187955
143.531466	0.0196321
143.545627	0.0191093
143.559789	0.0200468
143.573952	0.0177908
143.588116	0.0209557
143.602280	0.0196834
143.616445	0.0176722
143.630610	0.0199535
143.644777	0.0181672
143.658944	0.0182655
143.673111	0.0186183
143.687280	0.0193670
143.701449	0.0201619
143.715619	0.0192447
143.729789	0.0189867
143.743961	0.0189489
143.758133	0.0187064
143.772305	0.0201958
143.786479	0.0197235
143.800653	0.0202283
143.814827	0.0199972
143.829003	0.0190512
143.843179	0.0198214
143.857356	0.0206762
143.871534	0.0204296
143.885712	0.0203670
143.899891	0.0200198
143.914071	0.0200999
143.928251	0.0189635
143.942432	0.0196936
143.956614	0.0192506
143.970796	0.0183016
143.984979	0.0195471
143.999163	0.0204752
144.013348	0.0193625
144.027533	0.0190938
144.041719	0.0196004
144.055906	0.0190474
144.070093	0.0202075
144.084282	0.0190647
144.098470	0.0188130
144.112660	0.0190223
144.126850	0.0194054
144.141041	0.0199273
144.155233	0.0202538
144.169425	0.0177700
144.183618	0.0198471
144.197812	0.0184891
144.212006	0.0195296
144.226201	0.0186243
144.240397	0.0176115
144.254594	0.0197338
144.268791	0.0191257
144.282989	0.0177779
144.297188	0.0197772
144.311387	0.0186634
144.325587	0.0199687
144.339788	0.0183506
144.353989	0.0209471
144.368191	0.0194107
144.382394	0.0193132
144.396598	0.0195833
144.410802	0.0195220
144.425007	0.0189063
144.439213	0.0195235
144.453419	0.0192525
144.467626	0.0187754
144.481834	0.0206487
144.496042	0.0185122
144.510252	0.0203175
144.524461	0.0199149
144.538672	0.0201750
144.552883	0.0183328
144.567095	0.0193229
144.581308	0.0185501
144.595521	0.0185074
144.609735	0.0182037
144.623950	0.0192653
144.638166	0.0173498
144.652382	0.0194738
144.666599	0.0186219
144.680817	0.0196588
144.695035	0.0181191
144.709254	0.0191932
144.723474	0.0179868
144.737694	0.0193256
144.751915	0.0207197
144.766137	0.0210380
144.780359	0.0199047
144.794583	0.0214060
144.808807	0.0220915
144.823031	0.0226943
144.837257	0.0241183
144.851483	0.0248915
144.865709	0.0251430
144.879937	0.0254440
144.894165	0.0228096
144.908394	0.0233571
144.922623	0.0225131
144.936854	0.0217986
144.951085	0.0206034
144.965316	0.0207902
144.979549	0.0191878
144.993782	0.0197365
145.008016	0.0181677
145.022250	0.0192109
145.036485	0.0199049
145.050721	0.0200253
145.064958	0.0199231
145.079195	0.0186837
145.093433	0.0186883
145.107672	0.0196970
145.121911	0.0195810
145.136151	0.0194813
145.150392	0.0194006
145.164633	0.0187093
145.178876	0.0198941
145.193118	0.0187748
145.207362	0.0189270
145.221606	0.0198150
145.235851	0.0182117
145.250097	0.0182738
145.264343	0.0178770
145.278591	0.0187309
145.292838	0.0173925
145.307087	0.0185709
145.321336	0.0194481
145.335586	0.0202990
145.349837	0.0194400
145.364088	0.0188774
145.378340	0.0194686
145.392593	0.0194681
145.406846	0.0192015
145.421100	0.0183321
145.435355	0.0185410
145.449611	0.0188915
145.463867	0.0189585
145.478124	0.0187496
145.492382	0.0191954
145.506640	0.0194450
145.520899	0.0199318
145.535159	0.0185536
145.549419	0.0179669
145.563680	0.0198214
145.577942	0.0183649
145.592205	0.0189206
145.606468	0.0193333
145.620732	0.0189270
145.634997	0.0186301
145.649262	0.0200048
145.663528	0.0198678
145.677795	0.0201329
145.692062	0.0185686
145.706331	0.0196439
145.720600	0.0189420
145.734869	0.0181436
145.749139	0.0190431
145.763410	0.0186485
145.777682	0.0204338
145.791954	0.0209613
145.806228	0.0185230
145.820501	0.0191651
145.834776	0.0195139
145.849051	0.0191269
145.863327	0.0193717
145.877604	0.0195674
145.891881	0.0196846
145.906159	0.0174925
145.920438	0.0176958
145.934717	0.0190272
145.948997	0.0180488
145.963278	0.0193500
145.977560	0.0167687
145.991842	0.0189513
146.006125	0.0185909
146.020408	0.0189270
146.034693	0.0180572
146.048978	0.0185073
146.063264	0.0188516
146.077550	0.0195827
146.091837	0.0198075
146.106125	0.0188257
146.120414	0.0190690
146.134703	0.0193092
146.148993	0.0192775
146.163283	0.0200188
146.177575	0.0188633
146.191867	0.0200216
146.206160	0.0189963
146.220453	0.0197748
146.234747	0.0190751
146.249042	0.0200177
146.263338	0.0186962
146.277634	0.0184316
146.291931	0.0187014
146.306229	0.0197683
146.320527	0.0201389
146.334826	0.0188697
146.349126	0.0177352
146.363426	0.0201329
146.377728	0.0201344
146.392030	0.0196984
146.406332	0.0193858
146.420635	0.0192090
146.434940	0.0190127
146.449244	0.0200623
146.463550	0.0199938
146.477856	0.0197556
146.492163	0.0179187
146.506470	0.0193295
146.520778	0.0202189
146.535087	0.0192587
146.549397	0.0194811
146.563707	0.0182114
146.578018	0.0199329
146.592330	0.0177895
146.606642	0.0187411
146.620956	0.0186491
146.635269	0.0188630
146.649584	0.0194791
146.663899	0.0202222
146.678215	0.0187821
146.692532	0.0191230
146.706849	0.0192481
146.721167	0.0192786
146.735486	0.0190991
146.749805	0.0193233
146.764126	0.0201746
146.778446	0.0180449
146.792768	0.0175872
146.807090	0.0192649
146.821413	0.0186437
146.835737	0.0196833
146.850061	0.0189762
146.864386	0.0194177
146.878712	0.0201053
146.893039	0.0200326
146.907366	0.0199307
146.921694	0.0183563
146.936022	0.0198518
146.950352	0.0196086
146.964682	0.0196342
146.979012	0.0176651
146.993344	0.0179564
147.007676	0.0186406
147.022009	0.0189065
147.036342	0.0196539
147.050676	0.0177775
147.065011	0.0200485
147.079347	0.0190465
147.093683	0.0188012
147.108020	0.0182456
147.122358	0.0183127
147.136696	0.0205413
147.151036	0.0189446
147.165375	0.0194054
147.179716	0.0199687
147.194057	0.0196691
147.208399	0.0186313
147.222742	0.0192452
147.237085	0.0186628
147.251429	0.0178347
147.265774	0.0182738
147.280119	0.0201270
147.294465	0.0185216
147.308812	0.0190343
147.323160	0.0203656
147.337508	0.0191103
147.351857	0.0201041
147.366207	0.0179803
147.380557	0.0191599
147.394908	0.0191726
147.409260	0.0188905
147.423612	0.0203801
147.437966	0.0210381
147.452319	0.0208513
147.466674	0.0199813
147.481029	0.0213745
147.495385	0.0210624
147.509742	0.0222572
147.524099	0.0209387
147.538457	0.0210683
147.552816	0.0204768
147.567176	0.0213904
147.581536	0.0203343
147.595897	0.0197047
147.610258	0.0195963
147.624621	0.0206976
147.638984	0.0200006
147.653348	0.0205781
147.667712	0.0196989
147.682077	0.0196987
147.696443	0.0203317
147.710809	0.0204517
147.725177	0.0199535
147.739545	0.0197121
147.753913	0.0203210
147.768283	0.0180082
147.782653	0.0204018
147.797023	0.0188573
147.811395	0.0186636
147.825767	0.0198499
147.840140	0.0192136
147.854513	0.0195459
147.868887	0.0197821
147.883262	0.0192051
147.897638	0.0192372
147.912014	0.0197462
147.926392	0.0182040
147.940769	0.0196604
147.955148	0.0203413
147.969527	0.0177773
147.983907	0.0194927
147.998287	0.0187132
148.012669	0.0199232
148.027051	0.0185896
148.041433	0.0201691
148.055817	0.0201252
148.070201	0.0193890
148.084586	0.0205974
148.098971	0.0190769
148.113357	0.0192381
148.127744	0.0201403
148.142132	0.0186564
148.156520	0.0195701
148.170909	0.0188307
148.185299	0.0196022
148.199689	0.0188323
148.214080	0.0189643
148.228472	0.0191383
148.242865	0.0191489
148.257258	0.0188672
148.271652	0.0177401
148.286046	0.0189685
148.300442	0.0187963
148.314838	0.0198280
148.329234	0.0200477
148.343632	0.0192779
148.358030	0.0201255
148.372429	0.0201503
148.386828	0.0204535
148.401228	0.0175214
148.415629	0.0201780
148.430031	0.0193868
148.444433	0.0188626
148.458836	0.0186744
148.473240	0.0193573
148.487645	0.0199596
148.502050	0.0181335
148.516456	0.0181706
148.530862	0.0197597
148.545270	0.0201923
148.559677	0.0198687
148.574086	0.0184351
148.588496	0.0194966
148.602906	0.0189600
148.617316	0.0181399
148.631728	0.0182681
148.646140	0.0187094
148.660553	0.0196610
148.674966	0.0195682
148.689381	0.0184488
148.703796	0.0186744
148.718211	0.0197795
148.732628	0.0193571
148.747045	0.0185056
148.761463	0.0197689
148.775881	0.0206718
148.790300	0.0192484
148.804720	0.0186907
148.819141	0.0191738
148.833562	0.0198615
148.847984	0.0188452
148.862407	0.0182499
148.876830	0.0183661
148.891254	0.0190439
148.905679	0.0182092
148.920105	0.0195505
148.934531	0.0184199
148.948958	0.0183820
148.963386	0.0184592
148.977814	0.0196689
148.992243	0.0201079
149.006673	0.0181402
149.021103	0.0186900
149.035534	0.0189549
149.049966	0.0187775
149.064399	0.0201246
149.078832	0.0193927
149.093266	0.0201123
149.107701	0.0196770
149.122136	0.0187220
149.136572	0.0188123
149.151009	0.0194141
149.165446	0.0198563
149.179884	0.0188714
149.194323	0.0191869
149.208763	0.0187346
149.223203	0.0197685
149.237644	0.0193048
149.252086	0.0185584
149.266528	0.0203511
149.280971	0.0178781
149.295415	0.0184225
149.309860	0.0206504
149.324305	0.0192134
149.338751	0.0194756
149.353197	0.0185292
149.367644	0.0193493
149.382092	0.0185645
149.396541	0.0190984
149.410991	0.0186491
149.425441	0.0181621
149.439892	0.0181797
149.454343	0.0204940
149.468795	0.0191772
149.483248	0.0200053
149.497702	0.0194655
149.512156	0.0202032
149.526611	0.0204038
149.541067	0.0185155
149.555523	0.0187899
149.569980	0.0204776
149.584438	0.0201760
149.598897	0.0184722
149.613356	0.0194141
149.627816	0.0187903
149.642277	0.0192330
149.656738	0.0180181
149.671200	0.0183727
149.685663	0.0184311
149.700126	0.0186557
149.714590	0.0191049
149.729055	0.0185152
149.743521	0.0212649
149.757987	0.0193065
149.772454	0.0187442
149.786922	0.0189063
149.801390	0.0201942
149.815859	0.0199318
149.830329	0.0201971
149.844799	0.0196061
149.859271	0.0191195
149.873742	0.0199337
149.888215	0.0191709
149.902688	0.0200070
149.917162	0.0205500
149.931637	0.0214433
149.946112	0.0192297
149.960588	0.0189861
149.975065	0.0182486
149.989543	0.0195538
150.004021	0.0190577
150.018500	0.0194990
150.032980	0.0197173
150.047460	0.0179957
150.061941	0.0189793
150.076423	0.0195197
150.090905	0.0199577
150.105388	0.0182472
150.119872	0.0199441
150.134356	0.0183389
150.148842	0.0188778
150.163328	0.0191809
150.177814	0.0194870
150.192302	0.0192166
150.206790	0.0197183
150.221278	0.0209858
150.235768	0.0203360
150.250258	0.0186507
150.264749	0.0198505
150.279240	0.0188391
150.293733	0.0193489
150.308226	0.0182990
150.322719	0.0195794
150.337214	0.0191700
150.351709	0.0197884
150.366204	0.0198929
150.380701	0.0190122
150.395198	0.0189256
150.409696	0.0193747
150.424194	0.0189134
150.438694	0.0196377
150.453194	0.0201646
150.467694	0.0186709
150.482196	0.0194439
150.496698	0.0200716
150.511201	0.0193837
150.525704	0.0195462
150.540208	0.0192284
150.554713	0.0194573
150.569219	0.0199422
150.583725	0.0204979
150.598232	0.0191558
150.612740	0.0179874
150.627248	0.0187003
150.641757	0.0181463
150.656267	0.0197418
150.670778	0.0197412
150.685289	0.0192918
150.699801	0.0176601
150.714313	0.0191096
150.728827	0.0190739
150.743341	0.0191092
150.757856	0.0196080
150.772371	0.0203454
150.786887	0.0187680
150.801404	0.0195198
150.815921	0.0195327
150.830440	0.0196955
150.844959	0.0196154
150.859478	0.0191927
150.873999	0.0197045
150.888520	0.0188691
150.903041	0.0197673
150.917564	0.0188820
150.932087	0.0177927
150.946611	0.0198667
150.961135	0.0191901
150.975661	0.0189721
150.990187	0.0189791
151.004713	0.0195087
151.019241	0.0194006
151.033769	0.0193821
151.048298	0.0184174
151.062827	0.0193658
151.077357	0.0200618
151.091888	0.0192062
151.106420	0.0194682
151.120952	0.0183407
151.135485	0.0191667
151.150019	0.0185235
151.164553	0.0189595
151.179088	0.0191105
151.193624	0.0180988
151.208160	0.0205502
151.222698	0.0189906
151.237236	0.0198193
151.251774	0.0194849
151.266314	0.0194392
151.280854	0.0198027
151.295394	0.0187232
151.309936	0.0193224
151.324478	0.0202740
151.339021	0.0188412
151.353564	0.0198139
151.368108	0.0186196
151.382653	0.0189059
151.397199	0.0189772
151.411745	0.0215998
151.426292	0.0202844
151.440840	0.0187304
151.455389	0.0179044
151.469938	0.0181533
151.484488	0.0188841
151.499038	0.0184178
151.513589	0.0196465
151.528141	0.0189849
151.542694	0.0193449
151.557247	0.0195383
151.571801	0.0203804
151.586356	0.0202062
151.600912	0.0185919
151.615468	0.0184859
151.630025	0.0175992
151.644582	0.0189081
151.659140	0.0192738
151.673699	0.0188223
151.688259	0.0190449
151.702820	0.0188049
151.717381	0.0181739
151.731942	0.0196680
151.746505	0.0181855
151.761068	0.0198832
151.775632	0.0183248
151.790197	0.0196262
151.804762	0.0209336
151.819328	0.0195891
151.833895	0.0202062
151.848462	0.0179527
151.863030	0.0187451
151.877599	0.0181584
151.892168	0.0187183
151.906739	0.0193754
151.921310	0.0186439
151.935881	0.0193833
151.950454	0.0203163
151.965027	0.0185726
151.979600	0.0181548
151.994175	0.0181912
152.008750	0.0197294
152.023326	0.0195696
152.037902	0.0193313
152.052479	0.0177597
152.067057	0.0185622
152.081636	0.0194305
152.096215	0.0200281
152.110795	0.0186694
152.125376	0.0202826
152.139958	0.0185486
152.154540	0.0186351
152.169123	0.0188457
152.183706	0.0204202
152.198291	0.0206306
152.212876	0.0191450
152.227461	0.0188131
152.242048	0.0181985
152.256635	0.0195797
152.271222	0.0196144
152.285811	0.0186616
152.300400	0.0190105
152.314990	0.0182473
152.329581	0.0197555
152.344172	0.0197938
152.358764	0.0193642
152.373357	0.0203220
152.387950	0.0194521
152.402544	0.0191988
152.417139	0.0189074
152.431734	0.0195890
152.446331	0.0207157
152.460927	0.0199128
152.475525	0.0192277
152.490123	0.0182030
152.504722	0.0203181
152.519322	0.0191130
152.533923	0.0185852
152.548524	0.0198024
152.563125	0.0190342
152.577728	0.0205790
152.592331	0.0187257
152.606935	0.0190757
152.621540	0.0189987
152.636145	0.0191370
152.650751	0.0194881
152.665358	0.0200924
152.679965	0.0195695
152.694574	0.0191581
152.709182	0.0202658
152.723792	0.0204617
152.738402	0.0191801
152.753013	0.0199869
152.767625	0.0182971
152.782237	0.0206038
152.796850	0.0198158
152.811464	0.0197667
152.826078	0.0191309
152.840694	0.0183633
152.855310	0.0204850
152.869926	0.0202867
152.884543	0.0190685
152.899161	0.0194473
152.913780	0.0170475
152.928399	0.0193405
152.943020	0.0189525
152.957640	0.0188494
152.972262	0.0191314
152.986884	0.0202901
153.001507	0.0197826
153.016130	0.0203118
153.030755	0.0192726
153.045380	0.0197019
153.060005	0.0195620
153.074632	0.0192744
153.089259	0.0195346
153.103887	0.0198265
153.118515	0.0195516
153.133145	0.0197236
153.147774	0.0192033
153.162405	0.0183939
153.177036	0.0202633
153.191668	0.0186047
153.206301	0.0193666
153.220935	0.0182943
153.235569	0.0190297
153.250204	0.0197383
153.264839	0.0179161
153.279475	0.0191497
153.294112	0.0195150
153.308750	0.0189991
153.323388	0.0199672
153.338027	0.0193166
153.352667	0.0196278
153.367308	0.0186698
153.381949	0.0181279
153.396591	0.0205837
153.411233	0.0193771
153.425876	0.0190155
153.440520	0.0203966
153.455165	0.0196441
153.469810	0.0185063
153.484457	0.0183861
153.499103	0.0208491
153.513751	0.0197111
153.528399	0.0201097
153.543048	0.0187569
153.557697	0.0194984
153.572348	0.0190774
153.586999	0.0188941
153.601650	0.0188208
153.616303	0.0207256
153.630956	0.0196722
153.645610	0.0187046
153.660264	0.0186041
153.674920	0.0184402
153.689575	0.0182461
153.704232	0.0199792
153.718889	0.0187624
153.733547	0.0188670
153.748206	0.0197680
153.762866	0.0184435
153.777526	0.0198124
153.792186	0.0209550
153.806848	0.0193975
153.821510	0.0205499
153.836173	0.0212474
153.850837	0.0210339
153.865501	0.0209971
153.880166	0.0215491
153.894832	0.0209523
153.909498	0.0214892
153.924166	0.0208757
153.938833	0.0213280
153.953502	0.0193658
153.968171	0.0205239
153.982841	0.0207963
153.997512	0.0205642
154.012183	0.0198635
154.026855	0.0200313
154.041528	0.0206053
154.056201	0.0203267
154.070876	0.0187143
154.085551	0.0197196
154.100226	0.0186216
154.114902	0.0201938
154.129579	0.0186376
154.144257	0.0190878
154.158935	0.0192725
154.173615	0.0197540
154.188294	0.0188349
154.202975	0.0197271
154.217656	0.0182290
154.232338	0.0190436
154.247021	0.0202197
154.261704	0.0191196
154.276388	0.0193530
154.291073	0.0203458
154.305758	0.0196956
154.320444	0.0194484
154.335131	0.0206980
154.349818	0.0189059
154.364507	0.0183971
154.379196	0.0199569
154.393885	0.0194707
154.408575	0.0195161
154.423267	0.0187971
154.437958	0.0197572
154.452651	0.0190506
154.467344	0.0215232
154.482038	0.0196783
154.496732	0.0196954
154.511427	0.0202080
154.526123	0.0193069
154.540820	0.0199357
154.555517	0.0188357
154.570215	0.0194273
154.584914	0.0183058
154.599614	0.0184798
154.614314	0.0192742
154.629015	0.0183514
154.643716	0.0188642
154.658419	0.0190182
154.673122	0.0194222
154.687825	0.0193647
154.702530	0.0191398
154.717235	0.0192842
154.731940	0.0197208
154.746647	0.0191028
154.761354	0.0200689
154.776062	0.0192123
154.790771	0.0197696
154.805480	0.0193149
154.820190	0.0190644
154.834901	0.0194221
154.849612	0.0196467
154.864324	0.0197450
154.879037	0.0190930
154.893750	0.0176926
154.908465	0.0181482
154.923180	0.0193422
154.937895	0.0201331
154.952611	0.0193215
154.967328	0.0182871
154.982046	0.0193246
154.996765	0.0194324
155.011484	0.0187363
155.026204	0.0197899
155.040924	0.0188693
155.055645	0.0186055
155.070367	0.0199970
155.085090	0.0193219
155.099813	0.0188908
155.114537	0.0185525
155.129262	0.0190213
155.143988	0.0191546
155.158714	0.0191588
155.173441	0.0184433
155.188168	0.0192162
155.202896	0.0186907
155.217625	0.0181563
155.232355	0.0194849
155.247085	0.0190208
155.261816	0.0188262
155.276548	0.0198118
155.291281	0.0194525
155.306014	0.0193885
155.320748	0.0189621
155.335482	0.0202415
155.350218	0.0189334
155.364954	0.0191765
155.379690	0.0187256
155.394428	0.0198983
155.409166	0.0197845
155.423904	0.0215499
155.438644	0.0192308
155.453384	0.0205829
155.468125	0.0186437
155.482867	0.0185337
155.497609	0.0194431
155.512352	0.0198355
155.527096	0.0195171
155.541840	0.0191880
155.556585	0.0201539
155.571331	0.0191960
155.586078	0.0181076
155.600825	0.0200593
155.615573	0.0201616
155.630321	0.0192437
155.645071	0.0194135
155.659821	0.0198770
155.674571	0.0199530
155.689323	0.0192213
155.704075	0.0188461
155.718828	0.0188495
155.733581	0.0201064
155.748336	0.0185721
155.763091	0.0205851
155.777846	0.0193248
155.792603	0.0180689
155.807360	0.0189623
155.822117	0.0179887
155.836876	0.0186355
155.851635	0.0207531
155.866395	0.0189306
155.881156	0.0199687
155.895917	0.0192734
155.910679	0.0195985
155.925441	0.0185387
155.940205	0.0195919
155.954969	0.0195524
155.969734	0.0192728
155.984499	0.0200404
155.999265	0.0193959
156.014032	0.0213481
156.028800	0.0195202
156.043568	0.0195286
156.058337	0.0188202
156.073107	0.0200889
156.087877	0.0189096
156.102648	0.0194419
156.117420	0.0198578
156.132193	0.0190839
156.146966	0.0192426
156.161740	0.0191154
156.176514	0.0191469
156.191290	0.0189174
156.206066	0.0193050
156.220842	0.0180908
156.235620	0.0203858
156.250398	0.0192243
156.265177	0.0186884
156.279956	0.0197274
156.294737	0.0196191
156.309518	0.0178915
156.324299	0.0196614
156.339082	0.0191552
156.353865	0.0200301
156.368648	0.0196831
156.383433	0.0200557
156.398218	0.0196507
156.413004	0.0202627
156.427790	0.0186434
156.442578	0.0191461
156.457366	0.0192606
156.472154	0.0198878
156.486944	0.0204709
156.501734	0.0206482
156.516524	0.0178649
156.531316	0.0186050
156.546108	0.0200852
156.560901	0.0188435
156.575695	0.0195736
156.590489	0.0185679
156.605284	0.0188840
156.620080	0.0203796
156.634876	0.0212821
156.649673	0.0187002
156.664471	0.0209555
156.679269	0.0175799
156.694068	0.0196619
156.708868	0.0187100
156.723669	0.0198628
156.738470	0.0199652
156.753272	0.0198651
156.768075	0.0198653
156.782878	0.0191222
156.797683	0.0185755
156.812487	0.0205393
156.827293	0.0193888
156.842099	0.0194269
156.856906	0.0199262
156.871714	0.0195971
156.886522	0.0186860
156.901331	0.0195156
156.916141	0.0202308
156.930951	0.0195145
156.945762	0.0196235
156.960574	0.0213029
156.975387	0.0207115
156.990200	0.0202749
157.005014	0.0193911
157.019829	0.0178945
157.034644	0.0189836
157.049460	0.0198966
157.064277	0.0204528
157.079094	0.0187236
157.093912	0.0200475
157.108731	0.0192272
157.123551	0.0190480
157.138371	0.0191168
157.153192	0.0190031
157.168014	0.0181088
157.182836	0.0189982
157.197659	0.0189818
157.212483	0.0192933
157.227308	0.0182452
157.242133	0.0194440
157.256959	0.0199250
157.271785	0.0186086
157.286612	0.0197925
157.301440	0.0195141
157.316269	0.0194077
157.331099	0.0193769
157.345929	0.0192544
157.360760	0.0193457
157.375591	0.0198834
157.390423	0.0198568
157.405256	0.0197126
157.420090	0.0197464
157.434924	0.0193780
157.449759	0.0192632
157.464595	0.0196661
157.479431	0.0190110
157.494268	0.0179410
157.509106	0.0200104
157.523945	0.0188258
157.538784	0.0189575
157.553624	0.0186203
157.568465	0.0191774
157.583306	0.0189561
157.598148	0.0197537
157.612991	0.0200501
157.627834	0.0194838
157.642678	0.0189310
157.657523	0.0198226
157.672369	0.0194090
157.687215	0.0191810
157.702062	0.0190490
157.716910	0.0184977
157.731758	0.0198216
157.746607	0.0170926
157.761457	0.0197714
157.776307	0.0199029
157.791158	0.0205050
157.806010	0.0200972
157.820863	0.0200054
157.835716	0.0197751
157.850570	0.0197321
157.865425	0.0200433
157.880280	0.0196186
157.895136	0.0178957
157.909993	0.0205907
157.924851	0.0200048
157.939709	0.0195529
157.954568	0.0197500
157.969427	0.0198835
157.984288	0.0191889
157.999149	0.0198556
158.014010	0.0189183
158.028873	0.0184199
158.043736	0.0204410
158.058600	0.0199454
158.073464	0.0194444
158.088330	0.0196090
158.103196	0.0199673
158.118062	0.0194456
158.132929	0.0190837
158.147798	0.0194572
158.162666	0.0188291
158.177536	0.0181570
158.192406	0.0189954
158.207277	0.0193754
158.222148	0.0185613
158.237020	0.0182262
158.251893	0.0195638
158.266767	0.0184652
158.281641	0.0190776
158.296516	0.0196960
158.311392	0.0190103
158.326269	0.0200306
158.341146	0.0194296
158.356024	0.0198682
158.370902	0.0198425
158.385782	0.0186046
158.400662	0.0187568
158.415542	0.0205053
158.430424	0.0194226
158.445306	0.0187400
158.460189	0.0188756
158.475072	0.0188120
158.489956	0.0192624
158.504841	0.0202471
158.519727	0.0195974
158.534613	0.0203812
158.549500	0.0184362
158.564388	0.0210777
158.579276	0.0184017
158.594165	0.0189068
158.609055	0.0204473
158.623946	0.0192819
158.638837	0.0205987
158.653729	0.0201660
158.668621	0.0193585
158.683515	0.0201260
158.698409	0.0194338
158.713303	0.0186058
158.728199	0.0185347
158.743095	0.0183277
158.757992	0.0186840
158.772889	0.0195539
158.787788	0.0203139
158.802686	0.0200104
158.817586	0.0192357
158.832486	0.0203397
158.847387	0.0199706
158.862289	0.0212439
158.877192	0.0185070
158.892095	0.0188212
158.906999	0.0187920
158.921903	0.0199950
158.936809	0.0186990
158.951715	0.0193454
158.966621	0.0197784
158.981529	0.0192990
158.996437	0.0202171
159.011345	0.0181891
159.026255	0.0196200
159.041165	0.0197130
159.056076	0.0182112
159.070988	0.0184383
159.085900	0.0195337
159.100813	0.0194479
159.115726	0.0194320
159.130641	0.0177404
159.145556	0.0182814
159.160472	0.0195661
159.175388	0.0205989
159.190305	0.0191026
159.205223	0.0191426
159.220142	0.0186363
159.235061	0.0201581
159.249981	0.0203675
159.264902	0.0195167
159.279823	0.0187083
159.294746	0.0191718
159.309668	0.0187421
159.324592	0.0198476
159.339516	0.0204007
159.354441	0.0189469
159.369367	0.0194217
159.384293	0.0190213
159.399220	0.0197997
159.414148	0.0202265
159.429076	0.0190152
159.444005	0.0192010
159.458935	0.0184082
159.473866	0.0206115
159.488797	0.0199555
159.503729	0.0198240
159.518662	0.0183022
159.533595	0.0186004
159.548529	0.0188971
159.563464	0.0201161
159.578399	0.0193942
159.593336	0.0191873
159.608272	0.0196714
159.623210	0.0199421
159.638148	0.0201127
159.653087	0.0193447
159.668027	0.0188955
159.682967	0.0200431
159.697908	0.0185309
159.712850	0.0196620
159.727793	0.0184676
159.742736	0.0200523
159.757680	0.0188634
159.772624	0.0195754
159.787570	0.0199025
159.802516	0.0206838
159.817462	0.0188288
159.832410	0.0186853
159.847358	0.0194780
159.862307	0.0187361
159.877256	0.0191105
159.892206	0.0195925
159.907157	0.0195599
159.922109	0.0194615
159.937061	0.0199501
159.952014	0.0201347
159.966968	0.0200115
159.981922	0.0193280
159.996878	0.0199032
160.011833	0.0193073
160.026790	0.0192522
160.041747	0.0190915
160.056705	0.0195650
160.071664	0.0174693
160.086623	0.0182554
160.101583	0.0198511
160.116544	0.0188807
160.131505	0.0209062
160.146468	0.0203782
160.161430	0.0190318
160.176394	0.0181496
160.191358	0.0191702
160.206323	0.0197360
160.221289	0.0195385
160.236255	0.0196599
160.251222	0.0191335
160.266190	0.0180144
160.281159	0.0202114
160.296128	0.0199163
160.311098	0.0194321
160.326068	0.0197293
160.341040	0.0201266
160.356011	0.0190265
160.370984	0.0195102
160.385958	0.0180841
160.400932	0.0197768
160.415906	0.0191490
160.430882	0.0197085
160.445858	0.0187053
160.460835	0.0191170
160.475813	0.0184979
160.490791	0.0191957
160.505770	0.0185153
160.520750	0.0194888
160.535730	0.0196671
160.550711	0.0195627
160.565693	0.0187434
160.580676	0.0189569
160.595659	0.0207909
160.610643	0.0195893
160.625627	0.0190901
160.640613	0.0187644
160.655599	0.0185996
160.670586	0.0199006
160.685573	0.0216420
160.700561	0.0230284
160.715550	0.0289450
160.730540	0.0400778
160.745530	0.0537310
160.760521	0.0787160
160.775512	0.1071888
160.790505	0.1510555
160.805498	0.1944791
160.820492	0.2328628
160.835486	0.2656873
160.850481	0.2817734
160.865477	0.2768568
160.880474	0.2594461
160.895471	0.2349277
160.910469	0.2058448
160.925468	0.1742812
160.940467	0.1391400
160.955467	0.1100755
160.970468	0.0829870
160.985469	0.0614771
161.000472	0.0470737
161.015474	0.0355496
161.030478	0.0305284
161.045482	0.0258764
161.060487	0.0229696
161.075493	0.0220553
161.090500	0.0193583
161.105507	0.0198241
161.120514	0.0190507
161.135523	0.0191949
161.150532	0.0190908
161.165542	0.0192086
161.180553	0.0193928
161.195564	0.0213807
161.210576	0.0187590
161.225589	0.0194571
161.240602	0.0193957
161.255616	0.0191096
161.270631	0.0202301
161.285647	0.0192729
161.300663	0.0200615
161.315680	0.0197113
161.330698	0.0182505
161.345716	0.0192704
161.360735	0.0194482
161.375755	0.0177730
161.390775	0.0188028
161.405796	0.0203233
161.420818	0.0198472
161.435841	0.0179394
161.450864	0.0185630
161.465888	0.0194291
161.480913	0.0209339
161.495938	0.0190585
161.510964	0.0194163
161.525991	0.0195081
161.541018	0.0191811
161.556047	0.0198145
161.571075	0.0192890
161.586105	0.0184823
161.601135	0.0196179
161.616166	0.0202924
161.631198	0.0185303
161.646230	0.0189581
161.661264	0.0199341
161.676297	0.0192622
161.691332	0.0189267
161.706367	0.0188801
161.721403	0.0196731
161.736440	0.0192375
161.751477	0.0193409
161.766515	0.0200776
161.781554	0.0194273
161.796593	0.0191961
161.811633	0.0207161
161.826674	0.0201776
161.841715	0.0210479
161.856758	0.0206772
161.871801	0.0210655
161.886844	0.0214714
161.901889	0.0210999
161.916934	0.0206969
161.931979	0.0194324
161.947026	0.0191732
161.962073	0.0199257
161.977121	0.0187664
161.992169	0.0184243
162.007219	0.0205975
162.022269	0.0193382
162.037319	0.0175116
162.052371	0.0204191
162.067423	0.0180348
162.082475	0.0192483
162.097529	0.0190494
162.112583	0.0201732
162.127638	0.0196021
162.142694	0.0199813
162.157750	0.0191976
162.172807	0.0174595
162.187865	0.0183878
162.202923	0.0193642
162.217982	0.0201117
162.233042	0.0192390
162.248102	0.0196196
162.263163	0.0200360
162.278225	0.0190752
162.293288	0.0185013
162.308351	0.0199755
162.323415	0.0193069
162.338480	0.0197526
162.353545	0.0207803
162.368612	0.0186570
162.383678	0.0186384
162.398746	0.0183754
162.413814	0.0180843
162.428883	0.0195066
162.443953	0.0193627
162.459023	0.0196734
162.474094	0.0188464
162.489166	0.0202516
162.504238	0.0194608
162.519311	0.0194514
162.534385	0.0207539
162.549460	0.0188251
162.564535	0.0185845
162.579611	0.0181651
162.594687	0.0193083
162.609765	0.0188151
162.624843	0.0192614
162.639922	0.0194170
162.655001	0.0189451
162.670081	0.0183084
162.685162	0.0198800
162.700244	0.0204212
162.715326	0.0194222
162.730409	0.0199626
162.745493	0.0187352
162.760577	0.0200534
162.775662	0.0207771
162.790748	0.0212109
162.805834	0.0230024
162.820922	0.0232076
162.836009	0.0220294
162.851098	0.0237645
162.866187	0.0250277
162.881277	0.0239994
162.896368	0.0243185
162.911459	0.0239956
162.926551	0.0220380
162.941644	0.0193111
162.956738	0.0210892
162.971832	0.0210954
162.986927	0.0210883
163.002023	0.0186192
163.017119	0.0200919
163.032216	0.0194734
163.047314	0.0196177
163.062412	0.0187543
163.077511	0.0197123
163.092611	0.0206037
163.107711	0.0194985
163.122813	0.0200145
163.137915	0.0202880
163.153017	0.0188675
163.168121	0.0190759
163.183225	0.0185380
163.198329	0.0201979
163.213435	0.0188770
163.228541	0.0198877
163.243648	0.0191799
163.258755	0.0194063
163.273864	0.0205320
163.288973	0.0203692
163.304082	0.0189075
163.319193	0.0198635
163.334304	0.0188469
163.349416	0.0193105
163.364528	0.0194219
163.379641	0.0191185
163.394755	0.0193358
163.409870	0.0194133
163.424985	0.0188919
163.440101	0.0193561
163.455218	0.0193407
163.470335	0.0186117
163.485453	0.0196471
163.500572	0.0201631
163.515691	0.0191417
163.530812	0.0192065
163.545932	0.0188291
163.561054	0.0191438
163.576176	0.0188009
163.591299	0.0182503
163.606423	0.0195624
163.621547	0.0201728
163.636673	0.0195262
163.651798	0.0188441
163.666925	0.0202545
163.682052	0.0190771
163.697180	0.0192864
163.712309	0.0194719
163.727438	0.0187420
163.742568	0.0194576
163.757699	0.0197123
163.772830	0.0203337
163.787962	0.0188143
163.803095	0.0202643
163.818229	0.0201024
163.833363	0.0197984
163.848498	0.0183374
163.863634	0.0188026
163.878770	0.0195096
163.893907	0.0195468
163.909045	0.0205386
163.924183	0.0186566
163.939322	0.0200946
163.954462	0.0183655
163.969603	0.0201909
163.984744	0.0197626
163.999886	0.0179532
164.015029	0.0196137
164.030172	0.0190213
164.045316	0.0190324
164.060461	0.0195643
164.075606	0.0200875
164.090753	0.0198187
164.105900	0.0193085
164.121047	0.0185063
164.136195	0.0197153
164.151344	0.0194960
164.166494	0.0180671
164.181644	0.0193496
164.196796	0.0191623
164.211947	0.0193844
164.227100	0.0198486
164.242253	0.0193043
164.257407	0.0203141
164.272562	0.0182592
164.287717	0.0178068
164.302873	0.0194372
164.318030	0.0199629
164.333187	0.0188405
164.348345	0.0186573
164.363504	0.0198257
164.378664	0.0187247
164.393824	0.0187126
164.408985	0.0198822
164.424146	0.0197910
164.439309	0.0189902
164.454472	0.0184360
164.469636	0.0193740
164.484800	0.0199294
164.499965	0.0218774
164.515131	0.0197937
164.530298	0.0196469
164.545465	0.0183880
164.560633	0.0196386
164.575801	0.0197526
164.590971	0.0191959
164.606141	0.0199841
164.621312	0.0183186
164.636483	0.0189569
164.651655	0.0208345
164.666828	0.0194976
164.682002	0.0191611
164.697176	0.0198938
164.712351	0.0184983
164.727527	0.0189537
164.742703	0.0199491
164.757880	0.0188444
164.773058	0.0189444
164.788236	0.0201231
164.803416	0.0197377
164.818596	0.0197194
164.833776	0.0202429
164.848957	0.0189272
164.864140	0.0197161
164.879322	0.0200984
164.894506	0.0191379
164.909690	0.0202997
164.924875	0.0185570
164.940060	0.0198752
164.955246	0.0187564
164.970433	0.0188346
164.985621	0.0204349
165.000809	0.0196753
165.015998	0.0200596
165.031188	0.0185155
165.046378	0.0202382
165.061570	0.0190651
165.076761	0.0200334
165.091954	0.0191003
165.107147	0.0210263
165.122341	0.0198717
165.137536	0.0203529
165.152731	0.0192346
165.167927	0.0182703
165.183124	0.0203930
165.198321	0.0202486
165.213520	0.0204272
165.228718	0.0191088
165.243918	0.0176150
165.259118	0.0185543
165.274319	0.0192156
165.289521	0.0189175
165.304723	0.0198658
165.319926	0.0201014
165.335130	0.0197219
165.350335	0.0180842
165.365540	0.0197952
165.380746	0.0207625
165.395952	0.0184454
165.411160	0.0192500
165.426368	0.0197184
165.441576	0.0197372
165.456786	0.0202103
165.471996	0.0180189
165.487207	0.0189779
165.502418	0.0203160
165.517630	0.0198931
165.532843	0.0196564
165.548057	0.0191293
165.563271	0.0195473
165.578486	0.0206063
165.593702	0.0194283
165.608918	0.0187805
165.624135	0.0189000
165.639353	0.0191153
165.654572	0.0182750
165.669791	0.0194457
165.685011	0.0205455
165.700232	0.0193760
165.715453	0.0202054
165.730675	0.0202647
165.745898	0.0199549
165.761121	0.0204309
165.776345	0.0203801
165.791570	0.0223270
165.806796	0.0255640
165.822022	0.0269547
165.837249	0.0309830
165.852477	0.0316467
165.867705	0.0384199
165.882934	0.0412445
165.898164	0.0437091
165.913394	0.0420840
165.928626	0.0423763
165.943857	0.0407093
165.959090	0.0373978
165.974323	0.0349332
165.989557	0.0319622
166.004792	0.0285445
166.020027	0.0281557
166.035263	0.0284026
166.050500	0.0271529
166.065738	0.0256651
166.080976	0.0246660
166.096215	0.0250397
166.111454	0.0239679
166.126695	0.0231170
166.141936	0.0232970
166.157178	0.0228148
166.172420	0.0219390
166.187663	0.0216388
166.202907	0.0206850
166.218151	0.0188421
166.233397	0.0211460
166.248643	0.0182273
166.263889	0.0200561
166.279137	0.0189387
166.294385	0.0195564
166.309633	0.0189878
166.324883	0.0200523
166.340133	0.0195116
166.355384	0.0197115
166.370635	0.0194556
166.385888	0.0184821
166.401140	0.0192482
166.416394	0.0193244
166.431648	0.0194049
166.446904	0.0206927
166.462159	0.0182535
166.477416	0.0187739
166.492673	0.0185248
166.507931	0.0197593
166.523189	0.0194290
166.538449	0.0192201
166.553709	0.0198568
166.568969	0.0191503
166.584231	0.0190406
166.599493	0.0202432
166.614756	0.0197516
166.630019	0.0198034
166.645283	0.0177063
166.660548	0.0199214
166.675814	0.0193272
166.691080	0.0195842
166.706347	0.0201901
166.721615	0.0200571
166.736883	0.0199203
166.752152	0.0203672
166.767422	0.0184254
166.782693	0.0181232
166.797964	0.0192075
166.813236	0.0201314
166.828508	0.0192348
166.843782	0.0185640
166.859056	0.0188634
166.874330	0.0206621
166.889606	0.0201795
166.904882	0.0187828
166.920159	0.0190348
166.935436	0.0192212
166.950714	0.0190344
166.965993	0.0201028
166.981273	0.0195629
166.996553	0.0201352
167.011834	0.0192671
167.027116	0.0197939
167.042399	0.0183156
167.057682	0.0187437
167.072966	0.0192147
167.088250	0.0185251
167.103536	0.0191850
167.118821	0.0188735
167.134108	0.0195860
167.149396	0.0197853
167.164684	0.0192620
167.179972	0.0189320
167.195262	0.0194175
167.210552	0.0196644
167.225843	0.0176820
167.241134	0.0176905
167.256427	0.0184391
167.271720	0.0196367
167.287013	0.0200839
167.302308	0.0198731
167.317603	0.0198234
167.332899	0.0190690
167.348195	0.0193061
167.363492	0.0195990
167.378790	0.0188546
167.394089	0.0196061
167.409388	0.0193147
167.424688	0.0185417
167.439989	0.0196905
167.455290	0.0195858
167.470592	0.0193685
167.485895	0.0201053
167.501199	0.0185615
167.516503	0.0186079
167.531808	0.0201783
167.547114	0.0190322
167.562420	0.0198183
167.577727	0.0187571
167.593035	0.0198123
167.608343	0.0188072
167.623652	0.0197195
167.638962	0.0199621
167.654273	0.0196301
167.669584	0.0185359
167.684896	0.0198391
167.700209	0.0186304
167.715522	0.0196819
167.730836	0.0198233
167.746151	0.0197641
167.761466	0.0195380
167.776782	0.0189643
167.792099	0.0200653
167.807417	0.0207688
167.822735	0.0197311
167.838054	0.0211042
167.853374	0.0192523
167.868694	0.0202286
167.884015	0.0202485
167.899337	0.0195869
167.914660	0.0183444
167.929983	0.0189679
167.945307	0.0191384
167.960631	0.0184024
167.975956	0.0180603
167.991282	0.0189458
168.006609	0.0199191
168.021937	0.0205043
168.037265	0.0189835
168.052594	0.0186091
168.067923	0.0183079
168.083253	0.0186041
168.098584	0.0186970
168.113916	0.0199875
168.129248	0.0194192
168.144581	0.0180890
168.159915	0.0198294
168.175249	0.0191348
168.190584	0.0185596
168.205920	0.0199175
168.221257	0.0172175
168.236594	0.0202725
168.251932	0.0194912
168.267271	0.0199019
168.282610	0.0190924
168.297950	0.0195506
168.313291	0.0196651
168.328632	0.0198391
168.343974	0.0187928
168.359317	0.0203449
168.374661	0.0200789
168.390005	0.0197412
168.405350	0.0202179
168.420696	0.0195500
168.436042	0.0186556
168.451389	0.0183426
168.466737	0.0190678
168.482085	0.0186500
168.497435	0.0193156
168.512784	0.0199052
168.528135	0.0194531
168.543486	0.0186689
168.558838	0.0186545
168.574191	0.0182865
168.589544	0.0192035
168.604898	0.0196691
168.620253	0.0200556
168.635609	0.0184048
168.650965	0.0203211
168.666322	0.0188308
168.681680	0.0194134
168.697038	0.0182969
168.712397	0.0191905
168.727757	0.0188072
168.743117	0.0203280
168.758478	0.0187021
168.773840	0.0192404
168.789202	0.0184982
168.804566	0.0189659
168.819930	0.0195139
168.835294	0.0193465
168.850660	0.0187988
168.866026	0.0187787
168.881392	0.0200426
168.896760	0.0186842
168.912128	0.0191393
168.927497	0.0185546
168.942866	0.0184538
168.958237	0.0193652
168.973608	0.0202490
168.988979	0.0187701
169.004352	0.0190356
169.019725	0.0195347
169.035098	0.0201283
169.050473	0.0202166
169.065848	0.0195854
169.081224	0.0192091
169.096600	0.0182826
169.111978	0.0197275
169.127356	0.0189413
169.142734	0.0187634
169.158114	0.0193922
169.173494	0.0198301
169.188875	0.0194784
169.204256	0.0190814
169.219638	0.0204170
169.235021	0.0191256
169.250405	0.0203444
169.265789	0.0204902
169.281174	0.0195334
169.296560	0.0193284
169.311946	0.0193073
169.327333	0.0205953
169.342721	0.0191975
169.358110	0.0184703
169.373499	0.0185886
169.388889	0.0189046
169.404279	0.0198411
169.419671	0.0205310
169.435063	0.0192797
169.450456	0.0176864
169.465849	0.0199386
169.481243	0.0199439
169.496638	0.0204743
169.512033	0.0219707
169.527430	0.0207568
169.542827	0.0214446
169.558224	0.0201718
169.573623	0.0217096
169.589022	0.0214727
169.604421	0.0216225
169.619822	0.0213973
169.635223	0.0202008
169.650625	0.0206689
169.666027	0.0196141
169.681431	0.0209590
169.696835	0.0193115
169.712239	0.0184836
169.727645	0.0195481
169.743051	0.0181874
169.758458	0.0199556
169.773865	0.0189516
169.789273	0.0183842
169.804682	0.0191495
169.820092	0.0193795
169.835502	0.0189218
169.850913	0.0190782
169.866325	0.0207815
169.881737	0.0190497
169.897150	0.0197502
169.912564	0.0187279
169.927978	0.0177382
169.943394	0.0183467
169.958810	0.0206658
169.974226	0.0195707
169.989644	0.0194431
170.005062	0.0183500
170.020480	0.0203639
170.035900	0.0196157
170.051320	0.0199817
170.066741	0.0197598
170.082162	0.0192721
170.097584	0.0195239
170.113007	0.0193622
170.128431	0.0182316
170.143855	0.0184506
170.159280	0.0199844
170.174706	0.0180285
170.190133	0.0190048
170.205560	0.0174583
170.220988	0.0192363
170.236416	0.0197198
170.251845	0.0193031
170.267275	0.0192491
170.282706	0.0183547
170.298137	0.0186109
170.313569	0.0188085
170.329002	0.0187140
170.344436	0.0188096
170.359870	0.0208065
170.375305	0.0195297
170.390740	0.0203870
170.406176	0.0184297
170.421613	0.0190531
170.437051	0.0197122
170.452490	0.0187963
170.467929	0.0213294
170.483368	0.0215577
170.498809	0.0234608
170.514250	0.0229354
170.529692	0.0229769
170.545135	0.0244447
170.560578	0.0248712
170.576022	0.0240650
170.591467	0.0240248
170.606912	0.0229074
170.622358	0.0228445
170.637805	0.0211632
170.653252	0.0218305
170.668701	0.0210988
170.684150	0.0213806
170.699599	0.0199901
170.715050	0.0196887
170.730501	0.0214871
170.745952	0.0186062
170.761405	0.0201855
170.776858	0.0190783
170.792312	0.0189282
170.807766	0.0194913
170.823221	0.0204284
170.838677	0.0190914
170.854134	0.0167161
170.869591	0.0188983
170.885049	0.0187031
170.900508	0.0188589
170.915968	0.0183818
170.931428	0.0190943
170.946889	0.0185461
170.962350	0.0187299
170.977813	0.0195280
170.993276	0.0215136
171.008739	0.0217546
171.024204	0.0253291
171.039669	0.0253556
171.055134	0.0271522
171.070601	0.0284025
171.086068	0.0294143
171.101536	0.0304123
171.117005	0.0290619
171.132474	0.0285914
171.147944	0.0268994
171.163415	0.0277687
171.178886	0.0243676
171.194358	0.0239276
171.209831	0.0214190
171.225304	0.0219209
171.240779	0.0210112
171.256253	0.0210018
171.271729	0.0197111
171.287205	0.0201423
171.302682	0.0203386
171.318160	0.0197690
171.333639	0.0185228
171.349118	0.0201548
171.364597	0.0203020
171.380078	0.0190087
171.395559	0.0199316
171.411041	0.0186455
171.426524	0.0185291
171.442007	0.0199103
171.457491	0.0193598
171.472976	0.0196126
171.488461	0.0197157
171.503948	0.0191166
171.519434	0.0201492
171.534922	0.0200772
171.550410	0.0199719
171.565899	0.0191597
171.581389	0.0196593
171.596879	0.0192293
171.612370	0.0201062
171.627862	0.0192317
171.643354	0.0188178
171.658848	0.0195318
171.674342	0.0194805
171.689836	0.0193374
171.705331	0.0198612
171.720827	0.0190459
171.736324	0.0198823
171.751821	0.0192614
171.767320	0.0211174
171.782818	0.0195348
171.798318	0.0193291
171.813818	0.0196956
171.829319	0.0198298
171.844820	0.0199510
171.860323	0.0192552
171.875826	0.0207944
171.891329	0.0209516
171.906834	0.0246346
171.922339	0.0277025
171.937845	0.0306221
171.953351	0.0361159
171.968859	0.0382030
171.984366	0.0443010
171.999875	0.0439051
172.015384	0.0463058
172.030894	0.0448214
172.046405	0.0444715
172.061917	0.0393020
172.077429	0.0370492
172.092942	0.0329021
172.108455	0.0298963
172.123969	0.0281766
172.139484	0.0256324
172.155000	0.0227519
172.170516	0.0222668
172.186033	0.0209909
172.201551	0.0202621
172.217070	0.0207889
172.232589	0.0197840
172.248109	0.0189409
172.263629	0.0184650
172.279150	0.0194990
172.294672	0.0190984
172.310195	0.0211495
172.325718	0.0195011
172.341243	0.0195356
172.356767	0.0198230
172.372293	0.0196071
172.387819	0.0189832
172.403346	0.0191438
172.418873	0.0185144
172.434402	0.0178006
172.449931	0.0190994
172.465460	0.0184619
172.480991	0.0196078
172.496522	0.0193960
172.512054	0.0187610
172.527586	0.0193935
172.543120	0.0201214
172.558653	0.0200186
172.574188	0.0192564
172.589723	0.0197890
172.605259	0.0176573
172.620796	0.0190029
172.636334	0.0187590
172.651872	0.0195935
172.667410	0.0196866
172.682950	0.0197769
172.698490	0.0182716
172.714031	0.0203717
172.729573	0.0203854
172.745115	0.0194015
172.760658	0.0202222
172.776202	0.0190395
172.791746	0.0198536
172.807292	0.0200073
172.822837	0.0199354
172.838384	0.0189478
172.853931	0.0183018
172.869479	0.0171417
172.885028	0.0193921
172.900577	0.0188794
172.916127	0.0177410
172.931678	0.0200775
172.947229	0.0201538
172.962782	0.0189500
172.978335	0.0175272
172.993888	0.0185402
173.009442	0.0198946
173.024997	0.0187889
173.040553	0.0191719
173.056109	0.0177275
173.071667	0.0184241
173.087224	0.0185363
173.102783	0.0190509
173.118342	0.0186850
173.133902	0.0189155
173.149463	0.0192126
173.165024	0.0180414
173.180586	0.0190235
173.196149	0.0194495
173.211712	0.0200700
173.227276	0.0180091
173.242841	0.0184283
173.258406	0.0188514
173.273973	0.0195830
173.289540	0.0177916
173.305107	0.0195937
173.320675	0.0185250
173.336245	0.0201533
173.351814	0.0198958
173.367385	0.0186661
173.382956	0.0191211
173.398528	0.0187050
173.414100	0.0196469
173.429673	0.0201891
173.445247	0.0184383
173.460822	0.0188133
173.476397	0.0202173
173.491973	0.0202274
173.507550	0.0190078
173.523128	0.0187897
173.538706	0.0189819
173.554285	0.0192132
173.569864	0.0188418
173.585445	0.0202796
173.601026	0.0195323
173.616607	0.0196267
173.632190	0.0192449
173.647773	0.0189174
173.663356	0.0198714
173.678941	0.0192508
173.694526	0.0181894
173.710112	0.0209555
173.725699	0.0196740
173.741286	0.0199944
173.756874	0.0190561
173.772463	0.0209582
173.788052	0.0204767
173.803642	0.0203530
173.819233	0.0217195
173.834824	0.0222443
173.850417	0.0222602
173.866010	0.0207656
173.881603	0.0203003
173.897197	0.0188197
173.912792	0.0197877
173.928388	0.0185200
173.943985	0.0199864
173.959582	0.0184556
173.975180	0.0194901
173.990778	0.0187934
174.006377	0.0195849
174.021977	0.0186071
174.037578	0.0192376
174.053179	0.0192732
174.068781	0.0197163
174.084384	0.0189130
174.099987	0.0183197
174.115592	0.0189956
174.131197	0.0192704
174.146802	0.0190894
174.162408	0.0189815
174.178015	0.0187765
174.193623	0.0200993
174.209231	0.0190593
174.224840	0.0196764
174.240450	0.0191752
174.256061	0.0185796
174.271672	0.0193957
174.287284	0.0189106
174.302896	0.0201429
174.318510	0.0196310
174.334124	0.0172763
174.349738	0.0187025
174.365354	0.0196413
174.380970	0.0181861
174.396586	0.0184615
174.412204	0.0195087
174.427822	0.0182470
174.443441	0.0193548
174.459061	0.0209775
174.474681	0.0198977
174.490302	0.0182096
174.505924	0.0204177
174.521546	0.0185197
174.537169	0.0198042
174.552793	0.0194685
174.568418	0.0190982
174.584043	0.0198602
174.599669	0.0179709
174.615295	0.0184648
174.630923	0.0195462
174.646551	0.0196429
174.662179	0.0187059
174.677809	0.0199101
174.693439	0.0198712
174.709070	0.0194049
174.724701	0.0188569
174.740334	0.0187417
174.755967	0.0207489
174.771600	0.0203653
174.787235	0.0185339
174.802870	0.0195423
174.818505	0.0180300
174.834142	0.0193333
174.849779	0.0190112
174.865417	0.0197611
174.881056	0.0196767
174.896695	0.0188323
174.912335	0.0180998
174.927975	0.0182687
174.943617	0.0190447
174.959259	0.0187902
174.974902	0.0193122
174.990545	0.0197071
175.006189	0.0201747
175.021834	0.0193741
175.037480	0.0190191
175.053126	0.0185430
175.068773	0.0192800
175.084421	0.0194539
175.100069	0.0190789
175.115718	0.0175680
175.131368	0.0195113
175.147019	0.0191295
175.162670	0.0181466
175.178322	0.0198778
175.193974	0.0191992
175.209628	0.0200664
175.225282	0.0194366
175.240936	0.0202723
175.256592	0.0195260
175.272248	0.0196297
175.287905	0.0191397
175.303562	0.0195477
175.319221	0.0192438
175.334880	0.0187092
175.350539	0.0188719
175.366200	0.0181313
175.381861	0.0180829
175.397522	0.0205953
175.413185	0.0210304
175.428848	0.0195854
175.444512	0.0189377
175.460176	0.0192370
175.475842	0.0194201
175.491508	0.0188428
175.507174	0.0203207
175.522842	0.0197208
175.538510	0.0184665
175.554178	0.0184057
175.569848	0.0194472
175.585518	0.0190540
175.601189	0.0175309
175.616861	0.0183946
175.632533	0.0200313
175.648206	0.0181728
175.663880	0.0184075
175.679554	0.0194381
175.695229	0.0179710
175.710905	0.0185250
175.726581	0.0193618
175.742258	0.0193974
175.757936	0.0181774
175.773615	0.0186259
175.789294	0.0198180
175.804974	0.0193018
175.820655	0.0195238
175.836336	0.0189864
175.852019	0.0189764
175.867701	0.0197173
175.883385	0.0192876
175.899069	0.0184339
175.914754	0.0191417
175.930440	0.0193152
175.946126	0.0193754
175.961813	0.0187285
175.977501	0.0177844
175.993189	0.0190334
176.008878	0.0186487
176.024568	0.0191356
176.040259	0.0182070
176.055950	0.0213054
176.071642	0.0195614
176.087335	0.0188328
176.103028	0.0181068
176.118722	0.0196362
176.134417	0.0178654
176.150112	0.0194411
176.165808	0.0180781
176.181505	0.0186741
176.197203	0.0190263
176.212901	0.0198786
176.228600	0.0196592
176.244300	0.0196801
176.260000	0.0182239
176.275701	0.0184911
176.291403	0.0175848
176.307106	0.0202675
176.322809	0.0197261
176.338513	0.0194590
176.354217	0.0196560
176.369922	0.0186873
176.385628	0.0201401
176.401335	0.0185523
176.417043	0.0199613
176.432751	0.0194696
176.448460	0.0186991
176.464169	0.0189529
176.479879	0.0193335
176.495590	0.0187218
176.511302	0.0190138
176.527014	0.0198064
176.542727	0.0190638
176.558441	0.0192719
176.574155	0.0195001
176.589870	0.0193137
176.605586	0.0193514
176.621303	0.0181417
176.637020	0.0195696
176.652738	0.0198087
176.668457	0.0196111
176.684176	0.0187271
176.699896	0.0192573
176.715617	0.0189014
176.731338	0.0188374
176.747060	0.0182205
176.762783	0.0191612
176.778507	0.0192210
176.794231	0.0191096
176.809956	0.0189714
176.825682	0.0187117
176.841408	0.0181698
176.857135	0.0196378
176.872863	0.0197757
176.888591	0.0192288
176.904320	0.0187726
176.920050	0.0195327
176.935781	0.0199614
176.951512	0.0192208
176.967244	0.0180124
176.982977	0.0194137
176.998710	0.0193444
177.014444	0.0191158
177.030179	0.0198019
177.045915	0.0183886
177.061651	0.0173543
177.077388	0.0189473
177.093125	0.0191805
177.108864	0.0193337
177.124603	0.0186989
177.140342	0.0191834
177.156083	0.0193195
177.171824	0.0191115
177.187566	0.0196612
177.203308	0.0187156
177.219052	0.0199609
177.234795	0.0180339
177.250540	0.0181198
177.266285	0.0190237
177.282032	0.0181145
177.297778	0.0185228
177.313526	0.0187297
177.329274	0.0195998
177.345023	0.0200329
177.360772	0.0191795
177.376522	0.0196617
177.392273	0.0191071
177.408025	0.0186820
177.423777	0.0192774
177.439530	0.0203340
177.455284	0.0196817
177.471039	0.0195426
177.486794	0.0189154
177.502550	0.0195111
177.518306	0.0172670
177.534064	0.0186063
177.549822	0.0184659
177.565580	0.0195299
177.581340	0.0194200
177.597100	0.0185221
177.612861	0.0195616
177.628622	0.0179625
177.644384	0.0195654
177.660147	0.0193241
177.675911	0.0195448
177.691675	0.0193142
177.707440	0.0191514
177.723206	0.0196856
177.738972	0.0201544
177.754739	0.0193342
177.770507	0.0176845
177.786276	0.0192355
177.802045	0.0186131
177.817815	0.0194979
177.833585	0.0179860
177.849357	0.0192739
177.865129	0.0185914
177.880901	0.0197389
177.896675	0.0191823
177.912449	0.0181727
177.928224	0.0189436
177.943999	0.0194131
177.959776	0.0186194
177.975552	0.0192344
177.991330	0.0192067
178.007108	0.0187947
178.022888	0.0174896
178.038667	0.0186750
178.054448	0.0175224
178.070229	0.0187432
178.086011	0.0191953
178.101793	0.0191784
178.117577	0.0184247
178.133361	0.0199568
178.149145	0.0189133
178.164931	0.0177583
178.180717	0.0191886
178.196503	0.0184886
178.212291	0.0186130
178.228079	0.0188942
178.243868	0.0179802
178.259658	0.0179432
178.275448	0.0190430
178.291239	0.0186348
178.307030	0.0193429
178.322823	0.0204174
178.338616	0.0190359
178.354410	0.0196315
178.370204	0.0185982
178.385999	0.0185486
178.401795	0.0187647
178.417592	0.0180844
178.433389	0.0190340
178.449187	0.0184163
178.464986	0.0189229
178.480785	0.0200377
178.496586	0.0201413
178.512386	0.0200420
178.528188	0.0196813
178.543990	0.0198655
178.559793	0.0186724
178.575597	0.0191221
178.591401	0.0185896
178.607206	0.0196467
178.623012	0.0188524
178.638818	0.0193919
178.654625	0.0217982
178.670433	0.0199895
178.686242	0.0216933
178.702051	0.0253411
178.717861	0.0316680
178.733672	0.0418486
178.749483	0.0607886
178.765295	0.0817424
178.781108	0.1125915
178.796921	0.1456324
178.812736	0.1777485
178.828550	0.2053721
178.844366	0.2229819
178.860182	0.2258465
178.875999	0.2207157
178.891817	0.2050998
178.907635	0.1829241
178.923454	0.1567371
178.939274	0.1326871
178.955095	0.1062852
178.970916	0.0833643
178.986738	0.0648799
179.002560	0.0517516
179.018384	0.0393703
179.034208	0.0318726
179.050032	0.0269749
179.065858	0.0224806
179.081684	0.0207002
179.097511	0.0203975
179.113338	0.0200383
179.129166	0.0189736
179.144995	0.0193962
179.160825	0.0187686
179.176655	0.0188290
179.192486	0.0189168
179.208318	0.0190542
179.224150	0.0177474
179.239984	0.0182746
179.255817	0.0185403
179.271652	0.0195406
179.287487	0.0191868
179.303323	0.0195761
179.319160	0.0190827
179.334997	0.0176999
179.350835	0.0189979
179.366674	0.0192369
179.382513	0.0195648
179.398354	0.0198745
179.414194	0.0182018
179.430036	0.0188065
179.445878	0.0176460
179.461721	0.0195868
179.477565	0.0191719
179.493409	0.0190247
179.509254	0.0191022
179.525100	0.0190369
179.540947	0.0182810
179.556794	0.0188809
179.572642	0.0189970
179.588490	0.0186477
179.604340	0.0200595
179.620189	0.0187541
179.636040	0.0200272
179.651892	0.0199604
179.667744	0.0197490
179.683596	0.0188276
179.699450	0.0177756
179.715304	0.0191822
179.731159	0.0200765
179.747015	0.0187247
179.762871	0.0190472
179.778728	0.0189773
179.794586	0.0194860
179.810444	0.0203351
179.826303	0.0195104
179.842163	0.0188784
179.858024	0.0201735
179.873885	0.0198900
179.889747	0.0193320
179.905609	0.0215827
179.921473	0.0197638
179.937337	0.0188711
179.953202	0.0203946
179.969067	0.0183056
179.984933	0.0197993
180.000800	0.0189052
180.016668	0.0202833
180.032536	0.0195959
180.048405	0.0189417
180.064274	0.0189106
180.080145	0.0184046
180.096016	0.0201617
180.111888	0.0182417
180.127760	0.0180390
180.143633	0.0205381
180.159507	0.0191560
180.175382	0.0190016
180.191257	0.0187314
180.207133	0.0189100
180.223010	0.0186988
180.238887	0.0192487
180.254765	0.0192945
180.270644	0.0195289
180.286523	0.0168188
180.302404	0.0192653
180.318284	0.0199837
180.334166	0.0192199
180.350048	0.0189301
180.365931	0.0184569
180.381815	0.0207163
180.397700	0.0192570
180.413585	0.0186480
180.429470	0.0192719
180.445357	0.0201493
180.461244	0.0199812
180.477132	0.0182379
180.493021	0.0184260
180.508910	0.0190490
180.524800	0.0177873
180.540691	0.0185889
180.556582	0.0188080
180.572474	0.0201724
180.588367	0.0186012
180.604261	0.0189700
180.620155	0.0199155
180.636050	0.0185321
180.651946	0.0195333
180.667842	0.0183515
180.683739	0.0182084
180.699637	0.0183965
180.715535	0.0190429
180.731434	0.0197423
180.747334	0.0196400
180.763235	0.0193848
180.779136	0.0207983
180.795038	0.0210734
180.810941	0.0221328
180.826844	0.0229530
180.842748	0.0228213
180.858653	0.0236606
180.874558	0.0226548
180.890465	0.0233118
180.906371	0.0220383
180.922279	0.0222790
180.938187	0.0216565
180.954096	0.0203567
180.970006	0.0211199
180.985916	0.0205534
181.001828	0.0203971
181.017739	0.0194202
181.033652	0.0182245
181.049565	0.0180652
181.065479	0.0185141
181.081394	0.0198481
181.097309	0.0200442
181.113225	0.0177629
181.129142	0.0189322
181.145059	0.0192990
181.160977	0.0181998
181.176896	0.0207789
181.192815	0.0179534
181.208736	0.0203277
181.224657	0.0191058
181.240578	0.0183527
181.256501	0.0186893
181.272424	0.0189021
181.288347	0.0174982
181.304272	0.0196719
181.320197	0.0186180
181.336123	0.0196059
181.352049	0.0199121
181.367977	0.0185035
181.383905	0.0182796
181.399833	0.0188660
181.415763	0.0188303
181.431693	0.0181012
181.447623	0.0180517
181.463555	0.0179437
181.479487	0.0182911
181.495420	0.0190254
181.511354	0.0181585
181.527288	0.0185324
181.543223	0.0177086
181.559159	0.0186373
181.575095	0.0191199
181.591032	0.0198221
181.606970	0.0190637
181.622908	0.0202540
181.638847	0.0231435
181.654787	0.0246743
181.670728	0.0304462
181.686669	0.0309513
181.702611	0.0363127
181.718554	0.0407346
181.734497	0.0413390
181.750442	0.0441243
181.766386	0.0448311
181.782332	0.0414846
181.798278	0.0414097
181.814225	0.0377670
181.830173	0.0334162
181.846121	0.0311105
181.862070	0.0286359
181.878020	0.0265205
181.893970	0.0240883
181.909921	0.0224946
181.925873	0.0205469
181.941826	0.0191258
181.957779	0.0197005
181.973733	0.0195826
181.989688	0.0176427
182.005643	0.0193023
182.021599	0.0197822
182.037556	0.0189599
182.053513	0.0189879
182.069471	0.0184045
182.085430	0.0184670
182.101390	0.0200022
182.117350	0.0187196
182.133311	0.0190838
182.149273	0.0193736
182.165235	0.0195870
182.181198	0.0197890
182.197162	0.0188274
182.213126	0.0190989
182.229092	0.0205108
182.245057	0.0185896
182.261024	0.0196125
182.276991	0.0194791
182.292959	0.0197583
182.308928	0.0181215
182.324897	0.0202465
182.340867	0.0198862
182.356838	0.0187788
182.372810	0.0204277
182.388782	0.0179923
182.404755	0.0184300
182.420729	0.0190361
182.436703	0.0176189
182.452678	0.0178541
182.468654	0.0188327
182.484630	0.0194672
182.500607	0.0191835
182.516585	0.0193461
182.532563	0.0183493
182.548543	0.0189991
182.564523	0.0187771
182.580503	0.0193194
182.596485	0.0187095
182.612467	0.0196057
182.628449	0.0184298
182.644433	0.0190531
182.660417	0.0186077
182.676402	0.0181230
182.692387	0.0188541
182.708374	0.0188049
182.724361	0.0195694
182.740348	0.0201920
182.756337	0.0188288
182.772326	0.0182350
182.788316	0.0183095
182.804306	0.0178216
182.820297	0.0179232
182.836289	0.0186472
182.852282	0.0182473
182.868275	0.0188596
182.884269	0.0188155
182.900264	0.0178799
182.916259	0.0192561
182.932255	0.0187506
182.948252	0.0198031
182.964249	0.0195264
182.980248	0.0182495
182.996246	0.0180775
183.012246	0.0188321
183.028246	0.0194085
183.044247	0.0205998
183.060249	0.0183283
183.076251	0.0206460
183.092255	0.0183705
183.108258	0.0183545
183.124263	0.0188129
183.140268	0.0191327
183.156274	0.0179633
183.172281	0.0178692
183.188288	0.0182811
183.204296	0.0193188
183.220305	0.0181071
183.236314	0.0191482
183.252324	0.0188696
183.268335	0.0189383
183.284347	0.0203418
183.300359	0.0181750
183.316372	0.0187102
183.332386	0.0196684
183.348400	0.0182605
183.364415	0.0197703
183.380431	0.0178624
183.396447	0.0190570
183.412464	0.0193733
183.428482	0.0179700
183.444501	0.0187455
183.460520	0.0187377
183.476540	0.0189984
183.492561	0.0181813
183.508582	0.0192352
183.524604	0.0190336
183.540627	0.0191459
183.556650	0.0187468
183.572675	0.0200444
183.588700	0.0183580
183.604725	0.0186602
183.620751	0.0171179
183.636778	0.0179640
183.652806	0.0203152
183.668834	0.0187731
183.684864	0.0192285
183.700893	0.0195195
183.716924	0.0179767
183.732955	0.0201742
183.748987	0.0188570
183.765020	0.0191317
183.781053	0.0176239
183.797087	0.0183001
183.813122	0.0179322
183.829157	0.0189300
183.845193	0.0202461
183.861230	0.0181701
183.877268	0.0188255
183.893306	0.0182122
183.909345	0.0180310
183.925384	0.0189942
183.941425	0.0189006
183.957466	0.0181285
183.973508	0.0178998
183.989550	0.0198379
184.005593	0.0187376
184.021637	0.0179663
184.037682	0.0185453
184.053727	0.0195820
184.069773	0.0182559
184.085819	0.0175474
184.101867	0.0190068
184.117915	0.0183867
184.133964	0.0187374
184.150013	0.0197854
184.166063	0.0194284
184.182114	0.0196301
184.198166	0.0204603
184.214218	0.0179434
184.230271	0.0179092
184.246325	0.0182631
184.262379	0.0171870
184.278434	0.0192444
184.294490	0.0190078
184.310546	0.0188353
184.326604	0.0183965
184.342662	0.0189992
184.358720	0.0185770
184.374779	0.0192670
184.390840	0.0183722
184.406900	0.0190311
184.422962	0.0181862
184.439024	0.0206668
184.455087	0.0193142
184.471150	0.0173799
184.487214	0.0183149
184.503279	0.0199506
184.519345	0.0184639
184.535411	0.0202203
184.551478	0.0198975
184.567546	0.0181742
184.583614	0.0179425
184.599684	0.0191076
184.615753	0.0187971
184.631824	0.0181736
184.647895	0.0195606
184.663967	0.0186603
184.680040	0.0204865
184.696113	0.0189419
184.712187	0.0215726
184.728262	0.0218502
184.744337	0.0225299
184.760414	0.0256669
184.776490	0.0256266
184.792568	0.0279180
184.808646	0.0273747
184.824725	0.0282455
184.840805	0.0272411
184.856885	0.0273647
184.872966	0.0255179
184.889048	0.0251221
184.905131	0.0239584
184.921214	0.0227915
184.937298	0.0202860
184.953382	0.0204268
184.969468	0.0210148
184.985554	0.0193263
185.001640	0.0194079
185.017728	0.0200618
185.033816	0.0200315
185.049905	0.0193676
185.065994	0.0188887
185.082084	0.0178834
185.098175	0.0197785
185.114267	0.0184959
185.130359	0.0184823
185.146452	0.0187384
185.162546	0.0182267
185.178640	0.0194255
185.194735	0.0181500
185.210831	0.0180822
185.226928	0.0199048
185.243025	0.0182159
185.259123	0.0175060
185.275222	0.0194542
185.291321	0.0176632
185.307421	0.0193212
185.323522	0.0178931
185.339623	0.0191603
185.355725	0.0189237
185.371828	0.0188340
185.387932	0.0181016
185.404036	0.0201649
185.420141	0.0183555
185.436247	0.0200385
185.452353	0.0187142
185.468460	0.0187830
185.484568	0.0193984
185.500676	0.0184579
185.516786	0.0184777
185.532895	0.0186203
185.549006	0.0179498
185.565117	0.0183944
185.581229	0.0190162
185.597342	0.0183080
185.613455	0.0183844
185.629569	0.0182842
185.645684	0.0178329
185.661800	0.0194312
185.677916	0.0186700
185.694033	0.0173527
185.710150	0.0184563
185.726269	0.0192483
185.742388	0.0187856
185.758508	0.0200452
185.774628	0.0187418
185.790749	0.0187042
185.806871	0.0197760
185.822993	0.0183945
185.839117	0.0187645
185.855241	0.0180581
185.871365	0.0191712
185.887491	0.0175822
185.903617	0.0196221
185.919743	0.0177841
185.935871	0.0182080
185.951999	0.0210477
185.968128	0.0201615
185.984257	0.0189618
186.000388	0.0183052
186.016518	0.0188323
186.032650	0.0176083
186.048782	0.0189132
186.064916	0.0169246
186.081049	0.0200218
186.097184	0.0177851
186.113319	0.0185710
186.129455	0.0192343
186.145591	0.0189945
186.161729	0.0180392
186.177867	0.0188384
186.194005	0.0188624
186.210145	0.0193494
186.226285	0.0172784
186.242426	0.0175872
186.258567	0.0194420
186.274709	0.0175067
186.290852	0.0192010
186.306996	0.0176778
186.323140	0.0178956
186.339285	0.0183162
186.355431	0.0194022
186.371577	0.0187136
186.387724	0.0190751
186.403872	0.0185675
186.420021	0.0201739
186.436170	0.0180808
186.452320	0.0189978
186.468470	0.0191533
186.484622	0.0182395
186.500774	0.0201513
186.516926	0.0178532
186.533080	0.0194692
186.549234	0.0177274
186.565389	0.0178104
186.581544	0.0179492
186.597700	0.0173477
186.613857	0.0183292
186.630015	0.0177801
186.646173	0.0187109
186.662332	0.0191446
186.678492	0.0187780
186.694653	0.0183398
186.710814	0.0182356
186.726976	0.0187455
186.743138	0.0184706
186.759302	0.0194655
186.775465	0.0181021
186.791630	0.0193443
186.807796	0.0190954
186.823962	0.0170784
186.840128	0.0195206
186.856296	0.0183595
186.872464	0.0185701
186.888633	0.0198139
186.904802	0.0189179
186.920973	0.0188471
186.937144	0.0204192
186.953315	0.0177523
186.969488	0.0188267
186.985661	0.0185043
187.001835	0.0185847
187.018009	0.0197867
187.034184	0.0182473
187.050360	0.0188304
187.066537	0.0186154
187.082714	0.0182777
187.098892	0.0194233
187.115071	0.0188712
187.131250	0.0189392
187.147430	0.0180446
187.163611	0.0180383
187.179793	0.0194528
187.195975	0.0179640
187.212158	0.0171571
187.228342	0.0196254
187.244526	0.0172204
187.260711	0.0177546
187.276897	0.0188792
187.293083	0.0194159
187.309270	0.0169077
187.325458	0.0189518
187.341647	0.0198847
187.357836	0.0186753
187.374026	0.0190326
187.390217	0.0182718
187.406408	0.0188994
187.422600	0.0190517
187.438793	0.0190637
187.454986	0.0170664
187.471180	0.0183851
187.487375	0.0189233
187.503571	0.0184120
187.519767	0.0176625
187.535964	0.0172997
187.552162	0.0187695
187.568360	0.0173863
187.584559	0.0200093
187.600759	0.0194509
187.616960	0.0190957
187.633161	0.0190124
187.649363	0.0184516
187.665565	0.0186942
187.681768	0.0193351
187.697972	0.0189384
187.714177	0.0187217
187.730383	0.0187655
187.746589	0.0183402
187.762796	0.0185601
187.779003	0.0193587
187.795211	0.0183281
187.811420	0.0192689
187.827630	0.0179550
187.843840	0.0176584
187.860051	0.0182611
187.876263	0.0194547
187.892475	0.0197554
187.908688	0.0182266
187.924902	0.0186545
187.941117	0.0183566
187.957332	0.0182404
187.973548	0.0184479
187.989765	0.0175796
188.005982	0.0189911
188.022200	0.0178586
188.038419	0.0172230
188.054638	0.0186568
188.070858	0.0198345
188.087079	0.0198397
188.103301	0.0180878
188.119523	0.0190416
188.135746	0.0178479
188.151970	0.0186802
188.168194	0.0178752
188.184419	0.0180764
188.200645	0.0181242
188.216871	0.0184607
188.233099	0.0185963
188.249326	0.0190336
188.265555	0.0198784
188.281784	0.0191297
188.298014	0.0165853
188.314245	0.0185819
188.330476	0.0181634
188.346708	0.0180348
188.362941	0.0179741
188.379175	0.0184625
188.395409	0.0180198
188.411644	0.0194536
188.427880	0.0189880
188.444116	0.0184380
188.460353	0.0185984
188.476591	0.0185608
188.492829	0.0194250
188.509068	0.0189486
188.525308	0.0175562
188.541548	0.0185326
188.557790	0.0174404
188.574032	0.0188888
188.590274	0.0180026
188.606518	0.0189615
188.622762	0.0194907
188.639006	0.0187292
188.655252	0.0187700
188.671498	0.0189376
188.687745	0.0192314
188.703992	0.0207725
188.720241	0.0216767
188.736490	0.0230475
188.752739	0.0213018
188.768990	0.0216410
188.785241	0.0217755
188.801492	0.0226309
188.817745	0.0214376
188.833998	0.0213886
188.850252	0.0211367
188.866506	0.0198711
188.882762	0.0205754
188.899018	0.0207678
188.915274	0.0193979
188.931532	0.0174160
188.947790	0.0174269
188.964049	0.0191085
188.980308	0.0194271
188.996568	0.0189543
189.012829	0.0184435
189.029091	0.0185203
189.045353	0.0180707
189.061616	0.0198226
189.077880	0.0175962
189.094144	0.0179770
189.110409	0.0185317
189.126675	0.0191911
189.142942	0.0189343
189.159209	0.0189726
189.175477	0.0182276
189.191745	0.0180013
189.208015	0.0187041
189.224285	0.0182111
189.240555	0.0178239
189.256827	0.0188564
189.273099	0.0195573
189.289372	0.0186926
189.305645	0.0180523
189.321920	0.0183662
189.338195	0.0182060
189.354470	0.0184402
189.370747	0.0190858
189.387024	0.0195819
189.403301	0.0190075
189.419580	0.0186972
189.435859	0.0194190
189.452139	0.0176836
189.468419	0.0178541
189.484701	0.0177513
189.500983	0.0183258
189.517265	0.0180685
189.533549	0.0185427
189.549833	0.0188504
189.566118	0.0195576
189.582403	0.0197118
189.598689	0.0180984
189.614976	0.0177693
189.631264	0.0182082
189.647552	0.0188877
189.663841	0.0195054
189.680131	0.0189439
189.696421	0.0186519
189.712712	0.0179160
189.729004	0.0190873
189.745296	0.0181458
189.761590	0.0172565
189.777884	0.0181959
189.794178	0.0177237
189.810474	0.0186218
189.826770	0.0181500
189.843066	0.0181711
189.859364	0.0193552
189.875662	0.0169931
189.891961	0.0192533
189.908260	0.0185091
189.924560	0.0200514
189.940861	0.0186305
189.957163	0.0178654
189.973465	0.0175333
189.989768	0.0174485
190.006072	0.0176059
190.022377	0.0187379
190.038682	0.0184260
190.054988	0.0182932
190.071294	0.0178783
190.087601	0.0169262
190.103909	0.0174718
190.120218	0.0186720
190.136527	0.0184629
190.152837	0.0181632
190.169148	0.0167509
190.185460	0.0185878
190.201772	0.0184593
190.218085	0.0192870
190.234398	0.0170059
190.250712	0.0175465
190.267027	0.0188815
190.283343	0.0175961
190.299660	0.0178207
190.315977	0.0186377
190.332294	0.0188075
190.348613	0.0185775
190.364932	0.0178522
190.381252	0.0175408
190.397573	0.0174773
190.413894	0.0186479
190.430216	0.0185970
190.446539	0.0192121
190.462862	0.0195369
190.479186	0.0203332
190.495511	0.0197439
190.511836	0.0211143
190.528163	0.0229699
190.544490	0.0261529
190.560817	0.0282763
190.577146	0.0347415
190.593475	0.0382187
190.609804	0.0428246
190.626135	0.0434818
190.642466	0.0441689
190.658798	0.0440963
190.675130	0.0419178
190.691463	0.0403237
190.707797	0.0382690
190.724132	0.0360180
190.740467	0.0327027
190.756803	0.0282525
190.773140	0.0264574
190.789478	0.0243539
190.805816	0.0215323
190.822155	0.0206830
190.838494	0.0201040
190.854835	0.0190224
190.871176	0.0195197
190.887517	0.0191057
190.903860	0.0172251
190.920203	0.0184704
190.936546	0.0172305
190.952891	0.0191400
190.969236	0.0183975
190.985582	0.0179741
191.001929	0.0172067
191.018276	0.0172544
191.034624	0.0179671
191.050973	0.0190624
191.067322	0.0179048
191.083672	0.0189796
191.100023	0.0180350
191.116374	0.0190026
191.132727	0.0175186
191.149079	0.0182566
191.165433	0.0177078
191.181787	0.0176338
191.198142	0.0165008
191.214498	0.0193000
191.230855	0.0177090
191.247212	0.0180971
191.263569	0.0171457
191.279928	0.0191081
191.296287	0.0180952
191.312647	0.0188511
191.329008	0.0180289
191.345369	0.0173839
191.361731	0.0187284
191.378094	0.0176655
191.394457	0.0183227
191.410822	0.0172231
191.427186	0.0184655
191.443552	0.0168920
191.459918	0.0181973
191.476285	0.0182024
191.492653	0.0181735
191.509021	0.0186333
191.525390	0.0176617
191.541760	0.0190720
191.558130	0.0181355
191.574502	0.0186511
191.590874	0.0178924
191.607246	0.0189747
191.623619	0.0187477
191.639993	0.0181912
191.656368	0.0176186
191.672743	0.0172561
191.689120	0.0196120
191.705496	0.0191470
191.721874	0.0174040
191.738252	0.0180384
191.754631	0.0178582
191.771010	0.0185790
191.787391	0.0185728
191.803772	0.0190602
191.820153	0.0166576
191.836536	0.0190472
191.852919	0.0191434
191.869303	0.0185360
191.885687	0.0179198
191.902073	0.0174142
191.918458	0.0185122
191.934845	0.0181159
191.951232	0.0175117
191.967620	0.0178788
191.984009	0.0179939
192.000399	0.0189326
192.016789	0.0181035
192.033180	0.0179296
192.049571	0.0161278
192.065963	0.0179012
192.082356	0.0177461
192.098750	0.0204539
192.115144	0.0185248
192.131539	0.0184780
192.147935	0.0183475
192.164332	0.0188011
192.180729	0.0175943
192.197127	0.0175209
192.213525	0.0200442
192.229924	0.0180555
192.246324	0.0180611
192.262725	0.0174837
192.279126	0.0179986
192.295529	0.0185428
192.311931	0.0186003
192.328335	0.0179099
192.344739	0.0183475
192.361144	0.0181674
192.377549	0.0168908
192.393956	0.0188655
192.410363	0.0177507
192.426770	0.0194394
192.443179	0.0169920
192.459588	0.0201175
192.475998	0.0184074
192.492408	0.0180705
192.508820	0.0177313
192.525231	0.0169095
192.541644	0.0194500
192.558057	0.0181633
192.574471	0.0161931
192.590886	0.0182868
192.607302	0.0187607
192.623718	0.0182107
192.640134	0.0174556
192.656552	0.0172975
192.672970	0.0184802
192.689389	0.0176982
192.705809	0.0190316
192.722229	0.0176791
192.738650	0.0194187
192.755072	0.0179899
192.771494	0.0177690
192.787918	0.0177671
192.804341	0.0178224
192.820766	0.0177779
192.837191	0.0173074
192.853617	0.0195370
192.870044	0.0181923
192.886471	0.0181471
192.902899	0.0175840
192.919328	0.0179938
192.935757	0.0189190
192.952188	0.0174742
192.968619	0.0178780
192.985050	0.0188166
193.001482	0.0191546
193.017915	0.0178789
193.034349	0.0168037
193.050783	0.0181072
193.067219	0.0179346
193.083654	0.0181322
193.100091	0.0181527
193.116528	0.0170956
193.132966	0.0169764
193.149405	0.0170191
193.165844	0.0177532
193.182284	0.0164173
193.198725	0.0174747
193.215166	0.0181529
193.231608	0.0176528
193.248051	0.0179645
193.264494	0.0178602
193.280939	0.0182003
193.297384	0.0180991
193.313829	0.0192282
193.330276	0.0196650
193.346723	0.0190806
193.363170	0.0179115
193.379619	0.0162743
193.396068	0.0176387
193.412518	0.0175150
193.428968	0.0174831
193.445419	0.0186756
193.461871	0.0182872
193.478324	0.0171647
193.494777	0.0186616
193.511231	0.0185811
193.527686	0.0174129
193.544142	0.0188024
193.560598	0.0176770
193.577055	0.0186386
193.593512	0.0191758
193.609971	0.0179649
193.626430	0.0178383
193.642889	0.0159373
193.659350	0.0176743
193.675811	0.0188823
193.692272	0.0187258
193.708735	0.0182804
193.725198	0.0173586
193.741662	0.0186593
193.758127	0.0179850
193.774592	0.0169911
193.791058	0.0181019
193.807525	0.0187767
193.823992	0.0181116
193.840460	0.0184454
193.856929	0.0182925
193.873398	0.0185058
193.889869	0.0173882
193.906340	0.0179739
193.922811	0.0180874
193.939283	0.0182786
193.955756	0.0188398
193.972230	0.0185629
193.988705	0.0182639
194.005180	0.0191442
194.021656	0.0176812
194.038132	0.0178435
194.054609	0.0172006
194.071087	0.0189442
194.087566	0.0178165
194.104045	0.0178788
194.120525	0.0192501
194.137006	0.0192368
194.153488	0.0171901
194.169970	0.0177247
194.186453	0.0188232
194.202936	0.0168442
194.219420	0.0173798
194.235905	0.0175583
194.252391	0.0170960
194.268877	0.0180422
194.285364	0.0174644
194.301852	0.0169041
194.318341	0.0188038
194.334830	0.0174055
194.351320	0.0178256
194.367810	0.0179408
194.384302	0.0182998
194.400794	0.0181898
194.417286	0.0185738
194.433780	0.0183797
194.450274	0.0183529
194.466768	0.0178187
194.483264	0.0189378
194.499760	0.0170740
194.516257	0.0187589
194.532755	0.0183498
194.549253	0.0178561
194.565752	0.0168337
194.582252	0.0179355
194.598752	0.0174636
194.615253	0.0185710
194.631755	0.0177990
194.648258	0.0182912
194.664761	0.0173926
194.681265	0.0188229
194.697769	0.0176817
194.714275	0.0187465
194.730781	0.0167358
194.747287	0.0174813
194.763795	0.0172098
194.780303	0.0186380
194.796812	0.0195616
194.813321	0.0182745
194.829832	0.0181727
194.846343	0.0182139
194.862854	0.0168642
194.879367	0.0189761
194.895880	0.0185623
194.912393	0.0184458
194.928908	0.0187381
194.945423	0.0185418
194.961939	0.0193386
194.978455	0.0186078
194.994973	0.0188027
195.011491	0.0185731
195.028009	0.0182802
195.044529	0.0190193
195.061049	0.0180861
195.077570	0.0174662
195.094091	0.0186098
195.110613	0.0173327
195.127136	0.0167593
195.143660	0.0175838
195.160184	0.0180337
195.176709	0.0179810
195.193235	0.0175810
195.209761	0.0193589
195.226288	0.0174438
195.242816	0.0178487
195.259345	0.0187239
195.275874	0.0172748
195.292404	0.0193725
195.308934	0.0188340
195.325466	0.0183818
195.341998	0.0179891
195.358530	0.0184038
195.375064	0.0186545
195.391598	0.0195630
195.408133	0.0189026
195.424668	0.0192596
195.441205	0.0173483
195.457742	0.0170935
195.474279	0.0184143
195.490818	0.0177633
195.507357	0.0182127
195.523896	0.0165214
195.540437	0.0175396
195.556978	0.0173404
195.573520	0.0180597
195.590062	0.0174175
195.606606	0.0175437
195.623150	0.0192822
195.639694	0.0176342
195.656240	0.0196812
195.672786	0.0175967
195.689332	0.0179734
195.705880	0.0190764
195.722428	0.0167391
195.738977	0.0166049
195.755527	0.0190496
195.772077	0.0180083
195.788628	0.0179622
195.805180	0.0191942
195.821732	0.0171786
195.838285	0.0165718
195.854839	0.0175757
195.871393	0.0182397
195.887948	0.0173335
195.904504	0.0172015
195.921061	0.0176282
195.937618	0.0187674
195.954176	0.0171018
195.970735	0.0176439
195.987294	0.0184242
196.003855	0.0189554
196.020415	0.0179168
196.036977	0.0188288
196.053539	0.0182785
196.070102	0.0183465
196.086666	0.0183027
196.103230	0.0177163
196.119795	0.0179257
196.136361	0.0185263
196.152927	0.0201800
196.169494	0.0175706
196.186062	0.0178448
196.202631	0.0187406
196.219200	0.0195073
196.235770	0.0184262
196.252341	0.0167242
196.268912	0.0169719
196.285484	0.0182322
196.302057	0.0169745
196.318630	0.0187218
196.335204	0.0178429
196.351779	0.0185693
196.368355	0.0174677
196.384931	0.0169722
196.401508	0.0181509
196.418086	0.0185038
196.434664	0.0184708
196.451243	0.0180197
196.467823	0.0172468
196.484404	0.0176887
196.500985	0.0168302
196.517567	0.0178478
196.534149	0.0180736
196.550732	0.0187170
196.567316	0.0192386
196.583901	0.0184671
196.600487	0.0191876
196.617073	0.0185471
196.633660	0.0185973
196.650247	0.0180280
196.666835	0.0193643
196.683424	0.0226519
196.700014	0.0253455
196.716604	0.0307891
196.733195	0.0417323
196.749787	0.0571512
196.766379	0.0775970
196.782972	0.1016444
196.799566	0.1257108
196.816161	0.1498215
196.832756	0.1730754
196.849352	0.1799642
196.865949	0.1827703
196.882546	0.1718685
196.899144	0.1636496
196.915743	0.1430159
196.932342	0.1248092
196.948942	0.1052609
196.965543	0.0871332
196.982145	0.0707514
196.998747	0.0543934
197.015350	0.0424182
197.031954	0.0341364
197.048558	0.0283344
197.065163	0.0234520
197.081769	0.0208047
197.098375	0.0197929
197.114982	0.0184485
197.131590	0.0187178
197.148199	0.0169469
197.164808	0.0192605
197.181418	0.0179801
197.198029	0.0166947
197.214640	0.0189141
197.231252	0.0180808
197.247865	0.0174822
197.264479	0.0172159
197.281093	0.0177086
197.297708	0.0185512
197.314323	0.0173180
197.330940	0.0169970
197.347557	0.0180256
197.364174	0.0168980
197.380793	0.0183636
197.397412	0.0188549
197.414032	0.0185099
197.430652	0.0189381
197.447274	0.0168843
197.463895	0.0181045
197.480518	0.0181482
197.497141	0.0173240
197.513766	0.0178319
197.530390	0.0174578
197.547016	0.0193068
197.563642	0.0182265
197.580269	0.0182298
197.596896	0.0173474
197.613524	0.0187340
197.630153	0.0176995
197.646783	0.0171802
197.663413	0.0189532
197.680044	0.0170714
197.696676	0.0174173
197.713309	0.0185093
197.729942	0.0177069
197.746576	0.0194817
197.763210	0.0178406
197.779846	0.0183057
197.796482	0.0185091
197.813118	0.0180488
197.829756	0.0189344
197.846394	0.0174481
197.863033	0.0183151
197.879672	0.0191885
197.896312	0.0187519
197.912953	0.0191353
197.929595	0.0202298
197.946237	0.0177375
197.962880	0.0192608
197.979524	0.0193471
197.996168	0.0176227
198.012813	0.0175115
198.029459	0.0171722
198.046106	0.0191818
198.062753	0.0181735
198.079401	0.0176235
198.096049	0.0175535
198.112699	0.0179252
198.129349	0.0180338
198.145999	0.0173218
198.162651	0.0174236
198.179303	0.0185625
198.195956	0.0180641
198.212609	0.0171090
198.229264	0.0179290
198.245918	0.0180930
198.262574	0.0179122
198.279230	0.0179988
198.295888	0.0180470
198.312545	0.0156476
198.329204	0.0161011
198.345863	0.0180783
198.362523	0.0169454
198.379183	0.0188355
198.395845	0.0175726
198.412507	0.0189429
198.429169	0.0179102
198.445833	0.0174599
198.462497	0.0183278
198.479161	0.0171157
198.495827	0.0185743
198.512493	0.0183383
198.529160	0.0182364
198.545828	0.0179427
198.562496	0.0181345
198.579165	0.0172938
198.595834	0.0183420
198.612505	0.0182424
198.629176	0.0184566
198.645848	0.0177241
198.662520	0.0186135
198.679193	0.0165175
198.695867	0.0165442
198.712542	0.0179046
198.729217	0.0176583
198.745893	0.0204385
198.762570	0.0179552
198.779247	0.0192219
198.795926	0.0194712
198.812604	0.0211153
198.829284	0.0207796
198.845964	0.0214211
198.862645	0.0214238
198.879327	0.0203074
198.896009	0.0208204
198.912692	0.0209939
198.929376	0.0204340
198.946060	0.0205106
198.962745	0.0189808
198.979431	0.0177409
198.996118	0.0193324
199.012805	0.0190391
199.029493	0.0173225
199.046182	0.0183485
199.062871	0.0186717
199.079561	0.0179770
199.096252	0.0179153
199.112943	0.0173879
199.129636	0.0157452
199.146328	0.0178234
199.163022	0.0184586
199.179716	0.0173552
199.196411	0.0181369
199.213107	0.0181241
199.229803	0.0196390
199.246500	0.0169175
199.263198	0.0183086
199.279897	0.0172344
199.296596	0.0168903
199.313296	0.0177890
199.329996	0.0169961
199.346698	0.0178317
199.363400	0.0183773
199.380102	0.0191057
199.396806	0.0182182
199.413510	0.0172741
199.430215	0.0176760
199.446920	0.0171107
199.463626	0.0165495
199.480333	0.0156145
199.497041	0.0167287
199.513749	0.0189707
199.530458	0.0180531
199.547168	0.0175478
199.563878	0.0187068
199.580590	0.0181283
199.597301	0.0180529
199.614014	0.0174119
199.630727	0.0182413
199.647441	0.0164514
199.664156	0.0172324
199.680871	0.0182944
199.697587	0.0173998
199.714304	0.0192266
199.731021	0.0192064
199.747740	0.0163566
199.764458	0.0188048
199.781178	0.0177195
199.797898	0.0185991
199.814619	0.0167023
199.831341	0.0166952
199.848063	0.0175947
199.864786	0.0176920
199.881510	0.0176800
199.898235	0.0183464
199.914960	0.0180928
199.931686	0.0168464
199.948412	0.0169876
199.965139	0.0165006
199.981867	0.0176535
199.998596	0.0178941
200.015326	0.0180453
200.032056	0.0177054
200.048786	0.0177815
200.065518	0.0178119
200.082250	0.0183180
200.098983	0.0177596
200.115717	0.0179288
200.132451	0.0181069
200.149186	0.0166846
200.165922	0.0186044
200.182658	0.0166006
200.199395	0.0176480
200.216133	0.0167796
200.232872	0.0177935
200.249611	0.0169442
200.266351	0.0177558
200.283091	0.0184471
200.299833	0.0172282
200.316575	0.0176005
200.333318	0.0181361
200.350061	0.0170382
200.366805	0.0174766
200.383550	0.0180140
200.400296	0.0176144
200.417042	0.0179056
200.433789	0.0183332
200.450536	0.0171497
200.467285	0.0185300
200.484034	0.0172765
200.500784	0.0184555
200.517534	0.0193256
200.534285	0.0176153
200.551037	0.0182352
200.567790	0.0175171
200.584543	0.0178181
200.601297	0.0167726
200.618052	0.0177611
200.634807	0.0168298
200.651563	0.0181566
200.668320	0.0178791
200.685077	0.0171901
200.701836	0.0170615
200.718594	0.0174743
200.735354	0.0172386
200.752114	0.0188240
200.768875	0.0180512
200.785637	0.0175721
200.802400	0.0176569
200.819163	0.0186419
200.835926	0.0166280
200.852691	0.0182424
200.869456	0.0182914
200.886222	0.0182484
200.902989	0.0181499
200.919756	0.0172701
200.936524	0.0174375
200.953293	0.0178195
200.970062	0.0181083
200.986832	0.0178111
201.003603	0.0172617
201.020375	0.0191811
201.037147	0.0179616
201.053920	0.0162001
201.070694	0.0167884
201.087468	0.0180197
201.104243	0.0175869
201.121019	0.0174093
201.137795	0.0173171
201.154572	0.0165237
201.171350	0.0177069
201.188129	0.0169345
201.204908	0.0181118
201.221688	0.0182389
201.238469	0.0167040
201.255250	0.0168491
201.272032	0.0169291
201.288815	0.0183468
201.305598	0.0184312
201.322383	0.0162247
201.339167	0.0179293
201.355953	0.0167484
201.372739	0.0179823
201.389526	0.0165554
201.406314	0.0172713
201.423102	0.0163473
201.439892	0.0180478
201.456681	0.0189976
201.473472	0.0179720
201.490263	0.0175976
201.507055	0.0165189
201.523848	0.0185630
201.540641	0.0169473
201.557435	0.0177635
201.574230	0.0166303
201.591025	0.0175521
201.607821	0.0180375
201.624618	0.0190065
201.641415	0.0178095
201.658214	0.0168535
201.675013	0.0179016
201.691812	0.0173072
201.708613	0.0187296
201.725414	0.0179938
201.742215	0.0185939
201.759018	0.0184620
201.775821	0.0171278
201.792625	0.0180617
201.809429	0.0174709
201.826235	0.0179364
201.843041	0.0172670
201.859847	0.0180853
201.876655	0.0172968
201.893463	0.0178662
201.910271	0.0193691
201.927081	0.0165916
201.943891	0.0177283
201.960702	0.0179052
201.977514	0.0177231
201.994326	0.0167204
202.011139	0.0176643
202.027953	0.0181040
202.044767	0.0192601
202.061582	0.0166201
202.078398	0.0168300
202.095214	0.0170145
202.112031	0.0175539
202.128849	0.0174640
202.145668	0.0169621
202.162487	0.0186374
202.179307	0.0171429
202.196128	0.0170551
202.212949	0.0176389
202.229772	0.0180966
202.246594	0.0178345
202.263418	0.0180757
202.280242	0.0165885
202.297067	0.0169707
202.313893	0.0179500
202.330719	0.0176732
202.347546	0.0159621
202.364374	0.0175794
202.381202	0.0186152
202.398031	0.0171393
202.414861	0.0178045
202.431692	0.0180363
202.448523	0.0159345
202.465355	0.0169920
202.482188	0.0166736
202.499021	0.0183066
202.515855	0.0176456
202.532690	0.0168878
202.549525	0.0181667
202.566361	0.0192069
202.583198	0.0175504
202.600036	0.0166849
202.616874	0.0182039
202.633713	0.0166544
202.650553	0.0180642
202.667393	0.0186306
202.684234	0.0172895
202.701076	0.0164191
202.717918	0.0167163
202.734762	0.0170740
202.751605	0.0186251
202.768450	0.0179951
202.785295	0.0178289
202.802141	0.0175610
202.818988	0.0165332
202.835835	0.0183065
202.852683	0.0170157
202.869532	0.0174421
202.886382	0.0169998
202.903232	0.0178736
202.920083	0.0165176
202.936935	0.0168227
202.953787	0.0177715
202.970640	0.0188253
202.987494	0.0180760
203.004348	0.0174152
203.021203	0.0164021
203.038059	0.0179972
203.054915	0.0174519
203.071773	0.0184257
203.088631	0.0177975
203.105489	0.0167224
203.122349	0.0174503
203.139209	0.0174531
203.156069	0.0174937
203.172931	0.0167910
203.189793	0.0174445
203.206656	0.0175015
203.223519	0.0181660
203.240384	0.0163126
203.257249	0.0173717
203.274114	0.0174529
203.290981	0.0174145
203.307848	0.0159169
203.324716	0.0165464
203.341584	0.0172866
203.358453	0.0169143
203.375323	0.0169211
203.392194	0.0176857
203.409065	0.0172002
203.425937	0.0165032
203.442810	0.0182581
203.459683	0.0172079
203.476557	0.0163370
203.493432	0.0169141
203.510307	0.0175193
203.527184	0.0163865
203.544060	0.0189165
203.560938	0.0167007
203.577816	0.0178430
203.594695	0.0175130
203.611575	0.0181745
203.628455	0.0175134
203.645337	0.0153501
203.662218	0.0167499
203.679101	0.0175138
203.695984	0.0179836
203.712868	0.0190038
203.729753	0.0168888
203.746638	0.0161598
203.763524	0.0159205
203.780411	0.0174028
203.797298	0.0179393
203.814186	0.0172496
203.831075	0.0168459
203.847965	0.0172538
203.864855	0.0169496
203.881746	0.0180169
203.898638	0.0165882
203.915530	0.0171586
203.932423	0.0170442
203.949317	0.0176965
203.966211	0.0182624
203.983106	0.0166816
204.000002	0.0164215
204.016899	0.0164268
204.033796	0.0168300
204.050694	0.0169094
204.067593	0.0170132
204.084492	0.0174583
204.101392	0.0175500
204.118293	0.0173969
204.135194	0.0174569
204.152097	0.0178566
204.169000	0.0179163
204.185903	0.0175944
204.202807	0.0166391
204.219712	0.0183658
204.236618	0.0187109
204.253524	0.0195440
204.270432	0.0172542
204.287339	0.0179847
204.304248	0.0176952
204.321157	0.0187064
204.338067	0.0165401
204.354978	0.0170225
204.371889	0.0169933
204.388801	0.0172287
204.405714	0.0165442
204.422627	0.0175301
204.439541	0.0180982
204.456456	0.0172993
204.473372	0.0185270
204.490288	0.0169833
204.507205	0.0179718
204.524122	0.0166441
204.541041	0.0181871
204.557960	0.0172248
204.574880	0.0165982
204.591800	0.0173948
204.608721	0.0163492
204.625643	0.0166445
204.642566	0.0187641
204.659489	0.0169415
204.676413	0.0180845
204.693337	0.0182273
204.710263	0.0176576
204.727189	0.0186160
204.744116	0.0168695
204.761043	0.0165757
204.777971	0.0183150
204.794900	0.0186595
204.811830	0.0162293
204.828760	0.0171237
204.845691	0.0177517
204.862623	0.0171518
204.879555	0.0186530
204.896488	0.0189683
204.913422	0.0177311
204.930356	0.0180436
204.947292	0.0169033
204.964228	0.0177322
204.981164	0.0186642
204.998101	0.0173636
205.015040	0.0157048
205.031978	0.0169931
205.048918	0.0164800
205.065858	0.0170604
205.082799	0.0184597
205.099740	0.0186987
205.116682	0.0177495
205.133625	0.0163106
205.150569	0.0169410
205.167513	0.0153607
205.184458	0.0156800
205.201404	0.0166774
205.218350	0.0183924
205.235298	0.0172588
205.252245	0.0175917
205.269194	0.0176118
205.286143	0.0181729
205.303093	0.0180566
205.320044	0.0166036
205.336995	0.0172644
205.353947	0.0180931
205.370900	0.0160916
205.387853	0.0173791
205.404808	0.0172140
205.421762	0.0170134
205.438718	0.0179774
205.455674	0.0175110
205.472631	0.0185647
205.489589	0.0179904
205.506547	0.0169005
205.523506	0.0166622
205.540466	0.0170317
205.557427	0.0172931
205.574388	0.0186400
205.591350	0.0161605
205.608312	0.0181432
205.625276	0.0178642
205.642240	0.0178564
205.659204	0.0166088
205.676170	0.0170691
205.693136	0.0181128
205.710103	0.0164207
205.727070	0.0175253
205.744038	0.0167055
205.761007	0.0171598
205.777977	0.0178319
205.794947	0.0168145
205.811918	0.0167137
205.828890	0.0166098
205.845862	0.0176955
205.862836	0.0164682
205.879809	0.0181446
205.896784	0.0169533
205.913759	0.0168430
205.930735	0.0168273
205.947712	0.0169562
205.964689	0.0173710
205.981667	0.0165852
205.998646	0.0174003
206.015625	0.0177085
206.032605	0.0169313
206.049586	0.0172268
206.066568	0.0177436
206.083550	0.0179832
206.100533	0.0167028
206.117517	0.0170317
206.134501	0.0160674
206.151486	0.0183961
206.168472	0.0174163
206.185458	0.0168789
206.202446	0.0189368
206.219433	0.0183974
206.236422	0.0168187
206.253411	0.0182717
206.270401	0.0157725
206.287392	0.0175772
206.304383	0.0170980
206.321375	0.0176231
206.338368	0.0168075
206.355362	0.0162154
206.372356	0.0183257
206.389351	0.0176640
206.406346	0.0162777
206.423343	0.0170656
206.440340	0.0185384
206.457338	0.0175561
206.474336	0.0163544
206.491335	0.0168652
206.508335	0.0171906
206.525335	0.0177148
206.542337	0.0173860
206.559339	0.0165260
206.576341	0.0184507
206.593345	0.0173328
206.610349	0.0167598
206.627353	0.0173795
206.644359	0.0170767
206.661365	0.0178944
206.678372	0.0172845
206.695379	0.0171663
206.712388	0.0183482
206.729396	0.0179119
206.746406	0.0159169
206.763416	0.0174119
206.780428	0.0172070
206.797439	0.0166639
206.814452	0.0175243
206.831465	0.0164971
206.848479	0.0172923
206.865493	0.0165035
206.882509	0.0173208
206.899525	0.0171116
206.916541	0.0181060
206.933559	0.0162883
206.950577	0.0157227
206.967596	0.0170845
206.984615	0.0161724
207.001635	0.0175501
207.018656	0.0170781
207.035678	0.0167380
207.052700	0.0172345
207.069723	0.0173008
207.086747	0.0161116
207.103771	0.0177684
207.120796	0.0174144
207.137822	0.0169424
207.154849	0.0178598
207.171876	0.0162787
207.188904	0.0164375
207.205932	0.0183714
207.222962	0.0176853
207.239992	0.0165527
207.257022	0.0177870
207.274054	0.0150989
207.291086	0.0175821
207.308119	0.0165215
207.325152	0.0172988
207.342186	0.0186302
207.359221	0.0173628
207.376257	0.0170457
207.393293	0.0187866
207.410330	0.0174992
207.427368	0.0176218
207.444407	0.0184230
207.461446	0.0149474
207.478486	0.0169970
207.495526	0.0164772
207.512568	0.0165007
207.529609	0.0168542
207.546652	0.0178349
207.563696	0.0177518
207.580740	0.0164475
207.597784	0.0178225
207.614830	0.0186992
207.631876	0.0162891
207.648923	0.0158361
207.665970	0.0164987
207.683019	0.0158246
207.700068	0.0167250
207.717117	0.0172652
207.734168	0.0174995
207.751219	0.0175068
207.768271	0.0171712
207.785323	0.0166540
207.802376	0.0180400
207.819430	0.0172595
207.836485	0.0179570
207.853540	0.0167739
207.870596	0.0157822
207.887653	0.0181954
207.904710	0.0162501
207.921768	0.0173277
207.938827	0.0160462
207.955887	0.0174700
207.972947	0.0178168
207.990008	0.0176857
208.007070	0.0172635
208.024132	0.0183119
208.041195	0.0162244
208.058259	0.0168934
208.075323	0.0179217
208.092388	0.0166222
208.109454	0.0170482
208.126521	0.0168325
208.143588	0.0162369
208.160656	0.0165684
208.177725	0.0173516
208.194794	0.0157123
208.211864	0.0166724
208.228935	0.0172019
208.246006	0.0160765
208.263078	0.0164422
208.280151	0.0175882
208.297225	0.0165930
208.314299	0.0157236
208.331374	0.0173846
208.348450	0.0167597
208.365526	0.0170388
208.382603	0.0169090
208.399681	0.0172072
208.416760	0.0174248
208.433839	0.0168386
208.450919	0.0170443
208.467999	0.0172508
208.485080	0.0163294
208.502162	0.0162978
208.519245	0.0171579
208.536329	0.0177525
208.553413	0.0171993
208.570498	0.0171180
208.587583	0.0174165
208.604669	0.0157562
208.621756	0.0190344
208.638844	0.0167248
208.655932	0.0168336
208.673021	0.0180560
208.690111	0.0165006
208.707201	0.0173986
208.724292	0.0166487
208.741384	0.0165101
208.758477	0.0164155
208.775570	0.0164499
208.792664	0.0168630
208.809759	0.0166260
208.826854	0.0172776
208.843950	0.0183599
208.861047	0.0178881
208.878144	0.0169850
208.895242	0.0167628
208.912341	0.0171059
208.929441	0.0166968
208.946541	0.0162845
208.963642	0.0167837
208.980744	0.0171420
208.997846	0.0169029
209.014949	0.0169485
209.032053	0.0178381
209.049157	0.0179666
209.066263	0.0173941
209.083368	0.0159534
209.100475	0.0163064
209.117582	0.0178701
209.134690	0.0165037
209.151799	0.0173762
209.168908	0.0160735
209.186018	0.0169022
209.203129	0.0164268
209.220241	0.0171975
209.237353	0.0156300
209.254466	0.0169040
209.271580	0.0177437
209.288694	0.0168307
209.305809	0.0164854
209.322925	0.0169819
209.340041	0.0166444
209.357158	0.0164474
209.374276	0.0171607
209.391394	0.0172075
209.408514	0.0164307
209.425634	0.0174859
209.442754	0.0167671
209.459876	0.0172338
209.476998	0.0174452
209.494120	0.0164103
209.511244	0.0165226
209.528368	0.0166781
209.545493	0.0165626
209.562618	0.0181851
209.579745	0.0170523
209.596872	0.0159141
209.613999	0.0166940
209.631128	0.0168975
209.648257	0.0167853
209.665386	0.0160193
209.682517	0.0174378
209.699648	0.0175127
209.716780	0.0168131
209.733912	0.0179954
209.751046	0.0168788
209.768180	0.0148718
209.785314	0.0180727
209.802450	0.0182303
209.819586	0.0174556
209.836723	0.0166388
209.853860	0.0168278
209.870998	0.0166726
209.888137	0.0163265
209.905277	0.0167856
209.922417	0.0170322
209.939558	0.0167174
209.956700	0.0167513
209.973842	0.0164910
209.990985	0.0170651
210.008129	0.0172027
210.025274	0.0157261
210.042419	0.0177544
210.059565	0.0165003
210.076711	0.0162888
210.093859	0.0155008
210.111007	0.0174897
210.128156	0.0163136
210.145305	0.0175111
210.162455	0.0179793
210.179606	0.0176026
210.196757	0.0168117
210.213910	0.0164504
210.231063	0.0172161
210.248216	0.0169180
210.265371	0.0161354
210.282526	0.0156455
210.299681	0.0160665
210.316838	0.0163422
210.333995	0.0165794
210.351153	0.0166428
210.368311	0.0175049
210.385471	0.0166417
210.402631	0.0177381
210.419791	0.0171275
210.436953	0.0172422
210.454115	0.0164727
210.471278	0.0168727
210.488441	0.0164101
210.505605	0.0170056
210.522770	0.0173593
210.539936	0.0167229
210.557102	0.0163157
210.574269	0.0172830
210.591437	0.0164312
210.608605	0.0166030
210.625774	0.0171541
210.642944	0.0180006
210.660114	0.0168400
210.677286	0.0169540
210.694458	0.0163388
210.711630	0.0173559
210.728804	0.0164854
210.745978	0.0158256
210.763152	0.0168372
210.780328	0.0179225
210.797504	0.0165750
210.814681	0.0170201
210.831858	0.0159920
210.849036	0.0166498
210.866215	0.0159384
210.883395	0.0151674
210.900575	0.0163260
210.917756	0.0165640
210.934938	0.0167310
210.952121	0.0166426
210.969304	0.0170740
210.986488	0.0167969
211.003672	0.0166769
211.020857	0.0165349
211.038043	0.0160530
211.055230	0.0173454
211.072417	0.0170403
211.089605	0.0156961
211.106794	0.0172970
211.123984	0.0167800
211.141174	0.0157969
211.158365	0.0172917
211.175556	0.0169905
211.192748	0.0170090
211.209941	0.0162576
211.227135	0.0171925
211.244330	0.0171220
211.261525	0.0166919
211.278720	0.0151188
211.295917	0.0176031
211.313114	0.0156051
211.330312	0.0177801
211.347511	0.0172802
211.364710	0.0161621
211.381910	0.0159912
211.399111	0.0179648
211.416312	0.0166332
211.433514	0.0173461
211.450717	0.0157471
211.467920	0.0151432
211.485125	0.0167744
211.502330	0.0151743
211.519535	0.0170316
211.536742	0.0165163
211.553949	0.0164468
211.571156	0.0170687
211.588365	0.0174676
211.605574	0.0169920
211.622784	0.0159019
211.639994	0.0154492
211.657205	0.0164510
211.674417	0.0160294
211.691630	0.0173391
211.708843	0.0168899
211.726057	0.0167065
211.743272	0.0165305
211.760488	0.0182646
211.777704	0.0162197
211.794921	0.0165426
211.812138	0.0162107
211.829357	0.0169805
211.846576	0.0168453
211.863795	0.0168199
211.881016	0.0174573
211.898237	0.0186146
211.915458	0.0182262
211.932681	0.0180017
211.949904	0.0175618
211.967128	0.0182168
211.984353	0.0181444
212.001578	0.0180643
212.018804	0.0174091
212.036031	0.0176776
212.053258	0.0187123
212.070486	0.0172756
212.087715	0.0178889
212.104944	0.0150603
212.122175	0.0178093
212.139405	0.0172043
212.156637	0.0175341
212.173869	0.0165768
212.191102	0.0156924
212.208336	0.0170999
212.225571	0.0176049
212.242806	0.0159459
212.260041	0.0162527
212.277278	0.0167198
212.294515	0.0159140
212.311753	0.0181634
212.328992	0.0183490
212.346231	0.0151783
212.363471	0.0171531
212.380712	0.0162494
212.397953	0.0149283
212.415196	0.0163285
212.432438	0.0178390
212.449682	0.0160356
212.466926	0.0173800
212.484171	0.0156943
212.501417	0.0156146
212.518663	0.0160198
212.535910	0.0171452
212.553158	0.0159628
212.570406	0.0157322
212.587656	0.0155777
212.604906	0.0167810
212.622156	0.0165542
212.639407	0.0174445
212.656659	0.0167048
212.673912	0.0174328
212.691165	0.0172476
212.708420	0.0167019
212.725674	0.0160695
212.742930	0.0166664
212.760186	0.0165089
212.777443	0.0171111
212.794700	0.0159593
212.811959	0.0162920
212.829218	0.0157739
212.846477	0.0176863
212.863738	0.0157465
212.880999	0.0165721
212.898261	0.0161489
212.915523	0.0170242
212.932787	0.0155631
212.950050	0.0171592
212.967315	0.0168141
212.984580	0.0165782
213.001846	0.0167857
213.019113	0.0165807
213.036381	0.0165255
213.053649	0.0152791
213.070918	0.0175661
213.088187	0.0157955
213.105457	0.0177914
213.122728	0.0178634
213.140000	0.0155487
213.157272	0.0164886
213.174545	0.0160176
213.191819	0.0161149
213.209094	0.0178284
213.226369	0.0175836
213.243645	0.0170483
213.260921	0.0158620
213.278198	0.0161816
213.295476	0.0155201
213.312755	0.0153365
213.330034	0.0166592
213.347315	0.0158810
213.364595	0.0152965
213.381877	0.0154166
213.399159	0.0170363
213.416442	0.0155304
213.433725	0.0158611
213.451010	0.0155640
213.468295	0.0158579
213.485580	0.0169955
213.502867	0.0175634
213.520154	0.0150983
213.537442	0.0168924
213.554730	0.0170012
213.572020	0.0163451
213.589309	0.0171455
213.606600	0.0162620
213.623891	0.0162183
213.641183	0.0168873
213.658476	0.0168515
213.675770	0.0166079
213.693064	0.0155842
213.710358	0.0171401
213.727654	0.0163481
213.744950	0.0156462
213.762247	0.0170426
213.779545	0.0158449
213.796843	0.0172205
213.814142	0.0170179
213.831442	0.0162199
213.848742	0.0162405
213.866044	0.0163506
213.883345	0.0158183
213.900648	0.0160708
213.917951	0.0166244
213.935255	0.0150904
213.952560	0.0168750
213.969865	0.0156354
213.987171	0.0156197
214.004478	0.0165750
214.021785	0.0163782
214.039094	0.0161916
214.056403	0.0160615
214.073712	0.0168276
214.091022	0.0152465
214.108333	0.0163495
214.125645	0.0166287
214.142957	0.0157511
214.160271	0.0167765
214.177584	0.0156514
214.194899	0.0172457
214.212214	0.0164996
214.229530	0.0159366
214.246847	0.0166425
214.264164	0.0165421
214.281482	0.0159116
214.298801	0.0154357
214.316120	0.0152718
214.333440	0.0163853
214.350761	0.0160350
214.368082	0.0170071
214.385405	0.0160731
214.402728	0.0163666
214.420051	0.0173080
214.437376	0.0154018
214.454701	0.0168569
214.472026	0.0167711
214.489353	0.0171594
214.506680	0.0154046
214.524008	0.0163617
214.541336	0.0158208
214.558665	0.0170564
214.575995	0.0162699
214.593326	0.0165946
214.610657	0.0180273
214.627989	0.0154212
214.645322	0.0169134
214.662656	0.0182508
214.679990	0.0192563
214.697325	0.0227658
214.714660	0.0296806
214.731997	0.0361176
214.749334	0.0506002
214.766671	0.0655041
214.784010	0.0887088
214.801349	0.1046924
214.818688	0.1248859
214.836029	0.1382479
214.853370	0.1443151
214.870712	0.1452688
214.888055	0.1374725
214.905398	0.1273127
214.922742	0.1144963
214.940087	0.0994182
214.957432	0.0839364
214.974778	0.0703585
214.992125	0.0551585
215.009472	0.0458020
215.026821	0.0367773
215.044170	0.0292263
215.061519	0.0242940
215.078869	0.0222586
215.096220	0.0195564
215.113572	0.0180745
215.130925	0.0189904
215.148278	0.0168236
215.165632	0.0164423
215.182986	0.0164605
215.200341	0.0163570
215.217697	0.0156258
215.235054	0.0164554
215.252411	0.0173075
215.269769	0.0159251
215.287128	0.0156862
215.304488	0.0163289
215.321848	0.0167482
215.339209	0.0169741
215.356570	0.0161803
215.373932	0.0164025
215.391295	0.0163822
215.408659	0.0169189
215.426023	0.0172188
215.443388	0.0157332
215.460754	0.0152677
215.478121	0.0164884
215.495488	0.0164065
215.512856	0.0162651
215.530224	0.0150668
215.547594	0.0171031
215.564964	0.0161875
215.582334	0.0177575
215.599706	0.0151620
215.617078	0.0152943
215.634450	0.0170615
215.651824	0.0151372
215.669198	0.0159002
215.686573	0.0175820
215.703949	0.0171961
215.721325	0.0149909
215.738702	0.0169703
215.756080	0.0171644
215.773458	0.0168944
215.790837	0.0181093
215.808217	0.0165556
215.825598	0.0164716
215.842979	0.0161406
215.860361	0.0174444
215.877743	0.0176138
215.895127	0.0182448
215.912511	0.0160725
215.929895	0.0173943
215.947281	0.0153925
215.964667	0.0160137
215.982054	0.0172545
215.999441	0.0171708
216.016830	0.0166801
216.034219	0.0159016
216.051608	0.0161691
216.068999	0.0167281
216.086390	0.0165194
216.103781	0.0155887
216.121174	0.0166778
216.138567	0.0171201
216.155961	0.0160224
216.173355	0.0158911
216.190751	0.0164219
216.208147	0.0171018
216.225543	0.0168070
216.242941	0.0153874
216.260339	0.0160631
216.277738	0.0154583
216.295137	0.0169463
216.312537	0.0158532
216.329938	0.0159473
216.347340	0.0160742
216.364742	0.0166995
216.382145	0.0170752
216.399549	0.0144203
216.416953	0.0166099
216.434358	0.0167150
216.451764	0.0173426
216.469171	0.0147936
216.486578	0.0159816
216.503986	0.0169597
216.521394	0.0168651
216.538804	0.0158933
216.556214	0.0167357
216.573624	0.0171765
216.591036	0.0161630
216.608448	0.0153342
216.625861	0.0171512
216.643274	0.0164467
216.660689	0.0169856
216.678104	0.0161360
216.695519	0.0150448
216.712936	0.0158594
216.730353	0.0172609
216.747770	0.0172559
216.765189	0.0185705
216.782608	0.0183687
216.800028	0.0179433
216.817448	0.0190702
216.834870	0.0191649
216.852292	0.0194136
216.869714	0.0193981
216.887138	0.0182348
216.904562	0.0193738
216.921986	0.0201106
216.939412	0.0165741
216.956838	0.0173188
216.974265	0.0171378
216.991693	0.0164277
217.009121	0.0179374
217.026550	0.0167127
217.043980	0.0163127
217.061410	0.0156035
217.078841	0.0156177
217.096273	0.0157525
217.113705	0.0146006
217.131138	0.0178401
217.148572	0.0152883
217.166007	0.0159382
217.183442	0.0154605
217.200878	0.0173984
217.218315	0.0164517
217.235752	0.0156748
217.253191	0.0154374
217.270629	0.0165664
217.288069	0.0160431
217.305509	0.0160511
217.322950	0.0150794
217.340392	0.0165372
217.357834	0.0157117
217.375277	0.0162443
217.392721	0.0169496
217.410165	0.0149537
217.427610	0.0166544
217.445056	0.0145718
217.462503	0.0156224
217.479950	0.0159151
217.497398	0.0168863
217.514847	0.0171188
217.532296	0.0163982
217.549746	0.0153763
217.567197	0.0151728
217.584648	0.0148793
217.602100	0.0166488
217.619553	0.0156242
217.637007	0.0162833
217.654461	0.0152273
217.671916	0.0163365
217.689372	0.0168545
217.706828	0.0147975
217.724285	0.0153227
217.741743	0.0160793
217.759202	0.0168948
217.776661	0.0165284
217.794121	0.0159009
217.811581	0.0155826
217.829042	0.0166026
217.846504	0.0170408
217.863967	0.0161354
217.881431	0.0173729
217.898895	0.0171062
217.916360	0.0149689
217.933825	0.0158896
217.951291	0.0163461
217.968758	0.0152986
217.986226	0.0161508
218.003694	0.0166697
218.021163	0.0146769
218.038633	0.0151699
218.056103	0.0154425
218.073574	0.0163884
218.091046	0.0152245
218.108519	0.0169721
218.125992	0.0165893
218.143466	0.0160953
218.160941	0.0163566
218.178416	0.0148926
218.195892	0.0159804
218.213369	0.0150782
218.230846	0.0171749
218.248324	0.0165748
218.265803	0.0161621
218.283283	0.0160705
218.300763	0.0175327
218.318244	0.0163018
218.335726	0.0151288
218.353208	0.0160350
218.370691	0.0160106
218.388175	0.0160304
218.405659	0.0163055
218.423144	0.0169826
218.440630	0.0158865
218.458117	0.0156204
218.475604	0.0161872
218.493092	0.0165969
218.510581	0.0152877
218.528070	0.0167804
218.545560	0.0159037
218.563051	0.0172297
218.580543	0.0157946
218.598035	0.0157556
218.615528	0.0156295
218.633021	0.0156708
218.650516	0.0168305
218.668011	0.0173618
218.685506	0.0155237
218.703003	0.0174031
218.720500	0.0177493
218.737998	0.0158397
218.755496	0.0155406
218.772996	0.0148995
218.790495	0.0156673
218.807996	0.0152284
218.825497	0.0149607
218.843000	0.0157331
218.860502	0.0150752
218.878006	0.0162450
218.895510	0.0164957
218.913015	0.0161667
218.930520	0.0159303
218.948026	0.0148507
218.965533	0.0171264
218.983041	0.0160663
219.000549	0.0158851
219.018058	0.0157252
219.035568	0.0172200
219.053079	0.0154529
219.070590	0.0147711
219.088102	0.0161138
219.105614	0.0163453
219.123128	0.0153357
219.140642	0.0160122
219.158156	0.0155960
219.175672	0.0162692
219.193188	0.0163835
219.210705	0.0155670
219.228222	0.0155146
219.245740	0.0165051
219.263259	0.0148366
219.280779	0.0161469
219.298299	0.0163658
219.315820	0.0152444
219.333342	0.0171286
219.350864	0.0167806
219.368387	0.0148337
219.385911	0.0147895
219.403436	0.0164288
219.420961	0.0159045
219.438487	0.0158433
219.456013	0.0168689
219.473541	0.0162203
219.491069	0.0160830
219.508597	0.0153052
219.526127	0.0155376
219.543657	0.0160749
219.561188	0.0152221
219.578719	0.0168299
219.596252	0.0156971
219.613784	0.0161782
219.631318	0.0181910
219.648852	0.0169289
219.666388	0.0159826
219.683923	0.0163649
219.701460	0.0164532
219.718997	0.0164372
219.736535	0.0155006
219.754073	0.0152611
219.771613	0.0158420
219.789153	0.0155556
219.806693	0.0163217
219.824235	0.0148559
219.841777	0.0156591
219.859319	0.0157581
219.876863	0.0146529
219.894407	0.0165778
219.911952	0.0146579
219.929498	0.0156690
219.947044	0.0160681
219.964591	0.0163897
219.982138	0.0155865
219.999687	0.0185594
220.017236	0.0180776
220.034786	0.0196180
220.052336	0.0201613
220.069887	0.0231471
220.087439	0.0237574
220.104992	0.0256298
220.122545	0.0262381
220.140099	0.0274093
220.157654	0.0260851
220.175209	0.0246811
220.192766	0.0251280
220.210322	0.0236207
220.227880	0.0222507
220.245438	0.0216994
220.262997	0.0192379
220.280557	0.0193376
220.298117	0.0179527
220.315678	0.0167762
220.333240	0.0164206
220.350802	0.0165436
220.368365	0.0168644
220.385929	0.0163206
220.403494	0.0152398
220.421059	0.0165855
220.438625	0.0148142
220.456192	0.0153400
220.473759	0.0158453
220.491327	0.0162351
220.508896	0.0164079
220.526465	0.0159578
220.544036	0.0152787
220.561606	0.0152296
220.579178	0.0147119
220.596750	0.0162243
220.614323	0.0165004
220.631897	0.0155460
220.649471	0.0170616
220.667046	0.0149660
220.684622	0.0155407
220.702199	0.0168890
220.719776	0.0163120
220.737354	0.0163212
220.754932	0.0161946
220.772512	0.0157550
220.790092	0.0165023
220.807672	0.0149823
220.825254	0.0155440
220.842836	0.0150110
220.860419	0.0168371
220.878002	0.0163728
220.895586	0.0149694
220.913171	0.0140372
220.930757	0.0156990
220.948343	0.0157602
220.965930	0.0162788
220.983518	0.0152233
221.001106	0.0163453
221.018696	0.0160246
221.036285	0.0152747
221.053876	0.0161272
221.071467	0.0154314
221.089059	0.0161337
221.106652	0.0154813
221.124245	0.0155279
221.141839	0.0147179
221.159434	0.0172865
221.177029	0.0150717
221.194626	0.0155024
221.212222	0.0161202
221.229820	0.0160021
221.247418	0.0168436
221.265017	0.0157316
221.282617	0.0156489
221.300217	0.0148432
221.317818	0.0155690
221.335420	0.0166766
221.353023	0.0157305
221.370626	0.0145146
221.388230	0.0145571
221.405834	0.0152363
221.423440	0.0161237
221.441045	0.0163084
221.458652	0.0169548
221.476260	0.0157831
221.493868	0.0141136
221.511476	0.0169496
221.529086	0.0159197
221.546696	0.0152555
221.564307	0.0162102
221.581919	0.0144229
221.599531	0.0164058
221.617144	0.0163321
221.634758	0.0154844
221.652372	0.0159508
221.669987	0.0157623
221.687603	0.0160078
221.705220	0.0156578
221.722837	0.0160419
221.740455	0.0153840
221.758073	0.0154103
221.775693	0.0152771
221.793313	0.0152303
221.810934	0.0170708
221.828555	0.0148578
221.846177	0.0161874
221.863800	0.0156935
221.881424	0.0163512
221.899048	0.0158626
221.916673	0.0153144
221.934298	0.0170220
221.951925	0.0153847
221.969552	0.0150856
221.987180	0.0167467
222.004808	0.0152859
222.022437	0.0151659
222.040067	0.0165551
222.057698	0.0163860
222.075329	0.0167135
222.092961	0.0135420
222.110594	0.0132184
222.128227	0.0153648
222.145861	0.0169218
222.163496	0.0157027
222.181131	0.0149126
222.198768	0.0154058
222.216404	0.0154198
222.234042	0.0147468
222.251680	0.0153699
222.269319	0.0159837
222.286959	0.0162326
222.304600	0.0152492
222.322241	0.0156141
222.339882	0.0161450
222.357525	0.0157446
222.375168	0.0152602
222.392812	0.0155670
222.410457	0.0151403
222.428102	0.0152589
222.445748	0.0160386
222.463395	0.0158056
222.481042	0.0140860
222.498690	0.0153342
222.516339	0.0168353
222.533989	0.0160962
222.551639	0.0163768
222.569290	0.0157867
222.586942	0.0154724
222.604594	0.0154554
222.622247	0.0146263
222.639901	0.0166125
222.657555	0.0151061
222.675210	0.0155997
222.692866	0.0152184
222.710523	0.0145497
222.728180	0.0156941
222.745838	0.0146983
222.763497	0.0152919
222.781156	0.0152232
222.798816	0.0151526
222.816477	0.0154779
222.834138	0.0147695
222.851801	0.0171215
222.869463	0.0165057
222.887127	0.0145601
222.904791	0.0156612
222.922456	0.0160252
222.940122	0.0151527
222.957788	0.0154369
222.975456	0.0168512
222.993123	0.0158979
223.010792	0.0154915
223.028461	0.0167199
223.046131	0.0165216
223.063802	0.0165503
223.081473	0.0152511
223.099145	0.0143223
223.116818	0.0152780
223.134491	0.0161397
223.152165	0.0147800
223.169840	0.0165115
223.187515	0.0151391
223.205192	0.0152820
223.222869	0.0148233
223.240546	0.0149901
223.258225	0.0166663
223.275904	0.0166640
223.293583	0.0143353
223.311264	0.0155453
223.328945	0.0149933
223.346627	0.0153380
223.364309	0.0160467
223.381993	0.0159832
223.399677	0.0147151
223.417361	0.0156218
223.435047	0.0152066
223.452733	0.0167360
223.470419	0.0150297
223.488107	0.0141885
223.505795	0.0164289
223.523484	0.0146284
223.541174	0.0158315
223.558864	0.0150547
223.576555	0.0149501
223.594247	0.0141990
223.611939	0.0158309
223.629632	0.0155686
223.647326	0.0155393
223.665020	0.0162807
223.682715	0.0156060
223.700411	0.0151037
223.718108	0.0168157
223.735805	0.0153558
223.753503	0.0162996
223.771202	0.0158220
223.788901	0.0145926
223.806602	0.0158793
223.824302	0.0157548
223.842004	0.0158412
223.859706	0.0168710
223.877409	0.0149295
223.895113	0.0155830
223.912817	0.0150246
223.930522	0.0162309
223.948228	0.0146110
223.965934	0.0149729
223.983641	0.0143681
224.001349	0.0167261
224.019058	0.0160451
224.036767	0.0153718
224.054477	0.0136806
224.072188	0.0149614
224.089899	0.0155939
224.107611	0.0154059
224.125324	0.0148990
224.143037	0.0155413
224.160751	0.0153516
224.178466	0.0140027
224.196182	0.0158725
224.213898	0.0163082
224.231615	0.0151070
224.249333	0.0154107
224.267051	0.0158044
224.284770	0.0157304
224.302490	0.0152334
224.320210	0.0149262
224.337932	0.0145316
224.355653	0.0162126
224.373376	0.0159173
224.391099	0.0141631
224.408823	0.0159688
224.426548	0.0164522
224.444273	0.0155610
224.461999	0.0157645
224.479726	0.0155253
224.497454	0.0145943
224.515182	0.0154126
224.532911	0.0162004
224.550641	0.0155836
224.568371	0.0143327
224.586102	0.0159371
224.603834	0.0162981
224.621566	0.0147339
224.639299	0.0159267
224.657033	0.0151319
224.674767	0.0172286
224.692503	0.0148832
224.710239	0.0169337
224.727975	0.0162516
224.745713	0.0150260
224.763451	0.0150710
224.781189	0.0154934
224.798929	0.0153084
224.816669	0.0149386
224.834410	0.0160113
224.852151	0.0152430
224.869894	0.0157387
224.887637	0.0151384
224.905380	0.0164863
224.923125	0.0160996
224.940870	0.0163021
224.958616	0.0145096
224.976362	0.0166709
224.994109	0.0153751
225.011857	0.0167575
225.029606	0.0156882
225.047355	0.0158465
225.065105	0.0154952
225.082856	0.0157496
225.100607	0.0159285
225.118359	0.0181463
225.136112	0.0195583
225.153865	0.0203837
225.171620	0.0225119
225.189374	0.0233569
225.207130	0.0262586
225.224886	0.0253454
225.242643	0.0260884
225.260401	0.0230645
225.278159	0.0242185
225.295919	0.0243221
225.313678	0.0214528
225.331439	0.0213328
225.349200	0.0190979
225.366962	0.0170714
225.384725	0.0182254
225.402488	0.0163634
225.420252	0.0158941
225.438017	0.0169511
225.455782	0.0169950
225.473548	0.0168297
225.491315	0.0150522
225.509083	0.0160740
225.526851	0.0149454
225.544620	0.0159920
225.562390	0.0162103
225.580160	0.0157909
225.597931	0.0156163
225.615703	0.0158557
225.633475	0.0156654
225.651248	0.0150743
225.669022	0.0149978
225.686797	0.0160485
225.704572	0.0151344
225.722348	0.0145540
225.740125	0.0145704
225.757902	0.0162739
225.775680	0.0145068
225.793459	0.0151940
225.811238	0.0150793
225.829019	0.0152183
225.846800	0.0144781
225.864581	0.0158226
225.882363	0.0160017
225.900146	0.0152675
225.917930	0.0151027
225.935714	0.0155316
225.953500	0.0147172
225.971285	0.0149690
225.989072	0.0165797
226.006859	0.0155935
226.024647	0.0159111
226.042436	0.0153477
226.060225	0.0142905
226.078015	0.0141225
226.095806	0.0157355
226.113597	0.0147630
226.131389	0.0157395
226.149182	0.0147118
226.166976	0.0146899
226.184770	0.0148017
226.202565	0.0157216
226.220360	0.0154207
226.238157	0.0164437
226.255954	0.0158687
226.273752	0.0150971
226.291550	0.0151331
226.309349	0.0151760
226.327149	0.0154406
226.344950	0.0151668
226.362751	0.0142652
226.380553	0.0141234
226.398355	0.0150551
226.416159	0.0138936
226.433963	0.0140102
226.451768	0.0137610
226.469573	0.0149538
226.487379	0.0156046
226.505186	0.0164093
226.522994	0.0146019
226.540802	0.0148906
226.558611	0.0165687
226.576421	0.0154196
226.594231	0.0152239
226.612042	0.0151775
226.629854	0.0154090
226.647666	0.0148517
226.665480	0.0152731
226.683294	0.0159786
226.701108	0.0161980
226.718923	0.0145417
226.736740	0.0162306
226.754556	0.0150967
226.772374	0.0159024
226.790192	0.0149863
226.808011	0.0156483
226.825830	0.0156114
226.843650	0.0157054
226.861471	0.0134851
226.879293	0.0148749
226.897115	0.0148550
226.914938	0.0154306
226.932762	0.0146335
226.950586	0.0148946
226.968412	0.0147994
226.986237	0.0163278
227.004064	0.0146528
227.021891	0.0158560
227.039719	0.0152386
227.057548	0.0160758
227.075377	0.0145746
227.093207	0.0153899
227.111038	0.0147836
227.128869	0.0153743
227.146702	0.0140212
227.164534	0.0161677
227.182368	0.0145896
227.200202	0.0153268
227.218037	0.0150245
227.235873	0.0153458
227.253709	0.0147164
227.271546	0.0156387
227.289384	0.0157151
227.307223	0.0156442
227.325062	0.0142548
227.342902	0.0156908
227.360742	0.0160506
227.378584	0.0155167
227.396426	0.0151368
227.414268	0.0141348
227.432112	0.0148214
227.449956	0.0147785
227.467801	0.0142831
227.485646	0.0155501
227.503492	0.0144247
227.521339	0.0154042
227.539187	0.0147627
227.557035	0.0141405
227.574884	0.0159719
227.592734	0.0151136
227.610584	0.0142225
227.628435	0.0152477
227.646287	0.0146407
227.664140	0.0142005
227.681993	0.0149060
227.699847	0.0144893
227.717702	0.0155507
227.735557	0.0151106
227.753413	0.0142486
227.771270	0.0161553
227.789127	0.0151279
227.806985	0.0147486
227.824844	0.0150455
227.842704	0.0141109
227.860564	0.0147881
227.878425	0.0153966
227.896287	0.0150287
227.914149	0.0139268
227.932012	0.0147430
227.949876	0.0161696
227.967740	0.0157144
227.985606	0.0156248
228.003471	0.0162080
228.021338	0.0150583
228.039205	0.0164528
228.057073	0.0140939
228.074942	0.0151094
228.092811	0.0155683
228.110681	0.0149468
228.128552	0.0156383
228.146424	0.0150841
228.164296	0.0148574
228.182169	0.0157455
228.200042	0.0153802
228.217917	0.0145918
228.235792	0.0151397
228.253668	0.0148577
228.271544	0.0152117
228.289421	0.0153123
228.307299	0.0144240
228.325177	0.0154425
228.343057	0.0146884
228.360937	0.0159169
228.378817	0.0154216
228.396699	0.0143446
228.414581	0.0144594
228.432463	0.0144037
228.450347	0.0152205
228.468231	0.0148940
228.486116	0.0149396
228.504001	0.0146388
228.521888	0.0144271
228.539774	0.0146281
228.557662	0.0146492
228.575550	0.0159179
228.593440	0.0166900
228.611329	0.0158021
228.629220	0.0154137
228.647111	0.0145029
228.665003	0.0146335
228.682895	0.0146884
228.700789	0.0158045
228.718683	0.0145150
228.736577	0.0137932
228.754473	0.0165024
228.772369	0.0147600
228.790266	0.0144445
228.808163	0.0151462
228.826061	0.0153509
228.843960	0.0146476
228.861860	0.0161173
228.879760	0.0151081
228.897661	0.0163129
228.915563	0.0149821
228.933465	0.0145351
228.951368	0.0156151
228.969272	0.0145907
228.987177	0.0153023
229.005082	0.0158646
229.022988	0.0138982
229.040894	0.0149881
229.058802	0.0143927
229.076710	0.0153460
229.094618	0.0162413
229.112528	0.0150777
229.130438	0.0156015
229.148349	0.0147975
229.166260	0.0159565
229.184172	0.0159085
229.202085	0.0146709
229.219999	0.0140492
229.237913	0.0152822
229.255828	0.0138002
229.273744	0.0139473
229.291661	0.0159032
229.309578	0.0159746
229.327496	0.0147290
229.345414	0.0156719
229.363334	0.0141880
229.381253	0.0155831
229.399174	0.0156122
229.417095	0.0152130
229.435018	0.0150021
229.452940	0.0151163
229.470864	0.0153830
229.488788	0.0155273
229.506713	0.0145879
229.524638	0.0154110
229.542565	0.0152594
229.560492	0.0148445
229.578419	0.0148122
229.596348	0.0152493
229.614277	0.0132467
229.632207	0.0147810
229.650137	0.0159839
229.668068	0.0142520
229.686000	0.0141927
229.703933	0.0157840
229.721866	0.0151699
229.739800	0.0150340
229.757735	0.0141160
229.775670	0.0142400
229.793606	0.0147650
229.811543	0.0149441
229.829481	0.0159006
229.847419	0.0153876
229.865358	0.0162544
229.883298	0.0151094
229.901238	0.0148969
229.919179	0.0137640
229.937121	0.0146271
229.955063	0.0162916
229.973006	0.0136664
229.990950	0.0137315
230.008895	0.0143222
230.026840	0.0154908
230.044786	0.0141045
230.062733	0.0153005
230.080680	0.0161468
230.098628	0.0159049
230.116577	0.0149781
230.134526	0.0144949
230.152476	0.0149794
230.170427	0.0144999
230.188379	0.0144998
230.206331	0.0145484
230.224284	0.0151820
230.242238	0.0144336
230.260192	0.0148952
230.278147	0.0145249
230.296103	0.0146324
230.314060	0.0146787
230.332017	0.0136983
230.349975	0.0155909
230.367933	0.0138308
230.385892	0.0139980
230.403852	0.0153833
230.421813	0.0150821
230.439775	0.0157407
230.457737	0.0145753
230.475700	0.0146713
230.493663	0.0156922
230.511627	0.0155210
230.529592	0.0154080
230.547558	0.0147853
230.565524	0.0147851
230.583491	0.0148293
230.601459	0.0142875
230.619427	0.0156382
230.637396	0.0138671
230.655366	0.0145964
230.673337	0.0147969
230.691308	0.0149105
230.709280	0.0144981
230.727253	0.0159735
230.745226	0.0164598
230.763200	0.0143770
230.781175	0.0150583
230.799150	0.0149429
230.817126	0.0164725
230.835103	0.0155310
230.853081	0.0149911
230.871059	0.0147712
230.889038	0.0148801
230.907018	0.0145878
230.924998	0.0139301
230.942979	0.0142939
230.960961	0.0141677
230.978943	0.0145099
230.996927	0.0151221
231.014910	0.0154520
231.032895	0.0147134
231.050880	0.0143107
231.068866	0.0141191
231.086853	0.0157236
231.104840	0.0160987
231.122828	0.0150801
231.140817	0.0153751
231.158807	0.0153434
231.176797	0.0148055
231.194788	0.0147877
231.212780	0.0145294
231.230772	0.0136929
231.248765	0.0155102
231.266759	0.0149068
231.284753	0.0141889
231.302748	0.0152646
231.320744	0.0152511
231.338740	0.0142516
231.356738	0.0137808
231.374736	0.0147035
231.392734	0.0143939
231.410734	0.0150794
231.428734	0.0155766
231.446734	0.0147735
231.464736	0.0147247
231.482738	0.0152278
231.500741	0.0146321
231.518744	0.0143803
231.536749	0.0150313
231.554754	0.0145371
231.572759	0.0156270
231.590766	0.0151870
231.608773	0.0133743
231.626780	0.0137818
231.644789	0.0156528
231.662798	0.0148054
231.680808	0.0149061
231.698818	0.0155185
231.716830	0.0153476
231.734842	0.0129685
231.752854	0.0143618
231.770868	0.0144134
231.788882	0.0142246
231.806897	0.0139158
231.824912	0.0153312
231.842928	0.0143619
231.860945	0.0149070
231.878963	0.0153622
231.896981	0.0136942
231.915000	0.0149823
231.933020	0.0157445
231.951040	0.0150990
231.969061	0.0142529
231.987083	0.0145998
232.005106	0.0140808
232.023129	0.0158104
232.041153	0.0139242
232.059177	0.0144974
232.077203	0.0149361
232.095229	0.0156792
232.113256	0.0158493
232.131283	0.0144857
232.149311	0.0154964
232.167340	0.0160760
232.185369	0.0144773
232.203400	0.0146536
232.221431	0.0149709
232.239462	0.0145611
232.257495	0.0144220
232.275528	0.0153202
232.293561	0.0146742
232.311596	0.0150440
232.329631	0.0132611
232.347667	0.0153643
232.365703	0.0161147
232.383741	0.0136069
232.401779	0.0140490
232.419817	0.0144671
232.437857	0.0150199
232.455897	0.0151502
232.473938	0.0158168
232.491979	0.0154329
232.510021	0.0146444
232.528064	0.0142619
232.546108	0.0146679
232.564152	0.0145798
232.582197	0.0137939
232.600243	0.0148386
232.618289	0.0157348
232.636336	0.0150978
232.654384	0.0155418
232.672432	0.0175609
232.690482	0.0212251
232.708532	0.0252592
232.726582	0.0312199
232.744634	0.0419875
232.762686	0.0527818
232.780738	0.0702466
232.798792	0.0854853
232.816846	0.0972001
232.834901	0.1093354
232.852956	0.1155684
232.871012	0.1139382
232.889069	0.1109483
232.907127	0.1079483
232.925185	0.0978877
232.943244	0.0834407
232.961304	0.0699015
232.979365	0.0590816
232.997426	0.0501058
233.015488	0.0390277
233.033550	0.0335448
233.051613	0.0273837
233.069677	0.0219628
233.087742	0.0195667
233.105807	0.0173982
233.123873	0.0169699
233.141940	0.0166578
233.160008	0.0143733
233.178076	0.0150105
233.196145	0.0141226
233.214214	0.0150879
233.232284	0.0148975
233.250355	0.0146235
233.268427	0.0152229
233.286500	0.0149759
233.304573	0.0152509
233.322646	0.0142383
233.340721	0.0155431
233.358796	0.0145380
233.376872	0.0131692
233.394949	0.0147703
233.413026	0.0153096
233.431104	0.0157465
233.449183	0.0136571
233.467262	0.0149239
233.485342	0.0151448
233.503423	0.0138898
233.521504	0.0150930
233.539587	0.0153391
233.557670	0.0136079
233.575753	0.0150024
233.593838	0.0154536
233.611923	0.0153842
233.630008	0.0140173
233.648095	0.0150469
233.666182	0.0152991
233.684270	0.0146552
233.702358	0.0138132
233.720447	0.0141551
233.738537	0.0149627
233.756628	0.0143868
233.774719	0.0151244
233.792811	0.0142742
233.810904	0.0152397
233.828998	0.0158160
233.847092	0.0151222
233.865187	0.0149278
233.883282	0.0144375
233.901379	0.0138416
233.919476	0.0134742
233.937573	0.0148937
233.955672	0.0149147
233.973771	0.0144438
233.991870	0.0150804
234.009971	0.0159945
234.028072	0.0143866
234.046174	0.0150799
234.064277	0.0144300
234.082380	0.0137250
234.100484	0.0146845
234.118589	0.0138962
234.136694	0.0143118
234.154800	0.0142084
234.172907	0.0139930
234.191014	0.0152210
234.209123	0.0144370
234.227231	0.0148451
234.245341	0.0136141
234.263451	0.0151377
234.281562	0.0149314
234.299674	0.0153228
234.317787	0.0134114
234.335900	0.0143314
234.354013	0.0140239
234.372128	0.0151892
234.390243	0.0142257
234.408359	0.0139577
234.426476	0.0133584
234.444593	0.0135218
234.462711	0.0149084
234.480830	0.0151928
234.498949	0.0144778
234.517070	0.0154193
234.535190	0.0139076
234.553312	0.0136785
234.571434	0.0137710
234.589557	0.0148113
234.607681	0.0137221
234.625805	0.0138188
234.643930	0.0141001
234.662056	0.0135803
234.680182	0.0145419
234.698310	0.0150539
234.716438	0.0144712
234.734566	0.0139665
234.752695	0.0149046
234.770825	0.0153095
234.788956	0.0155686
234.807087	0.0161025
234.825220	0.0172742
234.843352	0.0181436
234.861486	0.0149987
234.879620	0.0171293
234.897755	0.0167631
234.915890	0.0175414
234.934027	0.0165160
234.952164	0.0157860
234.970301	0.0156949
234.988440	0.0158056
235.006579	0.0150723
235.024719	0.0157329
235.042859	0.0145581
235.061001	0.0147001
235.079142	0.0149144
235.097285	0.0148312
235.115428	0.0133417
235.133572	0.0156331
235.151717	0.0138745
235.169863	0.0146017
235.188009	0.0148320
235.206156	0.0147991
235.224303	0.0133952
235.242451	0.0148593
235.260600	0.0144575
235.278750	0.0147800
235.296900	0.0159171
235.315051	0.0142665
235.333203	0.0151559
235.351356	0.0133965
235.369509	0.0134797
235.387663	0.0139743
235.405817	0.0145900
235.423972	0.0154540
235.442128	0.0143488
235.460285	0.0129153
235.478442	0.0138059
235.496601	0.0144188
235.514759	0.0149668
235.532919	0.0142521
235.551079	0.0144474
235.569240	0.0139605
235.587401	0.0137979
235.605564	0.0131718
235.623727	0.0140342
235.641890	0.0147730
235.660055	0.0154534
235.678220	0.0145162
235.696386	0.0145427
235.714552	0.0148231
235.732720	0.0133027
235.750887	0.0146567
235.769056	0.0152408
235.787225	0.0126624
235.805395	0.0145120
235.823566	0.0140648
235.841738	0.0138589
235.859910	0.0144698
235.878082	0.0139249
235.896256	0.0144597
235.914430	0.0131393
235.932605	0.0150652
235.950781	0.0143706
235.968957	0.0135717
235.987134	0.0145929
236.005312	0.0152823
236.023490	0.0141941
236.041670	0.0145742
236.059849	0.0142263
236.078030	0.0142586
236.096211	0.0139496
236.114393	0.0141899
236.132576	0.0148092
236.150759	0.0145989
236.168943	0.0158372
236.187128	0.0140442
236.205313	0.0144600
236.223500	0.0154214
236.241687	0.0141178
236.259874	0.0155590
236.278062	0.0159788
236.296251	0.0185432
236.314441	0.0200462
236.332631	0.0221176
236.350823	0.0232568
236.369014	0.0267938
236.387207	0.0279887
236.405400	0.0303128
236.423594	0.0304383
236.441789	0.0297390
236.459984	0.0290785
236.478180	0.0275889
236.496377	0.0247366
236.514574	0.0241274
236.532772	0.0219437
236.550971	0.0201122
236.569170	0.0184178
236.587371	0.0180422
236.605572	0.0164971
236.623773	0.0157828
236.641976	0.0157405
236.660179	0.0148233
236.678382	0.0142563
236.696587	0.0143018
236.714792	0.0147435
236.732998	0.0161030
236.751204	0.0158327
236.769411	0.0156252
236.787619	0.0161110
236.805828	0.0159060
236.824037	0.0165510
236.842247	0.0164270
236.860458	0.0154552
236.878670	0.0159371
236.896882	0.0153248
236.915095	0.0151392
236.933308	0.0143083
236.951523	0.0142004
236.969738	0.0139113
236.987953	0.0154437
237.006170	0.0144131
237.024387	0.0145312
237.042604	0.0134611
237.060823	0.0146616
237.079042	0.0156628
237.097262	0.0144395
237.115483	0.0139436
237.133704	0.0130540
237.151926	0.0143709
237.170149	0.0144901
237.188372	0.0151758
237.206596	0.0148823
237.224821	0.0135834
237.243046	0.0152071
237.261273	0.0131977
237.279500	0.0135419
237.297727	0.0148938
237.315955	0.0134631
237.334184	0.0125810
237.352414	0.0137113
237.370645	0.0141013
237.388876	0.0150184
237.407108	0.0149332
237.425340	0.0133684
237.443573	0.0149425
237.461807	0.0131501
237.480042	0.0141890
237.498277	0.0139245
237.516513	0.0136009
237.534750	0.0141070
237.552988	0.0154099
237.571226	0.0141470
237.589465	0.0134457
237.607704	0.0145637
237.625944	0.0141979
237.644185	0.0141337
237.662427	0.0135529
237.680669	0.0135017
237.698912	0.0146255
237.717156	0.0148155
237.735401	0.0142284
237.753646	0.0134477
237.771892	0.0141099
237.790138	0.0137951
237.808386	0.0142887
237.826634	0.0132921
237.844882	0.0144723
237.863132	0.0139079
237.881382	0.0147759
237.899632	0.0140999
237.917884	0.0145330
237.936136	0.0145160
237.954389	0.0133961
237.972643	0.0145764
237.990897	0.0141761
238.009152	0.0138355
238.027408	0.0138534
238.045664	0.0140161
238.063921	0.0141006
238.082179	0.0152270
238.100438	0.0128755
238.118697	0.0141765
238.136957	0.0136784
238.155217	0.0150817
238.173479	0.0145975
238.191741	0.0141626
238.210003	0.0149601
238.228267	0.0130037
238.246531	0.0130145
238.264796	0.0141946
238.283061	0.0140250
238.301328	0.0129124
238.319595	0.0142361
238.337862	0.0142051
238.356131	0.0137019
238.374400	0.0142930
238.392669	0.0121276
238.410940	0.0137602
238.429211	0.0144352
238.447483	0.0133095
238.465756	0.0134500
238.484029	0.0137116
238.502303	0.0139257
238.520577	0.0143259
238.538853	0.0145856
238.557129	0.0145028
238.575406	0.0144267
238.593683	0.0141098
238.611961	0.0142658
238.630240	0.0142363
238.648520	0.0139653
238.666800	0.0147241
238.685081	0.0136237
238.703363	0.0150545
238.721645	0.0142331
238.739928	0.0127985
238.758212	0.0135517
238.776497	0.0150952
238.794782	0.0152595
238.813068	0.0145554
238.831354	0.0139455
238.849642	0.0141047
238.867930	0.0142102
238.886218	0.0143357
238.904508	0.0131198
238.922798	0.0136861
238.941089	0.0125288
238.959380	0.0131915
238.977673	0.0137371
238.995966	0.0150325
239.014259	0.0132316
239.032554	0.0137849
239.050849	0.0139104
239.069144	0.0136793
239.087441	0.0140691
239.105738	0.0147935
239.124036	0.0135500
239.142334	0.0138983
239.160634	0.0135256
239.178934	0.0147447
239.197234	0.0142334
239.215536	0.0145132
239.233838	0.0146369
239.252140	0.0145569
239.270444	0.0153503
239.288748	0.0131792
239.307053	0.0142380
239.325359	0.0127564
239.343665	0.0137754
239.361972	0.0135614
239.380280	0.0131286
239.398588	0.0145154
239.416897	0.0142439
239.435207	0.0131270
239.453517	0.0137772
239.471828	0.0141665
239.490140	0.0139829
239.508453	0.0137037
239.526766	0.0135056
239.545080	0.0143149
239.563395	0.0154898
239.581710	0.0138196
239.600027	0.0135302
239.618343	0.0133650
239.636661	0.0144263
239.654979	0.0136645
239.673298	0.0146903
239.691618	0.0146661
239.709938	0.0146071
239.728259	0.0131953
239.746581	0.0130344
239.764903	0.0128755
239.783226	0.0137170
239.801550	0.0132078
239.819875	0.0148168
239.838200	0.0156204
239.856526	0.0132394
239.874853	0.0140679
239.893180	0.0144922
239.911508	0.0145612
239.929837	0.0140816
239.948166	0.0130827
239.966496	0.0136170
239.984827	0.0133890
240.003159	0.0144796
240.021491	0.0130618
240.039824	0.0142660
240.058158	0.0151367
240.076492	0.0120938
240.094827	0.0142586
240.113163	0.0143114
240.131500	0.0134617
240.149837	0.0142064
240.168175	0.0152695
240.186513	0.0142390
240.204852	0.0143223
240.223192	0.0136744
240.241533	0.0130108
240.259875	0.0139069
240.278217	0.0146347
240.296560	0.0137786
240.314903	0.0144561
240.333247	0.0141473
240.351592	0.0137254
240.369938	0.0145284
240.388284	0.0133709
240.406631	0.0137510
240.424979	0.0135818
240.443327	0.0127316
240.461676	0.0130595
240.480026	0.0142282
240.498377	0.0125607
240.516728	0.0133974
240.535080	0.0137407
240.553433	0.0143232
240.571786	0.0134326
240.590140	0.0121086
240.608495	0.0139711
240.626850	0.0141030
240.645206	0.0136979
240.663563	0.0148096
240.681921	0.0139635
240.700279	0.0144472
240.718638	0.0140864
240.736998	0.0128599
240.755358	0.0139804
240.773719	0.0130954
240.792081	0.0136820
240.810443	0.0137280
240.828806	0.0137628
240.847170	0.0133038
240.865535	0.0145380
240.883900	0.0145792
240.902266	0.0142938
240.920633	0.0147622
240.939000	0.0136340
240.957368	0.0138532
240.975737	0.0140282
240.994107	0.0135363
241.012477	0.0143121
241.030848	0.0131953
241.049219	0.0133643
241.067592	0.0142021
241.085965	0.0140055
241.104338	0.0137087
241.122713	0.0123803
241.141088	0.0144642
241.159464	0.0128368
241.177840	0.0135922
241.196218	0.0129070
241.214595	0.0150783
241.232974	0.0144689
241.251353	0.0137529
241.269734	0.0141759
241.288114	0.0136387
241.306496	0.0141360
241.324878	0.0146396
241.343261	0.0138502
241.361644	0.0142204
241.380028	0.0129658
241.398413	0.0134457
241.416799	0.0146488
241.435185	0.0147656
241.453572	0.0135839
241.471960	0.0144982
241.490349	0.0146816
241.508738	0.0132665
241.527128	0.0124907
241.545518	0.0137643
241.563910	0.0134836
241.582302	0.0137672
241.600694	0.0129320
241.619088	0.0132798
241.637482	0.0140473
241.655877	0.0136018
241.674272	0.0130242
241.692668	0.0132205
241.711065	0.0120496
241.729463	0.0137825
241.747861	0.0128147
241.766260	0.0138744
241.784660	0.0130720
241.803060	0.0124115
241.821461	0.0130883
241.839863	0.0133261
241.858266	0.0137299
241.876669	0.0126560
241.895073	0.0132985
241.913477	0.0130126
241.931883	0.0130953
241.950289	0.0140651
241.968695	0.0135639
241.987103	0.0136886
242.005511	0.0134680
242.023920	0.0134385
242.042329	0.0114848
242.060740	0.0132059
242.079150	0.0154936
242.097562	0.0137800
242.115974	0.0145792
242.134388	0.0144485
242.152801	0.0141921
242.171216	0.0137726
242.189631	0.0135615
242.208047	0.0138850
242.226463	0.0132145
242.244881	0.0128480
242.263299	0.0135682
242.281717	0.0136840
242.300137	0.0132455
242.318557	0.0143740
242.336977	0.0150144
242.355399	0.0138307
242.373821	0.0141912
242.392244	0.0137185
242.410668	0.0125385
242.429092	0.0147533
242.447517	0.0129589
242.465942	0.0139913
242.484369	0.0135004
242.502796	0.0136465
242.521224	0.0135943
242.539652	0.0129477
242.558081	0.0130470
242.576511	0.0152979
242.594942	0.0149527
242.613373	0.0146976
242.631805	0.0125069
242.650238	0.0136211
242.668671	0.0144001
242.687106	0.0129717
242.705540	0.0131238
242.723976	0.0128525
242.742412	0.0142915
242.760849	0.0144133
242.779287	0.0148842
242.797725	0.0133344
242.816164	0.0138285
242.834604	0.0139169
242.853044	0.0137637
242.871485	0.0141150
242.889927	0.0128174
242.908370	0.0137201
242.926813	0.0140327
242.945257	0.0132535
242.963702	0.0141878
242.982147	0.0134406
243.000593	0.0142099
243.019040	0.0138640
243.037487	0.0136598
243.055936	0.0134767
243.074384	0.0135532
243.092834	0.0142119
243.111284	0.0127714
243.129735	0.0125933
243.148187	0.0143284
243.166639	0.0157236
243.185092	0.0145185
243.203546	0.0135535
243.222001	0.0138632
243.240456	0.0128194
243.258912	0.0149454
243.277368	0.0124335
243.295826	0.0148215
243.314284	0.0119059
243.332742	0.0136296
243.351202	0.0131834
243.369662	0.0129962
243.388123	0.0123764
243.406584	0.0142024
243.425046	0.0129767
243.443509	0.0140782
243.461973	0.0142735
243.480437	0.0132364
243.498902	0.0132699
243.517368	0.0134258
243.535834	0.0136657
243.554302	0.0143843
243.572769	0.0130351
243.591238	0.0139472
243.609707	0.0136927
243.628177	0.0127093
243.646648	0.0130852
243.665119	0.0143092
243.683591	0.0129013
243.702064	0.0141758
243.720537	0.0141332
243.739012	0.0149179
243.757486	0.0129308
243.775962	0.0124273
243.794438	0.0132431
243.812915	0.0130245
243.831393	0.0133741
243.849871	0.0144729
243.868350	0.0128997
243.886830	0.0141250
243.905311	0.0131559
243.923792	0.0129543
243.942274	0.0135923
243.960756	0.0124100
243.979240	0.0130750
243.997723	0.0134509
244.016208	0.0133545
244.034694	0.0145834
244.053180	0.0135253
244.071666	0.0155782
244.090154	0.0137194
244.108642	0.0134152
244.127131	0.0135512
244.145621	0.0143164
244.164111	0.0135692
244.182602	0.0130875
244.201094	0.0139841
244.219586	0.0138433
244.238079	0.0142535
244.256573	0.0141712
244.275068	0.0135089
244.293563	0.0133602
244.312059	0.0136079
244.330555	0.0145679
244.349053	0.0147364
244.367551	0.0169688
244.386050	0.0176721
244.404549	0.0214361
244.423049	0.0230298
244.441550	0.0260024
244.460052	0.0316245
244.478554	0.0359217
244.497057	0.0392802
244.515560	0.0372896
244.534065	0.0385004
244.552570	0.0372808
244.571076	0.0339469
244.589582	0.0346502
244.608089	0.0302827
244.626597	0.0255488
244.645106	0.0237006
244.663615	0.0223832
244.682125	0.0195259
244.700636	0.0176209
244.719147	0.0161127
244.737659	0.0152834
244.756172	0.0147639
244.774685	0.0137806
244.793200	0.0154308
244.811714	0.0147440
244.830230	0.0132944
244.848746	0.0127941
244.867263	0.0139048
244.885781	0.0137806
244.904300	0.0124087
244.922819	0.0134712
244.941338	0.0134508
244.959859	0.0131233
244.978380	0.0134850
244.996902	0.0146041
245.015425	0.0137679
245.033948	0.0135142
245.052472	0.0139141
245.070997	0.0131819
245.089522	0.0139934
245.108048	0.0135385
245.126575	0.0129144
245.145103	0.0124398
245.163631	0.0130859
245.182160	0.0132403
245.200690	0.0130219
245.219220	0.0133397
245.237751	0.0133664
245.256283	0.0138613
245.274815	0.0139506
245.293348	0.0122600
245.311882	0.0133234
245.330417	0.0144648
245.348952	0.0133677
245.367488	0.0137853
245.386025	0.0141628
245.404562	0.0129685
245.423100	0.0138651
245.441639	0.0131017
245.460178	0.0148873
245.478719	0.0138960
245.497259	0.0150134
245.515801	0.0144882
245.534343	0.0156563
245.552886	0.0144918
245.571430	0.0147611
245.589974	0.0155721
245.608520	0.0159393
245.627065	0.0149631
245.645612	0.0146613
245.664159	0.0143468
245.682707	0.0141061
245.701256	0.0154808
245.719805	0.0140932
245.738355	0.0138030
245.756906	0.0143727
245.775457	0.0128446
245.794009	0.0141545
245.812562	0.0131313
245.831116	0.0126100
245.849670	0.0135221
245.868225	0.0129585
245.886780	0.0142696
245.905337	0.0134830
245.923894	0.0115742
245.942451	0.0124059
245.961010	0.0123801
245.979569	0.0138654
245.998129	0.0134176
246.016689	0.0130010
246.035251	0.0131326
246.053813	0.0147057
246.072375	0.0123697
246.090939	0.0133768
246.109503	0.0141376
246.128067	0.0122525
246.146633	0.0125851
246.165199	0.0136080
246.183766	0.0124758
246.202334	0.0140441
246.220902	0.0141961
246.239471	0.0133119
246.258041	0.0131181
246.276611	0.0124691
246.295182	0.0147571
246.313754	0.0133437
246.332326	0.0133541
246.350899	0.0141555
246.369473	0.0137103
246.388048	0.0131725
246.406623	0.0144059
246.425199	0.0130976
246.443776	0.0134704
246.462353	0.0127196
246.480932	0.0125386
246.499510	0.0127394
246.518090	0.0134091
246.536670	0.0136497
246.555251	0.0122545
246.573833	0.0139887
246.592415	0.0126251
246.610998	0.0139653
246.629582	0.0122839
246.648166	0.0125575
246.666751	0.0129629
246.685337	0.0134739
246.703924	0.0128755
246.722511	0.0128321
246.741099	0.0140749
246.759688	0.0130843
246.778277	0.0137620
246.796867	0.0133478
246.815458	0.0128508
246.834049	0.0122359
246.852641	0.0134247
246.871234	0.0132826
246.889828	0.0134476
246.908422	0.0131939
246.927017	0.0136673
246.945613	0.0132427
246.964209	0.0135219
246.982806	0.0126728
247.001404	0.0126530
247.020002	0.0134534
247.038602	0.0126078
247.057201	0.0138876
247.075802	0.0130599
247.094403	0.0133185
247.113005	0.0130738
247.131608	0.0138063
247.150211	0.0126050
247.168815	0.0138556
247.187420	0.0130898
247.206026	0.0122498
247.224632	0.0133581
247.243239	0.0134190
247.261847	0.0131512
247.280455	0.0132739
247.299064	0.0126380
247.317674	0.0133309
247.336284	0.0132561
247.354895	0.0134679
247.373507	0.0125798
247.392119	0.0136238
247.410733	0.0126273
247.429347	0.0137297
247.447961	0.0127246
247.466577	0.0141003
247.485193	0.0128252
247.503809	0.0123967
247.522427	0.0139748
247.541045	0.0128624
247.559664	0.0137438
247.578283	0.0134287
247.596904	0.0132376
247.615525	0.0126288
247.634146	0.0124937
247.652769	0.0131259
247.671392	0.0133802
247.690016	0.0133337
247.708640	0.0144514
247.727265	0.0124904
247.745891	0.0127636
247.764518	0.0133350
247.783145	0.0132145
247.801773	0.0130443
247.820402	0.0134269
247.839031	0.0126339
247.857661	0.0128713
247.876292	0.0140453
247.894923	0.0135762
247.913556	0.0134462
247.932188	0.0129871
247.950822	0.0128595
247.969456	0.0132045
247.988091	0.0126237
248.006727	0.0131424
248.025363	0.0122533
248.044001	0.0129377
248.062638	0.0138502
248.081277	0.0124813
248.099916	0.0126454
248.118556	0.0120072
248.137197	0.0134623
248.155838	0.0131044
248.174480	0.0139078
248.193123	0.0136375
248.211766	0.0131116
248.230410	0.0130931
248.249055	0.0128018
248.267701	0.0123444
248.286347	0.0140440
248.304994	0.0123649
248.323642	0.0141701
248.342290	0.0135217
248.360939	0.0137983
248.379589	0.0131220
248.398239	0.0138923
248.416890	0.0130198
248.435542	0.0129587
248.454195	0.0133678
248.472848	0.0133247
248.491502	0.0138838
248.510157	0.0128356
248.528812	0.0134842
248.547468	0.0145443
248.566125	0.0136814
248.584782	0.0143735
248.603441	0.0132297
248.622100	0.0124870
248.640759	0.0125440
248.659419	0.0134794
248.678080	0.0123260
248.696742	0.0123734
248.715404	0.0146434
248.734068	0.0145936
248.752731	0.0114247
248.771396	0.0142788
248.790061	0.0120404
248.808727	0.0135783
248.827394	0.0143307
248.846061	0.0125574
248.864729	0.0131301
248.883398	0.0127565
248.902067	0.0120876
248.920737	0.0122773
248.939408	0.0136348
248.958080	0.0123958
248.976752	0.0136729
248.995425	0.0133689
249.014098	0.0126675
249.032773	0.0124269
249.051448	0.0124451
249.070124	0.0138216
249.088800	0.0133610
249.107477	0.0124467
249.126155	0.0130528
249.144834	0.0124103
249.163513	0.0118598
249.182193	0.0130071
249.200873	0.0124286
249.219555	0.0132501
249.238237	0.0125764
249.256920	0.0125107
249.275603	0.0133925
249.294287	0.0134045
249.312972	0.0126204
249.331658	0.0128119
249.350344	0.0135741
249.369031	0.0131589
249.387719	0.0138201
249.406407	0.0128702
249.425096	0.0135317
249.443786	0.0136214
249.462476	0.0136124
249.481168	0.0129894
249.499860	0.0125637
249.518552	0.0132692
249.537245	0.0128094
249.555940	0.0125968
249.574634	0.0134836
249.593330	0.0118749
249.612026	0.0135565
249.630723	0.0139664
249.649420	0.0131446
249.668118	0.0132965
249.686817	0.0134847
249.705517	0.0142991
249.724217	0.0137796
249.742918	0.0122076
249.761620	0.0126744
249.780322	0.0138275
249.799026	0.0129759
249.817729	0.0131086
249.836434	0.0137032
249.855139	0.0123406
249.873845	0.0134531
249.892552	0.0126608
249.911259	0.0134002
249.929967	0.0143751
249.948676	0.0135863
249.967385	0.0123510
249.986096	0.0141090
250.004806	0.0133584
250.023518	0.0120643
250.042230	0.0122928
250.060943	0.0129706
250.079657	0.0125991
250.098371	0.0127582
250.117086	0.0124815
250.135802	0.0127813
250.154519	0.0131687
250.173236	0.0116359
250.191954	0.0124821
250.210672	0.0122417
250.229392	0.0136459
250.248112	0.0130840
250.266832	0.0138847
250.285554	0.0133117
250.304276	0.0124751
250.322999	0.0143030
250.341722	0.0116615
250.360446	0.0135917
250.379171	0.0119042
250.397897	0.0117248
250.416623	0.0142519
250.435350	0.0129096
250.454078	0.0128466
250.472806	0.0121806
250.491536	0.0133072
250.510265	0.0124255
250.528996	0.0126039
250.547727	0.0132720
250.566459	0.0137339
250.585192	0.0138980
250.603925	0.0131853
250.622659	0.0124241
250.641394	0.0152643
250.660129	0.0155949
250.678865	0.0158348
250.697602	0.0217651
250.716340	0.0242887
250.735078	0.0322255
250.753817	0.0405895
250.772557	0.0515180
250.791297	0.0621135
250.810038	0.0762577
250.828780	0.0835167
250.847522	0.0897496
250.866266	0.0933830
250.885009	0.0927221
250.903754	0.0854052
250.922499	0.0814298
250.941245	0.0714557
250.959992	0.0614992
250.978739	0.0517319
250.997487	0.0448243
251.016236	0.0362260
251.034986	0.0296867
251.053736	0.0240029
251.072487	0.0217345
251.091238	0.0189839
251.109991	0.0176371
251.128744	0.0140815
251.147498	0.0138184
251.166252	0.0132341
251.185007	0.0136262
251.203763	0.0124033
251.222519	0.0129787
251.241277	0.0119357
251.260035	0.0124821
251.278793	0.0126979
251.297553	0.0131164
251.316313	0.0127519
251.335073	0.0131199
251.353835	0.0127563
251.372597	0.0132539
251.391360	0.0114037
251.410123	0.0128956
251.428888	0.0128048
251.447652	0.0118269
251.466418	0.0135889
251.485184	0.0124694
251.503952	0.0140858
251.522719	0.0132627
251.541488	0.0143414
251.560257	0.0133804
251.579027	0.0110359
251.597797	0.0132067
251.616569	0.0129662
251.635341	0.0117898
251.654113	0.0119332
251.672887	0.0137024
251.691661	0.0134222
251.710436	0.0135919
251.729211	0.0122190
251.747987	0.0131953
251.766764	0.0131712
251.785542	0.0127326
251.804320	0.0121678
251.823099	0.0141574
251.841879	0.0145933
251.860659	0.0134568
251.879440	0.0135970
251.898222	0.0139130
251.917005	0.0144294
251.935788	0.0129175
251.954572	0.0136815
251.973356	0.0132696
251.992142	0.0133040
252.010928	0.0125680
252.029714	0.0118635
252.048502	0.0137625
252.067290	0.0129597
252.086079	0.0131932
252.104868	0.0124430
252.123658	0.0106162
252.142449	0.0140339
252.161241	0.0134049
252.180033	0.0125855
252.198826	0.0128998
252.217620	0.0129629
252.236415	0.0134507
252.255210	0.0141406
252.274006	0.0126606
252.292802	0.0124956
252.311600	0.0120497
252.330397	0.0126342
252.349196	0.0124618
252.367996	0.0132130
252.386796	0.0122117
252.405596	0.0122968
252.424398	0.0131891
252.443200	0.0126141
252.462003	0.0126692
252.480806	0.0136366
252.499611	0.0121836
252.518416	0.0139173
252.537221	0.0132177
252.556028	0.0116825
252.574835	0.0137380
252.593643	0.0132063
252.612451	0.0130666
252.631260	0.0124493
252.650070	0.0131663
252.668881	0.0139986
252.687692	0.0119088
252.706504	0.0140103
252.725317	0.0130581
252.744130	0.0131661
252.762944	0.0135082
252.781759	0.0143627
252.800575	0.0141048
252.819391	0.0155877
252.838208	0.0142501
252.857026	0.0145229
252.875844	0.0158877
252.894663	0.0148862
252.913483	0.0150966
252.932303	0.0157341
252.951124	0.0142970
252.969946	0.0135055
252.988769	0.0131117
253.007592	0.0142294
253.026416	0.0121384
253.045241	0.0140841
253.064066	0.0112558
253.082892	0.0124183
253.101719	0.0129587
253.120546	0.0130787
253.139374	0.0130793
253.158203	0.0127305
253.177033	0.0112653
253.195863	0.0119956
253.214694	0.0129118
253.233526	0.0138358
253.252358	0.0129958
253.271191	0.0122620
253.290025	0.0112483
253.308860	0.0130161
253.327695	0.0124411
253.346531	0.0127799
253.365367	0.0122462
253.384204	0.0125115
253.403042	0.0129257
253.421881	0.0127891
253.440721	0.0125336
253.459561	0.0120353
253.478402	0.0119285
253.497243	0.0131097
253.516085	0.0135200
253.534928	0.0122598
253.553772	0.0119383
253.572616	0.0117549
253.591461	0.0137240
253.610307	0.0126646
253.629153	0.0122870
253.648000	0.0130414
253.666848	0.0114049
253.685697	0.0126270
253.704546	0.0137905
253.723396	0.0128587
253.742247	0.0134593
253.761098	0.0125129
253.779950	0.0118145
253.798803	0.0125061
253.817656	0.0121339
253.836510	0.0135042
253.855365	0.0124470
253.874221	0.0127965
253.893077	0.0126112
253.911934	0.0116194
253.930792	0.0130442
253.949650	0.0130472
253.968509	0.0119422
253.987369	0.0127377
254.006229	0.0118294
254.025091	0.0126411
254.043952	0.0121717
254.062815	0.0137506
254.081678	0.0117159
254.100542	0.0133137
254.119407	0.0145103
254.138272	0.0117436
254.157138	0.0136332
254.176005	0.0141043
254.194873	0.0130474
254.213741	0.0125312
254.232610	0.0119588
254.251480	0.0124588
254.270350	0.0122909
254.289221	0.0126147
254.308093	0.0122761
254.326965	0.0137639
254.345838	0.0124350
254.364712	0.0125798
254.383586	0.0119678
254.402462	0.0121853
254.421338	0.0121786
254.440214	0.0132998
254.459092	0.0135683
254.477970	0.0118218
254.496848	0.0131190
254.515728	0.0133266
254.534608	0.0122984
254.553489	0.0120862
254.572370	0.0116915
254.591253	0.0129920
254.610136	0.0121108
254.629019	0.0126690
254.647904	0.0136960
254.666789	0.0127645
254.685674	0.0129486
254.704561	0.0129898
254.723448	0.0131378
254.742336	0.0133289
254.761224	0.0123771
254.780114	0.0125703
254.799004	0.0115435
254.817894	0.0113335
254.836786	0.0122378
254.855678	0.0127584
254.874571	0.0119203
254.893464	0.0120039
254.912358	0.0127585
254.931253	0.0133506
254.950149	0.0129240
254.969045	0.0122972
254.987942	0.0123761
255.006840	0.0131585
255.025738	0.0113196
255.044637	0.0127128
255.063537	0.0117231
255.082438	0.0134012
255.101339	0.0127552
255.120241	0.0123775
255.139143	0.0130563
255.158047	0.0120804
255.176951	0.0129324
255.195855	0.0128590
255.214761	0.0125227
255.233667	0.0139969
255.252574	0.0140769
255.271481	0.0127741
255.290390	0.0122377
255.309299	0.0131515
255.328208	0.0121315
255.347119	0.0129159
255.366030	0.0131511
255.384941	0.0120443
255.403854	0.0122006
255.422767	0.0131386
255.441681	0.0128825
255.460595	0.0138286
255.479511	0.0125458
255.498427	0.0118691
255.517343	0.0126185
255.536261	0.0130267
255.555179	0.0132019
255.574098	0.0117948
255.593017	0.0120736
255.611937	0.0127297
255.630858	0.0137474
255.649780	0.0111223
255.668702	0.0129237
255.687625	0.0110291
255.706549	0.0126148
255.725473	0.0130002
255.744398	0.0116216
255.763324	0.0113861
255.782250	0.0124438
255.801178	0.0122280
255.820106	0.0122098
255.839034	0.0114877
255.857964	0.0126702
255.876894	0.0122778
255.895824	0.0126871
255.914756	0.0121671
255.933688	0.0115106
255.952621	0.0114412
255.971554	0.0124388
255.990488	0.0122607
256.009423	0.0120327
256.028359	0.0115703
256.047295	0.0124588
256.066232	0.0128641
256.085170	0.0135873
256.104109	0.0126221
256.123048	0.0123642
256.141988	0.0130255
256.160928	0.0139791
256.179869	0.0123385
256.198811	0.0121353
256.217754	0.0122961
256.236697	0.0124684
256.255641	0.0120673
256.274586	0.0132517
256.293532	0.0120923
256.312478	0.0120299
256.331425	0.0122928
256.350372	0.0121081
256.369320	0.0123751
256.388269	0.0110159
256.407219	0.0117741
256.426170	0.0115050
256.445121	0.0122708
256.464072	0.0119212
256.483025	0.0118368
256.501978	0.0119196
256.520932	0.0115178
256.539887	0.0122197
256.558842	0.0119212
256.577798	0.0121322
256.596755	0.0124269
256.615712	0.0134379
256.634670	0.0132189
256.653629	0.0134354
256.672588	0.0132536
256.691549	0.0123961
256.710510	0.0114491
256.729471	0.0118932
256.748434	0.0115684
256.767397	0.0125510
256.786360	0.0115922
256.805325	0.0120216
256.824290	0.0126987
256.843256	0.0133066
256.862222	0.0120244
256.881189	0.0110895
256.900157	0.0136325
256.919126	0.0119273
256.938095	0.0112381
256.957065	0.0116199
256.976036	0.0116921
256.995008	0.0117533
257.013980	0.0116742
257.032953	0.0123995
257.051926	0.0125078
257.070901	0.0124275
257.089876	0.0118916
257.108851	0.0121561
257.127828	0.0119503
257.146805	0.0115416
257.165782	0.0123943
257.184761	0.0122772
257.203740	0.0133202
257.222720	0.0118594
257.241701	0.0125405
257.260682	0.0120860
257.279664	0.0132707
257.298647	0.0120085
257.317630	0.0119034
257.336614	0.0135661
257.355599	0.0118980
257.374584	0.0119723
257.393571	0.0116338
257.412557	0.0126158
257.431545	0.0124853
257.450533	0.0115698
257.469522	0.0124357
257.488512	0.0121577
257.507503	0.0119871
257.526494	0.0120816
257.545485	0.0112685
257.564478	0.0121411
257.583471	0.0117113
257.602465	0.0124860
257.621460	0.0122827
257.640455	0.0127388
257.659451	0.0132205
257.678448	0.0121567
257.697445	0.0124409
257.716444	0.0129343
257.735442	0.0117421
257.754442	0.0118367
257.773442	0.0117864
257.792443	0.0124154
257.811445	0.0126172
257.830447	0.0122225
257.849450	0.0123858
257.868454	0.0123996
257.887458	0.0128487
257.906464	0.0127547
257.925470	0.0103269
257.944476	0.0125203
257.963483	0.0129846
257.982491	0.0126760
258.001500	0.0124823
258.020509	0.0122777
258.039520	0.0120278
258.058530	0.0114283
258.077542	0.0127592
258.096554	0.0115935
258.115567	0.0126239
258.134580	0.0119366
258.153595	0.0120551
258.172610	0.0113187
258.191625	0.0123601
258.210642	0.0120317
258.229659	0.0118263
258.248677	0.0116684
258.267695	0.0123098
258.286715	0.0124908
258.305734	0.0119999
258.324755	0.0124325
258.343776	0.0118734
258.362798	0.0135195
258.381821	0.0123247
258.400845	0.0129050
258.419869	0.0130770
258.438894	0.0126208
258.457919	0.0133620
258.476945	0.0120895
258.495972	0.0114919
258.515000	0.0123931
258.534028	0.0108808
258.553057	0.0125014
258.572087	0.0119025
258.591118	0.0131517
258.610149	0.0123780
258.629181	0.0123682
258.648213	0.0115096
258.667246	0.0126424
258.686280	0.0116829
258.705315	0.0123325
258.724350	0.0125196
258.743387	0.0115024
258.762423	0.0137232
258.781461	0.0120219
258.800499	0.0125425
258.819538	0.0119314
258.838577	0.0116300
258.857618	0.0123454
258.876659	0.0113944
258.895700	0.0115702
258.914743	0.0118889
258.933786	0.0135564
258.952830	0.0112195
258.971874	0.0131213
258.990920	0.0123252
259.009965	0.0121227
259.029012	0.0119039
259.048059	0.0115087
259.067107	0.0125460
259.086156	0.0128851
259.105206	0.0126788
259.124256	0.0127201
259.143306	0.0131023
259.162358	0.0125066
259.181410	0.0118988
259.200463	0.0116159
259.219517	0.0134832
259.238571	0.0135204
259.257626	0.0116069
259.276682	0.0130449
259.295738	0.0127449
259.314796	0.0123089
259.333853	0.0125847
259.352912	0.0124141
259.371971	0.0118351
259.391031	0.0109251
259.410092	0.0132538
259.429153	0.0119097
259.448215	0.0120728
259.467278	0.0110911
259.486341	0.0118993
259.505406	0.0122716
259.524471	0.0115132
259.543536	0.0115071
259.562602	0.0121710
259.581669	0.0126301
259.600737	0.0121417
259.619805	0.0114824
259.638875	0.0122615
259.657944	0.0112354
259.677015	0.0121520
259.696086	0.0112837
259.715158	0.0117603
259.734231	0.0120988
259.753304	0.0131097
259.772378	0.0121075
259.791453	0.0122886
259.810528	0.0123811
259.829604	0.0120129
259.848681	0.0115016
259.867758	0.0116694
259.886837	0.0120533
259.905916	0.0122481
259.924995	0.0129282
259.944075	0.0115141
259.963157	0.0113607
259.982238	0.0108187
260.001321	0.0130574
260.020404	0.0119466
260.039488	0.0121060
260.058572	0.0131950
260.077657	0.0107207
260.096743	0.0129016
260.115830	0.0117388
260.134917	0.0122345
260.154005	0.0117922
260.173094	0.0120498
260.192184	0.0121400
260.211274	0.0117183
260.230365	0.0121829
260.249456	0.0124510
260.268549	0.0117213
260.287642	0.0110666
260.306735	0.0114784
260.325830	0.0114093
260.344925	0.0121287
260.364020	0.0124127
260.383117	0.0117234
260.402214	0.0108276
260.421312	0.0120566
260.440411	0.0132828
260.459510	0.0125182
260.478610	0.0118559
260.497711	0.0112876
260.516812	0.0115163
260.535914	0.0105888
260.555017	0.0121268
260.574120	0.0126484
260.593225	0.0137750
260.612330	0.0112746
260.631435	0.0126725
260.650541	0.0130931
260.669648	0.0122532
260.688756	0.0113155
260.707865	0.0117160
260.726974	0.0109162
260.746084	0.0133223
260.765194	0.0118058
260.784305	0.0115066
260.803417	0.0126113
260.822530	0.0116293
260.841643	0.0116801
260.860757	0.0122101
260.879872	0.0121663
260.898987	0.0130162
260.918104	0.0112878
260.937221	0.0131620
260.956338	0.0111992
260.975456	0.0134596
260.994575	0.0118643
261.013695	0.0113399
261.032815	0.0119793
261.051936	0.0121302
261.071058	0.0127321
261.090181	0.0120199
261.109304	0.0117686
261.128428	0.0116542
261.147552	0.0115082
261.166678	0.0112644
261.185804	0.0112134
261.204930	0.0116221
261.224058	0.0122904
261.243186	0.0125451
261.262314	0.0118690
261.281444	0.0118708
261.300574	0.0118564
261.319705	0.0110868
261.338837	0.0126038
261.357969	0.0114586
261.377102	0.0133626
261.396236	0.0118510
261.415370	0.0127409
261.434505	0.0130300
261.453641	0.0135148
261.472778	0.0133414
261.491915	0.0129982
261.511053	0.0148753
261.530191	0.0168675
261.549331	0.0181285
261.568471	0.0177377
261.587611	0.0189570
261.606753	0.0192267
261.625895	0.0183875
261.645038	0.0173268
261.664181	0.0164028
261.683326	0.0156630
261.702471	0.0149863
261.721616	0.0145895
261.740763	0.0138488
261.759910	0.0141981
261.779057	0.0125287
261.798206	0.0126047
261.817355	0.0130302
261.836505	0.0133266
261.855655	0.0123880
261.874807	0.0123077
261.893959	0.0127314
261.913111	0.0132220
261.932265	0.0129012
261.951419	0.0121761
261.970574	0.0117519
261.989729	0.0125066
262.008885	0.0112843
262.028042	0.0114849
262.047200	0.0117406
262.066358	0.0117204
262.085517	0.0107967
262.104677	0.0123109
262.123837	0.0128680
262.142998	0.0120319
262.162160	0.0125150
262.181323	0.0105402
262.200486	0.0123726
262.219650	0.0129767
262.238814	0.0113940
262.257980	0.0114974
262.277146	0.0117828
262.296312	0.0122701
262.315480	0.0115184
262.334648	0.0108154
262.353817	0.0109401
262.372986	0.0132475
262.392157	0.0117528
262.411328	0.0115552
262.430499	0.0096088
262.449672	0.0113041
262.468845	0.0113458
262.488018	0.0121829
262.507193	0.0117773
262.526368	0.0118717
262.545544	0.0110228
262.564720	0.0120820
262.583898	0.0119517
262.603076	0.0105837
262.622254	0.0113912
262.641434	0.0118407
262.660614	0.0120751
262.679794	0.0109633
262.698976	0.0100993
262.718158	0.0121582
262.737341	0.0116624
262.756525	0.0130037
262.775709	0.0115464
262.794894	0.0117480
262.814080	0.0121205
262.833266	0.0122964
262.852453	0.0129641
262.871641	0.0129598
262.890829	0.0112003
262.910018	0.0114414
262.929208	0.0117412
262.948399	0.0106778
262.967590	0.0112640
262.986782	0.0113158
263.005975	0.0110270
263.025168	0.0116130
263.044363	0.0120320
263.063557	0.0120090
263.082753	0.0114044
263.101949	0.0119201
263.121146	0.0127316
263.140344	0.0123347
263.159542	0.0137330
263.178741	0.0115863
263.197941	0.0114840
263.217141	0.0133288
263.236342	0.0118110
263.255544	0.0122371
263.274747	0.0111492
263.293950	0.0107162
263.313154	0.0120169
263.332359	0.0120751
263.351564	0.0124689
263.370770	0.0120629
263.389977	0.0108438
263.409184	0.0122764
263.428392	0.0120341
263.447601	0.0106848
263.466811	0.0112433
263.486021	0.0133431
263.505232	0.0125016
263.524444	0.0119890
263.543656	0.0113990
263.562869	0.0119157
263.582083	0.0109093
263.601298	0.0121423
263.620513	0.0114890
263.639729	0.0115307
263.658945	0.0105229
263.678162	0.0121923
263.697380	0.0114520
263.716599	0.0111355
263.735819	0.0113277
263.755039	0.0121197
263.774260	0.0126788
263.793481	0.0116000
263.812703	0.0125717
263.831926	0.0098640
263.851150	0.0112677
263.870374	0.0125578
263.889599	0.0123738
263.908825	0.0115091
263.928051	0.0114663
263.947278	0.0125965
263.966506	0.0138851
263.985735	0.0132296
264.004964	0.0135275
264.024194	0.0160187
264.043425	0.0174966
264.062656	0.0170096
264.081888	0.0176941
264.101121	0.0165058
264.120354	0.0165540
264.139588	0.0178778
264.158823	0.0171489
264.178059	0.0162907
264.197295	0.0151885
264.216532	0.0150525
264.235770	0.0135969
264.255008	0.0138932
264.274247	0.0135463
264.293487	0.0125377
264.312727	0.0119739
264.331968	0.0124464
264.351210	0.0115171
264.370453	0.0113504
264.389696	0.0115227
264.408940	0.0112111
264.428185	0.0114237
264.447430	0.0116727
264.466676	0.0130893
264.485923	0.0123704
264.505171	0.0115035
264.524419	0.0130461
264.543668	0.0121459
264.562917	0.0103006
264.582168	0.0118677
264.601419	0.0114183
264.620670	0.0123192
264.639923	0.0117412
264.659176	0.0112204
264.678430	0.0115143
264.697684	0.0118289
264.716940	0.0118072
264.736195	0.0121607
264.755452	0.0112288
264.774709	0.0136517
264.793968	0.0103593
264.813226	0.0118852
264.832486	0.0117914
264.851746	0.0113231
264.871007	0.0103337
264.890268	0.0114531
264.909530	0.0116458
264.928793	0.0117246
264.948057	0.0120783
264.967321	0.0117799
264.986586	0.0108961
265.005852	0.0107278
265.025119	0.0108835
265.044386	0.0108867
265.063654	0.0116411
265.082922	0.0120337
265.102192	0.0118014
265.121462	0.0111052
265.140732	0.0108988
265.160004	0.0120272
265.179276	0.0113554
265.198549	0.0106181
265.217822	0.0135199
265.237096	0.0110651
265.256371	0.0122811
265.275647	0.0132709
265.294923	0.0123531
265.314200	0.0115862
265.333478	0.0111976
265.352756	0.0116285
265.372035	0.0123973
265.391315	0.0102490
265.410596	0.0116472
265.429877	0.0113147
265.449159	0.0108988
265.468441	0.0116388
265.487725	0.0117912
265.507009	0.0116940
265.526293	0.0099859
265.545579	0.0109519
265.564865	0.0114795
265.584152	0.0124803
265.603439	0.0126452
265.622728	0.0119560
265.642016	0.0117074
265.661306	0.0129159
265.680596	0.0138102
265.699887	0.0131042
265.719179	0.0151766
265.738472	0.0156137
265.757765	0.0182630
265.777059	0.0203449
265.796353	0.0201741
265.815649	0.0227986
265.834945	0.0254240
265.854241	0.0240988
265.873539	0.0238815
265.892837	0.0230278
265.912135	0.0220621
265.931435	0.0215613
265.950735	0.0213620
265.970036	0.0178950
265.989338	0.0176084
266.008640	0.0164467
266.027943	0.0158938
266.047246	0.0165774
266.066551	0.0163327
266.085856	0.0154215
266.105162	0.0139001
266.124468	0.0144829
266.143775	0.0151455
266.163083	0.0138039
266.182392	0.0137627
266.201701	0.0137813
266.221011	0.0123681
266.240322	0.0128998
266.259633	0.0130429
266.278946	0.0150389
266.298258	0.0119211
266.317572	0.0127078
266.336886	0.0124187
266.356201	0.0108255
266.375517	0.0117009
266.394833	0.0119857
266.414150	0.0116759
266.433468	0.0112540
266.452786	0.0119123
266.472105	0.0107847
266.491425	0.0114051
266.510746	0.0118693
266.530067	0.0120618
266.549389	0.0109237
266.568712	0.0127332
266.588035	0.0129208
266.607359	0.0109950
266.626684	0.0124381
266.646009	0.0134148
266.665336	0.0125949
266.684662	0.0132739
266.703990	0.0147491
266.723318	0.0162254
266.742647	0.0183615
266.761977	0.0205355
266.781307	0.0209591
266.800638	0.0244028
266.819970	0.0235938
266.839303	0.0258592
266.858636	0.0242304
266.877970	0.0243533
266.897304	0.0227167
266.916640	0.0215530
266.935976	0.0202318
266.955312	0.0184431
266.974650	0.0176912
266.993988	0.0164595
267.013327	0.0158969
267.032666	0.0147761
267.052006	0.0127941
267.071347	0.0121939
267.090689	0.0121060
267.110031	0.0107438
267.129374	0.0112369
267.148718	0.0110770
267.168062	0.0112934
267.187408	0.0099228
267.206753	0.0106518
267.226100	0.0106227
267.245447	0.0117268
267.264795	0.0113549
267.284144	0.0108337
267.303493	0.0105160
267.322843	0.0106681
267.342194	0.0120402
267.361545	0.0120261
267.380898	0.0123359
267.400250	0.0112045
267.419604	0.0116322
267.438958	0.0104005
267.458313	0.0117461
267.477669	0.0115188
267.497025	0.0121984
267.516382	0.0112863
267.535740	0.0124888
267.555099	0.0117109
267.574458	0.0112281
267.593818	0.0103450
267.613178	0.0119273
267.632540	0.0113619
267.651901	0.0111192
267.671264	0.0114157
267.690628	0.0109480
267.709992	0.0108036
267.729356	0.0111679
267.748722	0.0112806
267.768088	0.0124147
267.787455	0.0108171
267.806823	0.0108043
267.826191	0.0119256
267.845560	0.0111724
267.864930	0.0106665
267.884300	0.0118614
267.903671	0.0110821
267.923043	0.0123606
267.942416	0.0107071
267.961789	0.0126568
267.981163	0.0104864
268.000537	0.0116076
268.019913	0.0116533
268.039289	0.0110663
268.058666	0.0128704
268.078043	0.0115619
268.097421	0.0130903
268.116800	0.0110439
268.136180	0.0112445
268.155560	0.0112958
268.174941	0.0125974
268.194322	0.0115298
268.213705	0.0116005
268.233088	0.0111048
268.252472	0.0106393
268.271856	0.0117545
268.291241	0.0109650
268.310627	0.0104867
268.330014	0.0111032
268.349401	0.0100254
268.368789	0.0126418
268.388178	0.0110184
268.407567	0.0109472
268.426957	0.0111325
268.446348	0.0119852
268.465739	0.0112127
268.485132	0.0128700
268.504524	0.0099623
268.523918	0.0107991
268.543312	0.0128529
268.562707	0.0113354
268.582103	0.0123897
268.601500	0.0118177
268.620897	0.0112020
268.640294	0.0122233
268.659693	0.0131724
268.679092	0.0159279
268.698492	0.0181420
268.717893	0.0227405
268.737294	0.0278558
268.756696	0.0354543
268.776099	0.0454307
268.795502	0.0539078
268.814906	0.0624420
268.834311	0.0692064
268.853717	0.0736113
268.873123	0.0737421
268.892530	0.0722071
268.911938	0.0682596
268.931346	0.0632233
268.950755	0.0557848
268.970165	0.0495433
268.989575	0.0424179
269.008986	0.0346640
269.028398	0.0316442
269.047811	0.0259699
269.067224	0.0200239
269.086638	0.0181924
269.106053	0.0167611
269.125468	0.0140036
269.144884	0.0137905
269.164301	0.0121134
269.183718	0.0121178
269.203137	0.0129080
269.222555	0.0109350
269.241975	0.0124852
269.261395	0.0117138
269.280816	0.0112125
269.300238	0.0110061
269.319660	0.0117739
269.339084	0.0116601
269.358507	0.0112424
269.377932	0.0116863
269.397357	0.0116335
269.416783	0.0098235
269.436210	0.0096952
269.455637	0.0106178
269.475065	0.0118220
269.494494	0.0116641
269.513923	0.0114199
269.533353	0.0111447
269.552784	0.0115362
269.572215	0.0115880
269.591648	0.0104484
269.611081	0.0138130
269.630514	0.0112123
269.649949	0.0115520
269.669384	0.0115532
269.688819	0.0112603
269.708256	0.0111697
269.727693	0.0114761
269.747131	0.0110604
269.766569	0.0124496
269.786009	0.0129047
269.805449	0.0121156
269.824889	0.0111923
269.844331	0.0121527
269.863773	0.0115687
269.883215	0.0122889
269.902659	0.0126248
269.922103	0.0119781
269.941548	0.0109166
269.960994	0.0113539
269.980440	0.0117755
269.999887	0.0118341
270.019335	0.0114881
270.038783	0.0119636
270.058232	0.0108304
270.077682	0.0115492
270.097132	0.0119199
270.116583	0.0118814
270.136035	0.0118030
270.155488	0.0111076
270.174941	0.0118232
270.194395	0.0107207
270.213850	0.0123564
270.233305	0.0114900
270.252762	0.0109850
270.272218	0.0123349
270.291676	0.0100472
270.311134	0.0101653
270.330593	0.0114229
270.350053	0.0103628
270.369513	0.0112172
270.388974	0.0119157
270.408436	0.0104598
270.427898	0.0101723
270.447361	0.0112842
270.466825	0.0123392
270.486290	0.0108953
270.505755	0.0105274
270.525221	0.0110187
270.544687	0.0114272
270.564155	0.0111950
270.583623	0.0114474
270.603092	0.0118589
270.622561	0.0112977
270.642031	0.0106517
270.661502	0.0115279
270.680974	0.0124036
270.700446	0.0111030
270.719919	0.0109904
270.739393	0.0121627
270.758867	0.0115218
270.778342	0.0123603
270.797818	0.0142011
270.817294	0.0127301
270.836772	0.0119273
270.856249	0.0123211
270.875728	0.0129575
270.895207	0.0130928
270.914687	0.0137449
270.934168	0.0141369
270.953649	0.0126847
270.973131	0.0121081
270.992614	0.0127336
271.012098	0.0115885
271.031582	0.0107805
271.051067	0.0116325
271.070553	0.0104254
271.090039	0.0122445
271.109526	0.0107016
271.129014	0.0105030
271.148502	0.0136300
271.167991	0.0121902
271.187481	0.0111776
271.206971	0.0103010
271.226463	0.0099116
271.245955	0.0103351
271.265447	0.0116773
271.284941	0.0106134
271.304435	0.0112050
271.323929	0.0121347
271.343425	0.0123924
271.362921	0.0114306
271.382418	0.0114139
271.401915	0.0129644
271.421414	0.0107993
271.440913	0.0122514
271.460412	0.0113519
271.479913	0.0117266
271.499414	0.0121587
271.518915	0.0106499
271.538418	0.0119055
271.557921	0.0107989
271.577425	0.0117478
271.596930	0.0111122
271.616435	0.0112399
271.635941	0.0112356
271.655448	0.0114409
271.674955	0.0106531
271.694463	0.0109136
271.713972	0.0116835
271.733481	0.0113861
271.752992	0.0113991
271.772502	0.0120259
271.792014	0.0106738
271.811526	0.0122041
271.831039	0.0116721
271.850553	0.0105621
271.870067	0.0122756
271.889583	0.0109674
271.909098	0.0111347
271.928615	0.0119918
271.948132	0.0102792
271.967650	0.0098931
271.987169	0.0104857
272.006688	0.0107989
272.026208	0.0106790
272.045729	0.0103777
272.065250	0.0123402
272.084772	0.0105794
272.104295	0.0117328
272.123819	0.0101819
272.143343	0.0116517
272.162868	0.0114108
272.182394	0.0112519
272.201920	0.0113824
272.221447	0.0115758
272.240975	0.0103912
272.260503	0.0105643
272.280032	0.0107182
272.299562	0.0114320
272.319093	0.0109908
272.338624	0.0114299
272.358156	0.0112862
272.377689	0.0107999
272.397222	0.0099080
272.416756	0.0114689
272.436291	0.0108870
272.455826	0.0110108
272.475363	0.0115481
272.494900	0.0106896
272.514437	0.0113733
272.533975	0.0107027
272.553514	0.0111343
272.573054	0.0112288
272.592594	0.0110194
272.612136	0.0121801
272.631677	0.0122751
272.651220	0.0098810
272.670763	0.0115627
272.690307	0.0113914
272.709852	0.0107096
272.729397	0.0108521
272.748943	0.0111239
272.768490	0.0115418
272.788037	0.0115456
272.807585	0.0115191
272.827134	0.0112019
272.846684	0.0114949
272.866234	0.0104123
272.885785	0.0122692
272.905336	0.0117617
272.924889	0.0110199
272.944442	0.0115004
272.963996	0.0114913
272.983550	0.0108952
273.003105	0.0114410
273.022661	0.0116689
273.042218	0.0113300
273.061775	0.0111020
273.081333	0.0117717
273.100891	0.0120511
273.120451	0.0105020
273.140011	0.0109560
273.159572	0.0107405
273.179133	0.0108320
273.198695	0.0116597
273.218258	0.0108828
273.237822	0.0109844
273.257386	0.0111193
273.276951	0.0121213
273.296517	0.0110219
273.316083	0.0108679
273.335650	0.0111379
273.355218	0.0118584
273.374786	0.0106943
273.394356	0.0110623
273.413926	0.0101438
273.433496	0.0117161
273.453067	0.0118808
273.472640	0.0102941
273.492212	0.0122474
273.511786	0.0113507
273.531360	0.0105611
273.550935	0.0100082
273.570510	0.0105898
273.590086	0.0122059
273.609663	0.0097305
273.629241	0.0114586
273.648819	0.0099295
273.668398	0.0114591
273.687978	0.0106967
273.707558	0.0095196
273.727140	0.0103625
273.746721	0.0098682
273.766304	0.0117348
273.785887	0.0102835
273.805471	0.0101467
273.825056	0.0105178
273.844641	0.0106119
273.864227	0.0105986
273.883814	0.0115833
273.903401	0.0111849
273.922990	0.0100193
273.942578	0.0103934
273.962168	0.0109499
273.981758	0.0117061
274.001349	0.0109940
274.020941	0.0104813
274.040533	0.0106004
274.060126	0.0113710
274.079720	0.0113728
274.099315	0.0116755
274.118910	0.0094840
274.138506	0.0115643
274.158102	0.0124347
274.177700	0.0125133
274.197298	0.0151787
274.216896	0.0149474
274.236496	0.0171414
274.256096	0.0190410
274.275697	0.0196629
274.295298	0.0198205
274.314900	0.0211336
274.334503	0.0208972
274.354107	0.0207153
274.373711	0.0203051
274.393316	0.0183366
274.412922	0.0169676
274.432528	0.0162766
274.452135	0.0143946
274.471743	0.0144483
274.491352	0.0142773
274.510961	0.0126928
274.530571	0.0115768
274.550182	0.0112120
274.569793	0.0106083
274.589405	0.0103686
274.609018	0.0101903
274.628631	0.0121792
274.648245	0.0116532
274.667860	0.0110555
274.687476	0.0103756
274.707092	0.0116395
274.726709	0.0117468
274.746327	0.0112241
274.765945	0.0105728
274.785564	0.0107339
274.805184	0.0116204
274.824804	0.0099220
274.844426	0.0117449
274.864047	0.0111218
274.883670	0.0097377
274.903293	0.0109914
274.922917	0.0110996
274.942542	0.0110042
274.962167	0.0090312
274.981793	0.0101425
275.001420	0.0117321
275.021048	0.0111652
275.040676	0.0107240
275.060305	0.0111766
275.079934	0.0105168
275.099565	0.0103039
275.119196	0.0107411
275.138828	0.0111790
275.158460	0.0101457
275.178093	0.0112123
275.197727	0.0118367
275.217361	0.0114843
275.236997	0.0108911
275.256633	0.0105908
275.276269	0.0109415
275.295907	0.0109365
275.315545	0.0105139
275.335183	0.0104539
275.354823	0.0116332
275.374463	0.0109635
275.394104	0.0100651
275.413745	0.0109208
275.433388	0.0115467
275.453030	0.0104048
275.472674	0.0102666
275.492318	0.0096484
275.511964	0.0116001
275.531609	0.0103530
275.551256	0.0092256
275.570903	0.0115017
275.590551	0.0106060
275.610199	0.0109751
275.629849	0.0120735
275.649499	0.0102215
275.669149	0.0109968
275.688801	0.0107175
275.708453	0.0099079
275.728106	0.0103955
275.747759	0.0103798
275.767413	0.0109244
275.787068	0.0115271
275.806724	0.0111885
275.826380	0.0104096
275.846037	0.0106355
275.865695	0.0106614
275.885353	0.0106483
275.905012	0.0114142
275.924672	0.0116160
275.944333	0.0103371
275.963994	0.0112176
275.983656	0.0110399
276.003318	0.0113105
276.022982	0.0104794
276.042646	0.0103331
276.062310	0.0094913
276.081976	0.0114367
276.101642	0.0123624
276.121309	0.0124762
276.140976	0.0110726
276.160644	0.0097992
276.180313	0.0113946
276.199983	0.0115851
276.219653	0.0109039
276.239324	0.0103779
276.258996	0.0110691
276.278669	0.0113936
276.298342	0.0106681
276.318016	0.0104345
276.337690	0.0114721
276.357366	0.0102552
276.377041	0.0119170
276.396718	0.0100665
276.416396	0.0103098
276.436074	0.0097884
276.455752	0.0115667
276.475432	0.0108031
276.495112	0.0111849
276.514793	0.0108176
276.534474	0.0110386
276.554157	0.0120865
276.573840	0.0100284
276.593523	0.0108736
276.613208	0.0107922
276.632893	0.0092154
276.652579	0.0109637
276.672265	0.0108314
276.691952	0.0104310
276.711640	0.0104967
276.731329	0.0103775
276.751018	0.0092467
276.770708	0.0103323
276.790399	0.0110462
276.810090	0.0117020
276.829782	0.0112984
276.849475	0.0104285
276.869169	0.0099601
276.888863	0.0110252
276.908558	0.0111099
276.928254	0.0109455
276.947950	0.0112657
276.967647	0.0120632
276.987345	0.0124232
277.007043	0.0119800
277.026742	0.0121654
277.046442	0.0110654
277.066143	0.0114745
277.085844	0.0122663
277.105546	0.0126767
277.125249	0.0131094
277.144952	0.0125370
277.164656	0.0126253
277.184361	0.0113960
277.204066	0.0111507
277.223772	0.0118076
277.243479	0.0106972
277.263187	0.0116760
277.282895	0.0101470
277.302604	0.0102130
277.322314	0.0098703
277.342024	0.0111259
277.361735	0.0109980
277.381447	0.0121108
277.401160	0.0102172
277.420873	0.0093999
277.440587	0.0125188
277.460301	0.0089372
277.480016	0.0114779
277.499732	0.0105698
277.519449	0.0099483
277.539167	0.0102337
277.558885	0.0109297
277.578604	0.0104021
277.598323	0.0102203
277.618043	0.0094183
277.637764	0.0112880
277.657486	0.0106691
277.677208	0.0109812
277.696931	0.0109177
277.716655	0.0102848
277.736379	0.0104071
277.756104	0.0110108
277.775830	0.0108483
277.795557	0.0100623
277.815284	0.0111363
277.835012	0.0110190
277.854741	0.0103740
277.874470	0.0107216
277.894200	0.0123362
277.913931	0.0104118
277.933662	0.0111859
277.953394	0.0093939
277.973127	0.0108458
277.992861	0.0108323
278.012595	0.0106304
278.032330	0.0106931
278.052066	0.0089344
278.071802	0.0109192
278.091539	0.0105186
278.111277	0.0103907
278.131015	0.0111654
278.150755	0.0104326
278.170494	0.0109390
278.190235	0.0115033
278.209976	0.0106755
278.229718	0.0105138
278.249461	0.0112752
278.269204	0.0104748
278.288948	0.0097178
278.308693	0.0107413
278.328439	0.0116564
278.348185	0.0112934
278.367932	0.0112648
278.387679	0.0105009
278.407428	0.0118948
278.427177	0.0115842
278.446927	0.0099790
278.466677	0.0107501
278.486428	0.0108894
278.506180	0.0114510
278.525932	0.0106756
278.545686	0.0096791
278.565440	0.0105765
278.585194	0.0103786
278.604950	0.0095912
278.624706	0.0095157
278.644462	0.0111452
278.664220	0.0101420
278.683978	0.0111359
278.703737	0.0110890
278.723496	0.0114022
278.743257	0.0096254
278.763018	0.0104107
278.782779	0.0103375
278.802542	0.0104186
278.822305	0.0096582
278.842068	0.0115066
278.861833	0.0121954
278.881598	0.0125953
278.901364	0.0121056
278.921130	0.0141743
278.940898	0.0153230
278.960666	0.0170689
278.980434	0.0200560
279.000204	0.0214981
279.019974	0.0245149
279.039745	0.0257370
279.059516	0.0253976
279.079288	0.0269381
279.099061	0.0267388
279.118835	0.0243472
279.138609	0.0229856
279.158384	0.0208915
279.178160	0.0198490
279.197936	0.0175125
279.217713	0.0169609
279.237491	0.0148665
279.257270	0.0136007
279.277049	0.0130849
279.296829	0.0112135
279.316609	0.0118014
279.336391	0.0109197
279.356173	0.0100386
279.375956	0.0118751
279.395739	0.0100419
279.415523	0.0103467
279.435308	0.0109008
279.455093	0.0101243
279.474880	0.0111990
279.494667	0.0101768
279.514454	0.0112432
279.534243	0.0107980
279.554032	0.0109599
279.573821	0.0104322
279.593612	0.0113252
279.613403	0.0106552
279.633195	0.0104890
279.652987	0.0096817
279.672781	0.0112385
279.692575	0.0107367
279.712369	0.0102331
279.732165	0.0107467
279.751961	0.0109419
279.771758	0.0111406
279.791555	0.0115544
279.811353	0.0105326
279.831152	0.0120914
279.850952	0.0120771
279.870752	0.0102876
279.890553	0.0111302
279.910355	0.0098689
279.930157	0.0104848
279.949960	0.0091552
279.969764	0.0099885
279.989568	0.0093138
280.009374	0.0102465
280.029180	0.0106662
280.048986	0.0107690
280.068794	0.0097838
280.088602	0.0112003
280.108410	0.0104438
280.128220	0.0094797
280.148030	0.0090574
280.167841	0.0106783
280.187652	0.0108219
280.207464	0.0102305
280.227277	0.0108061
280.247091	0.0109049
280.266905	0.0109704
280.286720	0.0107492
280.306536	0.0111365
280.326353	0.0101190
280.346170	0.0102117
280.365988	0.0105264
280.385806	0.0107740
280.405625	0.0119901
280.425445	0.0107109
280.445266	0.0118846
280.465087	0.0101188
280.484909	0.0106572
280.504732	0.0095087
280.524556	0.0097494
280.544380	0.0108469
280.564205	0.0103466
280.584030	0.0107909
280.603856	0.0106741
280.623683	0.0116705
280.643511	0.0107450
280.663340	0.0101405
280.683169	0.0101776
280.702998	0.0101755
280.722829	0.0099090
280.742660	0.0101087
280.762492	0.0102345
280.782325	0.0090489
280.802158	0.0111285
280.821992	0.0103826
280.841827	0.0113293
280.861662	0.0114575
280.881498	0.0109074
280.901335	0.0094513
280.921172	0.0098360
280.941011	0.0114193
280.960850	0.0115121
280.980689	0.0103711
281.000530	0.0104322
281.020371	0.0107209
281.040212	0.0108835
281.060055	0.0099892
281.079898	0.0107496
281.099742	0.0105908
281.119586	0.0099423
281.139431	0.0100270
281.159277	0.0116593
281.179124	0.0105192
281.198971	0.0111464
281.218819	0.0098546
281.238668	0.0105872
281.258518	0.0104615
281.278368	0.0115983
281.298219	0.0105337
281.318070	0.0110389
281.337923	0.0110563
281.357776	0.0110395
281.377629	0.0108623
281.397484	0.0121068
281.417339	0.0104961
281.437194	0.0105271
281.457051	0.0100173
281.476908	0.0100770
281.496766	0.0116179
281.516625	0.0096368
281.536484	0.0104561
281.556344	0.0101931
281.576205	0.0097410
281.596066	0.0098048
281.615928	0.0111628
281.635791	0.0096863
281.655654	0.0111679
281.675519	0.0111145
281.695383	0.0101356
281.715249	0.0102757
281.735115	0.0108448
281.754982	0.0104647
281.774850	0.0111979
281.794719	0.0106315
281.814588	0.0094186
281.834457	0.0104717
281.854328	0.0099670
281.874199	0.0101662
281.894071	0.0116186
281.913944	0.0105260
281.933817	0.0105076
281.953691	0.0095817
281.973566	0.0101324
281.993441	0.0096498
282.013318	0.0093702
282.033194	0.0110310
282.053072	0.0101608
282.072950	0.0093435
282.092829	0.0114792
282.112709	0.0099336
282.132589	0.0096875
282.152470	0.0106876
282.172352	0.0110429
282.192234	0.0096250
282.212118	0.0107012
282.232002	0.0089369
282.251886	0.0107535
282.271771	0.0106170
282.291657	0.0097614
282.311544	0.0099803
282.331431	0.0108533
282.351319	0.0112360
282.371208	0.0102124
282.391098	0.0106199
282.410988	0.0101605
282.430879	0.0103027
282.450770	0.0106049
282.470663	0.0109957
282.490556	0.0101460
282.510449	0.0104071
282.530344	0.0095566
282.550239	0.0106793
282.570135	0.0096963
282.590031	0.0099470
282.609929	0.0109472
282.629826	0.0100137
282.649725	0.0110481
282.669624	0.0089314
282.689524	0.0102803
282.709425	0.0103257
282.729327	0.0103108
282.749229	0.0104689
282.769132	0.0100823
282.789035	0.0110363
282.808939	0.0094957
282.828844	0.0108376
282.848750	0.0106303
282.868656	0.0102585
282.888563	0.0104169
282.908471	0.0114597
282.928380	0.0102527
282.948289	0.0102556
282.968199	0.0101634
282.988109	0.0115021
283.008020	0.0104126
283.027932	0.0106468
283.047845	0.0098373
283.067758	0.0100095
283.087673	0.0103527
283.107587	0.0105102
283.127503	0.0109766
283.147419	0.0099159
283.167336	0.0093922
283.187253	0.0108244
283.207172	0.0100978
283.227091	0.0099739
283.247010	0.0102178
283.266931	0.0100657
283.286852	0.0105538
283.306774	0.0112045
283.326696	0.0101489
283.346619	0.0094316
283.366543	0.0106992
283.386468	0.0101801
283.406393	0.0088206
283.426319	0.0105134
283.446246	0.0100536
283.466174	0.0101049
283.486102	0.0108144
283.506030	0.0105893
283.525960	0.0101898
283.545890	0.0099519
283.565821	0.0092537
283.585753	0.0102469
283.605685	0.0102872
283.625618	0.0096784
283.645552	0.0097272
283.665486	0.0102114
283.685422	0.0113386
283.705357	0.0100753
283.725294	0.0094593
283.745231	0.0094711
283.765169	0.0097159
283.785108	0.0105521
283.805047	0.0098070
283.824987	0.0099342
283.844928	0.0107610
283.864869	0.0095059
283.884812	0.0106303
283.904755	0.0090022
283.924698	0.0107660
283.944642	0.0104330
283.964587	0.0113365
283.984533	0.0106375
284.004479	0.0125910
284.024427	0.0122849
284.044374	0.0120493
284.064323	0.0135361
284.084272	0.0114686
284.104222	0.0124406
284.124173	0.0128565
284.144124	0.0120026
284.164076	0.0109087
284.184029	0.0099936
284.203982	0.0116649
284.223936	0.0109822
284.243891	0.0108301
284.263846	0.0107667
284.283803	0.0108216
284.303760	0.0103624
284.323717	0.0104547
284.343675	0.0104585
284.363635	0.0100332
284.383594	0.0101857
284.403555	0.0105263
284.423516	0.0101410
284.443478	0.0109960
284.463440	0.0111811
284.483403	0.0104240
284.503367	0.0106694
284.523332	0.0098861
284.543297	0.0112659
284.563263	0.0107003
284.583230	0.0111470
284.603198	0.0093565
284.623166	0.0116136
284.643135	0.0106380
284.663104	0.0106262
284.683075	0.0104746
284.703046	0.0104078
284.723017	0.0102845
284.742990	0.0111022
284.762963	0.0091445
284.782936	0.0111941
284.802911	0.0099859
284.822886	0.0105138
284.842862	0.0103433
284.862839	0.0105401
284.882816	0.0117587
284.902794	0.0096770
284.922773	0.0105127
284.942752	0.0109721
284.962732	0.0115474
284.982713	0.0107313
285.002694	0.0108465
285.022677	0.0114938
285.042660	0.0102239
285.062643	0.0092933
285.082627	0.0104303
285.102612	0.0100126
285.122598	0.0092066
285.142585	0.0103732
285.162572	0.0096072
285.182560	0.0105946
285.202548	0.0098691
285.222537	0.0096844
285.242527	0.0093697
285.262518	0.0101817
285.282509	0.0106384
285.302501	0.0092726
285.322494	0.0101899
285.342488	0.0102053
285.362482	0.0094052
285.382477	0.0105584
285.402472	0.0097526
285.422468	0.0100621
285.442465	0.0108982
285.462463	0.0106869
285.482461	0.0094086
285.502460	0.0101963
285.522460	0.0091785
285.542461	0.0092666
285.562462	0.0095043
285.582464	0.0105194
285.602466	0.0108813
285.622470	0.0090377
285.642474	0.0109252
285.662478	0.0094630
285.682484	0.0112030
285.702490	0.0097579
285.722496	0.0102976
285.742504	0.0103499
285.762512	0.0100316
285.782521	0.0112697
285.802531	0.0111223
285.822541	0.0086002
285.842552	0.0101347
285.862564	0.0107097
285.882576	0.0107199
285.902589	0.0103632
285.922603	0.0111018
285.942618	0.0102751
285.962633	0.0096659
285.982649	0.0106083
286.002665	0.0101579
286.022683	0.0098468
286.042701	0.0091973
286.062719	0.0099674
286.082739	0.0102231
286.102759	0.0108836
286.122780	0.0082979
286.142801	0.0098458
286.162824	0.0088557
286.182847	0.0111072
286.202870	0.0092656
286.222895	0.0110922
286.242920	0.0108871
286.262945	0.0105054
286.282972	0.0100918
286.302999	0.0104145
286.323027	0.0103921
286.343055	0.0116898
286.363085	0.0099949
286.383115	0.0110229
286.403145	0.0101168
286.423177	0.0120645
286.443209	0.0099003
286.463242	0.0093813
286.483275	0.0100453
286.503309	0.0104867
286.523344	0.0097811
286.543380	0.0096759
286.563416	0.0106187
286.583453	0.0099355
286.603491	0.0097394
286.623529	0.0112821
286.643568	0.0123350
286.663608	0.0127344
286.683649	0.0143567
286.703690	0.0176418
286.723732	0.0202675
286.743774	0.0256465
286.763818	0.0323430
286.783862	0.0395708
286.803906	0.0451404
286.823952	0.0502953
286.843998	0.0568758
286.864045	0.0611464
286.884092	0.0585383
286.904141	0.0584372
286.924190	0.0538740
286.944239	0.0481916
286.964290	0.0440144
286.984341	0.0387685
287.004392	0.0330214
287.024445	0.0286028
287.044498	0.0238163
287.064552	0.0205955
287.084606	0.0177819
287.104662	0.0156121
287.124718	0.0131980
287.144774	0.0119083
287.164832	0.0105031
287.184890	0.0110084
287.204948	0.0106662
287.225008	0.0105269
287.245068	0.0101643
287.265129	0.0113057
287.285191	0.0087348
287.305253	0.0110020
287.325316	0.0109040
287.345379	0.0100776
287.365444	0.0099376
287.385509	0.0100059
287.405575	0.0102339
287.425641	0.0097062
287.445708	0.0096703
287.465776	0.0094950
287.485845	0.0102897
287.505914	0.0102759
287.525984	0.0101270
287.546055	0.0109687
287.566126	0.0103780
287.586199	0.0095847
287.606271	0.0100045
287.626345	0.0102667
287.646419	0.0102429
287.666494	0.0095112
287.686570	0.0107909
287.706646	0.0107571
287.726723	0.0107818
287.746801	0.0089677
287.766879	0.0121068
287.786958	0.0094907
287.807038	0.0107090
287.827119	0.0103623
287.847200	0.0106182
287.867282	0.0103977
287.887365	0.0105748
287.907448	0.0102115
287.927532	0.0110914
287.947617	0.0109638
287.967702	0.0092977
287.987788	0.0094778
288.007875	0.0092896
288.027963	0.0101148
288.048051	0.0089169
288.068140	0.0086399
288.088230	0.0098384
288.108320	0.0109510
288.128411	0.0103239
288.148503	0.0094551
288.168596	0.0102205
288.188689	0.0102331
288.208783	0.0109558
288.228877	0.0103347
288.248972	0.0102703
288.269068	0.0090284
288.289165	0.0094590
288.309263	0.0100401
288.329361	0.0095283
288.349460	0.0096770
288.369559	0.0106052
288.389659	0.0098573
288.409760	0.0113198
288.429862	0.0115910
288.449964	0.0097456
288.470067	0.0097371
288.490171	0.0105476
288.510275	0.0103260
288.530380	0.0096489
288.550486	0.0112833
288.570593	0.0105238
288.590700	0.0100818
288.610808	0.0104544
288.630917	0.0094027
288.651026	0.0103764
288.671136	0.0095849
288.691247	0.0109126
288.711358	0.0102666
288.731470	0.0110896
288.751583	0.0127034
288.771697	0.0101425
288.791811	0.0110011
288.811926	0.0104137
288.832042	0.0116360
288.852158	0.0107554
288.872275	0.0120058
288.892393	0.0105121
288.912511	0.0105332
288.932630	0.0118737
288.952750	0.0111439
288.972871	0.0110993
288.992992	0.0107358
289.013114	0.0105388
289.033237	0.0101903
289.053360	0.0109799
289.073484	0.0109156
289.093609	0.0105983
289.113735	0.0098010
289.133861	0.0103431
289.153988	0.0107437
289.174115	0.0112194
289.194244	0.0109909
289.214373	0.0096584
289.234502	0.0100882
289.254633	0.0099663
289.274764	0.0099119
289.294896	0.0098668
289.315028	0.0098561
289.335162	0.0096103
289.355295	0.0103702
289.375430	0.0115673
289.395565	0.0093875
289.415702	0.0092922
289.435838	0.0100476
289.455976	0.0095549
289.476114	0.0100412
289.496253	0.0100232
289.516392	0.0100534
289.536532	0.0107716
289.556673	0.0098213
289.576815	0.0097289
289.596957	0.0099034
289.617100	0.0101759
289.637244	0.0098069
289.657389	0.0103163
289.677534	0.0101691
289.697680	0.0099110
289.717826	0.0099253
289.737974	0.0101069
289.758122	0.0099178
289.778270	0.0096364
289.798420	0.0090043
289.818570	0.0097972
289.838721	0.0101535
289.858872	0.0101299
289.879024	0.0104886
289.899177	0.0095253
289.919331	0.0083782
289.939485	0.0111205
289.959640	0.0099877
289.979796	0.0100588
289.999952	0.0110108
290.020109	0.0108141
290.040267	0.0104092
290.060426	0.0093409
290.080585	0.0108011
290.100745	0.0117375
290.120905	0.0108856
290.141067	0.0096410
290.161229	0.0097817
290.181391	0.0115616
290.201555	0.0101960
290.221719	0.0094198
290.241884	0.0103337
290.262049	0.0104987
290.282216	0.0103165
290.302382	0.0109383
290.322550	0.0096528
290.342718	0.0110646
290.362887	0.0097298
290.383057	0.0097662
290.403228	0.0107904
290.423399	0.0098813
290.443571	0.0102715
290.463743	0.0097048
290.483917	0.0101159
290.504091	0.0108678
290.524265	0.0090481
290.544441	0.0106116
290.564617	0.0081745
290.584793	0.0104499
290.604971	0.0092351
290.625149	0.0103820
290.645328	0.0103056
290.665508	0.0093401
290.685688	0.0098209
290.705869	0.0098085
290.726050	0.0105371
290.746233	0.0105768
290.766416	0.0099820
290.786600	0.0095133
290.806784	0.0099733
290.826969	0.0095139
290.847155	0.0103618
290.867342	0.0100838
290.887529	0.0110740
290.907717	0.0114618
290.927906	0.0094227
290.948095	0.0096283
290.968286	0.0097592
290.988476	0.0099269
291.008668	0.0100630
291.028860	0.0106961
291.049053	0.0095612
291.069247	0.0108115
291.089441	0.0095642
291.109636	0.0099480
291.129832	0.0102753
291.150028	0.0110586
291.170225	0.0107400
291.190423	0.0096373
291.210622	0.0092389
291.230821	0.0091921
291.251021	0.0107572
291.271222	0.0100025
291.291423	0.0095298
291.311625	0.0099633
291.331828	0.0101847
291.352031	0.0101427
291.372235	0.0105650
291.392440	0.0103002
291.412646	0.0113162
291.432852	0.0099032
291.453059	0.0094485
291.473267	0.0110584
291.493475	0.0099236
291.513684	0.0102295
291.533894	0.0093928
291.554105	0.0102347
291.574316	0.0092472
291.594528	0.0114563
291.614740	0.0093251
291.634954	0.0104326
291.655168	0.0102104
291.675382	0.0091348
291.695598	0.0097919
291.715814	0.0088318
291.736031	0.0108400
291.756248	0.0096658
291.776466	0.0105186
291.796685	0.0101994
291.816905	0.0094690
291.837125	0.0098855
291.857346	0.0109276
291.877568	0.0093633
291.897790	0.0104781
291.918014	0.0108358
291.938237	0.0104040
291.958462	0.0096849
291.978687	0.0115109
291.998913	0.0099680
292.019140	0.0103776
292.039367	0.0099173
292.059595	0.0096912
292.079824	0.0084361
292.100053	0.0093864
292.120284	0.0085505
292.140514	0.0101847
292.160746	0.0096186
292.180978	0.0100744
292.201211	0.0103778
292.221445	0.0100052
292.241679	0.0100164
292.261914	0.0096517
292.282150	0.0102150
292.302387	0.0093052
292.322624	0.0102164
292.342862	0.0099887
292.363100	0.0100582
292.383340	0.0096253
292.403579	0.0093946
292.423820	0.0106382
292.444062	0.0109355
292.464304	0.0095797
292.484546	0.0101502
292.504790	0.0106702
292.525034	0.0090788
292.545279	0.0089570
292.565525	0.0098448
292.585771	0.0102734
292.606018	0.0103725
292.626266	0.0097526
292.646514	0.0098132
292.666763	0.0094353
292.687013	0.0094488
292.707264	0.0108237
292.727515	0.0108760
292.747767	0.0098012
292.768019	0.0100280
292.788273	0.0111520
292.808527	0.0094678
292.828782	0.0090663
292.849037	0.0111872
292.869293	0.0095747
292.889550	0.0087282
292.909808	0.0095989
292.930066	0.0096953
292.950325	0.0095552
292.970584	0.0111148
292.990845	0.0088805
293.011106	0.0101656
293.031368	0.0097706
293.051630	0.0094826
293.071893	0.0089897
293.092157	0.0089037
293.112422	0.0098982
293.132687	0.0107044
293.152953	0.0098452
293.173220	0.0093991
293.193487	0.0097583
293.213755	0.0101802
293.234024	0.0105372
293.254293	0.0088075
293.274564	0.0096066
293.294834	0.0103055
293.315106	0.0088018
293.335378	0.0095737
293.355651	0.0092699
293.375925	0.0092168
293.396200	0.0102375
293.416475	0.0093641
293.436750	0.0102160
293.457027	0.0092400
293.477304	0.0099324
293.497582	0.0102430
293.517861	0.0093340
293.538140	0.0106538
293.558420	0.0094388
293.578701	0.0100006
293.598982	0.0093848
293.619264	0.0097523
293.639547	0.0099774
293.659831	0.0099064
293.680115	0.0102460
293.700400	0.0100247
293.720686	0.0102370
293.740972	0.0096674
293.761259	0.0096950
293.781547	0.0103821
293.801835	0.0105909
293.822124	0.0087652
293.842414	0.0105461
293.862705	0.0092459
293.882996	0.0088645
293.903288	0.0098057
293.923581	0.0098381
293.943874	0.0111414
293.964168	0.0093593
293.984463	0.0113643
294.004758	0.0106631
294.025055	0.0102865
294.045351	0.0085386
294.065649	0.0094979
294.085947	0.0094727
294.106246	0.0093199
294.126546	0.0091424
294.146846	0.0097993
294.167148	0.0093950
294.187449	0.0093629
294.207752	0.0093874
294.228055	0.0090575
294.248359	0.0099441
294.268664	0.0099022
294.288969	0.0098621
294.309275	0.0101505
294.329582	0.0090751
294.349889	0.0090717
294.370197	0.0104450
294.390506	0.0088733
294.410815	0.0089895
294.431126	0.0098820
294.451437	0.0097517
294.471748	0.0103661
294.492061	0.0099689
294.512374	0.0100109
294.532687	0.0096593
294.553002	0.0092677
294.573317	0.0101112
294.593633	0.0096133
294.613949	0.0087201
294.634267	0.0098685
294.654585	0.0093420
294.674903	0.0089565
294.695223	0.0101070
294.715543	0.0100421
294.735863	0.0094725
294.756185	0.0094723
294.776507	0.0107229
294.796830	0.0093909
294.817154	0.0097218
294.837478	0.0095010
294.857803	0.0095028
294.878129	0.0100860
294.898455	0.0094564
294.918782	0.0093816
294.939110	0.0094661
294.959438	0.0097839
294.979767	0.0095433
295.000097	0.0094413
295.020428	0.0092640
295.040759	0.0097986
295.061091	0.0100635
295.081424	0.0095237
295.101757	0.0102834
295.122092	0.0101881
295.142426	0.0096713
295.162762	0.0099725
295.183098	0.0088628
295.203435	0.0098892
295.223773	0.0102145
295.244111	0.0097477
295.264450	0.0110231
295.284790	0.0107440
295.305130	0.0096826
295.325471	0.0095758
295.345813	0.0100314
295.366156	0.0102305
295.386499	0.0085960
295.406843	0.0098649
295.427187	0.0106779
295.447533	0.0087984
295.467879	0.0091877
295.488226	0.0106858
295.508573	0.0114620
295.528921	0.0098785
295.549270	0.0094634
295.569620	0.0098604
295.589970	0.0091642
295.610321	0.0100724
295.630673	0.0091455
295.651025	0.0092638
295.671378	0.0107122
295.691732	0.0098605
295.712086	0.0088711
295.732442	0.0100130
295.752797	0.0110867
295.773154	0.0109977
295.793511	0.0101492
295.813869	0.0100292
295.834228	0.0119822
295.854587	0.0122183
295.874947	0.0124785
295.895308	0.0138655
295.915670	0.0164341
295.936032	0.0167063
295.956395	0.0174702
295.976759	0.0170037
295.997123	0.0191976
296.017488	0.0181725
296.037854	0.0176457
296.058220	0.0164750
296.078587	0.0154239
296.098955	0.0154613
296.119323	0.0143776
296.139693	0.0130104
296.160063	0.0118247
296.180433	0.0130363
296.200805	0.0111071
296.221177	0.0103091
296.241549	0.0110039
296.261923	0.0109428
296.282297	0.0102595
296.302672	0.0098412
296.323047	0.0088794
296.343424	0.0090155
296.363801	0.0101995
296.384178	0.0091433
296.404557	0.0102246
296.424936	0.0096865
296.445316	0.0092487
296.465696	0.0101754
296.486077	0.0103152
296.506459	0.0099634
296.526842	0.0100412
296.547225	0.0087917
296.567609	0.0085737
296.587994	0.0098112
296.608379	0.0098008
296.628765	0.0091459
296.649152	0.0092322
296.669539	0.0100405
296.689928	0.0086878
296.710316	0.0097813
296.730706	0.0089801
296.751096	0.0097507
296.771487	0.0085092
296.791879	0.0098216
296.812271	0.0095741
296.832665	0.0087017
296.853058	0.0092230
296.873453	0.0093918
296.893848	0.0104026
296.914244	0.0096206
296.934641	0.0087952
296.955038	0.0085606
296.975436	0.0092987
296.995835	0.0106733
297.016234	0.0090692
297.036634	0.0104012
297.057035	0.0094168
297.077437	0.0096156
297.097839	0.0110919
297.118242	0.0101554
297.138646	0.0093176
297.159050	0.0096302
297.179455	0.0101274
297.199861	0.0098400
297.220267	0.0101202
297.240674	0.0097304
297.261082	0.0087459
297.281491	0.0096294
297.301900	0.0087047
297.322310	0.0096849
297.342721	0.0085711
297.363132	0.0096068
297.383544	0.0089737
297.403957	0.0101071
297.424370	0.0094948
297.444785	0.0097484
297.465200	0.0093658
297.485615	0.0094925
297.506031	0.0093022
297.526448	0.0097802
297.546866	0.0089255
297.567284	0.0090572
297.587704	0.0093338
297.608123	0.0105935
297.628544	0.0088577
297.648965	0.0105441
297.669387	0.0095537
297.689810	0.0088532
297.710233	0.0096698
297.730657	0.0097401
297.751082	0.0100102
297.771507	0.0098805
297.791933	0.0098805
297.812360	0.0114450
297.832788	0.0117095
297.853216	0.0120354
297.873645	0.0118637
297.894074	0.0129467
297.914505	0.0136214
297.934936	0.0136459
297.955368	0.0127199
297.975800	0.0140574
297.996233	0.0135023
298.016667	0.0123201
298.037102	0.0143660
298.057537	0.0127926
298.077973	0.0124565
298.098409	0.0115612
298.118847	0.0109420
298.139285	0.0106825
298.159724	0.0092142
298.180163	0.0096723
298.200603	0.0110792
298.221044	0.0099627
298.241486	0.0093174
298.261928	0.0091223
298.282371	0.0086988
298.302815	0.0105008
298.323259	0.0097349
298.343704	0.0102796
298.364150	0.0083160
298.384596	0.0094724
298.405044	0.0076972
298.425492	0.0088470
298.445940	0.0087629
298.466389	0.0098149
298.486840	0.0092878
298.507290	0.0093763
298.527742	0.0090566
298.548194	0.0090865
298.568647	0.0096244
298.589100	0.0094975
298.609554	0.0086176
298.630009	0.0088914
298.650465	0.0093976
298.670921	0.0096483
298.691378	0.0085774
298.711836	0.0093147
298.732294	0.0093796
298.752754	0.0096847
298.773213	0.0083788
298.793674	0.0107557
298.814135	0.0084799
298.834597	0.0091909
298.855060	0.0085003
298.875523	0.0105144
298.895987	0.0088636
298.916452	0.0089110
298.936917	0.0100406
298.957384	0.0089878
298.977850	0.0087939
298.998318	0.0092277
299.018786	0.0090464
299.039255	0.0093769
299.059725	0.0095951
299.080195	0.0108936
299.100666	0.0092791
299.121138	0.0097325
299.141611	0.0096487
299.162084	0.0088833
299.182558	0.0089235
299.203032	0.0093292
299.223508	0.0102242
299.243984	0.0107695
299.264460	0.0096408
299.284938	0.0091194
299.305416	0.0088112
299.325895	0.0090406
299.346374	0.0091451
299.366854	0.0096545
299.387335	0.0109677
299.407817	0.0104183
299.428299	0.0091648
299.448782	0.0093231
299.469266	0.0103440
299.489750	0.0099532
299.510235	0.0101453
299.530721	0.0083580
299.551208	0.0090090
299.571695	0.0091202
299.592183	0.0098438
299.612672	0.0088458
299.633161	0.0089586
299.653651	0.0098226
299.674142	0.0090989
299.694633	0.0091945
299.715125	0.0085597
299.735618	0.0095363
299.756112	0.0092874
299.776606	0.0088737
299.797101	0.0111053
299.817597	0.0094404
299.838093	0.0093011
299.858590	0.0094358
299.879088	0.0087975
299.899586	0.0096028
299.920086	0.0085801
299.940585	0.0092313
299.961086	0.0097081
299.981587	0.0101631
300.002089	0.0088202
300.022592	0.0092041
300.043095	0.0100892
300.063599	0.0091981
300.084104	0.0087832
300.104610	0.0104441
300.125116	0.0093470
300.145623	0.0095230
300.166130	0.0095000
300.186639	0.0086704
300.207148	0.0097566
300.227658	0.0094747
300.248168	0.0088518
300.268679	0.0100640
300.289191	0.0099301
300.309703	0.0089834
300.330217	0.0097642
300.350731	0.0090710
300.371245	0.0094305
300.391761	0.0100880
300.412277	0.0094697
300.432793	0.0091108
300.453311	0.0094734
300.473829	0.0101613
300.494348	0.0089511
300.514867	0.0099878
300.535387	0.0089746
300.555908	0.0090976
300.576430	0.0099073
300.596952	0.0084391
300.617476	0.0087015
300.637999	0.0092419
300.658524	0.0085064
300.679049	0.0097723
300.699575	0.0097246
300.720101	0.0088133
300.740629	0.0099076
300.761157	0.0084940
300.781685	0.0086418
300.802215	0.0096315
300.822745	0.0094260
300.843276	0.0096876
300.863807	0.0084553
300.884339	0.0096587
300.904872	0.0096978
300.925406	0.0109088
300.945940	0.0083467
300.966475	0.0095949
300.987011	0.0097590
301.007547	0.0103256
301.028084	0.0092119
301.048622	0.0084088
301.069161	0.0098334
301.089700	0.0094852
301.110240	0.0108223
301.130780	0.0093704
301.151322	0.0103757
301.171864	0.0100151
301.192406	0.0097000
301.212950	0.0096163
301.233494	0.0088260
301.254039	0.0100689
301.274584	0.0100138
301.295130	0.0096731
301.315677	0.0084204
301.336225	0.0096697
301.356773	0.0114803
301.377322	0.0088497
301.397872	0.0099005
301.418423	0.0083216
301.438974	0.0087785
301.459526	0.0093234
301.480078	0.0101386
301.500632	0.0096469
301.521185	0.0087853
301.541740	0.0093778
301.562296	0.0092852
301.582852	0.0088416
301.603408	0.0085289
301.623966	0.0095893
301.644524	0.0089746
301.665083	0.0095247
301.685642	0.0096860
301.706203	0.0097263
301.726764	0.0100732
301.747325	0.0100524
301.767888	0.0095866
301.788451	0.0096883
301.809015	0.0094597
301.829579	0.0100914
301.850144	0.0090658
301.870710	0.0087241
301.891277	0.0087591
301.911844	0.0086037
301.932412	0.0086551
301.952981	0.0084995
301.973550	0.0101693
301.994120	0.0095556
302.014691	0.0096833
302.035263	0.0092981
302.055835	0.0088662
302.076408	0.0086461
302.096982	0.0099300
302.117556	0.0084068
302.138131	0.0109550
302.158707	0.0094574
302.179283	0.0093845
302.199860	0.0085686
302.220438	0.0085434
302.241017	0.0094512
302.261596	0.0107519
302.282176	0.0099680
302.302757	0.0095570
302.323338	0.0099330
302.343920	0.0087294
302.364503	0.0115966
302.385086	0.0090308
302.405670	0.0099558
302.426255	0.0094296
302.446841	0.0111394
302.467427	0.0100034
302.488014	0.0094368
302.508602	0.0101451
302.529190	0.0096589
302.549779	0.0092386
302.570369	0.0094356
302.590960	0.0091440
302.611551	0.0089436
302.632143	0.0093826
302.652735	0.0089124
302.673328	0.0089534
302.693922	0.0095533
302.714517	0.0095866
302.735113	0.0098507
302.755709	0.0096372
302.776306	0.0096430
302.796903	0.0082672
302.817501	0.0094446
302.838100	0.0088164
302.858700	0.0090656
302.879300	0.0101472
302.899901	0.0098383
302.920503	0.0083941
302.941105	0.0086078
302.961708	0.0091703
302.982312	0.0074511
303.002917	0.0084164
303.023522	0.0096137
303.044128	0.0090020
303.064735	0.0097158
303.085342	0.0091215
303.105950	0.0095394
303.126559	0.0098275
303.147168	0.0103967
303.167778	0.0091739
303.188389	0.0095577
303.209001	0.0085937
303.229613	0.0086289
303.250226	0.0084516
303.270840	0.0099559
303.291454	0.0086563
303.312069	0.0097445
303.332685	0.0082154
303.353301	0.0097362
303.373919	0.0094811
303.394536	0.0091022
303.415155	0.0093510
303.435774	0.0085200
303.456394	0.0088592
303.477015	0.0101405
303.497636	0.0104177
303.518258	0.0088237
303.538881	0.0091961
303.559505	0.0096182
303.580129	0.0086790
303.600754	0.0090241
303.621380	0.0104362
303.642006	0.0087676
303.662633	0.0098577
303.683261	0.0096302
303.703889	0.0093336
303.724518	0.0098847
303.745148	0.0091916
303.765778	0.0092778
303.786410	0.0094711
303.807042	0.0093930
303.827674	0.0098253
303.848308	0.0098472
303.868942	0.0094615
303.889576	0.0096654
303.910212	0.0085773
303.930848	0.0090171
303.951485	0.0078701
303.972122	0.0103863
303.992761	0.0097121
304.013400	0.0095568
304.034039	0.0091624
304.054680	0.0098783
304.075321	0.0104772
304.095962	0.0087790
304.116605	0.0092133
304.137248	0.0088539
304.157892	0.0104819
304.178536	0.0089219
304.199182	0.0084643
304.219828	0.0086434
304.240474	0.0099557
304.261122	0.0081844
304.281770	0.0100227
304.302419	0.0094035
304.323068	0.0089142
304.343718	0.0085045
304.364369	0.0090122
304.385021	0.0089057
304.405673	0.0092887
304.426326	0.0085376
304.446980	0.0092432
304.467634	0.0097003
304.488289	0.0108135
304.508945	0.0090448
304.529602	0.0099889
304.550259	0.0089883
304.570917	0.0083963
304.591575	0.0087072
304.612235	0.0104530
304.632895	0.0108001
304.653555	0.0116311
304.674217	0.0134224
304.694879	0.0148535
304.715542	0.0178706
304.736205	0.0207588
304.756870	0.0266901
304.777535	0.0307466
304.798200	0.0369442
304.818867	0.0410178
304.839534	0.0456273
304.860201	0.0472805
304.880870	0.0502509
304.901539	0.0475619
304.922209	0.0461942
304.942879	0.0423458
304.963551	0.0376575
304.984223	0.0337485
305.004895	0.0297667
305.025569	0.0268622
305.046243	0.0211101
305.066918	0.0193412
305.087593	0.0164349
305.108269	0.0142029
305.128946	0.0131944
305.149624	0.0121929
305.170302	0.0094694
305.190981	0.0092745
305.211661	0.0099375
305.232341	0.0087814
305.253022	0.0089291
305.273704	0.0082527
305.294386	0.0095847
305.315070	0.0085838
305.335754	0.0088108
305.356438	0.0088418
305.377124	0.0094101
305.397810	0.0101325
305.418496	0.0088664
305.439184	0.0096144
305.459872	0.0086511
305.480561	0.0092909
305.501250	0.0083846
305.521940	0.0095768
305.542631	0.0096308
305.563323	0.0099215
305.584015	0.0088137
305.604708	0.0094100
305.625402	0.0096787
305.646097	0.0073967
305.666792	0.0095068
305.687487	0.0078781
305.708184	0.0092518
305.728881	0.0102163
305.749579	0.0094242
305.770278	0.0088859
305.790977	0.0098463
305.811677	0.0086766
305.832378	0.0094271
305.853080	0.0085817
305.873782	0.0105777
305.894485	0.0095500
305.915188	0.0093712
305.935892	0.0105209
305.956597	0.0085432
305.977303	0.0102722
305.998010	0.0104265
306.018717	0.0100598
306.039424	0.0091702
306.060133	0.0083921
306.080842	0.0085668
306.101552	0.0094740
306.122263	0.0095775
306.142974	0.0099291
306.163686	0.0094364
306.184399	0.0076600
306.205112	0.0082503
306.225826	0.0088655
306.246541	0.0088468
306.267256	0.0094187
306.287973	0.0095682
306.308690	0.0092765
306.329407	0.0096048
306.350126	0.0104559
306.370845	0.0102513
306.391564	0.0082700
306.412285	0.0090796
306.433006	0.0083177
306.453728	0.0090365
306.474450	0.0090788
306.495173	0.0102239
306.515897	0.0091463
306.536622	0.0090648
306.557347	0.0082770
306.578073	0.0109306
306.598800	0.0095969
306.619528	0.0092801
306.640256	0.0094599
306.660985	0.0092500
306.681714	0.0092626
306.702445	0.0091999
306.723175	0.0096696
306.743907	0.0089840
306.764640	0.0096873
306.785373	0.0106017
306.806106	0.0105847
306.826841	0.0101119
306.847576	0.0122143
306.868312	0.0106896
306.889049	0.0111491
306.909786	0.0107491
306.930524	0.0109070
306.951263	0.0118152
306.972002	0.0103836
306.992742	0.0098623
307.013483	0.0099759
307.034224	0.0098681
307.054967	0.0097225
307.075709	0.0102938
307.096453	0.0080482
307.117197	0.0091974
307.137942	0.0098081
307.158688	0.0093672
307.179435	0.0095914
307.200182	0.0091059
307.220929	0.0086921
307.241678	0.0098344
307.262427	0.0081073
307.283177	0.0090804
307.303928	0.0084131
307.324679	0.0094415
307.345431	0.0090760
307.366184	0.0086902
307.386937	0.0089937
307.407692	0.0100016
307.428446	0.0095608
307.449202	0.0082959
307.469958	0.0092512
307.490715	0.0097158
307.511473	0.0098806
307.532231	0.0099503
307.552990	0.0081553
307.573750	0.0095732
307.594510	0.0098907
307.615272	0.0085119
307.636034	0.0096947
307.656796	0.0087494
307.677559	0.0098286
307.698323	0.0101888
307.719088	0.0100345
307.739853	0.0099767
307.760620	0.0093756
307.781386	0.0100868
307.802154	0.0114881
307.822922	0.0129594
307.843691	0.0138632
307.864460	0.0179068
307.885231	0.0189393
307.906002	0.0209010
307.926773	0.0232889
307.947546	0.0251570
307.968319	0.0257717
307.989093	0.0240424
308.009867	0.0233680
308.030643	0.0231265
308.051418	0.0212718
308.072195	0.0200283
308.092972	0.0184394
308.113750	0.0169852
308.134529	0.0157940
308.155309	0.0134053
308.176089	0.0116342
308.196870	0.0111074
308.217651	0.0098245
308.238433	0.0114988
308.259216	0.0096181
308.280000	0.0109854
308.300784	0.0101732
308.321569	0.0092359
308.342355	0.0094617
308.363142	0.0089876
308.383929	0.0083777
308.404717	0.0096996
308.425505	0.0104298
308.446294	0.0102271
308.467084	0.0089827
308.487875	0.0086805
308.508666	0.0088178
308.529459	0.0096677
308.550251	0.0089187
308.571045	0.0091800
308.591839	0.0090433
308.612634	0.0096117
308.633429	0.0096090
308.654226	0.0100964
308.675023	0.0086674
308.695820	0.0091463
308.716619	0.0092495
308.737418	0.0090043
308.758218	0.0104288
308.779018	0.0087823
308.799820	0.0092314
308.820621	0.0085485
308.841424	0.0085572
308.862227	0.0095333
308.883031	0.0086591
308.903836	0.0085396
308.924642	0.0088326
308.945448	0.0085195
308.966254	0.0095410
308.987062	0.0091086
309.007870	0.0086639
309.028679	0.0090743
309.049489	0.0092375
309.070299	0.0088813
309.091110	0.0093334
309.111922	0.0092361
309.132734	0.0094203
309.153548	0.0092149
309.174361	0.0091817
309.195176	0.0097834
309.215991	0.0080941
309.236807	0.0078241
309.257624	0.0095568
309.278441	0.0100223
309.299259	0.0092517
309.320078	0.0100013
309.340897	0.0091317
309.361718	0.0079242
309.382539	0.0086091
309.403360	0.0085124
309.424182	0.0090382
309.445005	0.0088478
309.465829	0.0094877
309.486653	0.0085386
309.507479	0.0095191
309.528304	0.0093260
309.549131	0.0091004
309.569958	0.0096622
309.590786	0.0090367
309.611615	0.0099918
309.632444	0.0090676
309.653274	0.0094617
309.674105	0.0090065
309.694936	0.0103133
309.715768	0.0096288
309.736601	0.0105401
309.757434	0.0112714
309.778269	0.0117037
309.799104	0.0152956
309.819939	0.0191459
309.840776	0.0223875
309.861613	0.0281259
309.882450	0.0339364
309.903289	0.0389386
309.924128	0.0450929
309.944968	0.0499902
309.965808	0.0520963
309.986649	0.0561845
310.007491	0.0543333
310.028334	0.0542394
310.049177	0.0516579
310.070021	0.0472656
310.090866	0.0395704
310.111712	0.0366892
310.132558	0.0302047
310.153405	0.0270314
310.174252	0.0232563
310.195101	0.0194642
310.215950	0.0179270
310.236799	0.0144812
310.257650	0.0125090
310.278501	0.0122100
310.299352	0.0098039
310.320205	0.0086302
310.341058	0.0101481
310.361912	0.0096266
310.382767	0.0088510
310.403622	0.0093651
310.424478	0.0084907
310.445335	0.0099695
310.466192	0.0092952
310.487050	0.0090165
310.507909	0.0082666
310.528768	0.0087452
310.549629	0.0090021
310.570490	0.0087930
310.591351	0.0090878
310.612213	0.0088410
310.633076	0.0098531
310.653940	0.0074573
310.674805	0.0099839
310.695670	0.0090282
310.716536	0.0085053
310.737402	0.0082485
310.758269	0.0081503
310.779137	0.0094855
310.800006	0.0094071
310.820875	0.0100717
310.841745	0.0089432
310.862616	0.0091044
310.883488	0.0091845
310.904360	0.0097538
310.925233	0.0094839
310.946106	0.0093717
310.966980	0.0095157
310.987855	0.0098638
311.008731	0.0096078
311.029607	0.0089576
311.050484	0.0094913
311.071362	0.0085850
311.092241	0.0093541
311.113120	0.0096104
311.134000	0.0101065
311.154880	0.0089722
311.175762	0.0102619
311.196644	0.0106305
311.217526	0.0094875
311.238410	0.0089026
311.259294	0.0090238
311.280178	0.0090060
311.301064	0.0087722
311.321950	0.0087170
311.342837	0.0086109
311.363725	0.0090772
311.384613	0.0089699
311.405502	0.0091294
311.426392	0.0099018
311.447282	0.0091900
311.468173	0.0084175
311.489065	0.0091302
311.509958	0.0090724
311.530851	0.0091859
311.551745	0.0090167
311.572639	0.0092304
311.593535	0.0093560
311.614431	0.0095795
311.635327	0.0091512
311.656225	0.0096489
311.677123	0.0097355
311.698022	0.0103310
311.718921	0.0082109
311.739822	0.0100450
311.760723	0.0104294
311.781624	0.0093148
311.802527	0.0089262
311.823430	0.0091782
311.844333	0.0076175
311.865238	0.0090210
311.886143	0.0085179
311.907049	0.0086585
311.927955	0.0097178
311.948863	0.0096171
311.969771	0.0094150
311.990679	0.0094042
312.011589	0.0091749
312.032499	0.0086821
312.053410	0.0081148
312.074321	0.0079125
312.095233	0.0088429
312.116146	0.0079221
312.137060	0.0094863
312.157974	0.0078208
312.178889	0.0096631
312.199805	0.0096903
312.220721	0.0095210
312.241638	0.0100598
312.262556	0.0081543
312.283475	0.0103270
312.304394	0.0086547
312.325314	0.0084259
312.346234	0.0092766
312.367156	0.0086991
312.388078	0.0077605
312.409000	0.0087533
312.429924	0.0095698
312.450848	0.0080899
312.471773	0.0089323
312.492698	0.0091090
312.513625	0.0085894
312.534552	0.0089357
312.555479	0.0087935
312.576408	0.0095958
312.597337	0.0080738
312.618266	0.0102587
312.639197	0.0087943
312.660128	0.0093594
312.681060	0.0083582
312.701992	0.0090043
312.722926	0.0093280
312.743860	0.0086248
312.764794	0.0096518
312.785730	0.0095342
312.806666	0.0077854
312.827602	0.0082783
312.848540	0.0097305
312.869478	0.0092493
312.890417	0.0079129
312.911357	0.0077602
312.932297	0.0084192
312.953238	0.0085025
312.974179	0.0098244
312.995122	0.0087286
313.016065	0.0085456
313.037009	0.0081489
313.057953	0.0091501
313.078898	0.0083061
313.099844	0.0089637
313.120791	0.0094853
313.141738	0.0089784
313.162686	0.0099797
313.183635	0.0081581
313.204584	0.0087719
313.225535	0.0083764
313.246485	0.0078049
313.267437	0.0084327
313.288389	0.0082948
313.309342	0.0091349
313.330296	0.0074894
313.351250	0.0085644
313.372205	0.0093817
313.393161	0.0083256
313.414117	0.0089442
313.435074	0.0074499
313.456032	0.0090506
313.476991	0.0083376
313.497950	0.0092704
313.518910	0.0098592
313.539871	0.0095883
313.560832	0.0097223
313.581794	0.0090686
313.602757	0.0095139
313.623720	0.0085884
313.644684	0.0083197
313.665649	0.0090387
313.686615	0.0091461
313.707581	0.0090479
313.728548	0.0105398
313.749516	0.0095709
313.770484	0.0087342
313.791453	0.0085301
313.812423	0.0088143
313.833394	0.0083069
313.854365	0.0086317
313.875337	0.0087283
313.896309	0.0095363
313.917282	0.0088487
313.938256	0.0092336
313.959231	0.0086136
313.980207	0.0085971
314.001183	0.0093194
314.022160	0.0097669
314.043137	0.0090848
314.064115	0.0088737
314.085094	0.0099713
314.106074	0.0091316
314.127054	0.0099337
314.148035	0.0084208
314.169017	0.0090172
314.189999	0.0087869
314.210982	0.0092533
314.231966	0.0098867
314.252951	0.0077758
314.273936	0.0092608
314.294922	0.0088364
314.315909	0.0091380
314.336896	0.0095451
314.357884	0.0088213
314.378873	0.0089636
314.399862	0.0084278
314.420852	0.0096510
314.441843	0.0094080
314.462835	0.0096277
314.483827	0.0079619
314.504820	0.0077441
314.525814	0.0087145
314.546808	0.0093975
314.567803	0.0093994
314.588799	0.0102017
314.609795	0.0090739
314.630792	0.0083489
314.651790	0.0095107
314.672789	0.0087769
314.693788	0.0084901
314.714788	0.0088212
314.735789	0.0092701
314.756790	0.0087407
314.777792	0.0089412
314.798795	0.0101892
314.819799	0.0099495
314.840803	0.0077646
314.861808	0.0091350
314.882813	0.0087041
314.903820	0.0083413
314.924827	0.0089015
314.945834	0.0095163
314.966843	0.0087613
314.987852	0.0085186
315.008862	0.0078415
315.029872	0.0115229
315.050884	0.0080306
315.071895	0.0089248
315.092908	0.0086915
315.113921	0.0099631
315.134936	0.0083234
315.155950	0.0092220
315.176966	0.0105207
315.197982	0.0090105
315.218999	0.0091870
315.240016	0.0104218
315.261034	0.0103448
315.282053	0.0097917
315.303073	0.0115831
315.324093	0.0116035
315.345114	0.0127140
315.366136	0.0124146
315.387159	0.0122661
315.408182	0.0134536
315.429206	0.0140709
315.450230	0.0128407
315.471256	0.0133386
315.492282	0.0121834
315.513308	0.0117991
315.534336	0.0112052
315.555364	0.0134205
315.576393	0.0103164
315.597422	0.0101454
315.618452	0.0100102
315.639483	0.0093984
315.660515	0.0085936
315.681547	0.0098084
315.702580	0.0096410
315.723614	0.0091731
315.744648	0.0085905
315.765683	0.0098045
315.786719	0.0094844
315.807756	0.0085442
315.828793	0.0081829
315.849831	0.0084673
315.870869	0.0095221
315.891909	0.0094518
315.912949	0.0093261
315.933989	0.0080917
315.955031	0.0084145
315.976073	0.0081657
315.997116	0.0085599
316.018159	0.0079962
316.039204	0.0088168
316.060248	0.0082416
316.081294	0.0090109
316.102340	0.0091372
316.123387	0.0086725
316.144435	0.0078607
316.165484	0.0081702
316.186533	0.0086750
316.207583	0.0094803
316.228633	0.0095277
316.249685	0.0093585
316.270737	0.0093274
316.291789	0.0095196
316.312843	0.0095364
316.333897	0.0089359
316.354951	0.0087840
316.376007	0.0091879
316.397063	0.0091557
316.418120	0.0095810
316.439178	0.0095101
316.460236	0.0088045
316.481295	0.0081926
316.502354	0.0095962
316.523415	0.0108533
316.544476	0.0102818
316.565538	0.0084225
316.586600	0.0071584
316.607663	0.0088836
316.628727	0.0084887
316.649792	0.0094768
316.670857	0.0086688
316.691923	0.0091086
316.712990	0.0091100
316.734057	0.0090425
316.755126	0.0094822
316.776194	0.0087368
316.797264	0.0091357
316.818334	0.0088548
316.839405	0.0087139
316.860477	0.0093618
316.881549	0.0086835
316.902622	0.0080949
316.923696	0.0078994
316.944770	0.0080921
316.965845	0.0081830
316.986921	0.0089157
317.007998	0.0080240
317.029075	0.0094697
317.050153	0.0098786
317.071232	0.0081734
317.092311	0.0086771
317.113391	0.0092433
317.134472	0.0085776
317.155553	0.0092266
317.176635	0.0091435
317.197718	0.0095305
317.218802	0.0091532
317.239886	0.0091815
317.260971	0.0098869
317.282057	0.0085194
317.303143	0.0084418
317.324230	0.0092258
317.345318	0.0085556
317.366407	0.0098639
317.387496	0.0087997
317.408586	0.0091103
317.429676	0.0082338
317.450768	0.0080024
317.471860	0.0079504
317.492952	0.0080118
317.514046	0.0095394
317.535140	0.0095391
317.556235	0.0089824
317.577330	0.0089906
317.598426	0.0085347
317.619523	0.0087685
317.640621	0.0085285
317.661719	0.0087973
317.682818	0.0101347
317.703918	0.0081366
317.725018	0.0083445
317.746120	0.0085158
317.767221	0.0084774
317.788324	0.0088839
317.809427	0.0090578
317.830531	0.0092887
317.851636	0.0085811
317.872741	0.0088772
317.893847	0.0090561
317.914954	0.0086681
317.936061	0.0086005
317.957170	0.0089888
317.978278	0.0088810
317.999388	0.0094922
318.020498	0.0093462
318.041609	0.0076215
318.062721	0.0087185
318.083833	0.0092909
318.104946	0.0084735
318.126060	0.0096347
318.147175	0.0089111
318.168290	0.0084760
318.189406	0.0082954
318.210522	0.0092978
318.231639	0.0088644
318.252757	0.0104310
318.273876	0.0098488
318.294996	0.0099821
318.316116	0.0098159
318.337236	0.0100680
318.358358	0.0118362
318.379480	0.0107538
318.400603	0.0119945
318.421727	0.0126912
318.442851	0.0104370
318.463976	0.0127508
318.485102	0.0123363
318.506228	0.0113163
318.527355	0.0115062
318.548483	0.0113019
318.569612	0.0117009
318.590741	0.0110968
318.611871	0.0108151
318.633001	0.0096967
318.654133	0.0101950
318.675265	0.0107389
318.696398	0.0094239
318.717531	0.0089437
318.738665	0.0099441
318.759800	0.0101201
318.780936	0.0089707
318.802072	0.0091560
318.823209	0.0081900
318.844346	0.0095533
318.865485	0.0085616
318.886624	0.0090741
318.907764	0.0098483
318.928904	0.0081690
318.950045	0.0082512
318.971187	0.0079578
318.992330	0.0086548
319.013473	0.0090659
319.034617	0.0088881
319.055762	0.0087285
319.076907	0.0089319
319.098053	0.0082638
319.119200	0.0084888
319.140347	0.0079049
319.161496	0.0085552
319.182644	0.0080069
319.203794	0.0087668
319.224944	0.0087414
319.246095	0.0092370
319.267247	0.0084816
319.288400	0.0097693
319.309553	0.0078173
319.330706	0.0081495
319.351861	0.0091372
319.373016	0.0090233
319.394172	0.0086582
319.415329	0.0099352
319.436486	0.0083051
319.457644	0.0084558
319.478803	0.0088524
319.499962	0.0087585
319.521122	0.0086108
319.542283	0.0081593
319.563445	0.0085607
319.584607	0.0084863
319.605770	0.0087555
319.626934	0.0085378
319.648098	0.0083737
319.669263	0.0071954
319.690429	0.0097916
319.711595	0.0096196
319.732762	0.0087126
319.753930	0.0090686
319.775099	0.0082810
319.796268	0.0083561
319.817438	0.0086999
319.838609	0.0089587
319.859780	0.0087395
319.880952	0.0096356
319.902125	0.0101502
319.923298	0.0094300
319.944473	0.0085086
319.965647	0.0094753
319.986823	0.0088061
320.007999	0.0088981
320.029176	0.0086288
320.050354	0.0087132
320.071532	0.0076367
320.092712	0.0089874
320.113891	0.0080919
320.135072	0.0091216
320.156253	0.0089761
320.177435	0.0096315
320.198618	0.0084071
320.219801	0.0078387
320.240985	0.0085895
320.262170	0.0089091
320.283355	0.0082553
320.304541	0.0077653
320.325728	0.0089582
320.346916	0.0091035
320.368104	0.0087688
320.389293	0.0084063
320.410482	0.0094279
320.431673	0.0097350
320.452864	0.0101171
320.474055	0.0088456
320.495248	0.0097153
320.516441	0.0081637
320.537635	0.0076812
320.558829	0.0103085
320.580025	0.0081367
320.601221	0.0096581
320.622417	0.0085756
320.643615	0.0093728
320.664813	0.0090844
320.686011	0.0099681
320.707211	0.0099510
320.728411	0.0085071
320.749612	0.0087055
320.770814	0.0099751
320.792016	0.0088494
320.813219	0.0099726
320.834423	0.0093527
320.855627	0.0083407
320.876832	0.0084338
320.898038	0.0084849
320.919244	0.0101398
320.940451	0.0100223
320.961659	0.0088177
320.982868	0.0093999
321.004077	0.0091400
321.025287	0.0089869
321.046498	0.0093331
321.067709	0.0084202
321.088922	0.0080803
321.110134	0.0095418
321.131348	0.0082181
321.152562	0.0084618
321.173777	0.0095185
321.194993	0.0085395
321.216209	0.0092153
321.237426	0.0086480
321.258644	0.0099700
321.279862	0.0081115
321.301081	0.0092126
321.322301	0.0080946
321.343522	0.0087874
321.364743	0.0081790
321.385965	0.0087938
321.407188	0.0088626
321.428411	0.0092426
321.449635	0.0097930
321.470860	0.0097808
321.492085	0.0083594
321.513311	0.0087708
321.534538	0.0095782
321.555766	0.0086328
321.576994	0.0092846
321.598223	0.0096563
321.619453	0.0087328
321.640683	0.0081723
321.661914	0.0088602
321.683146	0.0092316
321.704378	0.0097585
321.725612	0.0086161
321.746845	0.0085524
321.768080	0.0088344
321.789315	0.0090765
321.810551	0.0077461
321.831788	0.0083648
321.853025	0.0087500
321.874263	0.0075098
321.895502	0.0096942
321.916742	0.0084022
321.937982	0.0086946
321.959223	0.0086299
321.980465	0.0089513
322.001707	0.0085263
322.022950	0.0088072
322.044194	0.0078082
322.065438	0.0099684
322.086683	0.0098208
322.107929	0.0094416
322.129175	0.0093531
322.150423	0.0090485
322.171671	0.0095054
322.192919	0.0090734
322.214169	0.0086290
322.235419	0.0088320
322.256669	0.0083028
322.277921	0.0089744
322.299173	0.0074719
322.320426	0.0088514
322.341679	0.0087376
322.362934	0.0090095
322.384189	0.0094014
322.405444	0.0092421
322.426701	0.0078750
322.447958	0.0083796
322.469215	0.0087210
322.490474	0.0081154
322.511733	0.0087297
322.532993	0.0074892
322.554254	0.0077291
322.575515	0.0084865
322.596777	0.0091563
322.618040	0.0083866
322.639303	0.0099340
322.660567	0.0098610
322.681832	0.0116901
322.703097	0.0137022
322.724364	0.0178310
322.745630	0.0204209
322.766898	0.0243455
322.788166	0.0267825
322.809435	0.0342002
322.830705	0.0346898
322.851975	0.0388183
322.873247	0.0390116
322.894518	0.0405903
322.915791	0.0391404
322.937064	0.0357698
322.958338	0.0342174
322.979613	0.0299610
323.000888	0.0269410
323.022164	0.0229091
323.043441	0.0201786
323.064718	0.0190411
323.085996	0.0157623
323.107275	0.0137112
323.128555	0.0129380
323.149835	0.0112890
323.171116	0.0099284
323.192398	0.0099864
323.213680	0.0098969
323.234963	0.0089540
323.256247	0.0092839
323.277531	0.0088141
323.298816	0.0096548
323.320102	0.0084244
323.341389	0.0098329
323.362676	0.0075880
323.383964	0.0093458
323.405253	0.0093807
323.426542	0.0083609
323.447832	0.0088214
323.469123	0.0087952
323.490414	0.0077269
323.511707	0.0091419
323.533000	0.0085888
323.554293	0.0089999
323.575587	0.0091660
323.596882	0.0089615
323.618178	0.0091878
323.639474	0.0091555
323.660772	0.0083316
323.682069	0.0085615
323.703368	0.0094878
323.724667	0.0085062
323.745967	0.0088194
323.767268	0.0084175
323.788569	0.0091239
323.809871	0.0087318
323.831174	0.0094375
323.852477	0.0096035
323.873781	0.0084416
323.895086	0.0089540
323.916392	0.0087641
323.937698	0.0087171
323.959005	0.0097986
323.980312	0.0101250
324.001621	0.0081662
324.022930	0.0101578
324.044240	0.0085979
324.065550	0.0075744
324.086861	0.0087368
324.108173	0.0082999
324.129486	0.0074601
324.150799	0.0080235
324.172113	0.0087049
324.193427	0.0090308
324.214743	0.0096790
324.236059	0.0077615
324.257376	0.0096745
324.278693	0.0097587
324.300011	0.0094271
324.321330	0.0115908
324.342650	0.0122764
324.363970	0.0119818
324.385291	0.0141072
324.406613	0.0163527
324.427935	0.0184440
324.449258	0.0183957
324.470582	0.0202298
324.491906	0.0219926
324.513232	0.0206820
324.534558	0.0216735
324.555884	0.0211703
324.577211	0.0183366
324.598540	0.0175456
324.619868	0.0178503
324.641198	0.0156309
324.662528	0.0136471
324.683859	0.0130203
324.705190	0.0118658
324.726522	0.0118845
324.747855	0.0101067
324.769189	0.0104861
324.790523	0.0115921
324.811858	0.0102192
324.833194	0.0099290
324.854530	0.0107052
324.875868	0.0097717
324.897205	0.0096086
324.918544	0.0095475
324.939883	0.0093692
324.961223	0.0094842
324.982564	0.0101446
325.003905	0.0086036
325.025247	0.0090115
325.046590	0.0104854
325.067933	0.0088534
325.089278	0.0100706
325.110622	0.0091800
325.131968	0.0097969
325.153314	0.0084128
325.174661	0.0098696
325.196009	0.0089585
325.217357	0.0089821
325.238706	0.0078656
325.260056	0.0097866
325.281407	0.0087384
325.302758	0.0077639
325.324110	0.0080319
325.345462	0.0094934
325.366816	0.0094837
325.388170	0.0080038
325.409524	0.0084838
325.430880	0.0093023
325.452236	0.0088353
325.473593	0.0080216
325.494950	0.0075522
325.516308	0.0089826
325.537667	0.0083883
325.559027	0.0090219
325.580387	0.0077470
325.601748	0.0084660
325.623110	0.0097331
325.644472	0.0090530
325.665835	0.0081078
325.687199	0.0079111
325.708564	0.0097725
325.729929	0.0092860
325.751295	0.0090897
325.772662	0.0083299
325.794029	0.0080114
325.815397	0.0092224
325.836766	0.0091282
325.858135	0.0071489
325.879505	0.0091617
325.900876	0.0083806
325.922248	0.0090239
325.943620	0.0078006
325.964993	0.0089513
325.986367	0.0092600
326.007741	0.0083205
326.029116	0.0081994
326.050492	0.0082411
326.071868	0.0095952
326.093246	0.0089189
326.114623	0.0089013
326.136002	0.0087053
326.157381	0.0084099
326.178761	0.0081319
326.200142	0.0084728
326.221523	0.0086734
326.242905	0.0089137
326.264288	0.0093279
326.285672	0.0091429
326.307056	0.0077426
326.328441	0.0089524
326.349826	0.0089430
326.371213	0.0092704
326.392600	0.0090140
326.413988	0.0080488
326.435376	0.0077290
326.456765	0.0077042
326.478155	0.0088647
326.499545	0.0077622
326.520937	0.0101543
326.542329	0.0087162
326.563721	0.0088928
326.585115	0.0077917
326.606509	0.0090721
326.627903	0.0078344
326.649299	0.0092342
326.670695	0.0095353
326.692092	0.0088784
326.713489	0.0089703
326.734888	0.0084113
326.756286	0.0093398
326.777686	0.0096439
326.799086	0.0084731
326.820488	0.0087216
326.841889	0.0085885
326.863292	0.0089496
326.884695	0.0086684
326.906099	0.0082441
326.927503	0.0084023
326.948909	0.0092324
326.970315	0.0085809
326.991721	0.0098314
327.013129	0.0085563
327.034537	0.0089551
327.055946	0.0087758
327.077355	0.0079111
327.098765	0.0089546
327.120176	0.0085785
327.141588	0.0090160
327.163000	0.0087571
327.184413	0.0093293
327.205827	0.0099155
327.227241	0.0089539
327.248656	0.0089429
327.270072	0.0100427
327.291489	0.0105606
327.312906	0.0096284
327.334324	0.0111814
327.355742	0.0129700
327.377162	0.0142157
327.398582	0.0179598
327.420002	0.0203824
327.441424	0.0238452
327.462846	0.0268259
327.484269	0.0298767
327.505692	0.0319119
327.527116	0.0338530
327.548541	0.0318692
327.569967	0.0317297
327.591393	0.0301239
327.612820	0.0294950
327.634248	0.0272209
327.655677	0.0229178
327.677106	0.0221136
327.698536	0.0198356
327.719966	0.0164589
327.741398	0.0139818
327.762829	0.0124120
327.784262	0.0118067
327.805696	0.0101516
327.827130	0.0097549
327.848564	0.0081434
327.870000	0.0090580
327.891436	0.0078942
327.912873	0.0102221
327.934310	0.0086727
327.955749	0.0077773
327.977188	0.0092277
327.998627	0.0094938
328.020068	0.0091678
328.041509	0.0099448
328.062951	0.0098136
328.084393	0.0088766
328.105836	0.0076243
328.127280	0.0079441
328.148725	0.0077883
328.170170	0.0086182
328.191616	0.0086353
328.213063	0.0093193
328.234510	0.0093582
328.255958	0.0090852
328.277407	0.0113423
328.298857	0.0124607
328.320307	0.0142464
328.341758	0.0172737
328.363210	0.0197591
328.384662	0.0236504
328.406115	0.0248569
328.427569	0.0279308
328.449023	0.0302365
328.470478	0.0311838
328.491934	0.0314315
328.513391	0.0312133
328.534848	0.0301947
328.556306	0.0249128
328.577765	0.0244432
328.599224	0.0223651
328.620684	0.0191525
328.642145	0.0185383
328.663606	0.0165938
328.685068	0.0141170
328.706531	0.0117768
328.727995	0.0118750
328.749459	0.0098334
328.770924	0.0099993
328.792390	0.0089477
328.813856	0.0077256
328.835323	0.0089731
328.856791	0.0083258
328.878260	0.0083589
328.899729	0.0085705
328.921199	0.0084771
328.942669	0.0090165
328.964140	0.0079587
328.985612	0.0084959
329.007085	0.0083315
329.028559	0.0083414
329.050033	0.0092092
329.071508	0.0096993
329.092983	0.0088034
329.114459	0.0084371
329.135936	0.0089959
329.157414	0.0090810
329.178892	0.0089061
329.200371	0.0081103
329.221851	0.0084470
329.243331	0.0089990
329.264812	0.0080687
329.286294	0.0079603
329.307777	0.0079750
329.329260	0.0088441
329.350744	0.0079874
329.372229	0.0086672
329.393714	0.0082964
329.415200	0.0084749
329.436687	0.0080132
329.458174	0.0088101
329.479662	0.0080951
329.501151	0.0092010
329.522641	0.0085973
329.544131	0.0090243
329.565622	0.0083643
329.587114	0.0085426
329.608606	0.0084647
329.630099	0.0094690
329.651593	0.0078662
329.673087	0.0090740
329.694583	0.0092431
329.716078	0.0083050
329.737575	0.0087565
329.759072	0.0085172
329.780570	0.0080631
329.802069	0.0085380
329.823568	0.0079414
329.845068	0.0079819
329.866569	0.0081782
329.888071	0.0078445
329.909573	0.0085137
329.931076	0.0088110
329.952580	0.0073573
329.974084	0.0089291
329.995589	0.0095610
330.017095	0.0083507
330.038601	0.0091820
330.060108	0.0089368
330.081616	0.0094339
330.103124	0.0080173
330.124634	0.0083820
330.146144	0.0086564
330.167654	0.0082321
330.189166	0.0091149
330.210678	0.0086762
330.232190	0.0086579
330.253704	0.0090850
330.275218	0.0086597
330.296733	0.0088481
330.318248	0.0086834
330.339765	0.0090267
330.361282	0.0082942
330.382799	0.0075915
330.404318	0.0084587
330.425837	0.0084968
330.447356	0.0078935
330.468877	0.0083868
330.490398	0.0079804
330.511920	0.0083948
330.533442	0.0094981
330.554966	0.0091817
330.576490	0.0092524
330.598014	0.0093712
330.619540	0.0082393
330.641066	0.0075078
330.662593	0.0082672
330.684120	0.0077017
330.705648	0.0083124
330.727177	0.0079868
330.748707	0.0086210
330.770237	0.0087762
330.791768	0.0086963
330.813300	0.0079109
330.834832	0.0091404
330.856365	0.0082108
330.877899	0.0080504
330.899434	0.0082352
330.920969	0.0080588
330.942505	0.0085442
330.964041	0.0093112
330.985579	0.0082764
331.007117	0.0080894
331.028655	0.0093721
331.050195	0.0082651
331.071735	0.0077260
331.093276	0.0081631
331.114817	0.0079654
331.136360	0.0095275
331.157903	0.0094275
331.179446	0.0082801
331.200991	0.0078688
331.222536	0.0083676
331.244081	0.0088643
331.265628	0.0080531
331.287175	0.0088278
331.308723	0.0081878
331.330271	0.0082647
331.351821	0.0087384
331.373371	0.0086615
331.394921	0.0080631
331.416473	0.0077211
331.438025	0.0080698
331.459578	0.0074043
331.481131	0.0088375
331.502685	0.0082245
331.524240	0.0092899
331.545796	0.0074368
331.567352	0.0083272
331.588909	0.0079185
331.610467	0.0075269
331.632025	0.0094475
331.653584	0.0087343
331.675144	0.0085312
331.696704	0.0090479
331.718266	0.0081357
331.739828	0.0080714
331.761390	0.0097036
331.782954	0.0089982
331.804518	0.0091984
331.826082	0.0087392
331.847648	0.0076546
331.869214	0.0087916
331.890781	0.0083160
331.912348	0.0087234
331.933916	0.0083927
331.955485	0.0092120
331.977055	0.0091621
331.998625	0.0087684
332.020196	0.0076945
332.041768	0.0080440
332.063341	0.0079166
332.084914	0.0089289
332.106488	0.0080036
332.128062	0.0086249
332.149637	0.0074356
332.171213	0.0075858
332.192790	0.0087349
332.214367	0.0090651
332.235945	0.0092965
332.257524	0.0076385
332.279104	0.0092526
332.300684	0.0085355
332.322265	0.0077994
332.343846	0.0081633
332.365428	0.0090273
332.387011	0.0078096
332.408595	0.0087708
332.430180	0.0086725
332.451765	0.0081933
332.473350	0.0078647
332.494937	0.0098736
332.516524	0.0077170
332.538112	0.0083203
332.559701	0.0087229
332.581290	0.0096284
332.602880	0.0078185
332.624471	0.0093110
332.646062	0.0078772
332.667654	0.0083381
332.689247	0.0080474
332.710840	0.0080557
332.732435	0.0093430
332.754030	0.0070000
332.775625	0.0081003
332.797222	0.0079882
332.818819	0.0093638
332.840416	0.0081177
332.862015	0.0087512
332.883614	0.0080567
332.905214	0.0083089
332.926814	0.0086737
332.948415	0.0084221
332.970017	0.0084545
332.991620	0.0086351
333.013223	0.0082514
333.034827	0.0081435
333.056432	0.0088459
333.078038	0.0081285
333.099644	0.0088728
333.121251	0.0086785
333.142858	0.0091346
333.164467	0.0070000
333.186076	0.0089733
333.207685	0.0090604
333.229296	0.0090719
333.250907	0.0088536
333.272518	0.0093482
333.294131	0.0082371
333.315744	0.0089170
333.337358	0.0080562
333.358973	0.0072955
333.380588	0.0084539
333.402204	0.0094753
333.423821	0.0086988
333.445438	0.0084549
333.467056	0.0095442
333.488675	0.0083850
333.510294	0.0093995
333.531915	0.0090345
333.553535	0.0079563
333.575157	0.0081726
333.596779	0.0080627
333.618402	0.0082360
333.640026	0.0094429
333.661651	0.0085511
333.683276	0.0072515
333.704901	0.0089127
333.726528	0.0070737
333.748155	0.0072800
333.769783	0.0090200
333.791412	0.0082048
333.813041	0.0093210
333.834671	0.0076940
333.856302	0.0086459
333.877933	0.0070000
333.899566	0.0090029
333.921198	0.0089106
333.942832	0.0084921
333.964466	0.0098977
333.986101	0.0092668
334.007737	0.0075892
334.029373	0.0088871
334.051010	0.0087245
334.072648	0.0081606
334.094286	0.0083304
334.115926	0.0084689
334.137566	0.0071540
334.159206	0.0075277
334.180847	0.0073391
334.202489	0.0077842
334.224132	0.0081135
334.245775	0.0080552
334.267420	0.0076345
334.289064	0.0085918
334.310710	0.0081897
334.332356	0.0086347
334.354003	0.0077057
334.375650	0.0089128
334.397299	0.0080549
334.418948	0.0078253
334.440597	0.0092448
334.462248	0.0097585
334.483899	0.0084253
334.505551	0.0096424
334.527203	0.0084081
334.548857	0.0081079
334.570510	0.0081479
334.592165	0.0080925
334.613820	0.0080298
334.635476	0.0084596
334.657133	0.0075697
334.678791	0.0086097
334.700449	0.0079389
334.722108	0.0085174
334.743767	0.0087702
334.765427	0.0090718
334.787088	0.0085115
334.808750	0.0091823
334.830412	0.0085053
334.852075	0.0094758
334.873739	0.0085166
334.895404	0.0081891
334.917069	0.0079785
334.938735	0.0080830
334.960401	0.0081042
334.982068	0.0081646
335.003736	0.0082832
335.025405	0.0092479
335.047074	0.0086139
335.068745	0.0085703
335.090415	0.0081728
335.112087	0.0085241
335.133759	0.0087256
335.155432	0.0072800
335.177105	0.0084584
335.198780	0.0076123
335.220455	0.0083248
335.242130	0.0086913
335.263807	0.0078260
335.285484	0.0095709
335.307162	0.0072789
335.328840	0.0073828
335.350520	0.0086501
335.372199	0.0094357
335.393880	0.0085155
335.415561	0.0090441
335.437243	0.0077860
335.458926	0.0085881
335.480610	0.0086254
335.502294	0.0083109
335.523978	0.0082550
335.545664	0.0079536
335.567350	0.0082535
335.589037	0.0082833
335.610725	0.0090541
335.632413	0.0086147
335.654102	0.0081467
335.675792	0.0091360
335.697482	0.0087721
335.719174	0.0087590
335.740865	0.0084002
335.762558	0.0092816
335.784251	0.0092212
335.805945	0.0079429
335.827640	0.0083832
335.849335	0.0086767
335.871031	0.0077592
335.892728	0.0087205
335.914425	0.0082177
335.936124	0.0087692
335.957823	0.0093443
335.979522	0.0080563
336.001222	0.0078294
336.022923	0.0076587
336.044625	0.0091287
336.066327	0.0077277
336.088031	0.0086252
336.109734	0.0082607
336.131439	0.0096252
336.153144	0.0091965
336.174850	0.0105324
336.196557	0.0114735
336.218264	0.0115918
336.239972	0.0112274
336.261681	0.0131585
336.283390	0.0154876
336.305100	0.0160405
336.326811	0.0162332
336.348522	0.0195505
336.370235	0.0188058
336.391948	0.0181953
336.413661	0.0198544
336.435375	0.0182069
336.457091	0.0168942
336.478806	0.0189403
336.500523	0.0175878
336.522240	0.0150680
336.543958	0.0130268
336.565676	0.0130248
336.587395	0.0122203
336.609115	0.0112621
336.630836	0.0106084
336.652557	0.0100745
336.674279	0.0100783
336.696002	0.0084260
336.717726	0.0097567
336.739450	0.0078807
336.761175	0.0073718
336.782900	0.0084312
336.804627	0.0084099
336.826354	0.0086967
336.848081	0.0101033
336.869810	0.0085042
336.891539	0.0085810
336.913268	0.0079321
336.934999	0.0083845
336.956730	0.0090136
336.978462	0.0090508
337.000195	0.0086947
337.021928	0.0081703
337.043662	0.0079519
337.065397	0.0076550
337.087132	0.0080246
337.108868	0.0085925
337.130605	0.0087963
337.152342	0.0086282
337.174081	0.0087469
337.195820	0.0091571
337.217559	0.0098425
337.239299	0.0110762
337.261040	0.0102589
337.282782	0.0109373
337.304525	0.0102859
337.326268	0.0100791
337.348012	0.0099448
337.369756	0.0094007
337.391501	0.0103779
337.413247	0.0095965
337.434994	0.0095683
337.456741	0.0089351
337.478489	0.0099789
337.500238	0.0096944
337.521987	0.0093317
337.543738	0.0101955
337.565489	0.0094068
337.587240	0.0091818
337.608992	0.0079842
337.630745	0.0081149
337.652499	0.0075227
337.674253	0.0079816
337.696008	0.0084417
337.717764	0.0082041
337.739521	0.0093423
337.761278	0.0096430
337.783036	0.0091564
337.804794	0.0083981
337.826554	0.0078431
337.848314	0.0080326
337.870074	0.0088770
337.891836	0.0083377
337.913598	0.0095127
337.935360	0.0075606
337.957124	0.0097720
337.978888	0.0096515
338.000653	0.0099527
338.022419	0.0102444
338.044185	0.0084836
338.065952	0.0090538
338.087720	0.0090481
338.109488	0.0098121
338.131257	0.0093737
338.153027	0.0096305
338.174798	0.0102829
338.196569	0.0113484
338.218341	0.0104470
338.240113	0.0101096
338.261887	0.0108270
338.283661	0.0104310
338.305435	0.0098346
338.327211	0.0104159
338.348987	0.0098107
338.370764	0.0094223
338.392541	0.0102683
338.414320	0.0082073
338.436099	0.0091669
338.457878	0.0088287
338.479659	0.0090467
338.501440	0.0081224
338.523221	0.0083618
338.545004	0.0093946
338.566787	0.0082120
338.588571	0.0086235
338.610356	0.0080109
338.632141	0.0080781
338.653927	0.0093024
338.675713	0.0082884
338.697501	0.0078981
338.719289	0.0070425
338.741078	0.0087594
338.762867	0.0084704
338.784657	0.0090698
338.806448	0.0085827
338.828240	0.0079372
338.850032	0.0084403
338.871825	0.0081748
338.893619	0.0083413
338.915413	0.0077985
338.937208	0.0083572
338.959004	0.0083837
338.980801	0.0073980
339.002598	0.0087327
339.024396	0.0074514
339.046194	0.0076564
339.067994	0.0090925
339.089794	0.0070000
339.111594	0.0083127
339.133396	0.0088994
339.155198	0.0094439
339.177001	0.0089372
339.198804	0.0095676
339.220609	0.0089772
339.242414	0.0085524
339.264219	0.0082072
339.286026	0.0086267
339.307833	0.0074207
339.329640	0.0070000
339.351449	0.0078329
339.373258	0.0079115
339.395068	0.0080614
339.416878	0.0085963
339.438690	0.0085112
339.460502	0.0081947
339.482314	0.0077243
339.504128	0.0080406
339.525942	0.0077684
339.547756	0.0082053
339.569572	0.0082968
339.591388	0.0078890
339.613205	0.0087159
339.635023	0.0081347
339.656841	0.0078420
339.678660	0.0073188
339.700480	0.0090250
339.722300	0.0093807
339.744121	0.0081648
339.765943	0.0092008
339.787765	0.0081578
339.809588	0.0083222
339.831412	0.0076969
339.853237	0.0086633
339.875062	0.0079930
339.896888	0.0083940
339.918715	0.0080657
339.940542	0.0076912
339.962371	0.0084345
339.984199	0.0070543
340.006029	0.0083401
340.027859	0.0078942
340.049690	0.0086022
340.071522	0.0092409
340.093354	0.0074226
340.115187	0.0072225
340.137021	0.0070568
340.158855	0.0089674
340.180690	0.0092077
340.202526	0.0088416
340.224363	0.0085738
340.246200	0.0086632
340.268038	0.0074161
340.289877	0.0089218
340.311716	0.0070000
340.333556	0.0084689
340.355397	0.0083149
340.377238	0.0089648
340.399080	0.0087996
340.420923	0.0089396
340.442767	0.0091760
340.464611	0.0085348
340.486456	0.0086953
340.508302	0.0080765
340.530148	0.0087718
340.551995	0.0079072
340.573843	0.0087470
340.595692	0.0074904
340.617541	0.0087603
340.639391	0.0105765
340.661241	0.0092192
340.683092	0.0112169
340.704944	0.0142726
340.726797	0.0150174
340.748651	0.0180411
340.770505	0.0194814
340.792360	0.0258443
340.814215	0.0269726
340.836071	0.0305976
340.857928	0.0319963
340.879786	0.0321051
340.901644	0.0313882
340.923503	0.0303464
340.945363	0.0309070
340.967223	0.0266757
340.989084	0.0250208
341.010946	0.0210024
341.032809	0.0225277
341.054672	0.0170446
341.076536	0.0158421
341.098401	0.0148297
341.120266	0.0129608
341.142132	0.0121349
341.163999	0.0113445
341.185866	0.0091283
341.207734	0.0085028
341.229603	0.0097533
341.251473	0.0081113
341.273343	0.0080469
341.295214	0.0095176
341.317086	0.0079599
341.338958	0.0080496
341.360831	0.0096672
341.382705	0.0094898
341.404579	0.0088020
341.426454	0.0093874
341.448330	0.0082772
341.470207	0.0080632
341.492084	0.0074736
341.513962	0.0081315
341.535841	0.0086784
341.557720	0.0086312
341.579600	0.0090235
341.601481	0.0081499
341.623363	0.0084611
341.645245	0.0083317
341.667128	0.0089712
341.689011	0.0080623
341.710896	0.0088226
341.732781	0.0074745
341.754666	0.0078300
341.776553	0.0075069
341.798440	0.0070000
341.820328	0.0082992
341.842216	0.0087639
341.864106	0.0075368
341.885995	0.0085338
341.907886	0.0092278
341.929777	0.0088188
341.951670	0.0084495
341.973562	0.0088898
341.995456	0.0081549
342.017350	0.0077346
342.039245	0.0084633
342.061140	0.0084603
342.083036	0.0097625
342.104933	0.0095294
342.126831	0.0075885
342.148729	0.0099631
342.170628	0.0090015
342.192528	0.0080384
342.214429	0.0084019
342.236330	0.0084097
342.258232	0.0083655
342.280134	0.0077228
342.302038	0.0086020
342.323942	0.0078581
342.345846	0.0083692
342.367752	0.0078257
342.389658	0.0073666
342.411565	0.0087524
342.433472	0.0088206
342.455380	0.0090212
342.477289	0.0078801
342.499199	0.0076982
342.521109	0.0095206
342.543020	0.0071153
342.564932	0.0081590
342.586844	0.0092983
342.608757	0.0094621
342.630671	0.0072021
342.652586	0.0090093
342.674501	0.0087258
342.696417	0.0089318
342.718333	0.0085825
342.740251	0.0083044
342.762169	0.0080358
342.784087	0.0093426
342.806007	0.0088151
342.827927	0.0095926
342.849848	0.0082358
342.871769	0.0090750
342.893692	0.0083064
342.915614	0.0087886
342.937538	0.0103113
342.959462	0.0086784
342.981387	0.0094367
343.003313	0.0086447
343.025240	0.0082567
343.047167	0.0090655
343.069095	0.0083693
343.091023	0.0083380
343.112953	0.0081482
343.134883	0.0092948
343.156813	0.0073371
343.178745	0.0089601
343.200677	0.0070099
343.222609	0.0078307
343.244543	0.0080591
343.266477	0.0086367
343.288412	0.0081319
343.310348	0.0078795
343.332284	0.0097337
343.354221	0.0083643
343.376158	0.0078498
343.398097	0.0084063
343.420036	0.0080707
343.441976	0.0081645
343.463916	0.0076384
343.485857	0.0087056
343.507799	0.0082607
343.529742	0.0087769
343.551685	0.0077768
343.573629	0.0086140
343.595574	0.0078743
343.617519	0.0074517
343.639466	0.0078527
343.661412	0.0083874
343.683360	0.0085653
343.705308	0.0085363
343.727257	0.0076776
343.749207	0.0076381
343.771157	0.0090060
343.793108	0.0083729
343.815060	0.0087487
343.837012	0.0089215
343.858965	0.0091833
343.880919	0.0076569
343.902874	0.0090205
343.924829	0.0076806
343.946785	0.0084624
343.968742	0.0081084
343.990699	0.0084681
344.012657	0.0092310
344.034616	0.0087092
344.056575	0.0087510
344.078535	0.0074883
344.100496	0.0096416
344.122458	0.0089808
344.144420	0.0082851
344.166383	0.0073086
344.188347	0.0086622
344.210311	0.0082367
344.232276	0.0076146
344.254242	0.0079675
344.276209	0.0081612
344.298176	0.0074438
344.320144	0.0094698
344.342112	0.0080542
344.364082	0.0084688
344.386052	0.0076380
344.408022	0.0084038
344.429994	0.0086137
344.451966	0.0087462
344.473939	0.0087193
344.495912	0.0090146
344.517886	0.0075151
344.539861	0.0075053
344.561837	0.0089286
344.583813	0.0087266
344.605790	0.0087652
344.627768	0.0081860
344.649746	0.0080514
344.671726	0.0090030
344.693705	0.0076544
344.715686	0.0083256
344.737667	0.0077095
344.759649	0.0081396
344.781632	0.0082185
344.803615	0.0086893
344.825599	0.0089614
344.847584	0.0079286
344.869569	0.0089472
344.891556	0.0074538
344.913542	0.0089894
344.935530	0.0091130
344.957518	0.0084200
344.979507	0.0090898
345.001497	0.0083929
345.023487	0.0081224
345.045478	0.0081577
345.067470	0.0090060
345.089463	0.0080141
345.111456	0.0093315
345.133450	0.0084398
345.155444	0.0086060
345.177439	0.0079166
345.199435	0.0078111
345.221432	0.0089893
345.243430	0.0099751
345.265428	0.0089448
345.287426	0.0082144
345.309426	0.0082322
345.331426	0.0076924
345.353427	0.0083236
345.375429	0.0070000
345.397431	0.0074637
345.419434	0.0083926
345.441438	0.0075946
345.463442	0.0092290
345.485447	0.0087030
345.507453	0.0090402
345.529460	0.0088396
345.551467	0.0081458
345.573475	0.0088052
345.595483	0.0080890
345.617493	0.0094094
345.639503	0.0086001
345.661514	0.0088574
345.683525	0.0096249
345.705537	0.0076239
345.727550	0.0076658
345.749564	0.0084183
345.771578	0.0085313
345.793593	0.0087151
345.815608	0.0079035
345.837625	0.0084055
345.859642	0.0073130
345.881660	0.0081666
345.903678	0.0079128
345.925697	0.0081137
345.947717	0.0089131
345.969738	0.0093731
345.991759	0.0073119
346.013781	0.0081997
346.035804	0.0091771
346.057827	0.0083153
346.079851	0.0081912
346.101876	0.0078731
346.123901	0.0079785
346.145928	0.0078654
346.167954	0.0084315
346.189982	0.0076030
346.212010	0.0079234
346.234039	0.0081074
346.256069	0.0085528
346.278099	0.0072701
346.300131	0.0082763
346.322162	0.0082154
346.344195	0.0071638
346.366228	0.0083460
346.388262	0.0077085
346.410297	0.0073853
346.432332	0.0081005
346.454368	0.0074283
346.476405	0.0079764
346.498442	0.0081436
346.520480	0.0080955
346.542519	0.0073798
346.564559	0.0084525
346.586599	0.0079062
346.608640	0.0082478
346.630682	0.0082502
346.652724	0.0088828
346.674767	0.0077128
346.696811	0.0075986
346.718855	0.0083134
346.740900	0.0081796
346.762946	0.0082839
346.784993	0.0084619
346.807040	0.0077145
346.829088	0.0089392
346.851137	0.0085080
346.873186	0.0077096
346.895236	0.0094298
346.917287	0.0082097
346.939338	0.0076437
346.961391	0.0079672
346.983443	0.0074896
347.005497	0.0093428
347.027551	0.0072447
347.049606	0.0079473
347.071662	0.0090437
347.093718	0.0093581
347.115776	0.0072631
347.137833	0.0080854
347.159892	0.0089360
347.181951	0.0084339
347.204011	0.0086411
347.226072	0.0077150
347.248133	0.0083385
347.270195	0.0083264
347.292258	0.0089567
347.314321	0.0093015
347.336385	0.0077523
347.358450	0.0075426
347.380516	0.0080589
347.402582	0.0083856
347.424649	0.0077353
347.446716	0.0084123
347.468785	0.0089000
347.490854	0.0085419
347.512923	0.0088265
347.534994	0.0088241
347.557065	0.0076739
347.579137	0.0071288
347.601209	0.0076204
347.623283	0.0074342
347.645357	0.0081787
347.667431	0.0080006
347.689507	0.0082180
347.711583	0.0079503
347.733659	0.0079783
347.755737	0.0073849
347.777815	0.0085979
347.799894	0.0072487
347.821974	0.0078782
347.844054	0.0082928
347.866135	0.0071362
347.888217	0.0081600
347.910299	0.0078689
347.932382	0.0078065
347.954466	0.0077498
347.976550	0.0087462
347.998635	0.0091032
348.020721	0.0094149
348.042808	0.0104913
348.064895	0.0099212
348.086983	0.0099266
348.109072	0.0103751
348.131161	0.0104698
348.153252	0.0105509
348.175342	0.0102446
348.197434	0.0109901
348.219526	0.0104487
348.241619	0.0095557
348.263713	0.0097385
348.285807	0.0110778
348.307902	0.0086637
348.329998	0.0089651
348.352094	0.0090557
348.374191	0.0093790
348.396289	0.0079258
348.418388	0.0084450
348.440487	0.0083967
348.462587	0.0082433
348.484688	0.0076293
348.506789	0.0099571
348.528891	0.0085247
348.550994	0.0086279
348.573097	0.0072452
348.595201	0.0092823
348.617306	0.0078784
348.639412	0.0079044
348.661518	0.0087472
348.683625	0.0086300
348.705733	0.0084340
348.727841	0.0086293
348.749950	0.0090318
348.772060	0.0083223
348.794170	0.0076513
348.816282	0.0077654
348.838393	0.0093878
348.860506	0.0086505
348.882619	0.0081379
348.904733	0.0087270
348.926848	0.0083828
348.948963	0.0085948
348.971079	0.0087662
348.993196	0.0081182
349.015314	0.0084578
349.037432	0.0085271
349.059551	0.0085340
349.081671	0.0077939
349.103791	0.0091939
349.125912	0.0082316
349.148034	0.0087695
349.170156	0.0086996
349.192279	0.0085922
349.214403	0.0088157
349.236527	0.0083085
349.258653	0.0080918
349.280779	0.0077643
349.302905	0.0078709
349.325033	0.0078546
349.347161	0.0078144
349.369289	0.0077688
349.391419	0.0074019
349.413549	0.0070000
349.435680	0.0087822
349.457811	0.0076221
349.479944	0.0090002
349.502077	0.0076160
349.524210	0.0081636
349.546345	0.0091501
349.568480	0.0085779
349.590615	0.0085051
349.612752	0.0089801
349.634889	0.0079492
349.657027	0.0073322
349.679166	0.0080686
349.701305	0.0085970
349.723445	0.0097358
349.745586	0.0075061
349.767727	0.0070000
349.789869	0.0076203
349.812012	0.0084598
349.834155	0.0073986
349.856300	0.0080353
349.878444	0.0084893
349.900590	0.0086819
349.922736	0.0086887
349.944883	0.0083609
349.967031	0.0079037
349.989179	0.0085716
350.011329	0.0096600
350.033478	0.0104891
350.055629	0.0101992
350.077780	0.0127865
350.099932	0.0129432
350.122085	0.0147191
350.144238	0.0168995
350.166392	0.0171167
350.188547	0.0182785
350.210702	0.0178647
350.232858	0.0182162
350.255015	0.0169631
350.277173	0.0178501
350.299331	0.0162089
350.321490	0.0151038
350.343650	0.0141856
350.365810	0.0144301
350.387971	0.0130427
350.410133	0.0107478
350.432295	0.0112084
350.454458	0.0081151
350.476622	0.0100226
350.498787	0.0097241
350.520952	0.0092904
350.543118	0.0081930
350.565285	0.0083815
350.587452	0.0075757
350.609620	0.0097191
350.631789	0.0085520
350.653958	0.0078166
350.676129	0.0094127
350.698300	0.0094686
350.720471	0.0071280
350.742643	0.0084149
350.764816	0.0085359
350.786990	0.0073877
350.809164	0.0084071
350.831340	0.0080146
350.853515	0.0070000
350.875692	0.0073652
350.897869	0.0087290
350.920047	0.0078789
350.942226	0.0078617
350.964405	0.0071170
350.986585	0.0078032
351.008766	0.0086622
351.030947	0.0081187
351.053129	0.0079782
351.075312	0.0082233
351.097496	0.0070691
351.119680	0.0079724
351.141865	0.0079716
351.164050	0.0076888
351.186237	0.0075744
351.208424	0.0082890
351.230612	0.0084869
351.252800	0.0086631
351.274989	0.0081774
351.297179	0.0079312
351.319370	0.0080741
351.341561	0.0075349
351.363753	0.0075023
351.385945	0.0078897
351.408139	0.0079373
351.430333	0.0070000
351.452528	0.0080607
351.474723	0.0070000
351.496919	0.0083913
351.519116	0.0080981
351.541314	0.0084654
351.563512	0.0088743
351.585711	0.0087331
351.607911	0.0086065
351.630111	0.0081482
351.652312	0.0070000
351.674514	0.0089505
351.696716	0.0087355
351.718920	0.0088968
351.741124	0.0074819
351.763328	0.0090202
351.785533	0.0075418
351.807739	0.0081249
351.829946	0.0092553
351.852154	0.0071657
351.874362	0.0081033
351.896571	0.0085245
351.918780	0.0079179
351.940990	0.0085075
351.963201	0.0076872
351.985413	0.0070152
352.007625	0.0070903
352.029838	0.0092063
352.052052	0.0081313
352.074266	0.0083258
352.096482	0.0078581
352.118697	0.0079385
352.140914	0.0082244
352.163131	0.0082494
352.185349	0.0079248
352.207568	0.0086317
352.229787	0.0085672
352.252007	0.0076247
352.274228	0.0079996
352.296449	0.0085229
352.318672	0.0088275
352.340894	0.0075784
352.363118	0.0077810
352.385342	0.0091834
352.407567	0.0081548
352.429793	0.0082932
352.452019	0.0076192
352.474246	0.0083254
352.496474	0.0071260
352.518703	0.0088565
352.540932	0.0083257
352.563162	0.0070000
352.585392	0.0079409
352.607624	0.0080533
352.629856	0.0076607
352.652088	0.0081560
352.674322	0.0076743
352.696556	0.0079493
352.718791	0.0084593
352.741026	0.0084780
352.763262	0.0084617
352.785499	0.0091267
352.807737	0.0087825
352.829975	0.0095779
352.852214	0.0081787
352.874454	0.0077812
352.896694	0.0079732
352.918936	0.0084203
352.941177	0.0080516
352.963420	0.0081289
352.985663	0.0087205
353.007907	0.0077501
353.030152	0.0083036
353.052397	0.0073596
353.074643	0.0085127
353.096890	0.0073517
353.119137	0.0088882
353.141385	0.0098996
353.163634	0.0071695
353.185884	0.0089012
353.208134	0.0081351
353.230385	0.0071903
353.252637	0.0077449
353.274889	0.0075890
353.297142	0.0074088
353.319396	0.0082899
353.341650	0.0078147
353.363906	0.0080967
353.386161	0.0093614
353.408418	0.0090126
353.430675	0.0084289
353.452933	0.0071166
353.475192	0.0078335
353.497451	0.0082462
353.519711	0.0078148
353.541972	0.0085386
353.564234	0.0081805
353.586496	0.0086242
353.608759	0.0085486
353.631022	0.0071474
353.653287	0.0091513
353.675552	0.0086443
353.697818	0.0079878
353.720084	0.0083827
353.742351	0.0082510
353.764619	0.0078178
353.786887	0.0076960
353.809157	0.0080056
353.831427	0.0085339
353.853697	0.0079157
353.875969	0.0092057
353.898241	0.0081202
353.920513	0.0084700
353.942787	0.0079933
353.965061	0.0080287
353.987336	0.0085834
354.009611	0.0085429
354.031887	0.0084231
354.054164	0.0080654
354.076442	0.0081002
354.098720	0.0082492
354.121000	0.0080169
354.143279	0.0087942
354.165560	0.0071982
354.187841	0.0093200
354.210123	0.0070000
354.232405	0.0073779
354.254689	0.0086388
354.276973	0.0078583
354.299257	0.0092454
354.321543	0.0079761
354.343829	0.0091039
354.366116	0.0081532
354.388403	0.0082336
354.410691	0.0081135
354.432980	0.0076013
354.455270	0.0087944
354.477560	0.0077819
354.499851	0.0079660
354.522143	0.0077749
354.544435	0.0084834
354.566728	0.0078884
354.589022	0.0083251
354.611317	0.0086375
354.633612	0.0081967
354.655908	0.0091319
354.678204	0.0082675
354.700502	0.0081277
354.722800	0.0080835
354.745098	0.0080615
354.767398	0.0077879
354.789698	0.0084541
354.811999	0.0080998
354.834300	0.0093357
354.856602	0.0089267
354.878905	0.0072621
354.901209	0.0076883
354.923513	0.0085113
354.945818	0.0086193
354.968124	0.0070000
354.990431	0.0086853
355.012738	0.0077328
355.035046	0.0084596
355.057354	0.0085561
355.079664	0.0092176
355.101973	0.0074191
355.124284	0.0086924
355.146595	0.0079203
355.168908	0.0081429
355.191220	0.0075221
355.213534	0.0080962
355.235848	0.0092366
355.258163	0.0095226
355.280478	0.0090562
355.302795	0.0088832
355.325112	0.0079881
355.347429	0.0083045
355.369748	0.0086746
355.392067	0.0070000
355.414387	0.0081893
355.436707	0.0081384
355.459028	0.0081771
355.481350	0.0083722
355.503673	0.0090410
355.525996	0.0077277
355.548320	0.0086956
355.570645	0.0079941
355.592970	0.0081043
355.615296	0.0085015
355.637623	0.0090144
355.659951	0.0077796
355.682279	0.0090316
355.704608	0.0078734
355.726938	0.0084346
355.749268	0.0086484
355.771599	0.0076004
355.793931	0.0078825
355.816263	0.0084098
355.838596	0.0080764
355.860930	0.0083214
355.883265	0.0079935
355.905600	0.0081447
355.927936	0.0078855
355.950273	0.0094034
355.972610	0.0080894
355.994948	0.0087166
356.017287	0.0083574
356.039626	0.0085397
356.061966	0.0088955
356.084307	0.0080142
356.106649	0.0092246
356.128991	0.0084172
356.151334	0.0096662
356.173678	0.0079287
356.196022	0.0080999
356.218367	0.0087034
356.240713	0.0083294
356.263060	0.0089606
356.285407	0.0082205
356.307755	0.0084218
356.330103	0.0078356
356.352452	0.0076777
356.374802	0.0077052
356.397153	0.0087275
356.419505	0.0096682
356.441857	0.0080827
356.464210	0.0082575
356.486563	0.0081330
356.508917	0.0086555
356.531272	0.0071163
356.553628	0.0092238
356.575984	0.0091605
356.598341	0.0089066
356.620699	0.0077867
356.643057	0.0076245
356.665416	0.0088579
356.687776	0.0084099
356.710137	0.0079808
356.732498	0.0082733
356.754860	0.0081709
356.777223	0.0086278
356.799586	0.0085739
356.821950	0.0076436
356.844315	0.0079664
356.866680	0.0086142
356.889046	0.0073528
356.911413	0.0077987
356.933781	0.0090561
356.956149	0.0079725
356.978518	0.0080878
357.000888	0.0081040
357.023258	0.0087444
357.045629	0.0088353
357.068001	0.0082722
357.090373	0.0092405
357.112747	0.0083798
357.135120	0.0075237
357.157495	0.0087010
357.179870	0.0075934
357.202246	0.0080646
357.224623	0.0078923
357.247000	0.0070000
357.269378	0.0076798
357.291757	0.0073043
357.314137	0.0083526
357.336517	0.0088378
357.358898	0.0077448
357.381279	0.0081104
357.403662	0.0074739
357.426045	0.0081210
357.448429	0.0076156
357.470813	0.0087188
357.493198	0.0073925
357.515584	0.0077427
357.537970	0.0080121
357.560358	0.0084238
357.582746	0.0091121
357.605134	0.0085679
357.627524	0.0080804
357.649914	0.0081390
357.672304	0.0079402
357.694696	0.0085705
357.717088	0.0083535
357.739481	0.0082249
357.761874	0.0079582
357.784269	0.0078203
357.806664	0.0077434
357.829059	0.0079173
357.851456	0.0087087
357.873853	0.0087041
357.896250	0.0086419
357.918649	0.0089900
357.941048	0.0092483
357.963448	0.0084373
357.985848	0.0097430
358.008250	0.0095811
358.030652	0.0080580
358.053054	0.0081060
358.075458	0.0088354
358.097862	0.0082870
358.120267	0.0080449
358.142672	0.0079369
358.165078	0.0077812
358.187485	0.0079742
358.209893	0.0085733
358.232301	0.0077917
358.254710	0.0083240
358.277120	0.0091570
358.299530	0.0077868
358.321941	0.0092132
358.344353	0.0081786
358.366766	0.0077484
358.389179	0.0085467
358.411593	0.0085525
358.434007	0.0081102
358.456423	0.0070727
358.478839	0.0088121
358.501256	0.0073930
358.523673	0.0071743
358.546091	0.0087098
358.568510	0.0078101
358.590929	0.0084425
358.613350	0.0081730
358.635771	0.0094996
358.658192	0.0094676
358.680615	0.0107702
358.703038	0.0115742
358.725461	0.0141659
358.747886	0.0170829
358.770311	0.0186622
358.792737	0.0211247
358.815163	0.0220317
358.837591	0.0254722
358.860019	0.0258269
358.882447	0.0268124
358.904877	0.0276384
358.927307	0.0276764
358.949738	0.0245223
358.972169	0.0223607
358.994601	0.0227970
359.017034	0.0199039
359.039468	0.0179470
359.061902	0.0181721
359.084337	0.0139959
359.106773	0.0131290
359.129209	0.0117140
359.151646	0.0104167
359.174084	0.0095498
359.196522	0.0095496
359.218962	0.0089987
359.241402	0.0088917
359.263842	0.0083597
359.286284	0.0076244
359.308726	0.0086226
359.331168	0.0085739
359.353612	0.0084570
359.376056	0.0079999
359.398501	0.0085280
359.420946	0.0083272
359.443392	0.0083209
359.465839	0.0090353
359.488287	0.0081000
359.510735	0.0094286
359.533184	0.0085258
359.555634	0.0079318
359.578085	0.0082709
359.600536	0.0075059
359.622987	0.0070000
359.645440	0.0087088
359.667893	0.0074351
359.690347	0.0084940
359.712802	0.0070000
359.735257	0.0081755
359.757713	0.0073522
359.780170	0.0091747
359.802628	0.0079957
359.825086	0.0087398
359.847545	0.0081138
359.870004	0.0073980
359.892464	0.0084969
359.914925	0.0070000
359.937387	0.0083972
359.959850	0.0079634
359.982313	0.0078922
360.004776	0.0082966
360.027241	0.0081827
360.049706	0.0079106
360.072172	0.0084051
360.094639	0.0070341
360.117106	0.0084112
360.139574	0.0074592
360.162043	0.0079560
360.184512	0.0081670
360.206982	0.0080358
360.229453	0.0078242
360.251924	0.0074414
360.274397	0.0074181
360.296870	0.0087287
360.319343	0.0083945
360.341818	0.0086825
360.364293	0.0075250
360.386768	0.0089312
360.409245	0.0080010
360.431722	0.0096875
360.454200	0.0083966
360.476678	0.0089294
360.499157	0.0073978
360.521637	0.0082540
360.544118	0.0077698
360.566599	0.0077216
360.589081	0.0074522
360.611564	0.0077891
360.634048	0.0090143
360.656532	0.0074703
360.679017	0.0085573
360.701502	0.0083951
360.723989	0.0073291
360.746475	0.0093339
360.768963	0.0081452
360.791452	0.0095409
360.813941	0.0098367
360.836430	0.0086739
360.858921	0.0091975
360.881412	0.0086640
360.903904	0.0102201
360.926397	0.0094324
360.948890	0.0084313
360.971384	0.0100199
360.993879	0.0072062
361.016374	0.0086572
361.038870	0.0078813
361.061367	0.0085388
361.083864	0.0091902
361.106363	0.0078345
361.128861	0.0078242
361.151361	0.0081918
361.173861	0.0085216
361.196362	0.0081650
361.218864	0.0071794
361.241367	0.0085436
361.263870	0.0081424
361.286373	0.0081292
361.308878	0.0077221
361.331383	0.0076856
361.353889	0.0083102
361.376396	0.0078886
361.398903	0.0071277
361.421411	0.0082814
361.443920	0.0089448
361.466429	0.0090204
361.488940	0.0082422
361.511450	0.0078490
361.533962	0.0093883
361.556474	0.0084543
361.578987	0.0091673
361.601501	0.0089351
361.624015	0.0076433
361.646530	0.0081330
361.669046	0.0075831
361.691562	0.0094585
361.714080	0.0095748
361.736598	0.0078425
361.759116	0.0089930
361.781635	0.0070000
361.804155	0.0082186
361.826676	0.0071443
361.849197	0.0079890
361.871720	0.0074312
361.894242	0.0085394
361.916766	0.0080820
361.939290	0.0087129
361.961815	0.0075593
361.984340	0.0079368
362.006867	0.0086861
362.029394	0.0077019
362.051921	0.0083114
362.074450	0.0082848
362.096979	0.0094488
362.119509	0.0074434
362.142039	0.0081777
362.164571	0.0074970
362.187102	0.0082751
362.209635	0.0086979
362.232168	0.0079457
362.254702	0.0080252
362.277237	0.0078213
362.299773	0.0085600
362.322309	0.0093662
362.344846	0.0073809
362.367383	0.0083344
362.389921	0.0087982
362.412460	0.0082705
362.435000	0.0083697
362.457540	0.0085927
362.480081	0.0082070
362.502623	0.0075572
362.525166	0.0079286
362.547709	0.0085096
362.570253	0.0081117
362.592797	0.0074620
362.615342	0.0086892
362.637888	0.0076479
362.660435	0.0082293
362.682982	0.0084887
362.705531	0.0074966
362.728079	0.0086002
362.750629	0.0090485
362.773179	0.0080901
362.795730	0.0073928
362.818281	0.0085050
362.840834	0.0084634
362.863387	0.0081401
362.885940	0.0088752
362.908495	0.0080300
362.931050	0.0079396
362.953606	0.0081619
362.976162	0.0086077
362.998719	0.0083855
363.021277	0.0084111
363.043836	0.0082609
363.066395	0.0084556
363.088955	0.0073768
363.111516	0.0086247
363.134078	0.0095496
363.156640	0.0078612
363.179202	0.0076609
363.201766	0.0086801
363.224330	0.0083234
363.246895	0.0089224
363.269461	0.0082175
363.292027	0.0082354
363.314594	0.0073943
363.337162	0.0077779
363.359730	0.0081543
363.382300	0.0076972
363.404869	0.0075718
363.427440	0.0080739
363.450011	0.0088153
363.472583	0.0083539
363.495156	0.0076780
363.517729	0.0095976
363.540303	0.0073197
363.562878	0.0076046
363.585453	0.0079653
363.608030	0.0072891
363.630607	0.0093575
363.653184	0.0083141
363.675762	0.0092515
363.698341	0.0086493
363.720921	0.0088154
363.743501	0.0091104
363.766083	0.0085581
363.788664	0.0082046
363.811247	0.0082489
363.833830	0.0078349
363.856414	0.0084197
363.878999	0.0078717
363.901584	0.0080948
363.924170	0.0090551
363.946757	0.0082332
363.969344	0.0084173
363.991932	0.0073958
364.014521	0.0092691
364.037110	0.0086494
364.059701	0.0078078
364.082292	0.0076819
364.104883	0.0078130
364.127476	0.0092836
364.150069	0.0076209
364.172662	0.0093826
364.195257	0.0080227
364.217852	0.0082165
364.240448	0.0081412
364.263044	0.0090961
364.285641	0.0085393
364.308239	0.0072021
364.330838	0.0082439
364.353437	0.0086912
364.376037	0.0070000
364.398638	0.0084482
364.421240	0.0084011
364.443842	0.0072558
364.466445	0.0076184
364.489048	0.0099166
364.511653	0.0075044
364.534258	0.0083303
364.556863	0.0070000
364.579470	0.0078713
364.602077	0.0080058
364.624684	0.0078611
364.647293	0.0079320
364.669902	0.0080538
364.692512	0.0073250
364.715123	0.0072722
364.737734	0.0075842
364.760346	0.0083321
364.782959	0.0078104
364.805572	0.0070919
364.828186	0.0094911
364.850801	0.0085426
364.873416	0.0094893
364.896033	0.0085253
364.918650	0.0099936
364.941267	0.0102165
364.963885	0.0098371
364.986504	0.0109103
365.009124	0.0110687
365.031745	0.0116449
365.054366	0.0104482
365.076988	0.0106222
365.099610	0.0111766
365.122233	0.0122806
365.144857	0.0103147
365.167482	0.0109287
365.190107	0.0101699
365.212733	0.0093408
365.235360	0.0085009
365.257987	0.0082031
365.280616	0.0087062
365.303245	0.0094113
365.325874	0.0100046
365.348504	0.0090163
365.371135	0.0097327
365.393767	0.0084172
365.416399	0.0074453
365.439032	0.0083784
365.461666	0.0088102
365.484301	0.0072620
365.506936	0.0078470
365.529572	0.0082264
365.552208	0.0079705
365.574846	0.0088212
365.597484	0.0083709
365.620122	0.0083575
365.642762	0.0074968
365.665402	0.0078197
365.688042	0.0089492
365.710684	0.0080839
365.733326	0.0083395
365.755969	0.0093893
365.778613	0.0089232
365.801257	0.0078734
365.823902	0.0078125
365.846548	0.0076248
365.869194	0.0086367
365.891841	0.0085758
365.914489	0.0072658
365.937138	0.0083478
365.959787	0.0091007
365.982437	0.0091259
366.005087	0.0077749
366.027739	0.0076460
366.050391	0.0082837
366.073043	0.0088419
366.095697	0.0079984
366.118351	0.0087692
366.141006	0.0085606
366.163661	0.0085117
366.186318	0.0078503
366.208975	0.0078343
366.231632	0.0072620
366.254291	0.0070000
366.276950	0.0080696
366.299609	0.0090483
366.322270	0.0088358
366.344931	0.0074651
366.367593	0.0083737
366.390255	0.0080664
366.412919	0.0086525
366.435583	0.0075535
366.458247	0.0077847
366.480913	0.0082748
366.503579	0.0076137
366.526246	0.0081340
366.548913	0.0075201
366.571581	0.0070347
366.594250	0.0094582
366.616920	0.0081208
366.639590	0.0070000
366.662261	0.0077037
366.684933	0.0084246
366.707605	0.0078802
366.730278	0.0080204
366.752952	0.0070000
366.775627	0.0076495
366.798302	0.0084268
366.820978	0.0082442
366.843654	0.0091527
366.866332	0.0084697
366.889010	0.0077990
366.911688	0.0088750
366.934368	0.0085320
366.957048	0.0081016
366.979729	0.0077242
367.002410	0.0079704
367.025093	0.0086498
367.047776	0.0078553
367.070459	0.0081723
367.093144	0.0088806
367.115829	0.0086771
367.138514	0.0081839
367.161201	0.0078272
367.183888	0.0080347
367.206576	0.0084460
367.229264	0.0078295
367.251954	0.0079086
367.274644	0.0087244
367.297334	0.0076172
367.320026	0.0078977
367.342718	0.0076452
367.365410	0.0084485
367.388104	0.0077288
367.410798	0.0074653
367.433493	0.0087492
367.456189	0.0078610
367.478885	0.0082261
367.501582	0.0079088
367.524280	0.0091724
367.546978	0.0082202
367.569677	0.0080268
367.592377	0.0070000
367.615077	0.0074595
367.637778	0.0084468
367.660480	0.0075241
367.683183	0.0072901
367.705886	0.0079227
367.728590	0.0081098
367.751295	0.0085442
367.774000	0.0098075
367.796707	0.0078319
367.819413	0.0071412
367.842121	0.0087155
367.864829	0.0081517
367.887538	0.0080128
367.910248	0.0072126
367.932958	0.0074486
367.955669	0.0086192
367.978381	0.0071509
368.001093	0.0085397
368.023806	0.0071852
368.046520	0.0086850
368.069235	0.0080628
368.091950	0.0083356
368.114666	0.0083963
368.137383	0.0075766
368.160100	0.0087431
368.182818	0.0087585
368.205537	0.0083762
368.228256	0.0082677
368.250976	0.0082392
368.273697	0.0075176
368.296419	0.0083136
368.319141	0.0074584
368.341864	0.0075966
368.364588	0.0077708
368.387312	0.0086438
368.410037	0.0089606
368.432763	0.0072529
368.455490	0.0079702
368.478217	0.0071562
368.500945	0.0076441
368.523673	0.0084141
368.546402	0.0089091
368.569132	0.0086925
368.591863	0.0090640
368.614595	0.0085814
368.637327	0.0093841
368.660059	0.0102936
368.682793	0.0115516
368.705527	0.0136966
368.728262	0.0161791
368.750998	0.0203220
368.773734	0.0241037
368.796471	0.0261306
368.819209	0.0302527
368.841947	0.0323504
368.864686	0.0338987
368.887426	0.0355449
368.910167	0.0354562
368.932908	0.0323540
368.955650	0.0319573
368.978393	0.0307668
369.001136	0.0278222
369.023880	0.0245321
369.046625	0.0213117
369.069370	0.0201316
369.092116	0.0176573
369.114863	0.0157835
369.137611	0.0137865
369.160359	0.0119021
369.183108	0.0107885
369.205858	0.0108139
369.228608	0.0091409
369.251359	0.0096575
369.274111	0.0098074
369.296863	0.0080434
369.319616	0.0089050
369.342370	0.0080425
369.365125	0.0074169
369.387880	0.0086691
369.410636	0.0084408
369.433393	0.0078769
369.456150	0.0083021
369.478908	0.0076305
369.501667	0.0087083
369.524427	0.0082352
369.547187	0.0086264
369.569948	0.0074550
369.592709	0.0080410
369.615472	0.0084960
369.638235	0.0078353
369.660998	0.0081515
369.683763	0.0082218
369.706528	0.0088566
369.729294	0.0082650
369.752060	0.0082425
369.774828	0.0092505
369.797595	0.0086385
369.820364	0.0085491
369.843133	0.0084680
369.865904	0.0080432
369.888674	0.0094987
369.911446	0.0083760
369.934218	0.0089057
369.956991	0.0091317
369.979764	0.0089261
370.002538	0.0090038
370.025313	0.0070000
370.048089	0.0077800
370.070865	0.0070030
370.093642	0.0079853
370.116420	0.0070000
370.139199	0.0077368
370.161978	0.0075264
370.184758	0.0079925
370.207538	0.0076750
370.230320	0.0087589
370.253102	0.0080724
370.275884	0.0076198
370.298668	0.0091935
370.321452	0.0085719
370.344237	0.0077559
370.367022	0.0074503
370.389808	0.0078437
370.412595	0.0078450
370.435383	0.0080080
370.458171	0.0088702
370.480960	0.0085621
370.503750	0.0081882
370.526540	0.0080399
370.549331	0.0081284
370.572123	0.0076171
370.594916	0.0092668
370.617709	0.0094281
370.640503	0.0085402
370.663297	0.0076762
370.686093	0.0082350
370.708889	0.0080703
370.731685	0.0084531
370.754483	0.0074505
370.777281	0.0080526
370.800080	0.0077819
370.822879	0.0083396
370.845680	0.0084495
370.868480	0.0076668
370.891282	0.0071450
370.914084	0.0091496
370.936888	0.0082503
370.959691	0.0074303
370.982496	0.0072591
371.005301	0.0076488
371.028107	0.0070000
371.050913	0.0077978
371.073721	0.0077135
371.096529	0.0081331
371.119337	0.0076584
371.142147	0.0093154
371.164957	0.0081190
371.187767	0.0084642
371.210579	0.0080756
371.233391	0.0083002
371.256204	0.0074935
371.279018	0.0074626
371.301832	0.0078989
371.324647	0.0081155
371.347462	0.0085240
371.370279	0.0082338
371.393096	0.0087919
371.415914	0.0083258
371.438732	0.0081933
371.461551	0.0076647
371.484371	0.0077958
371.507192	0.0089073
371.530013	0.0075172
371.552835	0.0086569
371.575658	0.0082740
371.598481	0.0078198
371.621306	0.0081946
371.644130	0.0082640
371.666956	0.0084612
371.689782	0.0070000
371.712609	0.0085569
371.735437	0.0078358
371.758265	0.0090232
371.781094	0.0095465
371.803924	0.0080394
371.826754	0.0086628
371.849585	0.0071783
371.872417	0.0082855
371.895250	0.0090103
371.918083	0.0084873
371.940917	0.0080268
371.963752	0.0085039
371.986587	0.0079638
372.009423	0.0091345
372.032260	0.0078636
372.055097	0.0081737
372.077935	0.0090914
372.100774	0.0076328
372.123614	0.0082016
372.146454	0.0070641
372.169295	0.0080507
372.192137	0.0090549
372.214979	0.0071537
372.237822	0.0078780
372.260666	0.0080106
372.283511	0.0088796
372.306356	0.0078013
372.329202	0.0086716
372.352048	0.0075078
372.374896	0.0084257
372.397744	0.0083517
372.420592	0.0076857
372.443442	0.0081052
372.466292	0.0101499
372.489143	0.0086557
372.511994	0.0085749
372.534846	0.0081761
372.557699	0.0074611
372.580553	0.0091900
372.603407	0.0074369
372.626262	0.0081354
372.649118	0.0074701
372.671974	0.0070000
372.694832	0.0074904
372.717689	0.0074294
372.740548	0.0075777
372.763407	0.0090031
372.786267	0.0087273
372.809128	0.0080899
372.831989	0.0074322
372.854851	0.0083419
372.877714	0.0087061
372.900577	0.0085056
372.923442	0.0070529
372.946306	0.0093216
372.969172	0.0086603
372.992038	0.0080120
373.014905	0.0087885
373.037773	0.0078262
373.060641	0.0084766
373.083510	0.0080901
373.106380	0.0076104
373.129251	0.0070000
373.152122	0.0082962
373.174994	0.0092889
373.197866	0.0085320
373.220739	0.0090102
373.243613	0.0082885
373.266488	0.0078889
373.289364	0.0071311
373.312240	0.0084187
373.335116	0.0079993
373.357994	0.0077718
373.380872	0.0074728
373.403751	0.0072050
373.426631	0.0087473
373.449511	0.0076062
373.472392	0.0074371
373.495274	0.0073861
373.518156	0.0075123
373.541039	0.0078117
373.563923	0.0079779
373.586808	0.0070000
373.609693	0.0081050
373.632579	0.0088352
373.655465	0.0082955
373.678353	0.0071407
373.701241	0.0081861
373.724130	0.0084757
373.747019	0.0073109
373.769909	0.0072590
373.792800	0.0072064
373.815692	0.0088761
373.838584	0.0087739
373.861477	0.0089011
373.884370	0.0080648
373.907265	0.0070000
373.930160	0.0083359
373.953056	0.0077742
373.975952	0.0084152
373.998849	0.0082962
374.021747	0.0085250
374.044646	0.0083251
374.067545	0.0078305
374.090445	0.0072252
374.113346	0.0082252
374.136247	0.0082985
374.159149	0.0082038
374.182052	0.0080552
374.204955	0.0083323
374.227860	0.0087409
374.250764	0.0082928
374.273670	0.0087400
374.296576	0.0085913
374.319483	0.0087860
374.342391	0.0079275
374.365299	0.0089204
374.388209	0.0090179
374.411118	0.0080874
374.434029	0.0076246
374.456940	0.0082586
374.479852	0.0081923
374.502765	0.0087781
374.525678	0.0070000
374.548592	0.0091791
374.571507	0.0073139
374.594422	0.0084597
374.617338	0.0082741
374.640255	0.0076892
374.663173	0.0084174
374.686091	0.0086690
374.709010	0.0072480
374.731930	0.0092121
374.754850	0.0076299
374.777771	0.0076496
374.800693	0.0087381
374.823615	0.0082093
374.846538	0.0081561
374.869462	0.0078256
374.892387	0.0076316
374.915312	0.0087329
374.938238	0.0084817
374.961165	0.0078736
374.984092	0.0083808
375.007020	0.0070000
375.029949	0.0080994
375.052878	0.0097674
375.075809	0.0083030
375.098739	0.0087895
375.121671	0.0070330
375.144603	0.0078237
375.167536	0.0082519
375.190470	0.0078875
375.213404	0.0083095
375.236340	0.0077999
375.259275	0.0082566
375.282212	0.0070000
375.305149	0.0084950
375.328087	0.0090726
375.351026	0.0087566
375.373965	0.0078008
375.396905	0.0083453
375.419846	0.0085808
375.442787	0.0082412
375.465729	0.0087500
375.488672	0.0082087
375.511616	0.0070000
375.534560	0.0085313
375.557505	0.0081685
375.580450	0.0086052
375.603397	0.0076555
375.626344	0.0085976
375.649291	0.0084076
375.672240	0.0086376
375.695189	0.0077172
375.718139	0.0078103
375.741089	0.0091557
375.764041	0.0081236
375.786993	0.0083289
375.809945	0.0079928
375.832899	0.0077532
375.855853	0.0077670
375.878807	0.0078970
375.901763	0.0088689
375.924719	0.0078850
375.947676	0.0085487
375.970634	0.0084076
375.993592	0.0083784
376.016551	0.0071610
376.039511	0.0085925
376.062471	0.0077595
376.085432	0.0086892
376.108394	0.0082852
376.131356	0.0082859
376.154319	0.0083760
376.177283	0.0084087
376.200248	0.0081371
376.223213	0.0075098
376.246179	0.0079337
376.269146	0.0080971
376.292113	0.0091803
376.315082	0.0081334
376.338050	0.0074841
376.361020	0.0078702
376.383990	0.0078062
376.406961	0.0077613
376.429933	0.0089371
376.452905	0.0084707
376.475878	0.0085606
376.498852	0.0075260
376.521826	0.0080977
376.544801	0.0077037
376.567777	0.0083602
376.590754	0.0085359
376.613731	0.0092164
376.636709	0.0081150
376.659688	0.0107824
376.682667	0.0105048
376.705647	0.0120377
376.728628	0.0136260
376.751609	0.0156580
376.774591	0.0163564
376.797574	0.0185242
376.820558	0.0199304
376.843542	0.0218951
376.866527	0.0236296
376.889513	0.0235993
376.912499	0.0238844
376.935486	0.0228687
376.958474	0.0215039
376.981462	0.0202505
377.004452	0.0195529
377.027441	0.0169490
377.050432	0.0157689
377.073423	0.0155194
377.096415	0.0123393
377.119408	0.0108586
377.142401	0.0114430
377.165395	0.0101052
377.188390	0.0102085
377.211386	0.0099316
377.234382	0.0099776
377.257379	0.0095071
377.280377	0.0078643
377.303375	0.0080481
377.326374	0.0079977
377.349374	0.0076142
377.372374	0.0080543
377.395375	0.0081935
377.418377	0.0075345
377.441379	0.0074876
377.464383	0.0075725
377.487387	0.0078659
377.510391	0.0075434
377.533397	0.0076757
377.556403	0.0086901
377.579409	0.0084719
377.602417	0.0086587
377.625425	0.0072965
377.648434	0.0081735
377.671443	0.0089834
377.694454	0.0089939
377.717465	0.0071662
377.740476	0.0086357
377.763489	0.0097332
377.786502	0.0078615
377.809515	0.0087011
377.832530	0.0088045
377.855545	0.0087357
377.878561	0.0070000
377.901578	0.0081238
377.924595	0.0083286
377.947613	0.0079147
377.970632	0.0085974
377.993651	0.0100768
378.016671	0.0082346
378.039692	0.0070718
378.062713	0.0084451
378.085736	0.0076927
378.108758	0.0091756
378.131782	0.0086526
378.154806	0.0073870
378.177831	0.0087465
378.200857	0.0081523
378.223883	0.0071602
378.246911	0.0092908
378.269938	0.0087560
378.292967	0.0079521
378.315996	0.0081540
378.339026	0.0083595
378.362057	0.0070000
378.385088	0.0072442
378.408120	0.0073273
378.431153	0.0079043
378.454186	0.0079996
378.477220	0.0081610
378.500255	0.0081771
378.523291	0.0085481
378.546327	0.0072408
378.569364	0.0083610
378.592402	0.0088965
378.615440	0.0082948
378.638479	0.0095619
378.661519	0.0076409
378.684559	0.0080370
378.707600	0.0070918
378.730642	0.0077339
378.753685	0.0085360
378.776728	0.0086889
378.799772	0.0085608
378.822817	0.0093472
378.845862	0.0094242
378.868908	0.0091699
378.891955	0.0094039
378.915002	0.0089700
378.938051	0.0096037
378.961099	0.0086519
378.984149	0.0083482
379.007199	0.0075269
379.030250	0.0086532
379.053302	0.0097621
379.076354	0.0100528
379.099408	0.0085344
379.122461	0.0098656
379.145516	0.0110553
379.168571	0.0097889
379.191627	0.0104418
379.214684	0.0096426
379.237741	0.0099626
379.260799	0.0088073
379.283858	0.0089300
379.306917	0.0108640
379.329977	0.0097604
379.353038	0.0091292
379.376100	0.0093589
379.399162	0.0090277
379.422225	0.0089320
379.445288	0.0079809
379.468353	0.0080796
379.491418	0.0076126
379.514484	0.0074885
379.537550	0.0087112
379.560617	0.0083180
379.583685	0.0077079
379.606754	0.0085756
379.629823	0.0076447
379.652893	0.0076772
379.675963	0.0088052
379.699035	0.0070000
379.722107	0.0078399
379.745180	0.0079566
379.768253	0.0078320
379.791327	0.0071836
379.814402	0.0088057
379.837478	0.0080749
379.860554	0.0084600
379.883631	0.0082699
379.906709	0.0081260
379.929787	0.0077240
379.952866	0.0077553
379.975946	0.0078596
379.999026	0.0089353
380.022108	0.0072982
380.045190	0.0092689
380.068272	0.0077941
380.091355	0.0080527
380.114439	0.0074794
380.137524	0.0080491
380.160610	0.0076831
380.183696	0.0076640
380.206783	0.0087282
380.229870	0.0080825
380.252958	0.0087823
380.276047	0.0071927
380.299137	0.0088257
380.322227	0.0074332
380.345318	0.0077849
380.368410	0.0077198
380.391502	0.0085618
380.414596	0.0076070
380.437689	0.0073142
380.460784	0.0075005
380.483879	0.0087202
380.506975	0.0079756
380.530072	0.0090704
380.553169	0.0073181
380.576267	0.0088199
380.599366	0.0080198
380.622465	0.0071947
380.645566	0.0080848
380.668666	0.0094342
380.691768	0.0087833
380.714870	0.0072257
380.737973	0.0081680
380.761077	0.0084716
380.784181	0.0083491
380.807286	0.0073779
380.830392	0.0089585
380.853499	0.0079742
380.876606	0.0070583
380.899714	0.0081984
380.922822	0.0085391
380.945932	0.0074418
380.969042	0.0077887
380.992152	0.0091536
381.015264	0.0078151
381.038376	0.0078201
381.061489	0.0085986
381.084602	0.0077842
381.107716	0.0077134
381.130831	0.0085126
381.153947	0.0083352
381.177063	0.0071974
381.200180	0.0084264
381.223298	0.0076385
381.246416	0.0086471
381.269536	0.0070000
381.292655	0.0076026
381.315776	0.0078063
381.338897	0.0070015
381.362019	0.0083371
381.385142	0.0076118
381.408265	0.0090515
381.431389	0.0082567
381.454514	0.0091745
381.477639	0.0078035
381.500765	0.0082204
381.523892	0.0079999
381.547020	0.0080146
381.570148	0.0086849
381.593277	0.0093475
381.616407	0.0075619
381.639537	0.0083040
381.662668	0.0074889
381.685800	0.0081782
381.708932	0.0076777
381.732066	0.0075230
381.755199	0.0076458
381.778334	0.0080479
381.801469	0.0072752
381.824605	0.0087089
381.847742	0.0084837
381.870879	0.0077391
381.894017	0.0079271
381.917156	0.0082591
381.940296	0.0087116
381.963436	0.0082692
381.986577	0.0079765
382.009718	0.0081757
382.032861	0.0089687
382.056004	0.0084600
382.079148	0.0074306
382.102292	0.0088748
382.125437	0.0077696
382.148583	0.0081281
382.171729	0.0085029
382.194877	0.0072903
382.218025	0.0073012
382.241173	0.0071079
382.264323	0.0079918
382.287473	0.0073693
382.310623	0.0075834
382.333775	0.0087525
382.356927	0.0081173
382.380080	0.0072581
382.403233	0.0081698
382.426387	0.0073434
382.449542	0.0088200
382.472698	0.0082929
382.495854	0.0075943
382.519012	0.0081302
382.542169	0.0071861
382.565328	0.0085840
382.588487	0.0072196
382.611647	0.0088217
382.634807	0.0075905
382.657969	0.0085015
382.681131	0.0076840
382.704293	0.0074117
382.727457	0.0083437
382.750621	0.0080262
382.773786	0.0083158
382.796951	0.0082502
382.820117	0.0082155
382.843284	0.0083789
382.866452	0.0085861
382.889620	0.0078789
382.912789	0.0070621
382.935959	0.0086085
382.959129	0.0084603
382.982300	0.0080198
383.005472	0.0073260
383.028645	0.0074505
383.051818	0.0074843
383.074992	0.0078596
383.098166	0.0079292
383.121342	0.0080120
383.144518	0.0071024
383.167694	0.0095339
383.190872	0.0086219
383.214050	0.0075363
383.237229	0.0085475
383.260408	0.0076866
383.283588	0.0086023
383.306769	0.0085955
383.329951	0.0078653
383.353133	0.0088990
383.376316	0.0079653
383.399500	0.0079034
383.422685	0.0073509
383.445870	0.0079740
383.469056	0.0087052
383.492242	0.0073367
383.515430	0.0092536
383.538617	0.0085723
383.561806	0.0089246
383.584995	0.0082515
383.608186	0.0079130
383.631376	0.0075847
383.654568	0.0093521
383.677760	0.0087513
383.700953	0.0080742
383.724146	0.0073704
383.747341	0.0080006
383.770536	0.0071074
383.793731	0.0073248
383.816928	0.0071641
383.840125	0.0079904
383.863323	0.0087734
383.886521	0.0080977
383.909720	0.0090509
383.932920	0.0074659
383.956121	0.0079411
383.979322	0.0082433
384.002524	0.0071957
384.025727	0.0081013
384.048930	0.0077314
384.072134	0.0077366
384.095339	0.0077325
384.118545	0.0078095
384.141751	0.0077551
384.164958	0.0070000
384.188166	0.0078046
384.211374	0.0073983
384.234583	0.0073930
384.257793	0.0072136
384.281003	0.0072225
384.304214	0.0081361
384.327426	0.0070000
384.350639	0.0076812
384.373852	0.0078660
384.397066	0.0075438
384.420281	0.0080119
384.443496	0.0086483
384.466712	0.0092169
384.489929	0.0083369
384.513146	0.0083164
384.536364	0.0079735
384.559583	0.0093583
384.582803	0.0088605
384.606023	0.0084618
384.629244	0.0081193
384.652466	0.0081020
384.675688	0.0088719
384.698911	0.0084377
384.722135	0.0081015
384.745360	0.0090139
384.768585	0.0081864
384.791811	0.0089045
384.815037	0.0092170
384.838264	0.0090905
384.861492	0.0093741
384.884721	0.0080100
384.907951	0.0084506
384.931181	0.0094041
384.954412	0.0089053
384.977643	0.0070950
385.000875	0.0090061
385.024108	0.0087781
385.047342	0.0092152
385.070576	0.0091770
385.093811	0.0081913
385.117047	0.0096554
385.140283	0.0090090
385.163520	0.0091050
385.186758	0.0100998
385.209997	0.0103389
385.233236	0.0103227
385.256476	0.0115051
385.279717	0.0104834
385.302958	0.0122125
385.326200	0.0121976
385.349443	0.0108229
385.372686	0.0100680
385.395930	0.0101296
385.419175	0.0095338
385.442421	0.0097257
385.465667	0.0096665
385.488914	0.0084894
385.512162	0.0087870
385.535410	0.0084166
385.558659	0.0090346
385.581909	0.0090094
385.605159	0.0070406
385.628411	0.0088458
385.651662	0.0075542
385.674915	0.0086016
385.698168	0.0080096
385.721422	0.0075185
385.744677	0.0085557
385.767932	0.0082683
385.791188	0.0091400
385.814445	0.0081943
385.837703	0.0082742
385.860961	0.0087133
385.884220	0.0106392
385.907479	0.0108513
385.930740	0.0119988
385.954001	0.0149911
385.977263	0.0153172
386.000525	0.0188210
386.023788	0.0208136
386.047052	0.0253813
386.070316	0.0282271
386.093582	0.0289119
386.116848	0.0322127
386.140114	0.0299030
386.163382	0.0292355
386.186650	0.0271914
386.209918	0.0281834
386.233188	0.0244183
386.256458	0.0227251
386.279729	0.0212509
386.303000	0.0187962
386.326273	0.0176247
386.349546	0.0152773
386.372819	0.0137483
386.396094	0.0135394
386.419369	0.0107750
386.442644	0.0096464
386.465921	0.0098350
386.489198	0.0090345
386.512476	0.0094445
386.535754	0.0089215
386.559034	0.0088119
386.582314	0.0077219
386.605594	0.0085054
386.628876	0.0075460
386.652158	0.0080355
386.675441	0.0085965
386.698724	0.0075300
386.722008	0.0085966
386.745293	0.0084619
386.768579	0.0082495
386.791865	0.0086061
386.815152	0.0075171
386.838440	0.0076180
386.861728	0.0075677
386.885017	0.0084173
386.908307	0.0080048
386.931598	0.0081849
386.954889	0.0075803
386.978181	0.0081509
387.001473	0.0083862
387.024767	0.0082956
387.048061	0.0083420
387.071356	0.0083402
387.094651	0.0083825
387.117947	0.0088524
387.141244	0.0077321
387.164541	0.0071040
387.187840	0.0072412
387.211139	0.0079034
387.234438	0.0081931
387.257739	0.0082003
387.281040	0.0078233
387.304341	0.0071670
387.327644	0.0070000
387.350947	0.0078357
387.374251	0.0089634
387.397555	0.0075858
387.420861	0.0083763
387.444167	0.0082117
387.467473	0.0078651
387.490781	0.0082675
387.514089	0.0082487
387.537398	0.0074178
387.560707	0.0081912
387.584017	0.0081630
387.607328	0.0078477
387.630640	0.0084192
387.653952	0.0070601
387.677265	0.0082759
387.700579	0.0092797
387.723893	0.0080297
387.747208	0.0078569
387.770524	0.0083405
387.793840	0.0076744
387.817158	0.0085016
387.840476	0.0082336
387.863794	0.0093056
387.887114	0.0076953
387.910434	0.0079028
387.933754	0.0070000
387.957076	0.0085319
387.980398	0.0078166
388.003721	0.0082304
388.027044	0.0077028
388.050368	0.0090148
388.073693	0.0080791
388.097019	0.0079612
388.120345	0.0087888
388.143672	0.0074221
388.167000	0.0081361
388.190329	0.0074703
388.213658	0.0071344
388.236987	0.0087455
388.260318	0.0083149
388.283649	0.0086541
388.306981	0.0074884
388.330314	0.0081049
388.353647	0.0087661
388.376981	0.0071970
388.400316	0.0087431
388.423652	0.0079798
388.446988	0.0078412
388.470325	0.0078798
388.493662	0.0082857
388.517000	0.0082515
388.540339	0.0072092
388.563679	0.0074241
388.587020	0.0077726
388.610361	0.0080130
388.633702	0.0074991
388.657045	0.0082334
388.680388	0.0079419
388.703732	0.0082259
388.727077	0.0077612
388.750422	0.0084767
388.773768	0.0091050
388.797115	0.0088823
388.820462	0.0078049
388.843810	0.0074056
388.867159	0.0087566
388.890508	0.0070000
388.913859	0.0078993
388.937210	0.0091098
388.960561	0.0082815
388.983914	0.0071271
389.007267	0.0079967
389.030620	0.0078059
389.053975	0.0094813
389.077330	0.0084413
389.100686	0.0075465
389.124042	0.0079861
389.147399	0.0087409
389.170757	0.0078436
389.194116	0.0090112
389.217475	0.0071229
389.240835	0.0081232
389.264196	0.0075437
389.287558	0.0075876
389.310920	0.0080527
389.334283	0.0084080
389.357646	0.0082892
389.381011	0.0077234
389.404375	0.0085355
389.427741	0.0086591
389.451108	0.0088823
389.474475	0.0076751
389.497842	0.0072605
389.521211	0.0082273
389.544580	0.0087174
389.567950	0.0091925
389.591321	0.0083866
389.614692	0.0075051
389.638064	0.0078846
389.661437	0.0087139
389.684810	0.0081307
389.708184	0.0081240
389.731559	0.0070984
389.754934	0.0075824
389.778311	0.0085266
389.801687	0.0080945
389.825065	0.0078062
389.848443	0.0075510
389.871822	0.0080511
389.895202	0.0078038
389.918583	0.0095665
389.941964	0.0084019
389.965345	0.0072916
389.988728	0.0077145
390.012111	0.0080634
390.035495	0.0083165
390.058880	0.0085376
390.082265	0.0077047
390.105651	0.0086572
390.129038	0.0089481
390.152425	0.0076513
390.175814	0.0074850
390.199202	0.0075925
390.222592	0.0080451
390.245982	0.0081497
390.269373	0.0077840
390.292765	0.0079078
390.316157	0.0089991
390.339550	0.0074443
390.362944	0.0075126
390.386338	0.0072664
390.409734	0.0070000
390.433130	0.0098933
390.456526	0.0089306
390.479923	0.0078253
390.503321	0.0081879
390.526720	0.0074199
390.550119	0.0076950
390.573520	0.0086519
390.596920	0.0085389
390.620322	0.0085696
390.643724	0.0074825
390.667127	0.0071857
390.690530	0.0093808
390.713935	0.0077390
390.737340	0.0072853
390.760745	0.0084238
390.784152	0.0084069
390.807559	0.0085841
390.830967	0.0076866
390.854375	0.0079377
390.877785	0.0084888
390.901194	0.0083596
390.924605	0.0087251
390.948016	0.0070000
390.971428	0.0084503
390.994841	0.0077355
391.018255	0.0092514
391.041669	0.0089028
391.065084	0.0085773
391.088499	0.0070000
391.111915	0.0082129
391.135332	0.0091981
391.158750	0.0080179
391.182168	0.0072838
391.205587	0.0077278
391.229007	0.0082861
391.252428	0.0080667
391.275849	0.0078888
391.299271	0.0079447
391.322693	0.0088054
391.346116	0.0071666
391.369540	0.0078636
391.392965	0.0083863
391.416390	0.0086925
391.439817	0.0077549
391.463243	0.0090315
391.486671	0.0070000
391.510099	0.0072851
391.533528	0.0090797
391.556957	0.0077053
391.580388	0.0074497
391.603819	0.0076899
391.627250	0.0081674
391.650683	0.0071788
391.674116	0.0071487
391.697550	0.0090740
391.720984	0.0071771
391.744419	0.0081475
391.767855	0.0077303
391.791292	0.0092115
391.814729	0.0076863
391.838167	0.0085818
391.861606	0.0077246
391.885046	0.0070000
391.908486	0.0083862
391.931926	0.0086160
391.955368	0.0079989
391.978810	0.0078259
392.002253	0.0078097
392.025697	0.0076395
392.049141	0.0080022
392.072586	0.0072908
392.096032	0.0086582
392.119478	0.0081116
392.142926	0.0082264
392.166373	0.0084522
392.189822	0.0071955
392.213271	0.0092278
392.236721	0.0089194
392.260172	0.0087309
392.283623	0.0086230
392.307075	0.0072320
392.330528	0.0075907
392.353981	0.0082481
392.377436	0.0079245
392.400891	0.0078242
392.424346	0.0087766
392.447802	0.0080958
392.471259	0.0081610
392.494717	0.0080939
392.518175	0.0074637
392.541635	0.0081018
392.565094	0.0084704
392.588555	0.0070000
392.612016	0.0084623
392.635478	0.0080065
392.658941	0.0080984
392.682404	0.0085044
392.705868	0.0074220
392.729333	0.0083528
392.752798	0.0079381
392.776264	0.0083929
392.799731	0.0082841
392.823198	0.0083407
392.846667	0.0070000
392.870136	0.0074119
392.893605	0.0087153
392.917076	0.0082906
392.940547	0.0082252
392.964018	0.0077704
392.987491	0.0082381
393.010964	0.0077666
393.034438	0.0070000
393.057912	0.0074025
393.081387	0.0081054
393.104863	0.0082129
393.128340	0.0072513
393.151817	0.0070000
393.175295	0.0087676
393.198774	0.0086947
393.222254	0.0077428
393.245734	0.0076413
393.269215	0.0081192
393.292696	0.0078628
393.316179	0.0079594
393.339662	0.0081074
393.363145	0.0078534
393.386630	0.0078500
393.410115	0.0080497
393.433600	0.0085777
393.457087	0.0075785
393.480574	0.0084011
393.504062	0.0088787
393.527551	0.0072991
393.551040	0.0082607
393.574530	0.0071807
393.598021	0.0093609
393.621512	0.0071687
393.645004	0.0077357
393.668497	0.0090325
393.691990	0.0086422
393.715485	0.0087952
393.738980	0.0078473
393.762475	0.0079313
393.785971	0.0083903
393.809468	0.0080193
393.832966	0.0085782
393.856465	0.0080352
393.879964	0.0082246
393.903464	0.0077947
393.926964	0.0078859
393.950465	0.0076355
393.973967	0.0082121
393.997470	0.0073291
394.020973	0.0079680
394.044477	0.0074805
394.067982	0.0085107
394.091487	0.0080879
394.114994	0.0070000
394.138501	0.0076538
394.162008	0.0073495
394.185516	0.0070000
394.209025	0.0075219
394.232535	0.0078777
394.256045	0.0084985
394.279556	0.0070000
394.303068	0.0083693
394.326581	0.0075463
394.350094	0.0071139
394.373608	0.0078744
394.397122	0.0081655
394.420638	0.0081369
394.444154	0.0080392
394.467670	0.0073558
394.491188	0.0075404
394.514706	0.0079995
394.538224	0.0086002
394.561744	0.0086027
394.585264	0.0081070
394.608785	0.0086378
394.632307	0.0082436
394.655829	0.0089930
394.679352	0.0095603
394.702876	0.0105834
394.726400	0.0109734
394.749925	0.0128456
394.773451	0.0150820
394.796978	0.0167746
394.820505	0.0169986
394.844033	0.0184050
394.867561	0.0197222
394.891091	0.0202325
394.914621	0.0200573
394.938151	0.0195485
394.961683	0.0183244
394.985215	0.0184679
395.008748	0.0175423
395.032281	0.0156208
395.055816	0.0141698
395.079351	0.0140868
395.102886	0.0118621
395.126423	0.0108894
395.149960	0.0105455
395.173497	0.0096843
395.197036	0.0107032
395.220575	0.0084776
395.244115	0.0094277
395.267655	0.0080972
395.291197	0.0080464
395.314739	0.0090741
395.338281	0.0079721
395.361825	0.0081426
395.385369	0.0075207
395.408914	0.0077614
395.432459	0.0071050
395.456005	0.0077010
395.479552	0.0078646
395.503100	0.0081967
395.526648	0.0078465
395.550197	0.0078649
395.573747	0.0086564
395.597297	0.0074464
395.620848	0.0086334
395.644400	0.0070000
395.667953	0.0086746
395.691506	0.0076606
395.715060	0.0078420
395.738614	0.0078360
395.762170	0.0075594
395.785726	0.0085619
395.809282	0.0074004
395.832840	0.0070000
395.856398	0.0070000
395.879957	0.0087476
395.903516	0.0082656
395.927077	0.0079536
395.950638	0.0096769
395.974199	0.0085141
395.997762	0.0077927
396.021325	0.0074555
396.044888	0.0086029
396.068453	0.0086694
396.092018	0.0080266
396.115584	0.0100767
396.139150	0.0084959
396.162718	0.0082851
396.186286	0.0084418
396.209854	0.0084670
396.233424	0.0075640
396.256994	0.0093390
396.280564	0.0084346
396.304136	0.0073295
396.327708	0.0078490
396.351281	0.0081841
396.374855	0.0090632
396.398429	0.0076918
396.422004	0.0074548
396.445580	0.0081920
396.469156	0.0082851
396.492733	0.0083498
396.516311	0.0070000
396.539889	0.0084528
396.563468	0.0082337
396.587048	0.0084685
396.610629	0.0079806
396.634210	0.0075301
396.657792	0.0071581
396.681375	0.0087112
396.704958	0.0070000
396.728543	0.0088332
396.752127	0.0094116
396.775713	0.0077564
396.799299	0.0085785
396.822886	0.0086895
396.846474	0.0079338
396.870062	0.0081143
396.893651	0.0082780
396.917241	0.0090053
396.940831	0.0084280
396.964422	0.0088438
396.988014	0.0089260
397.011607	0.0086964
397.035200	0.0085884
397.058794	0.0070000
397.082389	0.0076084
397.105984	0.0070000
397.129580	0.0092118
397.153177	0.0090103
397.176774	0.0082199
397.200372	0.0096867
397.223971	0.0085771
397.247571	0.0077982
397.271171	0.0084343
397.294772	0.0072068
397.318374	0.0070000
397.341976	0.0073693
397.365579	0.0090698
397.389183	0.0074854
397.412788	0.0077670
397.436393	0.0080483
397.459999	0.0082360
397.483605	0.0076899
397.507212	0.0072376
397.530820	0.0081981
397.554429	0.0085982
397.578039	0.0090537
397.601649	0.0083941
397.625259	0.0085580
397.648871	0.0082389
397.672483	0.0074544
397.696096	0.0088527
397.719710	0.0070000
397.743324	0.0074656
397.766939	0.0077022
397.790555	0.0084520
397.814171	0.0084317
397.837788	0.0070000
397.861406	0.0070000
397.885025	0.0075557
397.908644	0.0082835
397.932264	0.0085772
397.955885	0.0075939
397.979506	0.0085352
398.003128	0.0081177
398.026751	0.0081321
398.050374	0.0080120
398.073998	0.0082056
398.097623	0.0086348
398.121249	0.0074941
398.144875	0.0070000
398.168502	0.0076783
398.192130	0.0080095
398.215758	0.0084035
398.239387	0.0071415
398.263017	0.0082619
398.286647	0.0070000
398.310278	0.0071646
398.333910	0.0088626
398.357543	0.0082315
398.381176	0.0074207
398.404810	0.0090996
398.428445	0.0077325
398.452080	0.0088778
398.475716	0.0076400
398.499353	0.0077417
398.522991	0.0077571
398.546629	0.0071398
398.570268	0.0081125
398.593907	0.0076912
398.617548	0.0078754
398.641189	0.0075720
398.664830	0.0071840
398.688473	0.0085243
398.712116	0.0074686
398.735760	0.0081009
398.759404	0.0081293
398.783050	0.0076663
398.806696	0.0081926
398.830342	0.0081425
398.853989	0.0081437
398.877638	0.0077203
398.901286	0.0087007
398.924936	0.0082498
398.948586	0.0081144
398.972237	0.0080955
398.995888	0.0081774
399.019540	0.0090737
399.043193	0.0073261
399.066847	0.0088919
399.090501	0.0089364
399.114156	0.0075577
399.137812	0.0078829
399.161469	0.0070000
399.185126	0.0070000
399.208784	0.0084244
399.232442	0.0086283
399.256102	0.0084455
399.279762	0.0077982
399.303422	0.0082275
399.327084	0.0083056
399.350746	0.0076944
399.374409	0.0076308
399.398072	0.0081726
399.421736	0.0081400
399.445401	0.0076674
399.469067	0.0075161
399.492733	0.0085898
399.516400	0.0075913
399.540068	0.0074242
399.563736	0.0070000
399.587405	0.0081885
399.611075	0.0080410
399.634746	0.0088349
399.658417	0.0080986
399.682089	0.0073300
399.705761	0.0070113
399.729435	0.0070527
399.753109	0.0083552
399.776783	0.0070000
399.800459	0.0095145
399.824135	0.0075681
399.847812	0.0071586
399.871489	0.0077517
399.895168	0.0081397
399.918846	0.0090626
399.942526	0.0081909
399.966206	0.0082700
399.989887	0.0082364
400.013569	0.0079800
400.037252	0.0092276
400.060935	0.0083820
400.084619	0.0090710
400.108303	0.0081538
400.131989	0.0083596
400.155675	0.0079181
400.179361	0.0084041
400.203049	0.0085661
400.226737	0.0080422
400.250425	0.0096054
400.274115	0.0070000
400.297805	0.0084783
400.321496	0.0083080
400.345188	0.0077339
400.368880	0.0073414
400.392573	0.0078410
400.416266	0.0078121
400.439961	0.0076963
400.463656	0.0080175
400.487352	0.0076897
400.511048	0.0078568
400.534745	0.0079587
400.558443	0.0070858
400.582142	0.0086163
400.605841	0.0095164
400.629541	0.0087294
400.653242	0.0075831
400.676943	0.0082101
400.700646	0.0083176
400.724348	0.0081680
400.748052	0.0084483
400.771756	0.0087532
400.795461	0.0080597
400.819167	0.0077962
400.842873	0.0078950
400.866580	0.0090933
400.890288	0.0086811
400.913996	0.0083320
400.937705	0.0081512
400.961415	0.0082153
400.985126	0.0075452
401.008837	0.0081560
401.032549	0.0088933
401.056262	0.0074303
401.079975	0.0086415
401.103689	0.0073165
401.127404	0.0094066
401.151119	0.0075038
401.174836	0.0075409
401.198552	0.0077678
401.222270	0.0087207
401.245988	0.0072926
401.269707	0.0083171
401.293427	0.0090983
401.317147	0.0084316
401.340868	0.0070000
401.364590	0.0079370
401.388313	0.0085573
401.412036	0.0092387
401.435760	0.0083777
401.459484	0.0079607
401.483210	0.0080219
401.506936	0.0080713
401.530662	0.0070000
401.554390	0.0086150
401.578118	0.0070000
401.601847	0.0075137
401.625576	0.0078801
401.649306	0.0085354
401.673037	0.0075406
401.696769	0.0077749
401.720501	0.0096820
401.744234	0.0079133
401.767968	0.0080662
401.791702	0.0086001
401.815438	0.0075628
401.839173	0.0089509
401.862910	0.0074200
401.886647	0.0083416
401.910385	0.0074162
401.934124	0.0083357
401.957863	0.0080156
401.981603	0.0081292
402.005344	0.0083812
402.029085	0.0075984
402.052828	0.0072651
402.076570	0.0082191
402.100314	0.0081289
402.124058	0.0088158
402.147803	0.0079216
402.171549	0.0073727
402.195295	0.0080556
402.219042	0.0080096
402.242790	0.0070000
402.266539	0.0089760
402.290288	0.0070000
402.314038	0.0077926
402.337788	0.0080718
402.361539	0.0085645
402.385291	0.0071420
402.409044	0.0077492
402.432798	0.0083070
402.456552	0.0077391
402.480306	0.0072791
402.504062	0.0082674
402.527818	0.0071765
402.551575	0.0090651
402.575333	0.0078342
402.599091	0.0075772
402.622850	0.0082240
402.646610	0.0076687
402.670370	0.0081738
402.694131	0.0089898
402.717893	0.0080461
402.741656	0.0076604
402.765419	0.0085899
402.789183	0.0072316
402.812947	0.0074881
402.836713	0.0089958
402.860479	0.0077842
402.884246	0.0082602
402.908013	0.0083040
402.931781	0.0070420
402.955550	0.0080349
402.979320	0.0092572
403.003090	0.0077686
403.026861	0.0083239
403.050632	0.0075433
403.074405	0.0078811
403.098178	0.0083943
403.121952	0.0074618
403.145726	0.0081576
403.169501	0.0084889
403.193277	0.0083286
403.217054	0.0073904
403.240831	0.0082902
403.264609	0.0089308
403.288388	0.0083162
403.312167	0.0085874
403.335947	0.0083103
403.359728	0.0085759
403.383509	0.0087932
403.407292	0.0081365
403.431074	0.0080197
403.454858	0.0081602
403.478642	0.0082798
403.502427	0.0070000
403.526213	0.0084025
403.550000	0.0081771
403.573787	0.0080973
403.597574	0.0077091
403.621363	0.0081469
403.645152	0.0073441
403.668942	0.0076869
403.692733	0.0079415
403.716524	0.0071541
403.740316	0.0079566
403.764109	0.0084200
403.787902	0.0080367
403.811696	0.0085408
403.835491	0.0078618
403.859287	0.0078372
403.883083	0.0076634
403.906880	0.0079109
403.930678	0.0082472
403.954476	0.0087164
403.978275	0.0073546
404.002075	0.0081267
404.025875	0.0082088
404.049676	0.0070000
404.073478	0.0077953
404.097281	0.0085682
404.121084	0.0083038
404.144888	0.0087841
404.168693	0.0083656
404.192498	0.0076359
404.216304	0.0080714
404.240111	0.0091334
404.263918	0.0088696
404.287727	0.0076419
404.311535	0.0078315
404.335345	0.0084012
404.359155	0.0089395
404.382966	0.0077462
404.406778	0.0079335
404.430590	0.0082867
404.454404	0.0074294
404.478217	0.0082092
404.502032	0.0076143
404.525847	0.0090597
404.549663	0.0080539
404.573480	0.0075216
404.597297	0.0080726
404.621115	0.0081852
404.644934	0.0081843
404.668753	0.0085555
404.692573	0.0072327
404.716394	0.0072517
404.740216	0.0074536
404.764038	0.0079837
404.787861	0.0070000
404.811684	0.0078524
404.835509	0.0077012
404.859334	0.0079169
404.883159	0.0080292
404.906986	0.0088485
404.930813	0.0073044
404.954641	0.0076785
404.978469	0.0070000
405.002299	0.0082239
405.026129	0.0085744
405.049959	0.0091346
405.073791	0.0083763
405.097623	0.0079842
405.121455	0.0075391
405.145289	0.0083682
405.169123	0.0077288
405.192958	0.0081056
405.216794	0.0082911
405.240630	0.0084101
405.264467	0.0079342
405.288305	0.0080033
405.312143	0.0085494
405.335982	0.0080067
405.359822	0.0079688
405.383662	0.0080744
405.407503	0.0083701
405.431345	0.0088785
405.455188	0.0076871
405.479031	0.0089501
405.502875	0.0088645
405.526720	0.0081963
405.550565	0.0085580
405.574412	0.0073144
405.598258	0.0072675
405.622106	0.0085580
405.645954	0.0076930
405.669803	0.0084111
405.693653	0.0088837
405.717503	0.0082365
405.741354	0.0090903
405.765206	0.0078573
405.789058	0.0083046
405.812911	0.0073776
405.836765	0.0074871
405.860620	0.0089717
405.884475	0.0080671
405.908331	0.0079898
405.932187	0.0087871
405.956045	0.0086150
405.979903	0.0076831
406.003762	0.0077601
406.027621	0.0087544
406.051481	0.0074393
406.075342	0.0077599
406.099204	0.0076147
406.123066	0.0089923
406.146929	0.0078793
406.170793	0.0083207
406.194657	0.0079871
406.218522	0.0088365
406.242388	0.0081259
406.266254	0.0092150
406.290122	0.0091619
406.313989	0.0073969
406.337858	0.0083834
406.361727	0.0074818
406.385597	0.0080588
406.409468	0.0091295
406.433339	0.0074953
406.457211	0.0082637
406.481084	0.0072437
406.504958	0.0074104
406.528832	0.0079932
406.552707	0.0081628
406.576583	0.0074995
406.600459	0.0076138
406.624336	0.0085735
406.648214	0.0078046
406.672092	0.0082039
406.695971	0.0084912
406.719851	0.0088008
406.743731	0.0102625
406.767613	0.0097593
406.791495	0.0108530
406.815377	0.0090452
406.839261	0.0112027
406.863145	0.0099121
406.887029	0.0118902
406.910915	0.0109751
406.934801	0.0110426
406.958688	0.0109626
406.982575	0.0105010
407.006464	0.0111508
407.030353	0.0096364
407.054242	0.0106159
407.078133	0.0096949
407.102024	0.0102386
407.125916	0.0097063
407.149808	0.0095268
407.173701	0.0085481
407.197595	0.0080369
407.221490	0.0088340
407.245385	0.0083878
407.269281	0.0088373
407.293178	0.0088185
407.317075	0.0079063
407.340973	0.0089495
407.364872	0.0076957
407.388771	0.0077604
407.412672	0.0082871
407.436572	0.0074482
407.460474	0.0087464
407.484376	0.0076310
407.508279	0.0080062
407.532183	0.0079816
407.556087	0.0075704
407.579993	0.0076822
407.603898	0.0074098
407.627805	0.0081824
407.651712	0.0082323
407.675620	0.0083920
407.699529	0.0081814
407.723438	0.0073228
407.747348	0.0070000
407.771259	0.0073926
407.795170	0.0079743
407.819082	0.0091945
407.842995	0.0080217
407.866909	0.0083735
407.890823	0.0084498
407.914738	0.0082260
407.938654	0.0088238
407.962570	0.0092736
407.986487	0.0106797
408.010405	0.0124302
408.034323	0.0138242
408.058242	0.0158983
408.082162	0.0189999
408.106083	0.0203697
408.130004	0.0230172
408.153926	0.0241577
408.177849	0.0273834
408.201772	0.0280245
408.225696	0.0292652
408.249621	0.0261900
408.273546	0.0286147
408.297473	0.0260881
408.321399	0.0241320
408.345327	0.0229472
408.369255	0.0216693
408.393184	0.0197970
408.417114	0.0173130
408.441044	0.0159658
408.464976	0.0132957
408.488907	0.0121313
408.512840	0.0105649
408.536773	0.0105877
408.560707	0.0099149
408.584642	0.0088463
408.608577	0.0087532
408.632513	0.0080537
408.656450	0.0090312
408.680387	0.0085463
408.704325	0.0083182
408.728264	0.0086871
408.752204	0.0087296
408.776144	0.0079526
408.800085	0.0074317
408.824026	0.0070000
408.847969	0.0078285
408.871912	0.0080301
408.895856	0.0082397
408.919800	0.0075270
408.943745	0.0084321
408.967691	0.0085113
408.991638	0.0089885
409.015585	0.0082077
409.039533	0.0078537
409.063481	0.0072584
409.087431	0.0078689
409.111381	0.0075103
409.135332	0.0081986
409.159283	0.0071731
409.183235	0.0073453
409.207188	0.0082601
409.231142	0.0073799
409.255096	0.0079189
409.279051	0.0072610
409.303007	0.0086975
409.326963	0.0076775
409.350920	0.0080900
409.374878	0.0077208
409.398836	0.0074292
409.422796	0.0073524
409.446756	0.0074190
409.470716	0.0079692
409.494677	0.0081016
409.518639	0.0087310
409.542602	0.0079476
409.566566	0.0072073
409.590530	0.0079221
409.614495	0.0090622
409.638460	0.0073867
409.662426	0.0076051
409.686393	0.0077495
409.710361	0.0092848
409.734329	0.0075599
409.758298	0.0080809
409.782268	0.0080462
409.806238	0.0083216
409.830210	0.0079746
409.854181	0.0093802
409.878154	0.0076056
409.902127	0.0074299
409.926101	0.0074996
409.950076	0.0082971
409.974051	0.0083552
409.998027	0.0074637
410.022004	0.0094946
410.045981	0.0079857
410.069960	0.0084426
410.093938	0.0079962
410.117918	0.0077420
410.141898	0.0077596
410.165879	0.0084120
410.189861	0.0080164
410.213843	0.0080285
410.237826	0.0075099
410.261810	0.0076123
410.285795	0.0077733
410.309780	0.0083342
410.333766	0.0070602
410.357752	0.0081356
410.381740	0.0075359
410.405728	0.0078504
410.429716	0.0079725
410.453706	0.0071096
410.477696	0.0074213
410.501687	0.0086348
410.525678	0.0085454
410.549670	0.0077975
410.573663	0.0087886
410.597657	0.0071356
410.621651	0.0072608
410.645646	0.0079471
410.669642	0.0093416
410.693638	0.0072760
410.717636	0.0070000
410.741633	0.0087672
410.765632	0.0089374
410.789631	0.0076285
410.813631	0.0086362
410.837632	0.0086294
410.861633	0.0085138
410.885635	0.0075249
410.909638	0.0082408
410.933641	0.0086495
410.957645	0.0085854
410.981650	0.0074570
411.005656	0.0080373
411.029662	0.0095007
411.053669	0.0080593
411.077677	0.0083116
411.101685	0.0075912
411.125694	0.0086037
411.149704	0.0085379
411.173714	0.0073125
411.197726	0.0074219
411.221737	0.0085656
411.245750	0.0091999
411.269763	0.0079228
411.293777	0.0077412
411.317792	0.0086768
411.341807	0.0082580
411.365823	0.0078439
411.389840	0.0079411
411.413858	0.0075790
411.437876	0.0082217
411.461895	0.0084000
411.485914	0.0080976
411.509935	0.0073771
411.533956	0.0078899
411.557978	0.0082970
411.582000	0.0079125
411.606023	0.0088649
411.630047	0.0083103
411.654071	0.0083975
411.678097	0.0081744
411.702123	0.0081002
411.726149	0.0076776
411.750177	0.0079704
411.774205	0.0079456
411.798233	0.0082158
411.822263	0.0087170
411.846293	0.0080362
411.870324	0.0093096
411.894355	0.0070496
411.918387	0.0091726
411.942420	0.0089027
411.966454	0.0078445
411.990488	0.0070000
412.014524	0.0080151
412.038559	0.0078355
412.062596	0.0079582
412.086633	0.0089068
412.110671	0.0076106
412.134709	0.0083511
412.158749	0.0080798
412.182789	0.0074819
412.206829	0.0087361
412.230871	0.0078528
412.254913	0.0085236
412.278956	0.0086842
412.302999	0.0075392
412.327043	0.0078057
412.351088	0.0071131
412.375134	0.0080762
412.399180	0.0083781
412.423227	0.0073773
412.447275	0.0083333
412.471323	0.0077720
412.495372	0.0082815
412.519422	0.0072012
412.543473	0.0085738
412.567524	0.0073634
412.591576	0.0083461
412.615628	0.0078762
412.639682	0.0077055
412.663736	0.0097749
412.687790	0.0104144
412.711846	0.0113316
412.735902	0.0115188
412.759959	0.0124065
412.784016	0.0142477
412.808074	0.0154522
412.832133	0.0162168
412.856193	0.0167663
412.880253	0.0179615
412.904314	0.0182547
412.928376	0.0181232
412.952439	0.0167986
412.976502	0.0170907
413.000566	0.0161715
413.024630	0.0156612
413.048696	0.0133860
413.072761	0.0125575
413.096828	0.0116644
413.120896	0.0123917
413.144964	0.0098790
413.169032	0.0099588
413.193102	0.0096677
413.217172	0.0091206
413.241243	0.0103827
413.265314	0.0080353
413.289387	0.0082727
413.313460	0.0083281
413.337533	0.0088232
413.361608	0.0085806
413.385683	0.0078837
413.409759	0.0085391
413.433835	0.0092628
413.457912	0.0072298
413.481990	0.0088386
413.506069	0.0079643
413.530148	0.0080830
413.554228	0.0089586
413.578309	0.0081732
413.602390	0.0078079
413.626472	0.0084851
413.650555	0.0080800
413.674639	0.0074084
413.698723	0.0070000
413.722808	0.0088001
413.746894	0.0086274
413.770980	0.0079735
413.795067	0.0073503
413.819155	0.0086732
413.843243	0.0076809
413.867332	0.0072447
413.891422	0.0078156
413.915513	0.0084208
413.939604	0.0092621
413.963696	0.0075890
413.987789	0.0079747
414.011882	0.0085293
414.035976	0.0082410
414.060071	0.0070000
414.084166	0.0086309
414.108262	0.0078865
414.132359	0.0080253
414.156457	0.0081023
414.180555	0.0078751
414.204654	0.0083500
414.228754	0.0081028
414.252854	0.0088338
414.276955	0.0082932
414.301057	0.0072810
414.325160	0.0070000
414.349263	0.0075567
414.373367	0.0081922
414.397471	0.0081879
414.421576	0.0083886
414.445682	0.0073071
414.469789	0.0084222
414.493897	0.0072700
414.518005	0.0091786
414.542114	0.0085922
414.566223	0.0074750
414.590333	0.0079137
414.614444	0.0077872
414.638556	0.0089524
414.662668	0.0076811
414.686781	0.0083528
414.710895	0.0072393
414.735009	0.0086404
414.759124	0.0090873
414.783240	0.0094095
414.807357	0.0125396
414.831474	0.0137096
414.855592	0.0139831
414.879711	0.0176183
414.903830	0.0202833
414.927950	0.0229788
414.952071	0.0288745
414.976192	0.0315386
415.000314	0.0334184
415.024437	0.0362072
415.048561	0.0375382
415.072685	0.0371583
415.096810	0.0352750
415.120936	0.0348718
415.145062	0.0320024
415.169189	0.0304114
415.193317	0.0276450
415.217445	0.0248313
415.241575	0.0230739
415.265704	0.0198934
415.289835	0.0197963
415.313966	0.0160235
415.338098	0.0153063
415.362231	0.0126333
415.386364	0.0123332
415.410498	0.0115566
415.434633	0.0109673
415.458769	0.0105024
415.482905	0.0094926
415.507042	0.0102081
415.531179	0.0081243
415.555318	0.0097620
415.579457	0.0081974
415.603597	0.0086738
415.627737	0.0088713
415.651878	0.0076536
415.676020	0.0082198
415.700162	0.0085658
415.724306	0.0085860
415.748450	0.0081724
415.772594	0.0084109
415.796740	0.0079966
415.820886	0.0093708
415.845032	0.0075636
415.869180	0.0070523
415.893328	0.0072658
415.917477	0.0081907
415.941626	0.0079423
415.965777	0.0084783
415.989928	0.0070000
416.014079	0.0078917
416.038232	0.0082800
416.062385	0.0095936
416.086538	0.0082955
416.110693	0.0086206
416.134848	0.0081637
416.159004	0.0086120
416.183160	0.0076907
416.207318	0.0080288
416.231476	0.0089494
416.255634	0.0082933
416.279794	0.0075908
416.303954	0.0070000
416.328115	0.0077349
416.352276	0.0082948
416.376438	0.0073623
416.400601	0.0083608
416.424765	0.0074860
416.448929	0.0075335
416.473094	0.0077240
416.497260	0.0078329
416.521426	0.0074890
416.545593	0.0084306
416.569761	0.0083841
416.593930	0.0084396
416.618099	0.0084922
416.642269	0.0082786
416.666439	0.0077936
416.690611	0.0081768
416.714783	0.0075021
416.738956	0.0081755
416.763129	0.0077634
416.787303	0.0077570
416.811478	0.0081623
416.835653	0.0075936
416.859830	0.0080317
416.884007	0.0086654
416.908184	0.0075010
416.932363	0.0082912
416.956542	0.0082376
416.980721	0.0074261
417.004902	0.0082622
417.029083	0.0070000
417.053265	0.0080228
417.077447	0.0073063
417.101631	0.0073051
417.125815	0.0081445
417.149999	0.0086911
417.174185	0.0077729
417.198371	0.0086637
417.222558	0.0070000
417.246745	0.0078019
417.270933	0.0082598
417.295122	0.0076368
417.319312	0.0079631
417.343502	0.0087727
417.367693	0.0082024
417.391885	0.0086919
417.416077	0.0081831
417.440270	0.0089268
417.464464	0.0076664
417.488658	0.0076585
417.512854	0.0092478
417.537050	0.0077413
417.561246	0.0078520
417.585444	0.0090552
417.609642	0.0082366
417.633840	0.0079095
417.658040	0.0079505
417.682240	0.0073358
417.706441	0.0083074
417.730642	0.0071433
417.754844	0.0076622
417.779047	0.0097322
417.803251	0.0074311
417.827455	0.0074502
417.851660	0.0074615
417.875866	0.0088538
417.900073	0.0092609
417.924280	0.0070000
417.948487	0.0077072
417.972696	0.0076092
417.996905	0.0080337
418.021115	0.0082980
418.045326	0.0089406
418.069537	0.0086860
418.093749	0.0079041
418.117962	0.0080125
418.142176	0.0077350
418.166390	0.0078125
418.190605	0.0082064
418.214820	0.0077281
418.239036	0.0080812
418.263253	0.0083848
418.287471	0.0077841
418.311690	0.0078961
418.335909	0.0078503
418.360128	0.0082998
418.384349	0.0070000
418.408570	0.0078872
418.432792	0.0082202
418.457015	0.0078498
418.481238	0.0093637
418.505462	0.0077332
418.529687	0.0074393
418.553912	0.0076829
418.578138	0.0084997
418.602365	0.0083993
418.626592	0.0085961
418.650821	0.0085577
418.675050	0.0078257
418.699279	0.0076859
418.723510	0.0084036
418.747741	0.0078520
418.771972	0.0082018
418.796205	0.0092838
418.820438	0.0073774
418.844672	0.0077340
418.868906	0.0078751
418.893141	0.0070000
418.917377	0.0078326
418.941614	0.0071380
418.965851	0.0076336
418.990089	0.0080534
419.014328	0.0089080
419.038568	0.0095193
419.062808	0.0086320
419.087049	0.0070000
419.111290	0.0075783
419.135533	0.0073091
419.159776	0.0082529
419.184019	0.0078773
419.208264	0.0087289
419.232509	0.0086807
419.256754	0.0085633
419.281001	0.0081918
419.305248	0.0085010
419.329496	0.0079260
419.353745	0.0081647
419.377994	0.0071306
419.402244	0.0083174
419.426495	0.0072300
419.450746	0.0091892
419.474998	0.0082351
419.499251	0.0077010
419.523504	0.0076916
419.547759	0.0077924
419.572013	0.0082108
419.596269	0.0070000
419.620525	0.0081561
419.644782	0.0077508
419.669040	0.0087439
419.693299	0.0080341
419.717558	0.0080587
419.741817	0.0081501
419.766078	0.0084709
419.790339	0.0079486
419.814601	0.0071878
419.838864	0.0078816
419.863127	0.0086199
419.887391	0.0070000
419.911656	0.0079087
419.935921	0.0080525
419.960188	0.0077463
419.984454	0.0092462
420.008722	0.0086189
420.032990	0.0076081
420.057259	0.0077795
420.081529	0.0087107
420.105799	0.0075334
420.130070	0.0085928
420.154342	0.0080885
420.178614	0.0076020
420.202888	0.0083822
420.227162	0.0074662
420.251436	0.0081457
420.275711	0.0070378
420.299987	0.0080324
420.324264	0.0081541
420.348541	0.0077217
420.372819	0.0079436
420.397098	0.0078053
420.421378	0.0082296
420.445658	0.0077722
420.469939	0.0092778
420.494220	0.0080404
420.518503	0.0080254
420.542786	0.0081798
420.567069	0.0081477
420.591354	0.0088883
420.615639	0.0070419
420.639925	0.0081632
420.664211	0.0076315
420.688499	0.0085838
420.712786	0.0070051
420.737075	0.0076657
420.761364	0.0078246
420.785654	0.0083404
420.809945	0.0089010
420.834237	0.0070000
420.858529	0.0082398
420.882822	0.0080113
420.907115	0.0070000
420.931409	0.0083201
420.955704	0.0076665
420.980000	0.0082686
421.004296	0.0074650
421.028593	0.0070000
421.052891	0.0087019
421.077190	0.0078746
421.101489	0.0092407
421.125789	0.0079689
421.150089	0.0080101
421.174390	0.0072005
421.198692	0.0082019
421.222995	0.0081792
421.247298	0.0070000
421.271603	0.0076513
421.295907	0.0073128
421.320213	0.0089321
421.344519	0.0075644
421.368826	0.0080812
421.393133	0.0074162
421.417442	0.0082071
421.441751	0.0073196
421.466060	0.0079649
421.490371	0.0074023
421.514682	0.0073669
421.538994	0.0072299
421.563306	0.0076249
421.587619	0.0089217
421.611933	0.0080349
421.636248	0.0090976
421.660563	0.0076843
421.684879	0.0082466
421.709196	0.0075639
421.733514	0.0070000
421.757832	0.0081034
421.782150	0.0085091
421.806470	0.0070487
421.830790	0.0079656
421.855111	0.0071911
421.879433	0.0075298
421.903755	0.0084063
421.928078	0.0072314
421.952402	0.0085717
421.976726	0.0082438
422.001052	0.0078501
422.025377	0.0084502
422.049704	0.0084300
422.074031	0.0078305
422.098359	0.0092260
422.122688	0.0080388
422.147017	0.0076396
422.171347	0.0076895
422.195678	0.0080483
422.220009	0.0080022
422.244342	0.0078420
422.268675	0.0080227
422.293008	0.0080007
422.317342	0.0071866
422.341677	0.0081806
422.366013	0.0085281
422.390349	0.0077708
422.414687	0.0075330
422.439024	0.0082487
422.463363	0.0076512
422.487702	0.0078785
422.512042	0.0076539
422.536383	0.0070802
422.560724	0.0070000
422.585066	0.0079230
422.609409	0.0072904
422.633752	0.0081835
422.658096	0.0086171
422.682441	0.0079217
422.706786	0.0093886
422.731133	0.0074557
422.755480	0.0082991
422.779827	0.0081004
422.804176	0.0079771
422.828525	0.0082707
422.852874	0.0081231
422.877225	0.0082090
422.901576	0.0080624
422.925928	0.0087499
422.950280	0.0090004
422.974633	0.0084140
422.998987	0.0079661
423.023342	0.0070793
423.047697	0.0074599
423.072053	0.0071796
423.096410	0.0071520
423.120768	0.0080061
423.145126	0.0075824
423.169485	0.0079245
423.193844	0.0072545
423.218205	0.0079440
423.242566	0.0082495
423.266927	0.0090224
423.291290	0.0076900
423.315653	0.0081083
423.340016	0.0076646
423.364381	0.0080599
423.388746	0.0077356
423.413112	0.0071577
423.437479	0.0080643
423.461846	0.0074028
423.486214	0.0076178
423.510583	0.0085463
423.534952	0.0097850
423.559322	0.0070000
423.583693	0.0072628
423.608064	0.0080826
423.632437	0.0078699
423.656810	0.0084348
423.681183	0.0075990
423.705557	0.0071135
423.729932	0.0073918
423.754308	0.0077847
423.778685	0.0086776
423.803062	0.0079344
423.827440	0.0085004
423.851818	0.0092300
423.876197	0.0081998
423.900577	0.0089028
423.924958	0.0080828
423.949339	0.0089455
423.973721	0.0106236
423.998104	0.0097983
424.022488	0.0097734
424.046872	0.0091038
424.071257	0.0108143
424.095642	0.0085836
424.120028	0.0103623
424.144415	0.0089804
424.168803	0.0102374
424.193191	0.0099851
424.217580	0.0096069
424.241970	0.0084294
424.266361	0.0086738
424.290752	0.0088400
424.315144	0.0076038
424.339536	0.0073004
424.363930	0.0089231
424.388324	0.0083335
424.412718	0.0070000
424.437114	0.0080121
424.461510	0.0080435
424.485906	0.0084171
424.510304	0.0085652
424.534702	0.0074406
424.559101	0.0081923
424.583501	0.0079658
424.607901	0.0076560
424.632302	0.0074964
424.656704	0.0081699
424.681106	0.0077040
424.705509	0.0083603
424.729913	0.0079781
424.754318	0.0085137
424.778723	0.0071353
424.803129	0.0091006
424.827535	0.0082872
424.851943	0.0078962
424.876351	0.0083764
424.900759	0.0080326
424.925169	0.0078586
424.949579	0.0077976
424.973990	0.0075611
424.998401	0.0070000
425.022814	0.0080678
425.047227	0.0070000
425.071640	0.0084151
425.096055	0.0079793
425.120470	0.0079321
425.144885	0.0070000
425.169302	0.0075467
425.193719	0.0073387
425.218137	0.0082728
425.242556	0.0072136
425.266975	0.0080148
425.291395	0.0079626
425.315815	0.0074490
425.340237	0.0083629
425.364659	0.0083750
425.389082	0.0072565
425.413505	0.0084557
425.437929	0.0071357
425.462354	0.0082800
425.486780	0.0081979
425.511206	0.0082264
425.535633	0.0081178
425.560061	0.0075804
425.584489	0.0071151
425.608918	0.0082299
425.633348	0.0074108
425.657779	0.0082069
425.682210	0.0076217
425.706642	0.0082916
425.731074	0.0081448
425.755508	0.0084893
425.779942	0.0084163
425.804376	0.0082020
425.828812	0.0075930
425.853248	0.0083602
425.877685	0.0073971
425.902122	0.0072322
425.926561	0.0084456
425.951000	0.0075686
425.975439	0.0080513
425.999880	0.0078213
426.024321	0.0084198
426.048762	0.0080487
426.073205	0.0072786
426.097648	0.0073374
426.122092	0.0085857
426.146536	0.0079550
426.170982	0.0085576
426.195428	0.0074441
426.219874	0.0078645
426.244322	0.0074709
426.268770	0.0079641
426.293218	0.0070000
426.317668	0.0075001
426.342118	0.0070000
426.366569	0.0070591
426.391021	0.0074244
426.415473	0.0081865
426.439926	0.0082298
426.464380	0.0075214
426.488834	0.0082383
426.513289	0.0078998
426.537745	0.0077392
426.562201	0.0086036
426.586658	0.0086096
426.611116	0.0077197
426.635575	0.0081254
426.660034	0.0084588
426.684494	0.0076033
426.708955	0.0073564
426.733416	0.0077426
426.757879	0.0089607
426.782341	0.0095870
426.806805	0.0073859
426.831269	0.0082586
426.855734	0.0083284
426.880200	0.0075237
426.904666	0.0070000
426.929133	0.0080930
426.953601	0.0073461
426.978069	0.0086921
427.002538	0.0070000
427.027008	0.0077777
427.051479	0.0070024
427.075950	0.0082989
427.100422	0.0081205
427.124895	0.0070000
427.149368	0.0082238
427.173842	0.0076308
427.198317	0.0089981
427.222792	0.0078668
427.247268	0.0076133
427.271745	0.0081080
427.296223	0.0070670
427.320701	0.0070000
427.345180	0.0086199
427.369660	0.0087633
427.394140	0.0083980
427.418621	0.0074912
427.443103	0.0079101
427.467586	0.0071294
427.492069	0.0074319
427.516553	0.0083239
427.541037	0.0086723
427.565522	0.0070000
427.590008	0.0086596
427.614495	0.0090374
427.638983	0.0085929
427.663471	0.0079002
427.687959	0.0070000
427.712449	0.0075945
427.736939	0.0086462
427.761430	0.0084219
427.785922	0.0086772
427.810414	0.0078174
427.834907	0.0072597
427.859401	0.0079683
427.883895	0.0082390
427.908390	0.0070000
427.932886	0.0076921
427.957383	0.0073235
427.981880	0.0077301
428.006378	0.0076987
428.030877	0.0087494
428.055376	0.0083325
428.079876	0.0083330
428.104377	0.0073578
428.128878	0.0079677
428.153380	0.0078690
428.177883	0.0083694
428.202387	0.0077798
428.226891	0.0081018
428.251396	0.0079949
428.275902	0.0073739
428.300408	0.0077334
428.324915	0.0071885
428.349423	0.0085039
428.373931	0.0094216
428.398440	0.0091117
428.422950	0.0086442
428.447461	0.0076907
428.471972	0.0071893
428.496484	0.0078851
428.520997	0.0090061
428.545510	0.0076932
428.570024	0.0077683
428.594539	0.0073423
428.619055	0.0076107
428.643571	0.0075053
428.668088	0.0075438
428.692605	0.0089409
428.717124	0.0077781
428.741643	0.0079765
428.766162	0.0083870
428.790683	0.0080900
428.815204	0.0081715
428.839726	0.0074719
428.864248	0.0094081
428.888772	0.0082649
428.913296	0.0076632
428.937820	0.0078079
428.962345	0.0075289
428.986872	0.0075264
429.011398	0.0081169
429.035926	0.0083009
429.060454	0.0070000
429.084983	0.0082930
429.109512	0.0080530
429.134042	0.0083612
429.158573	0.0085418
429.183105	0.0080327
429.207637	0.0070000
429.232170	0.0086770
429.256704	0.0076297
429.281239	0.0073306
429.305774	0.0075481
429.330310	0.0077323
429.354846	0.0080684
429.379384	0.0082434
429.403922	0.0070000
429.428460	0.0087422
429.453000	0.0080275
429.477540	0.0072478
429.502081	0.0070000
429.526622	0.0077623
429.551164	0.0080285
429.575707	0.0073654
429.600251	0.0070103
429.624795	0.0076204
429.649340	0.0084982
429.673886	0.0078962
429.698432	0.0072490
429.722979	0.0077504
429.747527	0.0088330
429.772076	0.0080986
429.796625	0.0085941
429.821175	0.0076991
429.845725	0.0081650
429.870277	0.0073965
429.894829	0.0077843
429.919381	0.0078713
429.943935	0.0077792
429.968489	0.0079539
429.993044	0.0075931
430.017599	0.0080831
430.042156	0.0073912
430.066712	0.0086520
430.091270	0.0087424
430.115828	0.0082140
430.140387	0.0078532
430.164947	0.0079681
430.189508	0.0076334
430.214069	0.0091065
430.238631	0.0076260
430.263193	0.0078167
430.287757	0.0082419
430.312321	0.0077888
430.336885	0.0073680
430.361451	0.0087185
430.386017	0.0073829
430.410583	0.0076772
430.435151	0.0091976
430.459719	0.0084117
430.484288	0.0081096
430.508858	0.0080862
430.533428	0.0082044
430.557999	0.0076774
430.582570	0.0079600
430.607143	0.0075458
430.631716	0.0078510
430.656290	0.0095543
430.680864	0.0098790
430.705439	0.0090935
430.730015	0.0106665
430.754592	0.0129994
430.779169	0.0129908
430.803747	0.0139239
430.828326	0.0153063
430.852905	0.0143770
430.877486	0.0148763
430.902066	0.0156983
430.926648	0.0156683
430.951230	0.0149960
430.975813	0.0145220
431.000397	0.0152295
431.024981	0.0140179
431.049566	0.0130237
431.074152	0.0134464
431.098738	0.0119615
431.123325	0.0114456
431.147913	0.0103406
431.172502	0.0101208
431.197091	0.0091301
431.221681	0.0082683
431.246272	0.0087326
431.270863	0.0090682
431.295455	0.0091519
431.320048	0.0085094
431.344641	0.0081444
431.369236	0.0077023
431.393830	0.0075221
431.418426	0.0084105
431.443022	0.0084125
431.467619	0.0082808
431.492217	0.0089314
431.516815	0.0082027
431.541414	0.0074493
431.566014	0.0079275
431.590615	0.0076055
431.615216	0.0070281
431.639818	0.0074336
431.664420	0.0080902
431.689024	0.0078221
431.713628	0.0091407
431.738232	0.0077401
431.762838	0.0075795
431.787444	0.0070000
431.812051	0.0076939
431.836658	0.0087933
431.861266	0.0076784
431.885875	0.0086828
431.910485	0.0079017
431.935095	0.0081741
431.959706	0.0089755
431.984318	0.0087561
432.008930	0.0082526
432.033544	0.0077252
432.058157	0.0079927
432.082772	0.0078985
432.107387	0.0087961
432.132003	0.0070000
432.156620	0.0081367
432.181237	0.0078119
432.205855	0.0080180
432.230474	0.0093117
432.255093	0.0100270
432.279714	0.0100421
432.304334	0.0109694
432.328956	0.0111974
432.353578	0.0116137
432.378201	0.0116928
432.402825	0.0113298
432.427449	0.0106702
432.452074	0.0118468
432.476700	0.0111489
432.501327	0.0123001
432.525954	0.0131454
432.550582	0.0109827
432.575210	0.0106018
432.599840	0.0116866
432.624469	0.0094073
432.649100	0.0100573
432.673732	0.0086284
432.698364	0.0089405
432.722996	0.0093015
432.747630	0.0081632
432.772264	0.0089065
432.796899	0.0088383
432.821535	0.0079189
432.846171	0.0077790
432.870808	0.0084848
432.895446	0.0088587
432.920084	0.0083794
432.944723	0.0089582
432.969363	0.0085728
432.994004	0.0076297
433.018645	0.0080385
433.043287	0.0084067
433.067929	0.0079235
433.092573	0.0078332
433.117217	0.0080269
433.141862	0.0085165
433.166507	0.0075918
433.191153	0.0079675
433.215800	0.0089811
433.240448	0.0083951
433.265096	0.0076187
433.289745	0.0079921
433.314394	0.0087679
433.339045	0.0073074
433.363696	0.0074534
433.388348	0.0077450
433.413000	0.0074669
433.437653	0.0079914
433.462307	0.0080829
433.486962	0.0074975
433.511617	0.0078234
433.536273	0.0077439
433.560930	0.0078706
433.585587	0.0078149
433.610245	0.0092652
433.634904	0.0075876
433.659563	0.0080288
433.684224	0.0070000
433.708884	0.0084551
433.733546	0.0087351
433.758208	0.0091448
433.782871	0.0079236
433.807535	0.0088114
433.832200	0.0102520
433.856865	0.0104310
433.881530	0.0110816
433.906197	0.0130141
433.930864	0.0145324
433.955532	0.0133706
433.980201	0.0126605
434.004870	0.0136963
434.029540	0.0130598
434.054211	0.0147358
434.078882	0.0138680
434.103554	0.0138043
434.128227	0.0125588
434.152901	0.0105765
434.177575	0.0116728
434.202250	0.0111482
434.226926	0.0099018
434.251602	0.0096325
434.276279	0.0086242
434.300957	0.0091982
434.325635	0.0097746
434.350314	0.0093268
434.374994	0.0079772
434.399675	0.0074742
434.424356	0.0081902
434.449038	0.0070000
434.473721	0.0072993
434.498404	0.0084350
434.523088	0.0081151
434.547773	0.0076537
434.572458	0.0072371
434.597145	0.0075723
434.621831	0.0073444
434.646519	0.0082321
434.671207	0.0083411
434.695896	0.0075564
434.720586	0.0083271
434.745276	0.0083654
434.769968	0.0081125
434.794659	0.0078196
434.819352	0.0074861
434.844045	0.0087108
434.868739	0.0070000
434.893434	0.0080109
434.918129	0.0080675
434.942825	0.0070000
434.967522	0.0073837
434.992219	0.0083474
435.016917	0.0082708
435.041616	0.0088286
435.066316	0.0093972
435.091016	0.0078456
435.115717	0.0075142
435.140418	0.0077691
435.165121	0.0079546
435.189824	0.0088179
435.214527	0.0070000
435.239232	0.0092175
435.263937	0.0084531
435.288643	0.0074009
435.313349	0.0072871
435.338057	0.0081363
435.362765	0.0081944
435.387473	0.0081999
435.412183	0.0083543
435.436893	0.0070000
435.461603	0.0085266
435.486315	0.0086778
435.511027	0.0082663
435.535740	0.0078762
435.560454	0.0071604
435.585168	0.0080534
435.609883	0.0086235
435.634599	0.0078278
435.659315	0.0087204
435.684032	0.0075582
435.708750	0.0083230
435.733468	0.0092356
435.758187	0.0083073
435.782907	0.0071759
435.807628	0.0083787
435.832349	0.0087874
435.857071	0.0078112
435.881794	0.0084765
435.906517	0.0093698
435.931242	0.0078117
435.955966	0.0078663
435.980692	0.0081187
436.005418	0.0083136
436.030145	0.0088520
436.054873	0.0091042
436.079601	0.0082886
436.104330	0.0089745
436.129060	0.0093517
436.153790	0.0079138
436.178521	0.0072152
436.203253	0.0086195
436.227986	0.0081681
436.252719	0.0075022
436.277453	0.0072089
436.302187	0.0082952
436.326923	0.0089031
436.351659	0.0076425
436.376396	0.0073993
436.401133	0.0074114
436.425871	0.0082432
436.450610	0.0084587
436.475350	0.0082586
436.500090	0.0075749
436.524831	0.0087225
436.549573	0.0076248
436.574315	0.0077800
436.599058	0.0077816
436.623802	0.0072366
436.648546	0.0085341
436.673292	0.0087214
436.698037	0.0088552
436.722784	0.0086888
436.747531	0.0098619
436.772279	0.0097627
436.797028	0.0099674
436.821777	0.0099827
436.846527	0.0099256
436.871278	0.0097000
436.896030	0.0091324
436.920782	0.0098275
436.945535	0.0099659
436.970289	0.0093750
436.995043	0.0075257
437.019798	0.0090723
437.044554	0.0079009
437.069310	0.0083459
437.094067	0.0090689
437.118825	0.0076432
437.143583	0.0089536
437.168343	0.0077374
437.193103	0.0075569
437.217863	0.0075995
437.242625	0.0077934
437.267387	0.0086862
437.292149	0.0076692
437.316913	0.0084370
437.341677	0.0070000
437.366442	0.0075452
437.391207	0.0085210
437.415974	0.0079632
437.440741	0.0078107
437.465508	0.0080958
437.490277	0.0092313
437.515046	0.0077432
437.539816	0.0083325
437.564586	0.0074348
437.589357	0.0082156
437.614129	0.0087060
437.638902	0.0081049
437.663675	0.0078541
437.688449	0.0071541
437.713224	0.0078421
437.737999	0.0070153
437.762775	0.0080133
437.787552	0.0081137
437.812329	0.0077029
437.837108	0.0081310
437.861886	0.0072125
437.886666	0.0084566
437.911446	0.0088926
437.936227	0.0088003
437.961009	0.0075986
437.985791	0.0080680
438.010575	0.0081753
438.035358	0.0085226
438.060143	0.0075155
438.084928	0.0076286
438.109714	0.0081545
438.134501	0.0076930
438.159288	0.0070646
438.184076	0.0079142
438.208865	0.0074811
438.233654	0.0079805
438.258444	0.0091832
438.283235	0.0077456
438.308027	0.0085158
438.332819	0.0070000
438.357612	0.0071187
438.382406	0.0074359
438.407200	0.0076848
438.431995	0.0078366
438.456791	0.0082497
438.481587	0.0075428
438.506384	0.0070000
438.531182	0.0074956
438.555981	0.0094160
438.580780	0.0079106
438.605580	0.0075745
438.630381	0.0077389
438.655182	0.0081263
438.679984	0.0081201
438.704787	0.0082813
438.729590	0.0077889
438.754395	0.0083735
438.779200	0.0076795
438.804005	0.0079927
438.828811	0.0077894
438.853618	0.0070000
438.878426	0.0077250
438.903234	0.0081055
438.928044	0.0077054
438.952853	0.0076840
438.977664	0.0081988
439.002475	0.0079122
439.027287	0.0075092
439.052100	0.0073934
439.076913	0.0082515
439.101727	0.0088300
439.126542	0.0080120
439.151357	0.0072919
439.176173	0.0079810
439.200990	0.0080636
439.225808	0.0072223
439.250626	0.0070000
439.275445	0.0087583
439.300264	0.0070000
439.325085	0.0075535
439.349906	0.0077422
439.374728	0.0080694
439.399550	0.0079376
439.424373	0.0076414
439.449197	0.0080165
439.474022	0.0087269
439.498847	0.0084907
439.523673	0.0075619
439.548499	0.0087138
439.573327	0.0070000
439.598155	0.0084500
439.622984	0.0072624
439.647813	0.0081903
439.672643	0.0079247
439.697474	0.0087191
439.722306	0.0097525
439.747138	0.0070000
439.771971	0.0091146
439.796805	0.0078293
439.821639	0.0084983
439.846474	0.0070000
439.871310	0.0070000
439.896146	0.0084902
439.920984	0.0085781
439.945822	0.0086788
439.970660	0.0091664
439.995499	0.0089821
440.020339	0.0070000
440.045180	0.0085347
440.070022	0.0081850
440.094864	0.0084292
440.119707	0.0077990
440.144550	0.0081694
440.169394	0.0079437
440.194239	0.0073012
440.219085	0.0072615
440.243931	0.0078501
440.268778	0.0086557
440.293626	0.0075485
440.318474	0.0078606
440.343324	0.0079478
440.368173	0.0081935
440.393024	0.0073968
440.417875	0.0081672
440.442727	0.0077394
440.467580	0.0082421
440.492433	0.0080251
440.517287	0.0078231
440.542142	0.0081675
440.566997	0.0073615
440.591854	0.0088084
440.616710	0.0075223
440.641568	0.0077980
440.666426	0.0070000
440.691285	0.0083954
440.716145	0.0081677
440.741005	0.0075383
440.765866	0.0078791
440.790728	0.0078213
440.815591	0.0078837
440.840454	0.0075254
440.865318	0.0087757
440.890182	0.0080109
440.915048	0.0086745
440.939914	0.0070000
440.964780	0.0074141
440.989648	0.0070125
441.014516	0.0084014
441.039385	0.0076622
441.064254	0.0085822
441.089124	0.0090018
441.113995	0.0078125
441.138867	0.0078647
441.163739	0.0084335
441.188612	0.0071436
441.213486	0.0080587
441.238360	0.0084236
441.263236	0.0070000
441.288111	0.0077447
441.312988	0.0078452
441.337865	0.0082793
441.362743	0.0077815
441.387622	0.0082206
441.412501	0.0079195
441.437381	0.0075548
441.462262	0.0080009
441.487143	0.0070000
441.512025	0.0081497
441.536908	0.0083499
441.561792	0.0073167
441.586676	0.0081898
441.611561	0.0075971
441.636447	0.0082709
441.661333	0.0074661
441.686220	0.0080639
441.711108	0.0074391
441.735996	0.0085869
441.760886	0.0079859
441.785775	0.0079850
441.810666	0.0077151
441.835557	0.0070829
441.860449	0.0072230
441.885342	0.0085896
441.910235	0.0072685
441.935129	0.0082404
441.960024	0.0081292
441.984920	0.0082817
442.009816	0.0094830
442.034713	0.0070000
442.059610	0.0077047
442.084509	0.0071686
442.109408	0.0085660
442.134308	0.0080730
442.159208	0.0082491
442.184109	0.0087518
442.209011	0.0072111
442.233913	0.0087930
442.258817	0.0084368
442.283721	0.0081858
442.308625	0.0070490
442.333531	0.0087090
442.358437	0.0084289
442.383343	0.0082814
442.408251	0.0071103
442.433159	0.0074587
442.458068	0.0089041
442.482977	0.0083514
442.507887	0.0083578
442.532798	0.0075281
442.557710	0.0093446
442.582622	0.0076157
442.607536	0.0081825
442.632449	0.0090115
442.657364	0.0082186
442.682279	0.0079690
442.707195	0.0089433
442.732111	0.0076943
442.757029	0.0079355
442.781947	0.0080024
442.806865	0.0074807
442.831785	0.0076951
442.856705	0.0083553
442.881626	0.0081329
442.906547	0.0075959
442.931469	0.0082495
442.956392	0.0080090
442.981316	0.0083065
443.006240	0.0087128
443.031165	0.0078822
443.056091	0.0079202
443.081017	0.0076422
443.105944	0.0076084
443.130872	0.0087546
443.155801	0.0081981
443.180730	0.0076339
443.205660	0.0076173
443.230590	0.0078606
443.255522	0.0082762
443.280454	0.0079086
443.305386	0.0077421
443.330320	0.0079163
443.355254	0.0086055
443.380189	0.0077993
443.405124	0.0088776
443.430060	0.0086994
443.454997	0.0078854
443.479935	0.0081848
443.504873	0.0081294
443.529812	0.0089607
443.554752	0.0083192
443.579693	0.0083755
443.604634	0.0084378
443.629576	0.0070628
443.654518	0.0095212
443.679462	0.0081922
443.704405	0.0079431
443.729350	0.0077507
443.754296	0.0086633
443.779242	0.0088675
443.804188	0.0075259
443.829136	0.0082669
443.854084	0.0072016
443.879033	0.0071625
443.903982	0.0082198
443.928933	0.0076029
443.953884	0.0086829
443.978835	0.0076777
444.003788	0.0073685
444.028741	0.0083718
444.053695	0.0083163
444.078649	0.0094468
444.103604	0.0081931
444.128560	0.0073269
444.153517	0.0074674
444.178474	0.0079376
444.203432	0.0078686
444.228391	0.0072055
444.253350	0.0082301
444.278310	0.0082547
444.303271	0.0080127
444.328233	0.0077751
444.353195	0.0082604
444.378158	0.0082124
444.403122	0.0071868
444.428086	0.0086954
444.453051	0.0082965
444.478017	0.0083686
444.502983	0.0075854
444.527950	0.0072607
444.552918	0.0081347
444.577887	0.0084475
444.602856	0.0080789
444.627826	0.0085494
444.652797	0.0084265
444.677768	0.0088656
444.702740	0.0092230
444.727713	0.0071049
444.752686	0.0080057
444.777660	0.0090221
444.802635	0.0084242
444.827611	0.0076282
444.852587	0.0074785
444.877564	0.0073595
444.902542	0.0083482
444.927520	0.0084793
444.952499	0.0070000
444.977479	0.0071044
445.002460	0.0082677
445.027441	0.0079690
445.052423	0.0080965
445.077405	0.0082018
445.102388	0.0083608
445.127372	0.0080147
445.152357	0.0081503
445.177343	0.0070774
445.202329	0.0073364
445.227316	0.0077102
445.252303	0.0086766
445.277291	0.0082148
445.302280	0.0078974
445.327270	0.0084803
445.352260	0.0072247
445.377251	0.0083896
445.402243	0.0073115
445.427235	0.0091977
445.452228	0.0072512
445.477222	0.0073963
445.502217	0.0090949
445.527212	0.0083949
445.552208	0.0085666
445.577205	0.0075803
445.602202	0.0079295
