#processed=baseline+recalibrated
#baseline_method=airPLS
#baseline_lambda=100
#baseline_porder=1
#baseline_itermax=20
#recalibration_method=auto
#recal_polynomial_degree=2
#recal_fitparam_a2=0.0878
#recal_fitparam_a1=-0.14
#recal_fitparam_a0=0.9
#recal_pair_1=40.8342->40.9998 (delta=+0.1656)
#recal_pair_2=58.8160->59.0104 (delta=+0.1944)
#recal_pair_3=76.7977->77.0209 (delta=+0.2232)
#recal_pair_4=94.7794->95.0315 (delta=+0.2521)
#recal_pair_5=112.7611->113.0420 (delta=+0.2809)
#recal_pair_6=130.7429->131.0526 (delta=+0.3097)
#sample=NaCl 10 mM in water (synthetic example)
##########
0.900000	0.0047819
0.899720	-0.0652767
0.899441	-0.0125732
0.899163	-0.0261617
0.898886	-0.0168913
0.898609	-0.0050947
0.898333	-0.0001932
0.898057	-0.0185199
0.897782	-0.0220314
0.897508	0.0052634
0.897235	-0.0180292
0.896962	0.0236769
0.896691	0.0087681
0.896419	-0.0148209
0.896149	0.0299926
0.895879	-0.0243035
0.895610	-0.0162179
0.895341	0.0300790
0.895074	-0.0378283
0.894807	0.0107355
0.894540	-0.0452623
0.894275	0.0132432
0.894010	0.0093601
0.893746	-0.0139717
0.893482	0.0273518
0.893220	0.0188271
0.892957	0.0223267
0.892696	-0.0051349
0.892435	-0.0329993
0.892175	-0.0414159
0.891916	-0.0065208
0.891658	-0.0215167
0.891400	0.0086139
0.891142	-0.0017451
0.890886	0.0250888
0.890630	0.0078630
0.890375	0.0433095
0.890121	-0.0362303
0.889867	0.0069821
0.889614	-0.0036819
0.889362	-0.0424545
0.889110	0.0564406
0.888860	-0.0291263
0.888609	-0.0239824
0.888360	0.0114036
0.888111	0.0205459
0.887863	-0.0026942
0.887616	-0.0194670
0.887369	-0.0016574
0.887123	0.0175805
0.886878	0.0035237
0.886633	0.0333865
0.886390	0.0143836
0.886147	-0.0131503
0.885904	0.0021358
0.885662	0.0109268
0.885421	0.0528938
0.885181	-0.0237216
0.884941	-0.0072533
0.884703	0.0365399
0.884464	0.0098993
0.884227	0.0011373
0.883990	-0.0093280
0.883754	-0.0000674
0.883519	0.0121970
0.883284	0.0078357
0.883050	0.0174828
0.882817	-0.0069516
0.882584	-0.0175145
0.882352	0.0459903
0.882121	-0.0120186
0.881890	-0.0035093
0.881661	0.0113695
0.881432	-0.0209548
0.881203	-0.0034132
0.880976	0.0154049
0.880749	0.0118682
0.880522	0.0211554
0.880297	0.0052519
0.880072	0.0071422
0.879848	-0.0019311
0.879624	-0.0180973
0.879401	0.0171703
0.879179	-0.0209143
0.878958	0.0043974
0.878737	-0.0111087
0.878517	-0.0073774
0.878298	0.0055393
0.878080	0.0180546
0.877862	-0.0160111
0.877645	0.0365806
0.877428	0.0004878
0.877213	0.0353879
0.876998	-0.0196036
0.876783	-0.0160540
0.876570	0.0260239
0.876357	0.0006999
0.876144	-0.0047852
0.875933	0.0109278
0.875722	0.0240881
0.875512	-0.0211439
0.875303	0.0103430
0.875094	-0.0126845
0.874886	-0.0205796
0.874679	0.0019539
0.874472	0.0249399
0.874266	0.0091038
0.874061	-0.0032005
0.873856	0.0001495
0.873653	0.0304705
0.873450	0.0061906
0.873247	-0.0306509
0.873045	0.0108685
0.872844	0.0072244
0.872644	-0.0140651
0.872445	0.0062317
0.872246	-0.0057778
0.872048	-0.0077486
0.871850	-0.0115800
0.871653	-0.0008713
0.871457	-0.0031273
0.871262	0.0099274
0.871067	-0.0037123
0.870873	-0.0102112
0.870680	0.0213247
0.870487	0.0058168
0.870296	-0.0091471
0.870105	-0.0044216
0.869914	0.0081902
0.869724	0.0000637
0.869535	-0.0030162
0.869347	0.0229120
0.869159	0.0006007
0.868972	-0.0231449
0.868786	-0.0511397
0.868601	0.0127649
0.868416	-0.0338938
0.868232	-0.0151486
0.868048	0.0174985
0.867866	0.0381600
0.867684	0.0070627
0.867502	0.0092738
0.867322	0.0073411
0.867142	0.0050066
0.866962	-0.0137015
0.866784	-0.0120876
0.866606	-0.0039802
0.866429	-0.0032488
0.866253	0.0069888
0.866077	0.0064267
0.865902	-0.0114088
0.865728	-0.0074702
0.865554	-0.0057854
0.865381	-0.0133883
0.865209	0.0127341
0.865038	-0.0031798
0.864867	-0.0060911
0.864697	0.0152882
0.864527	-0.0046026
0.864359	-0.0067124
0.864191	-0.0121920
0.864023	0.0076786
0.863857	-0.0372598
0.863691	0.0065692
0.863526	0.0162327
0.863361	-0.0098203
0.863198	0.0281723
0.863035	0.0083190
0.862872	0.0025392
0.862711	0.0113888
0.862550	-0.0206916
0.862389	0.0058737
0.862230	0.0037238
0.862071	-0.0166864
0.861913	0.0008340
0.861756	-0.0268968
0.861599	-0.0070417
0.861443	0.0189687
0.861287	-0.0120974
0.861133	-0.0058880
0.860979	-0.0143709
0.860826	0.0018250
0.860673	0.0151384
0.860521	-0.0067170
0.860370	0.0002288
0.860220	-0.0087611
0.860070	0.0126326
0.859921	-0.0103936
0.859773	-0.0015400
0.859625	-0.0167701
0.859478	-0.0036123
0.859332	0.0074278
0.859187	-0.0095541
0.859042	-0.0262307
0.858898	-0.0028295
0.858754	-0.0008643
0.858612	0.0207571
0.858470	-0.0069014
0.858328	0.0027466
0.858188	0.0129649
0.858048	-0.0026395
0.857909	-0.0008178
0.857770	0.0052603
0.857633	0.0040400
0.857496	0.0059692
0.857359	-0.0006552
0.857224	-0.0008418
0.857089	-0.0125479
0.856954	-0.0027029
0.856821	0.0072645
0.856688	-0.0036879
0.856556	0.0005116
0.856424	-0.0091180
0.856294	-0.0135270
0.856164	-0.0039588
0.856034	-0.0041509
0.855906	-0.0123953
0.855778	0.0144912
0.855650	-0.0235635
0.855524	0.0242004
0.855398	0.0193250
0.855273	0.0018664
0.855149	-0.0110605
0.855025	-0.0182541
0.854902	-0.0085677
0.854780	0.0054410
0.854658	0.0021114
0.854537	0.0104406
0.854417	0.0030187
0.854297	-0.0162829
0.854178	0.0006470
0.854060	-0.0205947
0.853943	0.0107250
0.853826	0.0031048
0.853710	0.0131449
0.853595	-0.0216133
0.853480	-0.0049287
0.853367	0.0125466
0.853253	-0.0029893
0.853141	0.0054605
0.853029	-0.0074986
0.852918	-0.0042996
0.852808	0.0008217
0.852698	0.0100629
0.852589	0.0111422
0.852481	0.0074028
0.852373	0.0152593
0.852266	-0.0254100
0.852160	-0.0069025
0.852055	0.0027064
0.851950	-0.0132826
0.851846	0.0060208
0.851743	0.0276282
0.851640	0.0010582
0.851538	-0.0105858
0.851437	-0.0058245
0.851336	-0.0196695
0.851236	0.0074840
0.851137	0.0073189
0.851039	0.0030622
0.850941	-0.0034517
0.850844	0.0080647
0.850748	-0.0012076
0.850652	-0.0056230
0.850557	-0.0092421
0.850463	-0.0122439
0.850370	-0.0022370
0.850277	-0.0016477
0.850185	-0.0054545
0.850093	0.0168837
0.850002	-0.0013630
0.849912	-0.0063441
0.849823	0.0067290
0.849735	0.0045834
0.849647	0.0185114
0.849560	0.0029006
0.849473	0.0101982
0.849387	-0.0079332
0.849302	-0.0287299
0.849218	-0.0070435
0.849134	0.0048133
0.849051	-0.0006682
0.848969	0.0293002
0.848887	0.0168083
0.848806	0.0026439
0.848726	-0.0080715
0.848647	0.0110870
0.848568	-0.0003924
0.848490	0.0012086
0.848413	-0.0010907
0.848336	-0.0074536
0.848260	0.0040363
0.848185	-0.0164953
0.848110	0.0134116
0.848036	-0.0065986
0.847963	-0.0051146
0.847891	-0.0006312
0.847819	0.0087726
0.847748	-0.0096957
0.847678	0.0070843
0.847608	-0.0037929
0.847539	0.0061339
0.847471	-0.0047476
0.847403	0.0018383
0.847336	-0.0002189
0.847270	0.0034041
0.847205	-0.0079991
0.847140	-0.0127961
0.847076	-0.0050391
0.847013	0.0002358
0.846950	0.0078974
0.846888	-0.0050216
0.846827	0.0168027
0.846767	0.0041767
0.846707	0.0036051
0.846648	0.0048814
0.846589	0.0117729
0.846532	0.0129885
0.846475	0.0064711
0.846418	0.0064375
0.846363	0.0066826
0.846308	-0.0174628
0.846254	-0.0023492
0.846200	-0.0184531
0.846148	-0.0121438
0.846096	0.0049001
0.846044	0.0068768
0.845993	-0.0080110
0.845944	0.0046270
0.845894	0.0015311
0.845846	-0.0071901
0.845798	0.0020853
0.845751	0.0047239
0.845704	-0.0023903
0.845658	-0.0081953
0.845613	0.0019846
0.845569	0.0037415
0.845525	0.0012986
0.845482	-0.0139363
0.845440	0.0016720
0.845399	-0.0239711
0.845358	-0.0185266
0.845318	0.0042814
0.845278	0.0099164
0.845240	0.0045548
0.845202	-0.0043022
0.845164	-0.0082100
0.845128	0.0023078
0.845092	-0.0207082
0.845057	0.0048704
0.845022	0.0149103
0.844988	0.0058262
0.844955	-0.0049185
0.844923	-0.0076077
0.844891	0.0035662
0.844860	0.0100162
0.844830	0.0010063
0.844800	-0.0085523
0.844771	-0.0065491
0.844743	0.0102308
0.844716	-0.0118714
0.844689	-0.0093335
0.844663	0.0013116
0.844637	-0.0006587
0.844613	-0.0031317
0.844589	-0.0143990
0.844565	-0.0130050
0.844543	0.0112238
0.844521	-0.0037762
0.844500	0.0025965
0.844479	-0.0077031
0.844460	-0.0062931
0.844440	-0.0024931
0.844422	-0.0008958
0.844404	0.0033123
0.844388	0.0018832
0.844371	-0.0067604
0.844356	-0.0091888
0.844341	-0.0026677
0.844327	-0.0086099
0.844313	-0.0009500
0.844301	-0.0078959
0.844289	-0.0018860
0.844277	-0.0188265
0.844267	0.0009112
0.844257	-0.0077624
0.844247	-0.0042335
0.844239	0.0103903
0.844231	-0.0032190
0.844224	0.0090680
0.844218	-0.0118889
0.844212	0.0063122
0.844207	-0.0008864
0.844202	0.0033775
0.844199	0.0023741
0.844196	-0.0023296
0.844194	-0.0053245
0.844192	-0.0133316
0.844191	-0.0120217
0.844191	-0.0038557
0.844192	-0.0043834
0.844193	0.0029760
0.844195	-0.0044105
0.844198	0.0026964
0.844201	0.0011615
0.844206	-0.0020127
0.844210	0.0053323
0.844216	0.0053723
0.844222	0.0019553
0.844229	-0.0032125
0.844237	0.0092245
0.844245	0.0137342
0.844254	-0.0033808
0.844264	-0.0082753
0.844274	-0.0003737
0.844285	0.0066447
0.844297	-0.0053308
0.844310	0.0012402
0.844323	0.0179387
0.844337	-0.0030951
0.844352	-0.0077041
0.844367	0.0043256
0.844383	0.0023694
0.844400	0.0238475
0.844417	-0.0114616
0.844436	-0.0065502
0.844454	-0.0031020
0.844474	-0.0021751
0.844494	-0.0126217
0.844515	-0.0054409
0.844537	-0.0010633
0.844559	0.0037939
0.844582	0.0199527
0.844606	-0.0044531
0.844631	0.0011596
0.844656	-0.0210256
0.844682	0.0002206
0.844708	-0.0119016
0.844736	-0.0013357
0.844764	0.0024395
0.844792	-0.0020493
0.844822	0.0083675
0.844852	-0.0051413
0.844883	-0.0110113
0.844914	-0.0076600
0.844946	0.0071928
0.844979	0.0072025
0.845013	0.0065783
0.845047	-0.0097517
0.845082	-0.0127026
0.845118	-0.0007956
0.845154	-0.0067251
0.845192	0.0003184
0.845229	-0.0044040
0.845268	0.0051573
0.845307	0.0084594
0.845347	-0.0044789
0.845388	-0.0034473
0.845429	0.0075506
0.845471	0.0069896
0.845514	-0.0015898
0.845557	-0.0134733
0.845602	-0.0025530
0.845646	0.0087967
0.845692	0.0091197
0.845738	0.0019296
0.845785	0.0104760
0.845833	0.0032421
0.845881	-0.0094908
0.845930	0.0019316
0.845980	0.0019122
0.846031	-0.0138704
0.846082	-0.0011257
0.846134	0.0106700
0.846186	-0.0019725
0.846240	-0.0034101
0.846293	-0.0087451
0.846348	0.0129796
0.846404	0.0083132
0.846460	0.0059607
0.846516	-0.0009365
0.846574	-0.0075182
0.846632	-0.0055213
0.846691	0.0049008
0.846751	-0.0032711
0.846811	-0.0062151
0.846872	0.0026049
0.846934	0.0092337
0.846996	0.0032657
0.847059	-0.0076161
0.847123	0.0054384
0.847188	0.0000702
0.847253	0.0049224
0.847319	0.0046645
0.847385	-0.0005237
0.847453	0.0012436
0.847521	-0.0039663
0.847590	0.0016470
0.847659	0.0008345
0.847729	-0.0084609
0.847800	-0.0066700
0.847872	-0.0017931
0.847944	-0.0029862
0.848017	0.0033392
0.848090	0.0021482
0.848165	0.0081860
0.848240	0.0012990
0.848316	0.0085607
0.848392	-0.0177713
0.848469	-0.0024025
0.848547	-0.0029714
0.848626	-0.0033915
0.848705	0.0021657
0.848785	-0.0042235
0.848866	-0.0050290
0.848947	-0.0093642
0.849029	0.0040167
0.849112	0.0058303
0.849195	-0.0011684
0.849280	-0.0002053
0.849364	-0.0083695
0.849450	-0.0125130
0.849536	0.0033145
0.849623	-0.0069308
0.849711	0.0062512
0.849800	-0.0171287
0.849889	-0.0084319
0.849978	0.0039237
0.850069	-0.0013330
0.850160	0.0008271
0.850252	-0.0153856
0.850345	-0.0010712
0.850438	0.0076414
0.850532	0.0036358
0.850627	-0.0071402
0.850722	0.0079664
0.850818	0.0033263
0.850915	0.0157764
0.851013	0.0015424
0.851111	0.0087342
0.851210	0.0011033
0.851310	-0.0041243
0.851410	-0.0049240
0.851511	0.0000565
0.851613	-0.0060250
0.851715	-0.0063711
0.851818	-0.0031261
0.851922	0.0045381
0.852027	-0.0076121
0.852132	0.0068902
0.852238	0.0043386
0.852345	0.0007796
0.852452	-0.0068537
0.852560	0.0051202
0.852669	-0.0126218
0.852778	0.0040555
0.852889	0.0069100
0.852999	-0.0070972
0.853111	0.0019749
0.853223	0.0036099
0.853336	-0.0025364
0.853450	-0.0144997
0.853564	-0.0050758
0.853680	0.0029564
0.853795	0.0042639
0.853912	-0.0025347
0.854029	0.0010945
0.854147	0.0004929
0.854266	0.0066353
0.854385	-0.0015144
0.854505	-0.0042286
0.854626	-0.0010968
0.854747	0.0050865
0.854869	-0.0125941
0.854992	-0.0028339
0.855116	-0.0087759
0.855240	-0.0009251
0.855365	-0.0006244
0.855490	-0.0042035
0.855617	0.0100682
0.855744	0.0019673
0.855871	-0.0043905
0.856000	-0.0013687
0.856129	-0.0005154
0.856259	-0.0025395
0.856389	0.0005634
0.856521	0.0050034
0.856653	0.0040943
0.856785	0.0041985
0.856919	0.0030102
0.857053	-0.0018623
0.857187	-0.0048302
0.857323	-0.0028098
0.857459	-0.0027312
0.857596	0.0016563
0.857734	-0.0052943
0.857872	-0.0056208
0.858011	0.0000163
0.858151	-0.0023837
0.858291	-0.0077373
0.858432	0.0022897
0.858574	-0.0000879
0.858716	0.0114703
0.858859	0.0033862
0.859003	-0.0000805
0.859148	0.0081007
0.859293	-0.0109611
0.859439	-0.0016834
0.859586	0.0007419
0.859733	-0.0077247
0.859882	0.0002497
0.860030	0.0045131
0.860180	-0.0119932
0.860330	0.0001820
0.860481	-0.0027290
0.860633	-0.0035963
0.860785	-0.0004448
0.860938	-0.0030396
0.861092	0.0038229
0.861246	0.0065703
0.861401	0.0031186
0.861557	0.0026924
0.861714	-0.0018556
0.861871	0.0063422
0.862029	-0.0029619
0.862187	-0.0012823
0.862347	-0.0059484
0.862507	0.0049619
0.862668	-0.0066398
0.862829	0.0062534
0.862991	0.0040264
0.863154	0.0043462
0.863318	-0.0074269
0.863482	0.0083122
0.863647	-0.0031425
0.863813	-0.0057686
0.863979	-0.0008799
0.864146	-0.0020384
0.864314	-0.0013261
0.864482	-0.0010023
0.864652	0.0021480
0.864821	-0.0013104
0.864992	-0.0006805
0.865163	-0.0003435
0.865335	0.0012975
0.865508	-0.0004242
0.865681	0.0019859
0.865855	0.0014976
0.866030	0.0060570
0.866206	0.0053725
0.866382	0.0008686
0.866559	0.0058961
0.866737	0.0015324
0.866915	0.0009039
0.867094	-0.0005847
0.867274	0.0076812
0.867454	0.0020701
0.867635	0.0030418
0.867817	0.0009039
0.867999	0.0037950
0.868183	-0.0039335
0.868367	-0.0056705
0.868551	0.0000129
0.868737	0.0045302
0.868923	-0.0054444
0.869109	0.0088546
0.869297	0.0057984
0.869485	-0.0013560
0.869674	0.0054723
0.869863	0.0008015
0.870054	-0.0008521
0.870245	-0.0078964
0.870436	0.0011001
0.870629	0.0003577
0.870822	-0.0015150
0.871016	0.0019750
0.871210	-0.0002172
0.871405	-0.0031678
0.871601	-0.0076571
0.871798	0.0044819
0.871995	0.0025222
0.872193	-0.0031838
0.872392	-0.0001648
0.872591	-0.0053263
0.872791	0.0003129
0.872992	0.0042830
0.873193	0.0050663
0.873396	-0.0016161
0.873598	0.0031198
0.873802	-0.0051669
0.874006	-0.0033230
0.874211	-0.0022626
0.874417	-0.0022969
0.874623	0.0002732
0.874831	0.0028329
0.875038	-0.0007354
0.875247	-0.0017215
0.875456	0.0015523
0.875666	-0.0077085
0.875877	-0.0002459
0.876088	-0.0011510
0.876300	0.0048959
0.876513	0.0053535
0.876726	-0.0031942
0.876940	-0.0035147
0.877155	0.0068857
0.877371	0.0001313
0.877587	-0.0000701
0.877804	-0.0108356
0.878022	0.0005103
0.878240	0.0009897
0.878459	0.0046289
0.878679	0.0065383
0.878899	-0.0052364
0.879120	0.0058116
0.879342	-0.0063866
0.879565	-0.0045495
0.879788	-0.0030581
0.880012	-0.0015815
0.880237	0.0053606
0.880462	0.0051860
0.880688	0.0015067
0.880915	0.0062718
0.881142	-0.0029832
0.881371	0.0071967
0.881599	0.0049445
0.881829	-0.0080661
0.882059	-0.0097150
0.882290	0.0054919
0.882522	-0.0018523
0.882754	0.0036467
0.882988	-0.0065271
0.883221	0.0023451
0.883456	0.0050596
0.883691	0.0005241
0.883927	0.0001480
0.884164	-0.0046268
0.884401	0.0010500
0.884639	-0.0069873
0.884878	0.0015586
0.885117	0.0128622
0.885357	0.0017194
0.885598	-0.0034761
0.885840	0.0087879
0.886082	-0.0063645
0.886325	0.0020570
0.886568	0.0006214
0.886813	0.0020141
0.887058	0.0002386
0.887304	0.0014062
0.887550	-0.0064748
0.887797	0.0064462
0.888045	0.0000704
0.888294	-0.0012576
0.888543	0.0000605
0.888793	-0.0004383
0.889043	-0.0052210
0.889295	0.0016456
0.889547	-0.0000339
0.889800	-0.0013788
0.890053	-0.0002937
0.890307	0.0015738
0.890562	-0.0007443
0.890818	-0.0018840
0.891074	0.0004610
0.891331	-0.0020424
0.891589	-0.0036394
0.891847	0.0049140
0.892106	0.0010010
0.892366	0.0008316
0.892626	-0.0003771
0.892888	0.0006697
0.893150	0.0008795
0.893412	0.0017106
0.893675	-0.0088392
0.893939	-0.0040719
0.894204	-0.0006734
0.894470	-0.0071268
0.894736	0.0039342
0.895003	0.0027911
0.895270	-0.0067842
0.895538	-0.0049294
0.895807	-0.0006522
0.896077	-0.0038846
0.896347	-0.0074407
0.896618	-0.0030828
0.896890	-0.0077382
0.897162	-0.0038825
0.897436	0.0019367
0.897709	-0.0008495
0.897984	-0.0045412
0.898259	-0.0004024
0.898535	0.0008389
0.898812	0.0003017
0.899089	-0.0006589
0.899367	0.0037682
0.899646	-0.0019550
0.899925	-0.0059232
0.900206	-0.0046035
0.900486	0.0020236
0.900768	0.0030878
0.901050	-0.0028752
0.901333	0.0028474
0.901617	-0.0047823
0.901901	0.0064912
0.902186	-0.0041973
0.902472	-0.0071339
0.902759	-0.0037833
0.903046	-0.0039739
0.903334	-0.0049711
0.903622	-0.0055665
0.903912	-0.0008385
0.904202	0.0030547
0.904492	-0.0059105
0.904784	-0.0069964
0.905076	-0.0032474
0.905369	0.0012085
0.905662	0.0049791
0.905956	0.0084284
0.906251	0.0047735
0.906547	-0.0012667
0.906843	-0.0059346
0.907140	0.0021024
0.907438	-0.0004212
0.907736	0.0016436
0.908035	0.0003918
0.908335	-0.0090715
0.908636	-0.0023213
0.908937	0.0054651
0.909239	0.0018755
0.909542	-0.0001326
0.909845	-0.0000217
0.910149	0.0037537
0.910454	-0.0040016
0.910759	0.0012389
0.911065	0.0008797
0.911372	-0.0041161
0.911680	0.0008009
0.911988	0.0002836
0.912297	-0.0024661
0.912607	-0.0026917
0.912917	-0.0008213
0.913228	-0.0002513
0.913540	-0.0008170
0.913852	-0.0018556
0.914166	0.0025880
0.914479	0.0017754
0.914794	-0.0013684
0.915109	0.0018684
0.915425	-0.0026463
0.915742	-0.0004249
0.916059	0.0011525
0.916377	-0.0012849
0.916696	-0.0005270
0.917016	0.0013767
0.917336	0.0030791
0.917657	0.0043113
0.917978	0.0011227
0.918301	0.0018663
0.918624	0.0047732
0.918948	-0.0003591
0.919272	-0.0053229
0.919597	0.0038849
0.919923	0.0002360
0.920249	0.0046933
0.920577	-0.0048095
0.920905	-0.0004626
0.921233	-0.0018469
0.921563	-0.0015755
0.921893	-0.0001765
0.922223	0.0010861
0.922555	0.0020359
0.922887	0.0034037
0.923220	-0.0036239
0.923553	0.0030068
0.923887	-0.0020043
0.924222	-0.0005342
0.924558	-0.0070355
0.924894	0.0029205
0.925232	-0.0008773
0.925569	-0.0055555
0.925908	0.0017280
0.926247	0.0030186
0.926587	0.0032748
0.926927	-0.0030247
0.927269	-0.0037928
0.927611	-0.0015667
0.927953	-0.0009068
0.928297	0.0007055
0.928641	0.0043135
0.928986	-0.0023153
0.929331	0.0014485
0.929677	0.0055029
0.930024	0.0024738
0.930372	0.0021264
0.930720	0.0053562
0.931069	-0.0009927
0.931419	0.0024574
0.931769	-0.0018623
0.932120	0.0004057
0.932472	-0.0001734
0.932825	0.0001407
0.933178	-0.0008427
0.933532	-0.0012369
0.933886	-0.0025999
0.934242	0.0002645
0.934598	-0.0007950
0.934954	0.0056600
0.935312	-0.0011794
0.935670	-0.0027529
0.936029	-0.0012262
0.936388	0.0027065
0.936748	-0.0008271
0.937109	0.0024415
0.937471	-0.0065689
0.937833	0.0027264
0.938196	0.0032686
0.938560	-0.0008671
0.938925	-0.0057241
0.939290	0.0021945
0.939656	-0.0011641
0.940022	0.0037287
0.940390	-0.0013063
0.940757	-0.0032707
0.941126	-0.0043258
0.941496	-0.0003382
0.941866	-0.0013953
0.942236	-0.0016639
0.942608	0.0015117
0.942980	0.0001363
0.943353	0.0030123
0.943726	-0.0031145
0.944101	0.0031737
0.944476	-0.0019379
0.944851	-0.0001860
0.945228	-0.0014625
0.945605	-0.0001054
0.945983	-0.0004349
0.946361	0.0027729
0.946740	0.0033897
0.947120	0.0027864
0.947501	-0.0046770
0.947882	-0.0001796
0.948264	0.0014666
0.948647	-0.0028233
0.949030	-0.0010669
0.949414	0.0022073
0.949799	-0.0009574
0.950185	0.0004392
0.950571	-0.0042162
0.950958	0.0049225
0.951346	-0.0056341
0.951734	0.0014900
0.952123	-0.0027081
0.952513	0.0042273
0.952903	-0.0009562
0.953294	0.0050595
0.953686	0.0025938
0.954079	0.0007530
0.954472	-0.0032092
0.954866	0.0029913
0.955261	0.0008358
0.955656	-0.0027083
0.956052	-0.0022000
0.956449	0.0003480
0.956846	0.0044282
0.957244	-0.0009497
0.957643	-0.0004291
0.958043	-0.0009948
0.958443	0.0001154
0.958844	-0.0027046
0.959246	-0.0016243
0.959648	0.0019321
0.960051	0.0008357
0.960455	-0.0000678
0.960859	-0.0021327
0.961265	0.0002880
0.961671	-0.0018738
0.962077	0.0002811
0.962484	0.0034194
0.962892	-0.0028592
0.963301	-0.0016011
0.963711	0.0003629
0.964121	0.0005297
0.964532	-0.0030242
0.964943	-0.0024869
0.965355	-0.0025677
0.965768	-0.0015477
0.966182	0.0013915
0.966596	0.0002557
0.967011	-0.0016550
0.967427	0.0004953
0.967843	0.0007202
0.968260	0.0013587
0.968678	0.0022831
0.969097	-0.0005658
0.969516	-0.0028129
0.969936	0.0001490
0.970357	0.0044285
0.970778	0.0025502
0.971200	-0.0011921
0.971623	0.0041316
0.972046	-0.0010106
0.972470	0.0000196
0.972895	-0.0004958
0.973321	-0.0016706
0.973747	-0.0027322
0.974174	0.0003864
0.974602	-0.0055878
0.975030	0.0007697
0.975459	0.0008688
0.975889	0.0002033
0.976319	0.0012441
0.976751	0.0004285
0.977182	-0.0018462
0.977615	0.0043750
0.978048	-0.0005485
0.978482	-0.0027160
0.978917	0.0009207
0.979352	0.0014090
0.979788	0.0010484
0.980225	0.0032681
0.980663	0.0000632
0.981101	0.0019498
0.981540	-0.0036256
0.981980	0.0032002
0.982420	0.0008153
0.982861	0.0003270
0.983303	-0.0012279
0.983745	-0.0002598
0.984188	0.0004879
0.984632	0.0014835
0.985076	-0.0031268
0.985522	0.0006663
0.985968	0.0004396
0.986414	-0.0014556
0.986862	0.0003390
0.987310	-0.0026613
0.987758	0.0008296
0.988208	-0.0041441
0.988658	0.0015759
0.989109	-0.0006024
0.989560	0.0003520
0.990013	-0.0009650
0.990466	-0.0016735
0.990919	-0.0009557
0.991374	-0.0004836
0.991829	0.0015060
0.992284	0.0043680
0.992741	0.0033804
0.993198	-0.0013813
0.993656	0.0017773
0.994114	-0.0008965
0.994574	0.0010214
0.995034	-0.0018868
0.995494	-0.0011092
0.995956	-0.0025711
0.996418	0.0013962
0.996881	-0.0000810
0.997344	-0.0022009
0.997808	-0.0015465
0.998273	-0.0000274
0.998739	0.0022108
0.999205	0.0008422
0.999672	0.0043182
1.000140	0.0003351
1.000608	-0.0004845
1.001077	0.0005112
1.001547	0.0025530
1.002018	0.0004163
1.002489	0.0015040
1.002961	-0.0007883
1.003433	-0.0011291
1.003907	-0.0025976
1.004381	0.0012705
1.004856	0.0000433
1.005331	0.0013029
1.005807	-0.0017264
1.006284	0.0015025
1.006761	0.0003887
1.007240	-0.0014778
1.007719	0.0016342
1.008198	0.0021907
1.008679	-0.0012012
1.009160	0.0012951
1.009641	-0.0000475
1.010124	-0.0019587
1.010607	0.0008934
1.011091	0.0031883
1.011575	-0.0004433
1.012061	0.0036035
1.012547	0.0009574
1.013033	-0.0009608
1.013521	0.0010468
1.014009	-0.0010737
1.014498	-0.0003510
1.014987	0.0033620
1.015477	0.0010801
1.015968	-0.0005302
1.016460	0.0023693
1.016952	-0.0008292
1.017445	-0.0014059
1.017939	0.0010005
1.018433	-0.0006386
1.018928	-0.0001254
1.019424	-0.0024359
1.019920	0.0019505
1.020418	0.0000225
1.020916	0.0024966
1.021414	0.0006506
1.021914	0.0007937
1.022414	0.0002112
1.022914	0.0001123
1.023416	0.0022886
1.023918	0.0012652
1.024421	0.0017036
1.024924	-0.0009648
1.025428	0.0005258
1.025933	-0.0014095
1.026439	-0.0034582
1.026945	0.0012827
1.027452	0.0027573
1.027960	-0.0005079
1.028469	-0.0020599
1.028978	-0.0012643
1.029488	-0.0022028
1.029998	-0.0011951
1.030509	0.0001308
1.031021	0.0011818
1.031534	-0.0005144
1.032047	0.0020697
1.032561	0.0017310
1.033076	-0.0008425
1.033592	0.0037873
1.034108	0.0023547
1.034625	0.0001946
1.035142	-0.0022673
1.035660	-0.0011870
1.036179	0.0015397
1.036699	0.0025058
1.037220	0.0010608
1.037741	-0.0014455
1.038262	0.0011130
1.038785	0.0041994
1.039308	-0.0001980
1.039832	-0.0033132
1.040357	0.0018209
1.040882	-0.0024003
1.041408	0.0024667
1.041935	-0.0025994
1.042462	-0.0023761
1.042990	0.0013459
1.043519	-0.0009422
1.044048	0.0015242
1.044579	0.0021683
1.045110	-0.0026632
1.045641	-0.0003687
1.046174	-0.0007916
1.046707	-0.0014133
1.047240	-0.0023776
1.047775	-0.0024667
1.048310	-0.0004001
1.048846	0.0027969
1.049382	-0.0000790
1.049919	0.0006788
1.050457	-0.0037044
1.050996	0.0044071
1.051535	0.0002334
1.052075	0.0011616
1.052616	-0.0000528
1.053158	0.0000480
1.053700	0.0008714
1.054243	0.0020930
1.054786	-0.0028922
1.055331	-0.0005423
1.055875	-0.0022073
1.056421	0.0016921
1.056968	0.0016820
1.057515	-0.0000232
1.058062	-0.0008221
1.058611	-0.0025030
1.059160	-0.0010738
1.059710	-0.0009837
1.060261	0.0008278
1.060812	-0.0007378
1.061364	0.0000512
1.061917	-0.0003112
1.062470	0.0030434
1.063024	0.0011305
1.063579	-0.0023740
1.064134	-0.0012118
1.064691	0.0010862
1.065247	-0.0003443
1.065805	0.0015685
1.066363	-0.0020604
1.066922	-0.0000391
1.067482	0.0009826
1.068043	-0.0005450
1.068604	0.0005260
1.069165	0.0016232
1.069728	-0.0000859
1.070291	0.0034198
1.070855	-0.0003083
1.071420	-0.0005508
1.071985	-0.0011751
1.072551	0.0005507
1.073118	-0.0004833
1.073685	-0.0027224
1.074254	-0.0017157
1.074822	-0.0024446
1.075392	0.0023792
1.075962	-0.0024739
1.076533	0.0002408
1.077105	-0.0000349
1.077677	-0.0005606
1.078250	0.0014633
1.078824	-0.0041771
1.079398	0.0013563
1.079974	-0.0011687
1.080550	0.0025432
1.081126	-0.0013164
1.081703	-0.0008984
1.082281	0.0013781
1.082860	-0.0014343
1.083439	0.0039356
1.084020	-0.0002449
1.084600	0.0006204
1.085182	-0.0001884
1.085764	-0.0021836
1.086347	0.0000405
1.086930	-0.0000167
1.087515	-0.0017494
1.088100	-0.0005592
1.088685	0.0011033
1.089272	0.0001721
1.089859	-0.0005106
1.090447	-0.0019087
1.091035	0.0009181
1.091625	0.0021935
1.092214	0.0001534
1.092805	0.0024980
1.093396	0.0024735
1.093988	-0.0000490
1.094581	-0.0022512
1.095175	0.0020554
1.095769	-0.0004911
1.096364	0.0009597
1.096959	0.0003913
1.097555	0.0000643
1.098152	-0.0009319
1.098750	0.0008139
1.099348	-0.0006105
1.099947	0.0000495
1.100547	-0.0004783
1.101148	-0.0039337
1.101749	0.0020595
1.102351	0.0008884
1.102953	-0.0015196
1.103556	-0.0007642
1.104160	-0.0006142
1.104765	-0.0015823
1.105370	0.0010919
1.105977	-0.0001650
1.106583	0.0025447
1.107191	-0.0006880
1.107799	-0.0004272
1.108408	0.0000347
1.109017	0.0036297
1.109628	-0.0008610
1.110239	0.0013972
1.110850	-0.0017466
1.111463	0.0011818
1.112076	-0.0006238
1.112690	0.0000153
1.113304	-0.0017996
1.113920	-0.0010421
1.114535	-0.0014511
1.115152	0.0002322
1.115769	0.0007259
1.116387	0.0011513
1.117006	-0.0004771
1.117626	0.0015950
1.118246	0.0011785
1.118866	-0.0020630
1.119488	0.0006330
1.120110	0.0010145
1.120733	-0.0004283
1.121357	-0.0014489
1.121981	-0.0009103
1.122606	0.0003709
1.123232	0.0009614
1.123858	0.0012238
1.124486	0.0016237
1.125113	0.0004408
1.125742	-0.0023336
1.126371	-0.0015407
1.127001	-0.0011028
1.127632	-0.0000856
1.128263	0.0026957
1.128895	0.0014137
1.129528	-0.0008345
1.130161	0.0005776
1.130796	0.0009149
1.131431	-0.0007337
1.132066	-0.0010718
1.132702	-0.0014332
1.133339	0.0022079
1.133977	-0.0023089
1.134615	-0.0005934
1.135255	-0.0019102
1.135894	-0.0007525
1.136535	0.0022940
1.137176	0.0022522
1.137818	-0.0017054
1.138461	-0.0012168
1.139104	0.0007148
1.139748	0.0007118
1.140393	0.0000755
1.141038	-0.0008169
1.141684	-0.0005535
1.142331	0.0011400
1.142978	-0.0010879
1.143627	0.0005360
1.144276	-0.0020581
1.144925	0.0002810
1.145576	0.0004867
1.146227	0.0013460
1.146878	-0.0011792
1.147531	0.0015847
1.148184	0.0002480
1.148838	0.0002481
1.149492	-0.0002891
1.150147	-0.0008491
1.150803	0.0020645
1.151460	0.0025540
1.152117	-0.0005577
1.152775	-0.0004787
1.153434	-0.0000323
1.154094	-0.0009381
1.154754	0.0007118
1.155415	-0.0007131
1.156076	0.0016022
1.156739	0.0011643
1.157402	0.0000477
1.158065	-0.0003505
1.158730	-0.0007364
1.159395	-0.0019601
1.160060	0.0034890
1.160727	0.0011049
1.161394	0.0003826
1.162062	-0.0014330
1.162731	-0.0025013
1.163400	-0.0007123
1.164070	0.0004657
1.164741	-0.0010552
1.165412	0.0007014
1.166084	-0.0001631
1.166757	-0.0004638
1.167430	-0.0003094
1.168105	0.0025847
1.168780	0.0016435
1.169455	0.0020402
1.170131	-0.0023204
1.170808	-0.0004669
1.171486	-0.0008430
1.172165	-0.0009705
1.172844	-0.0008607
1.173524	0.0005205
1.174204	-0.0010839
1.174885	0.0006466
1.175567	-0.0014926
1.176250	-0.0009848
1.176933	0.0016311
1.177617	-0.0005606
1.178302	0.0004336
1.178988	0.0007490
1.179674	-0.0007652
1.180361	0.0000130
1.181048	0.0002605
1.181736	0.0007807
1.182425	-0.0003283
1.183115	-0.0003255
1.183805	0.0007044
1.184496	-0.0007117
1.185188	0.0009277
1.185881	0.0000258
1.186574	-0.0002505
1.187268	-0.0020515
1.187962	0.0014132
1.188658	0.0012524
1.189354	-0.0000865
1.190050	-0.0015759
1.190748	-0.0014198
1.191446	-0.0002946
1.192144	-0.0007493
1.192844	0.0002500
1.193544	-0.0002694
1.194245	0.0013775
1.194947	-0.0002479
1.195649	0.0018415
1.196352	0.0019135
1.197056	-0.0013766
1.197760	0.0009324
1.198465	-0.0010018
1.199171	-0.0002611
1.199878	0.0028960
1.200585	-0.0009875
1.201293	0.0016273
1.202001	0.0032782
1.202711	-0.0003835
1.203421	-0.0016715
1.204131	0.0000269
1.204843	0.0005602
1.205555	0.0015381
1.206268	0.0001042
1.206981	-0.0004929
1.207696	-0.0022079
1.208411	-0.0012507
1.209126	-0.0010210
1.209843	-0.0001120
1.210560	-0.0007054
1.211277	0.0003224
1.211996	0.0007528
1.212715	-0.0016086
1.213435	-0.0004568
1.214155	-0.0000513
1.214877	-0.0005533
1.215599	-0.0010291
1.216321	-0.0010144
1.217045	0.0001719
1.217769	0.0017465
1.218494	-0.0000741
1.219219	0.0007947
1.219945	0.0006078
1.220672	0.0001435
1.221400	0.0015689
1.222128	-0.0000076
1.222857	-0.0008382
1.223587	0.0004477
1.224317	0.0000542
1.225048	-0.0009595
1.225780	-0.0008712
1.226513	-0.0003577
1.227246	-0.0005470
1.227980	-0.0011522
1.228714	-0.0010925
1.229450	0.0014967
1.230186	-0.0003664
1.230922	-0.0005216
1.231660	-0.0003022
1.232398	0.0017135
1.233137	-0.0012906
1.233876	0.0011500
1.234617	-0.0000542
1.235358	-0.0005882
1.236099	-0.0000657
1.236842	0.0006339
1.237585	-0.0002741
1.238328	0.0013420
1.239073	-0.0005402
1.239818	0.0007142
1.240564	-0.0004619
1.241310	0.0002089
1.242058	0.0012555
1.242806	0.0005070
1.243554	-0.0005751
1.244304	-0.0004656
1.245054	-0.0000910
1.245804	-0.0018094
1.246556	-0.0004429
1.247308	-0.0009238
1.248061	0.0002114
1.248815	0.0004705
1.249569	0.0000655
1.250324	-0.0009498
1.251079	0.0000060
1.251836	0.0015194
1.252593	0.0002857
1.253351	0.0002120
1.254109	0.0004690
1.254868	-0.0009354
1.255628	-0.0004286
1.256389	0.0009698
1.257150	-0.0001699
1.257912	-0.0005883
1.258675	-0.0012101
1.259438	-0.0003974
1.260203	0.0016508
1.260967	0.0005564
1.261733	-0.0006751
1.262499	-0.0007898
1.263266	-0.0001173
1.264034	0.0004414
1.264802	-0.0004321
1.265571	0.0004683
1.266341	0.0004573
1.267111	0.0009837
1.267882	0.0001469
1.268654	0.0000106
1.269427	0.0013641
1.270200	0.0003575
1.270974	0.0002697
1.271749	-0.0006847
1.272524	0.0000584
1.273300	0.0009382
1.274077	0.0003122
1.274854	-0.0002933
1.275632	0.0002672
1.276411	-0.0005845
1.277191	0.0004189
1.277971	-0.0000144
1.278752	-0.0013065
1.279534	0.0008549
1.280316	-0.0006698
1.281099	-0.0003394
1.281883	-0.0001151
1.282668	-0.0002953
1.283453	0.0018578
1.284239	0.0007443
1.285025	-0.0006515
1.285812	0.0003228
1.286600	0.0019983
1.287389	-0.0005466
1.288179	-0.0005351
1.288969	-0.0012995
1.289760	-0.0005446
1.290551	-0.0016576
1.291343	-0.0003110
1.292136	0.0002192
1.292930	0.0010035
1.293724	0.0012828
1.294519	-0.0003986
1.295315	0.0009498
1.296111	-0.0002848
1.296908	0.0006565
1.297706	0.0014988
1.298505	0.0007134
1.299304	-0.0005393
1.300104	-0.0007124
1.300905	-0.0000012
1.301706	0.0007165
1.302508	0.0004716
1.303311	0.0025249
1.304114	0.0002686
1.304918	0.0001173
1.305723	-0.0001813
1.306529	-0.0004645
1.307335	-0.0012170
1.308142	-0.0009030
1.308950	0.0016380
1.309758	0.0009715
1.310567	0.0006968
1.311377	0.0014819
1.312187	-0.0008705
1.312998	0.0001335
1.313810	0.0005612
1.314623	-0.0005928
1.315436	0.0012968
1.316250	-0.0010826
1.317065	-0.0014511
1.317880	-0.0001245
1.318696	0.0004321
1.319513	-0.0003403
1.320331	0.0017465
1.321149	-0.0019063
1.321968	0.0001863
1.322787	-0.0029912
1.323608	-0.0011399
1.324429	0.0006863
1.325250	-0.0001926
1.326073	0.0004205
1.326896	0.0005771
1.327720	0.0002922
1.328544	-0.0019659
1.329370	0.0006968
1.330196	-0.0006382
1.331022	-0.0006890
1.331849	0.0010298
1.332678	0.0002325
1.333506	0.0002823
1.334336	-0.0000780
1.335166	-0.0004933
1.335997	0.0012138
1.336828	0.0003030
1.337660	-0.0008670
1.338493	-0.0007667
1.339327	-0.0001926
1.340161	-0.0001275
1.340996	-0.0003136
1.341832	-0.0005371
1.342669	0.0002911
1.343506	0.0011601
1.344344	-0.0007671
1.345182	-0.0002972
1.346022	0.0006764
1.346862	-0.0015471
1.347702	0.0010953
1.348544	0.0003585
1.349386	-0.0006547
1.350229	-0.0001531
1.351072	-0.0011171
1.351916	-0.0001622
1.352761	-0.0008123
1.353607	0.0002791
1.354453	0.0023985
1.355300	0.0011186
1.356148	0.0007026
1.356996	-0.0006203
1.357845	-0.0002364
1.358695	-0.0013079
1.359546	-0.0005954
1.360397	-0.0010033
1.361249	-0.0000105
1.362101	-0.0003736
1.362955	-0.0004203
1.363809	0.0001150
1.364663	0.0003232
1.365519	-0.0005775
1.366375	-0.0005645
1.367232	0.0006748
1.368089	-0.0017146
1.368948	-0.0008952
1.369806	0.0008297
1.370666	-0.0005072
1.371526	0.0014350
1.372387	-0.0005164
1.373249	0.0009332
1.374112	0.0003677
1.374975	-0.0000796
1.375839	0.0010194
1.376703	-0.0008755
1.377569	-0.0003091
1.378435	-0.0006511
1.379301	-0.0007033
1.380169	0.0001013
1.381037	0.0008748
1.381905	0.0003882
1.382775	-0.0005291
1.383645	-0.0005372
1.384516	0.0012458
1.385388	-0.0004590
1.386260	-0.0004543
1.387133	-0.0006452
1.388006	0.0004237
1.388881	0.0000933
1.389756	-0.0002814
1.390632	0.0007615
1.391508	-0.0001797
1.392385	0.0000142
1.393263	-0.0003645
1.394142	0.0003997
1.395021	0.0005135
1.395901	0.0003701
1.396782	0.0003441
1.397663	-0.0008967
1.398546	-0.0013372
1.399428	0.0002836
1.400312	-0.0000290
1.401196	0.0006928
1.402081	-0.0002400
1.402967	0.0000065
1.403853	-0.0006383
1.404740	-0.0001866
1.405628	-0.0011507
1.406516	0.0003784
1.407405	0.0006853
1.408295	-0.0016216
1.409186	-0.0019533
1.410077	-0.0005405
1.410969	0.0005270
1.411862	-0.0002958
1.412755	0.0003813
1.413649	-0.0002075
1.414544	-0.0011336
1.415439	-0.0003781
1.416335	0.0004237
1.417232	-0.0000864
1.418130	-0.0005975
1.419028	0.0010591
1.419927	-0.0004929
1.420827	0.0001389
1.421727	-0.0003589
1.422628	0.0002973
1.423530	-0.0004089
1.424433	0.0010183
1.425336	-0.0004843
1.426240	-0.0002592
1.427144	0.0005514
1.428050	0.0006264
1.428956	0.0015717
1.429862	-0.0000521
1.430770	-0.0002805
1.431678	0.0002941
1.432587	-0.0000599
1.433496	-0.0006234
1.434406	0.0004955
1.435317	0.0004775
1.436229	0.0004826
1.437141	0.0003078
1.438054	-0.0004103
1.438968	0.0002360
1.439882	0.0000391
1.440798	0.0001006
1.441713	-0.0002656
1.442630	0.0003253
1.443547	0.0008001
1.444465	-0.0014138
1.445384	-0.0003015
1.446303	-0.0000322
1.447223	-0.0002796
1.448144	0.0003130
1.449065	0.0004383
1.449988	0.0000803
1.450910	-0.0002188
1.451834	-0.0011139
1.452758	-0.0016576
1.453683	-0.0006973
1.454609	-0.0004883
1.455535	-0.0006752
1.456462	0.0001177
1.457390	0.0006620
1.458319	0.0007918
1.459248	0.0005761
1.460178	0.0008466
1.461108	-0.0001447
1.462039	0.0005454
1.462971	-0.0002750
1.463904	-0.0001363
1.464838	-0.0003656
1.465772	-0.0000453
1.466706	-0.0004484
1.467642	0.0008980
1.468578	0.0002398
1.469515	-0.0009271
1.470453	0.0002380
1.471391	-0.0000420
1.472330	-0.0005734
1.473270	0.0008491
1.474210	0.0009716
1.475151	-0.0011778
1.476093	0.0007582
1.477036	-0.0008340
1.477979	0.0005641
1.478923	-0.0004655
1.479867	-0.0001000
1.480813	0.0011342
1.481759	-0.0011973
1.482706	0.0017002
1.483653	0.0001995
1.484601	-0.0017354
1.485550	0.0004223
1.486500	-0.0000519
1.487450	0.0016380
1.488401	0.0012331
1.489352	0.0002623
1.490305	-0.0009350
1.491258	0.0005992
1.492212	0.0005685
1.493166	-0.0007320
1.494121	-0.0003809
1.495077	0.0001298
1.496034	0.0000779
1.496991	0.0002691
1.497949	0.0005139
1.498908	-0.0001302
1.499867	0.0007666
1.500827	-0.0002304
1.501788	-0.0002460
1.502749	0.0003308
1.503712	0.0004782
1.504674	-0.0017239
1.505638	-0.0001645
1.506602	0.0001715
1.507567	0.0015807
1.508533	-0.0008070
1.509499	-0.0007580
1.510467	0.0003896
1.511434	-0.0005641
1.512403	0.0002038
1.513372	-0.0002276
1.514342	0.0018217
1.515313	-0.0002955
1.516284	-0.0000288
1.517256	0.0003644
1.518229	-0.0010246
1.519202	0.0001795
1.520176	-0.0000983
1.521151	-0.0000475
1.522127	0.0007768
1.523103	0.0002337
1.524080	0.0009863
1.525058	-0.0002217
1.526036	-0.0003662
1.527015	-0.0002070
1.527995	-0.0006607
1.528975	-0.0007219
1.529956	0.0005600
1.530938	0.0007384
1.531921	-0.0005163
1.532904	-0.0004083
1.533888	0.0012089
1.534873	-0.0006401
1.535858	-0.0002487
1.536844	-0.0004172
1.537831	-0.0013182
1.538818	0.0002087
1.539807	-0.0005785
1.540795	-0.0007334
1.541785	0.0007875
1.542775	-0.0005288
1.543766	0.0008028
1.544758	-0.0001673
1.545750	-0.0009759
1.546744	0.0000732
1.547737	-0.0002797
1.548732	0.0002638
1.549727	0.0006281
1.550723	-0.0001666
1.551720	-0.0008813
1.552717	0.0001701
1.553715	-0.0006181
1.554714	-0.0005991
1.555713	0.0001873
1.556713	0.0004890
1.557714	-0.0006137
1.558716	0.0006311
1.559718	-0.0003491
1.560721	0.0014959
1.561724	-0.0006496
1.562729	0.0010992
1.563734	-0.0010812
1.564739	0.0004167
1.565746	-0.0011075
1.566753	0.0005213
1.567761	-0.0003041
1.568769	-0.0005217
1.569779	0.0000836
1.570789	0.0007281
1.571799	0.0006763
1.572811	-0.0010656
1.573823	0.0004110
1.574835	0.0004800
1.575849	-0.0001313
1.576863	0.0004227
1.577878	-0.0011758
1.578894	-0.0003903
1.579910	-0.0001878
1.580927	-0.0009482
1.581945	0.0005466
1.582963	-0.0010042
1.583982	0.0004199
1.585002	0.0002914
1.586022	-0.0004467
1.587043	0.0002135
1.588065	-0.0001972
1.589088	-0.0005288
1.590111	0.0006410
1.591135	-0.0000880
1.592160	-0.0001944
1.593185	0.0008936
1.594212	0.0009743
1.595238	0.0005672
1.596266	-0.0001867
1.597294	0.0001823
1.598323	0.0009913
1.599353	0.0005360
1.600383	-0.0001902
1.601414	-0.0004363
1.602446	0.0003588
1.603478	-0.0007769
1.604511	0.0008350
1.605545	-0.0008998
1.606580	-0.0010669
1.607615	0.0008653
1.608651	0.0005946
1.609687	-0.0002692
1.610725	0.0001089
1.611763	-0.0004132
1.612802	0.0002945
1.613841	0.0014238
1.614881	0.0007072
1.615922	0.0007691
1.616964	-0.0004069
1.618006	0.0000144
1.619049	0.0003074
1.620093	-0.0004794
1.621137	-0.0005155
1.622182	0.0010194
1.623228	0.0002299
1.624274	-0.0003710
1.625322	-0.0001090
1.626369	0.0004011
1.627418	0.0004769
1.628467	0.0004340
1.629517	0.0000592
1.630568	0.0002187
1.631619	-0.0009763
1.632671	-0.0006420
1.633724	0.0007225
1.634778	-0.0001468
1.635832	-0.0001342
1.636887	-0.0007435
1.637943	-0.0000149
1.638999	-0.0003741
1.640056	-0.0002911
1.641114	0.0008302
1.642172	0.0004967
1.643231	0.0003215
1.644291	-0.0009235
1.645351	0.0010759
1.646413	-0.0000036
1.647475	0.0014978
1.648537	0.0002090
1.649601	-0.0007539
1.650665	0.0001595
1.651729	-0.0006518
1.652795	-0.0010354
1.653861	0.0008100
1.654928	0.0006906
1.655995	0.0008759
1.657064	-0.0006084
1.658133	-0.0004585
1.659202	-0.0004882
1.660273	0.0004805
1.661344	0.0002448
1.662416	-0.0004177
1.663488	0.0014471
1.664561	0.0008153
1.665635	0.0003079
1.666710	0.0000076
1.667785	0.0006151
1.668861	0.0003239
1.669938	0.0006118
1.671015	-0.0004749
1.672093	-0.0007933
1.673172	0.0002079
1.674251	0.0012166
1.675332	0.0006810
1.676412	0.0005422
1.677494	0.0004850
1.678576	0.0010659
1.679659	0.0002282
1.680743	-0.0003940
1.681827	-0.0003087
1.682913	-0.0002275
1.683998	-0.0013341
1.685085	0.0000628
1.686172	-0.0003780
1.687260	0.0001476
1.688349	-0.0010937
1.689438	0.0019616
1.690528	-0.0008138
1.691619	-0.0007325
1.692710	-0.0010943
1.693802	-0.0004301
1.694895	-0.0008411
1.695989	0.0005988
1.697083	-0.0001186
1.698178	-0.0014636
1.699274	-0.0005132
1.700370	0.0007438
1.701467	0.0001833
1.702565	-0.0005821
1.703663	0.0001499
1.704762	0.0001255
1.705862	-0.0004703
1.706963	-0.0001095
1.708064	-0.0004462
1.709166	0.0012196
1.710269	0.0016155
1.711372	-0.0003528
1.712476	-0.0002809
1.713581	-0.0000566
1.714686	-0.0007558
1.715793	-0.0002394
1.716900	0.0005681
1.718007	-0.0002158
1.719115	-0.0000358
1.720224	0.0001276
1.721334	-0.0003003
1.722444	-0.0012555
1.723556	0.0011470
1.724667	-0.0004141
1.725780	0.0010491
1.726893	-0.0010951
1.728007	-0.0009110
1.729122	0.0014481
1.730237	-0.0007482
1.731353	-0.0001616
1.732470	0.0000125
1.733587	0.0008703
1.734705	0.0008199
1.735824	-0.0001703
1.736944	-0.0004187
1.738064	0.0011411
1.739185	0.0006288
1.740306	-0.0004670
1.741429	-0.0008131
1.742552	-0.0005392
1.743676	0.0000305
1.744800	0.0004488
1.745925	-0.0002562
1.747051	0.0000696
1.748178	-0.0002572
1.749305	0.0002077
1.750433	0.0000148
1.751561	0.0001067
1.752691	-0.0005890
1.753821	-0.0002356
1.754952	-0.0010384
1.756083	-0.0008437
1.757215	0.0003658
1.758348	0.0004572
1.759482	-0.0005096
1.760616	0.0007207
1.761751	0.0009047
1.762887	-0.0008000
1.764023	0.0013188
1.765160	0.0005449
1.766298	-0.0008508
1.767436	-0.0002208
1.768576	-0.0006752
1.769716	-0.0002631
1.770856	0.0005519
1.771997	-0.0000637
1.773140	0.0002965
1.774282	0.0000624
1.775426	-0.0002510
1.776570	0.0014430
1.777715	0.0000352
1.778860	0.0006159
1.780006	-0.0008054
1.781153	-0.0006061
1.782301	-0.0000467
1.783449	0.0002765
1.784598	-0.0002260
1.785748	-0.0005040
1.786898	0.0006618
1.788050	-0.0000057
1.789201	0.0000926
1.790354	-0.0004607
1.791507	-0.0000375
1.792661	-0.0011851
1.793816	0.0000044
1.794971	-0.0016408
1.796127	0.0002754
1.797284	0.0002629
1.798441	-0.0006803
1.799600	0.0004326
1.800758	-0.0000632
1.801918	-0.0004851
1.803078	-0.0003497
1.804239	0.0006392
1.805401	0.0001458
1.806563	-0.0009097
1.807726	0.0002468
1.808890	-0.0003687
1.810055	0.0004540
1.811220	-0.0005787
1.812386	-0.0006116
1.813552	-0.0002443
1.814720	-0.0011948
1.815888	0.0002728
1.817056	-0.0004234
1.818226	0.0010503
1.819396	-0.0001345
1.820567	-0.0004311
1.821738	-0.0002721
1.822910	-0.0002075
1.824083	-0.0001792
1.825257	-0.0002758
1.826431	0.0006934
1.827606	-0.0012414
1.828782	0.0005159
1.829958	-0.0000227
1.831136	0.0006843
1.832313	0.0012151
1.833492	-0.0001963
1.834671	0.0005239
1.835851	-0.0000683
1.837032	-0.0010769
1.838213	0.0002413
1.839395	0.0000148
1.840578	0.0005855
1.841761	0.0001895
1.842945	-0.0005843
1.844130	0.0001331
1.845316	0.0015523
1.846502	0.0003822
1.847689	-0.0008514
1.848877	0.0000449
1.850065	0.0003649
1.851254	-0.0000873
1.852444	0.0007218
1.853634	0.0000412
1.854826	-0.0011532
1.856017	-0.0002628
1.857210	0.0007790
1.858403	-0.0002188
1.859597	-0.0009702
1.860792	0.0017018
1.861987	-0.0001890
1.863183	0.0003372
1.864380	-0.0000202
1.865578	-0.0004143
1.866776	-0.0002209
1.867975	0.0002922
1.869174	0.0000037
1.870375	0.0000515
1.871576	0.0009989
1.872778	0.0004587
1.873980	0.0006873
1.875183	-0.0002298
1.876387	-0.0005075
1.877591	-0.0010065
1.878797	-0.0002403
1.880003	0.0005516
1.881209	0.0003521
1.882417	-0.0000108
1.883625	-0.0008913
1.884833	-0.0009410
1.886043	0.0007033
1.887253	0.0004039
1.888464	-0.0006888
1.889675	-0.0006893
1.890888	-0.0003379
1.892100	-0.0002817
1.893314	0.0003654
1.894528	-0.0000299
1.895744	0.0007183
1.896959	0.0000290
1.898176	0.0001038
1.899393	-0.0003558
1.900611	0.0004436
1.901829	-0.0003115
1.903049	0.0007831
1.904269	-0.0008028
1.905489	-0.0002618
1.906711	-0.0011241
1.907933	-0.0001625
1.909156	0.0006841
1.910379	0.0007974
1.911603	-0.0004553
1.912828	0.0002981
1.914054	0.0007949
1.915280	0.0006664
1.916507	0.0005035
1.917735	0.0005004
1.918963	0.0004739
1.920192	-0.0001302
1.921422	0.0007174
1.922653	-0.0001616
1.923884	-0.0006126
1.925116	-0.0008442
1.926348	-0.0000335
1.927582	-0.0003244
1.928816	0.0008148
1.930050	-0.0008018
1.931286	0.0006020
1.932522	0.0007405
1.933759	0.0003394
1.934996	-0.0007085
1.936234	0.0006939
1.937473	-0.0010244
1.938713	0.0001696
1.939953	-0.0002004
1.941194	-0.0003190
1.942436	0.0007609
1.943679	-0.0001354
1.944922	0.0007826
1.946166	0.0006529
1.947410	-0.0004951
1.948656	0.0006385
1.949901	-0.0000534
1.951148	0.0007093
1.952396	-0.0012654
1.953644	0.0002742
1.954892	-0.0000718
1.956142	-0.0001740
1.957392	0.0003230
1.958643	-0.0004436
1.959894	0.0003247
1.961147	-0.0009922
1.962400	-0.0000812
1.963653	0.0006081
1.964908	-0.0000865
1.966163	0.0005659
1.967419	0.0006306
1.968675	0.0002636
1.969932	0.0003282
1.971190	-0.0003195
1.972449	-0.0002905
1.973708	-0.0001027
1.974968	0.0006595
1.976229	-0.0002443
1.977490	0.0009254
1.978752	-0.0005969
1.980015	-0.0001189
1.981279	-0.0007877
1.982543	0.0008294
1.983808	-0.0002297
1.985074	-0.0000331
1.986340	0.0002564
1.987607	0.0002317
1.988875	-0.0002766
1.990143	-0.0010278
1.991412	0.0004330
1.992682	0.0001107
1.993953	-0.0000828
1.995224	0.0003564
1.996496	0.0000862
1.997769	0.0003942
1.999042	0.0008736
2.000316	-0.0002875
2.001591	0.0002168
2.002866	0.0007457
2.004142	-0.0008413
2.005419	0.0001763
2.006697	-0.0005723
2.007975	-0.0012507
2.009254	-0.0001264
2.010534	-0.0010726
2.011814	-0.0008127
2.013095	0.0001511
2.014377	0.0000402
2.015659	-0.0005373
2.016943	-0.0007436
2.018227	-0.0006810
2.019511	-0.0008801
2.020796	0.0004595
2.022082	0.0003961
2.023369	0.0009011
2.024657	-0.0001309
2.025945	-0.0006239
2.027234	-0.0001584
2.028523	0.0005434
2.029813	0.0001933
2.031104	0.0003923
2.032396	0.0002987
2.033688	0.0005413
2.034981	0.0010946
2.036275	0.0011573
2.037569	0.0001420
2.038864	-0.0005302
2.040160	-0.0007011
2.041457	0.0001449
2.042754	0.0010110
2.044052	0.0000216
2.045351	0.0000488
2.046650	0.0001924
2.047950	-0.0000110
2.049251	0.0013639
2.050552	-0.0004392
2.051854	-0.0001669
2.053157	0.0006036
2.054461	0.0000411
2.055765	-0.0002290
2.057070	0.0003973
2.058376	-0.0011044
2.059682	-0.0007740
2.060989	-0.0002779
2.062297	-0.0004560
2.063605	-0.0003645
2.064915	-0.0006279
2.066224	-0.0007397
2.067535	0.0008707
2.068846	-0.0003320
2.070158	0.0010120
2.071471	-0.0005497
2.072784	-0.0003283
2.074098	0.0001028
2.075413	-0.0001731
2.076729	0.0002539
2.078045	-0.0010101
2.079362	0.0003865
2.080680	0.0006441
2.081998	-0.0003378
2.083317	-0.0005680
2.084637	0.0007732
2.085957	-0.0004978
2.087278	-0.0006230
2.088600	0.0008427
2.089922	-0.0003575
2.091246	0.0000524
2.092570	-0.0010228
2.093894	-0.0004208
2.095220	0.0008260
2.096546	0.0000473
2.097872	-0.0008099
2.099200	-0.0009494
2.100528	-0.0007079
2.101857	0.0004645
2.103186	0.0003970
2.104517	-0.0002151
2.105848	-0.0006544
2.107179	-0.0003622
2.108512	0.0003392
2.109845	-0.0010397
2.111178	-0.0003506
2.112513	-0.0005251
2.113848	0.0003071
2.115184	-0.0006024
2.116520	-0.0002203
2.117858	0.0000309
2.119196	0.0002613
2.120534	-0.0009261
2.121874	0.0002789
2.123214	-0.0011911
2.124555	0.0013282
2.125896	0.0005372
2.127238	-0.0002310
2.128581	-0.0000923
2.129925	0.0000291
2.131269	0.0007737
2.132614	0.0002050
2.133960	0.0002953
2.135306	0.0005963
2.136653	0.0000985
2.138001	-0.0002029
2.139350	-0.0000304
2.140699	-0.0009425
2.142049	-0.0004702
2.143399	-0.0007302
2.144751	-0.0003802
2.146103	-0.0004291
2.147455	-0.0014927
2.148809	-0.0008600
2.150163	0.0005953
2.151518	-0.0000317
2.152873	-0.0003877
2.154230	-0.0002846
2.155587	-0.0001384
2.156944	-0.0001386
2.158303	-0.0004220
2.159662	-0.0016338
2.161021	-0.0001153
2.162382	0.0007939
2.163743	-0.0010470
2.165105	0.0004206
2.166467	-0.0002686
2.167831	0.0010152
2.169195	-0.0002014
2.170559	-0.0006200
2.171925	0.0013189
2.173291	0.0003520
2.174658	0.0006389
2.176025	-0.0003636
2.177393	0.0000887
2.178762	0.0011870
2.180132	-0.0010133
2.181502	0.0002944
2.182873	0.0001629
2.184245	0.0008420
2.185617	0.0002022
2.186990	0.0004486
2.188364	-0.0002713
2.189738	0.0008857
2.191114	-0.0003219
2.192490	-0.0006685
2.193866	-0.0002817
2.195244	0.0016265
2.196622	-0.0005869
2.198000	0.0008527
2.199380	-0.0002173
2.200760	0.0001676
2.202141	-0.0002624
2.203522	-0.0005638
2.204904	0.0007506
2.206287	-0.0000844
2.207671	0.0007407
2.209055	-0.0001525
2.210440	-0.0001919
2.211826	-0.0000900
2.213213	-0.0015008
2.214600	0.0002562
2.215988	-0.0001568
2.217376	-0.0001912
2.218765	0.0006040
2.220155	0.0002052
2.221546	-0.0002794
2.222937	0.0009836
2.224329	-0.0013372
2.225722	-0.0010068
2.227116	-0.0002825
2.228510	-0.0000558
2.229905	0.0000880
2.231300	0.0003937
2.232696	0.0003726
2.234093	-0.0002029
2.235491	0.0003581
2.236890	0.0002292
2.238289	0.0000939
2.239688	-0.0011390
2.241089	0.0000137
2.242490	-0.0000571
2.243892	0.0000388
2.245295	0.0005995
2.246698	-0.0007780
2.248102	-0.0009629
2.249507	-0.0008361
2.250912	0.0002259
2.252318	0.0007456
2.253725	-0.0004314
2.255132	-0.0007957
2.256541	0.0004387
2.257950	0.0002457
2.259359	-0.0009869
2.260770	0.0001725
2.262181	0.0001464
2.263592	0.0002984
2.265005	0.0002003
2.266418	0.0002261
2.267832	-0.0003809
2.269246	0.0002400
2.270661	0.0001609
2.272077	0.0003290
2.273494	-0.0000498
2.274911	0.0003060
2.276329	0.0003510
2.277748	0.0001498
2.279168	0.0007893
2.280588	-0.0003666
2.282009	-0.0004596
2.283430	-0.0001327
2.284853	-0.0006355
2.286275	-0.0007721
2.287699	-0.0007934
2.289124	0.0013194
2.290549	-0.0010250
2.291974	0.0010470
2.293401	-0.0005249
2.294828	-0.0003039
2.296256	-0.0000658
2.297685	0.0005773
2.299114	0.0002168
2.300544	-0.0003557
2.301975	-0.0009155
2.303406	-0.0003132
2.304838	-0.0009560
2.306271	-0.0004704
2.307704	-0.0000705
2.309139	0.0005867
2.310573	-0.0006651
2.312009	0.0005031
2.313445	-0.0001345
2.314882	-0.0006180
2.316320	-0.0008964
2.317759	0.0003140
2.319198	-0.0006207
2.320637	-0.0004367
2.322078	0.0004567
2.323519	-0.0000087
2.324961	0.0013214
2.326404	0.0000582
2.327847	0.0005783
2.329291	0.0004155
2.330736	-0.0000319
2.332181	0.0001873
2.333628	0.0000337
2.335074	0.0001079
2.336522	-0.0004782
2.337970	0.0003563
2.339419	-0.0002126
2.340869	-0.0004182
2.342319	-0.0013856
2.343770	0.0001243
2.345222	0.0001707
2.346674	0.0002625
2.348128	0.0005124
2.349582	-0.0001723
2.351036	0.0002023
2.352491	0.0001835
2.353947	0.0004167
2.355404	0.0001803
2.356861	-0.0001919
2.358319	0.0007457
2.359778	0.0012067
2.361238	-0.0004046
2.362698	0.0001140
2.364159	-0.0006324
2.365620	0.0005412
2.367083	-0.0002193
2.368546	-0.0007122
2.370009	0.0002390
2.371474	-0.0004382
2.372939	-0.0004613
2.374405	0.0002886
2.375871	0.0001585
2.377339	-0.0012227
2.378806	-0.0006697
2.380275	0.0000007
2.381744	-0.0000035
2.383214	0.0001233
2.384685	0.0000580
2.386157	-0.0003556
2.387629	0.0003905
2.389102	0.0009698
2.390575	-0.0000589
2.392049	-0.0007858
2.393524	-0.0006666
2.395000	-0.0002047
2.396476	0.0005343
2.397953	0.0004635
2.399431	-0.0002727
2.400910	-0.0012426
2.402389	0.0005840
2.403869	-0.0006588
2.405349	0.0008580
2.406830	0.0006167
2.408312	0.0001842
2.409795	-0.0004906
2.411278	-0.0003254
2.412763	-0.0009238
2.414247	-0.0004936
2.415733	-0.0002064
2.417219	0.0000937
2.418706	0.0000595
2.420193	0.0011150
2.421682	-0.0007979
2.423171	-0.0003525
2.424660	0.0009962
2.426151	-0.0006527
2.427642	-0.0003564
2.429134	0.0015126
2.430626	-0.0004772
2.432119	0.0001980
2.433613	-0.0001522
2.435108	-0.0004509
2.436603	-0.0002273
2.438099	-0.0008048
2.439596	-0.0001322
2.441094	0.0001648
2.442592	-0.0001679
2.444090	-0.0005659
2.445590	-0.0002213
2.447090	-0.0000014
2.448591	0.0006481
2.450093	-0.0001555
2.451595	-0.0001306
2.453098	-0.0000092
2.454602	0.0008459
2.456106	-0.0001006
2.457612	0.0004889
2.459117	0.0015233
2.460624	0.0002194
2.462131	-0.0008196
2.463639	-0.0009635
2.465148	-0.0003643
2.466657	-0.0000660
2.468167	0.0001782
2.469678	-0.0008405
2.471189	-0.0002189
2.472702	0.0003338
2.474215	0.0001506
2.475728	0.0013375
2.477242	-0.0008068
2.478757	-0.0001951
2.480273	0.0007419
2.481789	0.0004028
2.483307	-0.0000783
2.484824	0.0006164
2.486343	0.0000087
2.487862	-0.0010348
2.489382	0.0006106
2.490903	-0.0006042
2.492424	0.0004299
2.493946	-0.0003937
2.495469	0.0003603
2.496992	-0.0000479
2.498516	-0.0004767
2.500041	0.0007859
2.501566	-0.0008064
2.503093	-0.0004975
2.504620	0.0000677
2.506147	-0.0004799
2.507676	0.0009070
2.509205	-0.0003791
2.510734	-0.0003932
2.512265	0.0002682
2.513796	-0.0005347
2.515328	-0.0001542
2.516860	-0.0004737
2.518393	-0.0002881
2.519927	0.0000038
2.521462	-0.0004681
2.522997	-0.0009672
2.524533	0.0001172
2.526070	0.0002465
2.527608	-0.0000877
2.529146	-0.0000480
2.530685	0.0005209
2.532224	-0.0005777
2.533765	-0.0006557
2.535306	0.0010570
2.536847	0.0004933
2.538390	-0.0017138
2.539933	0.0001417
2.541476	0.0006831
2.543021	0.0001610
2.544566	0.0000988
2.546112	0.0003963
2.547659	-0.0003774
2.549206	0.0004654
2.550754	0.0003548
2.552303	-0.0000064
2.553852	0.0005281
2.555402	0.0009765
2.556953	-0.0001865
2.558504	0.0007803
2.560057	-0.0003544
2.561610	0.0000815
2.563163	0.0005284
2.564717	-0.0011901
2.566272	0.0003449
2.567828	-0.0024522
2.569385	-0.0001063
2.570942	-0.0002017
2.572500	-0.0002153
2.574058	0.0016279
2.575617	-0.0004970
2.577177	-0.0008889
2.578738	0.0012192
2.580299	0.0001775
2.581861	0.0008946
2.583424	0.0012507
2.584987	-0.0004187
2.586552	-0.0012952
2.588117	0.0000759
2.589682	0.0000610
2.591248	0.0001295
2.592815	-0.0004864
2.594383	0.0001155
2.595951	-0.0003723
2.597520	-0.0008278
2.599090	0.0002449
2.600661	0.0004749
2.602232	-0.0002949
2.603804	-0.0000523
2.605376	-0.0006222
2.606950	-0.0007424
2.608524	0.0005144
2.610098	0.0003589
2.611674	-0.0000966
2.613250	0.0002051
2.614826	-0.0001850
2.616404	0.0006203
2.617982	0.0005633
2.619561	0.0004140
2.621141	0.0005907
2.622721	0.0007803
2.624302	0.0008203
2.625884	-0.0003732
2.627466	-0.0001071
2.629049	0.0004808
2.630633	-0.0004573
2.632218	-0.0001583
2.633803	0.0001039
2.635389	0.0005687
2.636975	0.0001773
2.638563	-0.0000823
2.640151	0.0006028
2.641739	-0.0001905
2.643329	-0.0005312
2.644919	0.0007281
2.646510	0.0000176
2.648101	0.0005215
2.649694	0.0000031
2.651287	-0.0002727
2.652880	0.0004137
2.654475	0.0003470
2.656070	0.0001493
2.657665	-0.0005013
2.659262	0.0002627
2.660859	-0.0006768
2.662457	0.0003055
2.664056	0.0000659
2.665655	0.0002786
2.667255	0.0002233
2.668855	-0.0001411
2.670457	0.0005949
2.672059	-0.0004968
2.673662	0.0008334
2.675265	0.0001699
2.676869	-0.0006106
2.678474	0.0002643
2.680080	-0.0000654
2.681686	-0.0003110
2.683293	0.0004604
2.684901	0.0001582
2.686509	-0.0006344
2.688118	0.0004639
2.689728	0.0010617
2.691339	-0.0000568
2.692950	-0.0002646
2.694562	-0.0002812
2.696174	0.0003851
2.697788	0.0001686
2.699402	-0.0005827
2.701016	0.0004672
2.702632	0.0001293
2.704248	0.0012063
2.705865	-0.0002038
2.707482	0.0010072
2.709101	-0.0012987
2.710720	-0.0002115
2.712339	-0.0000475
2.713960	-0.0001452
2.715581	0.0003558
2.717202	0.0000182
2.718825	-0.0002723
2.720448	0.0001676
2.722072	0.0011136
2.723696	0.0005190
2.725322	0.0002869
2.726948	0.0002946
2.728574	0.0004462
2.730202	0.0011780
2.731830	0.0000764
2.733458	0.0003715
2.735088	-0.0001697
2.736718	0.0010196
2.738349	0.0006933
2.739981	0.0007815
2.741613	-0.0003863
2.743246	0.0003156
2.744880	0.0005440
2.746514	-0.0001263
2.748149	-0.0005974
2.749785	-0.0007475
2.751421	-0.0015573
2.753058	-0.0003888
2.754696	0.0003703
2.756335	-0.0007720
2.757974	-0.0004231
2.759614	0.0011652
2.761255	-0.0002169
2.762896	-0.0000804
2.764539	0.0004181
2.766181	-0.0004262
2.767825	-0.0004013
2.769469	-0.0004198
2.771114	-0.0002825
2.772760	0.0012243
2.774406	0.0008723
2.776053	-0.0000511
2.777701	0.0015942
2.779349	-0.0005429
2.780998	0.0002133
2.782648	-0.0001172
2.784299	0.0003376
2.785950	0.0006594
2.787602	0.0000209
2.789255	-0.0003383
2.790908	-0.0000442
2.792562	0.0002443
2.794217	-0.0007664
2.795872	0.0002660
2.797528	0.0007018
2.799185	-0.0000863
2.800843	0.0006619
2.802501	-0.0000695
2.804160	-0.0010768
2.805820	-0.0006464
2.807480	0.0007924
2.809141	0.0013114
2.810803	-0.0014192
2.812466	0.0001212
2.814129	-0.0002205
2.815793	-0.0006242
2.817457	0.0001086
2.819122	-0.0000823
2.820788	-0.0000553
2.822455	-0.0004771
2.824123	0.0001841
2.825791	0.0008344
2.827459	0.0003072
2.829129	0.0015184
2.830799	-0.0005672
2.832470	0.0000889
2.834142	0.0006227
2.835814	-0.0011359
2.837487	-0.0006146
2.839161	-0.0000578
2.840835	0.0000728
2.842510	-0.0000168
2.844186	-0.0003258
2.845863	0.0003884
2.847540	-0.0006122
2.849218	-0.0000244
2.850897	0.0002150
2.852576	-0.0000071
2.854256	-0.0011550
2.855937	-0.0004031
2.857618	0.0004160
2.859300	-0.0009737
2.860983	0.0003649
2.862667	-0.0003534
2.864351	-0.0006133
2.866036	0.0007016
2.867722	0.0009494
2.869408	-0.0015139
2.871095	-0.0007376
2.872783	0.0003245
2.874471	0.0009905
2.876160	0.0000111
2.877850	-0.0000576
2.879541	-0.0004070
2.881232	0.0000466
2.882924	0.0007807
2.884617	0.0000258
2.886310	0.0008678
2.888004	0.0002258
2.889699	-0.0003273
2.891395	0.0004402
2.893091	0.0003842
2.894788	0.0003781
2.896485	-0.0003656
2.898184	0.0002264
2.899883	-0.0007640
2.901582	0.0002871
2.903283	0.0018075
2.904984	-0.0000587
2.906686	-0.0003948
2.908388	0.0003458
2.910092	0.0003832
2.911795	0.0002313
2.913500	-0.0010294
2.915205	0.0001581
2.916912	0.0007046
2.918618	-0.0006877
2.920326	0.0001130
2.922034	0.0005755
2.923743	0.0001365
2.925452	0.0007512
2.927162	0.0003892
2.928873	0.0006967
2.930585	-0.0000601
2.932297	-0.0004563
2.934010	-0.0007444
2.935724	0.0001678
2.937439	-0.0006943
2.939154	0.0001622
2.940870	-0.0004209
2.942586	-0.0005990
2.944304	0.0001915
2.946022	-0.0000244
2.947740	0.0007156
2.949460	0.0004038
2.951180	0.0006552
2.952901	-0.0000429
2.954622	-0.0011490
2.956344	0.0008908
2.958067	-0.0005964
2.959791	-0.0000123
2.961515	-0.0004466
2.963240	-0.0006461
2.964966	-0.0004180
2.966692	-0.0003447
2.968419	0.0006049
2.970147	-0.0001567
2.971876	0.0006544
2.973605	-0.0008885
2.975335	-0.0006612
2.977065	0.0001549
2.978797	0.0000054
2.980529	0.0007894
2.982261	-0.0004250
2.983995	-0.0003292
2.985729	0.0000440
2.987464	0.0016205
2.989199	0.0010284
2.990936	-0.0007385
2.992672	0.0004229
2.994410	0.0001340
2.996148	-0.0006490
2.997888	0.0008293
2.999627	-0.0002440
3.001368	-0.0005666
3.003109	0.0009126
3.004851	0.0003880
3.006593	-0.0006425
3.008337	0.0008326
3.010081	0.0011983
3.011825	0.0008570
3.013571	-0.0000160
3.015317	-0.0004052
3.017063	0.0008024
3.018811	-0.0003253
3.020559	0.0013945
3.022308	0.0010199
3.024058	0.0006861
3.025808	0.0000681
3.027559	-0.0002972
3.029310	-0.0004952
3.031063	0.0002347
3.032816	0.0002579
3.034570	0.0010807
3.036324	0.0000689
3.038079	-0.0001380
3.039835	0.0003009
3.041592	0.0000151
3.043349	-0.0000617
3.045107	0.0002920
3.046866	-0.0004362
3.048625	-0.0000388
3.050386	-0.0003342
3.052146	-0.0001298
3.053908	0.0003244
3.055670	-0.0003111
3.057433	-0.0009237
3.059197	0.0003367
3.060961	0.0009790
3.062726	0.0005531
3.064492	-0.0003507
3.066258	0.0002280
3.068025	-0.0009441
3.069793	0.0001196
3.071562	0.0002295
3.073331	-0.0004090
3.075101	-0.0005588
3.076872	0.0000978
3.078643	-0.0004480
3.080415	-0.0001763
3.082188	0.0004585
3.083961	0.0004545
3.085735	0.0003931
3.087510	0.0001770
3.089286	-0.0000280
3.091062	0.0005384
3.092839	-0.0003395
3.094617	0.0004496
3.096395	0.0006355
3.098174	0.0009143
3.099954	-0.0007807
3.101735	-0.0002103
3.103516	-0.0006438
3.105298	-0.0008673
3.107080	-0.0006180
3.108864	0.0007343
3.110648	0.0008364
3.112432	0.0002210
3.114218	0.0002036
3.116004	0.0004872
3.117791	0.0000841
3.119578	0.0004026
3.121366	-0.0008409
3.123155	0.0007770
3.124945	-0.0005886
3.126735	-0.0006521
3.128526	0.0001559
3.130318	-0.0000803
3.132110	-0.0000678
3.133904	0.0007786
3.135697	0.0003904
3.137492	0.0004364
3.139287	-0.0006713
3.141083	-0.0011963
3.142880	-0.0003610
3.144677	0.0004654
3.146475	0.0002850
3.148274	0.0005701
3.150073	-0.0009850
3.151874	0.0003387
3.153674	-0.0008245
3.155476	-0.0000401
3.157278	0.0000485
3.159081	-0.0000808
3.160885	0.0005211
3.162689	-0.0004692
3.164494	0.0009074
3.166300	0.0003301
3.168107	0.0002283
3.169914	-0.0005508
3.171722	-0.0011277
3.173530	0.0000950
3.175340	0.0003361
3.177149	0.0002603
3.178960	0.0015291
3.180772	0.0005310
3.182584	-0.0010893
3.184396	-0.0000527
3.186210	0.0006506
3.188024	-0.0010505
3.189839	0.0004589
3.191655	-0.0007496
3.193471	0.0005719
3.195288	-0.0006558
3.197106	-0.0013619
3.198924	-0.0001419
3.200743	-0.0010384
3.202563	0.0004800
3.204384	0.0010933
3.206205	0.0003712
3.208027	0.0004119
3.209849	0.0003431
3.211673	0.0010142
3.213497	-0.0000479
3.215322	-0.0006604
3.217147	0.0002495
3.218973	-0.0004199
3.220800	0.0006322
3.222628	-0.0003245
3.224456	-0.0011497
3.226285	-0.0005451
3.228114	0.0005081
3.229945	-0.0008419
3.231776	-0.0015676
3.233608	0.0011955
3.235440	0.0000041
3.237273	0.0003882
3.239107	-0.0008037
3.240942	0.0003953
3.242777	0.0000487
3.244613	0.0004505
3.246450	-0.0004590
3.248287	0.0004625
3.250125	0.0000370
3.251964	-0.0000190
3.253803	0.0004014
3.255644	-0.0007796
3.257484	-0.0004972
3.259326	0.0013624
3.261168	-0.0000447
3.263011	0.0009074
3.264855	0.0004485
3.266700	-0.0008388
3.268545	-0.0003047
3.270390	-0.0000265
3.272237	-0.0002463
3.274084	-0.0010264
3.275932	-0.0010433
3.277781	0.0005809
3.279630	0.0007729
3.281480	-0.0007614
3.283331	0.0020821
3.285182	0.0001485
3.287034	-0.0001464
3.288887	-0.0008966
3.290741	-0.0001819
3.292595	0.0000142
3.294450	0.0000075
3.296306	-0.0001924
3.298162	-0.0000936
3.300019	0.0004895
3.301877	-0.0001602
3.303735	0.0015342
3.305594	0.0001216
3.307454	-0.0005135
3.309315	0.0004096
3.311176	-0.0000171
3.313038	0.0005979
3.314901	-0.0007421
3.316764	0.0003026
3.318628	0.0004993
3.320493	-0.0002247
3.322358	0.0013676
3.324225	-0.0000089
3.326091	0.0009809
3.327959	-0.0001147
3.329827	-0.0010215
3.331696	0.0008306
3.333566	0.0000275
3.335436	0.0002683
3.337308	0.0003764
3.339179	0.0002107
3.341052	0.0001384
3.342925	0.0000954
3.344799	0.0007654
3.346674	-0.0002178
3.348549	0.0000359
3.350425	0.0001050
3.352302	0.0005144
3.354179	-0.0001266
3.356057	-0.0008935
3.357936	-0.0001690
3.359816	0.0008373
3.361696	0.0009023
3.363577	0.0006456
3.365458	0.0007040
3.367341	-0.0001586
3.369224	0.0004155
3.371107	-0.0002282
3.372992	-0.0000745
3.374877	0.0005611
3.376763	0.0005572
3.378649	-0.0006054
3.380537	0.0006553
3.382425	-0.0009653
3.384313	0.0000557
3.386203	-0.0001140
3.388093	0.0005072
3.389983	0.0000222
3.391875	-0.0012725
3.393767	0.0003142
3.395660	0.0003022
3.397554	-0.0002715
3.399448	-0.0003267
3.401343	-0.0003731
3.403239	0.0005726
3.405135	-0.0002666
3.407032	-0.0000365
3.408930	-0.0004912
3.410828	0.0001390
3.412727	0.0006030
3.414627	0.0002114
3.416528	0.0003497
3.418429	0.0003597
3.420331	0.0008370
3.422234	-0.0003615
3.424137	0.0000761
3.426042	0.0000511
3.427946	-0.0001371
3.429852	-0.0002880
3.431758	-0.0004621
3.433665	0.0005826
3.435573	-0.0003424
3.437481	0.0002406
3.439390	0.0003335
3.441300	-0.0002215
3.443210	0.0011457
3.445121	0.0002667
3.447033	-0.0006573
3.448946	-0.0001450
3.450859	-0.0006625
3.452773	-0.0006970
3.454687	0.0013509
3.456603	-0.0001365
3.458519	0.0000761
3.460436	0.0000631
3.462353	-0.0003114
3.464271	-0.0005515
3.466190	-0.0008340
3.468110	-0.0004133
3.470030	0.0001184
3.471951	-0.0005778
3.473873	0.0003024
3.475795	0.0003367
3.477718	0.0001414
3.479642	0.0002903
3.481566	0.0002675
3.483492	0.0013191
3.485417	-0.0007839
3.487344	0.0003049
3.489271	0.0006126
3.491199	-0.0008868
3.493128	0.0005357
3.495057	-0.0008849
3.496987	-0.0000646
3.498918	0.0007247
3.500850	0.0000352
3.502782	-0.0001569
3.504715	0.0001066
3.506649	-0.0008109
3.508583	-0.0002009
3.510518	0.0005696
3.512454	0.0003767
3.514390	-0.0009581
3.516327	0.0021976
3.518265	-0.0001103
3.520203	0.0000872
3.522143	0.0003927
3.524083	0.0001264
3.526023	0.0000709
3.527965	-0.0008754
3.529907	0.0000120
3.531849	-0.0004084
3.533793	-0.0005698
3.535737	0.0005200
3.537682	0.0007061
3.539627	0.0007165
3.541574	0.0010993
3.543521	0.0005902
3.545468	-0.0001530
3.547417	-0.0001632
3.549366	0.0003108
3.551316	-0.0007052
3.553266	0.0000620
3.555217	-0.0002119
3.557169	-0.0002043
3.559122	-0.0002069
3.561075	-0.0000858
3.563029	0.0001541
3.564984	-0.0006013
3.566939	0.0000618
3.568895	-0.0009407
3.570852	-0.0002317
3.572809	-0.0005482
3.574768	-0.0006779
3.576726	-0.0013895
3.578686	-0.0009748
3.580646	0.0007440
3.582607	-0.0000701
3.584569	0.0004044
3.586531	0.0003735
3.588495	0.0009609
3.590458	-0.0003602
3.592423	0.0003186
3.594388	0.0004644
3.596354	-0.0008886
3.598321	-0.0005945
3.600288	0.0000501
3.602256	0.0000319
3.604225	0.0003870
3.606194	-0.0004720
3.608164	-0.0006409
3.610135	-0.0006298
3.612107	0.0000865
3.614079	-0.0008242
3.616052	0.0009040
3.618026	-0.0002643
3.620000	-0.0008321
3.621975	0.0001936
3.623951	0.0000488
3.625927	0.0004514
3.627904	0.0000290
3.629882	0.0010844
3.631861	0.0008637
3.633840	0.0000113
3.635820	0.0010761
3.637801	-0.0002751
3.639782	-0.0001222
3.641764	0.0003686
3.643747	-0.0009484
3.645730	-0.0000682
3.647715	-0.0004742
3.649700	0.0000741
3.651685	-0.0003862
3.653671	0.0003048
3.655658	-0.0006445
3.657646	-0.0000103
3.659634	-0.0004155
3.661624	0.0004259
3.663613	0.0000892
3.665604	0.0014368
3.667595	0.0002511
3.669587	-0.0004789
3.671580	-0.0000031
3.673573	-0.0000479
3.675567	-0.0000528
3.677562	0.0008648
3.679557	-0.0000029
3.681553	0.0002554
3.683550	-0.0003036
3.685548	0.0006353
3.687546	0.0011975
3.689545	-0.0004683
3.691544	0.0004061
3.693545	0.0003821
3.695546	0.0006947
3.697548	-0.0009373
3.699550	0.0005912
3.701553	-0.0002828
3.703557	-0.0000011
3.705562	-0.0001473
3.707567	0.0007112
3.709573	-0.0006733
3.711579	-0.0004785
3.713587	0.0006655
3.715595	-0.0002327
3.717604	-0.0002681
3.719613	-0.0002111
3.721623	0.0006600
3.723634	-0.0003765
3.725646	0.0014466
3.727658	0.0011646
3.729671	-0.0010477
3.731685	-0.0000992
3.733699	0.0006768
3.735714	0.0001993
3.737730	0.0005683
3.739746	-0.0002869
3.741764	0.0014400
3.743782	0.0008110
3.745800	0.0007254
3.747819	-0.0000490
3.749839	-0.0006916
3.751860	0.0003657
3.753882	0.0001806
3.755904	-0.0006370
3.757927	0.0003061
3.759950	-0.0001537
3.761974	0.0002120
3.763999	0.0005635
3.766025	0.0008266
3.768051	0.0011983
3.770078	-0.0001771
3.772106	-0.0002993
3.774134	-0.0004607
3.776164	-0.0000431
3.778193	0.0007076
3.780224	0.0003401
3.782255	-0.0001623
3.784287	-0.0002224
3.786320	-0.0007180
3.788353	0.0002965
3.790387	0.0010312
3.792422	0.0012673
3.794457	-0.0000544
3.796494	-0.0006611
3.798530	0.0000630
3.800568	0.0003098
3.802606	-0.0010062
3.804645	-0.0003138
3.806685	-0.0002677
3.808725	0.0002385
3.810766	0.0006298
3.812808	-0.0003360
3.814851	0.0001209
3.816894	-0.0002217
3.818938	-0.0008897
3.820982	0.0001274
3.823028	-0.0004285
3.825074	0.0002034
3.827120	-0.0006294
3.829168	0.0004456
3.831216	-0.0002567
3.833265	-0.0001889
3.835314	-0.0005307
3.837364	0.0004620
3.839415	-0.0003483
3.841467	0.0001448
3.843519	0.0002671
3.845572	0.0003378
3.847626	-0.0000420
3.849680	-0.0000193
3.851736	0.0007792
3.853791	0.0007049
3.855848	0.0004538
3.857905	0.0011199
3.859963	0.0006745
3.862022	-0.0004577
3.864081	0.0017127
3.866141	-0.0001631
3.868202	0.0004196
3.870263	-0.0000191
3.872325	-0.0000519
3.874388	0.0005109
3.876452	-0.0003290
3.878516	-0.0002764
3.880581	0.0004005
3.882647	-0.0001097
3.884713	0.0001970
3.886780	-0.0003435
3.888848	0.0003551
3.890916	-0.0000770
3.892986	0.0002830
3.895055	0.0001232
3.897126	-0.0000022
3.899197	0.0003736
3.901269	0.0004706
3.903342	0.0001935
3.905415	-0.0010881
3.907489	0.0010636
3.909564	0.0005250
3.911640	-0.0002633
3.913716	-0.0000456
3.915793	0.0008350
3.917870	0.0007469
3.919949	0.0002474
3.922028	-0.0003130
3.924108	-0.0000197
3.926188	0.0006693
3.928269	-0.0000834
3.930351	-0.0000653
3.932433	-0.0000407
3.934517	0.0010614
3.936601	-0.0004856
3.938685	0.0004999
3.940771	0.0001429
3.942857	0.0006629
3.944943	0.0004453
3.947031	-0.0008722
3.949119	-0.0000648
3.951208	-0.0005099
3.953297	0.0001024
3.955388	-0.0004992
3.957478	0.0014530
3.959570	0.0008008
3.961662	-0.0015466
3.963756	0.0007310
3.965849	-0.0001890
3.967944	0.0000038
3.970039	0.0000107
3.972135	-0.0003971
3.974231	-0.0005411
3.976329	0.0004005
3.978427	-0.0004589
3.980525	0.0002979
3.982625	0.0004535
3.984725	-0.0003182
3.986826	-0.0012329
3.988927	0.0004058
3.991029	0.0004917
3.993132	-0.0002836
3.995236	-0.0000513
3.997340	-0.0005241
3.999445	-0.0005400
4.001551	0.0003083
4.003657	-0.0001867
4.005764	0.0011050
4.007872	-0.0005070
4.009981	-0.0015105
4.012090	0.0003251
4.014200	-0.0002858
4.016310	0.0011088
4.018422	-0.0005820
4.020534	-0.0002502
4.022646	-0.0005715
4.024760	0.0005746
4.026874	0.0003340
4.028989	-0.0002359
4.031104	-0.0001322
4.033220	0.0004292
4.035337	0.0005322
4.037455	-0.0003968
4.039573	0.0001878
4.041692	-0.0000797
4.043812	-0.0006501
4.045933	-0.0001725
4.048054	0.0000569
4.050176	0.0000256
4.052298	0.0000501
4.054422	0.0002709
4.056545	0.0003693
4.058670	-0.0003064
4.060796	-0.0004550
4.062922	0.0005320
4.065048	0.0006343
4.067176	0.0000463
4.069304	0.0004721
4.071433	0.0005668
4.073562	0.0006717
4.075693	-0.0003339
4.077824	0.0002925
4.079955	0.0002194
4.082088	-0.0007282
4.084221	0.0000839
4.086355	-0.0001551
4.088489	0.0000526
4.090624	0.0003679
4.092760	-0.0007367
4.094897	-0.0012352
4.097034	0.0002636
4.099172	0.0007259
4.101311	-0.0005743
4.103450	-0.0001454
4.105590	0.0002679
4.107731	-0.0002466
4.109873	0.0007018
4.112015	0.0009750
4.114158	-0.0007214
4.116302	0.0007786
4.118446	0.0002018
4.120591	-0.0005144
4.122737	0.0003881
4.124883	0.0009895
4.127030	-0.0000431
4.129178	0.0007802
4.131327	0.0008465
4.133476	0.0001418
4.135626	0.0005830
4.137777	-0.0009625
4.139928	0.0003799
4.142080	-0.0010041
4.144233	0.0001706
4.146386	0.0005328
4.148540	-0.0000459
4.150695	-0.0008991
4.152851	0.0002283
4.155007	-0.0000378
4.157164	-0.0003759
4.159322	0.0004197
4.161480	-0.0007265
4.163639	0.0006925
4.165799	0.0000988
4.167960	-0.0000703
4.170121	-0.0010107
4.172283	0.0001124
4.174445	-0.0000403
4.176608	0.0003541
4.178772	-0.0003748
4.180937	-0.0002428
4.183103	0.0007153
4.185269	0.0009225
4.187436	-0.0005138
4.189603	-0.0000736
4.191771	0.0005860
4.193940	0.0006054
4.196110	-0.0005561
4.198280	-0.0009313
4.200451	-0.0008792
4.202623	0.0012434
4.204795	-0.0001771
4.206968	0.0005847
4.209142	-0.0002963
4.211317	-0.0003222
4.213492	0.0008123
4.215668	0.0010287
4.217845	-0.0010677
4.220022	-0.0004197
4.222200	0.0003445
4.224379	0.0005298
4.226558	0.0005139
4.228738	-0.0006169
4.230919	-0.0001544
4.233101	-0.0002272
4.235283	-0.0002499
4.237466	-0.0002144
4.239650	0.0000138
4.241834	0.0003716
4.244019	0.0014708
4.246205	0.0008843
4.248391	-0.0007022
4.250579	0.0001403
4.252766	-0.0009919
4.254955	-0.0000991
4.257144	-0.0011508
4.259334	-0.0004376
4.261525	-0.0009409
4.263716	-0.0004299
4.265908	0.0000690
4.268101	-0.0005273
4.270295	-0.0004899
4.272489	-0.0002132
4.274684	0.0001174
4.276880	0.0005362
4.279076	0.0006697
4.281273	0.0001140
4.283471	-0.0008662
4.285669	-0.0005111
4.287868	0.0003721
4.290068	-0.0005593
4.292268	0.0010772
4.294470	0.0004057
4.296672	-0.0000803
4.298874	0.0002034
4.301078	-0.0005452
4.303282	0.0002722
4.305486	-0.0005821
4.307692	0.0010863
4.309898	0.0002128
4.312105	0.0001469
4.314312	0.0004950
4.316521	0.0001676
4.318730	-0.0004261
4.320939	-0.0001871
4.323150	-0.0005308
4.325361	0.0002856
4.327572	-0.0000026
4.329785	0.0010731
4.331998	-0.0002573
4.334212	0.0005879
4.336426	-0.0002857
4.338642	0.0003508
4.340858	0.0006127
4.343074	-0.0008339
4.345292	0.0005669
4.347510	-0.0002081
4.349729	0.0006748
4.351948	-0.0004695
4.354168	0.0000819
4.356389	-0.0000029
4.358611	-0.0011155
4.360833	-0.0001794
4.363056	-0.0002410
4.365280	0.0009030
4.367504	-0.0000138
4.369729	0.0004085
4.371955	0.0012303
4.374182	-0.0001185
4.376409	-0.0000016
4.378637	0.0000500
4.380865	-0.0005362
4.383095	0.0008370
4.385325	0.0009407
4.387556	0.0008381
4.389787	-0.0000068
4.392019	0.0008104
4.394252	-0.0004200
4.396485	0.0003347
4.398720	-0.0005996
4.400955	-0.0007127
4.403190	-0.0009706
4.405427	-0.0009320
4.407664	-0.0014992
4.409901	0.0000564
4.412140	-0.0005237
4.414379	-0.0007017
4.416619	-0.0000247
4.418859	0.0005952
4.421101	0.0000912
4.423343	-0.0007697
4.425585	-0.0003183
4.427829	-0.0005920
4.430073	0.0002494
4.432318	-0.0001666
4.434563	-0.0001983
4.436809	-0.0006617
4.439056	-0.0003441
4.441304	-0.0000383
4.443552	-0.0001791
4.445801	0.0005813
4.448051	0.0000889
4.450301	-0.0001380
4.452552	-0.0003648
4.454804	0.0003339
4.457056	0.0011380
4.459310	-0.0001354
4.461564	-0.0008986
4.463818	0.0001012
4.466074	0.0006873
4.468330	-0.0012555
4.470586	0.0005229
4.472844	-0.0011469
4.475102	-0.0006340
4.477361	-0.0004950
4.479620	0.0010844
4.481880	-0.0000035
4.484141	-0.0007775
4.486403	0.0006251
4.488665	-0.0005498
4.490928	0.0000835
4.493192	-0.0003160
4.495457	-0.0006364
4.497722	0.0002513
4.499987	-0.0008458
4.502254	0.0000694
4.504521	-0.0009864
4.506789	0.0001981
4.509058	0.0007046
4.511327	0.0000817
4.513597	0.0001618
4.515868	-0.0001623
4.518140	-0.0005093
4.520412	-0.0004351
4.522685	0.0003377
4.524958	-0.0006215
4.527232	0.0010296
4.529507	-0.0003224
4.531783	-0.0005126
4.534060	-0.0003952
4.536337	-0.0002200
4.538614	0.0006498
4.540893	0.0002620
4.543172	-0.0000978
4.545452	-0.0006910
4.547733	0.0001745
4.550014	-0.0002394
4.552296	0.0004835
4.554579	0.0003806
4.556862	0.0000146
4.559146	0.0004081
4.561431	0.0000435
4.563716	-0.0002038
4.566003	-0.0001692
4.568290	-0.0012427
4.570577	0.0004197
4.572866	0.0003191
4.575155	-0.0004617
4.577444	0.0000300
4.579735	-0.0004667
4.582026	-0.0011171
4.584318	0.0001931
4.586610	0.0003082
4.588903	0.0001683
4.591197	0.0006658
4.593492	-0.0007352
4.595787	-0.0004670
4.598083	-0.0009357
4.600380	0.0002428
4.602678	0.0004247
4.604976	-0.0005391
4.607275	0.0010713
4.609574	-0.0006296
4.611875	0.0005358
4.614176	0.0006548
4.616477	0.0002167
4.618780	-0.0003860
4.621083	-0.0004925
4.623386	0.0004564
4.625691	0.0004729
4.627996	-0.0002952
4.630302	-0.0002251
4.632609	0.0004875
4.634916	0.0006093
4.637224	-0.0008237
4.639533	-0.0000743
4.641842	-0.0001447
4.644152	0.0000581
4.646463	0.0002626
4.648774	0.0001680
4.651087	0.0001474
4.653399	-0.0006551
4.655713	-0.0001029
4.658027	-0.0001732
4.660342	-0.0003232
4.662658	0.0006033
4.664975	0.0003357
4.667292	-0.0004212
4.669609	-0.0005748
4.671928	-0.0006361
4.674247	-0.0008818
4.676567	0.0004547
4.678888	-0.0001046
4.681209	-0.0004321
4.683531	-0.0007463
4.685854	-0.0003308
4.688177	-0.0004122
4.690502	0.0002661
4.692826	-0.0001032
4.695152	-0.0003667
4.697478	-0.0001512
4.699805	0.0002994
4.702133	-0.0000162
4.704461	-0.0002547
4.706790	-0.0002247
4.709120	0.0001082
4.711450	-0.0003747
4.713782	-0.0002289
4.716114	0.0009848
4.718446	-0.0001564
4.720779	-0.0002943
4.723113	0.0002181
4.725448	0.0001744
4.727783	0.0012335
4.730120	0.0005452
4.732456	-0.0002031
4.734794	-0.0010750
4.737132	0.0001549
4.739471	-0.0003441
4.741810	-0.0000000
4.744151	-0.0012413
4.746492	0.0006673
4.748833	-0.0000534
4.751176	-0.0013684
4.753519	0.0003702
4.755863	-0.0001133
4.758207	-0.0003365
4.760553	0.0000058
4.762898	0.0005215
4.765245	0.0011702
4.767592	-0.0001244
4.769940	-0.0001711
4.772289	0.0006687
4.774639	-0.0002635
4.776989	0.0000418
4.779340	-0.0001964
4.781691	-0.0005662
4.784043	-0.0007606
4.786396	0.0002817
4.788750	-0.0004090
4.791104	-0.0004960
4.793459	0.0010097
4.795815	0.0016002
4.798172	-0.0002270
4.800529	0.0002914
4.802887	0.0004126
4.805245	-0.0001189
4.807604	0.0000928
4.809964	-0.0008268
4.812325	-0.0007293
4.814686	0.0002633
4.817049	-0.0006014
4.819411	-0.0000140
4.821775	0.0011264
4.824139	0.0006388
4.826504	-0.0004587
4.828869	0.0004355
4.831236	-0.0005835
4.833603	0.0000767
4.835970	0.0008005
4.838339	-0.0002603
4.840708	-0.0007971
4.843078	-0.0003957
4.845448	0.0000957
4.847819	0.0010364
4.850191	-0.0000607
4.852564	0.0006692
4.854937	-0.0004402
4.857311	-0.0007475
4.859686	-0.0005125
4.862062	-0.0001450
4.864438	0.0009661
4.866814	0.0003804
4.869192	0.0002002
4.871570	-0.0001952
4.873949	-0.0001209
4.876329	0.0002968
4.878709	0.0003334
4.881090	-0.0004828
4.883472	-0.0008035
4.885854	-0.0006038
4.888238	0.0000347
4.890621	-0.0005260
4.893006	0.0003502
4.895391	-0.0009862
4.897777	-0.0000788
4.900164	0.0004763
4.902551	-0.0006764
4.904939	-0.0001614
4.907328	0.0000049
4.909717	0.0005376
4.912108	0.0005842
4.914499	0.0003129
4.916890	-0.0009848
4.919282	-0.0004437
4.921675	0.0004044
4.924069	0.0000498
4.926463	-0.0004836
4.928859	0.0009193
4.931254	-0.0005175
4.933651	-0.0001622
4.936048	0.0002655
4.938446	-0.0004128
4.940845	-0.0009620
4.943244	-0.0001888
4.945644	-0.0003643
4.948045	-0.0000804
4.950446	-0.0001178
4.952848	-0.0007532
4.955251	-0.0009601
4.957654	0.0009873
4.960059	-0.0006572
4.962464	-0.0003639
4.964869	-0.0005821
4.967276	0.0001300
4.969683	0.0004715
4.972090	-0.0003122
4.974499	-0.0000006
4.976908	0.0010170
4.979318	-0.0008482
4.981728	0.0005852
4.984139	0.0000762
4.986551	-0.0001814
4.988964	-0.0000510
4.991377	-0.0001185
4.993791	0.0008510
4.996206	-0.0009468
4.998622	-0.0001784
5.001038	0.0009374
5.003455	0.0007712
5.005872	-0.0011357
5.008291	0.0000318
5.010710	0.0005580
5.013129	-0.0003202
5.015550	0.0009578
5.017971	0.0008116
5.020392	0.0002554
5.022815	0.0005541
5.025238	-0.0002910
5.027662	0.0000213
5.030087	0.0002861
5.032512	-0.0006341
5.034938	0.0003051
5.037365	0.0005795
5.039792	-0.0004306
5.042220	0.0004022
5.044649	-0.0001409
5.047078	0.0009008
5.049509	-0.0002941
5.051940	0.0016398
5.054371	0.0008480
5.056803	0.0006767
5.059236	0.0012133
5.061670	-0.0002288
5.064105	0.0002802
5.066540	-0.0002963
5.068976	-0.0003266
5.071412	0.0007158
5.073849	-0.0009782
5.076287	-0.0003468
5.078726	-0.0003466
5.081165	0.0008194
5.083605	0.0007988
5.086046	-0.0001967
5.088488	-0.0003408
5.090930	0.0001095
5.093373	-0.0001571
5.095816	0.0005599
5.098260	-0.0020819
5.100705	0.0006225
5.103151	0.0005531
5.105597	0.0005294
5.108044	-0.0005096
5.110492	-0.0004316
5.112941	0.0006678
5.115390	0.0009095
5.117840	-0.0004762
5.120290	-0.0006910
5.122742	0.0002057
5.125194	-0.0002385
5.127646	0.0005675
5.130100	-0.0014591
5.132554	0.0007209
5.135008	0.0009529
5.137464	-0.0006183
5.139920	-0.0000849
5.142377	-0.0004881
5.144835	-0.0000244
5.147293	-0.0000333
5.149752	-0.0002230
5.152212	0.0012703
5.154672	0.0002414
5.157133	-0.0001386
5.159595	0.0009710
5.162058	0.0004566
5.164521	0.0006525
5.166985	-0.0007227
5.169449	0.0000683
5.171915	0.0000253
5.174381	-0.0001798
5.176847	-0.0001164
5.179315	0.0000951
5.181783	0.0000289
5.184252	0.0000665
5.186721	-0.0000047
5.189192	-0.0006212
5.191663	0.0002512
5.194134	0.0002761
5.196607	0.0004015
5.199080	-0.0001083
5.201553	0.0007983
5.204028	-0.0004197
5.206503	0.0006508
5.208979	0.0007588
5.211456	0.0003916
5.213933	0.0002075
5.216411	-0.0008121
5.218889	-0.0004463
5.221369	0.0009557
5.223849	0.0009736
5.226330	0.0000917
5.228811	-0.0013769
5.231293	0.0007318
5.233776	-0.0000695
5.236260	-0.0007043
5.238744	-0.0006084
5.241229	0.0004404
5.243715	0.0000555
5.246201	-0.0004535
5.248688	-0.0001550
5.251176	0.0011081
5.253665	-0.0006378
5.256154	-0.0004555
5.258644	-0.0000819
5.261134	0.0011611
5.263626	0.0000960
5.266118	-0.0003819
5.268610	0.0001887
5.271104	-0.0002753
5.273598	0.0004464
5.276093	-0.0001178
5.278588	0.0006715
5.281085	-0.0008555
5.283582	-0.0005293
5.286079	-0.0009331
5.288578	-0.0003106
5.291077	0.0000990
5.293576	0.0009724
5.296077	0.0000653
5.298578	0.0004734
5.301080	-0.0005312
5.303582	-0.0004589
5.306086	-0.0002499
5.308590	0.0004900
5.311094	-0.0007070
5.313600	-0.0002422
5.316106	0.0004339
5.318612	0.0002666
5.321120	0.0002315
5.323628	0.0002664
5.326137	0.0001358
5.328647	0.0002166
5.331157	-0.0003151
5.333668	0.0009152
5.336180	-0.0011692
5.338692	-0.0009996
5.341205	0.0004354
5.343719	-0.0004819
5.346233	-0.0004030
5.348748	-0.0009475
5.351264	-0.0001219
5.353781	0.0000865
5.356298	0.0008519
5.358816	0.0001601
5.361335	0.0004624
5.363854	-0.0002379
5.366375	0.0016890
5.368895	-0.0006566
5.371417	0.0002487
5.373939	-0.0001185
5.376462	0.0002937
5.378986	-0.0001886
5.381510	-0.0001863
5.384035	0.0005156
5.386561	0.0004325
5.389087	0.0003372
5.391614	-0.0012799
5.394142	-0.0002215
5.396671	0.0000808
5.399200	0.0006209
5.401730	0.0006516
5.404261	-0.0003781
5.406792	0.0010360
5.409324	-0.0000585
5.411857	0.0006981
5.414390	-0.0005759
5.416924	0.0000299
5.419459	-0.0002262
5.421995	-0.0003168
5.424531	-0.0003440
5.427068	-0.0001216
5.429606	-0.0007274
5.432144	-0.0000145
5.434683	-0.0007578
5.437223	-0.0004500
5.439764	-0.0003727
5.442305	0.0003756
5.444847	-0.0001436
5.447389	0.0000881
5.449932	0.0006535
5.452476	-0.0010806
5.455021	0.0003933
5.457567	-0.0002230
5.460113	-0.0004912
5.462660	0.0001358
5.465207	-0.0005617
5.467755	-0.0006492
5.470304	-0.0001777
5.472854	0.0000261
5.475404	-0.0000082
5.477955	0.0003307
5.480507	0.0001400
5.483059	-0.0009799
5.485612	0.0002540
5.488166	-0.0003164
5.490721	0.0003853
5.493276	0.0004219
5.495832	0.0000770
5.498389	0.0002476
5.500946	0.0013790
5.503504	-0.0003429
5.506063	0.0018951
5.508622	-0.0001178
5.511182	0.0001390
5.513743	-0.0003122
5.516305	0.0002536
5.518867	0.0000549
5.521430	0.0005995
5.523994	-0.0004470
5.526558	-0.0000048
5.529123	0.0001382
5.531689	0.0006294
5.534255	0.0005193
5.536822	0.0004724
5.539390	0.0004631
5.541959	0.0003485
5.544528	-0.0009709
5.547098	-0.0003133
5.549669	-0.0001233
5.552240	-0.0004114
5.554812	0.0002808
5.557385	-0.0002127
5.559959	0.0000279
5.562533	-0.0007661
5.565108	0.0008795
5.567683	0.0005536
5.570260	0.0000240
5.572837	-0.0000464
5.575414	0.0003738
5.577993	0.0005906
5.580572	0.0002446
5.583152	0.0004193
5.585732	0.0005664
5.588314	0.0003109
5.590896	0.0007033
5.593478	0.0004819
5.596061	0.0005978
5.598646	-0.0001208
5.601230	-0.0007891
5.603816	0.0000269
5.606402	-0.0001447
5.608989	-0.0009378
5.611576	0.0006455
5.614164	-0.0000051
5.616753	0.0004578
5.619343	0.0002261
5.621933	0.0003255
5.624524	0.0001740
5.627116	0.0006850
5.629709	-0.0001116
5.632302	0.0001583
5.634896	-0.0000205
5.637490	-0.0002118
5.640086	-0.0007790
5.642682	0.0000830
5.645278	0.0007484
5.647876	0.0000149
5.650474	0.0014698
5.653073	-0.0007801
5.655672	0.0000032
5.658272	-0.0011060
5.660873	-0.0000254
5.663475	0.0006278
5.666077	-0.0001430
5.668680	0.0011817
5.671284	0.0015736
5.673888	-0.0000556
5.676493	0.0001019
5.679099	-0.0002927
5.681706	0.0002430
5.684313	-0.0003973
5.686921	-0.0009731
5.689529	0.0007805
5.692139	0.0003052
5.694749	-0.0005692
5.697359	0.0004758
5.699971	0.0000000
5.702583	0.0005766
5.705196	-0.0003821
5.707809	0.0004718
5.710424	-0.0000983
5.713038	0.0016865
5.715654	0.0002126
5.718270	0.0008567
5.720887	-0.0010143
5.723505	0.0011082
5.726124	0.0006045
5.728743	-0.0001556
5.731363	-0.0006195
5.733983	-0.0012915
5.736605	0.0000478
5.739227	-0.0008996
5.741849	-0.0011396
5.744473	0.0006343
5.747097	0.0005442
5.749721	0.0003767
5.752347	-0.0001931
5.754973	0.0012438
5.757600	-0.0000876
5.760228	0.0007442
5.762856	0.0010921
5.765485	-0.0013140
5.768114	0.0004617
5.770745	0.0001295
5.773376	-0.0006066
5.776008	0.0001433
5.778640	0.0007686
5.781273	-0.0001293
5.783907	0.0001114
5.786542	0.0001709
5.789177	-0.0006629
5.791813	0.0005434
5.794450	0.0000867
5.797087	0.0003884
5.799726	-0.0001945
5.802364	-0.0001008
5.805004	-0.0001548
5.807644	-0.0005469
5.810285	-0.0010909
5.812927	-0.0011262
5.815569	-0.0001185
5.818212	-0.0003148
5.820856	0.0000581
5.823500	-0.0005755
5.826145	-0.0003450
5.828791	-0.0007224
5.831438	-0.0007618
5.834085	0.0001814
5.836733	0.0004243
5.839382	0.0005941
5.842031	0.0003592
5.844681	-0.0003321
5.847332	-0.0005523
5.849983	0.0003906
5.852635	-0.0001941
5.855288	-0.0010024
5.857942	-0.0000088
5.860596	-0.0002425
5.863251	-0.0002927
5.865907	-0.0006174
5.868563	0.0006222
5.871220	-0.0003639
5.873878	-0.0004372
5.876537	0.0004741
5.879196	-0.0003335
5.881856	0.0001431
5.884516	0.0001606
5.887178	-0.0001555
5.889840	-0.0007765
5.892502	0.0004096
5.895166	0.0008505
5.897830	-0.0001970
5.900495	-0.0005816
5.903160	-0.0000946
5.905826	-0.0001498
5.908493	0.0006315
5.911161	-0.0008888
5.913829	0.0003704
5.916498	0.0005155
5.919168	0.0001457
5.921838	0.0002644
5.924510	0.0004393
5.927181	-0.0000093
5.929854	0.0003626
5.932527	-0.0009642
5.935201	-0.0002183
5.937876	-0.0003335
5.940551	0.0004271
5.943227	0.0000490
5.945904	0.0005417
5.948581	0.0002332
5.951260	-0.0013250
5.953938	0.0004090
5.956618	-0.0001931
5.959298	0.0005934
5.961979	0.0012957
5.964661	-0.0000093
5.967343	0.0000700
5.970026	0.0016110
5.972710	0.0005457
5.975395	0.0001744
5.978080	0.0000608
5.980766	-0.0006777
5.983452	-0.0005782
5.986140	-0.0006022
5.988827	-0.0006907
5.991516	0.0002016
5.994206	0.0003921
5.996896	-0.0014063
5.999586	-0.0003337
6.002278	0.0012023
6.004970	0.0007844
6.007663	-0.0004576
6.010357	-0.0005826
6.013051	-0.0008205
6.015746	-0.0004081
6.018442	0.0018465
6.021138	0.0000213
6.023835	-0.0008335
6.026533	0.0001661
6.029232	-0.0000871
6.031931	-0.0008870
6.034631	0.0000699
6.037331	-0.0009327
6.040033	-0.0004926
6.042735	-0.0009623
6.045438	0.0011457
6.048141	0.0003328
6.050845	-0.0002086
6.053550	0.0000338
6.056256	-0.0007945
6.058962	-0.0004494
6.061669	-0.0005482
6.064376	0.0002342
6.067085	0.0001480
6.069794	0.0005713
6.072504	0.0001363
6.075214	0.0008313
6.077925	0.0003524
6.080637	0.0005783
6.083350	0.0002502
6.086063	-0.0003148
6.088777	-0.0004761
6.091492	0.0003830
6.094207	0.0003161
6.096923	0.0010566
6.099640	0.0003598
6.102357	-0.0004920
6.105076	-0.0005700
6.107794	0.0004832
6.110514	0.0001401
6.113234	-0.0011912
6.115955	0.0005805
6.118677	-0.0003167
6.121400	-0.0000620
6.124123	0.0004529
6.126846	-0.0009149
6.129571	-0.0002137
6.132296	0.0004510
6.135022	0.0001602
6.137749	-0.0008847
6.140476	0.0009121
6.143204	0.0001247
6.145933	-0.0000900
6.148662	0.0003458
6.151392	-0.0000955
6.154123	-0.0003113
6.156855	0.0011303
6.159587	-0.0003341
6.162320	0.0001894
6.165054	-0.0001401
6.167788	0.0009535
6.170523	-0.0008136
6.173259	-0.0001071
6.175995	-0.0005128
6.178732	0.0000224
6.181470	0.0008238
6.184209	-0.0000252
6.186948	0.0007542
6.189688	-0.0000287
6.192429	0.0006122
6.195170	0.0008688
6.197912	-0.0006862
6.200655	0.0002282
6.203398	-0.0003028
6.206143	0.0003719
6.208887	0.0001703
6.211633	0.0008223
6.214379	-0.0004684
6.217126	0.0001888
6.219874	0.0016949
6.222622	-0.0000976
6.225372	0.0007970
6.228121	0.0001075
6.230872	-0.0008910
6.233623	0.0004638
6.236375	-0.0007383
6.239128	-0.0000898
6.241881	-0.0002389
6.244635	-0.0000811
6.247390	0.0003785
6.250145	0.0002161
6.252901	0.0006876
6.255658	-0.0011063
6.258416	-0.0009248
6.261174	0.0001950
6.263933	0.0005004
6.266692	0.0001120
6.269453	-0.0004507
6.272214	0.0000093
6.274975	-0.0002271
6.277738	0.0004458
6.280501	-0.0004698
6.283265	0.0013257
6.286029	0.0002730
6.288795	-0.0005662
6.291561	0.0001192
6.294327	-0.0012363
6.297095	-0.0001411
6.299863	-0.0008816
6.302631	0.0004657
6.305401	-0.0006721
6.308171	-0.0002613
6.310942	-0.0002341
6.313714	0.0004982
6.316486	0.0002005
6.319259	-0.0006206
6.322033	0.0001471
6.324807	-0.0002979
6.327582	0.0005687
6.330358	0.0008491
6.333134	-0.0006652
6.335911	0.0005216
6.338689	0.0009691
6.341468	0.0005039
6.344247	0.0008516
6.347027	0.0010566
6.349808	0.0000912
6.352589	0.0006832
6.355372	0.0010753
6.358154	-0.0001169
6.360938	0.0003533
6.363722	0.0000331
6.366507	0.0001941
6.369293	-0.0006042
6.372079	0.0001359
6.374866	-0.0005617
6.377654	0.0004844
6.380442	0.0007807
6.383231	0.0000329
6.386021	-0.0001770
6.388812	0.0003902
6.391603	0.0005151
6.394395	-0.0011223
6.397188	0.0004129
6.399981	-0.0002408
6.402775	0.0005043
6.405570	0.0008541
6.408365	0.0002733
6.411161	0.0006725
6.413958	-0.0000017
6.416756	-0.0002282
6.419554	0.0007096
6.422353	0.0000726
6.425153	-0.0010811
6.427953	-0.0003485
6.430754	-0.0004384
6.433556	0.0004322
6.436358	0.0004212
6.439162	0.0015160
6.441965	-0.0006064
6.444770	-0.0004319
6.447575	0.0003093
6.450381	0.0010221
6.453188	-0.0000914
6.455995	0.0000791
6.458803	0.0002228
6.461612	0.0007094
6.464422	-0.0008136
6.467232	0.0005360
6.470043	-0.0006957
6.472855	0.0001722
6.475667	-0.0000632
6.478480	-0.0003350
6.481294	0.0007716
6.484108	-0.0009166
6.486923	-0.0004436
6.489739	-0.0004906
6.492555	-0.0003448
6.495373	0.0009194
6.498191	0.0001418
6.501009	-0.0008852
6.503829	0.0005220
6.506649	0.0000156
6.509469	-0.0002453
6.512291	0.0008720
6.515113	-0.0003284
6.517936	-0.0001109
6.520759	0.0001804
6.523584	0.0005193
6.526409	-0.0004681
6.529234	0.0009424
6.532061	-0.0000229
6.534888	-0.0003763
6.537716	0.0010462
6.540544	0.0003591
6.543373	-0.0000140
6.546203	0.0000100
6.549034	-0.0007239
6.551865	-0.0007562
6.554697	-0.0004927
6.557530	-0.0004150
6.560363	-0.0008034
6.563197	0.0002409
6.566032	0.0007652
6.568867	-0.0005287
6.571704	0.0000411
6.574540	-0.0008051
6.577378	-0.0007765
6.580216	0.0007471
6.583055	-0.0012197
6.585895	-0.0003399
6.588735	-0.0003966
6.591577	-0.0002633
6.594418	-0.0000896
6.597261	0.0014543
6.600104	-0.0001007
6.602948	-0.0001454
6.605793	0.0007443
6.608638	0.0000959
6.611484	0.0000630
6.614331	0.0002691
6.617178	-0.0006377
6.620026	0.0001088
6.622875	0.0009066
6.625725	0.0003012
6.628575	-0.0003212
6.631426	0.0000207
6.634278	0.0004751
6.637130	-0.0001807
6.639983	-0.0012008
6.642837	0.0007912
6.645691	-0.0001776
6.648546	0.0004664
6.651402	-0.0001998
6.654259	-0.0004290
6.657116	-0.0010530
6.659974	-0.0000053
6.662833	-0.0001375
6.665692	0.0005384
6.668552	0.0004335
6.671413	0.0001552
6.674274	-0.0003650
6.677137	0.0000230
6.680000	0.0013230
6.682863	-0.0002687
6.685727	0.0009997
6.688592	0.0001579
6.691458	-0.0005185
6.694324	-0.0009717
6.697192	0.0000322
6.700059	0.0005957
6.702928	0.0007502
6.705797	0.0002178
6.708667	0.0001562
6.711538	0.0001296
6.714409	0.0003228
6.717281	0.0000642
6.720154	0.0004541
6.723027	0.0003377
6.725901	0.0000711
6.728776	-0.0006987
6.731652	-0.0006532
6.734528	0.0005674
6.737405	0.0004670
6.740282	-0.0011223
6.743161	0.0002639
6.746040	0.0003491
6.748920	0.0007271
6.751800	0.0006470
6.754681	-0.0008929
6.757563	-0.0000561
6.760446	-0.0002466
6.763329	0.0006650
6.766213	-0.0000066
6.769097	-0.0002258
6.771983	-0.0001835
6.774869	-0.0003579
6.777756	0.0002598
6.780643	-0.0004050
6.783531	0.0000192
6.786420	-0.0004354
6.789310	-0.0004042
6.792200	-0.0016087
6.795091	-0.0004393
6.797983	0.0003832
6.800875	0.0002132
6.803768	0.0004831
6.806662	0.0002858
6.809556	0.0007189
6.812452	-0.0001626
6.815348	-0.0009382
6.818244	0.0000912
6.821141	0.0002312
6.824040	0.0008198
6.826938	-0.0004395
6.829838	0.0001732
6.832738	-0.0002170
6.835639	0.0006004
6.838540	-0.0001474
6.841442	0.0001006
6.844345	0.0000835
6.847249	-0.0003143
6.850153	0.0008960
6.853058	-0.0002230
6.855964	-0.0011596
6.858870	0.0004384
6.861778	-0.0006062
6.864685	0.0003485
6.867594	0.0002909
6.870503	-0.0001847
6.873413	0.0001884
6.876324	0.0001975
6.879235	-0.0006124
6.882147	-0.0004140
6.885060	-0.0007265
6.887973	0.0005771
6.890888	-0.0004747
6.893802	-0.0004038
6.896718	0.0003951
6.899634	-0.0009125
6.902551	-0.0010775
6.905469	0.0006000
6.908387	0.0003650
6.911306	0.0003607
6.914226	-0.0000041
6.917147	-0.0002333
6.920068	-0.0001102
6.922990	-0.0001046
6.925912	-0.0001396
6.928836	-0.0008255
6.931760	-0.0000549
6.934684	-0.0004910
6.937610	-0.0008302
6.940536	-0.0003630
6.943463	0.0006917
6.946390	0.0002495
6.949318	-0.0003319
6.952247	-0.0009042
6.955177	-0.0007955
6.958107	-0.0000270
6.961038	0.0005741
6.963970	-0.0003137
6.966902	-0.0005860
6.969836	-0.0002713
6.972769	-0.0000452
6.975704	0.0002570
6.978639	-0.0004383
6.981575	0.0001478
6.984512	-0.0008262
6.987449	0.0003023
6.990387	0.0003842
6.993326	-0.0009266
6.996265	-0.0003280
6.999205	0.0008860
7.002146	-0.0004096
7.005088	0.0002452
7.008030	-0.0003624
7.010973	0.0001074
7.013917	-0.0006067
7.016861	-0.0017125
7.019806	0.0007188
7.022752	-0.0000302
7.025698	-0.0001076
7.028646	0.0001009
7.031593	-0.0009673
7.034542	-0.0005882
7.037491	0.0006607
7.040441	-0.0008426
7.043392	-0.0004660
7.046343	0.0003686
7.049295	-0.0002479
7.052248	0.0009757
7.055202	-0.0005863
7.058156	-0.0002429
7.061111	-0.0007088
7.064066	-0.0001522
7.067023	-0.0005813
7.069980	0.0003439
7.072938	-0.0007049
7.075896	-0.0000628
7.078855	0.0003453
7.081815	-0.0003885
7.084775	-0.0004913
7.087737	-0.0004155
7.090699	-0.0004290
7.093661	-0.0002785
7.096625	0.0005183
7.099589	-0.0006884
7.102553	-0.0009514
7.105519	-0.0003512
7.108485	0.0002466
7.111452	0.0005820
7.114419	-0.0009955
7.117388	-0.0008215
7.120356	-0.0010973
7.123326	-0.0006023
7.126296	-0.0007320
7.129268	0.0004205
7.132239	-0.0004323
7.135212	-0.0003888
7.138185	-0.0003360
7.141159	0.0005136
7.144133	-0.0000484
7.147109	-0.0003209
7.150085	0.0008342
7.153061	0.0001185
7.156039	-0.0002345
7.159017	-0.0007047
7.161996	0.0008863
7.164975	-0.0000042
7.167955	0.0007385
7.170936	0.0005800
7.173918	-0.0005838
7.176900	-0.0004229
7.179883	0.0004188
7.182867	0.0003821
7.185851	0.0000377
7.188836	0.0014812
7.191822	0.0002148
7.194809	-0.0002517
7.197796	-0.0000287
7.200784	-0.0001392
7.203772	0.0015151
7.206762	0.0002680
7.209752	0.0005168
7.212742	-0.0001509
7.215734	0.0004926
7.218726	-0.0000004
7.221719	0.0006713
7.224712	-0.0002857
7.227706	0.0003212
7.230701	0.0003068
7.233697	0.0006077
7.236693	0.0006406
7.239690	0.0003102
7.242688	-0.0001127
7.245687	-0.0004131
7.248686	-0.0001752
7.251686	0.0001102
7.254686	0.0004997
7.257688	0.0002026
7.260689	0.0000590
7.263692	-0.0002509
7.266695	-0.0008854
7.269700	-0.0014982
7.272704	-0.0001402
7.275710	0.0008485
7.278716	0.0000144
7.281723	0.0007775
7.284730	0.0007481
7.287739	0.0002275
7.290748	-0.0005742
7.293757	-0.0008938
7.296768	-0.0003695
7.299779	0.0000336
7.302791	-0.0008288
7.305803	-0.0010417
7.308816	-0.0002936
7.311830	0.0006472
7.314845	0.0001323
7.317860	-0.0001425
7.320876	0.0001089
7.323893	0.0007974
7.326910	-0.0000503
7.329928	-0.0004304
7.332947	0.0001494
7.335967	-0.0006310
7.338987	0.0004145
7.342008	-0.0004084
7.345030	0.0003031
7.348052	0.0008062
7.351075	0.0006101
7.354099	-0.0000552
7.357123	0.0008359
7.360148	0.0008768
7.363174	0.0004008
7.366201	0.0002302
7.369228	-0.0000195
7.372256	0.0006340
7.375285	0.0000678
7.378314	-0.0007132
7.381344	-0.0000676
7.384375	0.0002445
7.387406	-0.0003175
7.390438	0.0001899
7.393471	-0.0007981
7.396505	0.0001015
7.399539	0.0000051
7.402574	-0.0006844
7.405610	0.0000058
7.408646	-0.0008354
7.411683	-0.0004229
7.414721	-0.0001441
7.417760	-0.0001745
7.420799	0.0003754
7.423839	-0.0003367
7.426879	-0.0004863
7.429920	-0.0007484
7.432962	-0.0012419
7.436005	0.0007347
7.439049	-0.0003878
7.442093	0.0002238
7.445138	0.0000671
7.448183	-0.0000049
7.451229	-0.0004244
7.454276	0.0009736
7.457324	-0.0003245
7.460372	0.0011256
7.463421	-0.0001958
7.466471	-0.0002408
7.469521	0.0010631
7.472572	-0.0006677
7.475624	0.0001156
7.478677	-0.0000953
7.481730	-0.0003606
7.484784	-0.0006220
7.487839	0.0007553
7.490894	0.0002676
7.493950	0.0001543
7.497007	0.0002173
7.500064	-0.0001215
7.503122	-0.0000710
7.506181	0.0002110
7.509241	-0.0006130
7.512301	-0.0011003
7.515362	0.0011772
7.518424	-0.0001206
7.521486	0.0005492
7.524549	-0.0000002
7.527613	0.0007098
7.530677	0.0009563
7.533743	-0.0007172
7.536808	-0.0003961
7.539875	-0.0001277
7.542942	0.0003114
7.546010	-0.0007824
7.549079	-0.0006767
7.552148	0.0003373
7.555218	-0.0001985
7.558289	0.0003674
7.561361	0.0006453
7.564433	-0.0001418
7.567506	0.0000406
7.570580	0.0003708
7.573654	-0.0005445
7.576729	-0.0003869
7.579805	0.0001886
7.582881	-0.0004902
7.585958	0.0002510
7.589036	0.0009627
7.592114	0.0007482
7.595194	0.0003145
7.598274	0.0005880
7.601354	-0.0009517
7.604436	-0.0006933
7.607518	-0.0005157
7.610600	0.0003033
7.613684	0.0004827
7.616768	0.0001452
7.619853	-0.0000160
7.622938	-0.0007805
7.626025	-0.0000793
7.629112	-0.0010859
7.632199	-0.0004174
7.635288	-0.0000936
7.638377	0.0002860
7.641466	-0.0004592
7.644557	0.0003632
7.647648	-0.0003223
7.650740	0.0004449
7.653832	-0.0010628
7.656926	-0.0012416
7.660020	0.0000091
7.663114	-0.0004922
7.666210	0.0005812
7.669306	0.0004113
7.672403	-0.0008635
7.675500	0.0002899
7.678598	-0.0005251
7.681697	-0.0000154
7.684797	-0.0000420
7.687897	-0.0001205
7.690998	0.0001809
7.694100	-0.0004951
7.697202	-0.0003086
7.700305	-0.0007224
7.703409	0.0008905
7.706514	0.0000896
7.709619	-0.0010364
7.712725	-0.0001894
7.715831	-0.0003495
7.718939	-0.0004787
7.722047	0.0008471
7.725156	0.0013941
7.728265	-0.0002797
7.731375	-0.0003624
7.734486	-0.0009571
7.737597	-0.0005142
7.740710	0.0002703
7.743823	0.0008878
7.746936	0.0001989
7.750051	-0.0000757
7.753166	-0.0007738
7.756281	0.0003055
7.759398	-0.0004757
7.762515	-0.0005416
7.765633	-0.0005022
7.768751	0.0007845
7.771871	-0.0003149
7.774991	0.0008869
7.778111	0.0005019
7.781233	-0.0007344
7.784355	0.0000284
7.787478	-0.0005698
7.790601	0.0008778
7.793725	0.0002076
7.796850	-0.0016195
7.799976	0.0002575
7.803102	-0.0002889
7.806229	-0.0000078
7.809357	0.0004409
7.812485	-0.0003647
7.815614	-0.0000935
7.818744	-0.0005532
7.821874	0.0006050
7.825006	0.0005136
7.828138	-0.0006704
7.831270	0.0002700
7.834404	-0.0007398
7.837538	0.0004807
7.840672	0.0003585
7.843808	0.0000460
7.846944	-0.0012867
7.850081	0.0001599
7.853218	0.0004983
7.856356	-0.0001940
7.859495	0.0007799
7.862635	0.0006282
7.865775	0.0000898
7.868916	-0.0007459
7.872058	-0.0009253
7.875201	0.0004453
7.878344	-0.0006536
7.881488	-0.0006737
7.884632	0.0008079
7.887777	0.0006098
7.890923	-0.0003377
7.894070	-0.0003529
7.897217	-0.0003651
7.900365	-0.0003733
7.903514	0.0017347
7.906664	0.0002083
7.909814	0.0018198
7.912965	-0.0007425
7.916116	-0.0001370
7.919268	-0.0003715
7.922421	0.0001390
7.925575	-0.0005187
7.928730	0.0001015
7.931885	0.0008730
7.935040	0.0004085
7.938197	0.0009969
7.941354	-0.0000381
7.944512	0.0001582
7.947671	-0.0002437
7.950830	0.0010864
7.953990	-0.0001028
7.957151	-0.0009521
7.960312	0.0003104
7.963474	0.0001992
7.966637	-0.0005544
7.969800	0.0001009
7.972965	0.0008110
7.976130	0.0003200
7.979295	-0.0001371
7.982462	-0.0005829
7.985629	-0.0000004
7.988796	0.0009453
7.991965	0.0001350
7.995134	0.0001656
7.998304	-0.0007020
8.001474	0.0004955
8.004645	0.0000655
8.007817	0.0003322
8.010990	0.0000012
8.014163	0.0002411
8.017337	0.0003169
8.020512	-0.0002876
8.023688	0.0002507
8.026864	0.0000164
8.030041	-0.0003748
8.033218	-0.0003231
8.036397	-0.0007240
8.039575	-0.0004918
8.042755	-0.0000039
8.045936	-0.0002492
8.049117	0.0003330
8.052298	0.0000289
8.055481	0.0010265
8.058664	0.0001259
8.061848	-0.0003531
8.065033	0.0004472
8.068218	-0.0000031
8.071404	0.0002534
8.074591	0.0008960
8.077778	-0.0003446
8.080966	-0.0003167
8.084155	-0.0002699
8.087344	-0.0009449
8.090535	0.0003624
8.093725	-0.0008528
8.096917	-0.0010693
8.100109	-0.0000082
8.103302	-0.0001498
8.106496	0.0001841
8.109691	0.0000587
8.112886	0.0010428
8.116081	-0.0009478
8.119278	-0.0004715
8.122475	-0.0006440
8.125673	-0.0004083
8.128872	0.0003251
8.132071	-0.0006638
8.135271	0.0010806
8.138472	-0.0004736
8.141673	0.0000608
8.144876	0.0003183
8.148078	-0.0001708
8.151282	0.0000346
8.154486	-0.0002716
8.157691	-0.0008622
8.160897	0.0003958
8.164103	-0.0003097
8.167310	0.0009300
8.170518	-0.0012841
8.173726	0.0002562
8.176936	-0.0000173
8.180146	-0.0001652
8.183356	-0.0000332
8.186567	0.0001231
8.189779	-0.0011789
8.192992	0.0000906
8.196205	0.0001290
8.199420	0.0009896
8.202634	0.0008209
8.205850	0.0002489
8.209066	-0.0006229
8.212283	-0.0009201
8.215500	0.0007177
8.218719	0.0012348
8.221938	-0.0002554
8.225157	0.0002634
8.228378	-0.0002781
8.231599	0.0010145
8.234821	0.0003934
8.238043	-0.0003108
8.241267	-0.0005836
8.244490	0.0003002
8.247715	0.0001341
8.250940	-0.0010752
8.254166	-0.0005025
8.257393	-0.0003657
8.260621	0.0005347
8.263849	0.0003286
8.267078	-0.0002652
8.270307	0.0006039
8.273537	-0.0006457
8.276768	-0.0001774
8.280000	0.0012243
8.283232	-0.0003192
8.286465	-0.0005157
8.289699	0.0000728
8.292934	0.0005210
8.296169	-0.0004145
8.299405	0.0002605
8.302641	-0.0001197
8.305878	0.0000232
8.309116	0.0001211
8.312355	-0.0010651
8.315594	0.0007693
8.318835	0.0006726
8.322075	0.0006131
8.325317	-0.0006911
8.328559	0.0006427
8.331802	-0.0007946
8.335045	-0.0000129
8.338290	-0.0011383
8.341535	0.0008310
8.344780	-0.0006853
8.348027	0.0001538
8.351274	-0.0001556
8.354522	0.0011377
8.357770	0.0004563
8.361020	-0.0013785
8.364269	-0.0001715
8.367520	-0.0008726
8.370771	0.0000410
8.374023	-0.0007019
8.377276	-0.0002494
8.380530	0.0004632
8.383784	0.0003364
8.387038	0.0003129
8.390294	0.0006297
8.393550	0.0003292
8.396807	-0.0002014
8.400065	-0.0000087
8.403323	0.0003780
8.406582	0.0004113
8.409842	-0.0009165
8.413102	-0.0006794
8.416364	0.0002068
8.419625	0.0003169
8.422888	0.0005940
8.426151	-0.0002493
8.429415	-0.0000621
8.432680	-0.0004726
8.435945	0.0005972
8.439211	-0.0005102
8.442478	-0.0000326
8.445745	0.0006174
8.449014	0.0005981
8.452283	0.0006037
8.455552	-0.0005035
8.458822	-0.0004870
8.462093	0.0007367
8.465365	-0.0011361
8.468637	0.0002004
8.471911	-0.0004447
8.475184	-0.0000343
8.478459	0.0002647
8.481734	0.0000922
8.485010	0.0005992
8.488287	-0.0001891
8.491564	0.0002978
8.494842	0.0012970
8.498121	0.0003432
8.501400	0.0000984
8.504680	-0.0007583
8.507961	-0.0003213
8.511242	0.0006447
8.514525	0.0003872
8.517808	0.0000305
8.521091	0.0002004
8.524375	-0.0010403
8.527661	-0.0004584
8.530946	-0.0003509
8.534233	0.0003024
8.537520	-0.0003631
8.540808	0.0007245
8.544096	0.0004404
8.547385	0.0018381
8.550675	0.0002636
8.553966	-0.0001872
8.557257	0.0005269
8.560549	0.0000746
8.563842	0.0000975
8.567136	0.0000053
8.570430	0.0002874
8.573725	0.0011404
8.577020	0.0005158
8.580317	0.0009788
8.583614	-0.0000023
8.586911	-0.0004661
8.590210	-0.0000188
8.593509	0.0005552
8.596808	-0.0008332
8.600109	-0.0000260
8.603410	-0.0003427
8.606712	-0.0001347
8.610015	0.0003755
8.613318	0.0003151
8.616622	0.0004617
8.619927	-0.0013523
8.623232	-0.0000583
8.626538	-0.0004208
8.629845	0.0006752
8.633152	-0.0001242
8.636461	0.0009382
8.639770	0.0005642
8.643079	0.0008164
8.646389	-0.0013615
8.649700	0.0009475
8.653012	-0.0003029
8.656325	0.0003773
8.659638	-0.0007632
8.662952	0.0000967
8.666266	-0.0000334
8.669581	-0.0000797
8.672897	-0.0001285
8.676214	-0.0008149
8.679531	0.0007095
8.682849	0.0000156
8.686168	0.0000209
8.689488	-0.0002069
8.692808	-0.0010521
8.696129	-0.0004098
8.699450	0.0001476
8.702772	0.0003593
8.706095	-0.0002033
8.709419	0.0004505
8.712743	0.0001938
8.716068	0.0004449
8.719394	-0.0009882
8.722721	-0.0000790
8.726048	-0.0001934
8.729376	0.0005253
8.732704	-0.0011246
8.736034	0.0005616
8.739364	-0.0000765
8.742694	-0.0004531
8.746026	-0.0001347
8.749358	0.0014557
8.752690	-0.0006209
8.756024	-0.0011985
8.759358	-0.0003220
8.762693	-0.0003411
8.766029	0.0001221
8.769365	-0.0004995
8.772702	0.0003316
8.776040	0.0005161
8.779378	0.0002604
8.782717	0.0001271
8.786057	-0.0011429
8.789398	0.0011138
8.792739	-0.0000531
8.796081	-0.0003493
8.799423	0.0004478
8.802767	0.0009522
8.806111	-0.0002713
8.809455	0.0000390
8.812801	0.0005983
8.816147	0.0004274
8.819494	0.0001899
8.822841	0.0005774
8.826190	-0.0002545
8.829539	-0.0005735
8.832888	0.0005594
8.836239	-0.0002643
8.839590	0.0005450
8.842941	-0.0009515
8.846294	0.0001122
8.849647	0.0001937
8.853001	0.0000809
8.856355	0.0003038
8.859711	-0.0008936
8.863067	0.0000454
8.866423	-0.0002779
8.869781	0.0009678
8.873139	0.0005039
8.876498	-0.0000746
8.879857	0.0002142
8.883217	0.0000540
8.886578	0.0005055
8.889940	-0.0002751
8.893302	0.0005894
8.896665	0.0005427
8.900029	0.0014322
8.903393	0.0005527
8.906758	-0.0008257
8.910124	-0.0000347
8.913491	0.0005516
8.916858	-0.0001599
8.920226	0.0004651
8.923594	-0.0007488
8.926964	-0.0006233
8.930334	-0.0004507
8.933704	-0.0001478
8.937076	-0.0000639
8.940448	0.0005343
8.943821	0.0007748
8.947194	-0.0001667
8.950569	0.0001979
8.953944	-0.0003233
8.957319	0.0002312
8.960696	-0.0000399
8.964073	-0.0001056
8.967450	-0.0000411
8.970829	-0.0000396
8.974208	0.0000496
8.977588	0.0006131
8.980968	-0.0004758
8.984350	0.0004431
8.987732	0.0001326
8.991114	0.0001682
8.994498	-0.0009714
8.997882	0.0000382
9.001266	-0.0000373
9.004652	-0.0003018
9.008038	-0.0008454
9.011425	-0.0007741
9.014813	0.0003138
9.018201	-0.0002081
9.021590	-0.0002446
9.024980	-0.0005296
9.028370	-0.0000814
9.031761	-0.0013695
9.035153	-0.0005104
9.038545	0.0003420
9.041938	0.0001402
9.045332	0.0010408
9.048727	0.0000170
9.052122	-0.0001411
9.055518	0.0006058
9.058915	-0.0005278
9.062312	-0.0004951
9.065711	0.0008971
9.069109	0.0001071
9.072509	0.0000805
9.075909	-0.0005363
9.079310	0.0001748
9.082712	-0.0001604
9.086114	0.0010318
9.089517	-0.0001429
9.092921	0.0009487
9.096325	0.0001514
9.099730	0.0001533
9.103136	0.0009219
9.106543	-0.0007546
9.109950	0.0012507
9.113358	-0.0003171
9.116767	0.0007240
9.120176	-0.0003185
9.123586	-0.0007163
9.126997	-0.0007399
9.130408	-0.0003148
9.133820	0.0007765
9.137233	-0.0007276
9.140647	-0.0000271
9.144061	0.0008674
9.147476	0.0004551
9.150892	0.0001573
9.154308	-0.0003669
9.157725	-0.0001781
9.161143	0.0005106
9.164562	-0.0002541
9.167981	0.0002381
9.171401	0.0005933
9.174821	-0.0002078
9.178242	0.0011184
9.181664	0.0002146
9.185087	0.0001743
9.188511	-0.0010001
9.191935	-0.0001960
9.195360	0.0000115
9.198785	0.0000178
9.202211	0.0018627
9.205638	0.0015481
9.209066	-0.0002803
9.212494	-0.0003378
9.215923	-0.0002032
9.219353	-0.0006747
9.222783	0.0016904
9.226214	0.0005197
9.229646	0.0004638
9.233079	-0.0007664
9.236512	-0.0002608
9.239946	0.0000987
9.243381	-0.0011287
9.246816	0.0001209
9.250252	-0.0000237
9.253689	0.0000179
9.257126	-0.0000178
9.260564	0.0000083
9.264003	0.0005773
9.267443	0.0003469
9.270883	0.0005897
9.274324	0.0006655
9.277766	-0.0000090
9.281208	0.0001579
9.284651	-0.0003953
9.288095	-0.0010561
9.291539	-0.0002627
9.294984	0.0004919
9.298430	-0.0007268
9.301877	0.0004513
9.305324	-0.0000309
9.308772	0.0003476
9.312221	0.0000432
9.315670	0.0006232
9.319120	0.0001216
9.322571	0.0001207
9.326023	-0.0011074
9.329475	-0.0001681
9.332928	0.0003788
9.336381	0.0006253
9.339836	0.0005676
9.343291	-0.0001830
9.346746	-0.0004418
9.350203	0.0002912
9.353660	0.0000943
9.357118	0.0006517
9.360576	-0.0001421
9.364036	-0.0002679
9.367496	-0.0018302
9.370956	0.0009337
9.374417	-0.0003704
9.377880	-0.0000914
9.381342	-0.0001017
9.384806	-0.0004579
9.388270	-0.0000157
9.391735	0.0000587
9.395200	0.0001934
9.398666	0.0002925
9.402133	0.0012466
9.405601	-0.0000718
9.409069	0.0004676
9.412538	0.0002294
9.416008	0.0015575
9.419479	0.0006886
9.422950	0.0005057
9.426422	0.0006550
9.429894	-0.0003470
9.433368	-0.0000066
9.436842	-0.0000457
9.440316	0.0007870
9.443792	0.0003338
9.447268	0.0002299
9.450745	0.0001223
9.454222	0.0001941
9.457700	-0.0001697
9.461179	0.0002892
9.464659	-0.0000799
9.468139	-0.0001427
9.471620	-0.0008148
9.475102	0.0002194
9.478584	-0.0004819
9.482067	0.0002269
9.485551	0.0004406
9.489036	0.0002183
9.492521	0.0002367
9.496007	0.0000966
9.499493	-0.0008230
9.502981	-0.0009205
9.506469	0.0004266
9.509957	0.0002695
9.513447	-0.0002083
9.516937	-0.0001609
9.520428	-0.0002898
9.523919	0.0006621
9.527412	0.0009078
9.530904	0.0000076
9.534398	-0.0004883
9.537892	-0.0004212
9.541388	-0.0007579
9.544883	0.0000871
9.548380	0.0005491
9.551877	-0.0001559
9.555375	0.0008768
9.558873	0.0003540
9.562373	0.0010238
9.565873	-0.0010129
9.569373	0.0006403
9.572875	0.0009383
9.576377	-0.0002367
9.579879	-0.0007199
9.583383	0.0006916
9.586887	-0.0002155
9.590392	-0.0002151
9.593898	-0.0001937
9.597404	0.0000926
9.600911	-0.0003966
9.604418	-0.0007535
9.607927	-0.0000855
9.611436	-0.0008785
9.614946	-0.0000190
9.618456	-0.0010542
9.621967	0.0015279
9.625479	-0.0003793
9.628992	-0.0006871
9.632505	0.0007838
9.636019	0.0003037
9.639534	-0.0001363
9.643049	0.0005182
9.646566	0.0001755
9.650082	0.0006117
9.653600	0.0006820
9.657118	0.0011657
9.660637	-0.0013956
9.664157	-0.0000249
9.667677	0.0002705
9.671198	0.0001085
9.674720	-0.0004512
9.678242	0.0000009
9.681765	-0.0003707
9.685289	0.0000837
9.688814	-0.0003974
9.692339	-0.0005367
9.695865	-0.0003817
9.699392	-0.0002696
9.702919	-0.0003619
9.706447	-0.0003353
9.709976	-0.0000152
9.713505	0.0006591
9.717035	0.0002777
9.720566	-0.0006456
9.724098	0.0012031
9.727630	0.0000806
9.731163	0.0002013
9.734697	-0.0009133
9.738231	0.0001315
9.741766	-0.0010381
9.745302	0.0003418
9.748839	-0.0000638
9.752376	0.0003083
9.755914	0.0005632
9.759452	-0.0004870
9.762992	-0.0000452
9.766532	0.0010358
9.770072	-0.0008429
9.773614	0.0001032
9.777156	0.0003238
9.780699	-0.0009210
9.784242	0.0003001
9.787786	0.0003480
9.791331	0.0008798
9.794877	0.0006402
9.798423	0.0002931
9.801970	-0.0002949
9.805518	-0.0009217
9.809066	0.0001183
9.812616	0.0005018
9.816165	-0.0008466
9.819716	-0.0006683
9.823267	-0.0001851
9.826819	-0.0000128
9.830372	-0.0000623
9.833925	-0.0008708
9.837479	-0.0009878
9.841034	0.0004252
9.844589	0.0010531
9.848146	-0.0001842
9.851702	-0.0008265
9.855260	-0.0006974
9.858818	0.0002348
9.862377	-0.0010057
9.865937	-0.0004464
9.869497	-0.0000145
9.873058	-0.0012568
9.876620	0.0008790
9.880183	-0.0011600
9.883746	-0.0000002
9.887310	-0.0004471
9.890874	-0.0005753
9.894440	-0.0003327
9.898005	-0.0013460
9.901572	-0.0005181
9.905140	0.0015328
9.908708	0.0010463
9.912276	-0.0005476
9.915846	-0.0005301
9.919416	-0.0001373
9.922987	0.0011842
9.926559	0.0001583
9.930131	-0.0002586
9.933704	0.0003156
9.937278	-0.0003668
9.940852	0.0008457
9.944427	0.0007210
9.948003	0.0012007
9.951580	0.0001614
9.955157	0.0003995
9.958735	0.0002535
9.962313	-0.0003951
9.965893	-0.0006290
9.969473	-0.0004555
9.973054	0.0005268
9.976635	0.0009320
9.980217	0.0008004
9.983800	-0.0014439
9.987384	0.0004112
9.990968	0.0000236
9.994553	-0.0004198
9.998138	-0.0003987
10.001725	-0.0006002
10.005312	-0.0005653
10.008900	0.0004613
10.012488	-0.0002980
10.016077	0.0008026
10.019667	-0.0006938
10.023258	-0.0003029
10.026849	-0.0005566
10.030441	0.0001706
10.034034	-0.0005589
10.037627	-0.0004115
10.041221	0.0002924
10.044816	0.0009395
10.048411	-0.0003864
10.052008	0.0002252
10.055604	-0.0002796
10.059202	-0.0000479
10.062800	-0.0004038
10.066399	0.0005965
10.069999	-0.0005531
10.073600	-0.0009462
10.077201	-0.0001169
10.080802	0.0011121
10.084405	0.0018543
10.088008	-0.0014972
10.091612	0.0014622
10.095217	-0.0001478
10.098822	-0.0002736
10.102428	-0.0010738
10.106035	-0.0001138
10.109642	-0.0008273
10.113250	0.0003946
10.116859	0.0002045
10.120469	0.0001010
10.124079	0.0009433
10.127690	0.0009926
10.131302	0.0003852
10.134914	0.0005290
10.138527	-0.0004977
10.142141	-0.0007849
10.145755	0.0000103
10.149370	-0.0002225
10.152986	0.0002301
10.156603	0.0000434
10.160220	-0.0003154
10.163838	-0.0010061
10.167457	0.0000644
10.171076	-0.0001581
10.174696	-0.0004947
10.178317	0.0001758
10.181938	-0.0005206
10.185561	0.0018426
10.189183	-0.0000510
10.192807	-0.0002629
10.196431	-0.0015776
10.200056	-0.0000050
10.203682	0.0002118
10.207308	0.0000469
10.210936	-0.0001489
10.214563	0.0000948
10.218192	-0.0002913
10.221821	0.0002094
10.225451	-0.0000061
10.229082	-0.0000416
10.232713	-0.0013136
10.236345	0.0002209
10.239978	-0.0000196
10.243611	-0.0007454
10.247245	0.0001459
10.250880	-0.0003007
10.254516	-0.0017197
10.258152	-0.0008371
10.261789	-0.0004242
10.265426	0.0007118
10.269065	0.0003275
10.272704	0.0001685
10.276343	0.0008801
10.279984	0.0004160
10.283625	0.0011013
10.287267	0.0007135
10.290909	0.0011755
10.294553	0.0001594
10.298197	0.0002202
10.301841	0.0007246
10.305487	0.0009819
10.309133	-0.0001724
10.312779	0.0003637
10.316427	-0.0006573
10.320075	-0.0003954
10.323724	-0.0001624
10.327374	0.0001113
10.331024	0.0003754
10.334675	0.0002683
10.338327	-0.0009795
10.341979	-0.0000701
10.345632	-0.0009924
10.349286	-0.0000226
10.352940	-0.0002774
10.356595	-0.0005131
10.360251	-0.0009663
10.363908	0.0000887
10.367565	0.0016556
10.371223	-0.0001259
10.374882	-0.0000923
10.378541	-0.0001215
10.382202	-0.0001997
10.385862	-0.0008799
10.389524	-0.0006984
10.393186	-0.0006857
10.396849	-0.0003686
10.400513	-0.0001233
10.404177	0.0011114
10.407842	-0.0004323
10.411508	-0.0004032
10.415174	-0.0005284
10.418841	0.0002771
10.422509	-0.0007340
10.426178	0.0000461
10.429847	0.0002926
10.433517	0.0005596
10.437188	-0.0000609
10.440859	-0.0005296
10.444531	0.0000676
10.448204	0.0008751
10.451877	-0.0002821
10.455551	0.0011126
10.459226	0.0006800
10.462902	-0.0000247
10.466578	0.0000508
10.470255	0.0002886
10.473933	-0.0003379
10.477611	0.0008605
10.481290	-0.0000351
10.484970	0.0002902
10.488650	0.0003563
10.492332	-0.0005694
10.496013	-0.0007966
10.499696	0.0009246
10.503379	0.0008693
10.507063	-0.0002610
10.510748	-0.0010853
10.514433	0.0009187
10.518119	-0.0006083
10.521806	0.0009480
10.525494	0.0002976
10.529182	-0.0012013
10.532871	0.0002137
10.536561	-0.0012053
10.540251	0.0001325
10.543942	-0.0004053
10.547634	-0.0006809
10.551326	0.0006508
10.555019	-0.0004646
10.558713	-0.0004168
10.562407	0.0002421
10.566103	0.0003794
10.569799	0.0005344
10.573495	-0.0011724
10.577193	-0.0003128
10.580891	0.0003672
10.584589	0.0001551
10.588289	-0.0004228
10.591989	-0.0000014
10.595690	-0.0004437
10.599391	0.0000341
10.603094	-0.0000116
10.606797	0.0006084
10.610500	-0.0013299
10.614205	0.0003856
10.617910	0.0000830
10.621615	0.0012115
10.625322	0.0010822
10.629029	0.0003882
10.632737	0.0007103
10.636446	0.0003787
10.640155	0.0003754
10.643865	0.0001654
10.647576	0.0012473
10.651287	0.0003445
10.654999	0.0007781
10.658712	0.0012402
10.662425	0.0008593
10.666140	-0.0002840
10.669854	0.0008837
10.673570	0.0001008
10.677286	-0.0001089
10.681003	-0.0003050
10.684721	0.0001673
10.688439	-0.0006166
10.692159	0.0013579
10.695878	0.0001390
10.699599	0.0010527
10.703320	-0.0001338
10.707042	-0.0003434
10.710765	0.0011059
10.714488	0.0011193
10.718212	0.0002673
10.721937	0.0003287
10.725662	0.0008866
10.729388	0.0004071
10.733115	-0.0002396
10.736843	-0.0001366
10.740571	-0.0001612
10.744300	0.0004518
10.748030	-0.0001314
10.751760	-0.0002080
10.755491	0.0010652
10.759223	0.0005441
10.762955	0.0000054
10.766688	-0.0000162
10.770422	-0.0005049
10.774157	0.0002884
10.777892	-0.0004583
10.781628	0.0000140
10.785365	0.0005353
10.789102	0.0001576
10.792840	-0.0004984
10.796579	0.0001388
10.800318	0.0014710
10.804059	0.0011040
10.807800	0.0003791
10.811541	0.0002514
10.815283	0.0005278
10.819026	-0.0006775
10.822770	-0.0006429
10.826514	-0.0016399
10.830260	-0.0000074
10.834005	0.0002983
10.837752	-0.0013722
10.841499	0.0004146
10.845247	-0.0002482
10.848996	0.0004980
10.852745	-0.0014532
10.856495	-0.0001060
10.860246	0.0007184
10.863997	0.0004752
10.867749	0.0001909
10.871502	-0.0003397
10.875256	0.0004429
10.879010	-0.0006622
10.882765	0.0009628
10.886520	-0.0003435
10.890277	0.0008396
10.894034	0.0007706
10.897792	0.0002785
10.901550	-0.0000091
10.905309	-0.0004723
10.909069	-0.0004001
10.912830	-0.0006872
10.916591	0.0007097
10.920353	-0.0005171
10.924115	0.0001819
10.927879	-0.0006111
10.931643	0.0002513
10.935408	-0.0005787
10.939173	0.0002720
10.942939	-0.0003661
10.946706	-0.0005272
10.950474	-0.0003490
10.954242	0.0002776
10.958011	-0.0005365
10.961781	0.0006261
10.965551	0.0008633
10.969322	-0.0007279
10.973094	0.0003408
10.976866	0.0001991
10.980640	-0.0002805
10.984414	0.0006828
10.988188	0.0009875
10.991963	0.0011308
10.995740	-0.0006624
10.999516	0.0000765
11.003294	-0.0009150
11.007072	0.0009026
11.010851	-0.0006152
11.014630	0.0004218
11.018410	-0.0011777
11.022191	0.0011038
11.025973	-0.0008599
11.029755	-0.0001780
11.033538	0.0003508
11.037322	-0.0010759
11.041106	0.0001827
11.044892	0.0006341
11.048677	0.0002553
11.052464	0.0002380
11.056251	-0.0004866
11.060039	0.0000280
11.063828	0.0000338
11.067617	0.0002021
11.071407	0.0001733
11.075198	0.0011292
11.078989	-0.0003024
11.082782	0.0005486
11.086574	-0.0015482
11.090368	0.0002316
11.094162	-0.0004117
11.097957	-0.0001304
11.101753	0.0006608
11.105549	-0.0014221
11.109346	-0.0000580
11.113144	0.0006287
11.116943	0.0001509
11.120742	0.0003789
11.124542	0.0002109
11.128342	0.0010898
11.132144	-0.0008045
11.135946	-0.0005240
11.139748	-0.0002592
11.143552	-0.0006985
11.147356	-0.0004135
11.151161	-0.0005916
11.154966	-0.0013107
11.158772	-0.0002427
11.162579	-0.0005339
11.166387	0.0004751
11.170195	0.0007250
11.174004	0.0012749
11.177814	0.0001735
11.181624	0.0012177
11.185436	-0.0001506
11.189247	-0.0004747
11.193060	0.0012856
11.196873	-0.0010955
11.200687	-0.0001598
11.204502	-0.0003565
11.208317	-0.0000089
11.212133	-0.0011198
11.215950	-0.0007139
11.219767	-0.0012979
11.223585	0.0005786
11.227404	0.0002895
11.231224	-0.0005152
11.235044	0.0003507
11.238865	0.0002610
11.242687	0.0007922
11.246509	-0.0000363
11.250332	0.0008596
11.254156	-0.0003638
11.257980	0.0006446
11.261806	-0.0002288
11.265631	0.0002657
11.269458	-0.0007099
11.273285	-0.0007442
11.277113	0.0002953
11.280942	-0.0000212
11.284771	-0.0011495
11.288601	-0.0004629
11.292432	0.0011350
11.296264	0.0000915
11.300096	-0.0000794
11.303929	-0.0002997
11.307762	0.0001724
11.311597	-0.0003810
11.315432	0.0004734
11.319268	-0.0004401
11.323104	0.0001283
11.326941	-0.0004698
11.330779	-0.0009883
11.334617	0.0000690
11.338457	0.0019004
11.342297	-0.0001348
11.346137	0.0008431
11.349979	-0.0000744
11.353821	-0.0002038
11.357663	-0.0000121
11.361507	0.0005213
11.365351	-0.0001385
11.369196	-0.0001180
11.373041	-0.0005650
11.376888	-0.0002551
11.380734	-0.0004767
11.384582	-0.0001423
11.388430	-0.0000377
11.392280	-0.0005993
11.396129	0.0001272
11.399980	0.0001119
11.403831	0.0005324
11.407683	-0.0001735
11.411535	-0.0000038
11.415389	-0.0005484
11.419243	-0.0002908
11.423097	0.0008972
11.426953	0.0003790
11.430809	0.0002769
11.434666	0.0005638
11.438523	0.0002118
11.442381	-0.0006836
11.446240	-0.0001825
11.450100	-0.0009790
11.453960	0.0002074
11.457821	-0.0001703
11.461683	-0.0003678
11.465545	0.0001114
11.469408	0.0001071
11.473272	-0.0002389
11.477137	-0.0003449
11.481002	-0.0015171
11.484868	-0.0009195
11.488734	-0.0001383
11.492602	-0.0005648
11.496470	-0.0000150
11.500338	-0.0014992
11.504208	0.0008441
11.508078	-0.0000393
11.511949	-0.0000005
11.515820	0.0005683
11.519692	-0.0000529
11.523565	-0.0002697
11.527439	0.0002465
11.531313	0.0019462
11.535188	-0.0001205
11.539064	-0.0001768
11.542941	-0.0006707
11.546818	-0.0009712
11.550696	0.0011982
11.554574	-0.0000223
11.558454	-0.0000113
11.562333	-0.0001950
11.566214	0.0008398
11.570095	-0.0001223
11.573978	0.0001061
11.577860	0.0001917
11.581744	0.0004518
11.585628	-0.0011928
11.589513	0.0005307
11.593398	0.0010116
11.597285	0.0000133
11.601172	-0.0008228
11.605059	-0.0010911
11.608948	0.0002170
11.612837	0.0003065
11.616727	-0.0003224
11.620617	0.0012572
11.624508	-0.0002101
11.628400	0.0014260
11.632293	-0.0005943
11.636186	0.0001732
11.640080	-0.0001501
11.643975	0.0002847
11.647870	0.0000473
11.651766	0.0003326
11.655663	0.0002297
11.659561	0.0002352
11.663459	0.0006650
11.667358	-0.0001575
11.671258	-0.0005040
11.675158	-0.0003726
11.679059	0.0006480
11.682961	0.0001135
11.686863	-0.0002067
11.690766	0.0004957
11.694670	0.0008275
11.698575	0.0009089
11.702480	-0.0006759
11.706386	0.0004492
11.710293	-0.0002265
11.714200	0.0003251
11.718108	0.0003550
11.722017	-0.0007015
11.725926	0.0003520
11.729836	-0.0001636
11.733747	-0.0004818
11.737659	-0.0005019
11.741571	-0.0000755
11.745484	0.0001376
11.749398	0.0000771
11.753312	0.0008493
11.757227	-0.0005666
11.761143	0.0005260
11.765060	0.0015236
11.768977	0.0001703
11.772895	-0.0005019
11.776813	-0.0004065
11.780732	-0.0004123
11.784652	0.0014611
11.788573	-0.0001007
11.792495	-0.0006122
11.796417	0.0000843
11.800340	-0.0007598
11.804263	-0.0005178
11.808187	0.0003003
11.812112	0.0011258
11.816038	-0.0011135
11.819964	-0.0007147
11.823891	0.0009343
11.827819	0.0002574
11.831747	0.0003139
11.835676	-0.0002959
11.839606	0.0005069
11.843537	-0.0005889
11.847468	-0.0002374
11.851400	-0.0003640
11.855333	-0.0000859
11.859266	-0.0008290
11.863200	-0.0006522
11.867135	-0.0003181
11.871070	-0.0001891
11.875006	0.0006552
11.878943	0.0002976
11.882881	0.0000329
11.886819	0.0002013
11.890758	-0.0002419
11.894698	-0.0001050
11.898638	0.0012180
11.902579	0.0008748
11.906521	-0.0004994
11.910463	-0.0000782
11.914407	0.0003017
11.918350	-0.0000519
11.922295	-0.0004042
11.926240	-0.0001518
11.930186	0.0004393
11.934133	0.0002594
11.938080	0.0008734
11.942028	-0.0006647
11.945977	0.0009074
11.949927	-0.0013171
11.953877	-0.0003550
11.957828	-0.0002124
11.961780	0.0009085
11.965732	0.0000844
11.969685	-0.0007496
11.973639	0.0001141
11.977593	0.0001442
11.981548	-0.0000470
11.985504	-0.0004070
11.989460	-0.0000628
11.993418	-0.0003123
11.997376	0.0003460
12.001334	0.0011625
12.005294	0.0005212
12.009254	-0.0005763
12.013214	0.0013274
12.017176	-0.0000028
12.021138	-0.0005902
12.025101	0.0006573
12.029064	0.0003126
12.033029	-0.0000938
12.036994	0.0000601
12.040959	0.0002100
12.044926	-0.0015942
12.048893	-0.0001314
12.052860	-0.0005052
12.056829	-0.0003446
12.060798	0.0003611
12.064768	-0.0000618
12.068738	0.0003527
12.072710	0.0003088
12.076682	0.0008511
12.080654	-0.0000471
12.084628	-0.0002762
12.088602	0.0004655
12.092577	0.0005891
12.096552	-0.0006309
12.100528	-0.0000318
12.104505	0.0004502
12.108483	-0.0002024
12.112461	-0.0001794
12.116440	-0.0004295
12.120420	0.0000428
12.124400	-0.0002049
12.128381	-0.0006078
12.132363	0.0000559
12.136346	-0.0001882
12.140329	-0.0000091
12.144313	-0.0000299
12.148297	-0.0000824
12.152283	0.0005031
12.156269	-0.0006490
12.160255	-0.0002367
12.164243	0.0002386
12.168231	-0.0001625
12.172220	0.0002293
12.176209	0.0010885
12.180200	0.0008785
12.184191	-0.0002086
12.188182	-0.0006564
12.192175	0.0000312
12.196168	0.0003148
12.200161	-0.0000337
12.204156	-0.0006419
12.208151	0.0000981
12.212147	-0.0008929
12.216143	-0.0003844
12.220141	0.0006638
12.224139	-0.0000762
12.228137	0.0003552
12.232137	0.0002183
12.236137	0.0001124
12.240138	-0.0008258
12.244139	-0.0004449
12.248141	-0.0004279
12.252144	-0.0008066
12.256148	0.0009793
12.260152	-0.0006064
12.264157	-0.0012126
12.268163	0.0007535
12.272169	-0.0004877
12.276176	0.0007709
12.280184	0.0003688
12.284192	-0.0007303
12.288202	-0.0005488
12.292212	-0.0003650
12.296222	-0.0011077
12.300234	-0.0009243
12.304246	0.0005762
12.308258	0.0002894
12.312272	0.0005179
12.316286	-0.0002555
12.320301	-0.0000260
12.324316	-0.0000687
12.328332	-0.0005421
12.332349	-0.0005704
12.336367	-0.0007580
12.340385	0.0000762
12.344404	0.0002798
12.348424	-0.0006955
12.352445	-0.0005863
12.356466	0.0003371
12.360488	-0.0007751
12.364510	-0.0000238
12.368533	-0.0007326
12.372557	0.0008138
12.376582	-0.0001733
12.380607	0.0007841
12.384633	0.0005892
12.388660	0.0004763
12.392688	-0.0000393
12.396716	-0.0008745
12.400745	0.0007238
12.404774	-0.0002334
12.408804	-0.0003260
12.412835	-0.0005851
12.416867	-0.0000176
12.420900	0.0001313
12.424933	-0.0001026
12.428966	-0.0002162
12.433001	-0.0006175
12.437036	0.0001881
12.441072	0.0000574
12.445109	0.0001763
12.449146	0.0003343
12.453184	-0.0000014
12.457223	0.0004044
12.461262	-0.0000357
12.465302	-0.0000136
12.469343	-0.0015372
12.473384	-0.0002354
12.477427	0.0002480
12.481470	-0.0002122
12.485513	0.0000431
12.489558	-0.0001912
12.493603	-0.0002431
12.497648	-0.0009605
12.501695	-0.0006033
12.505742	0.0000118
12.509790	-0.0002883
12.513838	0.0001817
12.517887	-0.0004698
12.521937	-0.0006716
12.525988	0.0002650
12.530039	0.0006275
12.534091	0.0014682
12.538144	0.0003109
12.542198	-0.0010504
12.546252	-0.0000059
12.550307	0.0009391
12.554362	0.0006601
12.558419	0.0000566
12.562475	-0.0001609
12.566533	-0.0012424
12.570592	0.0018791
12.574651	-0.0003253
12.578710	-0.0002337
12.582771	-0.0008445
12.586832	-0.0000377
12.590894	-0.0009073
12.594957	-0.0000023
12.599020	-0.0001626
12.603084	-0.0002675
12.607149	0.0001164
12.611214	-0.0014648
12.615280	0.0005585
12.619347	-0.0016193
12.623414	-0.0004477
12.627483	0.0010793
12.631551	0.0004414
12.635621	-0.0003320
12.639691	0.0000994
12.643762	-0.0006354
12.647834	-0.0002388
12.651907	0.0006727
12.655980	-0.0005813
12.660053	-0.0000538
12.664128	-0.0005633
12.668203	-0.0001966
12.672279	0.0012585
12.676356	-0.0004044
12.680433	0.0002069
12.684511	0.0007872
12.688590	0.0003120
12.692669	-0.0009534
12.696750	0.0006646
12.700830	-0.0000098
12.704912	-0.0002411
12.708994	-0.0007793
12.713077	0.0003087
12.717161	-0.0002284
12.721245	0.0006504
12.725330	-0.0002938
12.729416	-0.0001178
12.733502	0.0015230
12.737590	0.0001917
12.741678	-0.0005666
12.745766	-0.0004306
12.749855	-0.0007814
12.753945	-0.0004097
12.758036	0.0009626
12.762127	-0.0002370
12.766220	0.0016890
12.770312	-0.0002166
12.774406	0.0008784
12.778500	-0.0002206
12.782595	-0.0003102
12.786690	-0.0002278
12.790787	-0.0004604
12.794884	0.0016107
12.798981	-0.0005286
12.803080	0.0004126
12.807179	0.0003130
12.811279	-0.0011944
12.815379	0.0005057
12.819481	-0.0006577
12.823582	-0.0003522
12.827685	0.0000837
12.831788	0.0008496
12.835892	-0.0005656
12.839997	0.0004673
12.844103	-0.0005770
12.848209	-0.0000039
12.852316	0.0005847
12.856423	-0.0005787
12.860531	-0.0006076
12.864640	0.0001122
12.868750	-0.0002986
12.872860	-0.0008617
12.876971	0.0004538
12.881083	0.0004711
12.885196	-0.0000760
12.889309	-0.0001094
12.893423	-0.0001917
12.897537	-0.0008132
12.901652	0.0001080
12.905768	0.0003136
12.909885	0.0006297
12.914002	0.0001226
12.918121	-0.0003105
12.922239	0.0000939
12.926359	-0.0008035
12.930479	0.0006525
12.934600	-0.0004253
12.938721	-0.0001669
12.942844	0.0002633
12.946967	0.0001640
12.951090	-0.0001551
12.955215	0.0002448
12.959340	0.0002132
12.963466	0.0009768
12.967592	-0.0005724
12.971720	-0.0002751
12.975847	0.0007811
12.979976	0.0001803
12.984105	0.0006394
12.988235	-0.0000094
12.992366	-0.0004376
12.996498	0.0005194
13.000630	0.0002650
13.004762	-0.0003399
13.008896	-0.0006246
13.013030	-0.0004929
13.017165	-0.0008041
13.021301	-0.0001768
13.025437	0.0005448
13.029574	0.0000012
13.033712	-0.0000166
13.037850	-0.0002418
13.041990	-0.0003031
13.046129	0.0009394
13.050270	-0.0003777
13.054411	-0.0003277
13.058553	-0.0008053
13.062696	-0.0010058
13.066839	0.0000543
13.070983	-0.0000092
13.075128	-0.0002582
13.079273	0.0011695
13.083420	-0.0006589
13.087567	-0.0003950
13.091714	-0.0006970
13.095862	0.0006941
13.100011	0.0010040
13.104161	-0.0003729
13.108311	-0.0013072
13.112463	-0.0003721
13.116614	0.0004228
13.120767	0.0006565
13.124920	-0.0009489
13.129074	0.0003720
13.133229	0.0007298
13.137384	0.0002645
13.141540	0.0007325
13.145697	-0.0000353
13.149854	-0.0006551
13.154012	-0.0002749
13.158171	-0.0002511
13.162330	0.0000388
13.166491	0.0001257
13.170652	-0.0007167
13.174813	-0.0004993
13.178975	-0.0003594
13.183139	0.0000656
13.187302	-0.0006533
13.191467	0.0000937
13.195632	-0.0010954
13.199798	-0.0006355
13.203964	-0.0004632
13.208131	0.0005641
13.212299	-0.0012946
13.216468	0.0001309
13.220637	0.0012430
13.224807	-0.0007693
13.228978	0.0002387
13.233150	0.0003034
13.237322	-0.0002958
13.241495	-0.0001161
13.245668	-0.0005902
13.249843	0.0002309
13.254018	-0.0001383
13.258193	-0.0002546
13.262370	-0.0000684
13.266547	0.0006893
13.270724	-0.0010161
13.274903	-0.0000386
13.279082	-0.0006234
13.283262	0.0004429
13.287443	0.0001626
13.291624	-0.0007108
13.295806	0.0002827
13.299989	0.0001069
13.304172	-0.0012329
13.308356	-0.0004432
13.312541	0.0001123
13.316726	0.0000383
13.320913	-0.0006725
13.325100	0.0010458
13.329287	0.0001532
13.333475	-0.0000794
13.337664	0.0000952
13.341854	-0.0007197
13.346045	0.0003151
13.350236	0.0003690
13.354428	-0.0003963
13.358620	-0.0011094
13.362813	-0.0003976
13.367007	0.0000213
13.371202	-0.0007721
13.375397	0.0007963
13.379593	0.0004030
13.383790	0.0005273
13.387988	-0.0006980
13.392186	0.0007846
13.396385	-0.0003189
13.400584	0.0003032
13.404784	-0.0000234
13.408985	0.0007193
13.413187	-0.0006039
13.417389	-0.0001098
13.421592	0.0004297
13.425796	0.0005169
13.430001	0.0011345
13.434206	-0.0006819
13.438412	-0.0001875
13.442618	-0.0000844
13.446826	-0.0013443
13.451034	-0.0006073
13.455242	-0.0000511
13.459452	0.0007747
13.463662	0.0002354
13.467872	0.0005378
13.472084	0.0007630
13.476296	-0.0003643
13.480509	0.0002107
13.484723	0.0003317
13.488937	0.0002250
13.493152	0.0000394
13.497368	0.0000685
13.501584	0.0002779
13.505801	0.0011361
13.510019	-0.0007894
13.514238	-0.0002206
13.518457	0.0000290
13.522677	0.0017309
13.526897	0.0011984
13.531119	-0.0009856
13.535341	-0.0004606
13.539563	-0.0005547
13.543787	-0.0001930
13.548011	-0.0003992
13.552236	-0.0000610
13.556461	0.0002325
13.560688	0.0000758
13.564915	0.0009473
13.569142	-0.0008859
13.573371	-0.0002991
13.577600	0.0007200
13.581829	-0.0003006
13.586060	0.0000928
13.590291	0.0009847
13.594523	-0.0003078
13.598756	0.0002186
13.602989	0.0008667
13.607223	0.0007165
13.611457	0.0011033
13.615693	-0.0000562
13.619929	0.0005952
13.624166	0.0001101
13.628403	0.0011640
13.632641	0.0014128
13.636880	0.0010194
13.641120	-0.0001745
13.645360	-0.0011039
13.649601	-0.0004906
13.653843	-0.0002470
13.658085	-0.0000828
13.662328	0.0007072
13.666572	0.0006688
13.670817	0.0003003
13.675062	-0.0003009
13.679308	-0.0002738
13.683554	0.0009043
13.687802	-0.0002250
13.692050	0.0001580
13.696298	0.0000008
13.700548	-0.0001877
13.704798	0.0000319
13.709049	-0.0017110
13.713300	0.0007780
13.717553	-0.0000156
13.721806	0.0001120
13.726059	0.0006129
13.730314	-0.0001661
13.734569	0.0000113
13.738824	0.0012551
13.743081	-0.0006619
13.747338	-0.0006070
13.751596	-0.0012790
13.755854	0.0002073
13.760114	0.0007309
13.764374	-0.0005230
13.768634	-0.0011851
13.772896	0.0001369
13.777158	-0.0000570
13.781420	-0.0003220
13.785684	-0.0005022
13.789948	0.0007513
13.794213	0.0006033
13.798479	0.0001886
13.802745	-0.0002399
13.807012	0.0003119
13.811280	-0.0002673
13.815548	-0.0007106
13.819817	0.0010926
13.824087	-0.0005127
13.828357	-0.0004987
13.832628	0.0012053
13.836900	0.0005226
13.841173	0.0003514
13.845446	0.0006543
13.849720	-0.0004655
13.853995	-0.0003740
13.858270	0.0011965
13.862547	0.0005805
13.866823	0.0001369
13.871101	0.0004916
13.875379	-0.0009181
13.879658	0.0005063
13.883938	0.0000306
13.888218	0.0010171
13.892499	0.0005508
13.896781	-0.0001331
13.901063	0.0006803
13.905346	-0.0001726
13.909630	-0.0000622
13.913915	-0.0004374
13.918200	0.0003610
13.922486	-0.0000826
13.926773	-0.0006697
13.931060	-0.0006190
13.935348	0.0001654
13.939637	-0.0000470
13.943926	0.0000076
13.948216	0.0004545
13.952507	0.0003662
13.956799	-0.0001222
13.961091	-0.0007373
13.965384	0.0008477
13.969678	-0.0011611
13.973972	0.0004014
13.978267	-0.0012411
13.982563	-0.0000009
13.986860	-0.0010196
13.991157	0.0002302
13.995455	-0.0001225
13.999753	0.0008152
14.004052	0.0001366
14.008352	0.0007579
14.012653	-0.0007984
14.016955	0.0008535
14.021257	-0.0003298
14.025560	0.0005710
14.029863	-0.0004515
14.034167	0.0005268
14.038472	-0.0003869
14.042778	-0.0003844
14.047084	0.0010583
14.051391	0.0015208
14.055699	0.0007718
14.060007	-0.0003235
14.064316	0.0001925
14.068626	0.0006364
14.072937	0.0003668
14.077248	-0.0008895
14.081560	-0.0006533
14.085873	-0.0008371
14.090186	-0.0002193
14.094500	0.0003418
14.098815	-0.0020265
14.103130	-0.0012219
14.107446	0.0009296
14.111763	0.0006608
14.116081	0.0012047
14.120399	0.0003491
14.124718	-0.0005805
14.129038	0.0007803
14.133358	-0.0004768
14.137679	0.0006476
14.142001	-0.0005869
14.146323	0.0006746
14.150646	0.0008266
14.154970	-0.0006852
14.159295	0.0008203
14.163620	-0.0007412
14.167946	-0.0007995
14.172273	-0.0000477
14.176600	0.0005617
14.180928	-0.0001799
14.185257	0.0007801
14.189587	-0.0000874
14.193917	-0.0002702
14.198248	-0.0006561
14.202579	-0.0005731
14.206912	-0.0008662
14.211245	0.0000507
14.215578	0.0001787
14.219913	0.0000085
14.224248	-0.0002245
14.228584	-0.0002314
14.232920	-0.0001717
14.237258	0.0006651
14.241596	-0.0001585
14.245934	0.0000130
14.250273	-0.0002975
14.254614	-0.0002219
14.258954	0.0000086
14.263296	0.0002142
14.267638	-0.0010288
14.271981	0.0001780
14.276324	-0.0003434
14.280668	-0.0006412
14.285013	-0.0005717
14.289359	-0.0012136
14.293705	0.0008535
14.298052	-0.0000235
14.302400	0.0004237
14.306749	-0.0007399
14.311098	0.0002629
14.315448	0.0007728
14.319798	-0.0007527
14.324150	0.0006346
14.328502	0.0003639
14.332854	-0.0011620
14.337208	-0.0006841
14.341562	-0.0000089
14.345917	-0.0007257
14.350272	0.0008113
14.354628	0.0000398
14.358985	-0.0002696
14.363343	-0.0000387
14.367701	0.0002955
14.372060	-0.0006963
14.376420	0.0003922
14.380780	0.0004233
14.385141	0.0004379
14.389503	0.0002445
14.393866	-0.0004519
14.398229	-0.0001134
14.402593	0.0005012
14.406957	0.0005337
14.411323	-0.0000712
14.415689	-0.0009884
14.420055	0.0004070
14.424423	0.0014748
14.428791	0.0007071
14.433160	-0.0005060
14.437529	0.0003136
14.441900	0.0005844
14.446270	-0.0000979
14.450642	0.0015678
14.455014	0.0018843
14.459388	-0.0002882
14.463761	-0.0003336
14.468136	0.0001017
14.472511	0.0010350
14.476887	-0.0013790
14.481263	-0.0000191
14.485641	-0.0005731
14.490019	0.0000443
14.494397	0.0006005
14.498777	0.0000236
14.503157	-0.0009009
14.507537	0.0009989
14.511919	-0.0005099
14.516301	0.0000958
14.520684	0.0003226
14.525068	-0.0002944
14.529452	-0.0004563
14.533837	-0.0000031
14.538222	0.0004897
14.542609	0.0005043
14.546996	0.0001508
14.551384	-0.0005322
14.555772	0.0002069
14.560161	-0.0002098
14.564551	-0.0008095
14.568942	0.0004742
14.573333	-0.0006223
14.577725	-0.0000925
14.582118	0.0000211
14.586511	-0.0001617
14.590906	-0.0005761
14.595300	-0.0002283
14.599696	-0.0005787
14.604092	0.0001739
14.608489	0.0002181
14.612887	-0.0003425
14.617285	-0.0005953
14.621684	0.0004759
14.626084	-0.0005713
14.630484	0.0003260
14.634885	0.0002872
14.639287	0.0007641
14.643690	-0.0007667
14.648093	0.0009242
14.652497	-0.0005051
14.656902	-0.0006040
14.661307	-0.0003487
14.665713	0.0008567
14.670120	-0.0001101
14.674527	-0.0002482
14.678936	-0.0000084
14.683344	0.0000622
14.687754	0.0013178
14.692164	-0.0000176
14.696575	-0.0007094
14.700987	0.0008652
14.705399	-0.0005791
14.709812	0.0002808
14.714226	0.0009127
14.718641	0.0001282
14.723056	0.0003860
14.727472	-0.0000826
14.731888	0.0004289
14.736306	0.0011757
14.740724	0.0004345
14.745142	0.0002139
14.749562	0.0001894
14.753982	0.0001097
14.758403	-0.0003877
14.762824	0.0003315
14.767246	-0.0000589
14.771669	-0.0001219
14.776093	-0.0002803
14.780517	-0.0008290
14.784942	0.0007758
14.789368	-0.0000073
14.793794	0.0009688
14.798222	0.0004929
14.802649	-0.0001307
14.807078	-0.0001811
14.811507	0.0000830
14.815937	-0.0009591
14.820368	0.0001853
14.824799	-0.0004847
14.829231	-0.0003280
14.833664	-0.0003166
14.838097	0.0007422
14.842532	-0.0000244
14.846966	0.0000070
14.851402	-0.0001429
14.855838	-0.0005220
14.860275	0.0004516
14.864713	-0.0003760
14.869151	0.0000089
14.873590	-0.0005266
14.878030	-0.0012298
14.882471	0.0002784
14.886912	-0.0003045
14.891354	0.0019444
14.895796	0.0004141
14.900240	0.0000047
14.904683	0.0001229
14.909128	-0.0005520
14.913574	0.0001594
14.918020	0.0002281
14.922466	-0.0004355
14.926914	-0.0000320
14.931362	-0.0000470
14.935811	0.0006401
14.940261	-0.0008268
14.944711	0.0002833
14.949162	0.0004585
14.953614	-0.0004070
14.958066	0.0003751
14.962519	-0.0003800
14.966973	-0.0001441
14.971428	0.0000832
14.975883	0.0007359
14.980339	-0.0002001
14.984795	-0.0000160
14.989253	0.0012759
14.993711	0.0003117
14.998170	0.0006442
15.002629	-0.0002142
15.007089	0.0001713
15.011550	-0.0009826
15.016012	0.0005272
15.020474	-0.0008863
15.024937	-0.0010128
15.029400	0.0008704
15.033865	-0.0010182
15.038330	0.0011565
15.042796	-0.0003428
15.047262	0.0000096
15.051729	-0.0004804
15.056197	-0.0010001
15.060666	-0.0006901
15.065135	0.0005655
15.069605	-0.0000102
15.074076	0.0005852
15.078547	0.0002698
15.083019	-0.0002224
15.087492	-0.0002571
15.091965	0.0003453
15.096440	0.0003183
15.100914	-0.0000194
15.105390	0.0000629
15.109866	0.0000743
15.114343	-0.0000178
15.118821	0.0005011
15.123300	0.0001892
15.127779	0.0015367
15.132258	0.0002100
15.136739	0.0003225
15.141220	0.0008444
15.145702	-0.0003108
15.150185	-0.0007681
15.154668	0.0000218
15.159152	-0.0006597
15.163637	-0.0006267
15.168122	-0.0008232
15.172608	0.0000295
15.177095	-0.0002781
15.181583	-0.0009258
15.186071	0.0005672
15.190560	-0.0000783
15.195050	-0.0005227
15.199540	-0.0000175
15.204031	-0.0010552
15.208523	0.0007709
15.213015	-0.0003780
15.217508	-0.0008226
15.222002	0.0000254
15.226497	0.0000295
15.230992	0.0004076
15.235488	0.0007722
15.239985	-0.0013314
15.244482	0.0003581
15.248980	-0.0004009
15.253479	-0.0006524
15.257978	0.0002182
15.262479	0.0004671
15.266979	0.0008984
15.271481	0.0006133
15.275983	0.0010982
15.280486	0.0000517
15.284990	0.0007443
15.289494	0.0006492
15.294000	-0.0000856
15.298505	0.0001525
15.303012	-0.0000370
15.307519	-0.0002902
15.312027	0.0010487
15.316536	0.0000131
15.321045	-0.0007990
15.325555	0.0002594
15.330066	0.0001094
15.334577	-0.0000710
15.339089	0.0002797
15.343602	-0.0003322
15.348116	-0.0011828
15.352630	-0.0000887
15.357145	0.0006873
15.361660	-0.0006928
15.366177	0.0004237
15.370694	0.0005297
15.375211	-0.0002122
15.379730	0.0000652
15.384249	0.0003602
15.388769	0.0015384
15.393289	-0.0000424
15.397811	0.0011288
15.402333	-0.0000556
15.406855	0.0011210
15.411379	0.0002523
15.415903	-0.0009591
15.420427	0.0001579
15.424953	0.0003415
15.429479	0.0001143
15.434006	-0.0001554
15.438534	0.0002846
15.443062	-0.0003288
15.447591	-0.0005538
15.452121	-0.0009878
15.456651	-0.0012309
15.461182	-0.0002305
15.465714	-0.0004757
15.470246	-0.0010618
15.474779	-0.0003076
15.479313	-0.0004102
15.483848	-0.0007882
15.488383	-0.0011187
15.492919	-0.0007630
15.497456	0.0012975
15.501993	0.0014164
15.506532	-0.0002880
15.511070	-0.0001782
15.515610	0.0002546
15.520150	-0.0007515
15.524691	-0.0003728
15.529233	-0.0002712
15.533775	0.0000928
15.538318	-0.0006468
15.542862	-0.0007817
15.547406	-0.0000441
15.551951	0.0004673
15.556497	0.0006840
15.561044	0.0001875
15.565591	-0.0005856
15.570139	-0.0002953
15.574688	0.0005012
15.579237	-0.0001819
15.583787	0.0002334
15.588338	-0.0004869
15.592889	-0.0004715
15.597441	0.0003504
15.601994	0.0000922
15.606548	0.0004201
15.611102	0.0006778
15.615657	-0.0015063
15.620213	-0.0002400
15.624769	0.0010162
15.629326	-0.0002265
15.633884	-0.0011689
15.638442	0.0006136
15.643002	-0.0009084
15.647561	-0.0011257
15.652122	-0.0000119
15.656683	-0.0004736
15.661245	-0.0001499
15.665808	0.0001298
15.670371	-0.0006827
15.674935	-0.0006789
15.679500	-0.0008361
15.684066	-0.0005970
15.688632	-0.0002131
15.693199	-0.0002154
15.697767	-0.0014477
15.702335	-0.0002755
15.706904	0.0005823
15.711474	0.0002645
15.716044	0.0003604
15.720615	-0.0012093
15.725187	0.0002599
15.729759	-0.0009542
15.734333	-0.0007629
15.738907	-0.0006458
15.743481	0.0003698
15.748057	-0.0004049
15.752633	0.0004107
15.757209	0.0000925
15.761787	-0.0004629
15.766365	0.0001688
15.770944	0.0006440
15.775523	0.0005126
15.780104	-0.0011032
15.784685	0.0003021
15.789266	-0.0001548
15.793849	0.0003584
15.798432	0.0002338
15.803015	0.0000345
15.807600	0.0005786
15.812185	-0.0000773
15.816771	-0.0009502
15.821358	0.0002277
15.825945	0.0003371
15.830533	-0.0001093
15.835122	0.0014766
15.839711	-0.0008386
15.844301	-0.0001895
15.848892	0.0008632
15.853483	-0.0005046
15.858076	-0.0002463
15.862668	0.0010004
15.867262	-0.0002512
15.871856	-0.0007609
15.876451	-0.0011161
15.881047	0.0002254
15.885643	-0.0006035
15.890241	0.0004657
15.894838	0.0007692
15.899437	-0.0005644
15.904036	0.0001489
15.908636	0.0004102
15.913237	-0.0001774
15.917838	0.0000395
15.922440	-0.0004249
15.927043	-0.0002909
15.931646	-0.0007598
15.936250	-0.0001933
15.940855	0.0008817
15.945461	0.0009324
15.950067	0.0006962
15.954674	-0.0009669
15.959282	-0.0003247
15.963890	0.0011330
15.968499	0.0002146
15.973109	-0.0003754
15.977719	-0.0011421
15.982330	0.0006119
15.986942	-0.0004665
15.991555	-0.0000920
15.996168	-0.0002099
16.000782	-0.0001827
16.005397	-0.0011093
16.010012	0.0004976
16.014628	0.0004283
16.019245	-0.0004498
16.023862	0.0009232
16.028481	0.0000585
16.033100	0.0003785
16.037719	-0.0008494
16.042339	0.0002436
16.046960	0.0009987
16.051582	0.0002914
16.056204	-0.0005081
16.060828	-0.0002081
16.065451	-0.0004837
16.070076	0.0003039
16.074701	0.0003194
16.079327	0.0007267
16.083954	-0.0001568
16.088581	0.0011301
16.093209	0.0008309
16.097838	0.0007023
16.102467	-0.0011879
16.107097	-0.0001360
16.111728	0.0001381
16.116360	0.0015380
16.120992	-0.0011170
16.125625	0.0006780
16.130258	0.0000926
16.134893	0.0002490
16.139528	-0.0004909
16.144164	-0.0001370
16.148800	-0.0004421
16.153437	-0.0011529
16.158075	-0.0003124
16.162714	0.0008977
16.167353	0.0006223
16.171993	-0.0004432
16.176633	-0.0006810
16.181275	-0.0010560
16.185917	0.0003241
16.190560	0.0001671
16.195203	0.0006300
16.199847	0.0004225
16.204492	-0.0005645
16.209138	0.0007787
16.213784	-0.0000198
16.218431	-0.0001576
16.223079	0.0004877
16.227727	-0.0004155
16.232376	0.0003622
16.237026	0.0000902
16.241676	0.0002011
16.246328	-0.0003360
16.250980	-0.0001898
16.255632	-0.0000032
16.260285	-0.0000248
16.264940	-0.0007095
16.269594	0.0007139
16.274250	0.0013875
16.278906	-0.0006434
16.283563	-0.0005655
16.288220	-0.0002847
16.292878	-0.0004678
16.297537	0.0012047
16.302197	0.0009737
16.306857	0.0006903
16.311518	0.0002493
16.316180	0.0000037
16.320842	0.0000789
16.325506	-0.0009003
16.330169	0.0009031
16.334834	-0.0002529
16.339499	-0.0002907
16.344165	0.0006908
16.348832	-0.0007564
16.353499	0.0000755
16.358167	-0.0016710
16.362836	-0.0000123
16.367505	0.0005947
16.372176	-0.0009329
16.376846	0.0004261
16.381518	-0.0003997
16.386190	-0.0008351
16.390863	-0.0008765
16.395537	0.0003829
16.400211	0.0000788
16.404886	0.0000100
16.409562	0.0001380
16.414239	0.0011147
16.418916	-0.0003596
16.423594	-0.0009566
16.428272	-0.0000851
16.432952	0.0009905
16.437632	0.0005437
16.442312	0.0000002
16.446994	-0.0002167
16.451676	-0.0003224
16.456359	-0.0000841
16.461042	0.0006364
16.465726	0.0006434
16.470411	0.0010500
16.475097	-0.0009934
16.479783	-0.0003336
16.484470	-0.0001185
16.489158	-0.0004786
16.493846	0.0008683
16.498535	-0.0003354
16.503225	0.0006493
16.507916	-0.0000245
16.512607	-0.0014997
16.517299	0.0002468
16.521992	-0.0018045
16.526685	-0.0004436
16.531379	0.0003232
16.536074	0.0010917
16.540769	-0.0004042
16.545465	-0.0001339
16.550162	-0.0002925
16.554860	0.0004397
16.559558	-0.0007422
16.564257	0.0000235
16.568957	-0.0002153
16.573657	0.0000592
16.578358	0.0004423
16.583060	0.0001371
16.587762	-0.0002132
16.592466	-0.0007999
16.597169	0.0004095
16.601874	0.0000885
16.606579	0.0000007
16.611285	-0.0013603
16.615992	0.0004884
16.620699	0.0012147
16.625407	0.0004741
16.630116	-0.0004650
16.634826	-0.0004519
16.639536	-0.0010271
16.644247	-0.0009217
16.648958	0.0000190
16.653671	-0.0009692
16.658384	0.0001511
16.663098	0.0005368
16.667812	0.0004960
16.672527	-0.0006579
16.677243	0.0010624
16.681959	0.0004955
16.686677	0.0005576
16.691395	-0.0005901
16.696113	0.0003384
16.700833	-0.0000734
16.705553	-0.0001716
16.710273	0.0013858
16.714995	-0.0012849
16.719717	-0.0001686
16.724440	-0.0000559
16.729163	-0.0002785
16.733887	-0.0006286
16.738612	-0.0007420
16.743338	0.0003607
16.748064	-0.0005427
16.752792	0.0000828
16.757519	-0.0012160
16.762248	-0.0000049
16.766977	0.0006066
16.771707	0.0000636
16.776437	0.0000394
16.781169	0.0011403
16.785901	0.0005326
16.790633	-0.0001531
16.795367	0.0005545
16.800101	0.0003070
16.804836	0.0000664
16.809571	-0.0000399
16.814307	0.0002036
16.819044	-0.0006624
16.823782	-0.0006100
16.828520	-0.0001205
16.833259	0.0002628
16.837999	0.0004510
16.842739	-0.0002122
16.847480	-0.0002006
16.852222	0.0012875
16.856965	0.0001723
16.861708	-0.0012780
16.866452	-0.0003875
16.871196	-0.0000892
16.875942	-0.0007883
16.880688	0.0002531
16.885434	0.0003270
16.890182	0.0002560
16.894930	0.0003412
16.899679	0.0005590
16.904428	0.0008596
16.909178	0.0004803
16.913929	-0.0003668
16.918681	0.0000157
16.923433	-0.0002282
16.928186	-0.0005063
16.932940	-0.0002462
16.937695	-0.0002562
16.942450	-0.0007333
16.947206	-0.0014477
16.951962	0.0005006
16.956720	-0.0003452
16.961477	-0.0004513
16.966236	0.0009183
16.970995	-0.0013521
16.975756	-0.0005126
16.980516	0.0002109
16.985278	0.0003260
16.990040	0.0010009
16.994803	-0.0004976
16.999566	0.0004333
17.004331	0.0010524
17.009096	0.0004420
17.013861	-0.0001469
17.018628	0.0000906
17.023395	-0.0001061
17.028163	0.0002441
17.032931	-0.0001284
17.037700	-0.0000857
17.042470	0.0002196
17.047241	-0.0008768
17.052012	-0.0007519
17.056784	0.0002607
17.061557	0.0005014
17.066330	0.0000110
17.071104	0.0009719
17.075879	0.0012258
17.080655	0.0001858
17.085431	0.0000287
17.090208	-0.0006918
17.094986	0.0008518
17.099764	0.0003426
17.104543	-0.0002752
17.109323	-0.0001465
17.114103	0.0003572
17.118884	0.0005211
17.123666	0.0000763
17.128449	-0.0008971
17.133232	-0.0011429
17.138016	-0.0004288
17.142801	-0.0001702
17.147586	0.0008265
17.152372	-0.0003533
17.157159	-0.0003949
17.161946	0.0004612
17.166734	-0.0001566
17.171523	0.0001859
17.176313	-0.0012707
17.181103	-0.0001224
17.185894	-0.0006199
17.190686	0.0000107
17.195478	0.0008317
17.200271	-0.0003933
17.205065	0.0010364
17.209860	0.0002997
17.214655	0.0006218
17.219451	-0.0004856
17.224247	0.0002090
17.229044	0.0003288
17.233842	-0.0007808
17.238641	0.0008242
17.243441	-0.0009611
17.248241	-0.0003285
17.253042	-0.0014256
17.257843	0.0002600
17.262645	0.0008558
17.267448	-0.0005690
17.272252	0.0003554
17.277056	0.0008395
17.281861	0.0009442
17.286667	0.0003772
17.291473	-0.0000560
17.296280	0.0001531
17.301088	0.0004404
17.305897	0.0006838
17.310706	0.0005739
17.315516	-0.0000575
17.320327	0.0002233
17.325138	-0.0007904
17.329950	0.0008921
17.334763	-0.0000883
17.339576	-0.0001658
17.344390	0.0007727
17.349205	-0.0003401
17.354021	-0.0006052
17.358837	0.0004498
17.363654	-0.0001012
17.368472	0.0005163
17.373290	-0.0011505
17.378109	0.0002393
17.382929	0.0000384
17.387749	0.0001707
17.392571	-0.0004688
17.397392	-0.0004296
17.402215	0.0004354
17.407038	-0.0004410
17.411862	0.0004866
17.416687	0.0008407
17.421512	0.0001591
17.426338	0.0001948
17.431165	-0.0001517
17.435993	0.0003983
17.440821	-0.0008783
17.445650	0.0007674
17.450480	-0.0003645
17.455310	-0.0004787
17.460141	0.0005717
17.464973	0.0010618
17.469805	-0.0015897
17.474638	0.0003158
17.479472	0.0000036
17.484306	-0.0007030
17.489142	-0.0003048
17.493978	-0.0005513
17.498814	0.0015415
17.503652	0.0003901
17.508490	0.0004219
17.513328	0.0002912
17.518168	0.0015308
17.523008	0.0011704
17.527849	-0.0003234
17.532690	-0.0001560
17.537533	-0.0000380
17.542376	0.0007310
17.547219	0.0000306
17.552064	-0.0000533
17.556909	-0.0010036
17.561754	-0.0002415
17.566601	-0.0004348
17.571448	-0.0004964
17.576296	-0.0000099
17.581144	0.0010772
17.585994	-0.0008359
17.590844	0.0001719
17.595694	0.0005757
17.600546	0.0004110
17.605398	-0.0010738
17.610251	0.0012445
17.615104	-0.0009026
17.619958	0.0008272
17.624813	0.0011017
17.629669	-0.0001842
17.634525	-0.0007952
17.639382	0.0001257
17.644240	0.0002892
17.649098	-0.0015875
17.653957	0.0000144
17.658817	-0.0000904
17.663678	-0.0000366
17.668539	-0.0002277
17.673401	-0.0005082
17.678263	-0.0009597
17.683127	-0.0002720
17.687991	-0.0003432
17.692856	0.0002547
17.697721	-0.0003347
17.702587	-0.0002180
17.707454	-0.0002849
17.712321	0.0004183
17.717190	-0.0000215
17.722059	-0.0006372
17.726928	0.0004668
17.731799	0.0002365
17.736670	-0.0000619
17.741541	-0.0004218
17.746414	-0.0006399
17.751287	-0.0004713
17.756161	0.0003893
17.761035	0.0006506
17.765911	0.0004917
17.770787	0.0005336
17.775663	0.0010559
17.780541	0.0002227
17.785419	-0.0002555
17.790298	-0.0000319
17.795177	0.0003830
17.800057	-0.0000732
17.804938	0.0003172
17.809820	0.0012310
17.814702	-0.0005781
17.819585	-0.0011933
17.824469	-0.0010095
17.829353	-0.0003205
17.834238	0.0003190
17.839124	0.0000164
17.844010	-0.0002557
17.848898	0.0002368
17.853786	0.0007446
17.858674	-0.0000093
17.863564	-0.0005195
17.868454	0.0005845
17.873344	-0.0003972
17.878236	-0.0001528
17.883128	-0.0000236
17.888021	0.0000640
17.892914	-0.0004377
17.897808	-0.0007938
17.902703	-0.0009759
17.907599	-0.0009687
17.912495	-0.0002605
17.917392	-0.0001525
17.922290	-0.0000470
17.927189	0.0008679
17.932088	-0.0007061
17.936987	-0.0000924
17.941888	0.0012024
17.946789	0.0000028
17.951691	-0.0020073
17.956594	0.0006303
17.961497	-0.0001072
17.966401	-0.0005779
17.971306	0.0009133
17.976212	-0.0000059
17.981118	0.0008406
17.986025	-0.0000123
17.990932	0.0000137
17.995840	0.0000738
18.000749	0.0007272
18.005659	-0.0006572
18.010570	-0.0004510
18.015481	-0.0005031
18.020392	-0.0001996
18.025305	0.0000549
18.030218	0.0000341
18.035132	-0.0002720
18.040047	-0.0009328
18.044962	0.0007202
18.049878	-0.0007667
18.054795	-0.0003153
18.059712	-0.0000486
18.064630	-0.0000913
18.069549	-0.0010255
18.074468	0.0006202
18.079389	-0.0002680
18.084310	-0.0004218
18.089231	-0.0011031
18.094154	0.0002437
18.099077	0.0004064
18.104000	0.0002737
18.108925	-0.0005826
18.113850	0.0002356
18.118776	0.0001078
18.123702	0.0007555
18.128629	-0.0003137
18.133557	0.0002282
18.138486	-0.0001667
18.143415	-0.0004928
18.148345	-0.0001041
18.153276	-0.0004299
18.158208	-0.0007756
18.163140	0.0006790
18.168073	0.0000837
18.173006	0.0006994
18.177941	-0.0001847
18.182875	-0.0000955
18.187811	0.0000031
18.192748	0.0007856
18.197685	0.0003517
18.202622	-0.0004991
18.207561	-0.0015514
18.212500	-0.0009277
18.217440	0.0008876
18.222381	0.0005818
18.227322	-0.0005740
18.232264	0.0009534
18.237207	0.0005764
18.242150	0.0004321
18.247094	0.0005734
18.252039	0.0004752
18.256984	-0.0008450
18.261931	0.0003794
18.266877	-0.0002449
18.271825	-0.0013947
18.276773	0.0007320
18.281722	0.0010081
18.286672	-0.0006807
18.291623	0.0003629
18.296574	0.0006567
18.301525	-0.0014320
18.306478	0.0006849
18.311431	-0.0001954
18.316385	-0.0009995
18.321340	0.0003666
18.326295	-0.0000344
18.331251	-0.0001447
18.336208	0.0005752
18.341165	-0.0002095
18.346124	0.0002328
18.351082	-0.0007066
18.356042	0.0003121
18.361002	0.0004739
18.365963	0.0001537
18.370925	0.0004526
18.375887	-0.0000241
18.380850	-0.0000338
18.385814	-0.0001249
18.390778	-0.0007376
18.395744	-0.0002782
18.400710	-0.0001854
18.405676	0.0008356
18.410643	0.0006341
18.415611	0.0001200
18.420580	-0.0003654
18.425549	-0.0012081
18.430520	-0.0006687
18.435490	0.0010445
18.440462	-0.0000229
18.445434	-0.0011259
18.450407	0.0003669
18.455380	0.0007271
18.460355	-0.0004537
18.465330	-0.0001738
18.470305	0.0002946
18.475282	-0.0003196
18.480259	-0.0006992
18.485237	-0.0004048
18.490215	-0.0002472
18.495195	-0.0001554
18.500174	0.0000528
18.505155	0.0001374
18.510136	-0.0002947
18.515118	0.0009025
18.520101	-0.0006753
18.525085	-0.0009095
18.530069	0.0006693
18.535054	0.0007533
18.540039	-0.0002435
18.545025	-0.0002448
18.550012	0.0003029
18.555000	-0.0000802
18.559988	0.0001229
18.564977	0.0005053
18.569967	-0.0004776
18.574958	0.0001697
18.579949	-0.0000902
18.584941	-0.0005192
18.589933	0.0016034
18.594926	-0.0002856
18.599920	-0.0002204
18.604915	0.0008929
18.609910	0.0009981
18.614907	0.0005147
18.619903	0.0000019
18.624901	0.0002271
18.629899	-0.0003797
18.634898	0.0005341
18.639897	-0.0003767
18.644898	0.0003745
18.649899	-0.0014059
18.654900	0.0020380
18.659903	-0.0001443
18.664906	0.0008103
18.669910	0.0005874
18.674914	0.0001481
18.679920	-0.0000422
18.684925	0.0003611
18.689932	-0.0007745
18.694939	0.0004045
18.699947	0.0000707
18.704956	-0.0003891
18.709966	-0.0002441
18.714976	-0.0002623
18.719986	-0.0015540
18.724998	-0.0004365
18.730010	0.0000269
18.735023	-0.0005000
18.740037	-0.0011861
18.745051	0.0002721
18.750066	0.0001711
18.755082	0.0002713
18.760098	-0.0003084
18.765116	-0.0002267
18.770133	-0.0006090
18.775152	0.0004503
18.780171	0.0005410
18.785191	-0.0003835
18.790212	0.0001672
18.795233	0.0004210
18.800255	0.0000779
18.805278	-0.0005707
18.810301	-0.0006985
18.815326	-0.0009017
18.820351	-0.0012420
18.825376	0.0000970
18.830402	-0.0003522
18.835429	-0.0004310
18.840457	0.0000707
18.845485	-0.0010011
18.850515	-0.0002886
18.855544	-0.0001407
18.860575	-0.0006013
18.865606	-0.0005150
18.870638	-0.0002724
18.875671	-0.0001350
18.880704	0.0005039
18.885738	-0.0000141
18.890773	-0.0004076
18.895808	-0.0000077
18.900844	-0.0000665
18.905881	0.0004013
18.910918	0.0002486
18.915957	-0.0003778
18.920996	0.0001392
18.926035	-0.0005963
18.931075	0.0003593
18.936117	0.0000161
18.941158	-0.0007626
18.946201	-0.0009813
18.951244	0.0002990
18.956288	0.0005565
18.961332	-0.0005018
18.966377	-0.0001183
18.971423	0.0006425
18.976470	0.0002933
18.981517	0.0032607
18.986565	0.0054903
18.991614	0.0115616
18.996664	0.0202900
19.001714	0.0329659
19.006765	0.0448108
19.011816	0.0536630
19.016869	0.0592302
19.021922	0.0586428
19.026975	0.0524955
19.032030	0.0474614
19.037085	0.0346613
19.042140	0.0270951
19.047197	0.0178701
19.052254	0.0101009
19.057312	0.0079704
19.062371	0.0050971
19.067430	0.0020056
19.072490	0.0009143
19.077551	0.0005399
19.082612	-0.0004289
19.087674	-0.0002995
19.092737	0.0002129
19.097800	-0.0005788
19.102865	0.0002013
19.107930	-0.0008883
19.112995	0.0002250
19.118061	0.0011346
19.123128	0.0000557
19.128196	-0.0006145
19.133265	0.0006897
19.138334	0.0010473
19.143404	-0.0003849
19.148474	0.0009442
19.153545	0.0004786
19.158617	-0.0005332
19.163690	0.0013405
19.168763	-0.0003516
19.173837	-0.0002494
19.178912	0.0003453
19.183987	-0.0010637
19.189064	0.0005787
19.194141	0.0002690
19.199218	-0.0000831
19.204296	0.0005981
19.209375	0.0001027
19.214455	0.0000872
19.219535	-0.0005666
19.224616	-0.0000118
19.229698	0.0002732
19.234781	0.0003726
19.239864	0.0006213
19.244948	-0.0004063
19.250032	-0.0008751
19.255118	0.0003727
19.260204	-0.0000531
19.265290	0.0003128
19.270378	-0.0007264
19.275466	0.0015723
19.280554	0.0011270
19.285644	0.0008989
19.290734	-0.0000067
19.295825	-0.0007773
19.300917	-0.0002495
19.306009	0.0003166
19.311102	-0.0005319
19.316196	0.0015455
19.321290	0.0001843
19.326385	0.0006789
19.331481	0.0012167
19.336578	0.0010280
19.341675	0.0008758
19.346773	0.0002067
19.351871	0.0005621
19.356971	-0.0022184
19.362071	-0.0009076
19.367171	-0.0000014
19.372273	-0.0009914
19.377375	0.0001207
19.382478	-0.0006122
19.387581	-0.0002244
19.392686	-0.0002759
19.397791	-0.0002927
19.402896	0.0000808
19.408003	-0.0002468
19.413110	0.0003279
19.418217	0.0004022
19.423326	-0.0012813
19.428435	0.0005659
19.433545	-0.0002209
19.438655	-0.0004036
19.443767	-0.0005114
19.448879	0.0002500
19.453991	-0.0005705
19.459105	-0.0001275
19.464219	-0.0007542
19.469334	0.0001853
19.474449	0.0001618
19.479565	0.0003517
19.484682	0.0005393
19.489800	0.0001372
19.494918	0.0002765
19.500037	0.0011684
19.505157	-0.0001943
19.510277	0.0000276
19.515398	0.0002375
19.520520	-0.0009942
19.525643	0.0001349
19.530766	-0.0001824
19.535890	-0.0000100
19.541014	-0.0001080
19.546140	0.0006510
19.551266	0.0007900
19.556392	-0.0006704
19.561520	0.0000204
19.566648	-0.0000726
19.571777	0.0003705
19.576906	-0.0002930
19.582037	0.0008228
19.587168	-0.0004042
19.592299	-0.0007903
19.597432	-0.0009969
19.602565	0.0008885
19.607698	-0.0007042
19.612833	0.0010273
19.617968	0.0000388
19.623104	-0.0001692
19.628240	0.0005234
19.633378	0.0005107
19.638516	0.0006074
19.643654	-0.0005909
19.648794	0.0002518
19.653934	-0.0001855
19.659074	0.0004384
19.664216	-0.0004955
19.669358	0.0010307
19.674501	-0.0003561
19.679645	-0.0004563
19.684789	-0.0000823
19.689934	-0.0000301
19.695080	0.0003878
19.700226	-0.0000542
19.705373	-0.0009388
19.710521	-0.0002137
19.715669	-0.0001128
19.720818	0.0003501
19.725968	0.0006422
19.731119	0.0003202
19.736270	-0.0001132
19.741422	0.0001908
19.746575	-0.0012973
19.751728	0.0005685
19.756883	-0.0001302
19.762037	0.0001043
19.767193	-0.0003669
19.772349	0.0002800
19.777506	0.0000780
19.782664	0.0000279
19.787822	0.0003580
19.792981	0.0001862
19.798141	-0.0004921
19.803301	0.0003781
19.808462	0.0004777
19.813624	0.0000193
19.818787	-0.0006969
19.823950	-0.0004963
19.829114	-0.0009044
19.834279	-0.0003588
19.839444	0.0000428
19.844610	-0.0005459
19.849777	-0.0003300
19.854944	-0.0017946
19.860112	-0.0003456
19.865281	0.0000992
19.870451	-0.0012955
19.875621	0.0002688
19.880792	-0.0005097
19.885964	0.0001662
19.891136	0.0001908
19.896309	-0.0000934
19.901483	0.0007322
19.906658	-0.0006608
19.911833	-0.0010410
19.917009	0.0004898
19.922185	-0.0000856
19.927362	-0.0005887
19.932540	0.0004359
19.937719	0.0008430
19.942899	0.0002192
19.948079	-0.0005497
19.953260	-0.0011167
19.958441	-0.0006904
19.963623	-0.0000741
19.968806	0.0000410
19.973990	-0.0006849
19.979174	0.0016673
19.984359	0.0012144
19.989545	0.0006219
19.994731	-0.0008462
19.999918	0.0004737
20.005106	-0.0005166
20.010295	0.0005207
20.015484	-0.0003202
20.020674	-0.0002945
20.025865	-0.0001640
20.031056	0.0002650
20.036248	-0.0000500
20.041441	0.0008295
20.046634	-0.0006326
20.051828	0.0006741
20.057023	-0.0003501
20.062219	-0.0003604
20.067415	-0.0007887
20.072612	-0.0013306
20.077810	-0.0008448
20.083008	-0.0003141
20.088207	-0.0000758
20.093407	0.0006074
20.098607	0.0008531
20.103808	-0.0000087
20.109010	0.0013343
20.114213	0.0002322
20.119416	0.0006934
20.124620	-0.0002208
20.129825	-0.0003294
20.135030	-0.0001871
20.140236	0.0004350
20.145443	0.0013686
20.150651	-0.0003602
20.155859	-0.0013438
20.161068	0.0002183
20.166277	0.0004986
20.171488	-0.0001573
20.176699	0.0013496
20.181910	-0.0005196
20.187123	-0.0003552
20.192336	-0.0007630
20.197550	-0.0001422
20.202764	0.0001049
20.207980	0.0014468
20.213196	0.0006460
20.218412	-0.0000073
20.223629	-0.0000609
20.228848	0.0004892
20.234066	0.0004311
20.239286	0.0004205
20.244506	-0.0007256
20.249727	-0.0003491
20.254948	-0.0007216
20.260170	-0.0003417
20.265393	0.0005341
20.270617	0.0005160
20.275841	0.0004835
20.281066	-0.0000367
20.286292	0.0009449
20.291519	0.0003552
20.296746	-0.0000623
20.301974	0.0000406
20.307202	-0.0002087
20.312432	0.0000211
20.317662	-0.0009620
20.322892	-0.0001435
20.328124	-0.0006585
20.333356	0.0007041
20.338589	0.0001779
20.343822	-0.0006249
20.349056	-0.0013809
20.354291	0.0003627
20.359527	0.0008586
20.364763	-0.0000679
20.370000	-0.0003206
20.375238	0.0003043
20.380476	0.0001196
20.385715	0.0005085
20.390955	0.0007302
20.396196	-0.0004697
20.401437	0.0005075
20.406679	0.0005488
20.411921	-0.0004228
20.417165	-0.0005717
20.422409	0.0011864
20.427653	-0.0010739
20.432899	0.0007005
20.438145	-0.0004565
20.443392	0.0003145
20.448639	0.0005296
20.453888	0.0001117
20.459136	0.0002403
20.464386	0.0006921
20.469636	-0.0001761
20.474888	0.0003968
20.480139	-0.0009918
20.485392	-0.0001771
20.490645	0.0000439
20.495899	-0.0006340
20.501153	0.0007400
20.506409	-0.0000495
20.511665	-0.0004938
20.516921	-0.0001246
20.522179	-0.0000548
20.527437	0.0005772
20.532695	-0.0007101
20.537955	0.0007203
20.543215	0.0007491
20.548476	-0.0009053
20.553738	0.0008191
20.559000	-0.0004511
20.564263	-0.0001751
20.569526	0.0000454
20.574791	-0.0006590
20.580056	0.0008330
20.585322	-0.0000057
20.590588	-0.0000320
20.595855	0.0007781
20.601123	0.0000904
20.606392	-0.0003877
20.611661	-0.0000163
20.616931	0.0004182
20.622202	0.0005557
20.627473	-0.0006560
20.632746	-0.0006970
20.638018	0.0005169
20.643292	0.0003248
20.648566	0.0001712
20.653841	-0.0004757
20.659117	0.0000385
20.664393	-0.0006470
20.669670	-0.0005207
20.674948	0.0008673
20.680226	0.0005764
20.685505	0.0000810
20.690785	0.0005331
20.696066	-0.0002047
20.701347	0.0002840
20.706629	-0.0007277
20.711912	-0.0014782
20.717195	0.0009883
20.722479	0.0001488
20.727764	0.0000756
20.733049	-0.0005573
20.738335	-0.0010035
20.743622	-0.0003603
20.748910	-0.0005416
20.754198	-0.0010633
20.759487	0.0002793
20.764777	0.0016155
20.770067	0.0000869
20.775358	0.0008798
20.780650	-0.0006296
20.785943	-0.0013617
20.791236	0.0003170
20.796530	-0.0000112
20.801824	-0.0001195
20.807120	0.0007386
20.812416	0.0004278
20.817712	-0.0004025
20.823010	0.0007509
20.828308	-0.0007338
20.833607	0.0000572
20.838906	-0.0009514
20.844206	0.0005411
20.849507	0.0000132
20.854809	0.0000610
20.860111	-0.0003661
20.865414	0.0000261
20.870718	0.0012219
20.876022	-0.0005342
20.881328	-0.0011826
20.886633	-0.0004311
20.891940	0.0002798
20.897247	0.0002178
20.902555	0.0001332
20.907864	-0.0001565
20.913173	0.0009024
20.918483	-0.0005156
20.923794	0.0008259
20.929105	-0.0016344
20.934418	0.0006341
20.939730	-0.0001934
20.945044	0.0004996
20.950358	-0.0003604
20.955673	0.0004736
20.960989	0.0003595
20.966305	0.0000997
20.971622	0.0004417
20.976940	0.0006120
20.982259	-0.0001929
20.987578	0.0000837
20.992898	-0.0014518
20.998218	0.0006643
21.003540	-0.0000007
21.008861	-0.0002779
21.014184	0.0000242
21.019508	0.0006570
21.024832	-0.0000380
21.030156	0.0005284
21.035482	-0.0004657
21.040808	-0.0016828
21.046135	-0.0000621
21.051463	-0.0005780
21.056791	-0.0001643
21.062120	0.0009165
21.067450	-0.0006833
21.072780	0.0003739
21.078111	0.0008450
21.083443	0.0008071
21.088776	-0.0005288
21.094109	0.0000276
21.099443	0.0011985
21.104777	0.0005507
21.110113	-0.0008729
21.115449	-0.0006726
21.120786	-0.0002814
21.126123	-0.0003320
21.131461	-0.0002681
21.136800	0.0006449
21.142140	-0.0002216
21.147480	-0.0005646
21.152821	-0.0003955
21.158162	-0.0002661
21.163505	-0.0007360
21.168848	0.0003252
21.174192	-0.0003336
21.179536	-0.0004925
21.184881	0.0004940
21.190227	-0.0002859
21.195574	-0.0001448
21.200921	-0.0001692
21.206269	-0.0000282
21.211618	0.0000554
21.216967	0.0001777
21.222317	-0.0001239
21.227668	-0.0011574
21.233019	-0.0005637
21.238372	-0.0003177
21.243724	0.0008939
21.249078	-0.0003374
21.254432	0.0004197
21.259787	-0.0006192
21.265143	0.0004225
21.270499	-0.0000672
21.275857	0.0010503
21.281214	-0.0006089
21.286573	0.0000954
21.291932	-0.0001735
21.297292	-0.0003418
21.302653	-0.0000736
21.308014	-0.0003040
21.313376	0.0001052
21.318739	-0.0000094
21.324102	-0.0007606
21.329466	-0.0010756
21.334831	-0.0007239
21.340197	-0.0000672
21.345563	0.0003000
21.350930	0.0005954
21.356298	-0.0009454
21.361666	-0.0008486
21.367035	0.0004276
21.372405	-0.0002523
21.377775	-0.0003308
21.383146	0.0006328
21.388518	-0.0005046
21.393891	0.0002503
21.399264	-0.0004073
21.404638	-0.0003218
21.410013	0.0002829
21.415388	-0.0008065
21.420764	-0.0015056
21.426141	-0.0001853
21.431518	-0.0003435
21.436897	-0.0007370
21.442275	-0.0001677
21.447655	-0.0007109
21.453035	-0.0004467
21.458416	0.0003143
21.463798	-0.0000001
21.469180	-0.0000651
21.474564	-0.0003214
21.479947	-0.0001816
21.485332	0.0014205
21.490717	-0.0000002
21.496103	0.0002633
21.501490	0.0010222
21.506877	-0.0004312
21.512265	0.0005146
21.517654	-0.0007032
21.523043	0.0003782
21.528433	-0.0003087
21.533824	0.0011242
21.539215	0.0010799
21.544608	-0.0005457
21.550001	0.0006063
21.555394	0.0006150
21.560789	-0.0001132
21.566184	-0.0005166
21.571579	0.0005472
21.576976	0.0003376
21.582373	-0.0002450
21.587771	0.0004363
21.593169	0.0001703
21.598569	-0.0004113
21.603969	0.0001921
21.609369	0.0001754
21.614771	0.0010307
21.620173	-0.0004393
21.625575	-0.0007874
21.630979	0.0007519
21.636383	0.0009358
21.641788	0.0001754
21.647194	0.0010696
21.652600	-0.0001862
21.658007	0.0001990
21.663415	-0.0006934
21.668823	0.0007090
21.674232	0.0005430
21.679642	-0.0004190
21.685052	0.0001225
21.690463	0.0001686
21.695875	-0.0003117
21.701288	0.0004672
21.706701	-0.0004801
21.712115	0.0008079
21.717530	-0.0006923
21.722945	-0.0003546
21.728362	-0.0000796
21.733778	0.0005947
21.739196	-0.0002454
21.744614	0.0006687
21.750033	0.0004168
21.755453	-0.0000039
21.760873	-0.0000606
21.766294	-0.0007780
21.771716	-0.0004581
21.777138	-0.0008087
21.782561	-0.0002382
21.787985	0.0004761
21.793410	-0.0001048
21.798835	0.0003115
21.804261	-0.0008583
21.809688	0.0001075
21.815115	0.0010385
21.820543	-0.0000923
21.825972	0.0009234
21.831401	-0.0003234
21.836831	-0.0006344
21.842262	-0.0004120
21.847694	0.0003461
21.853126	0.0004598
21.858559	0.0002642
21.863993	0.0001567
21.869427	0.0005294
21.874862	-0.0000600
21.880298	0.0001340
21.885734	-0.0007030
21.891172	-0.0002404
21.896609	0.0006728
21.902048	0.0003304
21.907487	0.0005022
21.912927	-0.0002463
21.918368	0.0000395
21.923809	0.0000277
21.929251	-0.0006623
21.934694	0.0002171
21.940138	0.0001848
21.945582	-0.0003916
21.951027	-0.0000333
21.956473	-0.0002951
21.961919	0.0002364
21.967366	0.0008586
21.972814	0.0000161
21.978262	0.0009973
21.983711	0.0002375
21.989161	0.0004053
21.994611	-0.0008194
22.000063	-0.0001859
22.005515	0.0008900
22.010967	0.0013314
22.016421	-0.0004756
22.021875	0.0002257
22.027329	-0.0001888
22.032785	0.0003173
22.038241	0.0000134
22.043698	0.0000281
22.049155	0.0002411
22.054614	-0.0002304
22.060073	0.0007473
22.065532	0.0000546
22.070993	-0.0007315
22.076454	-0.0005433
22.081916	-0.0002919
22.087378	-0.0002074
22.092841	-0.0003205
22.098305	-0.0000733
22.103770	0.0000460
22.109235	-0.0002433
22.114701	0.0006980
22.120168	0.0002448
22.125635	0.0001661
22.131103	0.0001631
22.136572	-0.0005369
22.142041	0.0001797
22.147512	0.0000280
22.152982	-0.0007839
22.158454	0.0002730
22.163926	-0.0003508
22.169399	-0.0004366
22.174873	0.0000252
22.180347	-0.0012367
22.185823	0.0000861
22.191298	-0.0002664
22.196775	0.0004979
22.202252	0.0008006
22.207730	-0.0012772
22.213209	-0.0000296
22.218688	0.0003046
22.224168	-0.0000592
22.229649	-0.0009365
22.235130	-0.0005221
22.240612	0.0002313
22.246095	-0.0000439
22.251579	0.0009287
22.257063	0.0001705
22.262548	0.0013511
22.268034	0.0006586
22.273520	-0.0003370
22.279007	0.0001275
22.284495	-0.0007061
22.289983	0.0008179
22.295472	0.0000501
22.300962	0.0005158
22.306453	-0.0007779
22.311944	0.0000695
22.317436	-0.0000034
22.322929	-0.0001339
22.328422	-0.0002789
22.333916	-0.0010499
22.339411	0.0001277
22.344906	0.0007791
22.350403	-0.0017837
22.355899	0.0007373
22.361397	-0.0009114
22.366895	-0.0000089
22.372394	0.0003061
22.377894	-0.0005325
22.383394	0.0004097
22.388896	-0.0005523
22.394397	0.0004112
22.399900	0.0003678
22.405403	0.0008573
22.410907	-0.0001637
22.416412	0.0005681
22.421917	0.0006307
22.427423	-0.0003835
22.432930	0.0004171
22.438437	-0.0001295
22.443945	0.0006667
22.449454	0.0005203
22.454964	0.0003243
22.460474	0.0018196
22.465985	0.0002047
22.471496	-0.0001385
22.477009	0.0000734
22.482522	0.0002058
22.488036	-0.0008979
22.493550	0.0011669
22.499065	-0.0000476
22.504581	-0.0003476
22.510098	0.0006258
22.515615	-0.0002012
22.521133	0.0011444
22.526651	0.0000085
22.532171	-0.0000752
22.537691	-0.0012993
22.543212	-0.0006720
22.548733	0.0003896
22.554255	-0.0021937
22.559778	-0.0015753
22.565302	-0.0001394
22.570826	-0.0008666
22.576351	0.0002395
22.581877	-0.0005060
22.587403	0.0004069
22.592930	0.0002504
22.598458	0.0000187
22.603986	-0.0004097
22.609516	0.0001750
22.615046	-0.0003748
22.620576	-0.0000444
22.626107	-0.0001081
22.631640	-0.0000053
22.637172	-0.0004333
22.642706	0.0000636
22.648240	0.0010797
22.653775	0.0005209
22.659310	-0.0004091
22.664846	-0.0005781
22.670383	0.0000842
22.675921	0.0001944
22.681459	-0.0006455
22.686998	-0.0000751
22.692538	0.0007437
22.698078	-0.0000439
22.703620	-0.0004529
22.709161	0.0004108
22.714704	-0.0007540
22.720247	0.0002563
22.725791	0.0006512
22.731336	0.0002186
22.736881	-0.0004784
22.742427	0.0000735
22.747974	-0.0003773
22.753521	-0.0006460
22.759070	0.0002455
22.764618	-0.0000003
22.770168	0.0008797
22.775718	0.0005841
22.781269	-0.0010995
22.786821	-0.0006528
22.792373	-0.0001971
22.797926	-0.0012608
22.803480	0.0003093
22.809035	-0.0001112
22.814590	-0.0008800
22.820146	0.0001742
22.825702	0.0002239
22.831260	-0.0008478
22.836818	0.0004167
22.842376	-0.0004932
22.847936	0.0010469
22.853496	0.0005928
22.859057	-0.0004303
22.864618	-0.0001618
22.870180	-0.0014882
22.875743	-0.0004446
22.881307	0.0008451
22.886871	-0.0007542
22.892436	-0.0001763
22.898002	0.0003312
22.903568	-0.0003152
22.909135	0.0015058
22.914703	0.0003864
22.920272	0.0006228
22.925841	0.0003373
22.931411	0.0002771
22.936982	0.0033322
22.942553	0.0089612
22.948125	0.0231078
22.953698	0.0535280
22.959271	0.1070132
22.964845	0.1957899
22.970420	0.3101775
22.975996	0.4389581
22.981572	0.5545723
22.987149	0.6137594
22.992727	0.6042126
22.998305	0.5684322
23.003884	0.4855770
23.009464	0.3899491
23.015044	0.2896083
23.020626	0.1989047
23.026207	0.1282493
23.031790	0.0762748
23.037373	0.0424009
23.042957	0.0221356
23.048542	0.0105263
23.054127	0.0052461
23.059713	0.0012459
23.065300	0.0002018
23.070888	0.0001369
23.076476	0.0000790
23.082065	0.0013124
23.087654	-0.0002954
23.093245	0.0008051
23.098836	0.0007626
23.104428	-0.0004411
23.110020	0.0003953
23.115613	-0.0001709
23.121207	0.0001600
23.126801	0.0006041
23.132397	0.0001410
23.137993	-0.0003023
23.143589	0.0004164
23.149187	0.0011086
23.154785	-0.0004539
23.160383	0.0003280
23.165983	-0.0009317
23.171583	-0.0015141
23.177184	-0.0000155
23.182785	0.0003272
23.188388	0.0004420
23.193990	-0.0004041
23.199594	0.0003293
23.205198	-0.0013606
23.210804	0.0000789
23.216409	-0.0009074
23.222016	-0.0000423
23.227623	0.0001978
23.233231	-0.0007728
23.238839	0.0001428
23.244449	-0.0000696
23.250059	-0.0007715
23.255669	-0.0001668
23.261281	-0.0004365
23.266893	-0.0004709
23.272506	0.0005364
23.278119	0.0001966
23.283733	0.0002160
23.289348	0.0004788
23.294964	-0.0001133
23.300580	0.0007073
23.306197	-0.0009736
23.311815	-0.0003175
23.317433	0.0008386
23.323052	-0.0006512
23.328672	-0.0002766
23.334293	-0.0005485
23.339914	0.0000304
23.345536	0.0005411
23.351158	0.0005767
23.356782	0.0016862
23.362406	0.0000305
23.368030	0.0001520
23.373656	0.0000720
23.379282	0.0002394
23.384909	-0.0001033
23.390536	-0.0006650
23.396164	0.0001490
23.401793	-0.0002788
23.407423	0.0003592
23.413053	0.0000019
23.418684	0.0010939
23.424316	-0.0001200
23.429949	-0.0002812
23.435582	0.0002551
23.441216	-0.0001594
23.446850	-0.0008455
23.452486	-0.0003834
23.458121	0.0000885
23.463758	0.0004067
23.469396	0.0000211
23.475034	0.0004142
23.480672	-0.0000302
23.486312	0.0005312
23.491952	-0.0008438
23.497593	-0.0003798
23.503234	0.0000496
23.508877	0.0007212
23.514520	-0.0007551
23.520163	0.0003961
23.525808	0.0001385
23.531453	-0.0000026
23.537099	0.0010829
23.542745	0.0000611
23.548392	0.0005382
23.554040	0.0001500
23.559689	-0.0004966
23.565338	0.0006407
23.570988	-0.0005939
23.576639	0.0016891
23.582290	0.0006024
23.587942	-0.0000840
23.593595	0.0002038
23.599249	-0.0003789
23.604903	0.0004328
23.610558	-0.0001587
23.616214	-0.0000200
23.621870	-0.0010617
23.627527	-0.0000967
23.633185	-0.0008623
23.638843	-0.0007431
23.644502	-0.0001980
23.650162	0.0001471
23.655823	-0.0005275
23.661484	0.0004857
23.667146	-0.0002466
23.672809	0.0003724
23.678472	0.0010616
23.684136	0.0003552
23.689801	0.0004908
23.695466	-0.0000178
23.701132	-0.0002536
23.706799	0.0002687
23.712467	-0.0006994
23.718135	0.0012560
23.723804	0.0001337
23.729474	0.0005413
23.735144	0.0004377
23.740815	0.0001505
23.746487	0.0001238
23.752159	-0.0010783
23.757833	-0.0000258
23.763507	0.0000126
23.769181	0.0005992
23.774856	0.0001597
23.780532	-0.0012476
23.786209	-0.0009348
23.791887	-0.0005234
23.797565	0.0005458
23.803244	-0.0001618
23.808923	-0.0003412
23.814603	-0.0009807
23.820284	-0.0006211
23.825966	-0.0006566
23.831648	0.0008945
23.837331	-0.0005325
23.843015	0.0007708
23.848699	-0.0000857
23.854384	-0.0000855
23.860070	-0.0006869
23.865757	0.0005500
23.871444	-0.0002467
23.877132	0.0001067
23.882821	-0.0003838
23.888510	-0.0010467
23.894200	-0.0000210
23.899891	0.0003705
23.905582	-0.0001835
23.911274	0.0002522
23.916967	0.0009011
23.922661	0.0003453
23.928355	0.0004005
23.934050	0.0001251
23.939746	0.0002615
23.945442	-0.0003420
23.951139	-0.0002774
23.956837	-0.0008178
23.962535	-0.0003537
23.968235	0.0002240
23.973934	0.0000693
23.979635	-0.0000283
23.985336	0.0000934
23.991038	-0.0001868
23.996741	0.0002593
24.002444	0.0004809
24.008148	-0.0011787
24.013853	0.0008970
24.019559	0.0012219
24.025265	-0.0000017
24.030972	-0.0001748
24.036680	0.0000586
24.042388	0.0006464
24.048097	-0.0011105
24.053807	0.0001988
24.059517	-0.0007031
24.065228	-0.0005030
24.070940	0.0000252
24.076652	0.0003987
24.082366	0.0005610
24.088080	-0.0000630
24.093794	-0.0001726
24.099510	-0.0004260
24.105226	0.0001735
24.110942	0.0006953
24.116660	-0.0000342
24.122378	-0.0010376
24.128097	0.0002853
24.133816	-0.0007242
24.139537	0.0014239
24.145258	0.0003693
24.150979	-0.0003779
24.156702	0.0004997
24.162425	-0.0002394
24.168148	-0.0000098
24.173873	0.0001506
24.179598	-0.0000606
24.185324	0.0000867
24.191050	-0.0001305
24.196778	0.0001659
24.202506	0.0003303
24.208234	-0.0005544
24.213964	-0.0001867
24.219694	0.0007659
24.225425	0.0002437
24.231156	0.0000946
24.236888	0.0005602
24.242621	-0.0007288
24.248355	-0.0006707
24.254089	-0.0001510
24.259824	-0.0005007
24.265560	-0.0001479
24.271296	0.0001319
24.277033	-0.0013635
24.282771	-0.0000632
24.288510	-0.0003571
24.294249	0.0005014
24.299989	-0.0001527
24.305729	0.0010959
24.311471	0.0008940
24.317213	0.0018234
24.322956	0.0002121
24.328699	-0.0010206
24.334443	0.0014412
24.340188	-0.0006150
24.345933	-0.0009917
24.351680	0.0006068
24.357427	0.0003815
24.363174	0.0003682
24.368923	0.0002491
24.374672	0.0004778
24.380421	-0.0006312
24.386172	-0.0001066
24.391923	0.0004931
24.397675	0.0002801
24.403427	-0.0001771
24.409181	-0.0011304
24.414935	0.0003301
24.420689	-0.0002205
24.426445	-0.0004814
24.432201	-0.0003868
24.437958	-0.0003253
24.443715	-0.0003061
24.449473	0.0003009
24.455232	-0.0013201
24.460992	-0.0009466
24.466752	-0.0005880
24.472513	0.0007487
24.478275	-0.0002415
24.484037	0.0014015
24.489800	0.0003702
24.495564	-0.0001008
24.501328	0.0002497
24.507094	0.0005054
24.512860	0.0000708
24.518626	-0.0010163
24.524394	-0.0001695
24.530162	0.0005495
24.535930	0.0000914
24.541700	0.0009258
24.547470	-0.0007285
24.553241	0.0002886
24.559012	-0.0008148
24.564784	-0.0000067
24.570557	-0.0009413
24.576331	0.0002202
24.582105	-0.0008594
24.587880	-0.0000570
24.593656	-0.0004815
24.599433	0.0001842
24.605210	-0.0008823
24.610988	-0.0000984
24.616766	0.0000273
24.622545	-0.0011689
24.628325	0.0000377
24.634106	-0.0008991
24.639887	0.0002704
24.645669	0.0002248
24.651452	-0.0013834
24.657236	-0.0006059
24.663020	0.0005446
24.668805	0.0001584
24.674590	0.0000247
24.680376	0.0008052
24.686163	0.0008020
24.691951	0.0001256
24.697740	-0.0000853
24.703529	-0.0002669
24.709318	0.0005081
24.715109	-0.0007852
24.720900	-0.0000408
24.726692	0.0012642
24.732485	0.0004116
24.738278	0.0008407
24.744072	0.0001288
24.749867	-0.0003723
24.755662	0.0000735
24.761458	0.0000118
24.767255	-0.0000020
24.773052	0.0007608
24.778851	0.0005344
24.784650	0.0001189
24.790449	-0.0009942
24.796250	-0.0004921
24.802051	-0.0003546
24.807852	0.0014582
24.813655	-0.0004311
24.819458	0.0003420
24.825262	0.0004700
24.831066	0.0002015
24.836871	0.0003203
24.842677	0.0006835
24.848484	0.0008416
24.854291	0.0008886
24.860099	0.0006329
24.865908	0.0007366
24.871718	-0.0001086
24.877528	0.0013473
24.883339	0.0001586
24.889150	-0.0009467
24.894963	0.0000451
24.900776	-0.0005830
24.906589	0.0000405
24.912404	-0.0009363
24.918219	0.0002776
24.924034	0.0003617
24.929851	-0.0004378
24.935668	0.0001790
24.941486	0.0002440
24.947305	-0.0002799
24.953124	-0.0005742
24.958944	-0.0000096
24.964765	0.0006606
24.970586	-0.0003631
24.976408	0.0006679
24.982231	0.0003916
24.988054	-0.0011341
24.993879	0.0006301
24.999703	0.0015605
25.005529	0.0004186
25.011355	0.0002458
25.017182	-0.0000376
25.023010	0.0002239
25.028839	0.0007622
25.034668	0.0000952
25.040497	-0.0007447
25.046328	-0.0004231
25.052159	0.0013352
25.057991	-0.0003036
25.063824	-0.0002369
25.069657	0.0003944
25.075491	0.0006212
25.081326	0.0001158
25.087161	-0.0006321
25.092998	-0.0006663
25.098834	-0.0000034
25.104672	-0.0007793
25.110510	-0.0007507
25.116349	-0.0007763
25.122189	-0.0004017
25.128029	-0.0002852
25.133870	0.0003019
25.139712	-0.0005883
25.145554	-0.0002082
25.151398	-0.0005253
25.157242	0.0009004
25.163086	0.0006492
25.168931	0.0005609
25.174777	0.0000120
25.180624	0.0005673
25.186471	-0.0006886
25.192319	0.0004522
25.198168	0.0004882
25.204018	-0.0001954
25.209868	0.0004316
25.215719	-0.0005388
25.221570	0.0001631
25.227423	-0.0004633
25.233276	0.0003416
25.239129	0.0006903
25.244984	-0.0003189
25.250839	-0.0004480
25.256695	-0.0000792
25.262551	-0.0003843
25.268409	0.0007665
25.274266	-0.0005826
25.280125	-0.0012637
25.285984	0.0011336
25.291844	-0.0002306
25.297705	0.0012752
25.303567	-0.0004684
25.309429	0.0000240
25.315292	0.0001265
25.321155	0.0005193
25.327019	0.0003391
25.332884	-0.0006604
25.338750	-0.0001789
25.344616	0.0008305
25.350483	-0.0004939
25.356351	0.0006554
25.362220	0.0008922
25.368089	0.0001293
25.373959	-0.0005925
25.379829	-0.0006320
25.385700	-0.0001171
25.391572	0.0007102
25.397445	0.0008142
25.403318	-0.0002246
25.409193	0.0000733
25.415067	-0.0000120
25.420943	0.0003011
25.426819	-0.0000059
25.432696	-0.0002254
25.438573	0.0001533
25.444452	0.0006041
25.450331	0.0005258
25.456210	0.0007414
25.462091	-0.0000981
25.467972	0.0013857
25.473854	0.0002811
25.479736	-0.0006267
25.485619	-0.0001000
25.491503	-0.0004382
25.497388	0.0000908
25.503273	0.0005031
25.509159	-0.0002379
25.515046	-0.0003231
25.520934	-0.0006969
25.526822	-0.0004660
25.532710	-0.0007447
25.538600	-0.0000321
25.544490	-0.0004415
25.550381	0.0003824
25.556273	-0.0011280
25.562165	0.0010821
25.568058	-0.0013183
25.573952	-0.0015882
25.579846	0.0005295
25.585742	-0.0001133
25.591637	0.0005277
25.597534	-0.0006464
25.603431	0.0003842
25.609329	0.0005504
25.615228	0.0006367
25.621127	-0.0003677
25.627027	0.0000048
25.632928	-0.0002578
25.638829	0.0005973
25.644732	-0.0014172
25.650635	0.0003775
25.656538	0.0002156
25.662442	-0.0000413
25.668347	-0.0005660
25.674253	0.0004032
25.680159	0.0001144
25.686067	-0.0007653
25.691974	-0.0014336
25.697883	0.0006451
25.703792	-0.0013510
25.709702	0.0001474
25.715613	0.0010202
25.721524	0.0012360
25.727436	0.0007766
25.733349	-0.0001016
25.739262	0.0000579
25.745176	-0.0003847
25.751091	0.0004275
25.757006	-0.0003283
25.762923	0.0016958
25.768840	0.0001263
25.774757	0.0000390
25.780676	0.0004729
25.786595	0.0000475
25.792514	-0.0009375
25.798435	-0.0001631
25.804356	-0.0004502
25.810278	-0.0001632
25.816200	0.0001674
25.822123	0.0002251
25.828047	0.0001824
25.833972	0.0001178
25.839897	0.0003612
25.845823	0.0001454
25.851750	-0.0006623
25.857678	-0.0005673
25.863606	-0.0003905
25.869535	-0.0011320
25.875464	-0.0000949
25.881395	0.0001075
25.887326	0.0013833
25.893257	0.0001089
25.899190	0.0003765
25.905123	-0.0006826
25.911056	0.0012378
25.916991	-0.0009127
25.922926	0.0005038
25.928862	-0.0005196
25.934799	-0.0001033
25.940736	-0.0004879
25.946674	0.0004051
25.952613	-0.0006331
25.958552	-0.0012756
25.964492	0.0001951
25.970433	0.0007503
25.976374	0.0007537
25.982317	0.0007470
25.988260	0.0007834
25.994203	-0.0001439
26.000147	0.0000302
26.006092	0.0007531
26.012038	-0.0005141
26.017985	-0.0012378
26.023932	0.0005156
26.029880	-0.0015787
26.035828	0.0005844
26.041777	-0.0010488
26.047727	-0.0003733
26.053678	0.0006290
26.059629	-0.0001381
26.065581	-0.0003551
26.071534	-0.0008117
26.077488	0.0001047
26.083442	0.0013125
26.089397	0.0006377
26.095352	0.0002490
26.101308	-0.0001205
26.107265	0.0014763
26.113223	0.0004846
26.119181	-0.0008604
26.125140	0.0002865
26.131100	-0.0005537
26.137061	0.0004809
26.143022	0.0003223
26.148984	0.0009503
26.154946	-0.0006164
26.160910	-0.0004167
26.166874	0.0001632
26.172838	0.0003274
26.178804	-0.0000974
26.184770	-0.0005325
26.190736	-0.0001963
26.196704	-0.0005478
26.202672	-0.0006176
26.208641	-0.0005462
26.214611	-0.0002127
26.220581	0.0002086
26.226552	-0.0007415
26.232524	-0.0001964
26.238496	-0.0005404
26.244469	-0.0001484
26.250443	-0.0003910
26.256418	0.0003531
26.262393	-0.0000268
26.268369	-0.0007076
26.274345	-0.0011111
26.280323	-0.0002089
26.286301	-0.0011007
26.292279	0.0000437
26.298259	-0.0001028
26.304239	0.0005894
26.310220	-0.0001447
26.316201	0.0005468
26.322184	0.0009008
26.328167	-0.0001509
26.334150	-0.0005326
26.340135	-0.0007971
26.346120	-0.0016636
26.352105	0.0002627
26.358092	0.0001137
26.364079	0.0009277
26.370067	0.0002767
26.376056	0.0003310
26.382045	0.0000782
26.388035	0.0002752
26.394025	-0.0004246
26.400017	0.0003520
26.406009	-0.0008859
26.412002	0.0000278
26.417995	0.0007845
26.423989	-0.0007069
26.429984	0.0013069
26.435980	-0.0004822
26.441976	0.0004510
26.447973	0.0004841
26.453971	0.0010081
26.459969	0.0000480
26.465968	-0.0008534
26.471968	-0.0000574
26.477969	-0.0000300
26.483970	0.0002370
26.489972	0.0007597
26.495974	-0.0004955
26.501978	-0.0002058
26.507982	-0.0000147
26.513986	-0.0000319
26.519992	0.0001548
26.525998	-0.0005220
26.532005	-0.0006420
26.538012	-0.0001637
26.544021	0.0003232
26.550030	0.0008797
26.556039	-0.0000020
26.562050	0.0003518
26.568061	0.0003567
26.574072	0.0009927
26.580085	-0.0000487
26.586098	-0.0003095
26.592112	-0.0002393
26.598126	-0.0002393
26.604142	0.0007264
26.610158	0.0004528
26.616174	-0.0003922
26.622192	-0.0008123
26.628210	-0.0005722
26.634228	0.0000086
26.640248	-0.0001809
26.646268	-0.0000764
26.652289	0.0004070
26.658311	0.0000505
26.664333	0.0010786
26.670356	0.0002047
26.676379	-0.0005735
26.682404	0.0000633
26.688429	0.0016201
26.694455	0.0001643
26.700481	0.0001894
26.706508	0.0004681
26.712536	-0.0005004
26.718565	-0.0000113
26.724594	0.0005354
26.730624	-0.0001289
26.736655	-0.0004660
26.742686	0.0001043
26.748719	0.0009779
26.754751	-0.0015729
26.760785	0.0001362
26.766819	-0.0013707
26.772854	-0.0002016
26.778890	0.0003391
26.784926	-0.0007657
26.790963	-0.0009803
26.797001	-0.0007179
26.803039	0.0006800
26.809078	0.0002134
26.815118	-0.0002661
26.821159	-0.0002630
26.827200	0.0007038
26.833242	-0.0000918
26.839285	-0.0005267
26.845328	-0.0010938
26.851372	0.0005399
26.857417	0.0002598
26.863462	-0.0005355
26.869508	-0.0001289
26.875555	0.0005416
26.881603	-0.0007617
26.887651	-0.0002234
26.893700	-0.0000801
26.899750	0.0009178
26.905800	-0.0002603
26.911851	0.0007299
26.917903	-0.0002997
26.923956	-0.0003651
26.930009	-0.0003407
26.936063	-0.0001105
26.942117	-0.0002114
26.948172	-0.0009880
26.954228	0.0008616
26.960285	0.0013534
26.966343	-0.0001956
26.972401	-0.0006673
26.978459	-0.0006959
26.984519	-0.0001906
26.990579	-0.0001391
26.996640	-0.0004420
27.002702	-0.0004270
27.008764	-0.0000086
27.014827	0.0001761
27.020891	-0.0000756
27.026955	-0.0004343
27.033020	0.0015073
27.039086	0.0009989
27.045153	0.0016944
27.051220	0.0008949
27.057288	0.0009136
27.063357	0.0011608
27.069426	0.0017410
27.075496	0.0010512
27.081567	0.0009606
27.087638	0.0008343
27.093710	0.0010262
27.099783	0.0003669
27.105857	0.0002253
27.111931	-0.0005912
27.118006	0.0000406
27.124082	0.0001135
27.130158	0.0007029
27.136235	0.0006213
27.142313	0.0002192
27.148391	-0.0004125
27.154470	-0.0013815
27.160550	0.0007706
27.166631	0.0005193
27.172712	0.0004472
27.178794	-0.0004376
27.184877	0.0003251
27.190960	-0.0019021
27.197044	-0.0009784
27.203129	0.0000575
27.209215	-0.0004508
27.215301	0.0003078
27.221388	0.0004007
27.227475	-0.0004751
27.233564	0.0003459
27.239653	-0.0001004
27.245742	-0.0005613
27.251833	0.0008754
27.257924	0.0000002
27.264016	0.0005599
27.270108	-0.0003452
27.276202	0.0002814
27.282296	-0.0008312
27.288390	0.0003226
27.294485	-0.0001562
27.300582	-0.0005030
27.306678	0.0007631
27.312776	0.0006647
27.318874	0.0002265
27.324973	0.0000254
27.331072	-0.0010874
27.337172	-0.0003909
27.343273	0.0001984
27.349375	-0.0000768
27.355477	-0.0002090
27.361580	0.0004623
27.367684	-0.0001764
27.373789	0.0002465
27.379894	-0.0003500
27.386000	-0.0002932
27.392106	0.0004358
27.398214	-0.0001549
27.404322	0.0010027
27.410430	0.0000624
27.416540	0.0003890
27.422650	0.0001167
27.428761	-0.0015022
27.434872	-0.0011729
27.440984	-0.0010451
27.447097	-0.0004724
27.453211	-0.0003227
27.459325	-0.0013279
27.465440	-0.0006761
27.471556	0.0000948
27.477672	-0.0000360
27.483789	-0.0000527
27.489907	-0.0006984
27.496026	-0.0012140
27.502145	0.0008647
27.508265	-0.0001599
27.514385	-0.0004700
27.520507	-0.0002009
27.526629	0.0000924
27.532751	0.0005446
27.538875	-0.0000015
27.544999	-0.0004777
27.551124	-0.0002218
27.557249	-0.0012105
27.563376	0.0005084
27.569502	0.0001832
27.575630	0.0013431
27.581758	0.0001591
27.587888	-0.0001488
27.594017	-0.0015257
27.600148	0.0004838
27.606279	-0.0010468
27.612411	-0.0006883
27.618543	0.0005361
27.624677	0.0010641
27.630811	0.0001235
27.636945	-0.0001956
27.643081	-0.0000221
27.649217	0.0005358
27.655353	-0.0002180
27.661491	0.0012241
27.667629	-0.0005547
27.673768	0.0006760
27.679908	0.0008052
27.686048	0.0009687
27.692189	-0.0001253
27.698330	0.0021307
27.704473	0.0001554
27.710616	0.0002013
27.716760	0.0002713
27.722904	0.0005580
27.729049	0.0007062
27.735195	0.0003923
27.741342	-0.0001171
27.747489	0.0006527
27.753637	0.0005132
27.759786	0.0001320
27.765935	0.0001473
27.772086	-0.0002182
27.778236	0.0004263
27.784388	-0.0006301
27.790540	0.0010131
27.796693	-0.0001908
27.802847	0.0001388
27.809001	0.0000953
27.815156	-0.0008384
27.821312	-0.0008460
27.827468	0.0003904
27.833625	-0.0003219
27.839783	0.0000972
27.845942	-0.0002370
27.852101	0.0008215
27.858261	-0.0003378
27.864422	-0.0002335
27.870583	-0.0008045
27.876745	0.0005237
27.882908	-0.0009363
27.889071	0.0010785
27.895236	-0.0005992
27.901400	-0.0005021
27.907566	-0.0007606
27.913732	-0.0006942
27.919899	0.0001255
27.926067	-0.0005086
27.932235	0.0002423
27.938404	-0.0002551
27.944574	-0.0010317
27.950745	-0.0000169
27.956916	-0.0007276
27.963088	-0.0006245
27.969260	-0.0001783
27.975434	-0.0004335
27.981608	0.0001212
27.987782	-0.0005790
27.993958	-0.0005564
28.000134	-0.0009538
28.006311	-0.0010658
28.012488	-0.0004605
28.018666	0.0003161
28.024845	0.0008251
28.031025	0.0009798
28.037205	0.0000180
28.043386	-0.0002121
28.049568	-0.0001735
28.055750	0.0003087
28.061934	-0.0002352
28.068117	0.0005904
28.074302	0.0005472
28.080487	-0.0003758
28.086673	-0.0001187
28.092860	-0.0005952
28.099047	0.0006081
28.105235	0.0003538
28.111424	0.0003530
28.117613	0.0015045
28.123804	0.0007386
28.129994	-0.0004519
28.136186	-0.0000801
28.142378	-0.0002906
28.148571	0.0004650
28.154765	-0.0008643
28.160959	-0.0003319
28.167154	-0.0002249
28.173350	-0.0003166
28.179547	0.0011219
28.185744	-0.0004641
28.191942	0.0005452
28.198140	-0.0005137
28.204339	0.0010215
28.210539	0.0003404
28.216740	0.0005699
28.222942	-0.0001952
28.229144	0.0005325
28.235346	0.0004707
28.241550	0.0010446
28.247754	0.0005162
28.253959	-0.0000904
28.260165	0.0005045
28.266371	0.0003059
28.272578	-0.0000841
28.278786	0.0005149
28.284994	-0.0009473
28.291203	0.0006109
28.297413	0.0000189
28.303624	-0.0002332
28.309835	0.0002950
28.316047	0.0001801
28.322259	0.0000544
28.328473	0.0012289
28.334687	-0.0000551
28.340902	-0.0007197
28.347117	-0.0008651
28.353333	0.0011748
28.359550	0.0001443
28.365768	0.0010266
28.371986	-0.0010243
28.378205	0.0003113
28.384424	0.0000711
28.390645	-0.0003951
28.396866	0.0001618
28.403088	-0.0002670
28.409310	0.0004154
28.415533	0.0005451
28.421757	-0.0000695
28.427982	-0.0004412
28.434207	0.0006649
28.440433	0.0014114
28.446660	0.0015434
28.452887	0.0018971
28.459115	0.0008018
28.465344	0.0011454
28.471573	0.0015674
28.477804	0.0008881
28.484034	0.0009101
28.490266	-0.0003493
28.496498	0.0009121
28.502731	-0.0007493
28.508965	-0.0005898
28.515200	0.0011678
28.521435	0.0002902
28.527670	-0.0001201
28.533907	-0.0000478
28.540144	0.0002340
28.546382	0.0009373
28.552621	0.0005997
28.558860	0.0006786
28.565100	-0.0003227
28.571341	0.0003668
28.577582	0.0006493
28.583824	-0.0002063
28.590067	-0.0001906
28.596311	0.0001463
28.602555	-0.0004231
28.608800	0.0003193
28.615046	0.0000777
28.621292	0.0006611
28.627539	0.0003324
28.633787	-0.0003247
28.640035	-0.0011684
28.646284	-0.0012244
28.652534	0.0000115
28.658785	0.0002528
28.665036	-0.0000053
28.671288	0.0006597
28.677541	-0.0000212
28.683794	0.0001027
28.690048	-0.0002610
28.696303	0.0004294
28.702558	-0.0009150
28.708815	0.0003007
28.715071	-0.0007374
28.721329	-0.0000602
28.727587	-0.0004378
28.733846	-0.0002824
28.740106	-0.0004282
28.746366	0.0002840
28.752628	-0.0002028
28.758889	0.0003118
28.765152	-0.0003669
28.771415	-0.0010604
28.777679	0.0008884
28.783944	-0.0002457
28.790209	0.0002264
28.796475	-0.0005113
28.802742	0.0007962
28.809009	0.0007845
28.815277	-0.0009467
28.821546	-0.0001250
28.827816	-0.0001485
28.834086	-0.0004632
28.840357	0.0000453
28.846628	-0.0000075
28.852901	0.0007444
28.859174	0.0002277
28.865447	0.0009711
28.871722	0.0005464
28.877997	-0.0000476
28.884273	0.0016090
28.890549	0.0004731
28.896827	-0.0006952
28.903105	0.0001507
28.909383	-0.0009668
28.915663	-0.0003381
28.921943	0.0002880
28.928223	0.0012016
28.934505	-0.0003723
28.940787	-0.0000504
28.947070	0.0000862
28.953354	0.0001001
28.959638	-0.0003944
28.965923	-0.0007639
28.972209	-0.0005937
28.978495	-0.0003350
28.984782	0.0002336
28.991070	-0.0008165
28.997358	-0.0003005
29.003647	-0.0011133
29.009937	-0.0008656
29.016228	-0.0006271
29.022519	-0.0004537
29.028811	-0.0001909
29.035104	-0.0000791
29.041397	0.0005634
29.047692	-0.0001067
29.053986	-0.0006271
29.060282	0.0005073
29.066578	0.0007452
29.072875	-0.0003654
29.079173	-0.0011320
29.085471	-0.0000131
29.091770	-0.0003595
29.098070	-0.0001981
29.104370	0.0008914
29.110671	0.0000922
29.116973	0.0006104
29.123276	0.0002690
29.129579	-0.0001044
29.135883	-0.0000377
29.142187	-0.0000739
29.148493	-0.0000016
29.154799	0.0006037
29.161106	-0.0000198
29.167413	0.0002441
29.173721	0.0006035
29.180030	0.0000082
29.186340	-0.0014322
29.192650	0.0004897
29.198961	-0.0002414
29.205273	0.0007393
29.211585	0.0002854
29.217898	0.0001181
29.224212	0.0005769
29.230526	0.0004407
29.236842	-0.0007176
29.243157	0.0012023
29.249474	-0.0002877
29.255791	0.0000396
29.262109	0.0000343
29.268428	-0.0001607
29.274747	0.0008177
29.281067	-0.0003638
29.287388	0.0006648
29.293710	0.0008244
29.300032	0.0018145
29.306355	0.0003728
29.312679	0.0011923
29.319003	-0.0005227
29.325328	-0.0001615
29.331654	0.0001005
29.337980	0.0008053
29.344307	0.0000267
29.350635	0.0006013
29.356963	-0.0000795
29.363293	0.0000517
29.369623	-0.0001292
29.375953	-0.0000880
29.382285	-0.0002361
29.388617	0.0004398
29.394949	0.0000869
29.401283	0.0003782
29.407617	-0.0004758
29.413952	-0.0002336
29.420287	-0.0001762
29.426624	-0.0000711
29.432961	0.0004302
29.439298	-0.0000431
29.445637	0.0002514
29.451976	0.0013556
29.458316	-0.0009153
29.464656	0.0003414
29.470997	-0.0005410
29.477339	-0.0005706
29.483682	-0.0007215
29.490025	0.0013930
29.496369	-0.0003764
29.502714	-0.0006368
29.509059	-0.0003351
29.515405	-0.0005856
29.521752	0.0000733
29.528099	-0.0001999
29.534448	0.0001822
29.540796	0.0009660
29.547146	-0.0004798
29.553496	-0.0005440
29.559847	0.0001000
29.566199	-0.0011840
29.572551	-0.0004664
29.578905	-0.0007851
29.585258	0.0005130
29.591613	0.0005276
29.597968	-0.0003189
29.604324	-0.0003605
29.610681	-0.0013504
29.617038	-0.0002348
29.623396	0.0006951
29.629755	-0.0000728
29.636114	0.0012289
29.642474	0.0002094
29.648835	0.0008514
29.655197	0.0011969
29.661559	-0.0007637
29.667922	0.0000864
29.674286	0.0002968
29.680650	0.0005713
29.687015	-0.0004707
29.693381	0.0003931
29.699747	-0.0000024
29.706114	-0.0000752
29.712482	-0.0007054
29.718851	-0.0003187
29.725220	-0.0000013
29.731590	0.0006904
29.737961	0.0000160
29.744332	0.0006221
29.750704	0.0002766
29.757077	-0.0002200
29.763450	0.0001123
29.769825	-0.0005253
29.776199	-0.0004394
29.782575	-0.0008485
29.788951	0.0011829
29.795328	0.0000671
29.801706	-0.0010009
29.808084	0.0007630
29.814464	-0.0003244
29.820843	0.0001295
29.827224	-0.0006983
29.833605	-0.0001098
29.839987	0.0007934
29.846370	0.0009384
29.852753	0.0008192
29.859137	0.0004616
29.865522	0.0006170
29.871907	-0.0005752
29.878293	0.0000733
29.884680	0.0002588
29.891068	-0.0004157
29.897456	-0.0003402
29.903845	-0.0000618
29.910234	0.0003946
29.916625	-0.0004316
29.923016	0.0002143
29.929408	-0.0000249
29.935800	-0.0001016
29.942193	0.0002683
29.948587	-0.0011093
29.954982	-0.0005477
29.961377	0.0001111
29.967773	-0.0000345
29.974169	0.0017373
29.980567	-0.0000120
29.986965	-0.0004654
29.993364	0.0008601
29.999763	0.0007733
30.006163	0.0000272
30.012564	0.0000788
30.018966	-0.0009639
30.025368	0.0000647
30.031771	-0.0014569
30.038175	-0.0003572
30.044579	0.0005140
30.050984	-0.0005141
30.057390	-0.0001306
30.063796	-0.0001022
30.070204	0.0009421
30.076612	-0.0004548
30.083020	-0.0002845
30.089429	-0.0009588
30.095840	0.0005084
30.102250	0.0004489
30.108662	0.0004075
30.115074	-0.0005715
30.121487	-0.0000211
30.127900	0.0000191
30.134314	0.0005185
30.140729	-0.0007383
30.147145	0.0004983
30.153561	0.0002294
30.159978	-0.0003219
30.166396	0.0001602
30.172814	0.0005814
30.179234	0.0000059
30.185653	0.0005274
30.192074	-0.0000507
30.198495	0.0002407
30.204917	0.0002047
30.211340	0.0000022
30.217763	0.0000220
30.224187	0.0008539
30.230612	0.0008731
30.237037	0.0005036
30.243464	-0.0000178
30.249890	0.0005480
30.256318	-0.0000379
30.262746	0.0001743
30.269175	0.0002122
30.275605	-0.0009193
30.282035	0.0008061
30.288466	-0.0008633
30.294898	-0.0001615
30.301331	0.0002589
30.307764	-0.0002445
30.314198	0.0001875
30.320632	0.0008134
30.327068	-0.0004094
30.333504	0.0009843
30.339940	-0.0003598
30.346378	-0.0006266
30.352816	0.0011221
30.359255	0.0004063
30.365694	-0.0002462
30.372134	0.0001576
30.378575	-0.0003583
30.385017	0.0006439
30.391459	-0.0004318
30.397902	-0.0001656
30.404346	-0.0004162
30.410790	0.0002719
30.417236	-0.0007128
30.423681	-0.0003854
30.430128	0.0006492
30.436575	-0.0003514
30.443023	0.0004128
30.449472	-0.0002718
30.455921	-0.0001482
30.462371	0.0001609
30.468822	-0.0001024
30.475273	0.0006465
30.481725	0.0009867
30.488178	0.0012548
30.494632	0.0000175
30.501086	0.0004617
30.507541	-0.0000555
30.513997	0.0000437
30.520453	0.0006809
30.526910	-0.0002484
30.533368	-0.0005326
30.539826	-0.0001942
30.546286	0.0002201
30.552745	-0.0000114
30.559206	-0.0001724
30.565667	0.0010042
30.572129	-0.0000366
30.578592	0.0008027
30.585055	-0.0003507
30.591519	0.0004481
30.597984	-0.0010511
30.604450	-0.0002151
30.610916	-0.0002009
30.617383	0.0002434
30.623850	-0.0000534
30.630319	0.0000272
30.636788	0.0007678
30.643258	-0.0003484
30.649728	-0.0006801
30.656199	0.0006407
30.662671	0.0000259
30.669143	0.0000468
30.675617	-0.0001620
30.682091	-0.0001170
30.688565	0.0001565
30.695041	0.0003329
30.701517	-0.0008598
30.707993	-0.0007209
30.714471	0.0001789
30.720949	0.0001832
30.727428	0.0008431
30.733907	-0.0003701
30.740387	0.0006947
30.746868	0.0006607
30.753350	0.0002461
30.759832	-0.0000974
30.766316	0.0006257
30.772799	-0.0004980
30.779284	0.0000697
30.785769	-0.0005204
30.792255	0.0003959
30.798741	-0.0000482
30.805229	0.0003137
30.811717	0.0005120
30.818205	0.0003266
30.824695	0.0000241
30.831185	-0.0000838
30.837676	0.0008755
30.844167	0.0008704
30.850659	0.0000536
30.857152	0.0006387
30.863646	0.0005146
30.870140	0.0005679
30.876635	-0.0003494
30.883131	0.0001314
30.889627	0.0001445
30.896124	-0.0000363
30.902622	-0.0004524
30.909121	-0.0003743
30.915620	-0.0003176
30.922120	-0.0000023
30.928620	-0.0001572
30.935122	0.0011162
30.941624	0.0000437
30.948126	0.0005687
30.954630	0.0009431
30.961134	-0.0003658
30.967639	0.0008862
30.974144	0.0001358
30.980650	-0.0008941
30.987157	-0.0003341
30.993665	-0.0002924
31.000173	-0.0000889
31.006682	0.0008122
31.013192	-0.0005634
31.019703	0.0000645
31.026214	-0.0008284
31.032726	0.0007079
31.039238	-0.0005265
31.045752	-0.0012549
31.052265	-0.0003057
31.058780	0.0005522
31.065296	-0.0001133
31.071812	0.0004452
31.078328	-0.0002979
31.084846	0.0012984
31.091364	-0.0007068
31.097883	-0.0009177
31.104402	-0.0001857
31.110923	-0.0001824
31.117444	0.0003305
31.123965	-0.0002379
31.130488	0.0008269
31.137011	0.0001750
31.143535	-0.0005712
31.150059	0.0000347
31.156584	-0.0003742
31.163110	-0.0001955
31.169637	-0.0005300
31.176164	-0.0001326
31.182692	0.0003025
31.189221	0.0008244
31.195750	0.0000723
31.202280	0.0004634
31.208811	-0.0000516
31.215343	-0.0000308
31.221875	0.0000127
31.228408	0.0007695
31.234942	-0.0000845
31.241476	-0.0010626
31.248011	-0.0012409
31.254547	0.0009471
31.261083	0.0000391
31.267620	-0.0003468
31.274158	-0.0002433
31.280697	-0.0006233
31.287236	-0.0002089
31.293776	0.0002370
31.300317	0.0000463
31.306858	-0.0008206
31.313400	-0.0007214
31.319943	0.0011265
31.326486	0.0004155
31.333030	0.0011265
31.339575	0.0002381
31.346121	0.0004622
31.352667	-0.0001247
31.359214	-0.0001844
31.365762	0.0004192
31.372310	-0.0002323
31.378859	-0.0002056
31.385409	-0.0002742
31.391959	0.0005227
31.398511	-0.0002304
31.405063	-0.0008175
31.411615	-0.0001861
31.418168	-0.0000266
31.424722	-0.0005400
31.431277	-0.0002877
31.437833	-0.0010628
31.444389	0.0002206
31.450946	-0.0004733
31.457503	-0.0001368
31.464061	-0.0005410
31.470620	-0.0006371
31.477180	0.0001978
31.483740	-0.0006982
31.490301	0.0004335
31.496863	-0.0000167
31.503425	-0.0015803
31.509988	0.0006873
31.516552	0.0001755
31.523117	0.0002408
31.529682	-0.0003471
31.536248	0.0010819
31.542815	-0.0003062
31.549382	0.0001967
31.555950	-0.0013054
31.562519	-0.0005639
31.569088	-0.0000894
31.575658	0.0002851
31.582229	-0.0002105
31.588801	0.0005764
31.595373	0.0002593
31.601946	0.0003017
31.608520	-0.0003275
31.615094	-0.0003454
31.621669	-0.0002111
31.628245	-0.0009475
31.634821	-0.0007866
31.641399	0.0008332
31.647976	-0.0007319
31.654555	-0.0003035
31.661134	-0.0000893
31.667714	-0.0006004
31.674295	0.0010451
31.680876	-0.0004021
31.687458	0.0002158
31.694041	-0.0004089
31.700625	0.0001438
31.707209	-0.0002897
31.713794	-0.0007707
31.720379	-0.0002504
31.726966	-0.0012116
31.733553	0.0003431
31.740141	0.0010139
31.746729	-0.0002238
31.753318	-0.0001012
31.759908	-0.0003779
31.766498	0.0005582
31.773090	-0.0004569
31.779682	-0.0008019
31.786274	0.0001141
31.792868	0.0010794
31.799462	-0.0005245
31.806056	-0.0000838
31.812652	0.0003032
31.819248	-0.0005560
31.825845	0.0011428
31.832442	0.0002272
31.839041	-0.0013034
31.845640	-0.0003142
31.852239	0.0001575
31.858840	-0.0000513
31.865441	-0.0017814
31.872042	0.0015140
31.878645	0.0005423
31.885248	0.0012114
31.891852	-0.0010669
31.898456	0.0006849
31.905062	0.0001491
31.911668	-0.0004482
31.918274	0.0003403
31.924882	0.0002875
31.931490	-0.0000484
31.938099	0.0009508
31.944708	0.0000229
31.951318	-0.0003517
31.957929	-0.0009355
31.964541	0.0002249
31.971153	0.0006114
31.977766	-0.0002320
31.984380	-0.0010005
31.990994	-0.0000027
31.997609	-0.0003563
32.004225	-0.0011011
32.010842	0.0002241
32.017459	-0.0002408
32.024077	0.0001073
32.030695	0.0001571
32.037315	0.0008804
32.043935	-0.0009249
32.050556	0.0001777
32.057177	-0.0007076
32.063799	0.0001835
32.070422	0.0009091
32.077045	-0.0000703
32.083670	0.0003668
32.090295	0.0007558
32.096920	0.0002469
32.103547	-0.0000254
32.110174	-0.0017964
32.116801	0.0007083
32.123430	-0.0004256
32.130059	0.0004128
32.136689	0.0003503
32.143319	-0.0004454
32.149951	0.0001703
32.156583	0.0003314
32.163215	-0.0013811
32.169849	0.0002698
32.176483	0.0002674
32.183118	0.0000919
32.189753	-0.0009714
32.196389	-0.0005600
32.203026	0.0009346
32.209664	-0.0005442
32.216302	0.0003565
32.222941	0.0002215
32.229581	0.0005778
32.236221	-0.0002231
32.242862	0.0003886
32.249504	0.0008332
32.256146	0.0003136
32.262790	-0.0011833
32.269434	-0.0003571
32.276078	-0.0003520
32.282724	-0.0006141
32.289370	-0.0004944
32.296016	0.0001999
32.302664	-0.0003531
32.309312	-0.0006610
32.315961	0.0000678
32.322610	-0.0013637
32.329260	0.0001041
32.335911	0.0005182
32.342563	-0.0005350
32.349215	-0.0001903
32.355868	0.0002004
32.362522	0.0004738
32.369177	0.0003702
32.375832	-0.0006793
32.382487	0.0001539
32.389144	0.0008907
32.395801	0.0005269
32.402459	-0.0001783
32.409118	-0.0002894
32.415777	-0.0000961
32.422437	0.0000831
32.429098	-0.0000839
32.435760	0.0002637
32.442422	0.0002615
32.449085	0.0001613
32.455748	0.0001656
32.462412	0.0000012
32.469077	-0.0001135
32.475743	-0.0000399
32.482410	0.0003540
32.489077	-0.0002107
32.495744	-0.0002376
32.502413	0.0005538
32.509082	0.0008075
32.515752	0.0002291
32.522423	-0.0003870
32.529094	-0.0005614
32.535766	0.0004129
32.542439	-0.0011145
32.549112	0.0001264
32.555786	0.0000843
32.562461	-0.0003983
32.569136	0.0010256
32.575813	0.0004871
32.582490	0.0000048
32.589167	0.0012744
32.595846	0.0004551
32.602525	0.0004799
32.609204	-0.0002845
32.615885	0.0006092
32.622566	-0.0006068
32.629248	0.0007031
32.635930	-0.0002818
32.642613	-0.0006962
32.649297	-0.0004015
32.655982	0.0000082
32.662667	-0.0000428
32.669353	0.0007549
32.676040	-0.0008749
32.682728	0.0001965
32.689416	-0.0001120
32.696105	-0.0007808
32.702794	0.0000623
32.709485	-0.0002353
32.716176	0.0002010
32.722867	-0.0011904
32.729560	0.0004869
32.736253	-0.0012541
32.742946	0.0003583
32.749641	-0.0000968
32.756336	0.0000973
32.763032	0.0010580
32.769729	0.0000083
32.776426	0.0001704
32.783124	0.0004026
32.789823	-0.0000104
32.796522	0.0002160
32.803222	0.0012554
32.809923	-0.0003452
32.816624	-0.0007197
32.823327	0.0000192
32.830029	-0.0001181
32.836733	0.0004340
32.843437	0.0006400
32.850142	-0.0000645
32.856848	0.0006804
32.863555	0.0002511
32.870262	0.0006147
32.876969	-0.0012810
32.883678	0.0001990
32.890387	-0.0012643
32.897097	-0.0003174
32.903808	-0.0000105
32.910519	-0.0007893
32.917231	0.0004487
32.923944	0.0006033
32.930657	-0.0001883
32.937372	0.0002669
32.944086	0.0005076
32.950802	-0.0002975
32.957518	-0.0000979
32.964235	0.0006129
32.970953	-0.0003275
32.977671	-0.0006623
32.984390	0.0005834
32.991110	0.0007347
32.997830	0.0001290
33.004552	-0.0007046
33.011274	0.0014429
33.017996	-0.0000930
33.024719	-0.0006344
33.031443	0.0006464
33.038168	0.0005385
33.044893	0.0005400
33.051620	0.0001007
33.058346	0.0010892
33.065074	-0.0007307
33.071802	-0.0008770
33.078531	0.0008507
33.085260	-0.0011432
33.091991	-0.0005377
33.098722	0.0012194
33.105453	-0.0006055
33.112186	-0.0007893
33.118919	0.0004597
33.125653	-0.0006925
33.132387	-0.0007454
33.139123	0.0006029
33.145858	-0.0007101
33.152595	-0.0000498
33.159332	-0.0005688
33.166070	0.0010153
33.172809	-0.0011243
33.179549	0.0001252
33.186289	0.0005164
33.193030	-0.0005344
33.199771	-0.0002190
33.206513	-0.0003797
33.213256	-0.0001759
33.220000	0.0000655
33.226744	0.0007868
33.233489	-0.0005074
33.240235	0.0000060
33.246982	0.0006211
33.253729	0.0005331
33.260477	-0.0004729
33.267225	-0.0001498
33.273974	0.0005216
33.280724	0.0002598
33.287475	-0.0001871
33.294226	0.0007452
33.300979	0.0002370
33.307731	-0.0000574
33.314485	-0.0006769
33.321239	-0.0007164
33.327994	-0.0003649
33.334749	-0.0004723
33.341506	0.0001097
33.348263	-0.0008944
33.355020	-0.0000415
33.361779	0.0002130
33.368538	-0.0002736
33.375298	-0.0002609
33.382058	0.0005711
33.388820	0.0001580
33.395581	0.0000402
33.402344	-0.0003983
33.409107	-0.0001754
33.415871	-0.0012782
33.422636	0.0005291
33.429402	-0.0005039
33.436168	-0.0007385
33.442934	-0.0001673
33.449702	-0.0013331
33.456470	0.0006189
33.463239	-0.0007293
33.470009	-0.0004768
33.476779	-0.0005294
33.483550	-0.0005620
33.490322	0.0008568
33.497094	-0.0007938
33.503868	-0.0004737
33.510641	0.0012312
33.517416	-0.0006437
33.524191	-0.0005577
33.530967	-0.0002601
33.537744	-0.0005430
33.544521	0.0003952
33.551299	-0.0000766
33.558078	-0.0001795
33.564857	0.0000557
33.571638	0.0004317
33.578419	-0.0004251
33.585200	0.0001333
33.591982	0.0002508
33.598765	-0.0007919
33.605549	-0.0005048
33.612333	0.0004101
33.619119	0.0000292
33.625904	0.0000521
33.632691	-0.0004581
33.639478	-0.0000386
33.646266	-0.0005485
33.653055	0.0004329
33.659844	-0.0006649
33.666634	-0.0006366
33.673425	-0.0000012
33.680216	-0.0001265
33.687008	-0.0007482
33.693801	0.0005622
33.700594	0.0002946
33.707389	0.0001069
33.714184	0.0007341
33.720979	-0.0009340
33.727776	-0.0008805
33.734573	0.0002167
33.741370	0.0000842
33.748169	0.0004973
33.754968	0.0004246
33.761768	-0.0001080
33.768568	-0.0005496
33.775369	0.0004545
33.782171	0.0004597
33.788974	0.0008497
33.795777	-0.0002934
33.802581	0.0000725
33.809386	-0.0000882
33.816192	0.0007074
33.822998	-0.0002978
33.829805	0.0008533
33.836612	-0.0000675
33.843421	-0.0005378
33.850230	0.0003407
33.857039	-0.0002125
33.863850	0.0007396
33.870661	-0.0008672
33.877472	0.0007102
33.884285	0.0002790
33.891098	0.0004183
33.897912	-0.0007225
33.904727	0.0001505
33.911542	-0.0000268
33.918358	-0.0008072
33.925175	0.0002724
33.931992	0.0005863
33.938810	0.0000859
33.945629	0.0000860
33.952448	-0.0001380
33.959269	0.0003824
33.966090	-0.0006776
33.972911	-0.0000690
33.979733	-0.0014996
33.986556	-0.0013116
33.993380	0.0011502
34.000205	0.0003343
34.007030	0.0007513
34.013856	0.0011747
34.020682	-0.0005369
34.027509	0.0001326
34.034337	-0.0002566
34.041166	0.0002909
34.047995	-0.0000293
34.054825	0.0004308
34.061656	0.0001121
34.068487	-0.0007189
34.075320	0.0008779
34.082153	0.0005401
34.088986	-0.0015441
34.095820	0.0002334
34.102655	-0.0001953
34.109491	-0.0014444
34.116327	0.0009328
34.123164	-0.0006203
34.130002	-0.0000075
34.136841	-0.0007338
34.143680	0.0007677
34.150520	-0.0007243
34.157360	-0.0003991
34.164202	0.0002556
34.171044	-0.0003126
34.177886	-0.0006273
34.184730	0.0003905
34.191574	0.0009385
34.198418	0.0011955
34.205264	-0.0001440
34.212110	0.0004044
34.218957	-0.0000048
34.225805	0.0002762
34.232653	-0.0008670
34.239502	0.0004077
34.246352	-0.0003781
34.253202	0.0003069
34.260053	-0.0004758
34.266905	-0.0014243
34.273758	0.0011639
34.280611	0.0003702
34.287465	0.0006658
34.294319	0.0005532
34.301175	-0.0002622
34.308031	0.0002980
34.314887	0.0000807
34.321745	-0.0000034
34.328603	0.0001445
34.335462	0.0001341
34.342321	-0.0002475
34.349182	0.0004033
34.356043	-0.0006847
34.362904	0.0007729
34.369767	0.0009781
34.376630	-0.0013104
34.383493	0.0000676
34.390358	-0.0002589
34.397223	-0.0002279
34.404089	0.0004779
34.410956	0.0001522
34.417823	0.0007548
34.424691	-0.0000230
34.431559	0.0002313
34.438429	-0.0000897
34.445299	0.0005805
34.452170	0.0003807
34.459041	-0.0002215
34.465913	-0.0005065
34.472786	-0.0000901
34.479660	-0.0006277
34.486534	-0.0000171
34.493409	0.0003947
34.500285	0.0001748
34.507161	0.0002671
34.514038	0.0007590
34.520916	0.0008126
34.527795	0.0009267
34.534674	-0.0006496
34.541554	-0.0008289
34.548434	-0.0006359
34.555316	0.0001293
34.562198	-0.0000029
34.569080	0.0012563
34.575964	-0.0003018
34.582848	0.0001171
34.589733	0.0006334
34.596618	-0.0001562
34.603505	-0.0010445
34.610392	0.0000765
34.617279	0.0008690
34.624168	-0.0009809
34.631057	-0.0018652
34.637946	-0.0001985
34.644837	0.0001127
34.651728	-0.0006220
34.658620	0.0002250
34.665512	-0.0007147
34.672406	0.0002390
34.679300	0.0004738
34.686194	0.0002943
34.693090	-0.0000014
34.699986	-0.0011468
34.706882	-0.0007022
34.713780	0.0002108
34.720678	-0.0001060
34.727577	0.0003358
34.734477	-0.0000748
34.741377	0.0001710
34.748278	0.0006777
34.755179	-0.0001529
34.762082	0.0011671
34.768985	0.0010525
34.775889	-0.0005865
34.782793	0.0007632
34.789698	-0.0000720
34.796604	0.0002114
34.803511	0.0008097
34.810418	-0.0011557
34.817326	-0.0002578
34.824235	-0.0007196
34.831144	-0.0003530
34.838055	-0.0004525
34.844965	0.0005877
34.851877	-0.0001839
34.858789	-0.0005885
34.865702	0.0007405
34.872616	0.0002843
34.879530	0.0009059
34.886445	-0.0001409
34.893361	-0.0001926
34.900277	-0.0001103
34.907194	-0.0010246
34.914112	0.0004382
34.921031	-0.0005043
34.927950	0.0002400
34.934870	0.0005797
34.941791	0.0006090
34.948712	0.0002799
34.955634	0.0000024
34.962557	-0.0009898
34.969480	-0.0004155
34.976404	-0.0000491
34.983329	-0.0001911
34.990255	-0.0007858
34.997181	0.0011211
35.004108	-0.0000680
35.011036	0.0013419
35.017964	-0.0004224
35.024893	0.0011059
35.031823	0.0000604
35.038754	0.0005323
35.045685	0.0004184
35.052617	-0.0007110
35.059549	-0.0010192
35.066482	-0.0004088
35.073416	0.0008134
35.080351	0.0003529
35.087287	-0.0004313
35.094223	0.0001656
35.101160	0.0001273
35.108097	-0.0007412
35.115035	-0.0003594
35.121974	-0.0000431
35.128914	-0.0004182
35.135854	-0.0010671
35.142795	-0.0002927
35.149737	-0.0003672
35.156679	-0.0000237
35.163622	-0.0001875
35.170566	0.0003471
35.177511	-0.0000897
35.184456	-0.0021920
35.191402	-0.0003951
35.198349	-0.0008280
35.205296	-0.0007171
35.212244	0.0000595
35.219193	-0.0003273
35.226142	0.0007671
35.233092	0.0000252
35.240043	0.0005746
35.246995	-0.0003237
35.253947	0.0000401
35.260900	0.0001837
35.267854	-0.0009624
35.274808	-0.0002367
35.281763	0.0000751
35.288719	0.0005208
35.295675	0.0013295
35.302632	0.0001258
35.309590	-0.0010598
35.316549	-0.0004129
35.323508	-0.0006441
35.330468	-0.0000558
35.337429	0.0000425
35.344390	0.0000152
35.351352	-0.0004153
35.358315	-0.0003031
35.365279	0.0007610
35.372243	-0.0001151
35.379208	-0.0000314
35.386173	-0.0003559
35.393140	0.0002854
35.400107	0.0003984
35.407074	0.0010743
35.414043	0.0004934
35.421012	-0.0005297
35.427982	-0.0003650
35.434952	0.0010247
35.441924	-0.0000102
35.448896	-0.0007350
35.455868	-0.0011935
35.462841	-0.0002023
35.469816	-0.0002517
35.476790	-0.0000651
35.483766	0.0000773
35.490742	-0.0002995
35.497719	-0.0010336
35.504696	-0.0005146
35.511674	0.0001267
35.518653	0.0003010
35.525633	-0.0005029
35.532613	-0.0004183
35.539594	-0.0001950
35.546576	-0.0003585
35.553559	-0.0003188
35.560542	0.0000368
35.567526	0.0001347
35.574510	0.0005543
35.581496	-0.0001080
35.588482	-0.0007386
35.595468	0.0012150
35.602456	0.0011339
35.609444	-0.0002007
35.616433	-0.0006111
35.623422	-0.0003188
35.630412	-0.0006200
35.637403	0.0013421
35.644395	-0.0000297
35.651387	0.0000316
35.658380	-0.0001502
35.665374	-0.0000094
35.672368	-0.0005402
35.679363	-0.0004442
35.686359	0.0003959
35.693356	0.0001060
35.700353	-0.0000482
35.707351	-0.0009653
35.714349	-0.0002985
35.721349	-0.0001677
35.728349	0.0003493
35.735349	-0.0007306
35.742351	-0.0009203
35.749353	0.0005277
35.756356	0.0001696
35.763359	-0.0006020
35.770364	-0.0006485
35.777368	-0.0004949
35.784374	0.0002644
35.791380	-0.0005565
35.798387	0.0001778
35.805395	0.0008492
35.812404	-0.0005106
35.819413	-0.0006396
35.826423	0.0010276
35.833433	-0.0004686
35.840445	-0.0002966
35.847457	0.0000243
35.854469	0.0013528
35.861483	-0.0006501
35.868497	-0.0008313
35.875511	0.0013783
35.882527	0.0003140
35.889543	-0.0005118
35.896560	0.0001982
35.903578	0.0001681
35.910596	-0.0009165
35.917615	-0.0002276
35.924634	-0.0002292
35.931655	-0.0000213
35.938676	0.0005839
35.945698	-0.0008501
35.952720	0.0002257
35.959743	-0.0010548
35.966767	-0.0005623
35.973792	0.0003501
35.980817	0.0001325
35.987843	0.0003293
35.994870	-0.0006627
36.001897	-0.0004930
36.008926	0.0002771
36.015954	-0.0011396
36.022984	-0.0004083
36.030014	-0.0001180
36.037045	-0.0007644
36.044077	0.0001923
36.051109	0.0007088
36.058142	0.0010642
36.065176	0.0007099
36.072210	0.0020640
36.079245	0.0001294
36.086281	-0.0002877
36.093318	-0.0002560
36.100355	-0.0000283
36.107393	0.0007813
36.114432	-0.0003654
36.121471	0.0013467
36.128511	-0.0012597
36.135552	-0.0006239
36.142593	0.0006234
36.149636	0.0007363
36.156678	-0.0003219
36.163722	-0.0008072
36.170766	0.0005955
36.177811	0.0001731
36.184857	-0.0009204
36.191903	-0.0001615
36.198950	0.0009679
36.205998	-0.0001314
36.213047	-0.0004905
36.220096	-0.0005517
36.227146	-0.0001653
36.234196	-0.0000973
36.241248	-0.0011922
36.248300	0.0006365
36.255352	-0.0014599
36.262406	-0.0009401
36.269460	-0.0002160
36.276515	0.0003982
36.283570	0.0004320
36.290626	-0.0015993
36.297683	0.0002358
36.304741	0.0000904
36.311799	0.0002676
36.318858	0.0002047
36.325918	-0.0003001
36.332978	0.0007138
36.340040	0.0003339
36.347101	-0.0000699
36.354164	-0.0005431
36.361227	-0.0000982
36.368291	-0.0007651
36.375356	-0.0005717
36.382421	0.0012632
36.389487	0.0002825
36.396554	0.0015688
36.403621	-0.0010135
36.410690	0.0007557
36.417758	-0.0004961
36.424828	0.0000229
36.431898	-0.0014818
36.438969	-0.0000492
36.446041	-0.0008332
36.453113	-0.0000877
36.460186	0.0002242
36.467260	0.0006645
36.474335	-0.0000096
36.481410	-0.0004430
36.488486	-0.0011983
36.495562	-0.0002629
36.502640	-0.0006327
36.509717	-0.0000381
36.516796	0.0003789
36.523876	-0.0001963
36.530956	0.0003053
36.538036	-0.0000747
36.545118	0.0019054
36.552200	-0.0005487
36.559283	-0.0003238
36.566367	-0.0006637
36.573451	0.0010739
36.580536	-0.0003295
36.587622	-0.0004620
36.594708	0.0000376
36.601795	0.0002100
36.608883	-0.0005661
36.615972	0.0006176
36.623061	0.0001024
36.630151	0.0005404
36.637241	-0.0008040
36.644333	-0.0000999
36.651425	0.0002099
36.658518	-0.0005342
36.665611	0.0003649
36.672705	-0.0000063
36.679800	-0.0001191
36.686896	-0.0002626
36.693992	-0.0011157
36.701089	-0.0007264
36.708186	-0.0009318
36.715285	-0.0001137
36.722384	-0.0012146
36.729484	0.0015436
36.736584	0.0006091
36.743685	0.0009787
36.750787	0.0002331
36.757890	-0.0004887
36.764993	-0.0000773
36.772097	0.0003800
36.779202	0.0001977
36.786307	-0.0007011
36.793413	-0.0000020
36.800520	0.0000181
36.807627	0.0005174
36.814736	-0.0006858
36.821844	0.0000473
36.828954	-0.0002024
36.836064	0.0011733
36.843175	-0.0004896
36.850287	0.0000125
36.857399	0.0005347
36.864513	-0.0000580
36.871626	0.0001378
36.878741	-0.0012307
36.885856	0.0002276
36.892972	0.0000181
36.900089	0.0000439
36.907206	-0.0000242
36.914324	-0.0000695
36.921443	-0.0010782
36.928562	-0.0007321
36.935682	0.0000562
36.942803	0.0007483
36.949925	0.0001691
36.957047	0.0006886
36.964170	0.0006582
36.971294	0.0022766
36.978418	0.0050589
36.985543	0.0105738
36.992669	0.0209256
36.999795	0.0352209
37.006922	0.0523957
37.014050	0.0726327
37.021179	0.0857697
37.028308	0.0894416
37.035438	0.0878385
37.042569	0.0781270
37.049700	0.0661278
37.056832	0.0556341
37.063965	0.0402451
37.071098	0.0263417
37.078233	0.0165369
37.085367	0.0115202
37.092503	0.0072354
37.099639	0.0026751
37.106776	0.0011468
37.113914	0.0009220
37.121052	0.0022245
37.128192	0.0008295
37.135331	-0.0007893
37.142472	0.0007301
37.149613	-0.0005954
37.156755	-0.0007760
37.163898	-0.0010034
37.171041	-0.0003547
37.178185	-0.0003739
37.185330	0.0001912
37.192475	0.0008995
37.199621	-0.0002212
37.206768	0.0007422
37.213916	-0.0006964
37.221064	0.0008809
37.228213	-0.0006580
37.235362	0.0002491
37.242513	-0.0000766
37.249664	0.0001213
37.256815	-0.0002981
37.263968	0.0006796
37.271121	0.0004756
37.278275	0.0010875
37.285429	-0.0003114
37.292585	-0.0001639
37.299741	0.0002047
37.306897	-0.0008221
37.314055	0.0004732
37.321213	-0.0002472
37.328371	0.0000777
37.335531	-0.0000918
37.342691	0.0000832
37.349852	-0.0002172
37.357014	0.0000232
37.364176	0.0002475
37.371339	0.0005749
37.378503	-0.0002959
37.385667	0.0002060
37.392832	0.0003117
37.399998	0.0005818
37.407164	0.0002226
37.414331	-0.0003366
37.421499	-0.0000230
37.428668	-0.0006111
37.435837	0.0012849
37.443007	-0.0007980
37.450178	0.0004747
37.457349	0.0008269
37.464522	0.0002235
37.471694	0.0003409
37.478868	0.0003235
37.486042	-0.0001389
37.493217	0.0002623
37.500393	-0.0000310
37.507569	0.0000251
37.514746	0.0007547
37.521924	-0.0004067
37.529102	-0.0004733
37.536281	0.0010894
37.543461	0.0002984
37.550642	-0.0001081
37.557823	0.0011793
37.565005	-0.0000802
37.572187	-0.0005112
37.579371	0.0000874
37.586555	-0.0001159
37.593740	-0.0000842
37.600925	0.0007368
37.608111	0.0001282
37.615298	0.0004758
37.622486	-0.0009892
37.629674	0.0009553
37.636863	-0.0004298
37.644053	0.0003070
37.651243	0.0003512
37.658434	0.0002252
37.665626	0.0001816
37.672818	0.0009660
37.680012	-0.0005980
37.687205	0.0001572
37.694400	-0.0001905
37.701595	-0.0006458
37.708791	-0.0001286
37.715988	-0.0003408
37.723185	-0.0015362
37.730383	-0.0004436
37.737582	-0.0002098
37.744782	-0.0000420
37.751982	-0.0015519
37.759183	0.0004118
37.766385	0.0004012
37.773587	-0.0001502
37.780790	-0.0004556
37.787994	0.0000200
37.795198	0.0010427
37.802403	0.0014272
37.809609	0.0003354
37.816815	0.0001078
37.824023	-0.0002335
37.831231	0.0006644
37.838439	0.0005924
37.845649	-0.0006469
37.852859	0.0004611
37.860069	-0.0006715
37.867281	-0.0004238
37.874493	-0.0000098
37.881706	-0.0002436
37.888919	0.0004128
37.896134	0.0000065
37.903349	0.0009123
37.910564	-0.0009013
37.917781	-0.0005207
37.924998	-0.0003699
37.932216	0.0010193
37.939434	-0.0005084
37.946653	-0.0012255
37.953873	-0.0005037
37.961094	0.0004141
37.968315	0.0007741
37.975537	-0.0000001
37.982760	-0.0009626
37.989983	-0.0003525
37.997207	-0.0001651
38.004432	-0.0003030
38.011657	-0.0000167
38.018884	0.0002873
38.026110	-0.0003564
38.033338	0.0017532
38.040566	-0.0003324
38.047795	-0.0005489
38.055025	0.0005580
38.062255	0.0006211
38.069487	-0.0003232
38.076718	-0.0003651
38.083951	-0.0012413
38.091184	-0.0002645
38.098418	0.0007356
38.105653	-0.0004091
38.112888	-0.0002107
38.120124	-0.0003647
38.127361	-0.0006122
38.134598	-0.0006635
38.141836	0.0003411
38.149075	-0.0001999
38.156315	0.0010124
38.163555	0.0002024
38.170796	-0.0005675
38.178038	0.0004756
38.185280	-0.0005539
38.192523	-0.0004788
38.199767	0.0003376
38.207011	-0.0017448
38.214256	-0.0001606
38.221502	-0.0001531
38.228749	-0.0007529
38.235996	0.0001800
38.243244	-0.0004272
38.250493	0.0004339
38.257742	-0.0000619
38.264992	-0.0000392
38.272243	0.0006373
38.279494	-0.0003749
38.286747	-0.0003527
38.293999	0.0006768
38.301253	0.0006101
38.308507	-0.0003950
38.315762	0.0005458
38.323018	0.0005391
38.330274	-0.0017396
38.337532	0.0010703
38.344789	-0.0009828
38.352048	-0.0011073
38.359307	-0.0006615
38.366567	0.0011809
38.373828	-0.0003825
38.381089	0.0005292
38.388351	-0.0004072
38.395614	-0.0000439
38.402877	-0.0005227
38.410141	-0.0004178
38.417406	-0.0002642
38.424672	0.0003044
38.431938	0.0000059
38.439205	0.0002481
38.446472	0.0007034
38.453741	0.0003565
38.461010	0.0006951
38.468280	-0.0003282
38.475550	0.0003054
38.482821	0.0006421
38.490093	0.0005082
38.497366	-0.0000819
38.504639	0.0000590
38.511913	0.0001295
38.519187	0.0001565
38.526463	0.0002533
38.533739	0.0001315
38.541016	0.0007665
38.548293	0.0004241
38.555571	0.0008352
38.562850	-0.0006825
38.570130	0.0003320
38.577410	-0.0001809
38.584691	-0.0009759
38.591973	-0.0012108
38.599255	-0.0003065
38.606538	-0.0003127
38.613822	0.0009043
38.621106	0.0015112
38.628392	0.0005703
38.635678	0.0002256
38.642964	0.0001936
38.650251	-0.0002946
38.657539	-0.0005800
38.664828	-0.0000122
38.672118	0.0010180
38.679408	-0.0005265
38.686699	-0.0004103
38.693990	-0.0004454
38.701282	-0.0005039
38.708575	-0.0009590
38.715869	0.0002225
38.723163	-0.0009795
38.730458	0.0007408
38.737754	0.0005675
38.745050	0.0010695
38.752348	-0.0005945
38.759645	0.0001967
38.766944	-0.0006710
38.774243	0.0003718
38.781543	0.0000219
38.788844	0.0010125
38.796145	-0.0000660
38.803447	-0.0004518
38.810750	-0.0001124
38.818053	0.0006028
38.825358	-0.0006733
38.832662	0.0001318
38.839968	-0.0006048
38.847274	-0.0006584
38.854581	0.0003383
38.861889	-0.0001910
38.869197	-0.0005349
38.876506	-0.0004381
38.883816	-0.0006632
38.891127	0.0000731
38.898438	-0.0001691
38.905750	0.0004921
38.913062	0.0002821
38.920376	-0.0002802
38.927690	-0.0005614
38.935004	0.0010431
38.942320	-0.0006198
38.949636	-0.0006576
38.956953	0.0006942
38.964270	0.0000796
38.971588	-0.0004288
38.978907	-0.0003171
38.986227	0.0006068
38.993547	0.0002850
39.000868	-0.0003273
39.008190	0.0003905
39.015512	0.0007173
39.022836	0.0003726
39.030159	0.0010629
39.037484	-0.0004948
39.044809	0.0006048
39.052135	-0.0001236
39.059462	0.0005476
39.066789	0.0003086
39.074117	0.0000726
39.081446	0.0003923
39.088775	-0.0003058
39.096105	0.0001042
39.103436	-0.0006447
39.110768	-0.0003463
39.118100	0.0002192
39.125433	0.0002460
39.132767	-0.0000696
39.140101	-0.0001482
39.147436	0.0010286
39.154772	-0.0003506
39.162108	-0.0002045
39.169446	0.0002538
39.176783	0.0000765
39.184122	0.0006506
39.191461	0.0004949
39.198801	-0.0003559
39.206142	0.0003004
39.213483	-0.0003058
39.220825	-0.0007699
39.228168	-0.0003872
39.235512	-0.0012269
39.242856	-0.0012328
39.250201	0.0002307
39.257546	-0.0001798
39.264893	0.0007031
39.272240	-0.0006501
39.279588	0.0001168
39.286936	-0.0000063
39.294285	0.0006480
39.301635	-0.0000074
39.308985	0.0004209
39.316337	-0.0003125
39.323689	0.0001924
39.331041	-0.0004188
39.338395	0.0004520
39.345749	-0.0001863
39.353103	-0.0002495
39.360459	0.0002458
39.367815	-0.0007308
39.375172	-0.0002033
39.382529	-0.0002708
39.389888	0.0003482
39.397246	-0.0003933
39.404606	-0.0004375
39.411966	0.0011508
39.419328	0.0005727
39.426689	-0.0009166
39.434052	0.0002143
39.441415	-0.0004495
39.448779	0.0001178
39.456143	0.0003270
39.463509	-0.0007380
39.470875	-0.0003665
39.478241	-0.0002932
39.485609	0.0007365
39.492977	0.0018277
39.500346	-0.0003538
39.507715	0.0002426
39.515085	0.0001442
39.522456	0.0009676
39.529828	-0.0009696
39.537200	0.0004163
39.544573	-0.0003649
39.551947	-0.0001987
39.559321	0.0006814
39.566696	0.0007979
39.574072	-0.0004231
39.581449	0.0015598
39.588826	-0.0006609
39.596204	0.0003136
39.603582	0.0002247
39.610962	0.0002056
39.618342	-0.0019048
39.625722	0.0009715
39.633104	0.0000327
39.640486	-0.0007276
39.647869	0.0011045
39.655252	-0.0006177
39.662636	-0.0006810
39.670021	-0.0012889
39.677407	0.0008569
39.684793	-0.0006310
39.692180	0.0007472
39.699568	0.0000864
39.706957	0.0010410
39.714346	-0.0002947
39.721736	-0.0011208
39.729126	-0.0001789
39.736518	0.0001952
39.743909	0.0004400
39.751302	-0.0007365
39.758696	-0.0002530
39.766090	0.0003487
39.773484	-0.0002169
39.780880	0.0001173
39.788276	0.0000682
39.795673	0.0006277
39.803070	-0.0001536
39.810469	0.0004749
39.817868	0.0003088
39.825267	-0.0004123
39.832668	-0.0003557
39.840069	0.0000687
39.847471	0.0003395
39.854873	-0.0002670
39.862276	-0.0002826
39.869680	0.0006258
39.877085	0.0006663
39.884490	-0.0002948
39.891896	-0.0002786
39.899303	-0.0006467
39.906710	-0.0002855
39.914118	0.0001161
39.921527	-0.0011908
39.928937	0.0003218
39.936347	0.0001990
39.943758	-0.0005147
39.951170	0.0016580
39.958582	-0.0006354
39.965995	-0.0005559
39.973409	-0.0003762
39.980823	0.0003790
39.988238	0.0000839
39.995654	-0.0004624
40.003071	-0.0015487
40.010488	-0.0010201
40.017906	0.0009179
40.025325	-0.0014738
40.032744	-0.0002816
40.040164	-0.0000062
40.047585	-0.0006328
40.055006	-0.0000403
40.062428	-0.0008283
40.069851	0.0001802
40.077275	0.0009405
40.084699	0.0014865
40.092124	0.0011776
40.099550	-0.0013876
40.106976	0.0002140
40.114403	-0.0005056
40.121831	-0.0006073
40.129259	-0.0009695
40.136689	-0.0000500
40.144119	0.0008302
40.151549	-0.0008635
40.158980	-0.0007898
40.166412	0.0003983
40.173845	-0.0009462
40.181279	-0.0007411
40.188713	-0.0001527
40.196148	0.0015541
40.203583	-0.0003479
40.211019	-0.0000132
40.218456	-0.0011434
40.225894	-0.0002062
40.233332	-0.0005694
40.240771	-0.0000011
40.248211	0.0004099
40.255651	0.0002101
40.263092	0.0002517
40.270534	0.0006412
40.277977	0.0003075
40.285420	0.0002697
40.292864	-0.0000779
40.300309	0.0007703
40.307754	0.0002539
40.315200	-0.0007530
40.322647	-0.0000854
40.330094	-0.0002366
40.337542	-0.0002976
40.344991	0.0001596
40.352441	0.0003341
40.359891	-0.0008455
40.367342	0.0007836
40.374794	-0.0003397
40.382246	0.0002668
40.389699	-0.0005175
40.397153	-0.0001432
40.404607	-0.0004628
40.412063	-0.0003286
40.419518	0.0005589
40.426975	-0.0000375
40.434432	0.0002270
40.441890	0.0011061
40.449349	0.0007661
40.456808	0.0002201
40.464268	0.0003933
40.471729	-0.0000408
40.479191	-0.0003223
40.486653	-0.0000745
40.494116	-0.0000676
40.501579	0.0001898
40.509044	-0.0005336
40.516509	0.0001753
40.523975	-0.0001730
40.531441	-0.0007474
40.538908	0.0012237
40.546376	-0.0003851
40.553844	-0.0003392
40.561314	0.0004404
40.568784	0.0005702
40.576254	-0.0000659
40.583726	-0.0002406
40.591198	0.0007521
40.598670	0.0002307
40.606144	0.0008431
40.613618	0.0018048
40.621093	0.0009100
40.628568	-0.0001664
40.636045	0.0000579
40.643522	0.0012021
40.650999	-0.0003599
40.658478	-0.0003965
40.665957	-0.0002578
40.673436	-0.0006785
40.680917	-0.0002502
40.688398	-0.0004732
40.695880	0.0000507
40.703362	0.0004481
40.710846	0.0000370
40.718330	0.0000155
40.725814	0.0001978
40.733300	-0.0000000
40.740786	-0.0001968
40.748273	0.0002567
40.755760	-0.0000597
40.763248	-0.0010136
40.770737	-0.0001503
40.778227	0.0007515
40.785717	-0.0001203
40.793208	-0.0001995
40.800700	0.0003666
40.808192	-0.0007008
40.815685	0.0007971
40.823179	0.0003094
40.830674	0.0003969
40.838169	0.0002154
40.845665	-0.0010372
40.853161	-0.0003514
40.860659	-0.0006755
40.868157	0.0007083
40.875656	0.0000660
40.883155	-0.0003756
40.890655	-0.0008275
40.898156	-0.0000639
40.905657	-0.0001476
40.913160	-0.0000876
40.920663	0.0002473
40.928166	0.0009828
40.935671	0.0024808
40.943176	0.0067406
40.950681	0.0136706
40.958188	0.0286690
40.965695	0.0495896
40.973203	0.0788518
40.980711	0.1109583
40.988221	0.1411438
40.995731	0.1529318
41.003241	0.1605414
41.010753	0.1484755
41.018265	0.1301366
41.025778	0.1067301
41.033291	0.0816896
41.040805	0.0586860
41.048320	0.0394486
41.055836	0.0257174
41.063352	0.0141679
41.070869	0.0075571
41.078387	0.0048962
41.085905	0.0018099
41.093424	0.0012456
41.100944	0.0010867
41.108464	-0.0009855
41.115986	0.0005168
41.123508	0.0004314
41.131030	-0.0003876
41.138554	0.0012277
41.146078	-0.0002834
41.153602	0.0005780
41.161128	0.0007238
41.168654	0.0006388
41.176181	0.0001871
41.183708	-0.0011284
41.191236	-0.0005879
41.198765	0.0005898
41.206295	0.0002557
41.213825	0.0015769
41.221356	0.0001593
41.228888	0.0001259
41.236421	-0.0004433
41.243954	0.0007868
41.251487	0.0000454
41.259022	0.0005727
41.266557	0.0004446
41.274093	0.0003524
41.281630	-0.0000812
41.289167	-0.0012427
41.296705	0.0000637
41.304244	-0.0010167
41.311784	-0.0004041
41.319324	0.0013254
41.326865	0.0004068
41.334406	0.0005835
41.341948	-0.0005324
41.349491	-0.0005645
41.357035	-0.0001736
41.364580	-0.0003448
41.372125	0.0005298
41.379670	0.0002476
41.387217	0.0011533
41.394764	-0.0002691
41.402312	-0.0004915
41.409861	-0.0011145
41.417410	-0.0004052
41.424960	-0.0000219
41.432511	0.0001203
41.440062	-0.0008840
41.447614	0.0003889
41.455167	0.0004438
41.462720	-0.0009966
41.470275	0.0012254
41.477830	0.0002621
41.485385	0.0003660
41.492942	-0.0004951
41.500499	-0.0004975
41.508056	0.0005300
41.515615	-0.0003927
41.523174	0.0000664
41.530734	0.0000450
41.538294	-0.0000437
41.545855	0.0000969
41.553417	-0.0005556
41.560980	0.0003957
41.568543	-0.0005120
41.576107	0.0000928
41.583672	-0.0000568
41.591238	-0.0009744
41.598804	-0.0009505
41.606371	-0.0000468
41.613938	-0.0000755
41.621507	0.0005591
41.629076	0.0001752
41.636645	0.0001064
41.644216	-0.0011264
41.651787	-0.0005027
41.659358	0.0002069
41.666931	0.0002927
41.674504	0.0006453
41.682078	-0.0001366
41.689653	0.0001917
41.697228	0.0000557
41.704804	-0.0006621
41.712381	-0.0003412
41.719958	0.0001346
41.727536	0.0004865
41.735115	-0.0005488
41.742694	-0.0001168
41.750275	0.0000946
41.757855	-0.0006157
41.765437	-0.0016886
41.773019	-0.0000646
41.780602	-0.0006889
41.788186	0.0003101
41.795771	-0.0000159
41.803356	0.0010562
41.810941	-0.0006717
41.818528	-0.0001993
41.826115	0.0007436
41.833703	0.0001631
41.841292	0.0006291
41.848881	0.0002631
41.856471	-0.0002800
41.864062	-0.0005182
41.871653	0.0003675
41.879246	-0.0001994
41.886838	0.0001951
41.894432	-0.0002636
41.902026	-0.0003446
41.909621	0.0008261
41.917217	0.0004211
41.924813	0.0002480
41.932410	-0.0004909
41.940008	0.0003044
41.947606	-0.0009489
41.955206	0.0000905
41.962806	-0.0003184
41.970406	0.0006852
41.978007	-0.0002825
41.985609	0.0002165
41.993212	-0.0002388
42.000815	0.0005785
42.008419	0.0000835
42.016024	0.0001992
42.023630	-0.0006286
42.031236	0.0003278
42.038843	-0.0001065
42.046450	-0.0002522
42.054059	-0.0000073
42.061668	-0.0005386
42.069277	0.0009702
42.076888	0.0001562
42.084499	-0.0000352
42.092111	-0.0001621
42.099723	-0.0000226
42.107337	0.0003951
42.114950	0.0002069
42.122565	0.0000274
42.130180	0.0003096
42.137796	-0.0003485
42.145413	0.0000985
42.153031	-0.0007722
42.160649	-0.0000713
42.168268	-0.0007682
42.175887	0.0003865
42.183507	-0.0000946
42.191128	0.0008460
42.198750	-0.0005744
42.206372	0.0002118
42.213995	-0.0001745
42.221619	-0.0001645
42.229244	-0.0008079
42.236869	-0.0005601
42.244495	-0.0014103
42.252121	-0.0002106
42.259748	-0.0003137
42.267376	0.0001932
42.275005	-0.0003235
42.282634	0.0008614
42.290265	0.0004922
42.297895	-0.0002722
42.305527	-0.0006310
42.313159	-0.0003264
42.320792	0.0007086
42.328425	0.0000776
42.336060	0.0007740
42.343695	-0.0007736
42.351330	-0.0000514
42.358967	0.0005358
42.366604	0.0003076
42.374242	-0.0000500
42.381880	0.0007896
42.389519	0.0008452
42.397159	-0.0002761
42.404800	0.0002903
42.412441	0.0000152
42.420083	-0.0009520
42.427726	-0.0001406
42.435370	-0.0004527
42.443014	-0.0001070
42.450658	-0.0000847
42.458304	0.0002388
42.465950	0.0002372
42.473597	-0.0005096
42.481245	0.0007474
42.488893	-0.0002909
42.496542	0.0000542
42.504192	-0.0001342
42.511842	0.0004734
42.519494	0.0017276
42.527145	-0.0001274
42.534798	0.0007312
42.542451	-0.0004815
42.550105	-0.0002780
42.557760	-0.0003189
42.565415	0.0003099
42.573071	-0.0005042
42.580728	0.0000173
42.588385	0.0001222
42.596044	-0.0004240
42.603703	0.0001842
42.611362	-0.0000124
42.619022	0.0004122
42.626683	0.0001042
42.634345	0.0001560
42.642007	-0.0008146
42.649671	-0.0000871
42.657334	0.0011342
42.664999	-0.0002578
42.672664	0.0005559
42.680330	-0.0004207
42.687997	0.0007173
42.695664	-0.0004131
42.703332	0.0004369
42.711001	-0.0003073
42.718670	-0.0009258
42.726340	0.0003649
42.734011	-0.0014908
42.741682	-0.0000777
42.749355	0.0001584
42.757028	0.0009084
42.764701	-0.0001190
42.772376	-0.0000018
42.780051	0.0007179
42.787726	-0.0001495
42.795403	0.0000640
42.803080	0.0019914
42.810758	-0.0006069
42.818436	0.0004896
42.826115	-0.0008761
42.833795	0.0005855
42.841476	0.0003002
42.849157	0.0000332
42.856839	-0.0021858
42.864522	0.0002615
42.872206	0.0002522
42.879890	0.0002491
42.887575	-0.0000174
42.895260	-0.0002759
42.902947	0.0003079
42.910634	-0.0003694
42.918321	-0.0014668
42.926010	-0.0002430
42.933699	-0.0007097
42.941388	0.0000916
42.949079	0.0001808
42.956770	-0.0005743
42.964462	0.0002831
42.972155	-0.0002902
42.979848	-0.0003021
42.987542	-0.0000299
42.995237	0.0008516
43.002932	0.0008581
43.010628	0.0005588
43.018325	-0.0000040
43.026022	-0.0001100
43.033721	0.0009372
43.041420	-0.0001135
43.049119	-0.0003951
43.056819	0.0006604
43.064520	0.0005091
43.072222	-0.0008028
43.079925	0.0003172
43.087628	0.0004118
43.095332	-0.0006559
43.103036	-0.0001800
43.110741	0.0001800
43.118447	-0.0002139
43.126154	0.0006100
43.133861	-0.0012841
43.141569	0.0007767
43.149278	-0.0002302
43.156987	0.0004815
43.164698	0.0003522
43.172409	0.0002595
43.180120	-0.0012467
43.187832	-0.0006829
43.195545	-0.0004494
43.203259	-0.0000704
43.210973	0.0007541
43.218688	-0.0011706
43.226404	-0.0013051
43.234121	0.0003811
43.241838	-0.0009980
43.249556	0.0008225
43.257274	-0.0001482
43.264994	-0.0003838
43.272714	0.0001067
43.280434	-0.0002867
43.288156	0.0004859
43.295878	-0.0000010
43.303600	-0.0002059
43.311324	-0.0003601
43.319048	0.0000792
43.326773	-0.0002902
43.334499	0.0006129
43.342225	-0.0000125
43.349952	-0.0000377
43.357680	0.0008679
43.365408	0.0003249
43.373137	0.0003210
43.380867	-0.0000706
43.388598	-0.0008731
43.396329	-0.0013420
43.404061	-0.0000376
43.411793	-0.0006898
43.419527	-0.0000462
43.427261	-0.0005761
43.434995	-0.0009250
43.442731	-0.0005009
43.450467	0.0005061
43.458204	-0.0009395
43.465941	-0.0002171
43.473680	-0.0000002
43.481419	0.0010634
43.489158	0.0001825
43.496899	-0.0009477
43.504640	-0.0000137
43.512381	-0.0001431
43.520124	-0.0005255
43.527867	-0.0001622
43.535611	-0.0007534
43.543356	-0.0007554
43.551101	-0.0003251
43.558847	-0.0007337
43.566593	0.0006781
43.574341	-0.0001247
43.582089	0.0005415
43.589838	0.0003858
43.597587	-0.0006129
43.605337	-0.0011920
43.613088	0.0007017
43.620840	0.0001829
43.628592	-0.0009848
43.636345	-0.0011822
43.644099	0.0005055
43.651853	-0.0001786
43.659608	-0.0003472
43.667364	0.0002924
43.675121	0.0005377
43.682878	0.0002203
43.690636	0.0000334
43.698394	-0.0005523
43.706154	-0.0008102
43.713914	0.0000349
43.721674	-0.0002302
43.729436	-0.0004369
43.737198	0.0016529
43.744961	-0.0021547
43.752724	0.0003734
43.760489	-0.0000106
43.768254	0.0006697
43.776019	-0.0003083
43.783786	-0.0001684
43.791553	-0.0003192
43.799320	-0.0004229
43.807089	-0.0002495
43.814858	-0.0008624
43.822628	0.0009813
43.830398	0.0001042
43.838170	0.0005504
43.845942	-0.0008405
43.853714	-0.0008661
43.861488	0.0006152
43.869262	0.0012442
43.877036	0.0002669
43.884812	-0.0004822
43.892588	-0.0006591
43.900365	0.0000510
43.908143	0.0013926
43.915921	0.0002176
43.923700	0.0002006
43.931479	-0.0011407
43.939260	0.0006470
43.947041	-0.0003025
43.954823	-0.0005407
43.962605	-0.0004766
43.970388	-0.0010252
43.978172	0.0000135
43.985957	0.0005195
43.993742	0.0000319
44.001528	0.0007671
44.009315	-0.0002363
44.017102	-0.0000755
44.024891	-0.0012664
44.032679	-0.0003553
44.040469	0.0004650
44.048259	-0.0006606
44.056050	-0.0003563
44.063842	0.0001763
44.071634	0.0001884
44.079427	0.0005828
44.087221	-0.0000114
44.095015	-0.0000265
44.102810	0.0005435
44.110606	-0.0011721
44.118403	-0.0004913
44.126200	-0.0003433
44.133998	-0.0001063
44.141797	-0.0002551
44.149596	-0.0001428
44.157396	0.0005151
44.165197	-0.0005758
44.172998	0.0000577
44.180800	0.0002396
44.188603	-0.0006106
44.196407	-0.0006615
44.204211	0.0000190
44.212016	-0.0003293
44.219822	0.0010003
44.227628	-0.0000550
44.235435	-0.0000601
44.243243	-0.0006476
44.251052	-0.0001531
44.258861	-0.0000057
44.266671	-0.0001232
44.274481	-0.0005373
44.282292	0.0001888
44.290104	0.0009586
44.297917	-0.0004406
44.305731	0.0003557
44.313545	0.0000015
44.321360	-0.0008842
44.329175	0.0006294
44.336991	-0.0003533
44.344808	-0.0003526
44.352626	0.0007819
44.360444	-0.0001986
44.368263	-0.0008892
44.376083	0.0002868
44.383903	0.0007335
44.391724	0.0001992
44.399546	0.0012474
44.407369	-0.0005524
44.415192	0.0002333
44.423016	0.0005860
44.430841	-0.0004123
44.438666	0.0007339
44.446492	0.0000338
44.454319	-0.0002370
44.462146	-0.0003895
44.469974	0.0000209
44.477803	0.0004614
44.485633	0.0005803
44.493463	0.0004937
44.501294	0.0024265
44.509126	0.0006217
44.516958	0.0001537
44.524791	0.0003197
44.532625	-0.0006401
44.540459	-0.0002296
44.548294	-0.0004522
44.556130	0.0006605
44.563967	0.0005863
44.571804	0.0000044
44.579642	0.0009699
44.587481	0.0002381
44.595320	0.0010608
44.603160	0.0003161
44.611001	-0.0011768
44.618843	0.0006819
44.626685	0.0002814
44.634528	-0.0002678
44.642371	-0.0011931
44.650216	-0.0000122
44.658061	-0.0003658
44.665906	0.0001803
44.673753	-0.0005982
44.681600	0.0001564
44.689448	-0.0005601
44.697296	-0.0005209
44.705146	-0.0000995
44.712996	0.0000282
44.720846	-0.0000565
44.728697	-0.0002246
44.736550	-0.0003124
44.744402	-0.0001069
44.752256	0.0003083
44.760110	-0.0005492
44.767965	0.0014330
44.775820	-0.0001782
44.783676	-0.0005211
44.791533	-0.0006192
44.799391	-0.0001175
44.807249	0.0007307
44.815108	0.0010307
44.822968	0.0001987
44.830829	0.0001215
44.838690	0.0015311
44.846552	0.0004797
44.854414	-0.0005237
44.862278	-0.0001255
44.870142	0.0014057
44.878006	-0.0015610
44.885872	0.0007291
44.893738	-0.0000075
44.901605	-0.0000226
44.909472	-0.0009332
44.917340	-0.0004801
44.925209	-0.0001553
44.933079	-0.0001430
44.940949	-0.0001861
44.948820	-0.0006211
44.956692	-0.0008517
44.964564	0.0003256
44.972437	0.0012048
44.980311	0.0008777
44.988186	-0.0004049
44.996061	0.0003756
45.003937	0.0007734
45.011813	0.0000163
45.019691	-0.0003766
45.027569	-0.0003144
45.035447	0.0005322
45.043327	-0.0001425
45.051207	0.0008434
45.059088	-0.0004084
45.066969	-0.0001595
45.074852	0.0003959
45.082734	-0.0005716
45.090618	-0.0002785
45.098502	0.0008378
45.106387	0.0004850
45.114273	-0.0009324
45.122160	-0.0004382
45.130047	0.0003313
45.137935	-0.0009886
45.145823	0.0000668
45.153713	-0.0006228
45.161603	0.0007237
45.169493	0.0002390
45.177385	0.0004240
45.185277	-0.0012178
45.193169	0.0001639
45.201063	-0.0004989
45.208957	0.0005309
45.216852	-0.0004332
45.224748	-0.0010414
45.232644	0.0003889
45.240541	0.0002981
45.248438	-0.0001305
45.256337	0.0001906
45.264236	-0.0004776
45.272136	-0.0006247
45.280036	0.0003999
45.287937	0.0011959
45.295839	0.0003974
45.303742	-0.0004488
45.311645	-0.0004562
45.319549	-0.0005426
45.327454	0.0000895
45.335359	0.0005358
45.343266	0.0005171
45.351172	-0.0005914
45.359080	0.0005556
45.366988	-0.0005042
45.374897	-0.0003547
45.382807	0.0004471
45.390717	-0.0000399
45.398628	-0.0005859
45.406540	0.0000536
45.414452	-0.0001961
45.422365	0.0007504
45.430279	-0.0003460
45.438194	0.0005449
45.446109	0.0006806
45.454025	0.0002398
45.461942	-0.0005198
45.469859	-0.0010336
45.477777	0.0000025
45.485696	-0.0001346
45.493615	-0.0003163
45.501536	-0.0008487
45.509456	-0.0003264
45.517378	-0.0000394
45.525300	-0.0000987
45.533223	-0.0008862
45.541147	-0.0004271
45.549071	0.0007923
45.556996	0.0000716
45.564922	-0.0011188
45.572849	0.0002611
45.580776	-0.0005132
45.588704	0.0006418
45.596632	0.0002731
45.604562	0.0005637
45.612492	-0.0000342
45.620422	-0.0002157
45.628354	-0.0002748
45.636286	0.0000991
45.644219	-0.0000639
45.652152	0.0003678
45.660086	0.0001273
45.668021	-0.0003446
45.675957	-0.0000716
45.683893	-0.0010299
45.691830	0.0005045
45.699768	0.0004640
45.707706	-0.0013550
45.715646	-0.0008980
45.723585	-0.0008219
45.731526	-0.0009401
45.739467	0.0002760
45.747409	0.0006423
45.755352	-0.0000928
45.763295	0.0008485
45.771239	0.0005564
45.779184	-0.0000935
45.787129	-0.0010987
45.795076	-0.0000204
45.803022	0.0003459
45.810970	0.0007910
45.818918	-0.0003027
45.826867	-0.0006697
45.834817	-0.0010663
45.842767	-0.0003529
45.850718	0.0013150
45.858670	0.0003082
45.866623	-0.0003350
45.874576	0.0003217
45.882530	0.0005065
45.890484	0.0001453
45.898439	-0.0004013
45.906395	0.0002477
45.914352	0.0005852
45.922310	0.0009335
45.930268	-0.0003000
45.938226	0.0009838
45.946186	0.0003372
45.954146	0.0001437
45.962107	-0.0006481
45.970069	0.0000883
45.978031	0.0004855
45.985994	0.0007948
45.993958	-0.0002766
46.001922	0.0004703
46.009887	-0.0002271
46.017853	-0.0010028
46.025820	-0.0009926
46.033787	-0.0004797
46.041755	-0.0012816
46.049723	-0.0010987
46.057693	-0.0007911
46.065663	-0.0003131
46.073634	0.0008446
46.081605	-0.0010103
46.089577	0.0006017
46.097550	-0.0004668
46.105524	0.0001601
46.113498	-0.0000065
46.121473	-0.0002902
46.129448	0.0004715
46.137425	-0.0004314
46.145402	0.0001773
46.153380	-0.0001742
46.161358	-0.0002518
46.169337	-0.0001881
46.177317	-0.0011283
46.185298	-0.0000603
46.193279	0.0003072
46.201261	-0.0003739
46.209244	-0.0008402
46.217227	-0.0001679
46.225211	0.0000856
46.233196	0.0002051
46.241181	-0.0004094
46.249168	-0.0006025
46.257154	0.0002656
46.265142	-0.0005270
46.273130	-0.0011846
46.281119	0.0005495
46.289109	-0.0003268
46.297100	0.0003423
46.305091	0.0003897
46.313082	0.0006828
46.321075	0.0006611
46.329068	0.0005636
46.337062	-0.0008575
46.345057	0.0007085
46.353052	0.0001051
46.361048	-0.0008086
46.369045	-0.0017803
46.377042	0.0001588
46.385040	0.0006084
46.393039	-0.0001380
46.401039	-0.0007596
46.409039	0.0012148
46.417040	-0.0009800
46.425042	0.0002574
46.433044	-0.0006695
46.441047	0.0006391
46.449051	-0.0001741
46.457055	0.0007388
46.465060	0.0009987
46.473066	-0.0000212
46.481073	-0.0001010
46.489080	0.0000837
46.497088	0.0004267
46.505097	0.0009820
46.513106	0.0004079
46.521116	0.0004230
46.529127	-0.0004320
46.537138	-0.0002522
46.545151	0.0010797
46.553163	-0.0006459
46.561177	-0.0005022
46.569191	-0.0000538
46.577206	-0.0001830
46.585222	-0.0004700
46.593238	-0.0002974
46.601256	0.0003037
46.609273	0.0003333
46.617292	-0.0001320
46.625311	0.0003831
46.633331	0.0004233
46.641352	0.0002404
46.649373	0.0000120
46.657395	0.0003675
46.665418	0.0009160
46.673441	-0.0005948
46.681465	0.0001370
46.689490	0.0001727
46.697516	-0.0002353
46.705542	-0.0000646
46.713569	0.0000871
46.721596	-0.0000221
46.729625	0.0007881
46.737654	0.0007450
46.745683	0.0001025
46.753714	-0.0010664
46.761745	0.0000248
46.769777	-0.0001673
46.777809	-0.0004872
46.785843	-0.0001777
46.793877	0.0007442
46.801911	0.0008733
46.809947	-0.0005005
46.817983	0.0002302
46.826019	0.0007412
46.834057	-0.0002173
46.842095	-0.0004494
46.850134	0.0009787
46.858174	-0.0006878
46.866214	-0.0001817
46.874255	0.0003333
46.882297	-0.0003663
46.890339	0.0001724
46.898382	-0.0002576
46.906426	-0.0004287
46.914470	-0.0006578
46.922515	-0.0004566
46.930561	0.0007661
46.938608	-0.0003447
46.946655	-0.0009544
46.954703	-0.0008484
46.962752	-0.0001277
46.970801	0.0002268
46.978852	0.0002151
46.986902	0.0004031
46.994954	-0.0002300
47.003006	0.0009098
47.011059	-0.0001559
47.019113	0.0006596
47.027167	0.0002030
47.035222	-0.0000066
47.043278	0.0003697
47.051334	-0.0007362
47.059391	0.0004665
47.067449	-0.0001910
47.075508	-0.0000731
47.083567	-0.0005840
47.091627	-0.0011714
47.099687	0.0000802
47.107749	0.0006853
47.115811	-0.0004743
47.123874	0.0001478
47.131937	-0.0005718
47.140001	0.0004791
47.148066	0.0006926
47.156132	-0.0002888
47.164198	-0.0003680
47.172265	0.0000308
47.180333	0.0006465
47.188401	-0.0002691
47.196470	0.0000556
47.204540	0.0008959
47.212610	0.0008301
47.220682	0.0001301
47.228753	0.0002252
47.236826	-0.0000892
47.244899	0.0004595
47.252973	0.0004569
47.261048	-0.0000493
47.269123	-0.0004623
47.277199	0.0004525
47.285276	0.0002848
47.293354	-0.0001264
47.301432	-0.0006346
47.309511	-0.0005780
47.317591	0.0006056
47.325671	0.0004796
47.333752	-0.0002916
47.341834	-0.0001910
47.349916	-0.0002542
47.357999	0.0007680
47.366083	-0.0009227
47.374167	0.0004185
47.382253	-0.0007945
47.390339	-0.0000704
47.398425	0.0005870
47.406513	0.0003397
47.414601	-0.0005924
47.422689	0.0014365
47.430779	-0.0004324
47.438869	-0.0005477
47.446960	-0.0002560
47.455051	0.0010974
47.463144	0.0001987
47.471237	-0.0009013
47.479330	0.0001392
47.487425	0.0005876
47.495520	0.0000484
47.503616	0.0010536
47.511712	-0.0003940
47.519809	-0.0004978
47.527907	0.0000829
47.536006	0.0004921
47.544105	-0.0004850
47.552205	0.0011558
47.560306	0.0002054
47.568407	0.0002829
47.576509	0.0013682
47.584612	0.0007051
47.592715	-0.0005064
47.600820	0.0005239
47.608924	0.0001030
47.617030	0.0000704
47.625136	-0.0012463
47.633243	0.0001717
47.641351	-0.0007111
47.649459	0.0000961
47.657569	-0.0002117
47.665678	0.0007390
47.673789	-0.0000023
47.681900	-0.0001993
47.690012	0.0000456
47.698125	-0.0004111
47.706238	-0.0002172
47.714352	0.0000867
47.722467	-0.0000793
47.730582	-0.0005314
47.738698	-0.0001722
47.746815	-0.0006979
47.754933	0.0014314
47.763051	-0.0006246
47.771170	-0.0011223
47.779290	0.0005985
47.787410	-0.0005653
47.795531	-0.0002766
47.803653	-0.0000105
47.811775	-0.0004219
47.819898	0.0003465
47.828022	0.0005361
47.836147	0.0006066
47.844272	0.0009011
47.852398	0.0006571
47.860525	0.0001670
47.868652	-0.0000865
47.876780	-0.0003176
47.884909	0.0003585
47.893038	-0.0005561
47.901169	0.0007859
47.909299	-0.0002468
47.917431	-0.0008474
47.925563	-0.0005238
47.933696	-0.0008976
47.941830	-0.0002175
47.949964	-0.0004977
47.958100	0.0001763
47.966235	-0.0001196
47.974372	0.0002242
47.982509	0.0000176
47.990647	0.0004864
47.998786	0.0004993
48.006925	0.0004726
48.015065	-0.0006478
48.023206	0.0007962
48.031347	-0.0005023
48.039489	0.0001054
48.047632	0.0004508
48.055776	-0.0002051
48.063920	-0.0007156
48.072065	0.0005614
48.080210	-0.0010796
48.088357	0.0000835
48.096504	-0.0001981
48.104652	-0.0006793
48.112800	0.0006504
48.120949	0.0003175
48.129099	-0.0001153
48.137250	0.0000401
48.145401	0.0005064
48.153553	0.0003240
48.161705	-0.0007472
48.169859	-0.0008542
48.178013	0.0000669
48.186168	-0.0002585
48.194323	-0.0000838
48.202479	0.0000472
48.210636	0.0000877
48.218794	-0.0001136
48.226952	-0.0002999
48.235111	-0.0007243
48.243271	0.0005855
48.251431	0.0012208
48.259592	-0.0004584
48.267754	-0.0001798
48.275916	-0.0005663
48.284080	-0.0001374
48.292244	-0.0005483
48.300408	-0.0015887
48.308573	0.0007248
48.316740	0.0005926
48.324906	-0.0001672
48.333074	-0.0004199
48.341242	-0.0009056
48.349411	-0.0008763
48.357580	-0.0003542
48.365750	-0.0004166
48.373921	0.0011614
48.382093	-0.0005268
48.390265	0.0000451
48.398438	-0.0006494
48.406612	-0.0001253
48.414786	0.0003939
48.422962	0.0001731
48.431137	-0.0004562
48.439314	0.0002039
48.447491	0.0000237
48.455669	-0.0007266
48.463848	-0.0013413
48.472027	0.0001213
48.480207	-0.0003679
48.488388	0.0007621
48.496569	-0.0006320
48.504752	-0.0004836
48.512934	0.0005831
48.521118	-0.0002895
48.529302	0.0006572
48.537487	0.0007098
48.545673	0.0000553
48.553859	0.0004862
48.562046	0.0004078
48.570234	-0.0001613
48.578423	-0.0008324
48.586612	0.0004273
48.594802	-0.0000206
48.602992	0.0000002
48.611184	0.0007808
48.619376	0.0007523
48.627568	-0.0001025
48.635762	0.0003953
48.643956	-0.0002674
48.652151	-0.0005567
48.660346	-0.0011508
48.668542	0.0001218
48.676739	-0.0001384
48.684937	-0.0000253
48.693135	0.0007741
48.701334	0.0003138
48.709534	-0.0001777
48.717734	-0.0001461
48.725936	-0.0000521
48.734137	-0.0002029
48.742340	-0.0006945
48.750543	-0.0007042
48.758747	-0.0001184
48.766952	-0.0005197
48.775157	-0.0003427
48.783363	-0.0004704
48.791570	-0.0003022
48.799777	0.0003095
48.807985	0.0001972
48.816194	0.0005012
48.824404	-0.0005371
48.832614	-0.0000356
48.840825	0.0008143
48.849037	-0.0004159
48.857249	0.0000445
48.865462	0.0002989
48.873676	0.0001928
48.881890	-0.0005712
48.890106	-0.0001963
48.898321	-0.0000229
48.906538	-0.0007310
48.914755	-0.0001122
48.922973	-0.0006568
48.931192	0.0000545
48.939411	-0.0009909
48.947631	-0.0004296
48.955852	0.0012159
48.964074	-0.0000281
48.972296	-0.0001685
48.980519	0.0001395
48.988742	-0.0001581
48.996967	0.0007185
49.005192	-0.0015118
49.013418	0.0000693
49.021644	0.0007185
49.029871	0.0000971
49.038099	-0.0000561
49.046327	0.0000397
49.054557	-0.0005734
49.062787	0.0003964
49.071017	0.0008081
49.079249	-0.0000349
49.087481	-0.0013243
49.095713	0.0007791
49.103947	-0.0002704
49.112181	-0.0009577
49.120416	0.0003798
49.128651	0.0008553
49.136888	0.0000083
49.145124	-0.0003171
49.153362	-0.0001098
49.161600	-0.0010378
49.169840	-0.0001041
49.178079	-0.0003689
49.186320	-0.0002917
49.194561	-0.0001827
49.202803	-0.0005091
49.211045	-0.0001515
49.219289	-0.0002109
49.227533	-0.0002925
49.235777	-0.0003695
49.244023	-0.0007531
49.252269	-0.0000358
49.260516	0.0012152
49.268763	-0.0006042
49.277011	-0.0001520
49.285260	0.0002401
49.293510	0.0003186
49.301760	-0.0007387
49.310011	-0.0007712
49.318263	0.0002588
49.326515	0.0011178
49.334768	0.0005418
49.343022	0.0003325
49.351277	-0.0011578
49.359532	-0.0000284
49.367788	0.0005166
49.376044	0.0004411
49.384302	-0.0006572
49.392560	-0.0007358
49.400818	-0.0001624
49.409078	0.0004145
49.417338	0.0005860
49.425599	-0.0002232
49.433860	0.0001415
49.442122	0.0008809
49.450385	-0.0005487
49.458649	-0.0009586
49.466913	0.0001831
49.475178	0.0000735
49.483444	-0.0001906
49.491711	-0.0008537
49.499978	-0.0002341
49.508246	-0.0014331
49.516514	0.0010400
49.524784	-0.0004624
49.533053	-0.0006431
49.541324	-0.0003922
49.549596	-0.0003784
49.557868	0.0002256
49.566140	-0.0001433
49.574414	-0.0000245
49.582688	-0.0000397
49.590963	-0.0001097
49.599238	0.0003132
49.607515	0.0001414
49.615792	-0.0003767
49.624069	0.0002554
49.632348	0.0000686
49.640627	-0.0004249
49.648907	0.0005542
49.657187	0.0004267
49.665468	0.0005249
49.673750	-0.0002617
49.682033	0.0001299
49.690316	-0.0005573
49.698600	0.0003007
49.706885	0.0000482
49.715170	-0.0006714
49.723456	-0.0002018
49.731743	-0.0008132
49.740031	0.0001033
49.748319	0.0000321
49.756608	-0.0002081
49.764898	0.0007682
49.773188	-0.0002700
49.781479	-0.0008409
49.789771	0.0003629
49.798063	-0.0000007
49.806356	0.0012476
49.814650	0.0001223
49.822945	-0.0009657
49.831240	-0.0000724
49.839536	-0.0001449
49.847833	-0.0008451
49.856130	0.0004701
49.864428	0.0016015
49.872727	-0.0000354
49.881026	-0.0014707
49.889326	0.0009431
49.897627	-0.0004100
49.905929	0.0009681
49.914231	-0.0000723
49.922534	0.0012132
49.930838	0.0004923
49.939142	-0.0002546
49.947447	-0.0012357
49.955753	-0.0001507
49.964059	-0.0006381
49.972367	-0.0004601
49.980675	-0.0014033
49.988983	-0.0000044
49.997292	-0.0003939
50.005602	-0.0000265
50.013913	0.0003843
50.022225	-0.0000260
50.030537	-0.0000075
50.038850	0.0007441
50.047163	0.0005100
50.055477	-0.0011001
50.063792	0.0004447
50.072108	0.0000841
50.080424	0.0003478
50.088741	0.0015940
50.097059	0.0000489
50.105377	0.0006639
50.113696	-0.0007435
50.122016	-0.0002102
50.130337	0.0004979
50.138658	0.0004116
50.146980	0.0009154
50.155303	0.0005532
50.163626	-0.0010431
50.171950	-0.0003315
50.180275	-0.0002809
50.188600	0.0012441
50.196926	-0.0007317
50.205253	-0.0006584
50.213581	0.0002271
50.221909	-0.0000869
50.230238	-0.0001110
50.238568	0.0006909
50.246898	0.0007239
50.255229	-0.0003621
50.263561	0.0005296
50.271893	0.0006595
50.280227	-0.0000567
50.288560	-0.0001515
50.296895	0.0001845
50.305230	-0.0004600
50.313566	-0.0002280
50.321903	0.0002772
50.330240	-0.0004222
50.338578	-0.0006270
50.346917	0.0005325
50.355257	0.0002280
50.363597	-0.0005233
50.371938	-0.0002313
50.380280	0.0008914
50.388622	0.0001629
50.396965	0.0001381
50.405309	0.0000452
50.413653	-0.0003210
50.421998	-0.0003056
50.430344	0.0000209
50.438690	0.0002070
50.447038	-0.0002669
50.455386	-0.0008687
50.463734	0.0014653
50.472084	-0.0008062
50.480434	0.0001492
50.488784	-0.0003461
50.497136	-0.0011609
50.505488	-0.0000766
50.513841	0.0006621
50.522194	-0.0011465
50.530549	0.0001288
50.538904	-0.0000139
50.547259	0.0007204
50.555616	-0.0006725
50.563973	-0.0012573
50.572330	0.0008291
50.580689	0.0001052
50.589048	0.0000487
50.597408	-0.0001200
50.605768	-0.0010889
50.614130	-0.0000164
50.622492	0.0002311
50.630854	0.0009323
50.639218	0.0002916
50.647582	0.0003748
50.655947	0.0006675
50.664312	-0.0004973
50.672678	-0.0008346
50.681045	-0.0010393
50.689413	-0.0009803
50.697781	-0.0001530
50.706150	0.0008697
50.714520	0.0006303
50.722890	0.0004424
50.731261	-0.0004629
50.739633	0.0004283
50.748006	-0.0002269
50.756379	0.0002887
50.764753	-0.0007174
50.773127	0.0000747
50.781503	-0.0001716
50.789879	0.0004472
50.798256	0.0002599
50.806633	0.0001798
50.815011	-0.0007724
50.823390	-0.0001492
50.831769	-0.0013936
50.840150	0.0002571
50.848531	-0.0011085
50.856912	-0.0003546
50.865295	-0.0003965
50.873678	-0.0012141
50.882061	-0.0000941
50.890446	0.0008070
50.898831	-0.0006799
50.907217	0.0003228
50.915603	0.0005027
50.923991	-0.0003328
50.932379	0.0000779
50.940767	-0.0002863
50.949157	-0.0008917
50.957547	-0.0003095
50.965938	-0.0003490
50.974329	-0.0001880
50.982721	0.0002144
50.991114	0.0011714
50.999508	0.0008178
51.007902	0.0007027
51.016297	0.0007127
51.024693	-0.0003574
51.033089	-0.0007212
51.041486	0.0003868
51.049884	0.0008268
51.058282	-0.0000115
51.066682	-0.0006070
51.075082	-0.0001735
51.083482	-0.0008383
51.091884	0.0006600
51.100286	0.0003159
51.108688	0.0004586
51.117092	-0.0001945
51.125496	0.0013396
51.133901	0.0000040
51.142306	0.0003049
51.150712	0.0010088
51.159119	-0.0001300
51.167527	0.0012044
51.175935	-0.0000588
51.184344	0.0004480
51.192754	-0.0003683
51.201165	-0.0011000
51.209576	-0.0001592
51.217987	-0.0003946
51.226400	-0.0002543
51.234813	-0.0002808
51.243227	0.0005946
51.251642	-0.0003839
51.260057	-0.0006713
51.268473	0.0002352
51.276890	0.0006544
51.285308	-0.0000071
51.293726	-0.0004764
51.302145	0.0003521
51.310564	0.0004211
51.318984	-0.0001900
51.327405	-0.0004654
51.335827	-0.0007742
51.344250	-0.0005202
51.352673	0.0004029
51.361096	-0.0001240
51.369521	0.0001695
51.377946	-0.0003651
51.386372	0.0006403
51.394799	-0.0003553
51.403226	-0.0007362
51.411654	-0.0002263
51.420083	-0.0013031
51.428512	0.0000502
51.436942	-0.0006549
51.445373	-0.0006672
51.453804	-0.0001876
51.462237	-0.0008596
51.470670	0.0005270
51.479103	0.0000525
51.487538	-0.0009055
51.495973	-0.0003292
51.504408	-0.0007059
51.512845	0.0000291
51.521282	-0.0007825
51.529720	-0.0005043
51.538158	0.0000588
51.546597	-0.0002636
51.555037	-0.0000185
51.563478	-0.0000313
51.571919	0.0002968
51.580361	-0.0000477
51.588804	-0.0003258
51.597248	-0.0008931
51.605692	0.0001755
51.614137	0.0000688
51.622582	-0.0001024
51.631029	-0.0010729
51.639476	0.0003953
51.647923	-0.0005517
51.656372	-0.0004882
51.664821	-0.0001674
51.673270	-0.0006576
51.681721	-0.0002202
51.690172	-0.0004145
51.698624	-0.0006379
51.707077	-0.0005747
51.715530	0.0000638
51.723984	0.0005658
51.732439	-0.0000232
51.740894	0.0002070
51.749350	0.0003420
51.757807	-0.0001130
51.766264	-0.0004140
51.774723	0.0003982
51.783181	0.0002501
51.791641	0.0006144
51.800101	-0.0005786
51.808562	-0.0004708
51.817024	0.0000612
51.825487	-0.0003359
51.833950	-0.0003199
51.842413	-0.0011523
51.850878	-0.0013901
51.859343	0.0012781
51.867809	-0.0009189
51.876276	-0.0001430
51.884743	0.0009582
51.893211	-0.0002433
51.901680	-0.0001124
51.910149	0.0004220
51.918620	0.0001085
51.927090	-0.0003664
51.935562	0.0001217
51.944034	-0.0003206
51.952507	0.0003418
51.960981	-0.0006303
51.969455	0.0007157
51.977930	0.0000045
51.986406	0.0001604
51.994882	-0.0000550
52.003360	-0.0005177
52.011838	0.0007192
52.020316	0.0002356
52.028795	-0.0000556
52.037275	-0.0002206
52.045756	-0.0003337
52.054237	-0.0002404
52.062719	-0.0006614
52.071202	-0.0002773
52.079686	0.0004024
52.088170	0.0002839
52.096655	-0.0007186
52.105140	0.0004706
52.113627	-0.0001194
52.122114	0.0003636
52.130601	0.0003074
52.139090	0.0006269
52.147579	-0.0004356
52.156069	0.0003919
52.164559	0.0003826
52.173051	-0.0004460
52.181542	-0.0001146
52.190035	-0.0001935
52.198528	-0.0000372
52.207022	0.0003421
52.215517	-0.0002061
52.224013	0.0004406
52.232509	-0.0003332
52.241006	-0.0002403
52.249503	0.0009903
52.258001	0.0002078
52.266500	0.0005386
52.275000	-0.0001841
52.283500	-0.0011221
52.292001	0.0001319
52.300503	0.0001823
52.309006	0.0009816
52.317509	0.0004617
52.326013	0.0006522
52.334517	0.0010771
52.343022	-0.0003317
52.351528	-0.0005142
52.360035	0.0003261
52.368542	0.0007855
52.377051	-0.0000862
52.385559	-0.0002285
52.394069	0.0001234
52.402579	-0.0000771
52.411090	-0.0003528
52.419601	-0.0005806
52.428114	-0.0000294
52.436627	-0.0008268
52.445140	0.0010394
52.453655	-0.0003610
52.462170	0.0008077
52.470686	0.0001764
52.479202	0.0004098
52.487720	0.0001912
52.496237	-0.0002674
52.504756	-0.0009696
52.513275	-0.0003887
52.521795	0.0008395
52.530316	0.0000087
52.538838	0.0001514
52.547360	-0.0007902
52.555882	-0.0000103
52.564406	0.0005576
52.572930	0.0004761
52.581455	0.0009202
52.589981	0.0011711
52.598507	0.0001518
52.607034	0.0006293
52.615562	0.0011205
52.624090	-0.0005138
52.632620	-0.0005323
52.641149	0.0008967
52.649680	0.0000447
52.658211	0.0015062
52.666743	-0.0004036
52.675276	-0.0007587
52.683809	0.0012992
52.692343	0.0006464
52.700878	-0.0016236
52.709413	0.0001554
52.717950	-0.0000362
52.726487	-0.0010047
52.735024	0.0007012
52.743562	0.0001894
52.752101	-0.0001383
52.760641	-0.0012547
52.769181	0.0000073
52.777723	0.0007088
52.786264	-0.0005879
52.794807	0.0001340
52.803350	-0.0004595
52.811894	0.0009943
52.820439	0.0005986
52.828984	0.0000535
52.837530	0.0001535
52.846077	0.0012139
52.854624	-0.0005561
52.863172	0.0004126
52.871721	0.0006628
52.880270	0.0010185
52.888821	-0.0006695
52.897372	-0.0000762
52.905923	0.0009015
52.914476	0.0006418
52.923029	0.0001946
52.931582	0.0012213
52.940137	-0.0000962
52.948692	0.0005761
52.957248	-0.0010990
52.965804	0.0011486
52.974361	0.0007763
52.982919	0.0003257
52.991478	0.0010743
53.000037	-0.0010866
53.008597	-0.0004369
53.017158	0.0003899
53.025720	0.0011353
53.034282	0.0001502
53.042845	-0.0002243
53.051408	0.0006049
53.059973	-0.0000412
53.068538	-0.0007402
53.077103	-0.0004372
53.085670	-0.0005707
53.094237	0.0013942
53.102804	-0.0000185
53.111373	-0.0007202
53.119942	0.0008993
53.128512	0.0003061
53.137083	0.0001430
53.145654	-0.0000708
53.154226	-0.0016313
53.162799	-0.0003707
53.171372	-0.0005635
53.179946	-0.0015329
53.188521	-0.0006889
53.197096	-0.0006186
53.205673	-0.0004824
53.214250	0.0001700
53.222827	-0.0002848
53.231405	-0.0005490
53.239984	0.0007701
53.248564	-0.0002694
53.257145	0.0000804
53.265726	-0.0003607
53.274308	-0.0002151
53.282890	-0.0017656
53.291473	0.0001936
53.300057	-0.0003100
53.308642	-0.0000867
53.317227	-0.0012466
53.325813	-0.0003038
53.334400	0.0002620
53.342987	0.0006851
53.351576	-0.0000513
53.360165	0.0001975
53.368754	0.0001913
53.377344	0.0009412
53.385935	0.0017827
53.394527	0.0032498
53.403119	0.0048357
53.411712	0.0065898
53.420306	0.0105204
53.428901	0.0119292
53.437496	0.0142439
53.446092	0.0162521
53.454688	0.0134253
53.463286	0.0143192
53.471884	0.0106009
53.480482	0.0082354
53.489082	0.0066284
53.497682	0.0025326
53.506282	0.0029478
53.514884	-0.0000385
53.523486	0.0003607
53.532089	-0.0009259
53.540693	-0.0001300
53.549297	-0.0000324
53.557902	0.0002711
53.566508	0.0004725
53.575114	-0.0004825
53.583721	-0.0006818
53.592329	-0.0008000
53.600938	0.0009876
53.609547	-0.0001839
53.618157	0.0000298
53.626767	-0.0000590
53.635379	0.0000844
53.643991	0.0003766
53.652603	0.0001366
53.661217	-0.0003690
53.669831	0.0001457
53.678446	-0.0006396
53.687061	0.0003165
53.695678	0.0009326
53.704295	-0.0003227
53.712912	0.0003386
53.721531	0.0006071
53.730150	0.0002633
53.738769	-0.0015082
53.747390	-0.0001997
53.756011	0.0004945
53.764633	-0.0005753
53.773256	0.0000814
53.781879	0.0002571
53.790503	-0.0004416
53.799127	0.0000308
53.807753	0.0005711
53.816379	0.0010509
53.825006	0.0002863
53.833633	0.0002122
53.842261	-0.0009787
53.850890	0.0001897
53.859520	0.0000623
53.868150	-0.0000016
53.876781	-0.0008239
53.885413	0.0001259
53.894045	0.0002284
53.902678	-0.0002786
53.911312	-0.0000879
53.919947	-0.0010499
53.928582	0.0007243
53.937218	0.0001616
53.945854	-0.0006649
53.954492	-0.0006793
53.963130	-0.0009453
53.971768	0.0008157
53.980408	0.0001700
53.989048	-0.0002845
53.997689	-0.0000139
54.006330	0.0002236
54.014973	-0.0000756
54.023616	-0.0001128
54.032259	-0.0007862
54.040904	0.0001251
54.049549	-0.0002969
54.058194	-0.0001846
54.066841	-0.0009490
54.075488	0.0002490
54.084136	-0.0010088
54.092784	0.0010605
54.101434	-0.0007473
54.110084	-0.0001304
54.118734	0.0014138
54.127386	0.0006571
54.136038	-0.0005138
54.144690	0.0008416
54.153344	-0.0013197
54.161998	0.0002891
54.170653	-0.0002505
54.179309	-0.0009760
54.187965	0.0003917
54.196622	0.0004650
54.205279	0.0004194
54.213938	0.0005879
54.222597	-0.0009202
54.231257	-0.0015642
54.239917	-0.0005911
54.248578	0.0001753
54.257240	0.0011474
54.265903	-0.0007285
54.274566	0.0006728
54.283230	-0.0008585
54.291895	0.0000230
54.300560	0.0002701
54.309227	0.0002622
54.317893	-0.0005189
54.326561	0.0005239
54.335229	0.0004361
54.343898	0.0003064
54.352568	-0.0003124
54.361238	-0.0007503
54.369909	-0.0000370
54.378581	0.0006079
54.387253	-0.0015068
54.395926	-0.0003402
54.404600	0.0002054
54.413275	-0.0002029
54.421950	0.0001559
54.430626	-0.0005459
54.439303	-0.0002655
54.447980	-0.0002550
54.456658	0.0010310
54.465337	0.0009648
54.474016	-0.0009957
54.482696	0.0002189
54.491377	-0.0003527
54.500059	0.0007495
54.508741	0.0009230
54.517424	-0.0005456
54.526108	-0.0004011
54.534792	0.0004886
54.543477	0.0010213
54.552163	-0.0009493
54.560850	-0.0011965
54.569537	-0.0003569
54.578225	-0.0010215
54.586913	0.0001655
54.595602	-0.0008313
54.604292	-0.0001687
54.612983	0.0000771
54.621675	-0.0001475
54.630367	0.0002330
54.639060	0.0003043
54.647753	-0.0001027
54.656447	-0.0003239
54.665142	-0.0000941
54.673838	0.0003463
54.682534	0.0008713
54.691231	0.0005624
54.699929	-0.0002090
54.708627	0.0005412
54.717326	-0.0005848
54.726026	-0.0007521
54.734727	-0.0002452
54.743428	-0.0007071
54.752130	-0.0007957
54.760833	-0.0003969
54.769536	0.0005329
54.778240	0.0006928
54.786945	0.0013821
54.795650	-0.0011151
54.804356	-0.0001274
54.813063	-0.0003925
54.821771	-0.0001552
54.830479	-0.0001164
54.839188	0.0006802
54.847898	-0.0012570
54.856608	-0.0003363
54.865319	-0.0004564
54.874031	-0.0006643
54.882743	-0.0004821
54.891456	-0.0003200
54.900170	-0.0004556
54.908885	-0.0000952
54.917600	0.0006369
54.926316	-0.0001519
54.935033	-0.0006203
54.943750	-0.0004483
54.952468	0.0001118
54.961187	0.0011481
54.969907	0.0019819
54.978627	0.0056628
54.987348	0.0111340
54.996069	0.0174970
55.004792	0.0313471
55.013515	0.0436022
55.022238	0.0558169
55.030963	0.0658973
55.039688	0.0679538
55.048414	0.0674034
55.057140	0.0609178
55.065868	0.0532431
55.074596	0.0412468
55.083324	0.0318057
55.092053	0.0215819
55.100784	0.0138595
55.109514	0.0083697
55.118246	0.0049361
55.126978	0.0034120
55.135711	0.0018996
55.144444	0.0018499
55.153178	-0.0001178
55.161913	0.0003527
55.170649	0.0005788
55.179385	-0.0006398
55.188122	-0.0000153
55.196860	0.0007460
55.205599	-0.0007381
55.214338	-0.0009485
55.223078	-0.0005886
55.231818	-0.0004756
55.240560	0.0005594
55.249302	0.0001462
55.258044	-0.0002527
55.266788	0.0004734
55.275532	-0.0019774
55.284277	0.0004359
55.293022	0.0000143
55.301768	-0.0010486
55.310515	0.0016230
55.319263	-0.0003206
55.328011	-0.0004356
55.336760	-0.0000396
55.345510	0.0007599
55.354260	0.0001818
55.363011	0.0001358
55.371763	-0.0001770
55.380516	-0.0006547
55.389269	-0.0006536
55.398023	-0.0005774
55.406777	-0.0005791
55.415533	-0.0007629
55.424289	0.0005425
55.433045	0.0006442
55.441803	-0.0005538
55.450561	-0.0010011
55.459320	-0.0010511
55.468079	-0.0006283
55.476840	-0.0008944
55.485600	0.0004534
55.494362	-0.0003501
55.503124	0.0010167
55.511887	-0.0001897
55.520651	0.0004341
55.529416	-0.0009563
55.538181	0.0008871
55.546947	-0.0006541
55.555713	-0.0003792
55.564481	-0.0010960
55.573249	0.0003722
55.582017	0.0005529
55.590787	-0.0004536
55.599557	0.0005504
55.608327	0.0010597
55.617099	0.0013135
55.625871	-0.0002371
55.634644	-0.0003122
55.643418	0.0002570
55.652192	-0.0007118
55.660967	-0.0003050
55.669742	0.0002032
55.678519	-0.0009383
55.687296	-0.0006705
55.696074	-0.0007403
55.704852	-0.0010514
55.713631	0.0001156
55.722411	-0.0003645
55.731192	0.0003152
55.739973	-0.0004554
55.748755	-0.0014452
55.757538	0.0007564
55.766321	0.0003561
55.775106	-0.0006328
55.783890	0.0000900
55.792676	-0.0005015
55.801462	-0.0013767
55.810249	-0.0006564
55.819037	-0.0002367
55.827825	0.0002658
55.836614	0.0011076
55.845404	-0.0002069
55.854194	-0.0000831
55.862985	-0.0004586
55.871777	0.0001659
55.880570	0.0003817
55.889363	0.0002525
55.898157	-0.0004385
55.906952	-0.0004677
55.915747	-0.0001802
55.924543	-0.0003974
55.933340	-0.0009890
55.942137	0.0009674
55.950936	0.0003591
55.959734	-0.0000157
55.968534	0.0001099
55.977334	0.0003619
55.986135	0.0000544
55.994937	0.0004392
56.003739	-0.0004516
56.012542	0.0011132
56.021346	0.0003852
56.030151	0.0009115
56.038956	0.0004157
56.047762	0.0006838
56.056568	-0.0001529
56.065376	-0.0003596
56.074184	0.0007420
56.082992	0.0000010
56.091802	0.0001538
56.100612	-0.0003016
56.109423	0.0001480
56.118234	-0.0000298
56.127046	-0.0004770
56.135859	-0.0004455
56.144673	0.0008775
56.153487	-0.0002020
56.162302	0.0004250
56.171118	-0.0006101
56.179934	-0.0000663
56.188752	0.0003978
56.197569	-0.0006056
56.206388	-0.0005837
56.215207	-0.0008493
56.224027	-0.0000438
56.232848	-0.0004216
56.241669	0.0002689
56.250491	-0.0001240
56.259314	0.0007429
56.268137	0.0005376
56.276962	-0.0007812
56.285786	0.0006673
56.294612	-0.0003509
56.303438	-0.0000662
56.312265	-0.0007531
56.321093	0.0002328
56.329921	-0.0009982
56.338750	0.0001420
56.347580	-0.0001167
56.356411	0.0000360
56.365242	-0.0000584
56.374074	0.0007062
56.382906	-0.0005591
56.391739	-0.0011309
56.400573	-0.0006870
56.409408	-0.0001286
56.418244	0.0009071
56.427080	-0.0002475
56.435916	-0.0009593
56.444754	0.0003679
56.453592	-0.0015739
56.462431	0.0000548
56.471271	-0.0000668
56.480111	0.0003017
56.488952	0.0003839
56.497794	-0.0007440
56.506636	-0.0000167
56.515479	-0.0008712
56.524323	-0.0007468
56.533168	-0.0009834
56.542013	-0.0005170
56.550859	0.0004001
56.559705	0.0011070
56.568553	0.0000540
56.577401	0.0010579
56.586250	0.0003476
56.595099	-0.0001972
56.603949	0.0004773
56.612800	-0.0011254
56.621652	-0.0016400
56.630504	0.0007520
56.639357	0.0010562
56.648210	0.0000537
56.657065	-0.0005635
56.665920	-0.0005683
56.674776	0.0008744
56.683632	-0.0005230
56.692489	0.0007286
56.701347	0.0005967
56.710206	0.0001437
56.719065	0.0009169
56.727925	0.0004507
56.736786	-0.0007528
56.745647	0.0001841
56.754509	-0.0004546
56.763372	-0.0003867
56.772235	0.0014001
56.781100	0.0005926
56.789964	-0.0006753
56.798830	0.0009367
56.807696	-0.0004829
56.816563	-0.0005025
56.825431	-0.0005342
56.834300	0.0008483
56.843169	0.0000213
56.852038	-0.0002634
56.860909	0.0004870
56.869780	0.0004961
56.878652	0.0007203
56.887525	-0.0001813
56.896398	-0.0001243
56.905272	-0.0008311
56.914147	-0.0001958
56.923022	-0.0000459
56.931898	0.0000671
56.940775	-0.0010928
56.949653	-0.0002562
56.958531	-0.0002554
56.967410	0.0001555
56.976290	-0.0001222
56.985170	-0.0007033
56.994051	0.0000917
57.002933	0.0005107
57.011815	-0.0005493
57.020698	-0.0006787
57.029582	0.0005493
57.038467	0.0007810
57.047352	-0.0003107
57.056238	0.0004303
57.065125	-0.0004719
57.074012	0.0012449
57.082900	-0.0006852
57.091789	-0.0004227
57.100678	0.0006796
57.109569	0.0007469
57.118459	0.0011221
57.127351	-0.0001577
57.136243	0.0004801
57.145136	0.0000880
57.154030	0.0006356
57.162924	-0.0003636
57.171820	0.0004909
57.180715	0.0006089
57.189612	-0.0002969
57.198509	-0.0004412
57.207407	0.0002731
57.216306	-0.0000108
57.225205	-0.0000053
57.234105	-0.0005699
57.243006	-0.0009316
57.251907	-0.0006449
57.260809	-0.0008211
57.269712	-0.0002387
57.278616	-0.0000726
57.287520	-0.0005579
57.296425	0.0009188
57.305330	-0.0005823
57.314237	0.0006173
57.323144	-0.0001305
57.332051	0.0006980
57.340960	-0.0006619
57.349869	-0.0001164
57.358779	-0.0001962
57.367689	0.0010996
57.376601	0.0002057
57.385513	0.0003746
57.394425	-0.0012902
57.403339	-0.0001343
57.412253	0.0002558
57.421167	-0.0007713
57.430083	-0.0008030
57.438999	0.0007733
57.447916	0.0014942
57.456834	-0.0000754
57.465752	-0.0012131
57.474671	0.0006983
57.483591	-0.0008622
57.492511	-0.0006101
57.501432	-0.0007975
57.510354	-0.0001155
57.519276	-0.0009298
57.528199	0.0003524
57.537123	0.0015234
57.546048	-0.0000726
57.554973	-0.0008936
57.563899	0.0001481
57.572826	-0.0001632
57.581753	0.0007831
57.590682	0.0001605
57.599610	-0.0001640
57.608540	0.0010691
57.617470	-0.0002021
57.626401	-0.0007924
57.635333	-0.0004180
57.644265	-0.0006145
57.653198	-0.0005698
57.662132	-0.0004273
57.671066	-0.0000339
57.680001	0.0007173
57.688937	0.0003784
57.697874	-0.0017074
57.706811	0.0004868
57.715749	0.0006202
57.724688	0.0004607
57.733627	0.0010024
57.742567	0.0007021
57.751508	0.0014043
57.760449	-0.0004341
57.769391	0.0000950
57.778334	-0.0007088
57.787278	0.0002115
57.796222	-0.0006154
57.805167	-0.0005458
57.814113	-0.0004306
57.823059	-0.0001453
57.832006	0.0000879
57.840954	-0.0015125
57.849902	-0.0003728
57.858852	0.0000153
57.867801	-0.0005863
57.876752	0.0000053
57.885703	-0.0009661
57.894655	-0.0000545
57.903608	0.0002275
57.912561	0.0011266
57.921515	0.0004901
57.930470	0.0006426
57.939426	-0.0001015
57.948382	0.0001930
57.957339	0.0000305
57.966297	0.0011135
57.975255	0.0011649
57.984214	-0.0011227
57.993174	0.0002465
58.002134	0.0001162
58.011095	-0.0003778
58.020057	0.0000861
58.029019	0.0003766
58.037983	0.0002076
58.046947	-0.0004840
58.055911	0.0001312
58.064877	-0.0009914
58.073843	0.0000495
58.082809	-0.0012327
58.091777	-0.0004066
58.100745	0.0000531
58.109714	0.0001213
58.118683	-0.0011473
58.127654	-0.0000020
58.136625	-0.0010508
58.145596	0.0002313
58.154569	-0.0002852
58.163542	-0.0004504
58.172516	0.0000466
58.181490	0.0005588
58.190465	0.0000246
58.199441	-0.0002144
58.208418	0.0005887
58.217395	-0.0002146
58.226373	0.0002732
58.235352	0.0003601
58.244331	-0.0009579
58.253311	-0.0001140
58.262292	-0.0008856
58.271273	0.0001328
58.280256	-0.0002059
58.289238	0.0006251
58.298222	0.0002271
58.307206	0.0001526
58.316191	0.0005784
58.325177	-0.0002530
58.334163	0.0004901
58.343151	0.0007016
58.352138	0.0004294
58.361127	0.0007435
58.370116	0.0007043
58.379106	-0.0002875
58.388097	-0.0003445
58.397088	-0.0002334
58.406080	0.0003018
58.415073	0.0009239
58.424066	0.0004410
58.433060	-0.0003312
58.442055	-0.0003050
58.451051	-0.0011018
58.460047	0.0003038
58.469044	0.0009168
58.478042	0.0005027
58.487040	0.0003967
58.496039	0.0002488
58.505039	-0.0011318
58.514039	0.0007545
58.523040	0.0008332
58.532042	-0.0006148
58.541045	-0.0009026
58.550048	-0.0002877
58.559052	0.0000855
58.568057	-0.0010446
58.577062	0.0005275
58.586068	-0.0003845
58.595075	0.0009480
58.604082	-0.0002906
58.613091	-0.0004955
58.622099	-0.0001796
58.631109	0.0002232
58.640119	-0.0003780
58.649130	0.0010385
58.658142	0.0012668
58.667154	0.0005815
58.676168	0.0000944
58.685181	-0.0005718
58.694196	-0.0006707
58.703211	-0.0000321
58.712227	0.0005201
58.721244	-0.0001512
58.730261	-0.0000054
58.739279	0.0021724
58.748298	0.0004458
58.757317	0.0002305
58.766337	0.0011052
58.775358	-0.0010885
58.784380	0.0005688
58.793402	-0.0003656
58.802425	0.0004154
58.811448	0.0004946
58.820473	-0.0005179
58.829498	-0.0000803
58.838524	-0.0003827
58.847550	0.0001439
58.856577	-0.0003307
58.865605	0.0001999
58.874634	0.0001705
58.883663	0.0001436
58.892693	-0.0006029
58.901723	-0.0001066
58.910755	0.0003129
58.919787	0.0009878
58.928820	0.0030122
58.937853	0.0073333
58.946887	0.0138094
58.955922	0.0304589
58.964958	0.0525984
58.973994	0.0898039
58.983031	0.1267730
58.992069	0.1685594
59.001107	0.2030554
59.010146	0.2076454
59.019186	0.2006799
59.028226	0.1836837
59.037268	0.1584837
59.046310	0.1281700
59.055352	0.0972890
59.064395	0.0691172
59.073440	0.0468105
59.082484	0.0276731
59.091530	0.0164014
59.100576	0.0096873
59.109623	0.0040546
59.118670	0.0021587
59.127718	0.0010278
59.136767	0.0009696
59.145817	-0.0004953
59.154867	0.0011318
59.163918	-0.0001384
59.172970	-0.0007263
59.182022	-0.0003878
59.191076	0.0002424
59.200129	-0.0007012
59.209184	-0.0005487
59.218239	0.0001977
59.227295	0.0002906
59.236352	-0.0003256
59.245409	-0.0003511
59.254467	-0.0002370
59.263526	0.0005494
59.272585	-0.0002419
59.281646	-0.0003251
59.290706	-0.0011145
59.299768	-0.0008361
59.308830	-0.0003358
59.317893	0.0003820
59.326957	-0.0002914
59.336021	-0.0003825
59.345086	0.0004260
59.354152	0.0005083
59.363219	0.0000046
59.372286	0.0009161
59.381354	0.0001941
59.390422	-0.0011612
59.399492	0.0001629
59.408562	0.0004132
59.417632	-0.0005213
59.426704	0.0011485
59.435776	0.0005336
59.444849	-0.0005729
59.453922	0.0000514
59.462996	0.0001137
59.472071	0.0001720
59.481147	-0.0009820
59.490223	0.0004998
59.499300	-0.0002016
59.508378	0.0000410
59.517456	0.0004559
59.526536	0.0000473
59.535615	0.0006021
59.544696	0.0005459
59.553777	-0.0001799
59.562859	-0.0008312
59.571942	-0.0001730
59.581025	0.0010643
59.590109	-0.0002350
59.599194	-0.0004422
59.608279	-0.0006022
59.617365	0.0002971
59.626452	-0.0008148
59.635540	0.0012599
59.644628	0.0004258
59.653717	0.0001790
59.662807	0.0000374
59.671897	0.0004065
59.680988	0.0005221
59.690080	-0.0001727
59.699172	-0.0000877
59.708266	-0.0001154
59.717359	-0.0000923
59.726454	0.0000702
59.735549	0.0002927
59.744645	-0.0010201
59.753742	-0.0002610
59.762839	-0.0000088
59.771937	-0.0004163
59.781036	0.0001707
59.790136	0.0008266
59.799236	0.0004297
59.808337	0.0011239
59.817438	-0.0003101
59.826541	-0.0003912
59.835644	0.0000671
59.844748	0.0002097
59.853852	-0.0004907
59.862957	0.0004323
59.872063	-0.0001387
59.881169	-0.0001002
59.890277	-0.0002016
59.899385	0.0009605
59.908493	0.0003132
59.917603	0.0008852
59.926713	0.0004273
59.935823	0.0004569
59.944935	-0.0007222
59.954047	-0.0000197
59.963160	0.0008291
59.972273	-0.0001860
59.981388	-0.0002589
59.990502	0.0000836
59.999618	0.0002037
60.008734	-0.0000033
60.017852	0.0010177
60.026969	0.0007872
60.036088	0.0008845
60.045207	-0.0002086
60.054327	-0.0001316
60.063447	0.0002528
60.072569	0.0004704
60.081691	0.0000777
60.090813	0.0001192
60.099937	-0.0004404
60.109061	-0.0003338
60.118186	-0.0006807
60.127311	0.0004871
60.136437	0.0001559
60.145564	-0.0005949
60.154692	-0.0000602
60.163820	0.0002048
60.172949	0.0003325
60.182079	-0.0005646
60.191209	-0.0010486
60.200340	0.0007703
60.209472	-0.0002628
60.218605	0.0004320
60.227738	0.0002432
60.236872	-0.0027624
60.246006	-0.0003480
60.255142	0.0003135
60.264278	-0.0000311
60.273414	0.0001649
60.282552	0.0010610
60.291690	-0.0004673
60.300829	-0.0001505
60.309968	-0.0004555
60.319108	-0.0005447
60.328249	0.0005128
60.337391	0.0001344
60.346533	0.0010788
60.355676	0.0006007
60.364820	0.0002084
60.373965	-0.0001024
60.383110	0.0002367
60.392256	-0.0010074
60.401402	-0.0001812
60.410550	0.0001445
60.419697	-0.0006755
60.428846	0.0010913
60.437996	0.0003541
60.447146	0.0005514
60.456296	-0.0000080
60.465448	0.0009282
60.474600	-0.0009549
60.483753	0.0008161
60.492906	-0.0000136
60.502061	-0.0008660
60.511216	-0.0007298
60.520371	0.0000706
60.529528	-0.0000128
60.538685	0.0005527
60.547843	0.0003622
60.557001	0.0010708
60.566160	0.0001787
60.575320	0.0002534
60.584481	-0.0002604
60.593642	-0.0010074
60.602804	-0.0000086
60.611967	0.0000515
60.621130	0.0005151
60.630294	0.0010717
60.639459	-0.0000387
60.648625	-0.0006694
60.657791	0.0009381
60.666958	-0.0014882
60.676126	0.0005632
60.685294	-0.0001798
60.694463	0.0005819
60.703633	0.0005843
60.712803	0.0010722
60.721974	0.0004402
60.731146	-0.0000949
60.740319	0.0000710
60.749492	-0.0001993
60.758666	0.0007490
60.767841	0.0003739
60.777016	0.0005759
60.786192	-0.0005467
60.795369	-0.0014231
60.804546	0.0007374
60.813724	-0.0000158
60.822903	0.0010239
60.832083	-0.0003303
60.841263	-0.0005726
60.850444	0.0006037
60.859626	-0.0011959
60.868808	-0.0003899
60.877991	-0.0007747
60.887175	-0.0001055
60.896359	-0.0007412
60.905545	0.0001386
60.914731	-0.0010972
60.923917	-0.0003795
60.933104	-0.0000461
60.942292	-0.0000901
60.951481	-0.0000568
60.960671	-0.0005994
60.969861	0.0005327
60.979052	0.0002914
60.988243	-0.0000332
60.997435	0.0008077
61.006628	0.0004250
61.015822	0.0004312
61.025016	0.0005371
61.034211	0.0004078
61.043407	0.0012475
61.052603	0.0004325
61.061800	0.0000682
61.070998	-0.0004765
61.080197	0.0004607
61.089396	-0.0015442
61.098596	-0.0007599
61.107797	-0.0001113
61.116998	0.0000271
61.126200	0.0002852
61.135403	-0.0001205
61.144606	-0.0006884
61.153810	0.0000964
61.163015	0.0004421
61.172221	-0.0001075
61.181427	0.0000532
61.190634	0.0000435
61.199842	0.0003904
61.209050	0.0000714
61.218259	0.0004379
61.227469	-0.0006105
61.236679	0.0001143
61.245891	-0.0009699
61.255102	-0.0003065
61.264315	-0.0002050
61.273528	0.0005635
61.282742	0.0004789
61.291957	0.0000840
61.301172	-0.0005960
61.310388	0.0000341
61.319605	-0.0012848
61.328823	0.0011656
61.338041	0.0002001
61.347260	-0.0001802
61.356480	0.0007000
61.365700	0.0009705
61.374921	0.0000123
61.384143	-0.0005030
61.393365	0.0021514
61.402588	0.0000774
61.411812	0.0001029
61.421036	0.0000982
61.430262	0.0003668
61.439488	-0.0014053
61.448714	-0.0002092
61.457942	-0.0001526
61.467170	-0.0007786
61.476398	0.0007693
61.485628	-0.0007901
61.494858	-0.0011562
61.504089	0.0003810
61.513320	-0.0011844
61.522553	-0.0001524
61.531786	0.0011623
61.541019	-0.0002685
61.550254	0.0001915
61.559489	0.0005293
61.568724	-0.0000363
61.577961	0.0006160
61.587198	0.0000898
61.596436	0.0005693
61.605674	-0.0008972
61.614914	-0.0003162
61.624154	0.0009300
61.633394	0.0003313
61.642636	-0.0006610
61.651878	0.0007176
61.661121	0.0006084
61.670364	0.0004142
61.679608	-0.0010337
61.688853	0.0002165
61.698099	-0.0005665
61.707345	-0.0002597
61.716592	0.0003847
61.725840	-0.0003162
61.735088	0.0009344
61.744337	-0.0004637
61.753587	0.0008359
61.762838	0.0001714
61.772089	-0.0003761
61.781341	0.0003986
61.790593	-0.0001100
61.799847	-0.0009534
61.809101	-0.0002960
61.818356	0.0013344
61.827611	-0.0004756
61.836867	0.0003580
61.846124	0.0001931
61.855381	-0.0002614
61.864640	-0.0004390
61.873899	-0.0006438
61.883158	0.0000923
61.892419	0.0004994
61.901680	0.0003410
61.910941	0.0009067
61.920204	0.0008784
61.929467	0.0008502
61.938731	-0.0005690
61.947995	-0.0008386
61.957261	-0.0001136
61.966527	0.0000348
61.975793	-0.0003960
61.985061	-0.0000316
61.994329	0.0008238
62.003598	-0.0006867
62.012867	-0.0001890
62.022137	-0.0008974
62.031408	0.0004357
62.040680	-0.0012760
62.049952	-0.0001179
62.059225	0.0002974
62.068499	-0.0002080
62.077773	0.0005927
62.087048	0.0005325
62.096324	-0.0001481
62.105600	-0.0004014
62.114878	0.0000292
62.124156	-0.0007664
62.133434	0.0004885
62.142714	-0.0004151
62.151994	0.0011108
62.161274	0.0005487
62.170556	0.0000492
62.179838	-0.0000320
62.189121	0.0003649
62.198404	0.0006883
62.207688	0.0002409
62.216973	0.0008530
62.226259	0.0006419
62.235545	0.0001363
62.244832	-0.0002038
62.254120	-0.0014455
62.263409	-0.0001268
62.272698	0.0002616
62.281988	0.0001145
62.291278	-0.0011778
62.300569	0.0008911
62.309861	-0.0003011
62.319154	0.0008301
62.328447	0.0003374
62.337741	-0.0000983
62.347036	0.0006919
62.356332	-0.0004115
62.365628	0.0004343
62.374925	0.0007006
62.384222	0.0009933
62.393520	0.0004284
62.402819	0.0007719
62.412119	-0.0002012
62.421420	0.0000103
62.430721	-0.0002695
62.440022	0.0001571
62.449325	0.0004288
62.458628	0.0009221
62.467932	0.0005513
62.477237	-0.0000097
62.486542	0.0018322
62.495848	0.0003616
62.505155	0.0001925
62.514462	0.0004272
62.523770	0.0000123
62.533079	-0.0000814
62.542388	0.0003581
62.551699	0.0006269
62.561010	0.0001326
62.570321	0.0003821
62.579634	0.0007893
62.588947	0.0007883
62.598260	-0.0007109
62.607575	-0.0004093
62.616890	0.0007033
62.626206	-0.0008690
62.635522	-0.0000044
62.644839	-0.0006720
62.654157	-0.0000815
62.663476	0.0006812
62.672795	-0.0000063
62.682115	-0.0003674
62.691436	-0.0003207
62.700758	0.0010181
62.710080	-0.0006621
62.719403	0.0009328
62.728726	-0.0011254
62.738051	0.0000336
62.747376	-0.0002354
62.756701	0.0002898
62.766028	-0.0000165
62.775355	0.0002237
62.784682	0.0004733
62.794011	0.0002695
62.803340	0.0001565
62.812670	-0.0003647
62.822001	-0.0001398
62.831332	0.0004121
62.840664	-0.0012159
62.849997	0.0002480
62.859330	0.0001973
62.868664	0.0002913
62.877999	-0.0002493
62.887334	0.0002144
62.896671	0.0007287
62.906007	0.0003660
62.915345	-0.0003976
62.924683	0.0006161
62.934022	0.0007279
62.943362	0.0000200
62.952703	-0.0004334
62.962044	-0.0007574
62.971385	0.0010997
62.980728	-0.0006874
62.990071	0.0004924
62.999415	0.0003210
63.008760	0.0006447
63.018105	0.0001290
63.027451	0.0005288
63.036798	-0.0003458
63.046145	0.0001087
63.055494	0.0002282
63.064842	0.0004669
63.074192	-0.0009243
63.083542	-0.0010640
63.092893	-0.0004743
63.102245	-0.0000179
63.111597	-0.0010953
63.120950	-0.0013283
63.130304	-0.0000998
63.139658	0.0008138
63.149014	0.0002113
63.158370	-0.0001878
63.167726	-0.0004829
63.177083	0.0006179
63.186441	-0.0001488
63.195800	-0.0002290
63.205159	0.0001505
63.214519	-0.0003069
63.223880	-0.0001012
63.233242	-0.0006520
63.242604	0.0000547
63.251967	0.0023251
63.261330	-0.0002684
63.270695	0.0004270
63.280060	-0.0001260
63.289425	-0.0002417
63.298792	0.0001415
63.308159	0.0003945
63.317527	-0.0001336
63.326895	-0.0002961
63.336265	-0.0009221
63.345634	-0.0008044
63.355005	-0.0008085
63.364376	-0.0002629
63.373748	0.0013561
63.383121	0.0000166
63.392495	-0.0006840
63.401869	-0.0005089
63.411244	-0.0007178
63.420619	-0.0006496
63.429995	-0.0003337
63.439372	0.0001638
63.448750	0.0001791
63.458128	0.0008830
63.467507	-0.0001607
63.476887	-0.0001040
63.486268	0.0001049
63.495649	0.0001508
63.505031	-0.0010864
63.514413	-0.0012036
63.523796	0.0004616
63.533180	-0.0003684
63.542565	0.0003793
63.551950	0.0015244
63.561337	-0.0002402
63.570723	-0.0007965
63.580111	-0.0001851
63.589499	0.0005085
63.598888	-0.0002473
63.608277	-0.0001646
63.617668	0.0008234
63.627059	0.0003751
63.636450	0.0004096
63.645843	0.0005397
63.655236	0.0001272
63.664630	-0.0005532
63.674024	-0.0003122
63.683420	-0.0003944
63.692815	0.0000619
63.702212	0.0006670
63.711609	0.0000048
63.721007	-0.0005298
63.730406	-0.0000357
63.739806	-0.0006083
63.749206	0.0001665
63.758606	0.0000018
63.768008	-0.0005566
63.777410	-0.0009088
63.786813	-0.0000222
63.796217	-0.0007673
63.805621	-0.0000123
63.815026	-0.0012594
63.824432	0.0006375
63.833838	0.0005841
63.843246	-0.0004508
63.852653	0.0004497
63.862062	0.0005922
63.871471	-0.0002165
63.880881	0.0000829
63.890292	0.0008595
63.899703	0.0000852
63.909115	0.0002009
63.918528	-0.0006217
63.927941	-0.0012192
63.937356	0.0001848
63.946771	-0.0001800
63.956186	-0.0006678
63.965602	-0.0006631
63.975019	-0.0008046
63.984437	-0.0005607
63.993855	-0.0004594
64.003275	0.0001682
64.012694	0.0006104
64.022115	0.0008002
64.031536	-0.0007317
64.040958	0.0003916
64.050381	-0.0005591
64.059804	0.0005193
64.069228	-0.0006957
64.078653	0.0006263
64.088078	0.0003984
64.097504	-0.0003026
64.106931	0.0004819
64.116358	0.0002362
64.125787	-0.0000525
64.135216	-0.0000568
64.144645	0.0005872
64.154076	0.0002964
64.163507	-0.0004759
64.172938	-0.0007357
64.182371	-0.0009622
64.191804	0.0004915
64.201238	-0.0006630
64.210672	-0.0001996
64.220107	0.0010023
64.229543	-0.0005390
64.238980	0.0001106
64.248417	0.0000196
64.257855	-0.0000980
64.267294	0.0003792
64.276734	0.0008091
64.286174	0.0003302
64.295615	-0.0001339
64.305056	0.0007672
64.314499	-0.0001610
64.323942	-0.0002147
64.333385	0.0002116
64.342830	-0.0005231
64.352275	0.0004970
64.361720	-0.0001903
64.371167	0.0006296
64.380614	0.0006403
64.390062	0.0001419
64.399511	0.0002928
64.408960	-0.0009145
64.418410	0.0007741
64.427861	-0.0010608
64.437312	-0.0005617
64.446764	-0.0003653
64.456217	-0.0000093
64.465670	0.0006352
64.475125	0.0008811
64.484580	-0.0006861
64.494035	0.0008622
64.503491	-0.0002758
64.512948	0.0017315
64.522406	-0.0001710
64.531865	-0.0007086
64.541324	0.0005073
64.550784	0.0004700
64.560244	0.0004139
64.569705	-0.0012156
64.579167	0.0002020
64.588630	-0.0000329
64.598093	-0.0008449
64.607557	-0.0010582
64.617022	0.0003684
64.626487	0.0002094
64.635954	0.0001629
64.645421	-0.0007038
64.654888	0.0010050
64.664356	-0.0002859
64.673825	-0.0003056
64.683295	0.0005926
64.692765	-0.0007285
64.702236	-0.0013617
64.711708	-0.0003380
64.721181	-0.0010444
64.730654	-0.0002164
64.740128	0.0003564
64.749602	-0.0014421
64.759078	-0.0007052
64.768554	-0.0000396
64.778030	-0.0006655
64.787508	-0.0007999
64.796986	-0.0005271
64.806464	0.0016648
64.815944	0.0000491
64.825424	0.0009809
64.834905	0.0000224
64.844387	0.0003601
64.853869	0.0000878
64.863352	0.0000415
64.872836	0.0009791
64.882320	-0.0005668
64.891805	0.0010562
64.901291	-0.0006239
64.910778	-0.0014860
64.920265	-0.0004357
64.929753	0.0000281
64.939241	-0.0001544
64.948731	0.0002546
64.958221	-0.0001311
64.967711	-0.0010236
64.977203	-0.0005192
64.986695	0.0001827
64.996188	-0.0000702
65.005681	-0.0009141
65.015176	0.0001810
65.024671	-0.0000767
65.034166	-0.0004344
65.043663	0.0011630
65.053160	-0.0001415
65.062657	-0.0003638
65.072156	0.0011819
65.081655	0.0015179
65.091155	0.0003010
65.100656	0.0000254
65.110157	0.0001466
65.119659	-0.0003032
65.129161	0.0002949
65.138665	0.0003517
65.148169	-0.0001412
65.157674	-0.0003491
65.167179	-0.0002468
65.176685	-0.0009064
65.186192	0.0017649
65.195700	0.0013278
65.205208	0.0011270
65.214717	-0.0002064
65.224227	-0.0002234
65.233737	0.0013646
65.243248	0.0000979
65.252760	-0.0007155
65.262273	0.0009651
65.271786	-0.0003806
65.281300	0.0000201
65.290814	0.0001740
65.300330	-0.0003664
65.309846	0.0007435
65.319362	-0.0006002
65.328880	0.0000553
65.338398	0.0005777
65.347917	0.0005373
65.357436	0.0001088
65.366957	0.0003240
65.376478	0.0001366
65.385999	0.0002651
65.395522	0.0003953
65.405045	0.0006194
65.414568	0.0006590
65.424093	-0.0002060
65.433618	0.0002312
65.443144	-0.0007721
65.452670	-0.0006154
65.462198	0.0008656
65.471726	-0.0004868
65.481254	0.0001587
65.490784	-0.0003730
65.500314	-0.0005253
65.509844	0.0002465
65.519376	0.0010963
65.528908	0.0001303
65.538441	-0.0007636
65.547975	-0.0005786
65.557509	-0.0012531
65.567044	0.0012558
65.576580	-0.0001505
65.586116	0.0011990
65.595653	0.0003702
65.605191	0.0003330
65.614729	-0.0002298
65.624268	-0.0008665
65.633808	0.0001200
65.643349	-0.0005294
65.652890	0.0002369
65.662432	-0.0003107
65.671975	-0.0004758
65.681518	0.0007126
65.691063	-0.0012328
65.700607	0.0003689
65.710153	0.0000788
65.719699	0.0002340
65.729246	-0.0001706
65.738794	-0.0006049
65.748342	-0.0004978
65.757891	-0.0002026
65.767441	-0.0012498
65.776991	-0.0007836
65.786542	-0.0004223
65.796094	-0.0006182
65.805647	-0.0006482
65.815200	-0.0005796
65.824754	0.0000796
65.834309	0.0002142
65.843864	0.0004393
65.853420	-0.0008142
65.862977	-0.0003933
65.872534	0.0006731
65.882092	-0.0008147
65.891651	0.0001639
65.901211	0.0002799
65.910771	-0.0010341
65.920332	-0.0004011
65.929894	0.0008018
65.939456	-0.0008215
65.949019	0.0006248
65.958583	-0.0001062
65.968148	0.0005075
65.977713	-0.0003437
65.987279	-0.0013884
65.996845	-0.0006294
66.006412	0.0015022
66.015980	0.0003605
66.025549	0.0002153
66.035119	-0.0000506
66.044689	0.0003658
66.054260	-0.0005336
66.063831	0.0000918
66.073403	-0.0005800
66.082976	-0.0002626
66.092550	-0.0006238
66.102124	-0.0005433
66.111699	-0.0006487
66.121275	-0.0003108
66.130851	0.0001265
66.140428	0.0001562
66.150006	-0.0003894
66.159585	0.0012329
66.169164	-0.0003365
66.178744	-0.0000018
66.188325	-0.0011405
66.197906	0.0015077
66.207488	0.0001402
66.217071	0.0005187
66.226654	-0.0002178
66.236238	0.0005714
66.245823	-0.0007652
66.255409	-0.0007625
66.264995	-0.0003621
66.274582	0.0002009
66.284170	-0.0002139
66.293758	-0.0002208
66.303347	-0.0004008
66.312937	-0.0005470
66.322527	0.0003910
66.332118	-0.0010964
66.341710	0.0002345
66.351303	0.0005881
66.360896	0.0004140
66.370490	-0.0008745
66.380085	-0.0001615
66.389680	0.0004123
66.399276	-0.0004281
66.408873	-0.0012433
66.418471	0.0000185
66.428069	0.0007741
66.437668	0.0007364
66.447267	-0.0000725
66.456868	0.0011786
66.466469	0.0009496
66.476070	0.0003011
66.485673	-0.0007612
66.495276	-0.0001586
66.504880	-0.0001397
66.514484	0.0011805
66.524090	-0.0002356
66.533696	-0.0009664
66.543302	0.0003206
66.552909	0.0001064
66.562518	0.0005859
66.572126	-0.0002835
66.581736	-0.0001289
66.591346	-0.0008195
66.600957	0.0008634
66.610568	0.0003003
66.620180	-0.0009764
66.629793	-0.0007058
66.639407	-0.0002573
66.649021	-0.0002394
66.658636	0.0001683
66.668252	-0.0000105
66.677869	0.0002163
66.687486	-0.0003200
66.697104	0.0007603
66.706722	-0.0007118
66.716342	0.0008601
66.725962	0.0002447
66.735582	-0.0003632
66.745204	-0.0005885
66.754826	-0.0010531
66.764449	0.0002394
66.774072	0.0000395
66.783696	-0.0005935
66.793321	-0.0003613
66.802947	0.0001048
66.812573	-0.0000315
66.822200	-0.0000819
66.831828	-0.0001534
66.841456	0.0006638
66.851085	0.0009667
66.860715	-0.0004125
66.870346	0.0003918
66.879977	-0.0012974
66.889609	0.0001981
66.899241	0.0004759
66.908875	-0.0001310
66.918509	0.0010745
66.928143	0.0001884
66.937779	-0.0005280
66.947415	0.0003667
66.957052	-0.0003402
66.966689	0.0005817
66.976328	0.0000249
66.985966	0.0004937
66.995606	-0.0001284
67.005246	0.0003056
67.014888	0.0002545
67.024529	0.0002783
67.034172	0.0001589
67.043815	-0.0001467
67.053459	0.0001804
67.063103	0.0002593
67.072749	-0.0010422
67.082395	0.0002182
67.092041	-0.0003458
67.101689	0.0000842
67.111337	0.0013313
67.120985	-0.0007329
67.130635	0.0007608
67.140285	0.0001768
67.149936	0.0002492
67.159588	-0.0002130
67.169240	-0.0006840
67.178893	-0.0000855
67.188546	-0.0006063
67.198201	-0.0012300
67.207856	0.0002704
67.217512	0.0000599
67.227168	-0.0005824
67.236825	-0.0000713
67.246483	-0.0000008
67.256142	0.0000659
67.265801	-0.0002306
67.275461	-0.0000829
67.285122	0.0003201
67.294783	0.0004546
67.304446	-0.0015935
67.314108	-0.0005873
67.323772	-0.0001229
67.333436	-0.0005659
67.343101	0.0002017
67.352767	-0.0010373
67.362433	0.0000457
67.372100	0.0006395
67.381768	0.0004400
67.391436	0.0001035
67.401105	-0.0004664
67.410775	-0.0000570
67.420446	0.0007303
67.430117	0.0003353
67.439789	-0.0003855
67.449462	-0.0005681
67.459135	-0.0000136
67.468809	0.0010017
67.478484	0.0000080
67.488159	0.0002181
67.497836	-0.0007380
67.507512	-0.0007538
67.517190	-0.0003633
67.526868	0.0006803
67.536547	0.0001359
67.546227	0.0000483
67.555907	-0.0003183
67.565588	0.0009160
67.575270	0.0000271
67.584953	-0.0013941
67.594636	-0.0006026
67.604320	-0.0000385
67.614004	-0.0005397
67.623690	0.0000756
67.633376	-0.0003548
67.643062	-0.0005395
67.652750	0.0004603
67.662438	-0.0002128
67.672127	0.0002020
67.681816	-0.0004768
67.691506	-0.0001780
67.701197	0.0003569
67.710889	0.0008249
67.720581	-0.0001013
67.730274	0.0002642
67.739968	0.0004354
67.749662	0.0005338
67.759358	0.0003320
67.769053	0.0003784
67.778750	0.0021978
67.788447	0.0009996
67.798145	0.0015349
67.807844	0.0015928
67.817543	0.0005749
67.827243	0.0004495
67.836944	0.0008205
67.846645	0.0006987
67.856348	-0.0006418
67.866050	-0.0000210
67.875754	-0.0007500
67.885458	-0.0004953
67.895163	0.0003530
67.904869	-0.0003442
67.914575	0.0005664
67.924282	0.0006132
67.933990	-0.0003816
67.943699	0.0009149
67.953408	-0.0002247
67.963118	0.0011509
67.972828	-0.0004003
67.982540	0.0007021
67.992251	-0.0013240
68.001964	-0.0004434
68.011678	-0.0006818
68.021392	-0.0006481
68.031106	0.0010457
68.040822	-0.0002683
68.050538	-0.0000773
68.060255	0.0003570
68.069973	-0.0002473
68.079691	-0.0006559
68.089410	-0.0005820
68.099130	0.0004573
68.108850	-0.0000084
68.118571	-0.0001341
68.128293	-0.0008457
68.138016	-0.0001470
68.147739	-0.0000259
68.157463	0.0009055
68.167187	0.0003086
68.176913	0.0004681
68.186639	-0.0006053
68.196366	0.0012811
68.206093	-0.0003549
68.215821	-0.0005027
68.225550	-0.0010053
68.235280	0.0003806
68.245010	0.0006933
68.254741	-0.0002161
68.264472	0.0001688
68.274205	0.0003880
68.283938	0.0001612
68.293672	-0.0001990
68.303406	-0.0002073
68.313141	-0.0000033
68.322877	0.0005955
68.332614	0.0006047
68.342351	-0.0002160
68.352089	0.0001319
68.361828	-0.0002556
68.371567	0.0005888
68.381307	-0.0000569
68.391048	-0.0008448
68.400789	0.0006173
68.410532	0.0006944
68.420274	-0.0000099
68.430018	-0.0008223
68.439762	-0.0001972
68.449507	0.0000610
68.459253	0.0008529
68.469000	-0.0001890
68.478747	-0.0002489
68.488494	-0.0005096
68.498243	-0.0002032
68.507992	0.0003173
68.517742	0.0003823
68.527493	0.0001391
68.537244	-0.0006279
68.546996	0.0001251
68.556749	0.0002426
68.566502	0.0000876
68.576256	-0.0004348
68.586011	-0.0004167
68.595767	0.0003723
68.605523	0.0005732
68.615280	0.0004241
68.625038	0.0004377
68.634796	0.0002746
68.644555	-0.0002186
68.654315	-0.0009144
68.664075	0.0012636
68.673836	0.0003936
68.683598	0.0004726
68.693361	-0.0003388
68.703124	-0.0002648
68.712888	0.0005738
68.722653	-0.0000507
68.732418	0.0003185
68.742184	0.0000440
68.751951	0.0003814
68.761718	-0.0001269
68.771487	0.0001944
68.781255	0.0000865
68.791025	-0.0009391
68.800795	0.0010814
68.810566	0.0001972
68.820338	0.0002103
68.830110	0.0005365
68.839884	0.0001189
68.849657	0.0000550
68.859432	-0.0001615
68.869207	-0.0007358
68.878983	-0.0000450
68.888760	-0.0014146
68.898537	-0.0005195
68.908315	0.0000964
68.918094	0.0005343
68.927873	-0.0001196
68.937653	0.0010019
68.947434	0.0000101
68.957216	0.0003725
68.966998	0.0007192
68.976781	-0.0004013
68.986564	-0.0001151
68.996349	0.0003129
69.006134	-0.0000274
69.015919	0.0000680
69.025706	0.0013390
69.035493	0.0009069
69.045281	0.0006218
69.055069	-0.0006524
69.064859	0.0000355
69.074649	0.0005263
69.084439	-0.0005104
69.094231	-0.0007163
69.104023	-0.0001911
69.113815	0.0004283
69.123609	-0.0005971
69.133403	-0.0000529
69.143198	-0.0001812
69.152994	-0.0011781
69.162790	-0.0005000
69.172587	0.0000144
69.182385	0.0002763
69.192183	-0.0001126
69.201982	0.0003582
69.211782	-0.0005612
69.221582	-0.0003940
69.231383	0.0002459
69.241185	0.0001754
69.250988	0.0005606
69.260791	0.0004836
69.270595	0.0005459
69.280400	-0.0002042
69.290205	-0.0005441
69.300012	-0.0006101
69.309818	-0.0003213
69.319626	-0.0004277
69.329434	0.0012539
69.339243	-0.0002252
69.349053	0.0002462
69.358863	-0.0002713
69.368674	0.0003453
69.378486	0.0003562
69.388298	-0.0009718
69.398111	-0.0002212
69.407925	0.0002209
69.417740	-0.0001979
69.427555	0.0000920
69.437371	0.0009657
69.447187	-0.0001831
69.457005	-0.0003792
69.466823	-0.0003839
69.476642	-0.0005971
69.486461	-0.0000372
69.496281	-0.0008275
69.506102	0.0003436
69.515924	-0.0001436
69.525746	0.0000158
69.535569	0.0001108
69.545393	0.0002019
69.555217	-0.0007586
69.565042	-0.0009546
69.574868	0.0006932
69.584694	0.0000246
69.594522	-0.0004221
69.604349	-0.0006344
69.614178	0.0001110
69.624007	0.0004615
69.633837	0.0008247
69.643668	-0.0008862
69.653499	0.0005384
69.663331	-0.0005930
69.673164	-0.0005403
69.682998	-0.0006538
69.692832	-0.0005898
69.702667	0.0007702
69.712503	-0.0002402
69.722339	-0.0003017
69.732176	-0.0001170
69.742014	-0.0010842
69.751852	-0.0001018
69.761691	0.0002222
69.771531	-0.0012003
69.781371	-0.0010675
69.791213	0.0004556
69.801055	-0.0012337
69.810897	0.0001228
69.820741	0.0000907
69.830585	-0.0005936
69.840429	0.0007440
69.850275	-0.0007356
69.860121	-0.0003303
69.869968	0.0004086
69.879815	0.0004114
69.889664	-0.0005603
69.899513	-0.0006669
69.909362	0.0004189
69.919213	-0.0005397
69.929064	-0.0009043
69.938916	-0.0007240
69.948768	-0.0000925
69.958621	0.0004643
69.968475	-0.0011185
69.978330	-0.0011414
69.988185	0.0013677
69.998041	0.0009642
70.007898	0.0003050
70.017755	0.0009374
70.027613	0.0008797
70.037472	-0.0004317
70.047331	-0.0002996
70.057192	0.0005852
70.067052	0.0000829
70.076914	-0.0003458
70.086776	0.0003328
70.096639	0.0005510
70.106503	-0.0003297
70.116367	0.0011847
70.126233	-0.0005777
70.136098	0.0001517
70.145965	0.0001966
70.155832	0.0017042
70.165700	0.0000283
70.175569	-0.0005638
70.185438	0.0001162
70.195308	-0.0005442
70.205179	0.0003832
70.215050	-0.0001979
70.224922	0.0003851
70.234795	-0.0006195
70.244669	-0.0008375
70.254543	-0.0000966
70.264418	-0.0002080
70.274294	-0.0004831
70.284170	-0.0000483
70.294047	0.0010036
70.303925	-0.0012069
70.313803	0.0002185
70.323682	-0.0005319
70.333562	0.0004180
70.343443	-0.0010172
70.353324	0.0003568
70.363206	0.0000771
70.373089	0.0005831
70.382972	0.0001473
70.392856	-0.0004949
70.402741	-0.0004341
70.412626	0.0011687
70.422513	-0.0003107
70.432400	-0.0001943
70.442287	-0.0003276
70.452175	0.0006807
70.462064	-0.0004230
70.471954	-0.0007882
70.481844	0.0004992
70.491736	0.0002013
70.501627	-0.0004167
70.511520	0.0003715
70.521413	-0.0006402
70.531307	0.0003223
70.541202	-0.0003894
70.551097	0.0000265
70.560993	-0.0000408
70.570890	0.0000915
70.580787	-0.0014209
70.590685	-0.0004567
70.600584	-0.0002303
70.610484	0.0004650
70.620384	0.0007560
70.630285	0.0004737
70.640186	-0.0001209
70.650089	0.0006987
70.659992	0.0013836
70.669896	-0.0004650
70.679800	-0.0006306
70.689705	0.0006969
70.699611	0.0007535
70.709518	-0.0014839
70.719425	0.0003843
70.729333	0.0004004
70.739241	-0.0008005
70.749151	-0.0000511
70.759061	0.0000803
70.768972	0.0004725
70.778883	-0.0008989
70.788795	-0.0002916
70.798708	0.0006051
70.808622	-0.0002981
70.818536	-0.0001791
70.828451	0.0003041
70.838367	0.0002159
70.848283	-0.0004320
70.858200	0.0004764
70.868118	-0.0015986
70.878036	-0.0004380
70.887956	0.0003085
70.897876	0.0009157
70.907796	0.0003508
70.917717	0.0001649
70.927639	0.0015788
70.937562	0.0016109
70.947486	0.0016923
70.957410	0.0033728
70.967335	0.0043898
70.977260	0.0065340
70.987186	0.0081095
70.997113	0.0068617
71.007041	0.0083004
71.016969	0.0054242
71.026898	0.0066555
71.036828	0.0048325
71.046758	0.0041328
71.056690	0.0036849
71.066621	0.0014590
71.076554	0.0015367
71.086487	0.0012377
71.096421	0.0005213
71.106356	0.0011550
71.116291	0.0010952
71.126227	-0.0005503
71.136164	0.0005120
71.146101	0.0000778
71.156040	0.0002352
71.165978	-0.0001965
71.175918	0.0001743
71.185858	-0.0009450
71.195799	0.0004017
71.205741	-0.0006475
71.215683	-0.0003734
71.225626	-0.0000595
71.235570	-0.0008902
71.245515	-0.0000172
71.255460	0.0004898
71.265406	0.0004092
71.275352	-0.0007675
71.285300	-0.0016906
71.295248	0.0002656
71.305196	0.0010602
71.315146	-0.0002374
71.325096	0.0003318
71.335047	-0.0003294
71.344998	0.0003543
71.354950	-0.0000082
71.364903	0.0004058
71.374857	0.0001239
71.384811	-0.0008712
71.394766	-0.0000666
71.404722	-0.0004786
71.414678	0.0002078
71.424636	0.0000325
71.434593	-0.0004405
71.444552	0.0003324
71.454511	-0.0005243
71.464471	0.0003188
71.474432	0.0002605
71.484393	0.0002127
71.494355	0.0000708
71.504318	-0.0007752
71.514281	-0.0000730
71.524245	-0.0007862
71.534210	-0.0004828
71.544176	0.0000711
71.554142	-0.0003839
71.564109	-0.0000270
71.574077	0.0006764
71.584045	0.0008643
71.594014	-0.0003203
71.603984	-0.0006213
71.613954	-0.0002319
71.623926	-0.0007116
71.633897	0.0006460
71.643870	-0.0006974
71.653843	0.0008686
71.663817	-0.0008937
71.673792	0.0006092
71.683767	0.0002547
71.693743	-0.0002827
71.703720	0.0002608
71.713698	0.0003884
71.723676	0.0009450
71.733655	0.0002042
71.743634	0.0001267
71.753615	0.0007827
71.763596	-0.0003319
71.773578	-0.0001214
71.783560	-0.0009497
71.793543	0.0004629
71.803527	-0.0004471
71.813511	0.0003286
71.823497	0.0001670
71.833483	0.0007000
71.843469	0.0005447
71.853457	0.0003791
71.863445	-0.0008444
71.873433	0.0002977
71.883423	-0.0010372
71.893413	-0.0002135
71.903404	0.0001424
71.913395	0.0001660
71.923388	0.0008926
71.933380	-0.0005025
71.943374	0.0009231
71.953368	0.0003756
71.963364	-0.0000534
71.973359	-0.0001889
71.983356	0.0007349
71.993353	0.0000422
72.003351	0.0003502
72.013349	-0.0003319
72.023349	0.0001485
72.033349	-0.0002028
72.043349	0.0005739
72.053351	0.0003338
72.063353	0.0003471
72.073356	-0.0004000
72.083359	-0.0004770
72.093363	0.0001733
72.103368	0.0011770
72.113374	0.0001994
72.123380	0.0000907
72.133387	-0.0005198
72.143395	0.0007263
72.153403	-0.0006241
72.163412	0.0006079
72.173422	-0.0013317
72.183433	0.0003818
72.193444	0.0000821
72.203456	-0.0003551
72.213468	0.0011532
72.223482	-0.0000091
72.233496	0.0014072
72.243510	-0.0003934
72.253526	0.0008078
72.263542	-0.0004492
72.273559	0.0005841
72.283576	-0.0001265
72.293594	0.0003435
72.303613	-0.0009165
72.313633	-0.0003170
72.323653	0.0007949
72.333674	0.0001157
72.343696	0.0007503
72.353719	0.0004187
72.363742	-0.0001499
72.373766	0.0005842
72.383790	-0.0003592
72.393816	-0.0002356
72.403841	-0.0001728
72.413868	-0.0006144
72.423896	-0.0005217
72.433924	-0.0001917
72.443952	0.0008161
72.453982	0.0002150
72.464012	0.0006778
72.474043	-0.0007210
72.484074	0.0005325
72.494107	0.0004938
72.504140	0.0000447
72.514173	-0.0002990
72.524208	0.0000774
72.534243	-0.0005081
72.544279	0.0005473
72.554315	-0.0005578
72.564352	-0.0007631
72.574390	-0.0011611
72.584429	0.0000821
72.594468	0.0006577
72.604508	-0.0002832
72.614549	0.0000642
72.624590	-0.0005797
72.634632	-0.0002966
72.644675	0.0000922
72.654719	-0.0009910
72.664763	-0.0004515
72.674808	0.0003312
72.684854	-0.0000311
72.694900	0.0006569
72.704947	0.0001562
72.714995	-0.0000383
72.725043	-0.0005173
72.735092	0.0002693
72.745142	0.0001350
72.755193	0.0012351
72.765244	-0.0003023
72.775296	-0.0009786
72.785349	0.0000722
72.795402	-0.0003466
72.805456	0.0004936
72.815511	-0.0003490
72.825566	-0.0002197
72.835622	0.0009248
72.845679	-0.0013525
72.855737	0.0004102
72.865795	-0.0003219
72.875854	-0.0007232
72.885914	-0.0005065
72.895974	0.0008741
72.906035	-0.0001679
72.916097	0.0003912
72.926160	0.0001441
72.936223	-0.0004543
72.946287	-0.0003687
72.956351	-0.0004519
72.966416	0.0031018
72.976482	0.0036339
72.986549	0.0069711
72.996617	0.0133897
73.006685	0.0189285
73.016754	0.0296684
73.026823	0.0382366
73.036893	0.0436568
73.046964	0.0493616
73.057036	0.0488231
73.067108	0.0449895
73.077181	0.0405419
73.087255	0.0325985
73.097329	0.0250079
73.107404	0.0174643
73.117480	0.0119136
73.127557	0.0082194
73.137634	0.0056285
73.147712	0.0028631
73.157791	0.0026826
73.167870	0.0011028
73.177950	0.0009329
73.188031	0.0004196
73.198112	-0.0000944
73.208194	-0.0006305
73.218277	0.0002124
73.228361	-0.0006247
73.238445	0.0005089
73.248530	0.0004370
73.258616	-0.0005114
73.268702	0.0008001
73.278789	-0.0001681
73.288877	0.0000474
73.298965	-0.0001210
73.309055	0.0005832
73.319144	-0.0012078
73.329235	-0.0000112
73.339326	0.0009478
73.349418	0.0008110
73.359511	-0.0000882
73.369604	0.0007228
73.379698	-0.0009392
73.389793	0.0005120
73.399889	-0.0004406
73.409985	-0.0006326
73.420082	-0.0001843
73.430180	-0.0008470
73.440278	-0.0004152
73.450377	0.0006291
73.460477	0.0007747
73.470577	0.0002588
73.480678	-0.0011054
73.490780	0.0003109
73.500882	-0.0003435
73.510986	-0.0008017
73.521090	0.0000765
73.531194	-0.0008343
73.541300	0.0006576
73.551406	-0.0009733
73.561512	0.0001866
73.571620	-0.0000013
73.581728	-0.0003456
73.591837	0.0006194
73.601946	-0.0000268
73.612057	0.0000852
73.622168	0.0008006
73.632279	-0.0011619
73.642392	-0.0006572
73.652505	0.0009166
73.662618	0.0003964
73.672733	0.0018769
73.682848	0.0013889
73.692964	0.0001465
73.703080	0.0001252
73.713198	0.0008428
73.723316	-0.0003940
73.733434	0.0001391
73.743554	-0.0002841
73.753674	-0.0002837
73.763795	-0.0010280
73.773916	0.0007695
73.784038	0.0006919
73.794161	-0.0002436
73.804285	0.0000134
73.814409	-0.0005567
73.824534	-0.0012600
73.834660	0.0006724
73.844786	0.0013193
73.854913	0.0000348
73.865041	0.0000404
73.875170	-0.0002342
73.885299	0.0002831
73.895429	-0.0000050
73.905559	-0.0012853
73.915691	-0.0006980
73.925823	-0.0007178
73.935956	-0.0000143
73.946089	0.0004076
73.956223	0.0006213
73.966358	-0.0002154
73.976493	-0.0003028
73.986630	0.0002049
73.996767	-0.0005877
74.006904	0.0000700
74.017043	-0.0009742
74.027182	0.0001275
74.037321	0.0000650
74.047462	-0.0001905
74.057603	0.0003640
74.067745	0.0004909
74.077887	-0.0003859
74.088031	0.0002957
74.098175	0.0001895
74.108319	0.0007283
74.118465	-0.0001348
74.128611	-0.0009120
74.138758	0.0003234
74.148905	0.0002144
74.159053	0.0001977
74.169202	-0.0001097
74.179352	0.0002180
74.189502	0.0003470
74.199653	-0.0006696
74.209805	0.0004061
74.219957	0.0000658
74.230110	0.0000737
74.240264	0.0000524
74.250418	-0.0008018
74.260574	0.0002424
74.270730	0.0000116
74.280886	0.0001320
74.291044	0.0010188
74.301202	-0.0005313
74.311360	0.0022041
74.321520	-0.0008463
74.331680	0.0003108
74.341841	0.0003323
74.352002	-0.0007518
74.362164	-0.0001461
74.372327	-0.0003429
74.382491	0.0013860
74.392655	0.0003336
74.402820	-0.0006077
74.412986	0.0006661
74.423153	-0.0003536
74.433320	-0.0001996
74.443488	-0.0001239
74.453656	0.0005049
74.463825	-0.0003588
74.473995	0.0009643
74.484166	0.0005656
74.494337	-0.0003401
74.504509	0.0003566
74.514682	-0.0000610
74.524856	0.0009499
74.535030	-0.0000126
74.545205	-0.0005444
74.555380	0.0003366
74.565556	-0.0002416
74.575733	-0.0004258
74.585911	-0.0005527
74.596090	-0.0001990
74.606269	0.0003236
74.616448	0.0006489
74.626629	0.0007327
74.636810	0.0009005
74.646992	0.0006665
74.657175	0.0004092
74.667358	-0.0006105
74.677542	0.0004405
74.687727	-0.0004045
74.697912	-0.0001240
74.708098	-0.0006562
74.718285	0.0003682
74.728472	0.0009544
74.738661	0.0003250
74.748850	-0.0000604
74.759039	-0.0009915
74.769230	-0.0000880
74.779421	0.0010129
74.789612	-0.0006141
74.799805	-0.0001153
74.809998	0.0003565
74.820192	-0.0002407
74.830386	-0.0001194
74.840581	0.0001012
74.850777	-0.0001201
74.860974	0.0003783
74.871171	0.0008464
74.881369	0.0002181
74.891568	-0.0001310
74.901768	0.0007979
74.911968	-0.0008109
74.922169	0.0013192
74.932370	0.0008363
74.942573	-0.0004268
74.952776	-0.0010483
74.962979	0.0000630
74.973184	0.0006279
74.983389	0.0001408
74.993594	-0.0015833
75.003801	0.0007674
75.014008	0.0006690
75.024216	-0.0005196
75.034425	-0.0005882
75.044634	-0.0001002
75.054844	0.0002318
75.065055	0.0009080
75.075266	-0.0000009
75.085478	0.0003162
75.095691	-0.0003006
75.105904	-0.0000617
75.116119	0.0003989
75.126333	0.0000118
75.136549	-0.0000648
75.146765	-0.0001034
75.156982	-0.0000155
75.167200	-0.0003656
75.177419	0.0003604
75.187638	0.0009571
75.197857	0.0002249
75.208078	-0.0000333
75.218299	0.0008398
75.228521	0.0013993
75.238744	0.0006581
75.248967	0.0008744
75.259191	0.0013739
75.269416	0.0006335
75.279641	0.0018950
75.289868	0.0010016
75.300094	0.0007276
75.310322	0.0009668
75.320550	-0.0000039
75.330779	0.0001433
75.341009	-0.0006771
75.351239	-0.0010879
75.361470	-0.0002258
75.371702	0.0005071
75.381934	0.0004885
75.392168	-0.0000608
75.402402	0.0007930
75.412636	-0.0000606
75.422871	-0.0005257
75.433107	0.0000608
75.443344	-0.0006499
75.453581	0.0001814
75.463819	-0.0003546
75.474058	-0.0009996
75.484298	-0.0003739
75.494538	-0.0005036
75.504779	0.0007503
75.515020	0.0004626
75.525263	0.0008028
75.535506	-0.0002142
75.545749	-0.0006526
75.555994	-0.0015204
75.566239	-0.0000639
75.576485	-0.0000354
75.586731	0.0004526
75.596979	-0.0010103
75.607226	0.0009918
75.617475	0.0007442
75.627724	0.0001102
75.637974	-0.0000382
75.648225	-0.0005448
75.658477	-0.0002755
75.668729	0.0007493
75.678982	0.0006964
75.689235	-0.0003111
75.699489	-0.0004050
75.709744	0.0005957
75.720000	-0.0004854
75.730256	-0.0010895
75.740513	-0.0004090
75.750771	-0.0009372
75.761030	0.0002013
75.771289	-0.0003477
75.781549	0.0010423
75.791809	-0.0009890
75.802070	0.0001934
75.812332	-0.0001944
75.822595	0.0001468
75.832858	-0.0009169
75.843123	-0.0002962
75.853387	-0.0013924
75.863653	0.0006839
75.873919	0.0010830
75.884186	0.0006686
75.894453	0.0015908
75.904722	-0.0006305
75.914991	-0.0006222
75.925260	-0.0005385
75.935531	-0.0005220
75.945802	0.0013356
75.956074	0.0002318
75.966346	0.0001369
75.976620	0.0004798
75.986893	0.0013685
75.997168	-0.0007137
76.007443	0.0004835
76.017719	-0.0004453
76.027996	0.0011085
76.038274	0.0008873
76.048552	0.0001445
76.058830	-0.0007606
76.069110	-0.0002177
76.079390	-0.0004235
76.089671	0.0005851
76.099953	0.0009952
76.110235	0.0007723
76.120518	-0.0004378
76.130802	0.0000040
76.141086	-0.0001783
76.151372	0.0000751
76.161657	0.0005449
76.171944	-0.0007439
76.182231	-0.0001308
76.192519	-0.0005402
76.202808	-0.0007073
76.213097	0.0005916
76.223387	-0.0000005
76.233678	0.0008470
76.243969	-0.0005043
76.254262	0.0003764
76.264555	0.0000095
76.274848	-0.0004864
76.285142	0.0009682
76.295437	-0.0010297
76.305733	0.0003169
76.316029	0.0004082
76.326327	-0.0001141
76.336624	-0.0003118
76.346923	-0.0003055
76.357222	-0.0009249
76.367522	0.0000590
76.377823	0.0010076
76.388124	0.0005320
76.398426	0.0003545
76.408729	-0.0008569
76.419032	0.0002819
76.429336	0.0005825
76.439641	0.0007209
76.449946	-0.0000414
76.460253	-0.0007661
76.470560	0.0006564
76.480867	-0.0000960
76.491176	0.0000081
76.501485	-0.0001933
76.511794	0.0001808
76.522105	-0.0005741
76.532416	-0.0008641
76.542728	0.0007311
76.553040	0.0002610
76.563353	0.0004844
76.573667	0.0002056
76.583982	-0.0000837
76.594297	0.0012324
76.604613	0.0007778
76.614930	-0.0010765
76.625248	0.0005443
76.635566	-0.0001298
76.645885	-0.0007575
76.656204	-0.0003070
76.666525	0.0002952
76.676846	-0.0000482
76.687167	0.0002841
76.697490	-0.0007593
76.707813	-0.0002669
76.718136	0.0001021
76.728461	-0.0012986
76.738786	-0.0004152
76.749112	-0.0010191
76.759439	-0.0003200
76.769766	-0.0007526
76.780094	-0.0011539
76.790423	0.0000425
76.800752	0.0001276
76.811082	-0.0000009
76.821413	-0.0004629
76.831744	0.0006927
76.842077	0.0006563
76.852410	0.0003589
76.862743	0.0001034
76.873077	-0.0016768
76.883412	-0.0003642
76.893748	-0.0000445
76.904085	0.0002876
76.914422	0.0009715
76.924760	0.0027026
76.935098	0.0050518
76.945437	0.0130311
76.955777	0.0250774
76.966118	0.0457541
76.976459	0.0760898
76.986801	0.1110789
76.997144	0.1460449
77.007488	0.1715423
77.017832	0.1867521
77.028177	0.1862233
77.038522	0.1723528
77.048868	0.1518956
77.059215	0.1245330
77.069563	0.0985061
77.079911	0.0724709
77.090260	0.0501545
77.100610	0.0325492
77.110961	0.0210837
77.121312	0.0123853
77.131664	0.0058307
77.142016	0.0036672
77.152370	0.0007742
77.162724	0.0019684
77.173078	0.0003270
77.183434	0.0002219
77.193790	-0.0004545
77.204146	-0.0000699
77.214504	-0.0004961
77.224862	-0.0000850
77.235221	-0.0000051
77.245581	0.0000292
77.255941	0.0001369
77.266302	-0.0009733
77.276664	0.0000285
77.287026	0.0000150
77.297389	0.0003421
77.307753	0.0000802
77.318118	-0.0000865
77.328483	0.0003892
77.338849	0.0004273
77.349215	-0.0005386
77.359583	-0.0005661
77.369951	-0.0001449
77.380319	-0.0001393
77.390689	0.0006905
77.401059	-0.0003549
77.411430	0.0000373
77.421801	0.0007816
77.432174	-0.0001268
77.442547	-0.0001140
77.452920	0.0000888
77.463295	0.0001543
77.473670	0.0003681
77.484045	-0.0004382
77.494422	0.0008606
77.504799	0.0004342
77.515177	0.0001201
77.525556	-0.0001985
77.535935	0.0002486
77.546315	-0.0003536
77.556695	-0.0007355
77.567077	-0.0004314
77.577459	-0.0002649
77.587842	-0.0002557
77.598225	0.0004199
77.608609	0.0007687
77.618994	-0.0002919
77.629380	0.0002899
77.639766	-0.0014317
77.650153	0.0009699
77.660541	-0.0011686
77.670929	0.0004458
77.681318	0.0002645
77.691708	0.0003762
77.702099	0.0009453
77.712490	0.0004582
77.722882	-0.0013998
77.733274	-0.0000381
77.743668	0.0012438
77.754062	-0.0004054
77.764456	0.0005986
77.774852	0.0001361
77.785248	-0.0010372
77.795645	0.0001937
77.806042	-0.0006073
77.816441	0.0001531
77.826840	-0.0006476
77.837239	-0.0001805
77.847640	0.0007093
77.858041	0.0006132
77.868442	-0.0002886
77.878845	0.0000236
77.889248	-0.0007118
77.899652	0.0011240
77.910056	-0.0007377
77.920462	-0.0010308
77.930868	-0.0007059
77.941274	0.0008468
77.951682	0.0005227
77.962090	-0.0001231
77.972498	-0.0001380
77.982908	0.0001284
77.993318	-0.0003671
78.003729	0.0004037
78.014141	0.0004083
78.024553	0.0007120
78.034966	0.0008131
78.045379	0.0006783
78.055794	0.0001450
78.066209	-0.0013135
78.076625	0.0011864
78.087041	0.0008490
78.097458	-0.0004575
78.107876	0.0006529
78.118295	0.0000613
78.128714	-0.0005779
78.139134	-0.0000777
78.149555	-0.0002317
78.159976	0.0002279
78.170399	-0.0010596
78.180821	0.0002134
78.191245	0.0005328
78.201669	-0.0006506
78.212094	0.0000754
78.222520	0.0007052
78.232946	0.0000834
78.243373	0.0000233
78.253801	-0.0005731
78.264229	-0.0001965
78.274658	-0.0003633
78.285088	-0.0004298
78.295519	0.0007746
78.305950	0.0003782
78.316382	0.0004310
78.326815	-0.0015416
78.337248	-0.0003560
78.347682	0.0007045
78.358117	-0.0006299
78.368552	-0.0004242
78.378988	0.0001672
78.389425	0.0000621
78.399863	0.0010710
78.410301	-0.0001050
78.420740	-0.0008936
78.431180	0.0001099
78.441620	0.0000876
78.452061	0.0007857
78.462503	0.0003166
78.472946	-0.0004506
78.483389	0.0002010
78.493833	-0.0008072
78.504277	0.0005710
78.514722	0.0003268
78.525168	-0.0002132
78.535615	0.0000308
78.546063	0.0006455
78.556511	-0.0004563
78.566960	0.0001161
78.577409	0.0008738
78.587859	0.0004128
78.598310	0.0011771
78.608762	-0.0003321
78.619214	-0.0006312
78.629667	0.0000206
78.640121	-0.0003339
78.650575	0.0003807
78.661030	-0.0002737
78.671486	-0.0000421
78.681943	0.0004898
78.692400	0.0000200
78.702858	0.0000592
78.713317	0.0003168
78.723776	-0.0006579
78.734236	0.0007599
78.744697	-0.0013279
78.755158	0.0003719
78.765620	0.0003090
78.776083	-0.0004362
78.786547	0.0000023
78.797011	-0.0003768
78.807476	-0.0005750
78.817942	0.0015039
78.828408	0.0000221
78.838875	0.0005040
78.849343	0.0014744
78.859811	0.0006147
78.870280	-0.0001961
78.880750	0.0002587
78.891221	0.0005010
78.901692	0.0004364
78.912164	-0.0000218
78.922637	-0.0008368
78.933110	-0.0002675
78.943584	-0.0005400
78.954059	0.0009046
78.964535	-0.0008864
78.975011	-0.0004264
78.985488	0.0011969
78.995965	0.0008416
79.006444	0.0014258
79.016923	0.0003688
79.027402	0.0010128
79.037883	0.0014291
79.048364	0.0010221
79.058846	0.0008514
79.069328	0.0012541
79.079812	-0.0001216
79.090296	-0.0000630
79.100780	-0.0004696
79.111265	-0.0007798
79.121752	-0.0000041
79.132238	0.0000064
79.142726	-0.0002404
79.153214	-0.0002326
79.163703	0.0000531
79.174192	0.0009978
79.184682	-0.0006302
79.195173	0.0004038
79.205665	0.0004424
79.216157	-0.0004987
79.226650	-0.0014013
79.237144	-0.0002893
79.247639	-0.0007991
79.258134	0.0012998
79.268630	0.0004971
79.279126	0.0006161
79.289624	0.0002842
79.300122	-0.0008504
79.310620	0.0011265
79.321120	-0.0014704
79.331620	0.0006851
79.342121	-0.0000378
79.352622	0.0000249
79.363124	-0.0007179
79.373627	-0.0001426
79.384131	-0.0002644
79.394635	-0.0004364
79.405140	-0.0010834
79.415646	0.0004806
79.426152	-0.0001005
79.436659	0.0006375
79.447167	0.0008176
79.457676	0.0001043
79.468185	-0.0002172
79.478695	0.0010255
79.489205	-0.0000111
79.499717	0.0004191
79.510229	-0.0005726
79.520741	-0.0002322
79.531255	-0.0005234
79.541769	-0.0003247
79.552284	0.0011939
79.562799	0.0008643
79.573316	-0.0007845
79.583832	0.0000116
79.594350	0.0006420
79.604868	0.0000651
79.615387	-0.0003063
79.625907	-0.0011528
79.636428	-0.0006317
79.646949	0.0003678
79.657471	0.0005833
79.667993	-0.0001533
79.678517	-0.0004472
79.689041	0.0005888
79.699565	0.0001119
79.710091	0.0003207
79.720617	0.0009383
79.731143	0.0001846
79.741671	-0.0002377
79.752199	-0.0016182
79.762728	0.0005519
79.773258	0.0006283
79.783788	-0.0004817
79.794319	-0.0002406
79.804850	-0.0004228
79.815383	-0.0001762
79.825916	-0.0009115
79.836450	-0.0009291
79.846984	0.0005975
79.857519	-0.0001674
79.868055	0.0003966
79.878592	-0.0001691
79.889129	0.0006754
79.899667	-0.0003021
79.910206	-0.0008690
79.920745	0.0002499
79.931286	-0.0003840
79.941826	-0.0006829
79.952368	-0.0008722
79.962910	0.0004098
79.973453	-0.0001205
79.983997	0.0007991
79.994541	-0.0003278
80.005086	-0.0004552
80.015632	0.0000115
80.026178	-0.0000678
80.036725	-0.0002043
80.047273	-0.0004761
80.057822	-0.0001168
80.068371	-0.0006887
80.078921	0.0005642
80.089472	-0.0012885
80.100023	-0.0012047
80.110575	0.0000261
80.121128	-0.0001655
80.131681	-0.0003942
80.142236	0.0008142
80.152790	0.0002039
80.163346	-0.0001549
80.173902	-0.0002888
80.184459	0.0000357
80.195017	-0.0001455
80.205575	-0.0000407
80.216134	0.0012062
80.226694	-0.0006465
80.237255	-0.0000133
80.247816	-0.0003883
80.258378	-0.0011661
80.268940	0.0000631
80.279504	0.0014014
80.290068	-0.0000583
80.300632	0.0001192
80.311198	-0.0002979
80.321764	-0.0009035
80.332331	-0.0001705
80.342898	0.0004709
80.353466	-0.0007201
80.364035	-0.0003024
80.374605	0.0011837
80.385175	0.0007713
80.395746	-0.0005059
80.406318	-0.0000542
80.416890	0.0006983
80.427464	0.0010862
80.438037	0.0001146
80.448612	-0.0002688
80.459187	0.0003836
80.469763	0.0004469
80.480340	-0.0001244
80.490917	-0.0003325
80.501495	0.0013644
80.512074	-0.0012389
80.522653	0.0005660
80.533234	0.0009472
80.543814	0.0008474
80.554396	0.0003841
80.564978	-0.0004302
80.575561	-0.0000773
80.586145	0.0005378
80.596729	0.0004763
80.607314	0.0000819
80.617900	-0.0003619
80.628487	0.0006589
80.639074	-0.0005094
80.649662	0.0001733
80.660250	0.0000766
80.670839	0.0001415
80.681429	-0.0002413
80.692020	0.0003437
80.702612	-0.0003112
80.713204	0.0009385
80.723796	-0.0001840
80.734390	-0.0000411
80.744984	0.0000391
80.755579	0.0003157
80.766175	-0.0006300
80.776771	-0.0009234
80.787368	0.0003261
80.797966	-0.0001628
80.808564	-0.0002013
80.819163	-0.0000690
80.829763	0.0015254
80.840364	0.0038898
80.850965	0.0067532
80.861567	0.0204899
80.872169	0.0438111
80.882773	0.0869870
80.893377	0.1493962
80.903982	0.2337811
80.914587	0.3348106
80.925193	0.4334979
80.935800	0.5121947
80.946408	0.5454306
80.957016	0.5360924
80.967625	0.4965189
80.978234	0.4285254
80.988845	0.3554845
80.999456	0.2700292
81.010068	0.1994944
81.020680	0.1372387
81.031293	0.0879004
81.041907	0.0545964
81.052522	0.0317630
81.063137	0.0183184
81.073753	0.0080418
81.084370	0.0039294
81.094987	0.0015988
81.105605	0.0005183
81.116224	0.0003869
81.126843	0.0003485
81.137464	-0.0011853
81.148084	-0.0004855
81.158706	0.0011762
81.169328	-0.0005958
81.179951	0.0001660
81.190575	0.0008096
81.201200	0.0009702
81.211825	-0.0003500
81.222450	-0.0006996
81.233077	-0.0003213
81.243704	0.0002932
81.254332	0.0006695
81.264961	0.0001320
81.275590	0.0000852
81.286220	0.0002589
81.296851	-0.0005902
81.307482	0.0004939
81.318114	-0.0002662
81.328747	0.0004779
81.339381	0.0008645
81.350015	0.0000308
81.360650	-0.0008852
81.371286	-0.0005535
81.381922	-0.0002852
81.392559	-0.0003547
81.403197	0.0003396
81.413835	0.0004846
81.424474	-0.0010172
81.435114	-0.0002760
81.445755	0.0000517
81.456396	0.0002507
81.467038	0.0003470
81.477681	-0.0003687
81.488324	0.0019695
81.498968	-0.0007200
81.509613	-0.0001554
81.520258	-0.0002224
81.530905	0.0007934
81.541551	0.0000902
81.552199	0.0006326
81.562847	-0.0002839
81.573496	-0.0005251
81.584146	0.0004478
81.594796	-0.0002467
81.605448	-0.0000399
81.616099	-0.0009127
81.626752	0.0003915
81.637405	-0.0000093
81.648059	-0.0005008
81.658714	0.0004387
81.669369	-0.0011809
81.680025	0.0007538
81.690682	0.0004828
81.701339	0.0000138
81.711997	-0.0005270
81.722656	0.0010053
81.733316	0.0002563
81.743976	-0.0001205
81.754637	0.0003882
81.765298	0.0009057
81.775961	0.0004286
81.786624	0.0003125
81.797287	0.0004431
81.807952	0.0001447
81.818617	0.0000123
81.829283	0.0010678
81.839949	0.0013855
81.850617	0.0001213
81.861285	-0.0003391
81.871953	0.0004163
81.882623	-0.0006839
81.893293	-0.0004318
81.903963	-0.0005392
81.914635	-0.0011265
81.925307	-0.0008047
81.935980	-0.0008151
81.946654	0.0003022
81.957328	0.0009686
81.968003	0.0002755
81.978679	-0.0002527
81.989355	-0.0004107
82.000032	0.0006693
82.010710	-0.0000431
82.021388	0.0003062
82.032067	0.0004366
82.042747	-0.0002893
82.053428	-0.0012616
82.064109	0.0000533
82.074791	-0.0002281
82.085474	-0.0004793
82.096157	-0.0007755
82.106842	-0.0003914
82.117526	0.0005211
82.128212	0.0000845
82.138898	-0.0005295
82.149585	-0.0000340
82.160273	-0.0002912
82.170961	0.0003448
82.181650	-0.0003313
82.192340	0.0002466
82.203030	-0.0002458
82.213721	-0.0000752
82.224413	0.0000585
82.235106	0.0007298
82.245799	0.0009183
82.256493	0.0010511
82.267188	-0.0001722
82.277883	0.0002567
82.288579	0.0004233
82.299276	-0.0014860
82.309973	-0.0003473
82.320671	-0.0001425
82.331370	-0.0002230
82.342070	0.0001154
82.352770	0.0000330
82.363471	0.0001265
82.374173	-0.0000819
82.384875	0.0008042
82.395578	-0.0005147
82.406282	0.0017836
82.416986	0.0003129
82.427692	0.0007061
82.438397	-0.0008492
82.449104	-0.0000611
82.459811	-0.0001001
82.470519	0.0000917
82.481228	-0.0004118
82.491937	-0.0009421
82.502647	0.0000815
82.513358	0.0009866
82.524070	0.0009467
82.534782	0.0002491
82.545495	-0.0004924
82.556209	-0.0008122
82.566923	0.0006281
82.577638	0.0004194
82.588354	0.0000470
82.599070	0.0000579
82.609787	-0.0002190
82.620505	0.0009371
82.631223	0.0006405
82.641943	0.0001980
82.652663	-0.0009944
82.663383	0.0003550
82.674105	0.0003997
82.684827	-0.0006797
82.695549	0.0000740
82.706273	-0.0003547
82.716997	-0.0000182
82.727722	0.0001283
82.738447	-0.0003128
82.749174	0.0002467
82.759901	-0.0000142
82.770628	-0.0003425
82.781357	-0.0002435
82.792086	0.0002079
82.802816	0.0007394
82.813546	-0.0001948
82.824277	0.0011963
82.835009	0.0008961
82.845742	0.0031163
82.856475	0.0057670
82.867209	0.0118168
82.877944	0.0252462
82.888679	0.0440529
82.899415	0.0745869
82.910152	0.1085643
82.920889	0.1392935
82.931628	0.1656175
82.942366	0.1735059
82.953106	0.1738594
82.963846	0.1610336
82.974587	0.1374573
82.985329	0.1185438
82.996071	0.0887665
83.006815	0.0659401
83.017558	0.0471547
83.028303	0.0304370
83.039048	0.0195298
83.049794	0.0114145
83.060541	0.0064148
83.071288	0.0033521
83.082036	0.0012752
83.092785	0.0013939
83.103534	0.0009093
83.114284	-0.0007197
83.125035	0.0005690
83.135787	0.0004370
83.146539	-0.0007127
83.157292	0.0003312
83.168046	-0.0017717
83.178800	-0.0003210
83.189555	0.0000071
83.200311	-0.0001904
83.211067	-0.0005012
83.221824	0.0004085
83.232582	-0.0004791
83.243341	-0.0013539
83.254100	-0.0001707
83.264860	0.0000314
83.275621	-0.0003604
83.286382	-0.0002131
83.297144	0.0001890
83.307907	0.0001763
83.318670	0.0013920
83.329435	0.0004312
83.340199	0.0006625
83.350965	-0.0000007
83.361731	-0.0005868
83.372498	-0.0004070
83.383266	-0.0006120
83.394034	-0.0001711
83.404804	-0.0013951
83.415573	0.0001243
83.426344	-0.0001471
83.437115	-0.0010699
83.447887	0.0006373
83.458660	0.0000162
83.469433	0.0013827
83.480207	0.0008118
83.490982	-0.0012307
83.501757	0.0013430
83.512533	-0.0008311
83.523310	0.0003117
83.534088	-0.0010541
83.544866	0.0002288
83.555645	0.0003850
83.566424	-0.0006817
83.577205	-0.0004530
83.587986	-0.0008574
83.598768	-0.0000954
83.609550	-0.0016696
83.620333	-0.0004424
83.631117	-0.0003735
83.641902	-0.0003660
83.652687	-0.0004943
83.663473	0.0001168
83.674259	-0.0007134
83.685047	-0.0002767
83.695835	-0.0004585
83.706624	-0.0007452
83.717413	-0.0000742
83.728203	0.0008801
83.738994	-0.0003945
83.749786	0.0010607
83.760578	-0.0004087
83.771371	-0.0008920
83.782165	-0.0003416
83.792959	-0.0006866
83.803754	-0.0014023
83.814550	0.0000880
83.825346	-0.0005725
83.836144	-0.0000064
83.846942	0.0002163
83.857740	0.0002588
83.868539	0.0000452
83.879340	-0.0005292
83.890140	-0.0006703
83.900942	-0.0000769
83.911744	0.0003455
83.922547	0.0000079
83.933350	-0.0002621
83.944154	-0.0000896
83.954959	-0.0000722
83.965765	0.0008214
83.976571	0.0004415
83.987378	-0.0007700
83.998186	0.0001517
84.008994	-0.0002792
84.019804	0.0005923
84.030613	0.0000862
84.041424	0.0004797
84.052235	0.0005102
84.063047	0.0004623
84.073860	0.0002403
84.084673	0.0004577
84.095487	-0.0001934
84.106302	-0.0003068
84.117117	-0.0006340
84.127934	-0.0003103
84.138750	0.0013479
84.149568	0.0005824
84.160386	0.0001512
84.171205	0.0002860
84.182025	0.0000531
84.192845	-0.0000021
84.203666	0.0003593
84.214488	0.0007687
84.225311	0.0000958
84.236134	0.0002338
84.246958	0.0005358
84.257782	-0.0001566
84.268608	-0.0002851
84.279434	0.0005426
84.290260	-0.0011032
84.301088	-0.0003418
84.311916	0.0005235
84.322745	-0.0013137
84.333574	0.0000110
84.344404	0.0007242
84.355235	-0.0002087
84.366067	-0.0001543
84.376899	-0.0000999
84.387732	-0.0000773
84.398566	-0.0003452
84.409400	-0.0006093
84.420236	-0.0004937
84.431071	0.0007966
84.441908	-0.0010779
84.452745	-0.0008811
84.463583	0.0000994
84.474422	-0.0000160
84.485261	0.0009218
84.496101	0.0006455
84.506942	-0.0007062
84.517783	-0.0003984
84.528625	0.0000366
84.539468	0.0011440
84.550312	-0.0006363
84.561156	-0.0002361
84.572001	0.0005493
84.582847	-0.0000182
84.593693	0.0003367
84.604540	-0.0004410
84.615388	-0.0001882
84.626236	-0.0000513
84.637086	0.0002850
84.647935	0.0000814
84.658786	0.0002943
84.669637	0.0004429
84.680489	0.0001688
84.691342	-0.0001618
84.702195	0.0000811
84.713049	-0.0003421
84.723904	-0.0000633
84.734760	-0.0003397
84.745616	0.0000568
84.756473	0.0005548
84.767330	-0.0006829
84.778189	0.0005055
84.789048	-0.0005125
84.799908	0.0007789
84.810768	0.0001337
84.821629	-0.0004173
84.832491	-0.0001173
84.843353	0.0003914
84.854217	0.0005170
84.865081	0.0014044
84.875945	0.0018546
84.886811	-0.0009324
84.897677	0.0003581
84.908543	-0.0002619
84.919411	0.0004903
84.930279	-0.0001419
84.941148	-0.0006734
84.952017	-0.0012034
84.962888	-0.0013807
84.973758	-0.0004436
84.984630	-0.0009435
84.995502	-0.0007099
85.006376	0.0005872
85.017249	0.0000525
85.028124	0.0001328
85.038999	-0.0004546
85.049875	0.0000340
85.060751	-0.0006019
85.071629	-0.0003493
85.082507	-0.0008003
85.093385	0.0002852
85.104265	0.0009293
85.115145	-0.0006688
85.126026	0.0002614
85.136907	-0.0001340
85.147789	0.0004002
85.158672	-0.0007597
85.169556	0.0004021
85.180440	0.0002880
85.191325	0.0008403
85.202211	-0.0009148
85.213097	-0.0001859
85.223984	-0.0003752
85.234872	0.0005641
85.245761	-0.0001677
85.256650	-0.0009472
85.267540	0.0000381
85.278430	-0.0002478
85.289322	-0.0003162
85.300214	0.0005935
85.311106	0.0001993
85.322000	0.0000836
85.332894	0.0012092
85.343789	0.0007929
85.354684	-0.0006521
85.365580	-0.0016058
85.376477	0.0011142
85.387375	-0.0000682
85.398273	0.0005733
85.409172	-0.0002638
85.420072	-0.0004294
85.430973	-0.0002397
85.441874	-0.0007154
85.452776	-0.0011818
85.463678	-0.0011640
85.474582	0.0001272
85.485485	-0.0000011
85.496390	0.0007840
85.507296	-0.0006742
85.518202	0.0002186
85.529108	0.0002535
85.540016	0.0003944
85.550924	0.0010144
85.561833	0.0006667
85.572742	0.0014253
85.583653	0.0001217
85.594564	-0.0007410
85.605475	-0.0001783
85.616388	-0.0002535
85.627301	0.0005072
85.638215	0.0009111
85.649129	-0.0000341
85.660044	0.0007260
85.670960	0.0006419
85.681877	0.0003733
85.692794	-0.0003576
85.703712	0.0000116
85.714631	-0.0000417
85.725550	0.0006181
85.736470	0.0002419
85.747391	0.0000238
85.758313	0.0006400
85.769235	0.0007283
85.780158	-0.0001426
85.791082	0.0005085
85.802006	0.0002001
85.812931	-0.0004326
85.823857	-0.0010312
85.834783	0.0004670
85.845710	0.0011587
85.856638	-0.0000350
85.867567	0.0001097
85.878496	0.0003790
85.889426	0.0005963
85.900357	0.0003979
85.911288	-0.0002778
85.922220	-0.0003142
85.933153	-0.0005845
85.944086	0.0010945
85.955020	0.0001674
85.965955	-0.0000997
85.976891	-0.0009567
85.987827	0.0001950
85.998764	-0.0000246
86.009702	-0.0004570
86.020640	0.0000585
86.031579	-0.0008063
86.042519	0.0001856
86.053460	-0.0010443
86.064401	-0.0001069
86.075343	-0.0001003
86.086285	0.0000622
86.097228	0.0002655
86.108172	-0.0011011
86.119117	0.0000785
86.130063	-0.0007709
86.141009	0.0002476
86.151956	-0.0004320
86.162903	0.0010910
86.173851	-0.0007679
86.184800	-0.0010494
86.195750	0.0004181
86.206700	-0.0006016
86.217651	-0.0003743
86.228603	-0.0002502
86.239555	0.0009640
86.250508	-0.0001869
86.261462	0.0003106
86.272417	-0.0003974
86.283372	-0.0004923
86.294328	-0.0000475
86.305285	-0.0003305
86.316242	-0.0002764
86.327200	0.0002911
86.338159	-0.0013736
86.349118	0.0001163
86.360078	0.0005462
86.371039	0.0001877
86.382001	-0.0000502
86.392963	0.0013795
86.403926	-0.0000794
86.414890	-0.0002071
86.425854	0.0000246
86.436819	-0.0002806
86.447785	0.0001047
86.458751	0.0005474
86.469719	-0.0005202
86.480686	-0.0002863
86.491655	0.0004062
86.502624	-0.0002244
86.513594	0.0006484
86.524565	-0.0000021
86.535536	0.0006939
86.546508	0.0004769
86.557481	-0.0004151
86.568455	-0.0002917
86.579429	-0.0006139
86.590404	-0.0000063
86.601380	-0.0003781
86.612356	0.0003346
86.623333	-0.0011056
86.634311	-0.0005003
86.645289	0.0002647
86.656268	0.0000265
86.667248	-0.0005040
86.678228	-0.0003342
86.689210	0.0002237
86.700192	0.0003585
86.711174	-0.0003651
86.722158	0.0005164
86.733142	-0.0008340
86.744126	-0.0000937
86.755112	-0.0004854
86.766098	-0.0005288
86.777085	0.0000781
86.788072	-0.0002997
86.799061	-0.0002915
86.810050	-0.0003835
86.821039	-0.0004826
86.832030	-0.0012358
86.843021	-0.0005471
86.854012	0.0004281
86.865005	-0.0001057
86.875998	-0.0009953
86.886992	0.0005423
86.897986	0.0003953
86.908982	0.0000266
86.919978	0.0000666
86.930974	0.0003916
86.941972	0.0003351
86.952970	0.0006507
86.963969	0.0005325
86.974968	0.0007294
86.985968	0.0000160
86.996969	-0.0003810
87.007971	-0.0001198
87.018973	-0.0002614
87.029976	-0.0005553
87.040980	0.0006292
87.051984	0.0000803
87.062989	0.0008365
87.073995	-0.0003758
87.085002	-0.0001030
87.096009	-0.0003308
87.107017	0.0006826
87.118025	-0.0013097
87.129035	0.0012986
87.140045	0.0004336
87.151055	0.0001940
87.162067	-0.0006523
87.173079	0.0002498
87.184092	0.0017591
87.195105	-0.0001995
87.206120	-0.0004388
87.217135	-0.0007778
87.228150	0.0007823
87.239167	0.0002525
87.250184	0.0002743
87.261201	0.0014995
87.272220	0.0009338
87.283239	0.0006813
87.294259	-0.0002133
87.305279	0.0002800
87.316301	-0.0004468
87.327323	-0.0000711
87.338345	-0.0002735
87.349369	0.0009260
87.360393	0.0002706
87.371418	0.0000343
87.382443	0.0001969
87.393469	-0.0001705
87.404496	0.0007919
87.415524	0.0004975
87.426552	-0.0008593
87.437581	0.0002326
87.448611	-0.0003869
87.459641	0.0002208
87.470672	0.0011538
87.481704	0.0004533
87.492736	-0.0001111
87.503770	-0.0005688
87.514804	0.0010465
87.525838	0.0005315
87.536874	0.0003091
87.547910	-0.0006628
87.558946	0.0006504
87.569984	-0.0009239
87.581022	0.0004380
87.592061	-0.0012315
87.603100	-0.0002659
87.614140	-0.0001308
87.625181	-0.0003951
87.636223	-0.0006831
87.647265	0.0001041
87.658308	-0.0004398
87.669352	-0.0010071
87.680397	0.0001679
87.691442	-0.0000257
87.702488	-0.0000737
87.713534	-0.0000441
87.724581	-0.0004694
87.735629	-0.0005460
87.746678	0.0003748
87.757727	-0.0005011
87.768777	0.0005363
87.779828	0.0001087
87.790880	-0.0001511
87.801932	0.0006985
87.812985	0.0001107
87.824038	0.0005804
87.835092	-0.0007628
87.846147	-0.0001407
87.857203	-0.0003639
87.868260	0.0011066
87.879317	0.0002458
87.890374	-0.0004432
87.901433	0.0001533
87.912492	-0.0010670
87.923552	0.0002840
87.934613	-0.0003478
87.945674	0.0001818
87.956736	0.0000399
87.967799	-0.0001347
87.978862	-0.0000618
87.989926	-0.0007928
88.000991	0.0002786
88.012056	0.0009308
88.023123	0.0003887
88.034190	-0.0000312
88.045257	-0.0000725
88.056326	-0.0005802
88.067395	-0.0003857
88.078464	0.0002479
88.089535	-0.0003334
88.100606	0.0002174
88.111678	0.0011770
88.122750	0.0000988
88.133823	-0.0011505
88.144897	0.0005489
88.155972	-0.0000075
88.167047	-0.0000993
88.178123	-0.0005324
88.189200	-0.0006987
88.200278	-0.0000965
88.211356	-0.0002177
88.222435	0.0006046
88.233514	0.0002361
88.244595	-0.0001360
88.255676	-0.0006828
88.266757	-0.0002548
88.277840	0.0005927
88.288923	-0.0006936
88.300006	-0.0012306
88.311091	-0.0002472
88.322176	-0.0003355
88.333262	-0.0002409
88.344349	0.0002243
88.355436	-0.0007832
88.366524	-0.0003416
88.377613	-0.0010146
88.388702	-0.0003389
88.399792	0.0000009
88.410883	0.0000707
88.421974	0.0005846
88.433067	0.0016934
88.444159	0.0004039
88.455253	-0.0006729
88.466347	-0.0004665
88.477442	0.0003178
88.488538	0.0001969
88.499635	-0.0000962
88.510732	-0.0002556
88.521829	0.0012248
88.532928	0.0003469
88.544027	-0.0000982
88.555127	-0.0003975
88.566228	0.0002243
88.577329	0.0002948
88.588431	0.0006615
88.599534	0.0011591
88.610637	0.0003781
88.621742	-0.0002565
88.632846	-0.0005491
88.643952	-0.0006134
88.655058	0.0004195
88.666165	0.0002440
88.677273	-0.0001553
88.688381	-0.0006793
88.699490	-0.0006066
88.710600	-0.0005618
88.721710	0.0019806
88.732822	-0.0004286
88.743934	0.0002992
88.755046	-0.0018346
88.766159	-0.0001540
88.777273	-0.0004303
88.788388	-0.0006804
88.799503	-0.0002704
88.810620	0.0001283
88.821736	-0.0007105
88.832854	-0.0001197
88.843972	-0.0001715
88.855091	-0.0004836
88.866210	-0.0013008
88.877331	0.0002908
88.888452	0.0000379
88.899573	0.0001056
88.910696	-0.0003727
88.921819	-0.0003180
88.932943	-0.0005188
88.944067	-0.0008760
88.955193	-0.0001694
88.966318	-0.0000622
88.977445	-0.0001644
88.988572	0.0004270
88.999700	-0.0003369
89.010829	-0.0005779
89.021959	-0.0000083
89.033089	-0.0007399
89.044220	0.0002164
89.055351	0.0006883
89.066483	0.0002943
89.077616	-0.0001360
89.088750	-0.0007944
89.099884	-0.0008487
89.111019	0.0000340
89.122155	-0.0005287
89.133292	-0.0000742
89.144429	-0.0013000
89.155567	-0.0001815
89.166705	0.0012104
89.177844	0.0009166
89.188984	-0.0002981
89.200125	0.0004836
89.211266	0.0004804
89.222409	0.0000272
89.233551	0.0010476
89.244695	-0.0001945
89.255839	0.0002598
89.266984	-0.0002232
89.278129	-0.0006986
89.289276	0.0004305
89.300423	-0.0008021
89.311570	-0.0003603
89.322719	0.0000121
89.333868	-0.0010759
89.345018	-0.0011331
89.356168	-0.0000399
89.367319	-0.0000949
89.378471	0.0005239
89.389624	0.0002223
89.400777	0.0012636
89.411931	-0.0001016
89.423086	0.0005257
89.434242	-0.0003989
89.445398	-0.0009200
89.456554	-0.0004741
89.467712	0.0002581
89.478870	-0.0007739
89.490029	-0.0004607
89.501189	-0.0000060
89.512349	-0.0006882
89.523510	0.0006287
89.534672	-0.0002483
89.545834	-0.0012335
89.556998	-0.0005997
89.568161	-0.0002498
89.579326	0.0006648
89.590491	-0.0001770
89.601657	0.0007260
89.612824	0.0006515
89.623991	0.0000689
89.635159	-0.0011845
89.646328	-0.0005617
89.657497	-0.0004475
89.668668	-0.0002232
89.679839	0.0005935
89.691010	-0.0001026
89.702182	-0.0005810
89.713355	0.0008576
89.724529	-0.0001095
89.735703	-0.0000748
89.746879	0.0004552
89.758054	0.0007123
89.769231	-0.0004547
89.780408	-0.0002549
89.791586	-0.0008003
89.802765	0.0006544
89.813944	0.0005631
89.825124	-0.0004640
89.836305	0.0000007
89.847486	-0.0012178
89.858668	0.0007135
89.869851	-0.0013842
89.881034	-0.0005972
89.892219	-0.0001713
89.903404	0.0000806
89.914589	0.0003397
89.925776	0.0004272
89.936963	0.0013663
89.948150	-0.0001896
89.959339	0.0001907
89.970528	-0.0009746
89.981718	0.0002803
89.992908	-0.0008917
90.004099	-0.0010110
90.015291	-0.0013215
90.026484	-0.0001029
90.037677	0.0004617
90.048871	0.0008873
90.060066	0.0002848
90.071262	0.0000368
90.082458	0.0008371
90.093655	0.0006259
90.104852	-0.0007212
90.116051	0.0002061
90.127250	0.0003691
90.138449	-0.0008735
90.149650	-0.0006706
90.160851	0.0009030
90.172052	0.0005405
90.183255	-0.0009399
90.194458	0.0013509
90.205662	-0.0001848
90.216867	-0.0008731
90.228072	-0.0001467
90.239278	0.0006021
90.250485	-0.0004951
90.261692	-0.0004794
90.272900	-0.0003956
90.284109	-0.0002444
90.295318	0.0002319
90.306529	-0.0007464
90.317740	-0.0005300
90.328951	0.0010485
90.340163	0.0001308
90.351376	-0.0001047
90.362590	-0.0002260
90.373805	-0.0009719
90.385020	0.0003401
90.396236	0.0000841
90.407452	0.0000506
90.418669	-0.0009396
90.429887	0.0006490
90.441106	-0.0002160
90.452325	0.0015892
90.463545	0.0000650
90.474766	0.0008278
90.485988	-0.0007195
90.497210	-0.0000682
90.508433	0.0004745
90.519656	-0.0004209
90.530880	-0.0004159
90.542105	-0.0008052
90.553331	0.0003746
90.564557	-0.0005444
90.575784	0.0009631
90.587012	-0.0000564
90.598241	-0.0005793
90.609470	0.0002231
90.620700	0.0001828
90.631930	-0.0005986
90.643162	0.0004995
90.654394	0.0011905
90.665626	-0.0001842
90.676860	0.0000620
90.688094	-0.0003791
90.699328	0.0010762
90.710564	0.0001498
90.721800	0.0002957
90.733037	-0.0002031
90.744275	0.0008448
90.755513	-0.0000114
90.766752	0.0006711
90.777992	0.0002303
90.789232	-0.0003085
90.800473	-0.0002905
90.811715	0.0004697
90.822958	-0.0002980
90.834201	0.0007532
90.845445	0.0013258
90.856689	-0.0001371
90.867935	-0.0001676
90.879181	0.0003895
90.890427	0.0005143
90.901675	-0.0005271
90.912923	0.0008123
90.924172	-0.0003951
90.935421	-0.0006436
90.946672	-0.0002773
90.957923	-0.0006173
90.969174	0.0004843
90.980427	0.0023426
90.991680	0.0050946
91.002933	0.0094553
91.014188	0.0135150
91.025443	0.0182902
91.036699	0.0256801
91.047956	0.0262737
91.059213	0.0305922
91.070471	0.0278060
91.081729	0.0286421
91.092989	0.0231599
91.104249	0.0186446
91.115510	0.0149201
91.126771	0.0113277
91.138033	0.0072676
91.149296	0.0057821
91.160560	0.0022852
91.171824	0.0015123
91.183089	0.0009996
91.194355	0.0002548
91.205621	0.0001778
91.216888	0.0007087
91.228156	-0.0003808
91.239425	0.0010652
91.250694	0.0007872
91.261964	0.0003594
91.273234	0.0002617
91.284506	-0.0009026
91.295778	-0.0009216
91.307050	-0.0004916
91.318324	0.0003609
91.329598	0.0002708
91.340873	-0.0013731
91.352148	-0.0001562
91.363425	0.0003098
91.374702	-0.0004116
91.385979	-0.0003016
91.397258	-0.0004231
91.408537	0.0002339
91.419816	0.0000843
91.431097	-0.0006743
91.442378	0.0001349
91.453660	-0.0006288
91.464942	-0.0003216
91.476226	-0.0000414
91.487510	0.0016350
91.498794	0.0004846
91.510080	0.0003845
91.521366	0.0004245
91.532652	0.0005862
91.543940	-0.0000269
91.555228	0.0001042
91.566517	-0.0000352
91.577807	0.0001748
91.589097	0.0002386
91.600388	0.0005586
91.611680	-0.0008279
91.622972	-0.0004987
91.634265	0.0008486
91.645559	0.0009027
91.656853	0.0009491
91.668148	0.0001213
91.679444	0.0010265
91.690741	-0.0009780
91.702038	-0.0005890
91.713336	0.0005895
91.724635	-0.0001861
91.735934	0.0001300
91.747235	0.0000151
91.758535	-0.0006736
91.769837	0.0006130
91.781139	-0.0004546
91.792442	-0.0007607
91.803746	0.0004876
91.815050	-0.0004517
91.826355	0.0006938
91.837661	0.0000711
91.848967	-0.0006036
91.860274	0.0000870
91.871582	-0.0007169
91.882891	0.0002363
91.894200	-0.0004298
91.905510	-0.0001209
91.916821	0.0006260
91.928132	-0.0002285
91.939444	0.0001394
91.950757	0.0005284
91.962070	0.0009737
91.973384	-0.0007319
91.984699	0.0006537
91.996015	0.0005510
92.007331	0.0004972
92.018648	-0.0000810
92.029966	0.0005030
92.041284	0.0006326
92.052603	-0.0000034
92.063923	0.0001304
92.075244	0.0011008
92.086565	0.0007469
92.097887	0.0007804
92.109209	0.0009920
92.120532	-0.0006448
92.131856	0.0003208
92.143181	-0.0000701
92.154507	0.0001261
92.165833	-0.0001432
92.177159	-0.0009172
92.188487	0.0016602
92.199815	-0.0001883
92.211144	0.0006914
92.222474	-0.0000445
92.233804	-0.0002611
92.245135	0.0013097
92.256467	0.0006964
92.267799	0.0003313
92.279132	0.0000963
92.290466	-0.0000919
92.301801	0.0000774
92.313136	0.0007245
92.324472	-0.0009937
92.335809	-0.0000505
92.347146	-0.0000009
92.358484	0.0003354
92.369823	-0.0007818
92.381162	-0.0002381
92.392502	0.0001584
92.403843	-0.0007917
92.415185	0.0004557
92.426527	0.0004151
92.437870	-0.0001660
92.449214	-0.0002092
92.460558	0.0004142
92.471903	0.0002396
92.483249	0.0006467
92.494595	-0.0010089
92.505942	0.0011241
92.517290	0.0002580
92.528639	-0.0010666
92.539988	-0.0003804
92.551338	0.0014295
92.562689	0.0005202
92.574040	-0.0001506
92.585392	-0.0002563
92.596745	-0.0001450
92.608099	0.0010760
92.619453	0.0002051
92.630808	0.0000866
92.642163	-0.0002664
92.653520	-0.0001140
92.664877	0.0009123
92.676234	0.0010593
92.687593	0.0003043
92.698952	0.0000921
92.710312	0.0000633
92.721672	-0.0002946
92.733034	-0.0007066
92.744395	0.0000216
92.755758	0.0003723
92.767121	0.0004200
92.778486	0.0003242
92.789850	0.0000810
92.801216	0.0000272
92.812582	-0.0004681
92.823949	0.0000951
92.835316	-0.0002460
92.846684	0.0007029
92.858053	-0.0005468
92.869423	0.0005134
92.880793	0.0001433
92.892164	-0.0005973
92.903536	0.0003921
92.914909	0.0003831
92.926282	-0.0006094
92.937656	0.0004147
92.949030	-0.0016036
92.960406	0.0001211
92.971782	0.0005155
92.983158	0.0011642
92.994536	-0.0001487
93.005914	-0.0000738
93.017293	0.0003641
93.028672	-0.0001668
93.040052	0.0011388
93.051433	-0.0002960
93.062815	0.0005532
93.074197	0.0011011
93.085580	0.0009667
93.096964	-0.0002047
93.108348	0.0004947
93.119733	0.0016015
93.131119	0.0001849
93.142506	-0.0006567
93.153893	-0.0000349
93.165281	-0.0009599
93.176669	0.0003417
93.188059	0.0004788
93.199449	-0.0009654
93.210839	-0.0004889
93.222231	-0.0001292
93.233623	0.0011254
93.245016	0.0001221
93.256409	-0.0012084
93.267804	0.0002707
93.279198	-0.0007867
93.290594	-0.0009111
93.301990	-0.0004811
93.313388	0.0002446
93.324785	0.0014761
93.336184	-0.0007229
93.347583	-0.0006439
93.358983	-0.0002526
93.370383	-0.0008443
93.381785	-0.0000446
93.393187	0.0000048
93.404589	-0.0001389
93.415993	0.0000775
93.427397	0.0012244
93.438801	0.0006953
93.450207	0.0004311
93.461613	-0.0005335
93.473020	0.0004313
93.484428	-0.0000020
93.495836	-0.0000683
93.507245	0.0002398
93.518654	-0.0003395
93.530065	0.0002554
93.541476	0.0001936
93.552888	0.0008665
93.564300	-0.0014805
93.575713	0.0009933
93.587127	-0.0006091
93.598542	0.0001086
93.609957	-0.0005587
93.621373	-0.0000284
93.632790	-0.0002502
93.644207	0.0003773
93.655626	-0.0010964
93.667044	0.0003174
93.678464	-0.0006878
93.689884	0.0012929
93.701305	0.0008277
93.712727	0.0002501
93.724149	-0.0001655
93.735572	-0.0001014
93.746996	-0.0000698
93.758420	0.0006219
93.769845	-0.0003648
93.781271	0.0007387
93.792698	-0.0008023
93.804125	-0.0010653
93.815553	0.0003327
93.826982	0.0001716
93.838411	0.0003603
93.849841	0.0000057
93.861272	0.0002768
93.872703	0.0007386
93.884136	0.0000849
93.895568	-0.0006632
93.907002	-0.0000954
93.918436	0.0003284
93.929871	-0.0002245
93.941307	-0.0000007
93.952743	-0.0001359
93.964180	0.0001102
93.975618	-0.0000539
93.987057	0.0003918
93.998496	-0.0002459
94.009936	-0.0000479
94.021376	-0.0004578
94.032818	-0.0000467
94.044260	-0.0005822
94.055702	0.0012947
94.067146	-0.0002771
94.078590	-0.0010165
94.090035	-0.0006527
94.101480	-0.0004865
94.112926	-0.0007505
94.124373	-0.0004905
94.135821	0.0010626
94.147269	0.0001191
94.158718	-0.0001289
94.170168	0.0016464
94.181618	0.0008507
94.193070	-0.0002887
94.204521	-0.0004842
94.215974	0.0005444
94.227427	0.0000333
94.238881	0.0003222
94.250336	-0.0004211
94.261791	0.0000220
94.273247	-0.0005650
94.284704	0.0003856
94.296161	0.0004459
94.307620	-0.0000287
94.319078	0.0004855
94.330538	-0.0008204
94.341998	0.0003962
94.353459	0.0006413
94.364921	-0.0000184
94.376383	-0.0000444
94.387846	0.0003840
94.399310	-0.0002945
94.410775	0.0001818
94.422240	-0.0004913
94.433706	-0.0005537
94.445172	0.0002102
94.456640	0.0003875
94.468107	-0.0002752
94.479576	-0.0005959
94.491046	-0.0009004
94.502516	-0.0002043
94.513986	-0.0001984
94.525458	-0.0000842
94.536930	0.0009583
94.548403	0.0000902
94.559877	0.0000736
94.571351	0.0001119
94.582826	-0.0013299
94.594302	0.0000621
94.605778	0.0009240
94.617255	-0.0007995
94.628733	-0.0007163
94.640212	-0.0005569
94.651691	-0.0001730
94.663171	-0.0003646
94.674651	0.0012067
94.686133	0.0010160
94.697615	0.0000873
94.709098	0.0007572
94.720581	-0.0000133
94.732065	0.0003372
94.743550	0.0003624
94.755036	0.0003497
94.766522	-0.0011417
94.778009	-0.0000092
94.789496	0.0007904
94.800985	-0.0008377
94.812474	-0.0005627
94.823964	-0.0002518
94.835454	0.0001193
94.846945	0.0011055
94.858437	-0.0002620
94.869930	0.0004817
94.881423	-0.0000550
94.892917	-0.0002879
94.904412	0.0000533
94.915907	0.0003674
94.927403	0.0026045
94.938900	0.0063293
94.950397	0.0136892
94.961896	0.0257019
94.973394	0.0412629
94.984894	0.0691808
94.996394	0.0972214
95.007895	0.1269663
95.019397	0.1423696
95.030899	0.1493656
95.042403	0.1431367
95.053906	0.1367270
95.065411	0.1190357
95.076916	0.0933288
95.088422	0.0731143
95.099929	0.0543966
95.111436	0.0390373
95.122944	0.0259264
95.134453	0.0159804
95.145962	0.0084730
95.157472	0.0067929
95.168983	0.0028079
95.180495	0.0004660
95.192007	0.0010091
95.203520	-0.0003802
95.215034	0.0000771
95.226548	0.0002145
95.238063	0.0004847
95.249579	0.0003679
95.261095	0.0000565
95.272612	-0.0006132
95.284130	0.0000402
95.295649	-0.0018612
95.307168	-0.0001640
95.318688	-0.0007786
95.330209	-0.0001898
95.341730	0.0000119
95.353252	-0.0005373
95.364775	-0.0000702
95.376298	0.0005412
95.387823	-0.0008422
95.399347	-0.0001581
95.410873	-0.0000739
95.422399	-0.0014040
95.433926	0.0004689
95.445454	0.0003269
95.456982	-0.0000912
95.468512	0.0001690
95.480041	-0.0007139
95.491572	-0.0002648
95.503103	-0.0011249
95.514635	-0.0012925
95.526168	-0.0009337
95.537701	-0.0004541
95.549235	-0.0010779
95.560770	0.0004393
95.572305	-0.0009893
95.583841	-0.0003808
95.595378	-0.0000500
95.606916	-0.0000795
95.618454	0.0000378
95.629993	0.0006626
95.641532	0.0005880
95.653073	-0.0008076
95.664614	0.0008022
95.676155	-0.0001595
95.687698	0.0007011
95.699241	-0.0010534
95.710785	0.0011497
95.722329	0.0003755
95.733875	-0.0000307
95.745421	0.0002805
95.756967	-0.0005379
95.768515	-0.0000050
95.780063	-0.0000353
95.791611	0.0001070
95.803161	-0.0007635
95.814711	0.0000269
95.826262	-0.0001126
95.837814	-0.0004252
95.849366	0.0005906
95.860919	-0.0002995
95.872473	0.0003333
95.884027	0.0005352
95.895582	-0.0003808
95.907138	-0.0005489
95.918694	0.0000089
95.930251	-0.0001214
95.941809	0.0008944
95.953368	-0.0009154
95.964927	0.0001688
95.976487	-0.0001954
95.988048	-0.0001635
95.999609	-0.0008343
96.011172	0.0001293
96.022734	0.0008755
96.034298	-0.0002807
96.045862	-0.0002971
96.057427	0.0005650
96.068993	-0.0004058
96.080559	0.0008403
96.092126	0.0013166
96.103694	0.0009351
96.115262	0.0003460
96.126831	0.0000518
96.138401	-0.0007247
96.149972	0.0000708
96.161543	-0.0010591
96.173115	0.0000217
96.184688	-0.0004226
96.196261	0.0008111
96.207835	-0.0002654
96.219410	0.0017697
96.230985	-0.0007900
96.242561	0.0001150
96.254138	-0.0002179
96.265716	-0.0005159
96.277294	-0.0001302
96.288873	0.0015536
96.300453	-0.0003431
96.312033	-0.0004663
96.323614	-0.0002691
96.335196	-0.0000921
96.346778	0.0002417
96.358362	-0.0007009
96.369945	-0.0012974
96.381530	0.0004286
96.393115	-0.0002761
96.404701	0.0005918
96.416288	0.0000974
96.427875	-0.0012021
96.439463	0.0000339
96.451052	-0.0000184
96.462642	-0.0001492
96.474232	-0.0005688
96.485823	0.0000575
96.497415	-0.0010563
96.509007	0.0008129
96.520600	-0.0001154
96.532194	0.0002174
96.543788	0.0012166
96.555383	-0.0003642
96.566979	-0.0000620
96.578575	0.0001195
96.590173	0.0004824
96.601771	0.0014148
96.613369	0.0021219
96.624969	0.0016998
96.636569	0.0010928
96.648169	0.0011601
96.659771	0.0010139
96.671373	0.0009708
96.682976	0.0016283
96.694579	0.0015184
96.706184	0.0004597
96.717789	0.0004837
96.729394	0.0004314
96.741001	-0.0007412
96.752608	0.0001667
96.764216	-0.0000055
96.775824	-0.0008795
96.787433	-0.0000563
96.799043	-0.0000956
96.810654	0.0008001
96.822265	-0.0004398
96.833877	0.0005037
96.845490	0.0001832
96.857103	-0.0001510
96.868717	0.0006544
96.880332	-0.0001330
96.891947	0.0004716
96.903564	-0.0002185
96.915180	-0.0000303
96.926798	-0.0009996
96.938416	-0.0000378
96.950035	-0.0000608
96.961655	0.0000423
96.973275	-0.0004645
96.984897	-0.0000487
96.996518	-0.0001037
97.008141	0.0008393
97.019764	0.0023019
97.031388	-0.0001851
97.043013	0.0006514
97.054638	0.0014680
97.066264	0.0009686
97.077891	0.0004663
97.089518	0.0003632
97.101146	0.0011833
97.112775	0.0000231
97.124405	-0.0011342
97.136035	0.0007099
97.147666	-0.0008749
97.159298	0.0003594
97.170930	0.0005058
97.182563	-0.0000416
97.194197	0.0003919
97.205831	0.0004515
97.217466	-0.0003767
97.229102	-0.0000376
97.240739	0.0007445
97.252376	0.0002737
97.264014	0.0004031
97.275653	-0.0000650
97.287292	-0.0010229
97.298932	-0.0008022
97.310573	-0.0003609
97.322214	0.0005774
97.333857	-0.0002676
97.345500	-0.0005112
97.357143	0.0007385
97.368787	-0.0003872
97.380432	0.0011657
97.392078	0.0005867
97.403724	0.0005716
97.415372	0.0000417
97.427019	-0.0016955
97.438668	0.0004621
97.450317	0.0001417
97.461967	0.0003922
97.473618	-0.0005588
97.485269	-0.0006866
97.496921	-0.0006951
97.508574	-0.0000660
97.520227	0.0000589
97.531881	-0.0011693
97.543536	0.0008335
97.555192	-0.0001992
97.566848	0.0000402
97.578505	0.0007862
97.590162	-0.0000873
97.601821	0.0010848
97.613480	-0.0002429
97.625140	-0.0008071
97.636800	-0.0005017
97.648461	-0.0005680
97.660123	0.0000352
97.671786	0.0000771
97.683449	-0.0000356
97.695113	0.0005375
97.706777	0.0002432
97.718443	-0.0002268
97.730109	-0.0003708
97.741776	0.0006045
97.753443	-0.0006022
97.765111	0.0002937
97.776780	0.0006460
97.788450	-0.0005205
97.800120	-0.0014017
97.811791	0.0002307
97.823463	-0.0009831
97.835135	-0.0002436
97.846808	-0.0000042
97.858482	-0.0005438
97.870156	0.0001161
97.881832	-0.0009425
97.893508	0.0002256
97.905184	-0.0017528
97.916861	0.0004802
97.928539	0.0011376
97.940218	0.0001772
97.951898	0.0002979
97.963578	-0.0002417
97.975259	0.0003886
97.986940	-0.0000202
97.998622	-0.0006211
98.010305	0.0010137
98.021989	-0.0000802
98.033673	0.0008204
98.045358	0.0008306
98.057044	0.0009553
98.068730	-0.0006475
98.080418	-0.0005595
98.092105	-0.0009765
98.103794	-0.0008535
98.115483	-0.0003273
98.127173	0.0000321
98.138864	-0.0007266
98.150555	-0.0003074
98.162247	0.0001858
98.173940	0.0000988
98.185633	0.0005902
98.197328	0.0000774
98.209022	0.0003283
98.220718	0.0005859
98.232414	0.0003202
98.244111	-0.0004733
98.255809	-0.0003725
98.267507	-0.0005053
98.279206	0.0000753
98.290906	-0.0000613
98.302607	-0.0006286
98.314308	0.0008096
98.326010	-0.0000521
98.337712	-0.0001159
98.349416	-0.0013198
98.361120	-0.0005186
98.372824	-0.0004621
98.384530	-0.0004407
98.396236	0.0007166
98.407943	0.0008733
98.419650	-0.0008075
98.431358	-0.0008223
98.443067	-0.0006096
98.454777	0.0001046
98.466487	0.0002797
98.478198	-0.0002748
98.489910	0.0002657
98.501622	-0.0013150
98.513335	-0.0010435
98.525049	-0.0010496
98.536764	0.0008472
98.548479	-0.0008943
98.560195	-0.0002307
98.571912	-0.0010117
98.583629	-0.0006363
98.595347	0.0007270
98.607066	0.0006853
98.618785	0.0007580
98.630505	-0.0007317
98.642226	-0.0003067
98.653948	-0.0005781
98.665670	-0.0000871
98.677393	0.0009129
98.689117	-0.0004695
98.700841	0.0004373
98.712566	-0.0005134
98.724292	0.0004829
98.736018	-0.0007391
98.747746	0.0012581
98.759473	0.0002084
98.771202	-0.0005331
98.782931	0.0004696
98.794661	-0.0003316
98.806392	0.0002218
98.818123	0.0000632
98.829855	0.0000403
98.841588	-0.0005135
98.853322	0.0007642
98.865056	-0.0004724
98.876791	-0.0006070
98.888526	0.0001066
98.900263	-0.0000724
98.912000	-0.0005991
98.923738	-0.0005607
98.935476	0.0008278
98.947215	0.0000285
98.958955	0.0000588
98.970695	-0.0001058
98.982437	-0.0000301
98.994179	0.0003739
99.005921	-0.0004332
99.017665	-0.0006622
99.029409	-0.0013890
99.041153	-0.0004246
99.052899	0.0001501
99.064645	0.0002904
99.076392	0.0008314
99.088139	-0.0004052
99.099888	-0.0007483
99.111636	-0.0007966
99.123386	-0.0005241
99.135136	0.0002510
99.146888	-0.0005893
99.158639	0.0003191
99.170392	-0.0005670
99.182145	-0.0014646
99.193899	-0.0001481
99.205653	-0.0002099
99.217409	0.0005085
99.229165	-0.0006572
99.240921	0.0004492
99.252679	0.0000170
99.264437	0.0005286
99.276196	0.0004780
99.287955	0.0002419
99.299715	0.0003215
99.311476	0.0007933
99.323238	0.0015663
99.335000	-0.0004104
99.346763	0.0000479
99.358527	-0.0007197
99.370291	-0.0000392
99.382056	0.0008018
99.393822	-0.0005488
99.405589	-0.0008418
99.417356	-0.0007846
99.429124	0.0004726
99.440892	-0.0003454
99.452662	-0.0004209
99.464432	0.0001396
99.476202	-0.0004110
99.487974	0.0003898
99.499746	-0.0006820
99.511519	0.0006673
99.523292	0.0003666
99.535066	-0.0008024
99.546841	-0.0005764
99.558617	0.0013171
99.570393	0.0000200
99.582170	-0.0001464
99.593948	0.0004689
99.605727	0.0000159
99.617506	0.0008501
99.629286	-0.0001680
99.641066	0.0006971
99.652848	0.0002683
99.664629	0.0006572
99.676412	0.0015307
99.688196	0.0002154
99.699980	0.0006648
99.711764	0.0006688
99.723550	-0.0000547
99.735336	-0.0003981
99.747123	0.0008765
99.758910	0.0005464
99.770699	0.0005060
99.782488	0.0004558
99.794277	-0.0004763
99.806068	0.0022073
99.817859	0.0025410
99.829651	0.0054788
99.841443	0.0079459
99.853236	0.0107960
99.865030	0.0126748
99.876825	0.0146775
99.888620	0.0160214
99.900416	0.0165177
99.912213	0.0148370
99.924010	0.0128581
99.935808	0.0112392
99.947607	0.0080193
99.959407	0.0059603
99.971207	0.0028994
99.983008	0.0033207
99.994810	0.0008634
100.006612	0.0005941
100.018415	0.0001206
100.030219	-0.0006959
100.042023	-0.0005047
100.053828	0.0008647
100.065634	0.0004934
100.077441	0.0003070
100.089248	-0.0003360
100.101056	-0.0004098
100.112865	0.0005888
100.124674	0.0002656
100.136484	0.0001271
100.148295	-0.0008446
100.160106	-0.0001032
100.171918	0.0002000
100.183731	-0.0000702
100.195545	-0.0005494
100.207359	0.0003605
100.219174	0.0007447
100.230990	0.0008118
100.242806	-0.0008390
100.254623	0.0000590
100.266441	-0.0002519
100.278260	0.0007047
100.290079	0.0003765
100.301899	0.0001012
100.313719	-0.0005084
100.325540	-0.0007227
100.337362	-0.0000601
100.349185	-0.0006833
100.361009	0.0003111
100.372833	0.0003727
100.384658	0.0003355
100.396483	-0.0006454
100.408309	-0.0002633
100.420136	-0.0002895
100.431964	-0.0006316
100.443792	0.0000044
100.455621	0.0010175
100.467451	0.0003690
100.479281	0.0001380
100.491112	0.0008240
100.502944	0.0023047
100.514777	0.0050647
100.526610	0.0065948
100.538444	0.0084226
100.550279	0.0104942
100.562114	0.0113840
100.573950	0.0118667
100.585787	0.0117975
100.597624	0.0109848
100.609462	0.0087375
100.621301	0.0074204
100.633141	0.0060398
100.644981	0.0037226
100.656822	0.0032644
100.668664	0.0012443
100.680506	0.0009220
100.692349	0.0018070
100.704193	-0.0000138
100.716037	0.0009926
100.727883	0.0000382
100.739728	0.0003393
100.751575	0.0008554
100.763422	0.0013873
100.775270	-0.0018377
100.787119	-0.0017487
100.798968	-0.0000360
100.810818	-0.0002022
100.822669	-0.0001190
100.834521	-0.0001338
100.846373	0.0002406
100.858226	0.0008217
100.870080	-0.0008804
100.881934	-0.0001039
100.893789	0.0004609
100.905645	-0.0003445
100.917501	-0.0002264
100.929358	-0.0004121
100.941216	-0.0000350
100.953074	-0.0006262
100.964934	0.0005871
100.976794	-0.0003614
100.988654	0.0005332
101.000516	0.0001278
101.012378	0.0005560
101.024240	0.0010526
101.036104	-0.0000378
101.047968	0.0000635
101.059833	0.0010466
101.071698	-0.0003762
101.083565	0.0002816
101.095432	-0.0003987
101.107299	0.0001837
101.119168	-0.0003763
101.131037	0.0003440
101.142906	-0.0001581
101.154777	-0.0004510
101.166648	0.0000033
101.178520	0.0001605
101.190392	0.0001107
101.202266	0.0012877
101.214140	0.0005912
101.226014	0.0010406
101.237890	-0.0004750
101.249766	-0.0006387
101.261643	-0.0002469
101.273520	0.0012139
101.285398	0.0000803
101.297277	-0.0000105
101.309157	0.0002845
101.321037	-0.0006116
101.332918	-0.0008071
101.344800	0.0003346
101.356682	0.0003553
101.368565	0.0014149
101.380449	-0.0002916
101.392334	-0.0002526
101.404219	-0.0007170
101.416105	0.0000819
101.427991	0.0003913
101.439879	-0.0002645
101.451767	-0.0005519
101.463656	-0.0003672
101.475545	-0.0002715
101.487435	0.0003503
101.499326	0.0000120
101.511217	-0.0015654
101.523110	0.0006088
101.535003	-0.0002486
101.546896	0.0015740
101.558791	0.0003114
101.570686	-0.0005627
101.582581	0.0000680
101.594478	-0.0002569
101.606375	-0.0004519
101.618273	0.0001540
101.630171	-0.0005002
101.642071	-0.0003416
101.653971	-0.0002888
101.665871	0.0004662
101.677773	-0.0012458
101.689675	0.0000184
101.701578	-0.0006310
101.713481	-0.0003587
101.725385	-0.0002337
101.737290	0.0000571
101.749196	0.0002698
101.761102	0.0003359
101.773009	-0.0014035
101.784917	-0.0000122
101.796825	0.0008012
101.808734	0.0001683
101.820644	-0.0000467
101.832554	0.0014126
101.844466	0.0013023
101.856378	0.0020229
101.868290	0.0008952
101.880204	0.0014773
101.892118	-0.0003407
101.904032	0.0005491
101.915948	0.0012333
101.927864	0.0002401
101.939781	-0.0003134
101.951698	-0.0000058
101.963616	-0.0000916
101.975535	-0.0003818
101.987455	-0.0004643
101.999375	-0.0000719
102.011296	0.0000614
102.023218	0.0011811
102.035141	-0.0011595
102.047064	-0.0002706
102.058988	-0.0004394
102.070912	-0.0008713
102.082837	-0.0000441
102.094763	-0.0000151
102.106690	0.0006147
102.118617	0.0005852
102.130545	-0.0004765
102.142474	0.0000019
102.154404	-0.0005760
102.166334	-0.0002413
102.178265	0.0006044
102.190196	-0.0006115
102.202128	-0.0001407
102.214061	0.0008675
102.225995	0.0000901
102.237930	-0.0000078
102.249865	-0.0010092
102.261800	0.0001789
102.273737	-0.0004975
102.285674	0.0003986
102.297612	0.0005794
102.309551	-0.0002139
102.321490	0.0004735
102.333430	0.0007603
102.345371	0.0008865
102.357312	0.0007003
102.369254	-0.0008889
102.381197	0.0007644
102.393140	0.0010638
102.405085	0.0000161
102.417030	0.0001364
102.428975	0.0003213
102.440922	0.0005452
102.452869	-0.0001439
102.464816	-0.0000085
102.476765	-0.0000789
102.488714	0.0003586
102.500664	-0.0010457
102.512614	-0.0002223
102.524565	-0.0005422
102.536517	-0.0004951
102.548470	-0.0002888
102.560423	0.0004911
102.572377	0.0003469
102.584332	0.0012499
102.596288	-0.0006706
102.608244	-0.0007328
102.620201	-0.0009406
102.632158	-0.0010341
102.644117	0.0004176
102.656076	0.0011432
102.668035	-0.0001183
102.679996	0.0012749
102.691957	-0.0002441
102.703918	0.0014398
102.715881	0.0001805
102.727844	-0.0003260
102.739808	0.0001946
102.751773	-0.0000030
102.763738	-0.0007893
102.775704	-0.0000023
102.787671	0.0006107
102.799638	-0.0001711
102.811606	0.0000932
102.823575	-0.0001491
102.835544	0.0005425
102.847515	0.0001650
102.859485	0.0010765
102.871457	0.0006686
102.883429	0.0003793
102.895402	0.0001257
102.907376	-0.0005133
102.919351	-0.0001320
102.931326	-0.0000190
102.943301	0.0009065
102.955278	-0.0001922
102.967255	0.0002278
102.979233	0.0007025
102.991212	0.0000942
103.003191	0.0001077
103.015171	-0.0001930
103.027152	0.0001429
103.039133	-0.0005498
103.051116	-0.0004230
103.063098	-0.0000851
103.075082	-0.0013040
103.087066	-0.0006091
103.099051	0.0003623
103.111037	0.0002134
103.123023	-0.0003281
103.135010	-0.0002291
103.146998	-0.0011207
103.158986	-0.0001059
103.170976	-0.0002170
103.182966	0.0004116
103.194956	-0.0002796
103.206947	-0.0008958
103.218939	-0.0009389
103.230932	-0.0001973
103.242925	0.0001070
103.254920	-0.0008080
103.266914	0.0002643
103.278910	0.0001360
103.290906	-0.0007487
103.302903	-0.0011426
103.314900	-0.0001243
103.326899	-0.0006851
103.338898	0.0007357
103.350897	-0.0003915
103.362898	0.0002898
103.374899	0.0004859
103.386901	-0.0000196
103.398903	0.0004615
103.410907	0.0011320
103.422910	0.0000802
103.434915	-0.0009024
103.446920	0.0003049
103.458926	0.0007626
103.470933	0.0012948
103.482941	-0.0007554
103.494949	-0.0009683
103.506958	0.0001427
103.518967	0.0001113
103.530977	0.0001997
103.542988	-0.0002576
103.555000	0.0000907
103.567012	0.0004694
103.579025	0.0012618
103.591039	-0.0000961
103.603054	-0.0000241
103.615069	-0.0002596
103.627085	-0.0002117
103.639101	-0.0008409
103.651118	0.0000570
103.663136	-0.0000248
103.675155	-0.0003028
103.687174	-0.0001463
103.699195	0.0002086
103.711215	-0.0000730
103.723237	-0.0001235
103.735259	-0.0002605
103.747282	-0.0003096
103.759305	0.0004524
103.771330	0.0005981
103.783355	-0.0002081
103.795380	0.0007610
103.807407	-0.0010188
103.819434	0.0003149
103.831462	0.0000822
103.843490	0.0002957
103.855520	-0.0010492
103.867549	0.0002230
103.879580	-0.0002110
103.891611	-0.0003299
103.903643	0.0009205
103.915676	-0.0003589
103.927710	0.0000800
103.939744	-0.0004758
103.951778	0.0001648
103.963814	0.0002151
103.975850	0.0004259
103.987887	-0.0009676
103.999925	-0.0007047
104.011963	0.0008970
104.024002	0.0009369
104.036042	-0.0004337
104.048082	-0.0000981
104.060124	-0.0009112
104.072165	0.0003841
104.084208	0.0004395
104.096251	-0.0005439
104.108295	-0.0004424
104.120340	-0.0002038
104.132385	-0.0005302
104.144431	-0.0002012
104.156478	-0.0003711
104.168525	0.0003018
104.180574	0.0011642
104.192623	0.0004454
104.204672	0.0000345
104.216722	-0.0006918
104.228773	0.0008451
104.240825	-0.0008630
104.252877	0.0003501
104.264931	0.0017571
104.276984	-0.0006607
104.289039	0.0005964
104.301094	-0.0002546
104.313150	-0.0001387
104.325207	-0.0007969
104.337264	0.0004775
104.349322	-0.0003957
104.361381	0.0004365
104.373440	0.0001127
104.385500	0.0002115
104.397561	-0.0004464
104.409622	0.0002930
104.421685	0.0003037
104.433748	-0.0001946
104.445811	-0.0005617
104.457875	-0.0005301
104.469941	-0.0007842
104.482006	0.0006987
104.494073	0.0001771
104.506140	0.0008044
104.518208	0.0008220
104.530276	0.0016807
104.542345	0.0031999
104.554415	0.0037750
104.566486	0.0044588
104.578557	0.0053474
104.590629	0.0043153
104.602702	0.0034437
104.614776	0.0038809
104.626850	0.0040450
104.638925	0.0017998
104.651000	0.0019837
104.663077	0.0014222
104.675154	0.0010210
104.687231	0.0001781
104.699310	0.0008078
104.711389	0.0001164
104.723468	-0.0006811
104.735549	0.0011065
104.747630	0.0001092
104.759712	0.0004485
104.771795	0.0001842
104.783878	0.0000932
104.795962	-0.0005303
104.808047	-0.0000805
104.820132	0.0001323
104.832218	0.0008881
104.844305	-0.0009910
104.856392	-0.0001193
104.868481	0.0001526
104.880570	-0.0001565
104.892659	-0.0002454
104.904749	-0.0009104
104.916840	-0.0002893
104.928932	-0.0006047
104.941025	0.0004292
104.953118	0.0010851
104.965212	0.0003132
104.977306	0.0000498
104.989401	0.0002650
105.001497	-0.0004089
105.013594	0.0001313
105.025691	0.0007139
105.037789	0.0005919
105.049888	0.0012735
105.061988	0.0001217
105.074088	0.0000968
105.086189	0.0005990
105.098290	0.0004426
105.110392	-0.0003607
105.122495	0.0006811
105.134599	-0.0004848
105.146703	0.0002102
105.158808	-0.0006093
105.170914	0.0001428
105.183021	0.0008040
105.195128	-0.0006992
105.207236	0.0005676
105.219344	-0.0003855
105.231454	0.0000664
105.243564	-0.0001940
105.255674	0.0006767
105.267786	-0.0007021
105.279898	0.0000507
105.292010	0.0005124
105.304124	-0.0002255
105.316238	-0.0005504
105.328353	0.0010769
105.340469	0.0004801
105.352585	-0.0000705
105.364702	-0.0008037
105.376820	-0.0001442
105.388938	-0.0003207
105.401057	-0.0001811
105.413177	-0.0004619
105.425298	-0.0000555
105.437419	0.0001003
105.449541	-0.0002676
105.461663	0.0002151
105.473787	-0.0004297
105.485911	-0.0006174
105.498035	0.0010553
105.510161	-0.0004429
105.522287	-0.0000048
105.534414	-0.0003445
105.546541	0.0001916
105.558670	0.0022246
105.570799	0.0025901
105.582928	0.0031669
105.595059	0.0049505
105.607190	0.0061407
105.619321	0.0071100
105.631454	0.0074358
105.643587	0.0060582
105.655721	0.0064493
105.667856	0.0056333
105.679991	0.0031420
105.692127	0.0026655
105.704263	0.0019270
105.716401	0.0022939
105.728539	0.0011785
105.740678	0.0003684
105.752817	0.0000734
105.764957	-0.0010270
105.777098	-0.0000329
105.789240	-0.0000570
105.801382	-0.0009714
105.813525	-0.0013242
105.825669	0.0004157
105.837813	0.0005956
105.849958	-0.0003111
105.862104	-0.0002989
105.874251	-0.0006739
105.886398	-0.0003990
105.898546	0.0010698
105.910694	-0.0003820
105.922844	-0.0007571
105.934994	0.0003936
105.947144	0.0002806
105.959296	-0.0004823
105.971448	0.0001955
105.983601	0.0007084
105.995754	0.0006793
106.007909	0.0002164
106.020064	0.0008948
106.032219	-0.0005466
106.044376	-0.0001887
106.056533	-0.0000338
106.068690	0.0004395
106.080849	0.0004150
106.093008	0.0005273
106.105168	-0.0002498
106.117328	0.0000153
106.129490	0.0000789
106.141652	0.0012829
106.153814	0.0009585
106.165978	0.0012061
106.178142	0.0026613
106.190306	0.0035739
106.202472	0.0037216
106.214638	0.0038152
106.226805	0.0051958
106.238973	0.0029464
106.251141	0.0029947
106.263310	0.0027486
106.275480	0.0009299
106.287650	0.0012938
106.299821	0.0003161
106.311993	0.0007824
106.324165	0.0011217
106.336338	0.0002789
106.348512	0.0008852
106.360687	0.0016308
106.372862	-0.0000617
106.385038	-0.0002225
106.397215	-0.0006759
106.409392	0.0004307
106.421571	0.0008939
106.433749	0.0007857
106.445929	-0.0003029
106.458109	0.0011009
106.470290	-0.0003261
106.482472	-0.0005937
106.494654	0.0002100
106.506837	-0.0000079
106.519021	0.0004030
106.531205	-0.0003506
106.543390	0.0004025
106.555576	0.0002057
106.567763	0.0008113
106.579950	0.0034607
106.592138	0.0032896
106.604327	0.0026679
106.616516	0.0054141
106.628706	0.0051992
106.640897	0.0052833
106.653088	0.0041774
106.665280	0.0041641
106.677473	0.0032010
106.689667	0.0028839
106.701861	0.0028069
106.714056	0.0009128
106.726252	0.0012712
106.738448	0.0004267
106.750645	0.0014430
106.762843	0.0001249
106.775042	0.0002867
106.787241	-0.0010383
106.799441	0.0002035
106.811641	-0.0000338
106.823842	-0.0002065
106.836044	-0.0000862
106.848247	0.0000889
106.860451	0.0000765
106.872655	0.0009954
106.884860	-0.0002049
106.897065	0.0009322
106.909271	0.0003634
106.921478	0.0001827
106.933686	0.0003123
106.945894	-0.0002862
106.958103	0.0011333
106.970313	0.0000580
106.982523	-0.0000155
106.994734	-0.0006577
107.006946	0.0008262
107.019159	0.0010025
107.031372	0.0021367
107.043586	-0.0007772
107.055801	0.0006610
107.068016	-0.0008916
107.080232	-0.0003095
107.092449	0.0007029
107.104666	-0.0000498
107.116884	-0.0009711
107.129103	0.0006054
107.141323	0.0003103
107.153543	0.0002262
107.165764	-0.0010144
107.177986	0.0002591
107.190208	-0.0009058
107.202431	0.0000238
107.214655	-0.0007882
107.226879	0.0005049
107.239104	-0.0005290
107.251330	0.0003554
107.263557	-0.0008066
107.275784	-0.0002237
107.288012	-0.0001512
107.300241	0.0007819
107.312470	-0.0008081
107.324700	0.0001945
107.336931	-0.0013789
107.349163	0.0006292
107.361395	-0.0004565
107.373628	-0.0008673
107.385861	0.0003138
107.398096	0.0009267
107.410331	-0.0000903
107.422566	-0.0005713
107.434803	-0.0004865
107.447040	-0.0000483
107.459278	-0.0001572
107.471516	0.0004200
107.483756	0.0003438
107.495996	0.0012614
107.508236	0.0000079
107.520477	-0.0003031
107.532720	0.0004948
107.544962	-0.0003687
107.557206	0.0007435
107.569450	-0.0005155
107.581695	-0.0005873
107.593940	-0.0001270
107.606186	0.0010317
107.618433	0.0000991
107.630681	0.0000421
107.642929	0.0004435
107.655178	-0.0003759
107.667428	-0.0004292
107.679679	-0.0001662
107.691930	-0.0000965
107.704182	-0.0007859
107.716434	-0.0003974
107.728688	0.0006880
107.740942	-0.0009232
107.753196	-0.0003882
107.765452	0.0007797
107.777708	-0.0002332
107.789965	0.0003385
107.802222	0.0001571
107.814480	0.0004601
107.826739	-0.0001597
107.838999	0.0005217
107.851259	-0.0004781
107.863520	0.0014533
107.875782	-0.0008634
107.888044	0.0007970
107.900307	0.0001440
107.912571	-0.0004548
107.924836	-0.0000450
107.937101	0.0002849
107.949367	0.0000724
107.961633	0.0008173
107.973901	0.0000844
107.986169	0.0000785
107.998437	-0.0004798
108.010707	-0.0004702
108.022977	0.0002690
108.035248	-0.0005404
108.047519	0.0013224
108.059792	-0.0005841
108.072064	0.0007324
108.084338	-0.0006933
108.096612	-0.0002593
108.108888	-0.0008312
108.121163	-0.0001692
108.133440	0.0003000
108.145717	0.0004542
108.157995	-0.0002394
108.170273	-0.0002666
108.182553	0.0000309
108.194833	0.0001921
108.207113	-0.0000642
108.219395	0.0002552
108.231677	0.0006336
108.243959	-0.0003394
108.256243	-0.0001581
108.268527	0.0006293
108.280812	-0.0003637
108.293098	-0.0001553
108.305384	0.0003728
108.317671	-0.0001244
108.329958	0.0010240
108.342247	0.0003767
108.354536	-0.0009251
108.366826	-0.0000626
108.379116	0.0008138
108.391407	-0.0009366
108.403699	-0.0002403
108.415992	-0.0000699
108.428285	-0.0000638
108.440579	-0.0002717
108.452874	-0.0007226
108.465169	0.0001269
108.477466	0.0002487
108.489762	0.0010034
108.502060	-0.0004069
108.514358	0.0002722
108.526657	0.0009623
108.538957	-0.0003382
108.551257	0.0006987
108.563558	-0.0002577
108.575860	0.0007553
108.588162	-0.0003141
108.600465	-0.0010894
108.612769	0.0000605
108.625074	0.0001406
108.637379	-0.0003581
108.649685	-0.0006085
108.661992	-0.0007698
108.674299	-0.0006054
108.686607	-0.0000545
108.698916	0.0007156
108.711225	0.0000333
108.723536	0.0015535
108.735846	-0.0001724
108.748158	0.0007169
108.760470	-0.0003995
108.772783	-0.0004468
108.785097	0.0003426
108.797411	0.0001778
108.809726	0.0002448
108.822042	-0.0003095
108.834359	-0.0009186
108.846676	-0.0000863
108.858994	-0.0005478
108.871312	-0.0001899
108.883632	-0.0001010
108.895952	-0.0000964
108.908272	0.0003737
108.920594	0.0010733
108.932916	0.0001283
108.945239	0.0006942
108.957562	0.0008712
108.969886	0.0018057
108.982211	0.0047441
108.994537	0.0052190
109.006863	0.0066513
109.019190	0.0049495
109.031518	0.0059164
109.043846	0.0063820
109.056176	0.0056190
109.068505	0.0056612
109.080836	0.0035632
109.093167	0.0023109
109.105499	0.0016703
109.117832	0.0006338
109.130165	0.0012287
109.142499	0.0011894
109.154834	-0.0004122
109.167169	0.0000230
109.179506	0.0001103
109.191842	0.0003800
109.204180	0.0004100
109.216518	0.0005479
109.228857	-0.0010382
109.241197	-0.0001137
109.253537	0.0010340
109.265878	0.0006282
109.278220	-0.0006130
109.290563	0.0001151
109.302906	0.0004561
109.315250	0.0005505
109.327594	0.0005816
109.339940	-0.0008898
109.352285	-0.0001134
109.364632	-0.0000989
109.376980	-0.0003024
109.389328	-0.0002116
109.401676	-0.0000085
109.414026	-0.0003124
109.426376	-0.0006631
109.438727	0.0008104
109.451079	-0.0006899
109.463431	-0.0010768
109.475784	-0.0007734
109.488138	-0.0002578
109.500492	0.0006808
109.512847	-0.0001854
109.525203	-0.0008936
109.537560	-0.0003115
109.549917	0.0000504
109.562275	-0.0009535
109.574633	-0.0004730
109.586993	-0.0002189
109.599353	-0.0000590
109.611714	-0.0002101
109.624075	0.0003030
109.636437	0.0002596
109.648800	0.0008276
109.661164	0.0007724
109.673528	0.0008707
109.685893	-0.0006821
109.698258	-0.0000103
109.710625	0.0004232
109.722992	-0.0000669
109.735360	-0.0003787
109.747728	0.0002751
109.760097	0.0002065
109.772467	-0.0001560
109.784838	0.0009733
109.797209	-0.0005511
109.809581	0.0004805
109.821954	-0.0008236
109.834327	-0.0007356
109.846701	0.0010050
109.859076	0.0010958
109.871451	-0.0002663
109.883828	-0.0009843
109.896204	-0.0005987
109.908582	-0.0009776
109.920960	-0.0005959
109.933339	0.0006408
109.945719	-0.0005407
109.958100	0.0006260
109.970481	-0.0000611
109.982862	-0.0006599
109.995245	-0.0003716
110.007628	0.0001437
110.020012	0.0001234
110.032397	0.0011577
110.044782	-0.0000312
110.057168	0.0008147
110.069555	-0.0007931
110.081942	-0.0003068
110.094330	0.0005837
110.106719	0.0007961
110.119109	0.0001770
110.131499	0.0000779
110.143890	0.0018411
110.156282	-0.0009748
110.168674	-0.0001848
110.181067	0.0002237
110.193461	0.0002123
110.205855	0.0003374
110.218250	0.0002186
110.230646	-0.0004072
110.243043	-0.0014348
110.255440	-0.0008233
110.267838	0.0000801
110.280237	0.0001905
110.292636	-0.0002203
110.305036	-0.0003264
110.317437	0.0004246
110.329838	-0.0000767
110.342241	0.0004110
110.354643	0.0013068
110.367047	-0.0000233
110.379451	-0.0000486
110.391856	0.0007656
110.404262	-0.0004761
110.416668	0.0002152
110.429076	0.0002922
110.441483	0.0011487
110.453892	-0.0000366
110.466301	0.0001986
110.478711	-0.0000779
110.491122	-0.0000966
110.503533	-0.0000064
110.515945	0.0005346
110.528358	0.0005439
110.540771	-0.0003814
110.553185	-0.0006346
110.565600	-0.0005256
110.578016	-0.0003652
110.590432	0.0001439
110.602849	0.0003907
110.615266	-0.0006864
110.627685	0.0004748
110.640104	0.0000470
110.652523	0.0004984
110.664944	0.0001074
110.677365	-0.0002994
110.689787	0.0003970
110.702209	-0.0007586
110.714633	0.0004288
110.727057	0.0003109
110.739481	-0.0002887
110.751907	-0.0000050
110.764333	0.0009612
110.776759	0.0004415
110.789187	0.0001162
110.801615	0.0005701
110.814044	-0.0005174
110.826474	-0.0009732
110.838904	0.0008186
110.851335	-0.0002900
110.863767	-0.0001799
110.876199	0.0000558
110.888632	-0.0008043
110.901066	-0.0008161
110.913500	0.0007958
110.925935	0.0000407
110.938371	0.0006129
110.950808	-0.0000531
110.963245	-0.0002092
110.975683	-0.0000090
110.988122	0.0010205
111.000561	0.0003504
111.013002	0.0006889
111.025442	0.0000179
111.037884	-0.0003091
111.050326	0.0000671
111.062769	-0.0003347
111.075213	0.0003034
111.087657	0.0000622
111.100102	-0.0004751
111.112548	0.0010159
111.124994	0.0003992
111.137441	0.0003554
111.149889	-0.0004305
111.162338	-0.0011697
111.174787	0.0002950
111.187237	0.0004176
111.199688	-0.0005360
111.212139	-0.0005742
111.224591	-0.0011345
111.237044	-0.0003196
111.249497	-0.0001448
111.261951	-0.0006290
111.274406	-0.0018191
111.286862	-0.0005339
111.299318	-0.0001654
111.311775	-0.0010621
111.324233	-0.0005400
111.336691	0.0007813
111.349150	-0.0000880
111.361610	0.0015945
111.374070	-0.0002012
111.386532	0.0002669
111.398993	0.0000055
111.411456	-0.0001134
111.423919	0.0007771
111.436383	0.0008396
111.448848	0.0003653
111.461313	0.0006838
111.473779	0.0000686
111.486246	-0.0005769
111.498714	0.0012291
111.511182	0.0004258
111.523651	0.0001151
111.536121	0.0004087
111.548591	-0.0007833
111.561062	-0.0002181
111.573534	0.0001765
111.586006	0.0000404
111.598479	0.0002007
111.610953	0.0005595
111.623427	-0.0011373
111.635903	0.0001642
111.648379	0.0013154
111.660855	0.0004062
111.673333	-0.0003081
111.685811	-0.0008417
111.698289	-0.0009781
111.710769	-0.0010681
111.723249	0.0005113
111.735730	0.0006856
111.748211	0.0001266
111.760694	-0.0006779
111.773177	0.0009908
111.785660	0.0003503
111.798145	0.0003821
111.810630	0.0003132
111.823116	-0.0000264
111.835602	-0.0000786
111.848089	-0.0000633
111.860577	-0.0001022
111.873066	-0.0003283
111.885555	0.0008309
111.898045	-0.0005978
111.910536	0.0000357
111.923027	0.0001957
111.935519	0.0000375
111.948012	-0.0000859
111.960505	-0.0002043
111.973000	0.0002011
111.985494	0.0004309
111.997990	-0.0006200
112.010486	0.0008592
112.022983	0.0007855
112.035481	-0.0000548
112.047979	-0.0008744
112.060479	-0.0007025
112.072978	0.0001841
112.085479	-0.0006383
112.097980	-0.0007838
112.110482	-0.0001045
112.122985	0.0007691
112.135488	0.0006739
112.147992	0.0003727
112.160497	-0.0001714
112.173002	0.0007976
112.185508	-0.0005896
112.198015	0.0014877
112.210523	-0.0002625
112.223031	0.0001494
112.235540	-0.0000898
112.248050	0.0004400
112.260560	-0.0008802
112.273071	0.0006406
112.285583	-0.0009207
112.298095	0.0009849
112.310608	-0.0005486
112.323122	-0.0007605
112.335637	-0.0009898
112.348152	-0.0001906
112.360668	-0.0001613
112.373185	0.0002634
112.385702	0.0000428
112.398220	0.0001712
112.410739	-0.0005016
112.423258	0.0000562
112.435779	-0.0002625
112.448300	0.0011826
112.460821	-0.0008555
112.473343	0.0001457
112.485866	-0.0002976
112.498390	-0.0001362
112.510914	0.0012051
112.523440	-0.0004250
112.535965	0.0000951
112.548492	-0.0007068
112.561019	-0.0002848
112.573547	0.0003976
112.586076	-0.0001971
112.598605	-0.0000368
112.611135	-0.0008385
112.623666	0.0003870
112.636197	0.0003578
112.648729	0.0006084
112.661262	0.0004277
112.673796	-0.0001909
112.686330	0.0000900
112.698865	0.0014227
112.711400	-0.0000363
112.723937	0.0000902
112.736474	-0.0000771
112.749012	-0.0008801
112.761550	-0.0002438
112.774089	-0.0002275
112.786629	0.0000566
112.799170	-0.0001813
112.811711	0.0005711
112.824253	0.0014079
112.836795	-0.0003728
112.849339	0.0003312
112.861883	0.0007214
112.874428	-0.0008711
112.886973	-0.0009207
112.899519	-0.0001156
112.912066	0.0011246
112.924614	0.0038698
112.937162	0.0052564
112.949711	0.0092992
112.962261	0.0172508
112.974811	0.0306601
112.987362	0.0460823
112.999914	0.0653680
113.012466	0.0840488
113.025020	0.1000271
113.037574	0.1085702
113.050128	0.1095545
113.062683	0.1035387
113.075240	0.0917452
113.087796	0.0781404
113.100354	0.0619692
113.112912	0.0462200
113.125471	0.0349820
113.138030	0.0227728
113.150590	0.0147756
113.163151	0.0100741
113.175713	0.0051449
113.188275	0.0035791
113.200838	0.0024800
113.213402	0.0003487
113.225966	0.0002182
113.238532	0.0007913
113.251097	-0.0003597
113.263664	0.0000334
113.276231	-0.0005827
113.288799	-0.0006606
113.301368	-0.0006743
113.313937	0.0001060
113.326507	0.0013645
113.339078	-0.0002749
113.351649	-0.0005196
113.364222	-0.0001789
113.376794	0.0005387
113.389368	0.0000920
113.401942	0.0009418
113.414517	-0.0002813
113.427093	0.0000561
113.439669	0.0000058
113.452246	0.0002948
113.464824	-0.0001198
113.477403	-0.0002087
113.489982	0.0002315
113.502562	-0.0001601
113.515142	-0.0003804
113.527724	0.0000705
113.540306	-0.0003589
113.552888	0.0010992
113.565472	0.0003185
113.578056	-0.0003557
113.590641	0.0007528
113.603226	-0.0007038
113.615812	0.0002876
113.628399	-0.0009372
113.640987	-0.0002877
113.653575	0.0000533
113.666164	0.0002579
113.678754	-0.0004690
113.691344	0.0009513
113.703936	0.0010441
113.716527	0.0003269
113.729120	0.0003820
113.741713	0.0006826
113.754307	0.0002940
113.766902	-0.0003135
113.779497	-0.0001687
113.792093	-0.0004061
113.804690	0.0005760
113.817287	-0.0002824
113.829885	0.0005128
113.842484	-0.0000856
113.855084	0.0000556
113.867684	0.0000715
113.880285	0.0002868
113.892887	0.0004724
113.905489	0.0006467
113.918092	-0.0006917
113.930696	0.0005572
113.943300	0.0008444
113.955906	-0.0006572
113.968511	-0.0002863
113.981118	-0.0003375
113.993725	0.0003593
114.006333	0.0004249
114.018942	0.0002234
114.031551	-0.0002861
114.044161	0.0008959
114.056772	-0.0000791
114.069384	0.0003730
114.081996	0.0000886
114.094609	0.0009118
114.107222	0.0000726
114.119837	-0.0001146
114.132452	-0.0005422
114.145068	-0.0000827
114.157684	0.0000795
114.170301	0.0000812
114.182919	0.0005152
114.195537	0.0002839
114.208157	0.0007799
114.220777	0.0006326
114.233397	0.0000480
114.246019	0.0001887
114.258641	0.0001319
114.271263	-0.0004169
114.283887	0.0002768
114.296511	-0.0002742
114.309136	-0.0007082
114.321761	-0.0007564
114.334388	0.0006204
114.347014	0.0006061
114.359642	0.0014291
114.372270	0.0004138
114.384900	0.0002099
114.397529	0.0001813
114.410160	-0.0004689
114.422791	-0.0005689
114.435423	-0.0001422
114.448055	0.0007122
114.460689	-0.0003044
114.473323	0.0005099
114.485957	0.0007804
114.498593	-0.0003490
114.511229	-0.0004542
114.523866	0.0006430
114.536503	-0.0001808
114.549141	0.0000557
114.561780	0.0004249
114.574420	-0.0002161
114.587060	0.0003006
114.599701	-0.0005061
114.612343	-0.0001514
114.624985	-0.0006362
114.637628	0.0011165
114.650272	-0.0003878
114.662917	0.0000900
114.675562	0.0000190
114.688208	0.0005362
114.700854	-0.0006559
114.713502	-0.0005531
114.726150	0.0001877
114.738798	-0.0000891
114.751448	-0.0002421
114.764098	-0.0002362
114.776749	-0.0002638
114.789400	-0.0000072
114.802052	0.0000874
114.814705	0.0002843
114.827359	-0.0001945
114.840013	0.0003393
114.852668	-0.0001025
114.865324	0.0004663
114.877981	0.0005289
114.890638	0.0002060
114.903296	0.0001280
114.915954	0.0000868
114.928614	0.0002283
114.941273	0.0000467
114.953934	0.0012441
114.966596	0.0009729
114.979258	0.0008693
114.991920	0.0004383
115.004584	0.0002343
115.017248	0.0012400
115.029913	0.0019299
115.042578	0.0010989
115.055245	0.0016994
115.067912	0.0010140
115.080579	0.0019483
115.093248	0.0010133
115.105917	0.0012150
115.118587	0.0000457
115.131257	0.0015629
115.143928	-0.0005285
115.156600	0.0002072
115.169273	0.0000087
115.181946	-0.0000971
115.194620	0.0001578
115.207295	-0.0011038
115.219970	0.0004673
115.232646	-0.0001799
115.245323	-0.0009853
115.258001	-0.0001273
115.270679	-0.0004696
115.283358	0.0001117
115.296038	0.0002870
115.308718	0.0010077
115.321399	0.0001015
115.334081	-0.0007914
115.346763	-0.0004867
115.359446	-0.0001142
115.372130	0.0005969
115.384815	0.0004428
115.397500	-0.0002610
115.410186	0.0000625
115.422873	0.0004098
115.435560	-0.0000965
115.448248	-0.0000032
115.460937	0.0002723
115.473626	-0.0008788
115.486316	-0.0002263
115.499007	-0.0000964
115.511699	0.0009319
115.524391	-0.0007701
115.537084	0.0000629
115.549778	0.0001304
115.562472	-0.0001415
115.575167	-0.0000486
115.587863	0.0005076
115.600560	-0.0003038
115.613257	0.0017002
115.625955	-0.0007660
115.638653	0.0011066
115.651352	-0.0001064
115.664052	-0.0004706
115.676753	-0.0008931
115.689455	0.0002429
115.702157	0.0010866
115.714860	-0.0003485
115.727563	-0.0000649
115.740267	0.0008236
115.752972	0.0008022
115.765678	0.0006926
115.778384	-0.0008746
115.791091	0.0016679
115.803799	0.0001015
115.816507	0.0001685
115.829216	-0.0001968
115.841926	0.0002679
115.854637	0.0010374
115.867348	0.0003669
115.880060	-0.0000398
115.892773	-0.0002052
115.905486	0.0004908
115.918200	0.0003213
115.930915	-0.0000065
115.943630	-0.0000061
115.956346	-0.0006477
115.969063	0.0000569
115.981781	-0.0002513
115.994499	-0.0002071
116.007218	0.0004301
116.019938	-0.0000018
116.032658	0.0001751
116.045379	0.0002508
116.058101	0.0001690
116.070823	0.0003346
116.083547	0.0002484
116.096270	-0.0000978
116.108995	0.0003703
116.121720	0.0000465
116.134446	0.0003926
116.147173	-0.0002811
116.159900	0.0003104
116.172628	0.0002479
116.185357	-0.0002185
116.198087	0.0002717
116.210817	-0.0001494
116.223548	-0.0002757
116.236280	-0.0010335
116.249012	-0.0003765
116.261745	-0.0001165
116.274479	-0.0003689
116.287213	-0.0004720
116.299948	0.0001935
116.312684	-0.0001631
116.325420	-0.0001024
116.338158	0.0006254
116.350896	0.0006582
116.363634	-0.0008937
116.376374	0.0003888
116.389114	-0.0010739
116.401854	-0.0002653
116.414596	0.0005918
116.427338	0.0000022
116.440081	-0.0005684
116.452824	-0.0001132
116.465569	0.0004704
116.478314	-0.0006506
116.491059	0.0017621
116.503806	-0.0010285
116.516553	-0.0010851
116.529300	-0.0002500
116.542049	-0.0000754
116.554798	0.0011481
116.567548	0.0002522
116.580298	-0.0004859
116.593050	0.0006562
116.605802	0.0004075
116.618554	-0.0008606
116.631308	0.0010089
116.644062	0.0001483
116.656817	-0.0006554
116.669572	-0.0003375
116.682328	0.0007335
116.695085	-0.0007755
116.707843	-0.0007371
116.720601	0.0001457
116.733360	0.0006648
116.746120	0.0004892
116.758880	0.0001401
116.771641	-0.0000593
116.784403	0.0002596
116.797166	0.0010793
116.809929	0.0000252
116.822693	-0.0005648
116.835457	0.0003713
116.848223	-0.0002929
116.860989	0.0012920
116.873756	0.0006907
116.886523	0.0012288
116.899291	0.0004437
116.912060	0.0005586
116.924829	-0.0000240
116.937600	0.0008596
116.950371	0.0005793
116.963142	0.0002628
116.975915	0.0001744
116.988688	-0.0001313
117.001461	0.0002577
117.014236	-0.0001082
117.027011	-0.0001089
117.039787	-0.0006424
117.052563	-0.0008114
117.065341	0.0005549
117.078119	-0.0001468
117.090897	-0.0006441
117.103677	-0.0003176
117.116457	-0.0007761
117.129238	0.0003147
117.142019	-0.0001412
117.154801	0.0006840
117.167584	0.0004444
117.180368	-0.0001830
117.193152	-0.0000428
117.205937	0.0006612
117.218723	0.0000902
117.231509	-0.0006223
117.244296	-0.0003329
117.257084	-0.0006101
117.269872	0.0004319
117.282662	0.0005634
117.295452	0.0000918
117.308242	-0.0008800
117.321034	0.0003651
117.333826	0.0014149
117.346618	0.0006105
117.359412	0.0004957
117.372206	-0.0001658
117.385001	-0.0008494
117.397796	-0.0006021
117.410592	-0.0005398
117.423389	0.0004496
117.436187	-0.0004587
117.448985	0.0004947
117.461784	-0.0009248
117.474584	0.0005720
117.487385	-0.0003977
117.500186	0.0004349
117.512988	-0.0001776
117.525790	0.0006802
117.538593	0.0011139
117.551397	-0.0000057
117.564202	-0.0002540
117.577007	0.0005685
117.589813	0.0002689
117.602620	-0.0000281
117.615428	0.0006563
117.628236	0.0002242
117.641045	-0.0002198
117.653854	0.0009428
117.666664	-0.0010097
117.679475	0.0002974
117.692287	-0.0003642
117.705100	-0.0007755
117.717913	-0.0001584
117.730726	-0.0004394
117.743541	-0.0000479
117.756356	0.0001454
117.769172	0.0005905
117.781989	0.0005590
117.794806	-0.0002262
117.807624	0.0002777
117.820443	-0.0007913
117.833262	0.0015128
117.846082	0.0008666
117.858903	-0.0000057
117.871724	0.0000924
117.884547	-0.0008106
117.897370	-0.0002683
117.910193	-0.0001288
117.923018	-0.0000246
117.935843	0.0001202
117.948668	0.0002796
117.961495	-0.0004057
117.974322	0.0010416
117.987150	-0.0001606
117.999978	-0.0005439
118.012807	0.0004927
118.025637	-0.0009244
118.038468	-0.0001456
118.051299	0.0001849
118.064131	0.0000649
118.076964	0.0010130
118.089798	0.0011983
118.102632	0.0003197
118.115467	-0.0002355
118.128302	0.0004006
118.141139	0.0005389
118.153976	-0.0010172
118.166813	0.0005810
118.179652	0.0008261
118.192491	-0.0005521
118.205330	0.0004260
118.218171	0.0002879
118.231012	-0.0000723
118.243854	-0.0001872
118.256697	0.0008161
118.269540	-0.0005835
118.282384	-0.0000261
118.295229	0.0009654
118.308074	0.0000945
118.320920	-0.0002679
118.333767	-0.0002461
118.346614	0.0011256
118.359463	-0.0005878
118.372311	0.0008848
118.385161	0.0013465
118.398011	0.0003119
118.410862	-0.0004238
118.423714	-0.0017212
118.436567	0.0006629
118.449420	0.0006775
118.462273	-0.0003119
118.475128	0.0001273
118.487983	-0.0005625
118.500839	0.0001983
118.513696	-0.0006590
118.526553	0.0008413
118.539411	-0.0004059
118.552270	0.0001700
118.565129	0.0007465
118.577990	-0.0003860
118.590850	-0.0004073
118.603712	-0.0005089
118.616574	0.0012267
118.629437	0.0002867
118.642301	0.0005509
118.655165	-0.0005862
118.668030	0.0005505
118.680896	0.0000205
118.693762	-0.0008217
118.706630	-0.0000463
118.719498	0.0010917
118.732366	0.0000787
118.745235	0.0004628
118.758105	-0.0001573
118.770976	0.0000145
118.783847	0.0001102
118.796720	-0.0001864
118.809592	0.0008468
118.822466	0.0005059
118.835340	-0.0003331
118.848215	-0.0009342
118.861090	0.0015371
118.873967	0.0000391
118.886844	0.0004128
118.899721	-0.0000154
118.912600	-0.0003197
118.925479	-0.0007991
118.938359	-0.0010585
118.951239	-0.0005332
118.964121	0.0001470
118.977002	0.0004268
118.989885	-0.0000725
119.002768	-0.0006493
119.015652	-0.0008143
119.028537	0.0006791
119.041423	0.0004825
119.054309	-0.0007129
119.067196	-0.0003335
119.080083	-0.0009412
119.092971	0.0005546
119.105860	0.0003882
119.118750	0.0002495
119.131640	-0.0011321
119.144531	-0.0001538
119.157423	0.0001458
119.170316	-0.0002902
119.183209	0.0002098
119.196103	-0.0000872
119.208997	0.0001905
119.221892	-0.0000276
119.234788	0.0000213
119.247685	0.0007242
119.260582	0.0005131
119.273481	0.0000196
119.286379	-0.0013044
119.299279	0.0003107
119.312179	-0.0003404
119.325080	0.0007301
119.337981	-0.0001097
119.350884	-0.0011810
119.363787	-0.0002028
119.376690	-0.0001536
119.389595	-0.0002761
119.402500	-0.0010299
119.415406	-0.0001377
119.428312	-0.0005555
119.441220	-0.0000745
119.454127	0.0006148
119.467036	0.0002086
119.479945	-0.0001990
119.492855	0.0003592
119.505766	-0.0005970
119.518678	-0.0014946
119.531590	-0.0001978
119.544502	-0.0005246
119.557416	0.0009768
119.570330	-0.0000438
119.583245	0.0002258
119.596161	-0.0000018
119.609077	0.0001947
119.621994	0.0001258
119.634912	-0.0001628
119.647830	-0.0000048
119.660750	0.0006364
119.673669	0.0005313
119.686590	0.0008894
119.699511	0.0002553
119.712433	-0.0001135
119.725356	-0.0004606
119.738279	0.0007897
119.751203	-0.0001819
119.764128	-0.0001545
119.777053	-0.0006426
119.789980	0.0000509
119.802907	-0.0003738
119.815834	0.0010580
119.828762	-0.0000575
119.841691	0.0006987
119.854621	0.0000225
119.867551	0.0003022
119.880483	0.0000330
119.893414	0.0007356
119.906347	0.0003293
119.919280	-0.0000505
119.932214	-0.0005500
119.945149	-0.0001144
119.958084	-0.0000451
119.971020	0.0000091
119.983957	0.0012416
119.996894	0.0001268
120.009832	0.0008964
120.022771	0.0003883
120.035710	0.0001369
120.048651	-0.0000095
120.061592	0.0008139
120.074533	0.0003889
120.087475	0.0004283
120.100419	-0.0002684
120.113362	-0.0001374
120.126307	0.0003569
120.139252	-0.0013425
120.152198	0.0005811
120.165144	0.0000893
120.178091	-0.0007428
120.191039	0.0001400
120.203988	0.0000853
120.216937	-0.0004573
120.229887	-0.0001118
120.242838	0.0003416
120.255790	-0.0003166
120.268742	0.0002506
120.281695	-0.0007498
120.294648	0.0000876
120.307603	0.0008648
120.320558	-0.0009862
120.333513	-0.0009641
120.346470	0.0010286
120.359427	-0.0002249
120.372384	0.0004287
120.385343	-0.0001880
120.398302	-0.0000582
120.411262	0.0004710
120.424223	0.0000869
120.437184	0.0004673
120.450146	0.0004946
120.463109	0.0002294
120.476072	0.0006248
120.489036	-0.0001797
120.502001	0.0007358
120.514966	0.0003091
120.527933	0.0003801
120.540900	0.0017288
120.553867	0.0008776
120.566835	0.0000093
120.579804	0.0003178
120.592774	0.0001301
120.605745	0.0007695
120.618716	0.0014256
120.631688	0.0001936
120.644660	-0.0002788
120.657633	0.0000786
120.670607	0.0001714
120.683582	-0.0006816
120.696557	0.0011987
120.709533	-0.0010265
120.722510	-0.0000302
120.735488	0.0000753
120.748466	-0.0007776
120.761445	0.0000918
120.774424	0.0008179
120.787404	0.0007368
120.800385	0.0009868
120.813367	-0.0005077
120.826349	-0.0008560
120.839332	0.0004215
120.852316	-0.0003925
120.865301	-0.0007125
120.878286	0.0005697
120.891272	0.0011690
120.904258	0.0001038
120.917246	0.0004390
120.930234	-0.0003044
120.943222	-0.0000562
120.956212	0.0010635
120.969202	0.0001685
120.982192	0.0014445
120.995184	-0.0010904
121.008176	-0.0001091
121.021169	0.0003951
121.034163	0.0002842
121.047157	-0.0008106
121.060152	0.0001346
121.073148	0.0006998
121.086144	-0.0001164
121.099141	0.0001323
121.112139	0.0001539
121.125138	-0.0006905
121.138137	0.0002785
121.151137	-0.0007612
121.164137	-0.0003924
121.177139	0.0007670
121.190141	-0.0002286
121.203143	-0.0006494
121.216147	0.0001351
121.229151	0.0001030
121.242156	0.0008659
121.255161	-0.0002302
121.268168	0.0004645
121.281175	-0.0002695
121.294182	-0.0008308
121.307191	0.0002057
121.320200	0.0005849
121.333209	0.0000722
121.346220	-0.0014420
121.359231	0.0010831
121.372243	-0.0006106
121.385256	-0.0009113
121.398269	0.0004088
121.411283	0.0004537
121.424297	-0.0003339
121.437313	0.0003865
121.450329	0.0005417
121.463346	-0.0000442
121.476363	0.0016775
121.489381	-0.0001215
121.502400	0.0015172
121.515420	-0.0003756
121.528440	0.0001578
121.541461	0.0015087
121.554483	0.0006466
121.567505	0.0001167
121.580528	-0.0001387
121.593552	-0.0003049
121.606577	0.0004227
121.619602	0.0009382
121.632628	-0.0000392
121.645654	0.0006861
121.658682	-0.0001156
121.671710	-0.0006055
121.684738	-0.0001561
121.697768	-0.0002984
121.710798	0.0000710
121.723829	-0.0005903
121.736860	-0.0004865
121.749893	-0.0012128
121.762926	-0.0002750
121.775959	-0.0008223
121.788994	0.0005229
121.802029	-0.0010948
121.815064	-0.0002421
121.828101	-0.0001804
121.841138	-0.0000706
121.854176	-0.0010740
121.867214	0.0004911
121.880254	-0.0009100
121.893294	-0.0013185
121.906334	-0.0003023
121.919376	-0.0004461
121.932418	-0.0008594
121.945460	0.0000623
121.958504	0.0004819
121.971548	-0.0005665
121.984593	0.0007620
121.997639	0.0005186
122.010685	-0.0011628
122.023732	0.0012368
122.036780	0.0001347
122.049828	-0.0006712
122.062877	-0.0010776
122.075927	-0.0004518
122.088977	-0.0001898
122.102028	0.0004937
122.115080	-0.0006476
122.128133	0.0002573
122.141186	-0.0001894
122.154240	0.0003241
122.167295	-0.0005993
122.180350	-0.0006950
122.193407	0.0005699
122.206463	0.0000437
122.219521	0.0004851
122.232579	0.0001438
122.245638	0.0000526
122.258698	0.0008062
122.271758	-0.0003195
122.284819	0.0002311
122.297881	0.0003704
122.310943	0.0001192
122.324006	0.0003797
122.337070	-0.0002699
122.350135	-0.0004382
122.363200	-0.0001972
122.376266	-0.0006702
122.389333	0.0007410
122.402400	-0.0000207
122.415468	-0.0002639
122.428537	0.0000796
122.441606	-0.0001903
122.454676	0.0004152
122.467747	-0.0001760
122.480819	-0.0007822
122.493891	-0.0002538
122.506964	0.0003845
122.520038	0.0012265
122.533112	0.0005357
122.546187	-0.0004662
122.559263	-0.0004890
122.572340	-0.0002575
122.585417	-0.0004546
122.598495	0.0003493
122.611573	-0.0001351
122.624652	-0.0000008
122.637732	0.0000853
122.650813	0.0001685
122.663895	-0.0003902
122.676977	0.0003158
122.690060	-0.0002148
122.703143	-0.0006552
122.716227	0.0015456
122.729312	-0.0003605
122.742398	-0.0002632
122.755484	-0.0004182
122.768571	-0.0002046
122.781659	-0.0000138
122.794747	0.0001729
122.807836	0.0010918
122.820926	-0.0002471
122.834017	-0.0005165
122.847108	-0.0001023
122.860200	-0.0001289
122.873293	-0.0002646
122.886386	0.0002796
122.899480	0.0000189
122.912575	0.0006000
122.925670	0.0003111
122.938766	0.0004404
122.951863	0.0013684
122.964961	0.0006042
122.978059	0.0000746
122.991158	0.0000288
123.004258	0.0002878
123.017358	-0.0002439
123.030459	0.0002651
123.043561	-0.0002729
123.056663	0.0010196
123.069766	0.0003811
123.082870	-0.0003042
123.095975	0.0006365
123.109080	0.0011898
123.122186	-0.0002604
123.135293	0.0011177
123.148400	0.0000955
123.161508	0.0000180
123.174617	-0.0005803
123.187727	0.0002839
123.200837	0.0003502
123.213948	0.0002512
123.227059	0.0005824
123.240172	-0.0001795
123.253285	0.0003026
123.266398	-0.0000387
123.279513	0.0001192
123.292628	0.0002664
123.305744	0.0002467
123.318860	-0.0001622
123.331978	-0.0002034
123.345096	-0.0000803
123.358214	-0.0004311
123.371333	0.0006255
123.384454	0.0003705
123.397574	-0.0008227
123.410696	0.0005050
123.423818	0.0002413
123.436941	0.0000521
123.450064	0.0001792
123.463188	0.0001378
123.476313	-0.0003714
123.489439	0.0007405
123.502565	-0.0003509
123.515692	-0.0005778
123.528820	0.0010345
123.541949	0.0001309
123.555078	-0.0000573
123.568208	-0.0008050
123.581338	-0.0006229
123.594470	0.0003022
123.607602	0.0008263
123.620734	-0.0001117
123.633868	0.0004317
123.647002	0.0004393
123.660137	0.0000999
123.673272	0.0005348
123.686408	-0.0007615
123.699545	0.0001830
123.712683	-0.0003211
123.725821	0.0009106
123.738960	0.0013323
123.752100	0.0032665
123.765240	0.0019526
123.778381	0.0033005
123.791523	0.0037303
123.804666	0.0024841
123.817809	0.0028287
123.830953	0.0026699
123.844097	0.0011475
123.857243	0.0016473
123.870389	0.0011793
123.883535	0.0016467
123.896683	0.0005819
123.909831	0.0002513
123.922980	0.0001084
123.936129	0.0006112
123.949280	0.0010015
123.962430	0.0007793
123.975582	-0.0010118
123.988734	-0.0007535
124.001887	-0.0000715
124.015041	0.0003203
124.028196	0.0012579
124.041351	0.0005573
124.054507	0.0007920
124.067663	0.0014940
124.080821	0.0000142
124.093979	-0.0013991
124.107137	0.0004166
124.120297	-0.0000674
124.133457	-0.0002726
124.146617	-0.0003394
124.159779	0.0008964
124.172941	0.0002006
124.186104	0.0001392
124.199268	-0.0005113
124.212432	0.0000707
124.225597	0.0010813
124.238762	-0.0004997
124.251929	0.0001515
124.265096	-0.0002290
124.278264	0.0011043
124.291432	-0.0001354
124.304601	-0.0002667
124.317771	0.0000697
124.330942	-0.0005227
124.344113	-0.0004268
124.357285	-0.0005027
124.370458	-0.0004698
124.383631	0.0001083
124.396806	-0.0001960
124.409980	-0.0003978
124.423156	0.0003332
124.436332	0.0006983
124.449509	0.0011374
124.462687	-0.0008738
124.475865	0.0008572
124.489044	-0.0005338
124.502224	-0.0006467
124.515404	0.0000727
124.528585	-0.0003106
124.541767	0.0003637
124.554950	0.0006657
124.568133	-0.0001777
124.581317	0.0018169
124.594502	-0.0000679
124.607687	-0.0001773
124.620873	-0.0006015
124.634060	-0.0002754
124.647247	-0.0000195
124.660436	-0.0002231
124.673624	-0.0000930
124.686814	-0.0002734
124.700004	-0.0006929
124.713195	-0.0001869
124.726387	0.0004726
124.739579	0.0003461
124.752772	0.0001708
124.765966	0.0002789
124.779161	0.0009446
124.792356	0.0007366
124.805552	0.0008483
124.818748	0.0005108
124.831946	0.0003908
124.845144	0.0009613
124.858342	-0.0015165
124.871542	0.0005113
124.884742	0.0003686
124.897943	-0.0004805
124.911144	-0.0014922
124.924346	0.0004941
124.937549	-0.0001661
124.950753	0.0003803
124.963957	0.0001282
124.977162	-0.0001364
124.990368	-0.0004009
125.003574	0.0003533
125.016782	0.0005557
125.029989	-0.0002004
125.043198	-0.0007356
125.056407	0.0000741
125.069617	-0.0003594
125.082828	0.0003788
125.096039	-0.0007590
125.109251	0.0002039
125.122464	-0.0007765
125.135677	-0.0010295
125.148892	0.0002851
125.162106	0.0000413
125.175322	-0.0000951
125.188538	-0.0005128
125.201755	-0.0003492
125.214973	-0.0000842
125.228191	0.0001320
125.241410	-0.0003685
125.254630	0.0007312
125.267851	-0.0002523
125.281072	-0.0001624
125.294294	0.0015664
125.307516	0.0008176
125.320740	0.0000397
125.333963	-0.0001199
125.347188	0.0004811
125.360414	-0.0003918
125.373640	-0.0010501
125.386866	0.0006487
125.400094	-0.0002899
125.413322	-0.0000354
125.426551	0.0002584
125.439781	0.0005609
125.453011	0.0006779
125.466242	-0.0004792
125.479474	0.0006660
125.492706	0.0006573
125.505939	0.0004250
125.519173	-0.0004946
125.532408	-0.0002511
125.545643	-0.0004344
125.558879	0.0005482
125.572115	0.0002929
125.585353	0.0000795
125.598591	0.0004010
125.611830	-0.0000792
125.625069	-0.0000572
125.638309	0.0001379
125.651550	-0.0000336
125.664792	0.0004981
125.678034	0.0004235
125.691277	-0.0003624
125.704520	-0.0007514
125.717765	0.0006167
125.731010	-0.0003612
125.744256	0.0013095
125.757502	0.0009813
125.770749	-0.0000999
125.783997	-0.0000108
125.797246	-0.0011902
125.810495	-0.0001237
125.823745	0.0001390
125.836996	-0.0007174
125.850247	-0.0003893
125.863499	-0.0003352
125.876752	0.0006559
125.890005	-0.0006069
125.903260	-0.0013591
125.916514	0.0001745
125.929770	0.0012105
125.943026	-0.0006171
125.956283	-0.0002247
125.969541	-0.0001696
125.982800	0.0001545
125.996059	0.0013886
126.009318	-0.0009646
126.022579	0.0004599
126.035840	-0.0001189
126.049102	0.0015530
126.062365	0.0003670
126.075628	0.0003231
126.088892	-0.0004190
126.102157	-0.0003052
126.115422	-0.0007946
126.128688	-0.0007653
126.141955	-0.0011066
126.155223	0.0002645
126.168491	0.0001353
126.181760	0.0001776
126.195030	-0.0000051
126.208300	-0.0005712
126.221571	-0.0000622
126.234843	-0.0008189
126.248115	0.0001311
126.261388	0.0000221
126.274662	-0.0007249
126.287937	-0.0003279
126.301212	0.0000347
126.314488	-0.0007404
126.327765	0.0001037
126.341042	-0.0001377
126.354320	-0.0003876
126.367599	0.0004058
126.380878	0.0008151
126.394159	-0.0007842
126.407439	-0.0010998
126.420721	0.0002986
126.434003	0.0006720
126.447286	0.0001611
126.460570	0.0000068
126.473854	0.0002440
126.487140	-0.0005579
126.500425	-0.0000603
126.513712	-0.0006320
126.526999	-0.0000952
126.540287	0.0001102
126.553576	0.0001954
126.566865	-0.0000503
126.580155	0.0006507
126.593446	0.0001421
126.606737	0.0007940
126.620029	-0.0007742
126.633322	-0.0002170
126.646615	0.0009528
126.659910	-0.0002089
126.673205	-0.0009001
126.686500	0.0005605
126.699797	-0.0003101
126.713094	0.0001000
126.726391	-0.0000008
126.739690	-0.0004822
126.752989	0.0001601
126.766289	0.0006690
126.779589	-0.0012699
126.792891	0.0008110
126.806193	0.0002873
126.819495	0.0001340
126.832799	0.0001258
126.846103	-0.0002236
126.859407	0.0011661
126.872713	-0.0009958
126.886019	-0.0001362
126.899326	-0.0004000
126.912634	-0.0002769
126.925942	0.0002577
126.939251	-0.0001976
126.952561	0.0003365
126.965871	-0.0008237
126.979182	-0.0015852
126.992494	-0.0006330
127.005806	0.0000579
127.019119	0.0003056
127.032433	0.0002691
127.045748	-0.0004769
127.059063	-0.0000001
127.072379	0.0002929
127.085696	0.0004082
127.099013	0.0003517
127.112332	0.0003176
127.125650	0.0016985
127.138970	0.0007418
127.152290	-0.0002012
127.165611	-0.0012421
127.178933	-0.0007304
127.192255	-0.0000312
127.205578	-0.0004068
127.218902	-0.0003471
127.232226	0.0001279
127.245551	0.0002743
127.258877	0.0001069
127.272204	-0.0013255
127.285531	-0.0003610
127.298859	-0.0001665
127.312188	0.0011556
127.325517	-0.0009891
127.338847	-0.0000584
127.352178	0.0006557
127.365509	0.0007120
127.378841	-0.0001319
127.392174	0.0006599
127.405508	0.0003897
127.418842	0.0009025
127.432177	-0.0000668
127.445513	-0.0010632
127.458849	0.0000736
127.472186	0.0000456
127.485524	0.0002627
127.498862	0.0002209
127.512202	-0.0009461
127.525541	-0.0001941
127.538882	0.0005051
127.552223	0.0013845
127.565565	-0.0006265
127.578908	0.0001044
127.592251	-0.0008924
127.605595	-0.0014183
127.618940	-0.0013800
127.632286	-0.0001357
127.645632	-0.0011466
127.658979	0.0006491
127.672327	0.0008127
127.685675	-0.0004278
127.699024	0.0001163
127.712374	0.0004988
127.725724	0.0000731
127.739075	0.0000123
127.752427	0.0006647
127.765779	-0.0002526
127.779133	-0.0007714
127.792487	0.0011758
127.805841	-0.0010045
127.819197	-0.0002666
127.832553	-0.0001388
127.845909	0.0003989
127.859267	-0.0002201
127.872625	0.0008282
127.885984	0.0006043
127.899343	-0.0001692
127.912704	0.0003071
127.926065	-0.0000290
127.939426	-0.0001336
127.952789	0.0005639
127.966152	-0.0009201
127.979516	0.0005676
127.992880	-0.0009599
128.006245	-0.0005508
128.019611	0.0007621
128.032978	0.0005208
128.046345	-0.0005529
128.059713	0.0008139
128.073082	0.0009514
128.086451	0.0008842
128.099821	-0.0005891
128.113192	0.0006512
128.126563	-0.0001921
128.139936	0.0012002
128.153308	-0.0002066
128.166682	0.0007856
128.180056	0.0003406
128.193431	-0.0003222
128.206807	0.0000062
128.220183	-0.0004092
128.233561	-0.0003358
128.246938	-0.0004465
128.260317	0.0012497
128.273696	0.0001794
128.287076	-0.0009943
128.300457	0.0004554
128.313838	-0.0008940
128.327220	-0.0005611
128.340603	0.0007212
128.353986	0.0001211
128.367370	-0.0002201
128.380755	0.0007844
128.394141	-0.0003523
128.407527	-0.0011965
128.420914	0.0002645
128.434302	-0.0003826
128.447690	-0.0002712
128.461079	0.0003582
128.474469	0.0007281
128.487859	0.0005519
128.501250	-0.0013859
128.514642	0.0009907
128.528035	-0.0001025
128.541428	0.0003285
128.554822	-0.0002530
128.568217	0.0011764
128.581612	-0.0003863
128.595008	-0.0000748
128.608405	-0.0007687
128.621802	-0.0006652
128.635201	0.0001367
128.648600	0.0005856
128.661999	-0.0000473
128.675399	-0.0001023
128.688800	-0.0004338
128.702202	-0.0002959
128.715604	0.0004906
128.729008	-0.0003393
128.742411	0.0002668
128.755816	-0.0010369
128.769221	-0.0002045
128.782627	0.0008751
128.796034	-0.0002504
128.809441	-0.0000968
128.822849	0.0005470
128.836258	0.0005394
128.849667	-0.0002048
128.863077	0.0000408
128.876488	-0.0008816
128.889900	-0.0000422
128.903312	0.0000349
128.916725	-0.0001734
128.930138	-0.0001033
128.943553	-0.0002559
128.956968	0.0000913
128.970384	-0.0002947
128.983800	0.0002998
128.997217	-0.0001102
129.010635	0.0001892
129.024054	-0.0002181
129.037473	0.0003862
129.050893	-0.0001031
129.064313	0.0000773
129.077735	0.0010834
129.091157	0.0001262
129.104580	-0.0001507
129.118003	0.0005160
129.131427	-0.0008423
129.144852	0.0002329
129.158278	-0.0008179
129.171704	0.0006799
129.185131	-0.0001409
129.198559	-0.0003407
129.211987	0.0001128
129.225416	0.0001385
129.238846	-0.0002007
129.252276	0.0000857
129.265708	-0.0003470
129.279140	-0.0004444
129.292572	0.0004482
129.306005	-0.0003801
129.319440	0.0002974
129.332874	0.0009587
129.346310	0.0013447
129.359746	-0.0007160
129.373183	0.0000262
129.386620	-0.0010723
129.400058	0.0005351
129.413497	0.0005149
129.426937	0.0005714
129.440377	-0.0002404
129.453818	0.0014094
129.467260	0.0005392
129.480702	0.0002416
129.494146	-0.0005713
129.507589	-0.0003568
129.521034	0.0006679
129.534479	-0.0003217
129.547925	0.0004626
129.561372	0.0001589
129.574819	0.0001252
129.588267	-0.0002777
129.601716	-0.0014444
129.615165	0.0005684
129.628616	0.0006128
129.642066	0.0003013
129.655518	-0.0007383
129.668970	-0.0009875
129.682423	0.0000108
129.695877	0.0003879
129.709331	-0.0002566
129.722786	0.0008177
129.736242	0.0004221
129.749699	0.0006035
129.763156	0.0003995
129.776614	-0.0003503
129.790072	-0.0002440
129.803532	-0.0001206
129.816992	0.0001330
129.830452	0.0002645
129.843914	0.0007271
129.857376	-0.0012112
129.870839	-0.0002423
129.884302	-0.0006569
129.897766	0.0005025
129.911231	-0.0002925
129.924697	-0.0001088
129.938163	0.0011592
129.951630	0.0000832
129.965098	-0.0006268
129.978566	0.0005933
129.992036	0.0003789
130.005505	-0.0008249
130.018976	-0.0003205
130.032447	0.0012305
130.045919	0.0005299
130.059392	-0.0005452
130.072865	0.0001723
130.086339	0.0002915
130.099814	0.0002387
130.113289	-0.0001169
130.126765	-0.0003711
130.140242	-0.0008219
130.153720	0.0006817
130.167198	0.0008332
130.180677	0.0010538
130.194157	0.0003879
130.207637	0.0004138
130.221118	0.0001128
130.234600	0.0002600
130.248082	0.0000151
130.261566	-0.0006517
130.275049	0.0002231
130.288534	-0.0001060
130.302019	0.0003351
130.315505	-0.0001663
130.328992	0.0004472
130.342479	-0.0001607
130.355967	-0.0007972
130.369456	-0.0003573
130.382946	-0.0004240
130.396436	0.0007785
130.409927	-0.0001254
130.423418	0.0000043
130.436911	0.0005411
130.450404	0.0002671
130.463898	-0.0003418
130.477392	0.0001210
130.490887	-0.0003582
130.504383	0.0012463
130.517879	0.0000072
130.531377	-0.0002430
130.544875	-0.0002237
130.558373	0.0007080
130.571873	-0.0002648
130.585373	-0.0002748
130.598873	-0.0005197
130.612375	-0.0002520
130.625877	-0.0000547
130.639380	-0.0005137
130.652883	-0.0009909
130.666388	0.0000289
130.679892	0.0006022
130.693398	0.0005047
130.706904	0.0003782
130.720412	-0.0006137
130.733919	0.0008349
130.747428	0.0006933
130.760937	0.0000667
130.774447	0.0009268
130.787957	-0.0001588
130.801469	-0.0002773
130.814981	0.0001597
130.828493	-0.0002882
130.842007	-0.0002447
130.855521	-0.0001328
130.869036	-0.0001326
130.882551	0.0001968
130.896067	0.0004281
130.909584	-0.0003615
130.923102	0.0017261
130.936620	0.0038108
130.950139	0.0067082
130.963659	0.0118550
130.977179	0.0201053
130.990700	0.0329969
131.004222	0.0469701
131.017745	0.0604840
131.031268	0.0708587
131.044792	0.0763966
131.058316	0.0807248
131.071842	0.0764336
131.085368	0.0699741
131.098894	0.0601766
131.112422	0.0479191
131.125950	0.0375226
131.139479	0.0305864
131.153008	0.0199837
131.166538	0.0126679
131.180069	0.0087839
131.193601	0.0051037
131.207133	0.0023015
131.220666	0.0005597
131.234200	0.0003660
131.247735	0.0000378
131.261270	0.0011371
131.274806	0.0000328
131.288342	0.0003386
131.301880	0.0005564
131.315417	-0.0000108
131.328956	0.0002687
131.342496	0.0018137
131.356036	-0.0002828
131.369576	-0.0000833
131.383118	-0.0003070
131.396660	0.0014302
131.410203	0.0003109
131.423746	-0.0000258
131.437291	-0.0006250
131.450836	0.0011832
131.464381	0.0003565
131.477928	0.0011087
131.491475	0.0002453
131.505023	0.0003263
131.518571	-0.0005615
131.532120	-0.0003019
131.545670	0.0004956
131.559221	-0.0008047
131.572772	0.0011061
131.586324	-0.0004445
131.599877	0.0001032
131.613430	-0.0001412
131.626984	0.0005109
131.640539	-0.0000265
131.654095	0.0002666
131.667651	0.0005193
131.681208	-0.0001662
131.694766	-0.0006838
131.708324	0.0010090
131.721883	-0.0004083
131.735443	0.0006215
131.749003	0.0007336
131.762564	-0.0005300
131.776126	0.0002162
131.789689	-0.0004049
131.803252	0.0000619
131.816816	-0.0002310
131.830381	-0.0005403
131.843946	0.0001155
131.857512	0.0008813
131.871079	0.0000277
131.884646	0.0000550
131.898214	-0.0003063
131.911783	0.0011900
131.925353	-0.0001506
131.938923	-0.0003626
131.952494	0.0003435
131.966066	0.0002368
131.979638	0.0002909
131.993211	0.0000318
132.006785	0.0005264
132.020360	-0.0000570
132.033935	0.0000914
132.047511	0.0011973
132.061087	-0.0000173
132.074664	0.0004628
132.088242	0.0001360
132.101821	-0.0004596
132.115401	0.0006843
132.128981	-0.0000216
132.142562	-0.0005239
132.156143	0.0005118
132.169725	-0.0003541
132.183308	0.0000484
132.196892	0.0009119
132.210476	-0.0005363
132.224061	-0.0011894
132.237647	-0.0000471
132.251233	0.0002204
132.264820	0.0006738
132.278408	-0.0011661
132.291997	0.0010712
132.305586	0.0001007
132.319176	-0.0000210
132.332767	-0.0006173
132.346358	0.0000439
132.359950	0.0000343
132.373543	-0.0005164
132.387136	-0.0000564
132.400730	0.0003969
132.414325	-0.0002649
132.427921	0.0004316
132.441517	-0.0008930
132.455114	0.0002725
132.468712	-0.0002353
132.482310	0.0002953
132.495909	0.0002825
132.509509	0.0008114
132.523109	-0.0004773
132.536711	-0.0000514
132.550312	-0.0004197
132.563915	0.0004370
132.577518	-0.0006661
132.591122	-0.0003825
132.604727	-0.0002896
132.618332	-0.0005070
132.631938	-0.0004570
132.645545	0.0003816
132.659153	-0.0006612
132.672761	0.0005392
132.686370	0.0001877
132.699980	0.0001646
132.713590	-0.0004849
132.727201	-0.0005979
132.740813	-0.0006384
132.754425	-0.0006084
132.768038	-0.0006754
132.781652	-0.0012648
132.795266	0.0005687
132.808882	-0.0000986
132.822498	-0.0002872
132.836114	0.0005393
132.849732	-0.0006264
132.863350	-0.0009505
132.876968	-0.0000650
132.890588	-0.0001762
132.904208	-0.0003900
132.917829	0.0001518
132.931450	-0.0003684
132.945073	0.0004233
132.958696	-0.0004749
132.972319	0.0008155
132.985944	-0.0004996
132.999569	0.0014397
133.013194	0.0009831
133.026821	0.0011282
133.040448	0.0014653
133.054076	0.0011965
133.067704	0.0011172
133.081334	0.0012004
133.094964	0.0011715
133.108594	-0.0002444
133.122226	0.0008237
133.135858	0.0004329
133.149491	-0.0004292
133.163124	0.0005166
133.176758	0.0005928
133.190393	0.0002690
133.204029	-0.0004946
133.217665	0.0000028
133.231302	0.0002180
133.244940	0.0006278
133.258578	0.0002794
133.272217	0.0005696
133.285857	0.0004768
133.299498	-0.0000490
133.313139	0.0002035
133.326781	0.0006379
133.340423	-0.0003473
133.354067	0.0008108
133.367711	-0.0001937
133.381356	-0.0006974
133.395001	-0.0001268
133.408647	-0.0004394
133.422294	-0.0002351
133.435941	0.0007159
133.449590	0.0004289
133.463239	-0.0001932
133.476888	0.0013450
133.490539	0.0029861
133.504190	0.0036964
133.517841	0.0050702
133.531494	0.0085856
133.545147	0.0071384
133.558801	0.0104301
133.572455	0.0104156
133.586111	0.0096121
133.599767	0.0086432
133.613423	0.0072078
133.627081	0.0058674
133.640739	0.0046301
133.654398	0.0035712
133.668057	0.0029429
133.681717	0.0012621
133.695378	0.0003364
133.709040	0.0003133
133.722702	0.0007143
133.736365	-0.0006744
133.750029	-0.0006927
133.763693	0.0001387
133.777358	-0.0010318
133.791024	-0.0002509
133.804690	-0.0006245
133.818358	-0.0006139
133.832026	-0.0009547
133.845694	-0.0003113
133.859364	-0.0002218
133.873034	0.0003274
133.886704	0.0001410
133.900376	-0.0008609
133.914048	0.0003005
133.927721	-0.0000102
133.941394	-0.0000584
133.955068	0.0009202
133.968743	-0.0012668
133.982419	0.0000287
133.996095	-0.0008834
134.009772	0.0005485
134.023450	-0.0002082
134.037129	-0.0007232
134.050808	0.0001269
134.064488	0.0003178
134.078168	-0.0014654
134.091849	-0.0015020
134.105531	-0.0001553
134.119214	0.0000288
134.132897	-0.0007353
134.146581	-0.0007833
134.160266	0.0001558
134.173952	-0.0008233
134.187638	0.0003221
134.201325	-0.0001406
134.215012	-0.0010081
134.228700	0.0001138
134.242389	0.0006990
134.256079	-0.0002387
134.269770	-0.0000182
134.283461	0.0005762
134.297152	0.0004120
134.310845	-0.0001936
134.324538	0.0002936
134.338232	-0.0003953
134.351927	0.0007717
134.365622	0.0000199
134.379318	-0.0017102
134.393015	-0.0004672
134.406712	0.0000512
134.420410	-0.0007256
134.434109	0.0000021
134.447808	0.0003767
134.461509	0.0010274
134.475210	-0.0001630
134.488911	-0.0004562
134.502614	-0.0006986
134.516317	-0.0007056
134.530020	0.0000565
134.543725	0.0005321
134.557430	0.0008390
134.571136	0.0003255
134.584842	0.0001518
134.598549	0.0004404
134.612257	0.0002574
134.625966	0.0006456
134.639675	0.0012945
134.653385	-0.0000159
134.667096	-0.0002502
134.680808	0.0003492
134.694520	-0.0001703
134.708233	0.0005419
134.721946	-0.0010137
134.735661	-0.0012806
134.749376	-0.0005775
134.763091	0.0006461
134.776808	0.0002705
134.790525	-0.0003290
134.804242	0.0001590
134.817961	-0.0002370
134.831680	0.0006393
134.845400	0.0002126
134.859121	0.0010337
134.872842	0.0006294
134.886564	-0.0005075
134.900287	0.0000954
134.914010	0.0000364
134.927734	0.0002396
134.941459	0.0009660
134.955184	-0.0000659
134.968911	-0.0018056
134.982637	0.0005582
134.996365	-0.0003304
135.010093	-0.0008846
135.023822	0.0000175
135.037552	-0.0006114
135.051283	-0.0007958
135.065014	0.0003488
135.078745	0.0008118
135.092478	0.0005996
135.106211	0.0003789
135.119945	0.0004075
135.133680	-0.0005028
135.147415	0.0013160
135.161151	-0.0004216
135.174888	0.0004285
135.188625	-0.0001164
135.202364	0.0010020
135.216102	-0.0007685
135.229842	0.0007706
135.243582	0.0000176
135.257323	-0.0009230
135.271065	0.0015058
135.284807	0.0000544
135.298550	-0.0005656
135.312294	0.0001942
135.326038	0.0005693
135.339784	-0.0000492
135.353530	-0.0012739
135.367276	-0.0007276
135.381023	-0.0005309
135.394771	0.0007455
135.408520	-0.0006524
135.422269	0.0000587
135.436020	-0.0007828
135.449770	0.0001618
135.463522	-0.0005098
135.477274	-0.0000996
135.491027	-0.0003444
135.504780	0.0010506
135.518535	0.0009164
135.532290	-0.0013707
135.546045	0.0006637
135.559802	-0.0002848
135.573559	0.0004013
135.587317	0.0009673
135.601075	0.0008333
135.614835	0.0004211
135.628594	-0.0004609
135.642355	0.0007842
135.656116	0.0000133
135.669878	-0.0001608
135.683641	0.0003073
135.697405	0.0005813
135.711169	-0.0001113
135.724934	-0.0005388
135.738699	0.0005180
135.752465	-0.0000888
135.766232	-0.0000500
135.780000	-0.0008135
135.793768	0.0000576
135.807537	-0.0002360
135.821307	-0.0004339
135.835078	0.0003055
135.848849	-0.0003529
135.862621	0.0006928
135.876393	-0.0003405
135.890166	0.0004442
135.903940	0.0009388
135.917715	-0.0009338
135.931490	0.0003580
135.945267	0.0001022
135.959043	0.0005486
135.972821	0.0006018
135.986599	-0.0000262
136.000378	-0.0001100
136.014157	-0.0005935
136.027938	-0.0002070
136.041719	-0.0001454
136.055500	0.0001926
136.069283	-0.0006308
136.083066	-0.0000612
136.096850	-0.0000649
136.110634	-0.0006886
136.124420	-0.0000267
136.138205	0.0002597
136.151992	-0.0008702
136.165779	-0.0002135
136.179567	0.0003700
136.193356	-0.0003965
136.207146	0.0008149
136.220936	0.0003286
136.234726	-0.0010786
136.248518	0.0001511
136.262310	0.0011586
136.276103	-0.0001646
136.289897	-0.0006108
136.303691	-0.0001167
136.317486	0.0006304
136.331282	-0.0020135
136.345078	-0.0006282
136.358876	0.0004934
136.372673	-0.0004412
136.386472	0.0000318
136.400271	0.0006099
136.414071	-0.0001304
136.427872	-0.0000491
136.441673	-0.0002094
136.455475	-0.0008483
136.469278	0.0001700
136.483081	0.0000332
136.496886	-0.0005444
136.510691	-0.0004096
136.524496	0.0002440
136.538302	-0.0000550
136.552109	0.0000687
136.565917	0.0003073
136.579725	-0.0006907
136.593535	-0.0005797
136.607344	0.0002082
136.621155	0.0003865
136.634966	0.0003411
136.648778	0.0001565
136.662591	-0.0003879
136.676404	0.0009489
136.690218	0.0001284
136.704033	0.0000881
136.717848	-0.0007567
136.731664	-0.0002092
136.745481	0.0002484
136.759298	-0.0004041
136.773117	0.0002420
136.786936	0.0009664
136.800755	-0.0001375
136.814575	0.0001273
136.828397	0.0003382
136.842218	0.0004524
136.856041	0.0009357
136.869864	0.0011682
136.883688	-0.0005544
136.897512	-0.0006070
136.911337	-0.0000417
136.925163	-0.0005439
136.938990	0.0001506
136.952817	-0.0005994
136.966645	0.0007163
136.980474	0.0000895
136.994304	-0.0001995
137.008134	0.0001391
137.021965	0.0014317
137.035796	0.0003071
137.049629	-0.0010365
137.063462	-0.0005666
137.077295	0.0003347
137.091130	0.0005189
137.104965	-0.0007808
137.118800	0.0002526
137.132637	0.0001265
137.146474	-0.0000608
137.160312	-0.0003183
137.174151	-0.0003349
137.187990	0.0013733
137.201830	-0.0000647
137.215671	0.0001863
137.229512	-0.0005397
137.243354	0.0001224
137.257197	0.0004200
137.271040	-0.0004759
137.284885	0.0005353
137.298730	-0.0000567
137.312575	-0.0001329
137.326421	-0.0000009
137.340268	-0.0000660
137.354116	-0.0004828
137.367965	0.0001783
137.381814	0.0004446
137.395664	-0.0012851
137.409514	0.0000750
137.423365	-0.0009143
137.437217	-0.0008983
137.451070	0.0000171
137.464923	-0.0009527
137.478777	-0.0002369
137.492632	0.0003511
137.506488	-0.0004987
137.520344	-0.0001187
137.534201	-0.0007229
137.548058	0.0006797
137.561916	-0.0003103
137.575775	0.0006457
137.589635	-0.0000604
137.603495	0.0004423
137.617356	0.0007129
137.631218	-0.0010639
137.645081	-0.0011757
137.658944	0.0006374
137.672808	0.0002500
137.686672	-0.0000205
137.700538	-0.0005603
137.714404	-0.0004319
137.728270	0.0003649
137.742138	0.0001009
137.756006	0.0003528
137.769874	-0.0009258
137.783744	0.0005600
137.797614	0.0009311
137.811485	-0.0014365
137.825357	0.0001749
137.839229	0.0002697
137.853102	0.0001530
137.866976	0.0004105
137.880850	-0.0007058
137.894725	-0.0014118
137.908601	0.0003478
137.922478	0.0000208
137.936355	0.0011355
137.950233	-0.0005678
137.964111	0.0004625
137.977991	-0.0001756
137.991871	-0.0002198
138.005751	0.0002763
138.019633	-0.0002235
138.033515	-0.0003281
138.047398	0.0012465
138.061281	-0.0001308
138.075166	0.0000836
138.089051	-0.0006560
138.102936	-0.0007213
138.116823	0.0004571
138.130710	-0.0003198
138.144597	-0.0000835
138.158486	-0.0003201
138.172375	0.0008660
138.186265	0.0000869
138.200156	0.0001093
138.214047	-0.0003226
138.227939	0.0004371
138.241831	-0.0006827
138.255725	0.0000943
138.269619	-0.0000470
138.283514	0.0005198
138.297409	-0.0009962
138.311305	-0.0011312
138.325202	-0.0005615
138.339100	0.0002349
138.352998	-0.0001914
138.366897	-0.0002309
138.380797	-0.0004601
138.394697	-0.0001757
138.408598	-0.0001347
138.422500	-0.0002709
138.436403	-0.0000212
138.450306	0.0002125
138.464210	0.0005721
138.478114	-0.0004282
138.492020	-0.0004864
138.505926	-0.0002465
138.519832	-0.0007481
138.533740	-0.0000311
138.547648	0.0004760
138.561557	0.0003114
138.575466	-0.0007143
138.589377	0.0000302
138.603288	0.0000551
138.617199	0.0000606
138.631112	-0.0009399
138.645025	0.0005350
138.658938	0.0001827
138.672853	-0.0008507
138.686768	-0.0004284
138.700684	-0.0003777
138.714600	0.0012788
138.728518	-0.0001017
138.742436	0.0003266
138.756354	0.0041054
138.770274	0.0075216
138.784194	0.0154879
138.798114	0.0332153
138.812036	0.0604333
138.825958	0.1013541
138.839881	0.1543770
138.853805	0.2198845
138.867729	0.2969429
138.881654	0.3514586
138.895580	0.3907737
138.909506	0.3986148
138.923433	0.3878903
138.937361	0.3543941
138.951289	0.3090698
138.965218	0.2599515
138.979148	0.2050044
138.993079	0.1525573
139.007010	0.1096466
139.020942	0.0768759
139.034875	0.0494692
139.048808	0.0324273
139.062743	0.0177293
139.076677	0.0107924
139.090613	0.0059144
139.104549	0.0032009
139.118486	0.0019474
139.132424	0.0006721
139.146362	-0.0002201
139.160301	0.0001081
139.174241	0.0006606
139.188181	-0.0000154
139.202122	-0.0005214
139.216064	0.0006650
139.230007	-0.0000585
139.243950	-0.0005677
139.257894	0.0003622
139.271839	0.0007293
139.285784	-0.0004998
139.299730	-0.0003243
139.313677	-0.0004783
139.327624	-0.0000004
139.341572	0.0005145
139.355521	-0.0003550
139.369471	0.0008307
139.383421	0.0005097
139.397372	-0.0010822
139.411324	-0.0012515
139.425276	-0.0005811
139.439229	0.0006103
139.453183	-0.0000373
139.467138	-0.0001146
139.481093	0.0003639
139.495049	-0.0013138
139.509005	-0.0008591
139.522962	0.0002419
139.536920	0.0005197
139.550879	0.0007330
139.564839	0.0014949
139.578799	0.0000499
139.592760	0.0004953
139.606721	0.0001390
139.620683	0.0003876
139.634646	-0.0000577
139.648610	-0.0000505
139.662574	0.0008028
139.676539	0.0003039
139.690505	-0.0009553
139.704471	0.0000960
139.718438	0.0005822
139.732406	0.0002338
139.746375	0.0004859
139.760344	0.0001062
139.774314	0.0003113
139.788285	0.0000103
139.802256	0.0009746
139.816228	0.0002759
139.830201	-0.0007627
139.844174	-0.0009959
139.858148	-0.0003811
139.872123	-0.0001988
139.886099	0.0010050
139.900075	0.0007652
139.914052	-0.0007307
139.928030	0.0006732
139.942008	-0.0007191
139.955987	-0.0002832
139.969967	0.0001551
139.983947	-0.0012260
139.997928	0.0002168
140.011910	-0.0004859
140.025893	-0.0001076
140.039876	0.0008579
140.053860	-0.0004580
140.067845	0.0000168
140.081830	0.0004566
140.095816	0.0014190
140.109803	-0.0003362
140.123791	-0.0004007
140.137779	-0.0000669
140.151768	-0.0001593
140.165757	0.0000778
140.179748	0.0001639
140.193739	-0.0014924
140.207730	0.0002574
140.221723	0.0006025
140.235716	-0.0005195
140.249710	-0.0004055
140.263704	0.0002959
140.277700	-0.0001648
140.291696	-0.0002207
140.305692	-0.0009041
140.319689	0.0001370
140.333688	-0.0002327
140.347686	-0.0012711
140.361686	-0.0003486
140.375686	-0.0004155
140.389687	-0.0007895
140.403688	0.0003617
140.417690	0.0004035
140.431693	-0.0008620
140.445697	-0.0005206
140.459701	-0.0000254
140.473706	-0.0000563
140.487712	-0.0002013
140.501719	0.0008454
140.515726	0.0001961
140.529734	-0.0001093
140.543742	0.0009022
140.557752	-0.0004109
140.571762	-0.0005411
140.585772	0.0011184
140.599784	-0.0001747
140.613796	0.0008449
140.627809	-0.0007452
140.641822	0.0001451
140.655836	0.0005560
140.669851	-0.0000432
140.683867	-0.0006125
140.697883	0.0001950
140.711900	0.0002079
140.725918	0.0002650
140.739936	-0.0002245
140.753955	0.0019584
140.767975	0.0063842
140.781996	0.0114788
140.796017	0.0251401
140.810039	0.0402723
140.824061	0.0693056
140.838085	0.1053632
140.852109	0.1466115
140.866133	0.1925146
140.880159	0.2283049
140.894185	0.2504860
140.908212	0.2566656
140.922239	0.2478842
140.936268	0.2238315
140.950296	0.1974696
140.964326	0.1615598
140.978356	0.1261881
140.992388	0.0982159
141.006419	0.0693464
141.020452	0.0476721
141.034485	0.0284186
141.048519	0.0194384
141.062553	0.0121593
141.076589	0.0057521
141.090625	0.0034854
141.104661	0.0022727
141.118699	-0.0003858
141.132737	0.0014938
141.146775	-0.0003923
141.160815	0.0010028
141.174855	-0.0007191
141.188896	0.0003871
141.202938	-0.0011514
141.216980	-0.0001077
141.231023	-0.0001669
141.245066	0.0005310
141.259111	0.0006471
141.273156	0.0001506
141.287202	-0.0008281
141.301248	0.0004259
141.315295	-0.0006670
141.329343	0.0003723
141.343392	0.0001759
141.357441	-0.0000460
141.371491	0.0000041
141.385542	0.0000257
141.399593	0.0001046
141.413646	-0.0002923
141.427698	-0.0000971
141.441752	-0.0002479
141.455806	-0.0000132
141.469861	0.0001123
141.483917	-0.0007841
141.497973	-0.0001887
141.512030	-0.0000995
141.526088	-0.0001801
141.540146	-0.0000374
141.554205	-0.0005094
141.568265	-0.0002320
141.582326	0.0003578
141.596387	-0.0000404
141.610449	0.0005100
141.624512	-0.0004287
141.638575	0.0013208
141.652639	0.0001840
141.666704	-0.0001961
141.680769	0.0003076
141.694836	-0.0015124
141.708902	-0.0002292
141.722970	-0.0004309
141.737038	0.0007666
141.751107	-0.0004308
141.765177	-0.0006135
141.779247	0.0003631
141.793318	-0.0010011
141.807390	-0.0003268
141.821463	-0.0008479
141.835536	-0.0002651
141.849610	0.0003735
141.863684	0.0002154
141.877760	0.0001822
141.891836	0.0002628
141.905912	0.0016144
141.919990	-0.0003218
141.934068	-0.0004629
141.948147	0.0003391
141.962226	-0.0004743
141.976306	-0.0004837
141.990387	0.0005292
142.004469	-0.0003793
142.018551	0.0003645
142.032634	-0.0008397
142.046718	0.0004236
142.060802	-0.0000267
142.074888	-0.0005976
142.088973	0.0002466
142.103060	0.0000130
142.117147	-0.0007360
142.131235	-0.0005802
142.145324	-0.0009252
142.159413	-0.0012018
142.173503	-0.0007509
142.187594	0.0008678
142.201685	-0.0001127
142.215778	-0.0005046
142.229870	0.0002610
142.243964	0.0005711
142.258058	0.0006556
142.272153	-0.0005915
142.286249	0.0010869
142.300345	-0.0006155
142.314442	-0.0000382
142.328540	0.0007272
142.342639	0.0006466
142.356738	0.0002024
142.370838	0.0001293
142.384938	0.0000961
142.399040	-0.0004571
142.413141	-0.0005513
142.427244	-0.0002314
142.441348	-0.0005108
142.455452	0.0012485
142.469556	-0.0006897
142.483662	-0.0000441
142.497768	-0.0006012
142.511875	0.0002510
142.525983	0.0004931
142.540091	-0.0007260
142.554200	0.0010369
142.568310	0.0000517
142.582420	-0.0004072
142.596531	-0.0001732
142.610643	-0.0000807
142.624756	-0.0008226
142.638869	0.0004406
142.652983	0.0001302
142.667097	0.0001096
142.681213	0.0002207
142.695329	-0.0002286
142.709446	0.0005859
142.723563	-0.0008206
142.737681	0.0002697
142.751800	-0.0016935
142.765920	0.0001915
142.780040	0.0030942
142.794161	0.0041214
142.808282	0.0064426
142.822405	0.0115469
142.836528	0.0180914
142.850652	0.0255995
142.864776	0.0313598
142.878901	0.0375199
142.893027	0.0398854
142.907154	0.0406816
142.921281	0.0379427
142.935409	0.0339050
142.949538	0.0304517
142.963667	0.0259557
142.977797	0.0185060
142.991928	0.0149131
143.006059	0.0107237
143.020192	0.0058729
143.034324	0.0037834
143.048458	0.0032333
143.062592	0.0020658
143.076727	0.0005480
143.090863	0.0006397
143.105000	-0.0003370
143.119137	0.0013860
143.133274	-0.0008024
143.147413	0.0008159
143.161552	0.0012082
143.175692	0.0002779
143.189833	-0.0004500
143.203974	-0.0002699
143.218116	0.0001661
143.232259	-0.0005037
143.246402	-0.0000899
143.260546	0.0004856
143.274691	-0.0000794
143.288837	-0.0007683
143.302983	0.0000151
143.317130	0.0001523
143.331278	0.0004509
143.345426	-0.0005409
143.359575	0.0002219
143.373725	-0.0003165
143.387875	0.0001926
143.402026	0.0002798
143.416178	-0.0009431
143.430331	-0.0002298
143.444484	-0.0002848
143.458638	0.0007778
143.472793	-0.0002532
143.486948	0.0001380
143.501104	0.0006315
143.515261	-0.0010814
143.529418	0.0005849
143.543577	-0.0001868
143.557735	0.0002840
143.571895	0.0001345
143.586055	-0.0000891
143.600216	-0.0002702
143.614378	-0.0007729
143.628540	0.0011854
143.642704	0.0001344
143.656867	0.0011012
143.671032	-0.0000305
143.685197	0.0011356
143.699363	0.0005236
143.713530	-0.0002220
143.727697	-0.0009700
143.741865	0.0005435
143.756034	0.0005323
143.770203	0.0008902
143.784373	-0.0000341
143.798544	-0.0006821
143.812716	0.0003792
143.826888	0.0005298
143.841061	-0.0008081
143.855234	-0.0004545
143.869409	-0.0015045
143.883584	0.0013832
143.897759	0.0002233
143.911936	0.0007333
143.926113	0.0011654
143.940291	0.0006538
143.954469	0.0002013
143.968649	0.0000428
143.982829	-0.0000564
143.997009	-0.0000470
144.011191	0.0007928
144.025373	-0.0004817
144.039555	0.0005401
144.053739	0.0004757
144.067923	0.0000707
144.082108	-0.0000016
144.096294	0.0002025
144.110480	-0.0003002
144.124667	0.0002578
144.138855	-0.0004187
144.153043	-0.0002506
144.167232	-0.0006145
144.181422	-0.0000829
144.195612	-0.0000802
144.209803	0.0002214
144.223995	0.0001643
144.238188	0.0002530
144.252381	-0.0004258
144.266575	-0.0011833
144.280770	-0.0003674
144.294965	0.0003598
144.309162	-0.0008293
144.323358	-0.0000785
144.337556	0.0003241
144.351754	-0.0005956
144.365953	-0.0002382
144.380153	-0.0007637
144.394353	0.0002067
144.408554	0.0005259
144.422756	0.0004819
144.436958	-0.0007661
144.451161	0.0006278
144.465365	-0.0001924
144.479570	0.0006437
144.493775	-0.0006255
144.507981	-0.0006025
144.522188	-0.0001182
144.536395	0.0003590
144.550603	-0.0010784
144.564812	0.0003334
144.579021	-0.0004438
144.593231	0.0004352
144.607442	0.0006665
144.621654	-0.0005306
144.635866	0.0013834
144.650079	0.0003840
144.664293	0.0007114
144.678507	-0.0001777
144.692722	-0.0002086
144.706938	-0.0010301
144.721154	-0.0003008
144.735372	0.0006316
144.749589	-0.0000374
144.763808	0.0002913
144.778027	0.0002159
144.792247	-0.0013085
144.806468	-0.0003110
144.820689	0.0006703
144.834911	-0.0005232
144.849134	-0.0006955
144.863358	-0.0002687
144.877582	-0.0004605
144.891807	-0.0010166
144.906033	-0.0008806
144.920259	-0.0001826
144.934486	-0.0006649
144.948714	0.0004331
144.962942	-0.0001092
144.977171	0.0004157
144.991401	0.0010574
145.005631	0.0010615
145.019863	0.0001816
145.034095	-0.0007460
145.048327	0.0002515
145.062561	0.0001721
145.076795	-0.0002925
145.091029	-0.0012068
145.105265	-0.0003513
145.119501	0.0010546
145.133738	-0.0001194
145.147975	-0.0002306
145.162214	-0.0002460
145.176453	0.0001184
145.190692	-0.0002821
145.204933	0.0001479
145.219174	0.0006838
145.233416	-0.0002570
145.247658	0.0002853
145.261901	0.0003423
145.276145	0.0007251
145.290390	0.0011362
145.304635	-0.0001185
145.318881	-0.0002551
145.333128	-0.0009034
145.347375	0.0011002
145.361623	0.0000673
145.375872	-0.0006721
145.390121	0.0001237
145.404372	0.0000787
145.418622	-0.0004485
145.432874	0.0007972
145.447126	-0.0003384
145.461379	0.0001587
145.475633	-0.0007047
145.489887	-0.0003283
145.504143	-0.0000856
145.518398	-0.0006325
145.532655	0.0003876
145.546912	-0.0000965
145.561170	0.0008070
145.575429	-0.0000340
145.589688	0.0011936
145.603948	0.0000361
145.618209	-0.0002734
145.632470	0.0001361
145.646732	-0.0000201
145.660995	-0.0010262
145.675259	-0.0007903
145.689523	0.0000912
145.703788	-0.0004265
145.718054	0.0000642
145.732320	0.0006490
145.746587	0.0001990
145.760855	-0.0000099
145.775123	-0.0001829
145.789392	-0.0008174
145.803662	0.0010422
145.817933	0.0001755
145.832204	0.0008173
145.846476	-0.0003797
145.860749	0.0001596
145.875022	0.0001454
145.889296	0.0007955
145.903571	-0.0010658
145.917846	-0.0001951
145.932123	-0.0009938
145.946400	0.0006755
145.960677	-0.0007285
145.974955	0.0003368
145.989234	0.0000473
146.003514	0.0001112
146.017794	-0.0009420
146.032076	-0.0000100
146.046357	0.0001698
146.060640	-0.0001390
146.074923	0.0004973
146.089207	-0.0004119
146.103492	0.0006704
146.117777	-0.0000429
146.132063	0.0006647
146.146350	0.0001405
146.160637	0.0000790
146.174925	-0.0000935
146.189214	-0.0001977
146.203504	0.0003380
146.217794	-0.0004849
146.232085	0.0002630
146.246376	0.0004800
146.260669	0.0006713
146.274962	0.0005238
146.289256	0.0012749
146.303550	0.0004891
146.317845	-0.0005290
146.332141	0.0004538
146.346438	0.0003404
146.360735	-0.0010112
146.375033	-0.0004068
146.389331	0.0010939
146.403631	0.0004633
146.417931	-0.0002967
146.432232	0.0000470
146.446533	-0.0003193
146.460835	-0.0000077
146.475138	0.0005085
146.489442	-0.0001769
146.503746	-0.0003214
146.518051	-0.0000493
146.532357	0.0008022
146.546663	-0.0001766
146.560970	-0.0003563
146.575278	-0.0001155
146.589586	-0.0005307
146.603896	0.0005971
146.618206	0.0002257
146.632516	0.0010153
146.646827	-0.0002351
146.661140	0.0000314
146.675452	-0.0003250
146.689766	-0.0002399
146.704080	0.0000517
146.718395	0.0002659
146.732710	-0.0003506
146.747026	0.0010400
146.761343	0.0013216
146.775661	0.0003485
146.789979	0.0002298
146.804298	-0.0001189
146.818618	-0.0007148
146.832938	-0.0000900
146.847260	-0.0013347
146.861581	0.0002015
146.875904	-0.0012063
146.890227	-0.0004741
146.904551	0.0008263
146.918876	-0.0005602
146.933201	0.0004263
146.947527	0.0003418
146.961854	0.0005471
146.976181	-0.0002790
146.990510	-0.0001558
147.004838	0.0011655
147.019168	0.0004645
147.033498	-0.0011329
147.047829	-0.0001207
147.062161	-0.0001539
147.076493	-0.0010327
147.090826	-0.0003302
147.105160	-0.0009394
147.119495	-0.0001661
147.133830	-0.0003669
147.148166	0.0002876
147.162502	0.0000941
147.176840	-0.0001322
147.191178	-0.0000191
147.205516	0.0008726
147.219856	-0.0016507
147.234196	-0.0001995
147.248537	0.0000021
147.262878	-0.0002172
147.277220	0.0000796
147.291563	0.0001121
147.305907	-0.0005935
147.320251	0.0001948
147.334596	-0.0001606
147.348942	0.0001941
147.363288	0.0006470
147.377635	0.0005878
147.391983	0.0001983
147.406332	-0.0001450
147.420681	-0.0004181
147.435031	-0.0008281
147.449382	-0.0000059
147.463733	0.0011528
147.478085	-0.0002177
147.492438	-0.0003112
147.506791	-0.0020308
147.521145	-0.0003902
147.535500	-0.0003104
147.549856	-0.0005329
147.564212	-0.0000062
147.578569	-0.0001788
147.592927	0.0000587
147.607285	0.0001099
147.621644	-0.0001029
147.636004	-0.0001740
147.650364	0.0011492
147.664726	-0.0000614
147.679087	0.0009848
147.693450	0.0003958
147.707813	0.0001431
147.722177	0.0005508
147.736542	-0.0000293
147.750907	0.0005674
147.765273	0.0007630
147.779640	0.0003147
147.794008	0.0002823
147.808376	-0.0001097
147.822745	0.0000695
147.837114	0.0000498
147.851485	-0.0002138
147.865856	0.0003119
147.880228	-0.0005669
147.894600	0.0001334
147.908973	0.0003574
147.923347	0.0021197
147.937721	0.0007112
147.952097	-0.0009693
147.966473	-0.0012444
147.980849	0.0010396
147.995227	0.0003732
148.009605	-0.0004642
148.023983	-0.0002384
148.038363	-0.0000182
148.052743	-0.0006295
148.067124	-0.0001850
148.081505	-0.0001524
148.095888	-0.0008325
148.110270	-0.0006393
148.124654	0.0002399
148.139038	-0.0001569
148.153424	-0.0002410
148.167809	-0.0011690
148.182196	-0.0007145
148.196583	0.0000185
148.210971	0.0004780
148.225359	0.0017465
148.239749	0.0001374
148.254139	0.0001571
148.268529	-0.0002635
148.282921	-0.0004029
148.297313	-0.0010205
148.311706	-0.0001993
148.326099	0.0000828
148.340493	0.0001370
148.354888	-0.0002767
148.369284	-0.0010356
148.383680	-0.0001645
148.398077	0.0002951
148.412475	-0.0000780
148.426873	-0.0003319
148.441272	-0.0004624
148.455672	0.0006097
148.470073	-0.0008743
148.484474	0.0009302
148.498876	0.0007468
148.513278	0.0002497
148.527682	-0.0002380
148.542086	0.0001775
148.556490	-0.0000726
148.570896	0.0008524
148.585302	0.0005399
148.599709	-0.0003234
148.614116	-0.0008355
148.628524	0.0001053
148.642933	-0.0000613
148.657343	0.0012210
148.671753	-0.0009683
148.686164	0.0002262
148.700576	0.0005523
148.714989	0.0004747
148.729402	-0.0010081
148.743816	0.0009731
148.758230	-0.0012725
148.772646	0.0007071
148.787061	-0.0002177
148.801478	-0.0010532
148.815896	-0.0006658
148.830314	0.0002254
148.844732	0.0003680
148.859152	-0.0005023
148.873572	0.0010162
148.887993	0.0005172
148.902414	0.0002349
148.916837	0.0009267
148.931260	0.0020672
148.945683	0.0046406
148.960108	0.0071145
148.974533	0.0131948
148.988959	0.0214030
149.003385	0.0304124
149.017812	0.0410573
149.032240	0.0474943
149.046669	0.0573686
149.061098	0.0592487
149.075528	0.0604372
149.089959	0.0539842
149.104390	0.0496313
149.118822	0.0419201
149.133255	0.0336661
149.147689	0.0277577
149.162123	0.0200652
149.176558	0.0142843
149.190994	0.0085052
149.205430	0.0054800
149.219867	0.0043332
149.234305	0.0018360
149.248743	0.0018331
149.263182	0.0004875
149.277622	0.0004592
149.292063	-0.0008342
149.306504	-0.0004341
149.320946	0.0014017
149.335389	0.0007660
149.349832	0.0010325
149.364276	-0.0005653
149.378721	0.0007545
149.393166	0.0005639
149.407612	-0.0008648
149.422059	-0.0002936
149.436507	0.0004688
149.450955	0.0008516
149.465404	0.0003428
149.479854	-0.0006561
149.494304	0.0007492
149.508755	0.0000345
149.523207	-0.0005551
149.537660	0.0001528
149.552113	0.0000378
149.566567	0.0005470
149.581021	-0.0003707
149.595476	-0.0001847
149.609932	0.0011519
149.624389	-0.0003491
149.638847	-0.0005736
149.653305	-0.0008570
149.667764	0.0005040
149.682223	0.0004068
149.696683	0.0005097
149.711144	0.0000159
149.725606	0.0002406
149.740068	0.0002162
149.754531	0.0000235
149.768995	0.0014895
149.783459	-0.0005567
149.797924	-0.0001014
149.812390	0.0000257
149.826857	0.0001187
149.841324	0.0002661
149.855792	0.0005955
149.870261	0.0004814
149.884730	-0.0007031
149.899200	0.0001138
149.913671	-0.0000454
149.928142	0.0003212
149.942614	-0.0002876
149.957087	-0.0000388
149.971561	-0.0007946
149.986035	-0.0002178
150.000510	-0.0009942
150.014986	0.0004784
150.029462	0.0000428
150.043939	-0.0002607
150.058417	0.0012871
150.072895	-0.0000778
150.087375	0.0002286
150.101854	-0.0000310
150.116335	0.0003595
150.130816	-0.0003228
150.145298	0.0010232
150.159781	0.0002780
150.174264	-0.0006002
150.188748	0.0002819
150.203233	0.0004669
150.217719	-0.0002160
150.232205	0.0002987
150.246692	0.0000068
150.261180	0.0005649
150.275668	0.0004604
150.290157	-0.0001036
150.304647	0.0003697
150.319137	0.0003118
150.333628	0.0002252
150.348120	0.0005725
150.362612	0.0002806
150.377106	-0.0001514
150.391600	0.0003736
150.406094	0.0006372
150.420590	0.0000831
150.435086	0.0003642
150.449582	-0.0005092
150.464080	-0.0000079
150.478578	-0.0003222
150.493077	-0.0002667
150.507576	-0.0001669
150.522077	0.0001315
150.536578	-0.0002078
150.551079	-0.0006679
150.565582	0.0001765
150.580085	-0.0007281
150.594588	0.0005205
150.609093	0.0012418
150.623598	-0.0003977
150.638104	0.0003197
150.652610	-0.0005447
150.667118	0.0002538
150.681626	0.0009585
150.696134	-0.0005547
150.710644	-0.0005102
150.725154	0.0012183
150.739665	0.0001572
150.754176	0.0007955
150.768688	-0.0003750
150.783201	-0.0004639
150.797715	-0.0001644
150.812229	-0.0003772
150.826744	-0.0006070
150.841260	0.0002837
150.855776	0.0001546
150.870293	-0.0008564
150.884811	-0.0001544
150.899330	0.0000833
150.913849	0.0006033
150.928369	-0.0006129
150.942889	-0.0002611
150.957411	-0.0000186
150.971933	-0.0005445
150.986456	-0.0008550
151.000979	0.0015090
151.015503	0.0001043
151.030028	0.0015751
151.044553	0.0020851
151.059080	0.0010927
151.073607	0.0014125
151.088134	0.0004440
151.102663	0.0004503
151.117192	0.0001566
151.131721	0.0003931
151.146252	-0.0000139
151.160783	0.0008788
151.175315	0.0005936
151.189847	0.0006660
151.204381	-0.0005392
151.218915	0.0008034
151.233449	-0.0007283
151.247985	-0.0004898
151.262521	0.0000659
151.277058	0.0011569
151.291595	0.0003961
151.306133	-0.0001712
151.320672	0.0000219
151.335212	0.0008761
151.349752	0.0001096
151.364293	-0.0006304
151.378835	-0.0005665
151.393377	-0.0003974
151.407920	-0.0000692
151.422464	0.0011323
151.437008	0.0000477
151.451554	-0.0003599
151.466100	-0.0003850
151.480646	-0.0000509
151.495194	-0.0001445
151.509742	-0.0001963
151.524290	0.0006036
151.538840	0.0004409
151.553390	-0.0005497
151.567941	-0.0003198
151.582492	0.0009227
151.597044	0.0002991
151.611597	-0.0000963
151.626151	-0.0001784
151.640705	-0.0003136
151.655260	0.0007812
151.669816	0.0003234
151.684373	-0.0001009
151.698930	0.0006390
151.713488	0.0002964
151.728046	-0.0000031
151.742605	-0.0001103
151.757165	-0.0001321
151.771726	0.0006926
151.786287	0.0009002
151.800849	-0.0006645
151.815412	0.0002547
151.829976	-0.0005252
151.844540	-0.0011732
151.859105	0.0007128
151.873670	0.0005570
151.888236	0.0013358
151.902803	0.0001131
151.917371	0.0002701
151.931940	0.0008514
151.946509	0.0001403
151.961078	-0.0009241
151.975649	0.0000868
151.990220	-0.0005005
152.004792	0.0002359
152.019365	0.0005159
152.033938	-0.0001717
152.048512	0.0005466
152.063087	-0.0004882
152.077662	0.0011568
152.092238	-0.0007775
152.106815	-0.0007488
152.121392	0.0001348
152.135971	0.0003910
152.150550	-0.0003579
152.165129	-0.0004412
152.179710	-0.0004540
152.194291	-0.0001853
152.208872	0.0006892
152.223455	-0.0000784
152.238038	-0.0000086
152.252622	0.0003422
152.267206	0.0005240
152.281791	-0.0003933
152.296377	-0.0005882
152.310964	0.0002014
152.325551	-0.0012053
152.340139	-0.0005716
152.354728	0.0000700
152.369318	0.0007901
152.383908	0.0004659
152.398499	-0.0002708
152.413090	-0.0003948
152.427683	-0.0000135
152.442276	0.0001872
152.456869	-0.0005737
152.471464	-0.0002987
152.486059	0.0005652
152.500654	-0.0001803
152.515251	0.0004511
152.529848	-0.0002104
152.544446	0.0002469
152.559045	0.0001479
152.573644	0.0001673
152.588244	0.0003722
152.602845	0.0002382
152.617446	-0.0006627
152.632048	0.0002006
152.646651	-0.0014219
152.661254	-0.0017067
152.675859	-0.0000757
152.690463	0.0011817
152.705069	-0.0014841
152.719675	-0.0001169
152.734282	-0.0004974
152.748890	0.0000338
152.763499	0.0001058
152.778108	-0.0005684
152.792717	-0.0004738
152.807328	-0.0013323
152.821939	0.0003395
152.836551	0.0005027
152.851164	-0.0000258
152.865777	0.0006526
152.880391	0.0003214
152.895006	0.0002208
152.909621	0.0005811
152.924238	-0.0008695
152.938854	-0.0015039
152.953472	-0.0000887
152.968090	-0.0008029
152.982709	0.0010715
152.997329	0.0008703
153.011949	-0.0002524
153.026570	0.0001119
153.041192	-0.0002579
153.055814	-0.0005247
153.070438	-0.0004445
153.085062	0.0009396
153.099686	0.0002836
153.114311	0.0001231
153.128937	-0.0006207
153.143564	-0.0003299
153.158191	-0.0005446
153.172820	0.0015136
153.187448	-0.0006804
153.202078	-0.0005137
153.216708	-0.0006954
153.231339	0.0003493
153.245970	-0.0003229
153.260603	-0.0013677
153.275236	-0.0000988
153.289869	-0.0004402
153.304504	0.0009345
153.319139	0.0001086
153.333775	0.0007420
153.348411	0.0001039
153.363049	-0.0009116
153.377686	-0.0003232
153.392325	0.0000812
153.406964	0.0005734
153.421604	0.0001496
153.436245	-0.0009142
153.450887	0.0002566
153.465529	-0.0007670
153.480172	-0.0002645
153.494815	0.0006153
153.509459	-0.0000001
153.524104	0.0003151
153.538750	0.0001558
153.553396	-0.0008129
153.568043	0.0005370
153.582691	0.0000051
153.597340	0.0005140
153.611989	0.0000079
153.626639	0.0006252
153.641289	-0.0001635
153.655940	0.0004020
153.670592	-0.0005506
153.685245	-0.0005808
153.699898	-0.0004643
153.714553	0.0001124
153.729207	0.0001873
153.743863	0.0003011
153.758519	0.0006964
153.773176	0.0001272
153.787833	0.0003325
153.802492	-0.0001219
153.817151	-0.0008718
153.831810	-0.0010629
153.846471	0.0001495
153.861132	-0.0011888
153.875794	-0.0002710
153.890456	0.0009649
153.905120	-0.0002591
153.919783	0.0010088
153.934448	-0.0005699
153.949113	0.0007559
153.963779	0.0010524
153.978446	0.0000181
153.993114	0.0000475
154.007782	0.0004295
154.022450	0.0001818
154.037120	-0.0004382
154.051790	0.0002562
154.066461	0.0003435
154.081133	0.0008317
154.095805	-0.0001421
154.110478	0.0005926
154.125152	0.0004725
154.139826	0.0003015
154.154502	-0.0006101
154.169177	-0.0003942
154.183854	0.0002183
154.198531	0.0000271
154.213209	-0.0003661
154.227888	0.0002502
154.242567	0.0010834
154.257247	0.0000304
154.271928	0.0002548
154.286609	0.0002249
154.301292	0.0004117
154.315975	-0.0007817
154.330658	0.0001349
154.345342	-0.0003175
154.360027	0.0008475
154.374713	0.0004632
154.389399	-0.0002437
154.404087	-0.0002505
154.418774	-0.0000744
154.433463	0.0009351
154.448152	-0.0004914
154.462842	0.0005533
154.477533	-0.0004788
154.492224	0.0000609
154.506916	0.0001830
154.521609	-0.0000683
154.536302	0.0003934
154.550996	0.0001732
154.565691	-0.0013360
154.580386	-0.0016544
154.595083	-0.0002428
154.609780	-0.0004852
154.624477	-0.0001046
154.639175	0.0002904
154.653875	0.0009042
154.668574	-0.0003887
154.683275	-0.0012578
154.697976	0.0008019
154.712678	0.0000826
154.727380	0.0003472
154.742083	-0.0006719
154.756787	0.0009937
154.771492	0.0004404
154.786197	-0.0003268
154.800903	-0.0004906
154.815610	-0.0009219
154.830318	-0.0001548
154.845026	-0.0001282
154.859735	-0.0001711
154.874444	-0.0001910
154.889155	0.0004580
154.903866	-0.0002623
154.918577	-0.0000009
154.933290	-0.0004176
154.948003	-0.0001691
154.962716	-0.0005081
154.977431	0.0001294
154.992146	0.0004300
155.006862	-0.0002538
155.021579	0.0007289
155.036296	0.0013971
155.051014	-0.0006774
155.065733	0.0008055
155.080452	0.0005583
155.095172	-0.0006712
155.109893	0.0004255
155.124614	-0.0007773
155.139337	0.0004684
155.154060	0.0007740
155.168783	0.0002789
155.183507	0.0003327
155.198232	0.0005019
155.212958	0.0000514
155.227685	0.0011446
155.242412	0.0004781
155.257140	0.0007827
155.271868	-0.0006102
155.286597	0.0006167
155.301327	-0.0003556
155.316058	0.0004093
155.330789	0.0002261
155.345521	-0.0000803
155.360254	0.0002002
155.374988	-0.0008830
155.389722	0.0004768
155.404457	-0.0002731
155.419192	-0.0003135
155.433928	-0.0010607
155.448665	0.0002379
155.463403	-0.0000311
155.478141	-0.0000596
155.492880	-0.0000272
155.507620	0.0001537
155.522361	-0.0000906
155.537102	0.0001110
155.551844	0.0003924
155.566586	0.0012197
155.581330	-0.0001619
155.596074	0.0000962
155.610818	0.0001883
155.625564	0.0003274
155.640310	-0.0011908
155.655056	-0.0008356
155.669804	-0.0009918
155.684552	0.0003514
155.699301	-0.0006751
155.714051	-0.0016031
155.728801	-0.0003937
155.743552	-0.0007888
155.758304	0.0000335
155.773056	-0.0000432
155.787809	0.0006508
155.802563	-0.0005125
155.817318	-0.0001639
155.832073	0.0016455
155.846829	0.0014499
155.861585	0.0007001
155.876343	0.0023255
155.891101	0.0028383
155.905859	0.0039779
155.920619	0.0049427
155.935379	0.0059271
155.950140	0.0068174
155.964901	0.0050498
155.979664	0.0042652
155.994427	0.0044752
156.009190	0.0046874
156.023955	0.0039803
156.038720	0.0021555
156.053485	0.0001166
156.068252	-0.0003249
156.083019	0.0008317
156.097787	-0.0010505
156.112556	0.0002774
156.127325	0.0009856
156.142095	-0.0003294
156.156865	0.0009968
156.171637	-0.0000241
156.186409	0.0004644
156.201182	-0.0007480
156.215955	0.0002563
156.230729	-0.0006535
156.245504	0.0016231
156.260280	0.0000248
156.275056	-0.0009341
156.289833	-0.0001170
156.304611	-0.0000211
156.319389	0.0001644
156.334168	-0.0002331
156.348948	-0.0001839
156.363729	-0.0003220
156.378510	0.0001595
156.393292	0.0003380
156.408074	-0.0001599
156.422858	-0.0003488
156.437642	-0.0005523
156.452426	-0.0000027
156.467212	0.0002879
156.481998	-0.0009548
156.496785	0.0004374
156.511572	-0.0005360
156.526361	0.0001399
156.541150	-0.0000152
156.555939	0.0010516
156.570730	0.0016435
156.585521	-0.0003520
156.600312	0.0003120
156.615105	0.0010190
156.629898	-0.0005784
156.644692	0.0002644
156.659486	0.0007488
156.674282	0.0008496
156.689078	-0.0003228
156.703874	-0.0000441
156.718672	-0.0002310
156.733470	-0.0000823
156.748268	0.0004240
156.763068	0.0009326
156.777868	0.0013798
156.792669	0.0006090
156.807471	-0.0015383
156.822273	-0.0003969
156.837076	-0.0000050
156.851880	0.0002658
156.866684	-0.0006625
156.881489	-0.0002076
156.896295	0.0007360
156.911101	0.0000002
156.925908	-0.0000067
156.940716	0.0012540
156.955525	0.0001982
156.970334	-0.0002076
156.985144	-0.0008166
156.999955	-0.0001144
157.014766	0.0001156
157.029579	-0.0000516
157.044391	0.0004641
157.059205	0.0001411
157.074019	0.0005216
157.088834	-0.0000583
157.103650	0.0001803
157.118466	0.0007865
157.133283	-0.0002204
157.148101	-0.0001181
157.162919	-0.0000923
157.177738	-0.0004135
157.192558	-0.0008134
157.207379	-0.0014221
157.222200	0.0000573
157.237022	-0.0006281
157.251845	-0.0000350
157.266668	0.0010030
157.281492	-0.0001821
157.296317	0.0003198
157.311142	0.0001627
157.325968	-0.0006579
157.340795	-0.0005818
157.355623	-0.0015036
157.370451	-0.0000207
157.385280	0.0003745
157.400110	-0.0006965
157.414940	-0.0002725
157.429771	-0.0000030
157.444603	-0.0007277
157.459436	-0.0000730
157.474269	-0.0000379
157.489103	-0.0012669
157.503937	0.0005911
157.518772	-0.0002341
157.533608	-0.0011086
157.548445	0.0007852
157.563283	-0.0002678
157.578121	-0.0003371
157.592960	0.0000230
157.607799	-0.0003240
157.622639	-0.0013746
157.637480	-0.0010557
157.652322	-0.0008625
157.667164	-0.0009449
157.682007	-0.0006497
157.696851	0.0004212
157.711695	-0.0004015
157.726540	0.0000971
157.741386	0.0014288
157.756233	0.0002710
157.771080	-0.0004449
157.785928	0.0003452
157.800777	-0.0002837
157.815626	-0.0002541
157.830476	0.0000468
157.845327	0.0007893
157.860178	-0.0005674
157.875030	0.0006085
157.889883	-0.0000231
157.904737	0.0016593
157.919591	-0.0002471
157.934446	0.0002125
157.949302	0.0000401
157.964158	-0.0000354
157.979015	-0.0010360
157.993873	0.0004757
158.008731	0.0004609
158.023590	-0.0006532
158.038450	-0.0002019
158.053311	0.0014684
158.068172	-0.0007777
158.083034	-0.0002388
158.097897	-0.0012118
158.112760	0.0012797
158.127624	0.0003119
158.142489	0.0005079
158.157355	0.0003986
158.172221	-0.0009704
158.187088	-0.0006327
158.201955	-0.0001549
158.216824	0.0003367
158.231693	-0.0000263
158.246562	-0.0012721
158.261433	0.0000816
158.276304	-0.0004322
158.291176	-0.0001129
158.306048	-0.0000000
158.320922	0.0007156
158.335796	0.0003100
158.350670	-0.0001512
158.365545	-0.0001730
158.380422	0.0012402
158.395298	0.0001545
158.410176	0.0002677
158.425054	-0.0002146
158.439933	-0.0003161
158.454812	-0.0004485
158.469692	-0.0003968
158.484573	-0.0000012
158.499455	-0.0009705
158.514337	-0.0000595
158.529220	0.0006557
158.544104	0.0005186
158.558989	0.0007355
158.573874	-0.0005843
158.588760	-0.0004050
158.603646	0.0007134
158.618534	-0.0002861
158.633422	0.0008731
158.648310	0.0003438
158.663200	-0.0001679
158.678090	0.0003645
158.692981	0.0003147
158.707872	0.0008568
158.722764	0.0007899
158.737657	0.0000474
158.752551	0.0005893
158.767445	0.0008165
158.782340	-0.0013732
158.797236	0.0010591
158.812132	-0.0011989
158.827029	-0.0002081
158.841927	-0.0006626
158.856826	-0.0006266
158.871725	0.0003784
158.886625	-0.0000072
158.901525	0.0009567
158.916427	0.0007235
158.931329	0.0007588
158.946231	0.0012604
158.961135	0.0025908
158.976039	0.0034422
158.990944	0.0031501
159.005849	0.0041552
159.020756	0.0042777
159.035662	0.0037177
159.050570	0.0041098
159.065478	0.0041036
159.080388	0.0023239
159.095297	0.0017198
159.110208	0.0020473
159.125119	-0.0000522
159.140031	0.0014610
159.154943	0.0007291
159.169857	0.0007110
159.184771	-0.0004083
159.199685	-0.0009267
159.214601	0.0004451
159.229517	0.0008019
159.244433	-0.0003485
159.259351	-0.0000031
159.274269	0.0012683
159.289188	-0.0002762
159.304108	0.0000654
159.319028	0.0001978
159.333949	-0.0003975
159.348870	-0.0010556
159.363793	0.0002902
159.378716	-0.0002952
159.393640	0.0003861
159.408564	0.0000693
159.423489	-0.0001159
159.438415	0.0001005
159.453342	0.0000228
159.468269	-0.0012167
159.483197	0.0013151
159.498126	0.0009175
159.513055	-0.0001090
159.527986	0.0005045
159.542916	0.0002807
159.557848	0.0000049
159.572780	-0.0000139
159.587713	-0.0007643
159.602647	-0.0002240
159.617581	-0.0012385
159.632516	0.0010029
159.647452	-0.0002717
159.662388	-0.0000030
159.677325	-0.0002144
159.692263	-0.0012035
159.707202	0.0006881
159.722141	-0.0000063
159.737081	-0.0002515
159.752022	-0.0000851
159.766963	-0.0008049
159.781905	0.0011712
159.796848	-0.0008531
159.811791	-0.0009078
159.826736	0.0006923
159.841680	0.0000742
159.856626	0.0000349
159.871572	0.0000630
159.886519	0.0004431
159.901467	-0.0003280
159.916415	-0.0002535
159.931364	-0.0004485
159.946314	0.0003700
159.961265	0.0008647
159.976216	-0.0004481
159.991168	0.0006261
160.006120	-0.0007835
160.021074	0.0004891
160.036028	-0.0009714
160.050982	0.0006854
160.065938	0.0007942
160.080894	0.0011935
160.095851	-0.0010616
160.110808	0.0003647
160.125766	-0.0007579
160.140725	0.0000290
160.155685	0.0000233
160.170645	0.0004083
160.185606	0.0004988
160.200568	0.0001316
160.215530	-0.0003425
160.230494	-0.0011337
160.245457	-0.0003174
160.260422	-0.0005818
160.275387	0.0000579
160.290353	-0.0000075
160.305320	-0.0000408
160.320287	0.0000773
160.335255	0.0003965
160.350224	0.0007777
160.365193	-0.0001651
160.380164	-0.0001792
160.395134	0.0003874
160.410106	-0.0007684
160.425078	0.0007290
160.440051	-0.0013435
160.455025	0.0000527
160.469999	0.0006152
160.484974	-0.0009406
160.499950	0.0003637
160.514927	-0.0004858
160.529904	0.0007855
160.544882	0.0008480
160.559860	-0.0004311
160.574840	0.0000216
160.589819	0.0000058
160.604800	-0.0001193
160.619782	-0.0010983
160.634764	0.0003644
160.649746	0.0014983
160.664730	-0.0006901
160.679714	0.0005004
160.694699	-0.0003857
160.709685	-0.0001545
160.724671	-0.0005789
160.739658	-0.0000468
160.754646	0.0003476
160.769634	-0.0003698
160.784623	0.0002210
160.799613	0.0013171
160.814604	0.0002599
160.829595	-0.0015142
160.844587	0.0002026
160.859579	0.0007868
160.874573	-0.0005404
160.889567	0.0009849
160.904562	0.0000897
160.919557	0.0001620
160.934553	0.0005588
160.949550	-0.0007192
160.964548	-0.0016450
160.979546	-0.0001733
160.994545	-0.0005609
161.009544	-0.0010562
161.024545	-0.0004670
161.039546	-0.0006922
161.054548	0.0008007
161.069550	0.0002730
161.084553	0.0002928
161.099557	-0.0002592
161.114562	0.0003725
161.129567	0.0002387
161.144573	-0.0011479
161.159580	-0.0001765
161.174587	0.0002653
161.189595	-0.0003621
161.204604	-0.0014597
161.219613	0.0001653
161.234624	0.0005331
161.249634	0.0006177
161.264646	-0.0001331
161.279658	0.0004964
161.294671	0.0000229
161.309685	-0.0008530
161.324700	-0.0001979
161.339715	-0.0001312
161.354730	-0.0010075
161.369747	-0.0000016
161.384764	-0.0006769
161.399782	0.0014603
161.414801	-0.0012634
161.429820	-0.0004633
161.444840	0.0005340
161.459861	-0.0002996
161.474882	-0.0005886
161.489904	0.0013532
161.504927	-0.0005800
161.519951	-0.0008187
161.534975	-0.0002939
161.550000	0.0002034
161.565026	0.0000458
161.580052	0.0002583
161.595079	0.0003394
161.610107	0.0003057
161.625135	-0.0005593
161.640164	-0.0004075
161.655194	0.0002654
161.670225	-0.0000628
161.685256	0.0005632
161.700288	-0.0003868
161.715321	0.0000085
161.730354	-0.0004318
161.745388	0.0002806
161.760423	-0.0003158
161.775458	-0.0002615
161.790495	-0.0004192
161.805531	-0.0004263
161.820569	0.0000176
161.835607	0.0009360
161.850646	0.0006713
161.865686	0.0004834
161.880726	0.0001580
161.895768	-0.0000382
161.910809	0.0001602
161.925852	-0.0001050
161.940895	-0.0002328
161.955939	0.0004866
161.970984	-0.0010825
161.986029	-0.0002853
162.001075	0.0004117
162.016122	-0.0005402
162.031169	-0.0004525
162.046217	-0.0014399
162.061266	-0.0003201
162.076315	0.0009915
162.091366	-0.0000609
162.106417	0.0000417
162.121468	0.0008732
162.136521	-0.0009966
162.151574	-0.0005524
162.166627	0.0004034
162.181682	0.0001054
162.196737	0.0015782
162.211793	-0.0000303
162.226849	0.0009037
162.241907	0.0002193
162.256965	0.0005531
162.272023	-0.0002592
162.287083	0.0006000
162.302143	-0.0001556
162.317203	0.0003821
162.332265	0.0009374
162.347327	0.0000594
162.362390	0.0000017
162.377454	-0.0006958
162.392518	-0.0000870
162.407583	0.0006957
162.422649	-0.0005826
162.437715	-0.0010062
162.452782	0.0003447
162.467850	0.0016109
162.482918	0.0001224
162.497987	-0.0003958
162.513057	0.0006288
162.528128	-0.0001733
162.543199	-0.0001491
162.558271	-0.0003691
162.573344	0.0003484
162.588417	0.0001088
162.603492	0.0001676
162.618566	-0.0015739
162.633642	0.0007028
162.648718	0.0006321
162.663795	0.0000076
162.678873	0.0012100
162.693951	-0.0000053
162.709030	-0.0007979
162.724110	-0.0009910
162.739190	0.0007875
162.754271	0.0005577
162.769353	-0.0006750
162.784436	-0.0000519
162.799519	0.0003423
162.814603	-0.0008022
162.829688	0.0017863
162.844773	0.0002367
162.859859	0.0010123
162.874946	0.0000075
162.890033	-0.0000515
162.905121	-0.0012967
162.920210	0.0006729
162.935300	-0.0005997
162.950390	0.0001493
162.965481	-0.0005876
162.980573	0.0003397
162.995665	-0.0001539
163.010758	0.0001770
163.025852	-0.0002390
163.040946	-0.0002182
163.056042	-0.0002544
163.071137	-0.0001609
163.086234	-0.0010294
163.101331	-0.0010894
163.116429	0.0003530
163.131528	-0.0003628
163.146627	0.0005123
163.161727	0.0012824
163.176828	-0.0007873
163.191930	0.0008435
163.207032	0.0002018
163.222135	-0.0004122
163.237239	-0.0002468
163.252343	0.0001791
163.267448	-0.0001445
163.282554	0.0002334
163.297660	-0.0007766
163.312767	-0.0008719
163.327875	-0.0009165
163.342983	0.0005499
163.358093	-0.0005190
163.373203	-0.0006934
163.388313	0.0002034
163.403425	0.0001518
163.418537	-0.0002804
163.433649	-0.0005261
163.448763	0.0006443
163.463877	-0.0000645
163.478992	-0.0003187
163.494107	-0.0000972
163.509224	-0.0004799
163.524341	0.0006914
163.539458	-0.0007203
163.554577	0.0000448
163.569696	-0.0002993
163.584816	0.0003610
163.599936	0.0003925
163.615057	-0.0006868
163.630179	-0.0007948
163.645302	0.0001782
163.660425	-0.0000888
163.675549	0.0011379
163.690674	-0.0003386
163.705799	-0.0001413
163.720925	-0.0002814
163.736052	0.0001220
163.751179	0.0009048
163.766308	-0.0011322
163.781436	-0.0003821
163.796566	-0.0004507
163.811696	-0.0004771
163.826827	0.0003636
163.841959	0.0003440
163.857091	-0.0002769
163.872225	-0.0002639
163.887358	-0.0003589
163.902493	0.0006420
163.917628	0.0006562
163.932764	0.0005141
163.947901	0.0005139
163.963038	-0.0005775
163.978176	0.0006210
163.993315	0.0001035
164.008454	0.0001920
164.023594	-0.0009544
164.038735	-0.0005790
164.053877	-0.0013703
164.069019	0.0004276
164.084162	0.0004047
164.099306	-0.0004463
164.114450	0.0003666
164.129595	-0.0004241
164.144741	-0.0003124
164.159887	0.0009513
164.175034	-0.0014023
164.190182	-0.0005677
164.205331	-0.0001620
164.220480	0.0018422
164.235630	-0.0002826
164.250781	-0.0000847
164.265932	0.0008244
164.281084	0.0004930
164.296237	-0.0004888
164.311390	0.0005772
164.326545	0.0007388
164.341700	-0.0000123
164.356855	0.0002476
164.372011	0.0012289
164.387168	0.0000778
164.402326	0.0009048
164.417484	0.0011798
164.432644	-0.0005021
164.447803	-0.0005751
164.462964	-0.0007660
164.478125	0.0005203
164.493287	0.0000507
164.508450	-0.0002894
164.523613	0.0003410
164.538777	-0.0010351
164.553942	-0.0000576
164.569107	0.0001080
164.584273	-0.0001373
164.599440	-0.0000679
164.614608	-0.0001701
164.629776	-0.0007571
164.644945	-0.0002966
164.660114	0.0003945
164.675285	0.0007908
164.690456	0.0002184
164.705628	0.0017674
164.720800	-0.0004271
164.735973	-0.0001457
164.751147	-0.0008871
164.766322	0.0000895
164.781497	-0.0003482
164.796673	0.0001775
164.811849	0.0001442
164.827027	-0.0007984
164.842205	-0.0005119
164.857384	0.0003324
164.872563	0.0000974
164.887743	0.0002577
164.902924	0.0000765
164.918106	0.0003056
164.933288	0.0005483
164.948471	0.0007968
164.963655	-0.0019972
164.978839	-0.0005355
164.994024	0.0010525
165.009210	0.0010732
165.024396	0.0001977
165.039584	0.0000083
165.054772	0.0006214
165.069960	0.0003210
165.085149	-0.0002546
165.100340	-0.0004155
165.115530	-0.0001486
165.130722	-0.0007224
165.145914	-0.0000029
165.161107	0.0004506
165.176300	-0.0005776
165.191494	-0.0007655
165.206689	-0.0009130
165.221885	-0.0004600
165.237081	-0.0015283
165.252278	-0.0002825
165.267476	-0.0013222
165.282674	-0.0006282
165.297874	0.0005686
165.313073	0.0001215
165.328274	-0.0001751
165.343475	-0.0008362
165.358677	0.0006486
165.373880	0.0004641
165.389083	-0.0010495
165.404287	-0.0004125
165.419492	0.0000141
165.434697	0.0000629
165.449904	0.0005619
165.465110	-0.0000888
165.480318	0.0001690
165.495526	0.0001869
165.510735	-0.0005539
165.525945	-0.0004807
165.541155	-0.0000594
165.556366	0.0006766
165.571578	0.0003364
165.586791	-0.0011356
165.602004	0.0002519
165.617218	0.0001252
165.632432	-0.0009372
165.647648	0.0004627
165.662864	0.0001764
165.678080	-0.0000238
165.693298	-0.0002950
165.708516	0.0005084
165.723735	0.0001279
165.738954	0.0001963
165.754174	-0.0001785
165.769395	-0.0007679
165.784617	-0.0003343
165.799839	-0.0000225
165.815062	0.0001221
165.830286	0.0001853
165.845510	0.0007343
165.860735	0.0000484
165.875961	-0.0006592
165.891188	-0.0000642
165.906415	0.0002690
165.921643	-0.0009086
165.936872	0.0003356
165.952101	-0.0004422
165.967331	0.0008395
165.982562	-0.0007135
165.997793	0.0003298
166.013025	0.0003881
166.028258	-0.0002705
166.043492	-0.0005394
166.058726	0.0002597
166.073961	-0.0004019
166.089197	-0.0012018
166.104433	0.0003594
166.119670	-0.0000149
166.134908	-0.0001614
166.150146	-0.0010037
166.165386	-0.0004044
166.180625	0.0010128
166.195866	-0.0004071
166.211107	-0.0019338
166.226349	0.0009531
166.241592	-0.0014648
166.256835	0.0000456
166.272079	-0.0007970
166.287324	0.0002422
166.302570	-0.0004255
166.317816	0.0000720
166.333063	-0.0005939
166.348310	-0.0005278
166.363559	-0.0001362
166.378808	-0.0009934
166.394058	0.0004534
166.409308	-0.0009017
166.424559	0.0010438
166.439811	0.0000901
166.455063	-0.0006302
166.470317	-0.0005686
166.485571	0.0002800
166.500825	-0.0014228
166.516081	-0.0000859
166.531337	0.0004961
166.546593	0.0001426
166.561851	-0.0005584
166.577109	0.0008127
166.592368	0.0006933
166.607627	0.0004755
166.622888	-0.0005120
166.638148	0.0003857
166.653410	0.0005365
166.668672	0.0005113
166.683936	0.0004755
166.699199	-0.0005578
166.714464	0.0008252
166.729729	0.0004185
166.744995	-0.0003847
166.760261	-0.0006900
166.775529	-0.0001819
166.790797	0.0005723
166.806065	0.0000892
166.821335	0.0006141
166.836605	-0.0004564
166.851876	-0.0001871
166.867147	0.0002746
166.882419	-0.0008660
166.897692	-0.0005735
166.912966	0.0000474
166.928240	0.0015263
166.943515	0.0029959
166.958791	0.0040196
166.974067	0.0077298
166.989344	0.0133385
167.004622	0.0197176
167.019901	0.0289033
167.035180	0.0359843
167.050460	0.0385919
167.065740	0.0439668
167.081022	0.0457521
167.096304	0.0434755
167.111586	0.0387500
167.126870	0.0328328
167.142154	0.0278181
167.157439	0.0218829
167.172724	0.0174949
167.188010	0.0124194
167.203297	0.0078158
167.218585	0.0067171
167.233873	0.0033565
167.249162	0.0031681
167.264452	0.0022727
167.279743	0.0000343
167.295034	0.0002751
167.310326	0.0004588
167.325618	0.0001265
167.340912	0.0006123
167.356205	-0.0013383
167.371500	0.0000517
167.386796	0.0012640
167.402092	-0.0000505
167.417388	-0.0006785
167.432686	-0.0005395
167.447984	-0.0000579
167.463283	-0.0007944
167.478582	0.0000964
167.493883	0.0004179
167.509184	-0.0006102
167.524485	-0.0007401
167.539788	-0.0003917
167.555091	0.0002241
167.570395	0.0005107
167.585699	0.0006164
167.601004	0.0000526
167.616310	-0.0003420
167.631617	-0.0011674
167.646924	0.0004212
167.662232	-0.0011649
167.677541	0.0004618
167.692850	-0.0002034
167.708160	0.0005599
167.723471	0.0011282
167.738783	-0.0001505
167.754095	0.0003499
167.769408	-0.0003557
167.784722	-0.0001131
167.800036	0.0005608
167.815351	0.0008718
167.830667	-0.0011258
167.845983	0.0002046
167.861300	-0.0015432
167.876618	-0.0001221
167.891937	-0.0002034
167.907256	-0.0008322
167.922576	0.0000167
167.937897	0.0004621
167.953218	-0.0003263
167.968540	-0.0008070
167.983863	-0.0014026
167.999186	0.0013189
168.014510	-0.0002728
168.029835	-0.0005289
168.045161	-0.0004281
168.060487	0.0007290
168.075814	-0.0006791
168.091142	0.0002331
168.106470	0.0009369
168.121799	-0.0006102
168.137129	-0.0002052
168.152460	0.0001306
168.167791	0.0002565
168.183123	0.0003683
168.198455	0.0005272
168.213788	0.0009044
168.229122	0.0002920
168.244457	0.0009069
168.259793	-0.0008871
168.275129	0.0001143
168.290466	0.0000613
168.305803	-0.0002892
168.321141	0.0003800
168.336480	0.0001607
168.351820	-0.0006272
168.367160	-0.0003235
168.382501	0.0006490
168.397843	0.0005011
168.413185	-0.0004250
168.428528	0.0004498
168.443872	0.0004391
168.459217	-0.0001278
168.474562	0.0013400
168.489908	-0.0000395
168.505255	0.0000788
168.520602	-0.0006793
168.535950	-0.0001659
168.551299	0.0001254
168.566648	0.0001595
168.581998	-0.0002381
168.597349	0.0006967
168.612701	-0.0000933
168.628053	-0.0010769
168.643406	0.0006273
168.658760	0.0001765
168.674114	-0.0002248
168.689469	-0.0000047
168.704825	-0.0004073
168.720181	0.0004701
168.735539	0.0001049
168.750896	0.0000143
168.766255	-0.0001447
168.781614	-0.0002984
168.796974	-0.0004842
168.812335	0.0003676
168.827696	0.0006240
168.843058	-0.0004799
168.858421	0.0010175
168.873785	-0.0000608
168.889149	-0.0003302
168.904514	0.0003674
168.919880	-0.0003225
168.935246	-0.0003279
168.950613	0.0004603
168.965981	-0.0014494
168.981349	-0.0004907
168.996718	0.0003672
169.012088	0.0000604
169.027458	-0.0000694
169.042830	0.0004138
169.058202	0.0003807
169.073574	0.0002538
169.088948	0.0007240
169.104322	0.0012888
169.119696	0.0011817
169.135072	0.0001631
169.150448	-0.0003404
169.165825	0.0012731
169.181202	0.0001674
169.196581	-0.0002530
169.211960	0.0009862
169.227339	0.0001352
169.242720	0.0004542
169.258101	0.0006532
169.273482	-0.0001074
169.288865	0.0003171
169.304248	-0.0000695
169.319632	-0.0004257
169.335016	0.0012843
169.350402	-0.0009427
169.365788	0.0008075
169.381174	-0.0003300
169.396562	-0.0001765
169.411950	-0.0009607
169.427339	0.0007775
169.442728	0.0012984
169.458118	0.0009874
169.473509	0.0020497
169.488901	0.0047381
169.504293	0.0067574
169.519686	0.0085829
169.535080	0.0113364
169.550474	0.0145089
169.565869	0.0142501
169.581265	0.0140469
169.596662	0.0147638
169.612059	0.0127926
169.627457	0.0106819
169.642855	0.0110318
169.658255	0.0077190
169.673655	0.0065143
169.689055	0.0045077
169.704457	0.0046977
169.719859	0.0023739
169.735262	0.0017627
169.750665	0.0004990
169.766070	0.0006439
169.781475	-0.0004160
169.796880	-0.0002066
169.812287	0.0002834
169.827694	0.0000833
169.843101	-0.0009235
169.858510	0.0011622
169.873919	0.0006524
169.889329	-0.0011324
169.904739	0.0000180
169.920151	-0.0000033
169.935563	-0.0008584
169.950975	-0.0002688
169.966389	0.0001230
169.981803	-0.0015596
169.997218	0.0002738
170.012633	-0.0007520
170.028049	0.0002438
170.043466	-0.0003835
170.058884	0.0002541
170.074302	0.0008707
170.089721	-0.0012774
170.105141	0.0002449
170.120561	-0.0011405
170.135982	-0.0004690
170.151404	0.0003348
170.166826	-0.0005376
170.182250	-0.0000081
170.197674	-0.0005215
170.213098	-0.0002621
170.228524	-0.0004552
170.243950	-0.0013273
170.259376	0.0010505
170.274804	-0.0006677
170.290232	0.0002967
170.305661	0.0007013
170.321090	-0.0002134
170.336520	-0.0000484
170.351951	-0.0005605
170.367383	0.0001568
170.382815	-0.0005998
170.398248	0.0004574
170.413682	0.0005669
170.429117	-0.0007502
170.444552	-0.0000615
170.459988	-0.0003167
170.475424	-0.0008374
170.490861	0.0003368
170.506299	0.0004351
170.521738	-0.0009229
170.537177	-0.0000112
170.552617	-0.0006498
170.568058	0.0006781
170.583500	0.0001434
170.598942	-0.0000201
170.614385	-0.0006005
170.629828	-0.0000514
170.645272	0.0002115
170.660717	-0.0007635
170.676163	-0.0006560
170.691610	-0.0004815
170.707057	-0.0003436
170.722504	-0.0000287
170.737953	0.0000693
170.753402	-0.0006541
170.768852	-0.0000239
170.784303	-0.0001560
170.799754	0.0010222
170.815206	-0.0003200
170.830659	0.0000388
170.846112	-0.0003635
170.861566	-0.0000842
170.877021	0.0008149
170.892476	-0.0006657
170.907933	0.0007881
170.923390	0.0008740
170.938847	0.0001700
170.954306	-0.0000607
170.969765	0.0006791
170.985224	0.0005978
171.000685	-0.0006186
171.016146	-0.0002288
171.031608	-0.0000787
171.047070	-0.0011716
171.062533	-0.0004382
171.077997	0.0011499
171.093462	-0.0002644
171.108927	0.0003645
171.124393	-0.0001154
171.139860	-0.0001286
171.155328	0.0003905
171.170796	0.0002754
171.186265	0.0002986
171.201734	0.0001508
171.217205	0.0007038
171.232676	0.0002712
171.248147	-0.0005031
171.263620	-0.0005384
171.279093	0.0004836
171.294566	0.0006802
171.310041	0.0006975
171.325516	0.0000420
171.340992	0.0002660
171.356469	-0.0004772
171.371946	0.0003303
171.387424	0.0009588
171.402903	-0.0000824
171.418382	-0.0010602
171.433862	-0.0002428
171.449343	-0.0000455
171.464824	-0.0006765
171.480307	-0.0002413
171.495789	-0.0009757
171.511273	-0.0003425
171.526757	-0.0004794
171.542242	-0.0001677
171.557728	0.0006228
171.573215	0.0004244
171.588702	-0.0011587
171.604189	-0.0010963
171.619678	-0.0009364
171.635167	0.0000583
171.650657	-0.0002025
171.666148	0.0000497
171.681639	-0.0003513
171.697131	0.0010310
171.712624	-0.0000881
171.728117	0.0010765
171.743612	-0.0011376
171.759106	-0.0005639
171.774602	0.0000822
171.790098	-0.0012156
171.805595	-0.0004938
171.821093	0.0000848
171.836591	0.0000878
171.852090	0.0001501
171.867590	-0.0000714
171.883090	0.0011382
171.898592	0.0001821
171.914094	0.0003761
171.929596	0.0004214
171.945099	0.0001192
171.960603	0.0008285
171.976108	0.0002747
171.991613	0.0006392
172.007120	0.0002262
172.022626	0.0001828
172.038134	0.0001934
172.053642	0.0000879
172.069151	0.0010304
172.084660	-0.0007123
172.100171	-0.0004122
172.115682	0.0006421
172.131193	0.0006209
172.146706	0.0011521
172.162219	-0.0005758
172.177733	-0.0003423
172.193247	-0.0000869
172.208763	0.0000540
172.224278	0.0002419
172.239795	0.0000836
172.255312	0.0006110
172.270830	-0.0006977
172.286349	-0.0001885
172.301869	0.0007207
172.317389	-0.0002059
172.332910	0.0011247
172.348431	-0.0004959
172.363953	-0.0007589
172.379476	-0.0002846
172.395000	0.0004902
172.410524	-0.0003078
172.426049	-0.0003143
172.441575	-0.0001680
172.457102	-0.0008037
172.472629	0.0001676
172.488157	-0.0001966
172.503685	0.0008612
172.519214	-0.0000368
172.534744	-0.0003430
172.550275	-0.0000644
172.565806	-0.0004559
172.581339	0.0003792
172.596871	0.0000302
172.612405	0.0004810
172.627939	-0.0010500
172.643474	0.0007405
172.659009	-0.0001465
172.674546	-0.0005781
172.690083	-0.0003206
172.705620	-0.0004159
172.721159	-0.0002421
172.736698	0.0003266
172.752238	-0.0003684
172.767778	-0.0003735
172.783320	-0.0004965
172.798861	0.0002397
172.814404	-0.0001808
172.829947	0.0002193
172.845491	-0.0001952
172.861036	0.0008344
172.876582	0.0000181
172.892128	0.0002790
172.907674	0.0002251
172.923222	0.0004191
172.938770	0.0001509
172.954319	0.0008188
172.969869	0.0001099
172.985419	-0.0000150
173.000970	0.0010467
173.016522	0.0000842
173.032074	-0.0002153
173.047628	-0.0001824
173.063181	0.0000117
173.078736	0.0001144
173.094291	0.0000561
173.109847	-0.0004986
173.125404	-0.0001005
173.140961	0.0004808
173.156519	-0.0001909
173.172078	0.0004887
173.187637	-0.0013630
173.203198	-0.0000773
173.218759	-0.0001994
173.234320	0.0009892
173.249882	-0.0009498
173.265445	0.0000345
173.281009	-0.0001890
173.296573	0.0002863
173.312139	0.0000369
173.327704	0.0004114
173.343271	0.0003381
173.358838	0.0002037
173.374406	0.0001153
173.389975	-0.0007545
173.405544	0.0019106
173.421114	-0.0003400
173.436685	0.0000277
173.452256	0.0009562
173.467828	-0.0008292
173.483401	-0.0008827
173.498974	-0.0004402
173.514549	-0.0001975
173.530124	0.0008128
173.545699	0.0002888
173.561275	-0.0006019
173.576853	0.0003294
173.592430	0.0003527
173.608009	-0.0000264
173.623588	-0.0009442
173.639168	0.0004972
173.654748	0.0000438
173.670329	-0.0003197
173.685911	-0.0002130
173.701494	0.0001518
173.717077	-0.0002902
173.732661	0.0003107
173.748246	0.0003845
173.763832	-0.0006102
173.779418	-0.0002225
173.795005	-0.0003614
173.810592	-0.0007620
173.826181	0.0004818
173.841770	0.0006603
173.857359	0.0001102
173.872950	-0.0007569
173.888541	-0.0000658
173.904132	0.0009314
173.919725	0.0003546
173.935318	0.0002151
173.950912	-0.0003688
173.966507	0.0001015
173.982102	-0.0002285
173.997698	0.0006624
174.013295	-0.0000489
174.028892	0.0006749
174.044490	0.0006969
174.060089	-0.0001339
174.075688	0.0003756
174.091289	-0.0007878
174.106890	0.0001544
174.122491	-0.0002628
174.138093	-0.0002453
174.153696	0.0006260
174.169300	0.0008150
174.184905	0.0002325
174.200510	0.0001305
174.216116	0.0008348
174.231722	-0.0000619
174.247329	-0.0003196
174.262937	0.0005310
174.278546	-0.0003182
174.294155	-0.0006787
174.309765	-0.0009952
174.325376	0.0005604
174.340988	-0.0004745
174.356600	-0.0008814
174.372213	0.0000178
174.387826	-0.0005835
174.403440	0.0005668
174.419055	0.0002382
174.434671	-0.0000019
174.450287	0.0011469
174.465904	0.0005157
174.481522	0.0001252
174.497141	-0.0003497
174.512760	0.0000904
174.528380	0.0000576
174.544000	0.0005249
174.559622	-0.0002724
174.575244	0.0001282
174.590866	0.0002867
174.606490	0.0007686
174.622114	0.0009375
174.637738	0.0007947
174.653364	-0.0004297
174.668990	0.0005485
174.684617	0.0000396
174.700245	0.0004512
174.715873	-0.0002469
174.731502	-0.0006891
174.747132	-0.0003072
174.762762	0.0002491
174.778393	0.0008641
174.794025	-0.0007558
174.809658	-0.0003449
174.825291	0.0000703
174.840925	0.0002661
174.856559	-0.0006271
174.872195	-0.0009708
174.887831	0.0007829
174.903467	-0.0004677
174.919105	-0.0003405
174.934743	0.0017464
174.950382	-0.0009479
174.966021	0.0008350
174.981662	-0.0003859
174.997303	0.0006513
175.012944	0.0003999
175.028587	0.0006341
175.044230	-0.0005306
175.059873	-0.0008481
175.075518	-0.0000568
175.091163	-0.0009663
175.106809	0.0002766
175.122456	0.0010011
175.138103	-0.0006860
175.153751	-0.0006128
175.169399	0.0003624
175.185049	0.0002029
175.200699	0.0000508
175.216350	0.0002862
175.232001	-0.0002740
175.247653	0.0005936
175.263306	0.0000437
175.278960	0.0004086
175.294614	-0.0008283
175.310269	-0.0000520
175.325925	-0.0007580
175.341581	0.0003234
175.357238	0.0002780
175.372896	0.0004057
175.388555	0.0005222
175.404214	-0.0002049
175.419874	-0.0002608
175.435534	-0.0004765
175.451196	0.0001415
175.466858	0.0005949
175.482520	-0.0009657
175.498184	-0.0005777
175.513848	0.0005330
175.529513	-0.0002364
175.545178	0.0006606
175.560845	-0.0011311
175.576512	-0.0001212
175.592179	0.0008919
175.607848	-0.0006357
175.623517	0.0013230
175.639186	0.0010382
175.654857	0.0008710
175.670528	-0.0006458
175.686200	0.0005221
175.701872	0.0015838
175.717546	-0.0000918
175.733220	0.0008802
175.748894	0.0006578
175.764570	-0.0001836
175.780246	-0.0005901
175.795922	0.0003353
175.811600	-0.0002866
175.827278	-0.0011782
175.842957	0.0007682
175.858637	0.0000553
175.874317	0.0008446
175.889998	0.0001744
175.905680	-0.0010348
175.921362	-0.0010435
175.937045	-0.0006354
175.952729	0.0008448
175.968413	-0.0002495
175.984098	0.0003130
175.999784	0.0003060
176.015471	0.0002106
176.031158	0.0006348
176.046846	0.0008272
176.062535	-0.0006525
176.078224	-0.0001467
176.093915	0.0000131
176.109605	0.0002346
176.125297	-0.0000793
176.140989	0.0004880
176.156682	-0.0001253
176.172376	-0.0004700
176.188070	0.0000804
176.203765	0.0004598
176.219461	0.0001880
176.235157	-0.0004379
176.250854	-0.0008949
176.266552	-0.0006688
176.282251	0.0003396
176.297950	0.0006629
176.313650	0.0007477
176.329351	-0.0018982
176.345052	-0.0000603
176.360754	-0.0008607
176.376457	0.0001688
176.392160	-0.0007805
176.407864	-0.0001117
176.423569	-0.0002405
176.439275	0.0001388
176.454981	0.0005408
176.470688	0.0001063
176.486396	0.0006458
176.502104	-0.0002748
176.517813	-0.0000844
176.533523	-0.0012092
176.549234	0.0000815
176.564945	0.0008456
176.580657	-0.0003162
176.596369	0.0005305
176.612082	-0.0005705
176.627796	0.0003263
176.643511	-0.0013001
176.659227	0.0007297
176.674943	-0.0000895
176.690660	0.0005978
176.706377	0.0012281
176.722095	0.0000220
176.737814	0.0000261
176.753534	-0.0004531
176.769254	-0.0008356
176.784975	-0.0009463
176.800697	0.0001817
176.816419	0.0004506
176.832142	-0.0001386
176.847866	-0.0003451
176.863591	-0.0007013
176.879316	-0.0000113
176.895042	0.0000415
176.910769	0.0001594
176.926496	-0.0011096
176.942224	0.0005051
176.957953	-0.0006360
176.973682	-0.0003886
176.989412	0.0001691
177.005143	-0.0014882
177.020875	0.0003859
177.036607	0.0015719
177.052340	0.0001311
177.068074	-0.0005121
177.083808	0.0007079
177.099543	-0.0005128
177.115279	-0.0004297
177.131015	0.0002137
177.146752	0.0004599
177.162490	-0.0001696
177.178229	0.0002107
177.193968	0.0000269
177.209708	0.0006087
177.225449	-0.0001916
177.241190	0.0004325
177.256932	0.0000288
177.272675	0.0012815
177.288419	-0.0001946
177.304163	-0.0002772
177.319908	0.0010491
177.335653	0.0009446
177.351400	-0.0006095
177.367147	-0.0009287
177.382894	0.0006658
177.398643	-0.0005082
177.414392	0.0001204
177.430142	-0.0003284
177.445892	0.0005289
177.461644	-0.0001937
177.477396	-0.0004435
177.493148	-0.0000013
177.508901	-0.0005551
177.524656	0.0004457
177.540410	-0.0001240
177.556166	0.0011329
177.571922	0.0016559
177.587679	0.0002396
177.603436	0.0017282
177.619194	0.0011151
177.634953	0.0011112
177.650713	0.0022110
177.666473	0.0006300
177.682234	0.0017107
177.697996	-0.0001907
177.713759	0.0004472
177.729522	0.0006047
177.745286	-0.0004290
177.761050	0.0006148
177.776816	-0.0002758
177.792582	-0.0009886
177.808348	-0.0004758
177.824116	-0.0005150
177.839884	0.0011303
177.855653	0.0013078
177.871422	-0.0007669
177.887192	0.0003774
177.902963	-0.0003647
177.918735	-0.0004184
177.934507	0.0006657
177.950280	-0.0003477
177.966054	0.0002980
177.981828	-0.0001761
177.997603	-0.0004766
178.013379	0.0004714
178.029156	0.0000744
178.044933	0.0003614
178.060711	0.0014854
178.076489	0.0006158
178.092269	-0.0008337
178.108049	-0.0009570
178.123829	-0.0000902
178.139611	-0.0004103
178.155393	0.0000856
178.171176	-0.0008186
178.186959	-0.0000367
178.202744	-0.0000957
178.218528	0.0004247
178.234314	-0.0005555
178.250100	0.0000803
178.265888	-0.0000495
178.281675	-0.0002864
178.297464	-0.0009328
178.313253	0.0013513
178.329043	0.0010995
178.344833	-0.0001267
178.360625	0.0000847
178.376417	0.0006002
178.392209	-0.0003053
178.408003	0.0009378
178.423797	0.0000278
178.439591	0.0004077
178.455387	-0.0004223
178.471183	-0.0007813
178.486980	-0.0011708
178.502778	-0.0012859
178.518576	0.0009524
178.534375	0.0005717
178.550174	-0.0003257
178.565975	-0.0002298
178.581776	0.0001311
178.597578	0.0007513
178.613380	-0.0002997
178.629183	0.0000619
178.644987	-0.0001374
178.660792	-0.0007536
178.676597	0.0003252
178.692403	0.0003221
178.708210	-0.0004919
178.724017	-0.0004580
178.739826	0.0003175
178.755634	0.0001837
178.771444	0.0006732
178.787254	0.0005309
178.803065	-0.0004345
178.818877	-0.0009284
178.834689	-0.0007233
178.850502	0.0004768
178.866316	-0.0000585
178.882130	-0.0006299
178.897945	0.0004389
178.913761	0.0012208
178.929578	-0.0001917
178.945395	0.0005011
178.961213	0.0001774
178.977032	-0.0014961
178.992851	-0.0003849
179.008671	-0.0000394
179.024492	0.0006082
179.040313	-0.0007341
179.056136	0.0001387
179.071958	0.0000219
179.087782	-0.0003261
179.103606	0.0009355
179.119431	-0.0001340
179.135257	0.0008446
179.151083	-0.0002480
179.166910	-0.0008453
179.182738	-0.0007070
179.198567	0.0000622
179.214396	-0.0001603
179.230226	0.0001658
179.246056	0.0001402
179.261888	0.0001046
179.277720	0.0005550
179.293552	0.0002562
179.309386	-0.0003373
179.325220	-0.0002505
179.341055	0.0001534
179.356890	0.0013675
179.372726	0.0004984
179.388563	0.0004960
179.404401	-0.0003292
179.420239	0.0010808
179.436078	0.0012285
179.451918	-0.0000330
179.467758	0.0005451
179.483600	0.0000426
179.499441	-0.0006094
179.515284	0.0005626
179.531127	-0.0002462
179.546971	0.0013886
179.562816	0.0001112
179.578661	0.0011205
179.594507	-0.0001074
179.610354	-0.0004242
179.626201	0.0003785
179.642050	0.0009985
179.657898	-0.0018620
179.673748	0.0006929
179.689598	-0.0002064
179.705449	-0.0008106
179.721301	-0.0004922
179.737153	0.0000718
179.753006	-0.0000629
179.768860	-0.0005098
179.784715	-0.0002065
179.800570	0.0001425
179.816426	0.0000807
179.832282	-0.0000541
179.848140	-0.0003761
179.863997	0.0001448
179.879856	-0.0003015
179.895716	-0.0000148
179.911576	0.0001879
179.927436	-0.0004826
179.943298	-0.0001311
179.959160	-0.0010189
179.975023	0.0011281
179.990887	-0.0000764
180.006751	0.0005758
180.022616	-0.0009972
180.038482	0.0008742
180.054348	0.0013420
180.070215	-0.0007899
180.086083	0.0006158
180.101952	0.0005828
180.117821	0.0014930
180.133691	0.0036504
180.149561	0.0054570
180.165433	0.0070293
180.181305	0.0099806
180.197178	0.0118560
180.213051	0.0150363
180.228925	0.0173925
180.244800	0.0166918
180.260676	0.0160268
180.276552	0.0169031
180.292429	0.0138366
180.308306	0.0125639
180.324185	0.0089499
180.340064	0.0070609
180.355944	0.0056307
180.371824	0.0049568
180.387705	0.0033192
180.403587	0.0022176
180.419470	0.0008935
180.435353	0.0011724
180.451237	0.0004487
180.467122	0.0005268
180.483007	-0.0000101
180.498893	0.0009166
180.514780	-0.0016712
180.530667	0.0001786
180.546556	-0.0004631
180.562444	0.0004468
180.578334	-0.0002476
180.594224	-0.0004708
180.610115	0.0004194
180.626007	-0.0004129
180.641900	-0.0006393
180.657793	0.0000541
180.673686	-0.0007357
180.689581	0.0000626
180.705476	0.0003759
180.721372	-0.0000513
180.737269	0.0004499
180.753166	-0.0004209
180.769064	0.0011154
180.784963	0.0003882
180.800862	0.0000909
180.816762	-0.0000206
180.832663	-0.0005274
180.848565	-0.0003935
180.864467	0.0005792
180.880370	-0.0003632
180.896274	-0.0008969
180.912178	0.0000614
180.928083	-0.0000465
180.943989	-0.0008013
180.959895	-0.0002004
180.975802	-0.0012291
180.991710	0.0004249
181.007619	0.0003313
181.023528	-0.0007566
181.039438	0.0003362
181.055349	-0.0002596
181.071260	-0.0007435
181.087172	-0.0009122
181.103085	0.0009674
181.118998	0.0006792
181.134913	-0.0002625
181.150827	-0.0004224
181.166743	0.0003197
181.182659	0.0002769
181.198576	0.0010734
181.214494	-0.0013724
181.230412	-0.0008958
181.246332	-0.0009885
181.262251	-0.0005945
181.278172	-0.0002274
181.294093	0.0001430
181.310015	0.0006200
181.325938	0.0010216
181.341861	-0.0004094
181.357785	-0.0013006
181.373710	-0.0011925
181.389635	-0.0004535
181.405561	-0.0002219
181.421488	-0.0010730
181.437415	0.0007045
181.453344	0.0003463
181.469273	0.0001104
181.485202	-0.0002627
181.501133	-0.0001695
181.517064	0.0006452
181.532995	0.0008215
181.548928	-0.0007210
181.564861	-0.0000779
181.580795	-0.0003659
181.596729	0.0001268
181.612665	0.0006294
181.628601	0.0001594
181.644537	-0.0008681
181.660475	-0.0005362
181.676413	-0.0003533
181.692351	-0.0003635
181.708291	-0.0007066
181.724231	0.0002815
181.740172	0.0001780
181.756114	-0.0000309
181.772056	0.0005716
181.787999	-0.0004437
181.803943	-0.0000872
181.819887	0.0012221
181.835832	-0.0014103
181.851778	0.0004680
181.867724	-0.0005007
181.883671	-0.0006176
181.899619	0.0002002
181.915568	0.0000720
181.931517	-0.0002655
181.947467	0.0001234
181.963418	0.0004052
181.979369	0.0000941
181.995322	-0.0002786
182.011274	-0.0000466
182.027228	-0.0002465
182.043182	-0.0002162
182.059137	-0.0000452
182.075093	-0.0014313
182.091049	0.0004855
182.107006	0.0008634
182.122964	0.0000976
182.138922	0.0014990
182.154881	-0.0010005
182.170841	-0.0001511
182.186802	-0.0006424
182.202763	-0.0003503
182.218725	0.0001099
182.234688	-0.0000727
182.250651	-0.0002547
182.266615	0.0006119
182.282580	0.0000503
182.298545	-0.0005426
182.314511	0.0003978
182.330478	0.0001686
182.346446	-0.0003061
182.362414	-0.0010248
182.378383	0.0006951
182.394353	-0.0001132
182.410323	0.0007639
182.426294	-0.0006046
182.442266	-0.0003150
182.458238	0.0006199
182.474212	-0.0001644
182.490185	0.0007780
182.506160	0.0009585
182.522135	0.0014339
182.538111	0.0001163
182.554088	-0.0002840
182.570065	-0.0003646
182.586043	-0.0001149
182.602022	0.0000099
182.618002	-0.0005355
182.633982	0.0001087
182.649963	-0.0005686
182.665945	0.0000269
182.681927	0.0001060
182.697910	-0.0002924
182.713894	-0.0000139
182.729878	-0.0008042
182.745863	-0.0001615
182.761849	-0.0008426
182.777835	0.0013610
182.793823	-0.0001819
182.809811	-0.0001003
182.825799	0.0001217
182.841789	-0.0002799
182.857779	-0.0016894
182.873769	0.0012796
182.889761	-0.0002575
182.905753	-0.0013608
182.921746	-0.0006498
182.937739	-0.0004472
182.953734	0.0007434
182.969729	0.0002010
182.985724	-0.0008677
183.001721	-0.0003383
183.017718	-0.0004206
183.033716	0.0000798
183.049714	-0.0006960
183.065713	-0.0008425
183.081713	-0.0011559
183.097714	0.0005269
183.113715	0.0003199
183.129717	0.0006474
183.145720	0.0005196
183.161723	-0.0000843
183.177727	-0.0003489
183.193732	-0.0001043
183.209737	0.0007483
183.225744	-0.0003925
183.241750	0.0007051
183.257758	-0.0003797
183.273766	-0.0001778
183.289775	0.0010130
183.305785	-0.0003307
183.321795	0.0007765
183.337807	0.0006807
183.353818	-0.0009106
183.369831	0.0000671
183.385844	-0.0004093
183.401858	0.0003231
183.417873	0.0004600
183.433888	-0.0009531
183.449904	-0.0003174
183.465921	-0.0014950
183.481938	0.0001934
183.497956	0.0002138
183.513975	-0.0004243
183.529995	-0.0003838
183.546015	-0.0000190
183.562036	-0.0010317
183.578058	0.0010266
183.594080	-0.0001038
183.610103	-0.0001717
183.626127	0.0004169
183.642151	0.0001269
183.658176	0.0001265
183.674202	0.0001708
183.690229	0.0001724
183.706256	0.0005970
183.722284	0.0000179
183.738313	0.0005116
183.754342	-0.0005710
183.770372	-0.0004071
183.786403	0.0005474
183.802434	0.0013219
183.818467	0.0000929
183.834500	0.0005236
183.850533	-0.0001532
183.866567	-0.0005866
183.882602	-0.0000210
183.898638	0.0005402
183.914674	-0.0007006
183.930712	-0.0010324
183.946749	0.0002664
183.962788	0.0004638
183.978827	0.0000586
183.994867	0.0011269
184.010908	0.0000282
184.026949	0.0004718
184.042991	-0.0007458
184.059034	-0.0002536
184.075077	-0.0002625
184.091121	0.0010940
184.107166	-0.0006865
184.123212	0.0002000
184.139258	-0.0002362
184.155305	-0.0010278
184.171352	-0.0004260
184.187401	-0.0003972
184.203450	-0.0003537
184.219500	0.0003595
184.235550	0.0009988
184.251601	0.0001579
184.267653	0.0001436
184.283706	-0.0006513
184.299759	0.0014071
184.315813	-0.0016269
184.331867	-0.0008266
184.347923	-0.0000669
184.363979	0.0007524
184.380036	0.0001261
184.396093	-0.0007592
184.412151	0.0002969
184.428210	0.0000335
184.444270	0.0011463
184.460330	0.0001027
184.476391	0.0011409
184.492453	0.0002314
184.508515	0.0004850
184.524578	0.0001182
184.540642	0.0005248
184.556706	-0.0003156
184.572772	0.0002461
184.588838	-0.0004765
184.604904	-0.0001581
184.620971	-0.0004791
184.637040	0.0002922
184.653108	-0.0000140
184.669178	-0.0005791
184.685248	-0.0004012
184.701319	0.0001920
184.717390	-0.0009005
184.733462	-0.0002723
184.749535	0.0000326
184.765609	-0.0005528
184.781683	-0.0003036
184.797758	-0.0007236
184.813834	0.0008986
184.829910	0.0001759
184.845988	0.0002900
184.862065	0.0004671
184.878144	-0.0003230
184.894223	-0.0001559
184.910303	-0.0001019
184.926384	0.0014129
184.942465	0.0019274
184.958547	0.0037234
184.974630	0.0060203
184.990713	0.0076716
185.006798	0.0127975
185.022882	0.0184317
185.038968	0.0216898
185.055054	0.0274915
185.071141	0.0303102
185.087229	0.0302860
185.103317	0.0294207
185.119406	0.0274445
185.135496	0.0242042
185.151587	0.0194410
185.167678	0.0172498
185.183770	0.0127334
185.199862	0.0089898
185.215956	0.0063351
185.232050	0.0047454
185.248144	0.0032755
185.264240	0.0019534
185.280336	0.0018541
185.296433	0.0007226
185.312530	0.0007523
185.328628	0.0007987
185.344727	0.0002015
185.360827	0.0007618
185.376927	-0.0000356
185.393028	-0.0003597
185.409130	-0.0002016
185.425232	-0.0010948
185.441335	0.0004768
185.457439	0.0009907
185.473544	0.0005321
185.489649	-0.0001625
185.505755	0.0001650
185.521862	-0.0007417
185.537969	-0.0011451
185.554077	-0.0002136
185.570186	-0.0003017
185.586295	0.0001707
185.602405	-0.0002617
185.618516	0.0000027
185.634628	0.0002726
185.650740	-0.0003729
185.666853	-0.0005335
185.682967	-0.0002118
185.699081	-0.0003024
185.715196	0.0005560
185.731312	-0.0011857
185.747428	-0.0005959
185.763546	-0.0002693
185.779663	0.0005537
185.795782	-0.0006738
185.811901	0.0001516
185.828021	-0.0007169
185.844142	0.0001290
185.860263	0.0000051
185.876385	0.0003697
185.892508	0.0003549
185.908632	0.0002453
185.924756	-0.0006611
185.940881	0.0001057
185.957006	-0.0005065
185.973133	-0.0001716
185.989260	0.0001272
186.005388	-0.0003736
186.021516	0.0007660
186.037645	0.0004111
186.053775	-0.0001956
186.069905	0.0004567
186.086037	0.0005967
186.102169	-0.0003836
186.118301	0.0002569
186.134435	0.0000278
186.150569	0.0006864
186.166703	-0.0000372
186.182839	-0.0001626
186.198975	-0.0003599
186.215112	-0.0000282
186.231249	0.0010897
186.247388	-0.0000919
186.263526	0.0004501
186.279666	-0.0003365
186.295806	0.0005636
186.311948	-0.0002142
186.328089	-0.0011655
186.344232	-0.0002121
186.360375	-0.0000672
186.376519	-0.0001632
186.392663	-0.0005486
186.408809	0.0002032
186.424955	0.0003977
186.441101	0.0000271
186.457249	0.0002143
186.473397	0.0004941
186.489546	0.0004371
186.505695	0.0006390
186.521845	0.0000754
186.537996	-0.0005384
186.554148	0.0007469
186.570300	0.0009592
186.586453	0.0013557
186.602607	0.0006210
186.618761	0.0006673
186.634916	-0.0012116
186.651072	0.0015767
186.667229	-0.0002094
186.683386	0.0002259
186.699544	-0.0015381
186.715702	-0.0001768
186.731862	0.0013115
186.748022	0.0005420
186.764182	-0.0008286
186.780344	0.0002400
186.796506	0.0001461
186.812669	0.0001579
186.828832	0.0001043
186.844996	0.0007922
186.861161	-0.0012723
186.877327	0.0003528
186.893493	0.0008877
186.909660	0.0001601
186.925828	-0.0004580
186.941997	0.0007672
186.958166	0.0009894
186.974336	0.0003604
186.990506	0.0011446
187.006678	-0.0001568
187.022849	0.0008523
187.039022	0.0001662
187.055196	-0.0001887
187.071370	0.0005856
187.087544	0.0007176
187.103720	0.0004597
187.119896	0.0010942
187.136073	0.0002799
187.152250	0.0000886
187.168429	0.0003374
187.184608	-0.0000873
187.200787	-0.0002310
187.216968	0.0005783
187.233149	0.0003539
187.249331	0.0002690
187.265513	-0.0004950
187.281696	0.0011113
187.297880	0.0002982
187.314065	0.0002631
187.330250	0.0008790
187.346436	0.0004818
187.362623	0.0006222
187.378810	0.0005706
187.394998	0.0008346
187.411187	-0.0007224
187.427377	0.0002317
187.443567	-0.0002616
187.459758	-0.0001920
187.475950	-0.0001728
187.492142	-0.0009532
187.508335	0.0000185
187.524529	-0.0002463
187.540723	0.0006738
187.556918	-0.0013946
187.573114	-0.0001817
187.589311	-0.0007986
187.605508	-0.0007123
187.621706	0.0002222
187.637905	-0.0008415
187.654104	-0.0003265
187.670304	-0.0001393
187.686505	-0.0001324
187.702706	-0.0005157
187.718908	0.0003647
187.735111	0.0000974
187.751315	0.0008239
187.767519	-0.0000621
187.783724	0.0000411
187.799930	-0.0000400
187.816136	0.0002549
187.832343	0.0005679
187.848551	-0.0007648
187.864760	-0.0007508
187.880969	0.0010558
187.897179	-0.0004602
187.913389	0.0002382
187.929600	0.0003797
187.945812	-0.0011102
187.962025	-0.0015194
187.978239	-0.0005666
187.994453	0.0007617
188.010668	0.0002715
188.026883	0.0020598
188.043099	0.0002323
188.059316	-0.0002110
188.075534	-0.0003621
188.091752	0.0004327
188.107971	0.0009017
188.124191	0.0000270
188.140411	-0.0001979
188.156632	0.0005217
188.172854	-0.0002600
188.189077	-0.0009439
188.205300	0.0009536
188.221524	0.0002742
188.237749	0.0005673
188.253974	0.0005899
188.270200	0.0004846
188.286427	0.0008247
188.302654	-0.0001937
188.318882	-0.0014478
188.335111	0.0008138
188.351341	0.0003110
188.367571	0.0006821
188.383802	-0.0001287
188.400034	0.0002291
188.416266	-0.0005303
188.432499	0.0012017
188.448733	0.0000063
188.464967	-0.0005245
188.481203	-0.0006970
188.497438	0.0001176
188.513675	0.0002329
188.529912	-0.0000636
188.546150	0.0001384
188.562389	0.0004954
188.578628	0.0001910
188.594868	-0.0001938
188.611109	-0.0004048
188.627351	-0.0000396
188.643593	-0.0000044
188.659836	-0.0002071
188.676080	-0.0008835
188.692324	0.0008145
188.708569	0.0000752
188.724815	-0.0006075
188.741061	-0.0000532
188.757308	-0.0010223
188.773556	-0.0004857
188.789804	0.0000260
188.806054	-0.0007521
188.822304	0.0000867
188.838554	0.0009794
188.854806	-0.0002822
188.871058	-0.0002977
188.887310	-0.0000150
188.903564	0.0006376
188.919818	0.0004868
188.936073	0.0002790
188.952328	0.0000025
188.968585	0.0004145
188.984842	0.0008033
189.001099	-0.0007420
189.017358	0.0006662
189.033617	0.0004130
189.049876	0.0003924
189.066137	-0.0007636
189.082398	0.0006960
189.098660	-0.0003408
189.114922	0.0002173
189.131186	0.0005554
189.147450	0.0011862
189.163714	-0.0000099
189.179980	-0.0000413
189.196246	-0.0005597
189.212513	0.0010244
189.228780	-0.0005079
189.245048	-0.0000973
189.261317	0.0000802
189.277587	0.0005415
189.293857	0.0007931
189.310128	0.0000042
189.326400	-0.0003370
189.342672	-0.0004178
189.358945	0.0003638
189.375219	0.0003793
189.391494	-0.0009856
189.407769	-0.0005909
189.424045	-0.0000993
189.440321	-0.0009265
189.456599	-0.0008617
189.472877	-0.0000092
189.489156	-0.0002625
189.505435	-0.0001622
189.521715	0.0002954
189.537996	0.0004260
189.554277	-0.0004603
189.570560	0.0004046
189.586843	0.0003326
189.603126	0.0011626
189.619411	0.0006800
189.635696	0.0004155
189.651981	0.0005701
189.668268	-0.0008427
189.684555	0.0004046
189.700843	-0.0001872
189.717131	0.0007446
189.733421	0.0008418
189.749711	0.0005278
189.766001	0.0000726
189.782293	0.0018189
189.798585	0.0004341
189.814878	0.0005529
189.831171	0.0000789
189.847465	0.0012188
189.863760	-0.0002897
189.880056	0.0007322
189.896352	0.0008921
189.912649	0.0012587
189.928947	0.0006566
189.945245	-0.0003747
189.961544	0.0006881
189.977844	0.0000528
189.994144	0.0004255
190.010446	-0.0004458
190.026748	0.0007781
190.043050	0.0000968
190.059354	0.0005369
190.075658	-0.0004671
190.091962	-0.0002410
190.108268	0.0002099
190.124574	-0.0000894
190.140881	-0.0015610
190.157188	0.0002102
190.173496	0.0002027
190.189805	-0.0006734
190.206115	-0.0007763
190.222425	-0.0000564
190.238736	0.0004423
190.255048	-0.0001142
190.271361	0.0000010
190.287674	0.0000791
190.303988	-0.0000012
190.320302	0.0000207
190.336617	0.0002510
190.352933	-0.0002134
190.369250	-0.0012828
190.385567	-0.0003117
190.401885	0.0011814
190.418204	-0.0000082
190.434524	0.0000073
190.450844	0.0008028
190.467165	-0.0000950
190.483486	0.0003649
190.499808	0.0002007
190.516131	0.0003414
190.532455	0.0002239
190.548780	0.0004341
190.565105	0.0000007
190.581430	-0.0004313
190.597757	-0.0000070
190.614084	0.0001009
190.630412	0.0002441
190.646741	-0.0002220
190.663070	-0.0000101
190.679400	-0.0003917
190.695731	0.0003990
190.712062	-0.0001855
190.728394	0.0004139
190.744727	0.0000127
190.761060	-0.0000769
190.777395	0.0008827
190.793730	0.0006064
190.810065	-0.0006973
190.826402	0.0003166
190.842739	0.0006277
190.859076	-0.0010877
190.875415	-0.0003459
190.891754	0.0006062
190.908094	0.0002226
190.924434	-0.0019167
190.940775	-0.0003336
190.957117	0.0006376
190.973460	0.0003262
190.989803	0.0002187
191.006147	0.0005972
191.022492	-0.0005909
191.038838	0.0012659
191.055184	-0.0005710
191.071531	0.0005057
191.087878	0.0004689
191.104227	-0.0005992
191.120576	-0.0003346
191.136925	0.0009192
191.153276	0.0000333
191.169627	-0.0000872
191.185978	0.0006061
191.202331	-0.0006475
191.218684	-0.0000458
191.235038	0.0004124
191.251393	-0.0009467
191.267748	-0.0002222
191.284104	0.0003561
191.300461	-0.0001354
191.316818	-0.0004317
191.333176	-0.0005392
191.349535	-0.0009529
191.365894	-0.0005503
191.382255	0.0000699
191.398615	-0.0010362
191.414977	0.0002206
191.431339	0.0004612
191.447702	0.0000667
191.464066	0.0002716
191.480431	0.0000137
191.496796	-0.0005753
191.513161	0.0000875
191.529528	0.0008317
191.545895	-0.0004433
191.562263	-0.0002037
191.578632	-0.0002344
191.595001	-0.0000682
191.611371	0.0010834
191.627742	-0.0002917
191.644113	0.0000987
191.660486	-0.0000963
191.676858	0.0008160
191.693232	-0.0000319
191.709606	-0.0000038
191.725981	0.0001399
191.742357	-0.0005370
191.758733	-0.0000686
191.775110	0.0004448
191.791488	0.0000605
191.807866	0.0005663
191.824246	0.0001186
191.840626	0.0009704
191.857006	0.0001071
191.873387	0.0001586
191.889769	-0.0000114
191.906152	0.0006882
191.922535	0.0003465
191.938920	0.0000865
191.955304	0.0004226
191.971690	0.0002477
191.988076	-0.0001498
192.004463	0.0003033
192.020850	0.0004025
192.037239	0.0004908
192.053628	-0.0002557
192.070017	-0.0000609
192.086408	0.0001271
192.102799	-0.0009845
192.119191	-0.0004924
192.135583	-0.0004242
192.151977	0.0010509
192.168370	0.0003727
192.184765	-0.0003362
192.201160	-0.0001659
192.217556	-0.0001198
192.233953	-0.0003075
192.250351	0.0002384
192.266749	-0.0001548
192.283148	-0.0005692
192.299547	0.0007047
192.315947	-0.0003215
192.332348	-0.0008987
192.348750	0.0004036
192.365152	0.0004459
192.381555	-0.0010381
192.397959	0.0010226
192.414364	0.0004843
192.430769	0.0000462
192.447175	-0.0011826
192.463581	-0.0003950
192.479988	-0.0000809
192.496396	-0.0007309
192.512805	0.0013968
192.529214	0.0004565
192.545625	-0.0006280
192.562035	-0.0009023
192.578447	0.0007323
192.594859	0.0000646
192.611272	-0.0008632
192.627685	-0.0002254
192.644100	-0.0006583
192.660515	0.0001409
192.676930	0.0005716
192.693347	-0.0007620
192.709764	0.0002389
192.726182	-0.0006469
192.742600	0.0008458
192.759020	0.0000901
192.775439	-0.0000462
192.791860	-0.0004928
192.808281	0.0000518
192.824703	0.0003781
192.841126	-0.0004124
192.857550	-0.0007218
192.873974	0.0006304
192.890398	0.0000016
192.906824	0.0008513
192.923250	0.0004442
192.939677	0.0003943
192.956105	0.0011984
192.972533	-0.0003400
192.988962	0.0001812
193.005392	-0.0001249
193.021822	0.0008306
193.038254	-0.0000025
193.054685	0.0022268
193.071118	0.0029921
193.087551	0.0041880
193.103985	0.0051245
193.120420	0.0056307
193.136855	0.0050027
193.153291	0.0053201
193.169728	0.0051655
193.186165	0.0043386
193.202604	0.0049451
193.219043	0.0047827
193.235482	0.0036388
193.251922	0.0032369
193.268363	0.0017148
193.284805	0.0009483
193.301247	0.0017645
193.317691	-0.0001366
193.334134	0.0002553
193.350579	0.0004529
193.367024	-0.0004276
193.383470	-0.0008531
193.399917	-0.0010669
193.416364	-0.0002675
193.432812	0.0004199
193.449261	0.0008857
193.465710	-0.0000927
193.482160	-0.0002218
193.498611	0.0001863
193.515062	0.0009034
193.531515	-0.0003828
193.547968	-0.0010533
193.564421	0.0003956
193.580876	0.0004723
193.597331	-0.0004130
193.613786	0.0004458
193.630243	0.0006146
193.646700	0.0005199
193.663158	0.0011524
193.679616	-0.0004006
193.696075	-0.0005320
193.712535	0.0006361
193.728996	-0.0003992
193.745457	0.0012381
193.761919	-0.0000152
193.778382	-0.0000759
193.794846	0.0004341
193.811310	0.0001263
193.827775	0.0004688
193.844240	-0.0002141
193.860707	0.0001206
193.877174	-0.0003314
193.893641	0.0005193
193.910110	0.0005453
193.926579	0.0004177
193.943048	-0.0002630
193.959519	0.0003908
193.975990	0.0004035
193.992462	0.0001071
194.008935	0.0003953
194.025408	-0.0008803
194.041882	-0.0004260
194.058357	-0.0005745
194.074832	0.0007599
194.091308	-0.0003057
194.107785	-0.0000190
194.124262	-0.0009008
194.140741	-0.0002496
194.157220	-0.0001602
194.173699	0.0000392
194.190179	0.0002196
194.206660	-0.0004560
194.223142	-0.0003784
194.239625	0.0005528
194.256108	-0.0008569
194.272592	0.0007731
194.289076	-0.0002984
194.305561	-0.0002566
194.322047	0.0000997
194.338534	-0.0018033
194.355021	0.0002677
194.371509	0.0000130
194.387998	-0.0003438
194.404488	-0.0000931
194.420978	0.0001064
194.437469	0.0006164
194.453960	-0.0007164
194.470452	-0.0000100
194.486945	-0.0005390
194.503439	-0.0012448
194.519933	-0.0005656
194.536428	0.0008062
194.552924	-0.0001821
194.569421	0.0008077
194.585918	0.0009861
194.602416	0.0002989
194.618914	-0.0004943
194.635414	0.0004900
194.651914	-0.0000056
194.668414	0.0006479
194.684916	0.0007065
194.701418	-0.0001425
194.717920	0.0007934
194.734424	-0.0006595
194.750928	0.0004397
194.767433	-0.0006404
194.783939	-0.0004538
194.800445	-0.0001516
194.816952	0.0008047
194.833460	0.0008302
194.849968	0.0002414
194.866477	0.0003265
194.882987	0.0004234
194.899498	-0.0003558
194.916009	0.0000156
194.932521	0.0002661
194.949033	0.0004769
194.965547	-0.0005163
194.982061	-0.0002359
194.998575	0.0000818
195.015091	-0.0007988
195.031607	-0.0001198
195.048124	0.0001893
195.064641	-0.0008621
195.081160	0.0000010
195.097679	-0.0012256
195.114198	-0.0003085
195.130719	-0.0002875
195.147240	-0.0007643
195.163761	0.0012125
195.180284	-0.0000056
195.196807	0.0004221
195.213331	-0.0009448
195.229855	-0.0002691
195.246381	0.0007016
195.262907	-0.0009196
195.279433	0.0003086
195.295961	-0.0003091
195.312489	-0.0007311
195.329018	-0.0003399
195.345547	0.0006695
195.362077	-0.0004306
195.378608	0.0010053
195.395140	-0.0000277
195.411672	0.0001279
195.428205	0.0004426
195.444739	-0.0004330
195.461273	-0.0000577
195.477808	0.0007328
195.494344	0.0000293
195.510881	-0.0001962
195.527418	0.0004916
195.543956	-0.0000548
195.560494	0.0012003
195.577034	0.0003961
195.593574	0.0001138
195.610114	-0.0005764
195.626656	0.0003816
195.643198	0.0004430
195.659741	0.0005955
195.676284	-0.0000231
195.692829	0.0005674
195.709374	0.0000654
195.725919	0.0006642
195.742466	-0.0004490
195.759013	-0.0005827
195.775560	-0.0016468
195.792109	0.0000162
195.808658	-0.0001671
195.825208	-0.0001270
195.841758	-0.0001166
195.858310	0.0002594
195.874862	-0.0006320
195.891414	-0.0000860
195.907968	-0.0004196
195.924522	0.0005530
195.941076	-0.0004191
195.957632	0.0005719
195.974188	-0.0006952
195.990745	-0.0003647
196.007303	0.0004537
196.023861	0.0002630
196.040420	0.0007103
196.056980	0.0011265
196.073540	0.0013781
196.090101	0.0002708
196.106663	0.0003114
196.123225	0.0004667
196.139788	-0.0001553
196.156352	-0.0007758
196.172917	0.0001937
196.189482	-0.0007878
196.206048	0.0007178
196.222615	-0.0000034
196.239182	0.0003202
196.255751	0.0000057
196.272319	0.0001692
196.288889	0.0002167
196.305459	-0.0013339
196.322030	-0.0006762
196.338602	0.0002652
196.355174	-0.0017603
196.371747	0.0004484
196.388321	0.0005509
196.404895	-0.0002492
196.421470	0.0002307
196.438046	-0.0003185
196.454623	-0.0006430
196.471200	0.0000111
196.487778	0.0001142
196.504357	-0.0000853
196.520936	0.0000857
196.537516	0.0002693
196.554097	-0.0005711
196.570678	-0.0004674
196.587260	0.0006364
196.603843	0.0002676
196.620427	0.0008543
196.637011	0.0000140
196.653596	-0.0004835
196.670182	0.0020934
196.686768	0.0048419
196.703355	0.0105425
196.719943	0.0209989
196.736532	0.0335966
196.753121	0.0595929
196.769711	0.0913319
196.786301	0.1292967
196.802892	0.1782050
196.819484	0.2189244
196.836077	0.2599836
196.852671	0.2880632
196.869265	0.2906456
196.885860	0.2773974
196.902455	0.2609546
196.919051	0.2297863
196.935648	0.1984531
196.952246	0.1628651
196.968844	0.1307615
196.985443	0.0978113
197.002043	0.0699804
197.018643	0.0485289
197.035244	0.0315755
197.051846	0.0211270
197.068449	0.0120008
197.085052	0.0070587
197.101656	0.0050131
197.118261	0.0013171
197.134866	0.0006433
197.151472	0.0005639
197.168079	0.0003857
197.184686	-0.0003484
197.201294	0.0009605
197.217903	0.0000309
197.234513	0.0002085
197.251123	0.0004561
197.267734	0.0004353
197.284346	0.0001668
197.300958	-0.0007900
197.317571	-0.0006400
197.334185	-0.0007974
197.350799	0.0000822
197.367414	0.0013701
197.384030	-0.0005111
197.400647	0.0007340
197.417264	0.0008607
197.433882	0.0011212
197.450501	-0.0005852
197.467120	0.0004312
197.483740	0.0010120
197.500361	0.0003945
197.516983	-0.0000130
197.533605	-0.0004116
197.550228	0.0001618
197.566851	0.0001844
197.583476	0.0003494
197.600101	-0.0000797
197.616726	0.0000320
197.633353	0.0004435
197.649980	-0.0005821
197.666608	-0.0002532
197.683236	-0.0007150
197.699866	0.0006685
197.716495	0.0000527
197.733126	0.0006372
197.749757	-0.0009333
197.766390	0.0005313
197.783022	-0.0006095
197.799656	-0.0011438
197.816290	0.0006722
197.832925	0.0007566
197.849560	-0.0003876
197.866196	-0.0009463
197.882833	-0.0000466
197.899471	0.0003378
197.916109	0.0006648
197.932748	-0.0006759
197.949388	-0.0010730
197.966029	-0.0006751
197.982670	-0.0004035
197.999312	-0.0007885
198.015954	-0.0005806
198.032598	-0.0005967
198.049242	-0.0008795
198.065886	-0.0007803
198.082532	0.0002571
198.099178	0.0004184
198.115825	-0.0007260
198.132472	-0.0006944
198.149120	0.0005893
198.165769	0.0003789
198.182419	-0.0005555
198.199069	0.0001556
198.215720	-0.0005815
198.232372	0.0004481
198.249024	-0.0001459
198.265677	0.0006801
198.282331	-0.0011565
198.298986	-0.0003648
198.315641	0.0006927
198.332297	0.0006651
198.348953	-0.0008364
198.365611	-0.0002586
198.382269	-0.0009340
198.398927	-0.0005389
198.415587	0.0001161
198.432247	-0.0001048
198.448908	0.0001799
198.465569	0.0000415
198.482232	-0.0003650
198.498894	0.0001852
198.515558	-0.0010042
198.532222	-0.0002646
198.548888	0.0005307
198.565553	-0.0000370
198.582220	-0.0007113
198.598887	0.0001563
198.615555	-0.0001347
198.632223	-0.0000253
198.648893	0.0016050
198.665563	0.0024086
198.682233	0.0046789
198.698905	0.0088010
198.715577	0.0181586
198.732249	0.0339490
198.748923	0.0545579
198.765597	0.0885142
198.782272	0.1277406
198.798948	0.1689727
198.815624	0.2122317
198.832301	0.2495801
198.848978	0.2724204
198.865657	0.2772559
198.882336	0.2671457
198.899016	0.2524984
198.915696	0.2260332
198.932377	0.1914828
198.949059	0.1602096
198.965742	0.1239621
198.982425	0.0945364
198.999109	0.0693728
199.015794	0.0480109
199.032479	0.0320609
199.049166	0.0207617
199.065852	0.0150459
199.082540	0.0084721
199.099228	0.0038493
199.115917	0.0024320
199.132607	0.0014239
199.149297	0.0001511
199.165988	0.0002626
199.182680	0.0006053
199.199372	-0.0011654
199.216065	0.0001891
199.232759	-0.0004809
199.249454	-0.0008363
199.266149	0.0000582
199.282845	-0.0008691
199.299542	-0.0003978
199.316239	0.0000455
199.332937	-0.0014773
199.349636	0.0002198
199.366335	0.0001088
199.383036	0.0002150
199.399736	0.0002083
199.416438	0.0001694
199.433140	0.0005827
199.449843	0.0010017
199.466547	-0.0007161
199.483251	0.0001610
199.499956	0.0006337
199.516662	-0.0008038
199.533369	-0.0002223
199.550076	-0.0009323
199.566784	0.0004522
199.583492	-0.0000740
199.600202	-0.0005737
199.616912	0.0007152
199.633622	0.0010174
199.650334	0.0002086
199.667046	-0.0002607
199.683759	-0.0002091
199.700472	-0.0000301
199.717186	0.0001737
199.733901	-0.0003363
199.750617	-0.0008466
199.767333	0.0004596
199.784050	-0.0000018
199.800768	0.0001902
199.817486	0.0004224
199.834206	0.0007704
199.850925	-0.0010744
199.867646	0.0010884
199.884367	0.0002159
199.901089	-0.0001901
199.917812	0.0007681
199.934535	-0.0001053
199.951259	0.0010361
199.967984	0.0003806
199.984709	-0.0011315
200.001436	0.0004305
200.018162	-0.0000325
200.034890	0.0008503
200.051618	-0.0001244
200.068347	-0.0003537
200.085077	-0.0001918
200.101807	-0.0001491
200.118538	0.0002789
200.135270	0.0000288
200.152003	0.0006016
200.168736	-0.0001807
200.185470	0.0004784
200.202204	-0.0010231
200.218940	-0.0005509
200.235675	0.0004816
200.252412	0.0004884
200.269150	0.0010946
200.285888	-0.0004928
200.302626	-0.0002170
200.319366	-0.0000706
200.336106	0.0007946
200.352847	0.0003249
200.369589	0.0014857
200.386331	0.0002597
200.403074	-0.0002646
200.419818	0.0004232
200.436562	-0.0005067
200.453307	0.0003407
200.470053	-0.0000531
200.486800	-0.0003032
200.503547	-0.0004038
200.520295	-0.0003886
200.537043	-0.0002873
200.553793	-0.0002021
200.570543	0.0000833
200.587294	-0.0004431
200.604045	-0.0007263
200.620797	0.0012501
200.637550	0.0004636
200.654304	-0.0002715
200.671058	0.0020708
200.687813	0.0016568
200.704568	0.0054321
200.721325	0.0091851
200.738082	0.0140517
200.754840	0.0223106
200.771598	0.0356034
200.788357	0.0478452
200.805117	0.0620731
200.821878	0.0744882
200.838639	0.0852576
200.855401	0.0892252
200.872164	0.0869598
200.888927	0.0844828
200.905691	0.0762622
200.922456	0.0678686
200.939221	0.0555511
200.955988	0.0441803
200.972754	0.0352042
200.989522	0.0237514
201.006290	0.0172157
201.023059	0.0123371
201.039829	0.0069802
201.056600	0.0050153
201.073371	0.0026359
201.090142	0.0012645
201.106915	0.0009643
201.123688	0.0005716
201.140462	-0.0002082
201.157237	0.0002764
201.174012	0.0005020
201.190788	0.0001579
201.207565	0.0004168
201.224342	-0.0008126
201.241120	-0.0001021
201.257899	0.0000334
201.274679	-0.0006569
201.291459	-0.0004305
201.308240	0.0006537
201.325022	0.0010975
201.341804	0.0002160
201.358587	-0.0003903
201.375371	0.0011939
201.392155	-0.0000763
201.408940	0.0011330
201.425726	0.0007386
201.442513	0.0002236
201.459300	-0.0005094
201.476088	0.0002472
201.492877	-0.0007378
201.509666	-0.0002889
201.526456	0.0017609
201.543247	-0.0010952
201.560038	-0.0006956
201.576831	-0.0006905
201.593623	-0.0005408
201.610417	0.0008931
201.627211	0.0009979
201.644006	0.0004946
201.660802	0.0011908
201.677598	-0.0003171
201.694396	-0.0005460
201.711193	-0.0003575
201.727992	0.0009700
201.744791	-0.0003189
201.761591	-0.0004782
201.778392	-0.0003792
201.795193	0.0001008
201.811995	-0.0001593
201.828798	0.0001586
201.845601	-0.0009554
201.862405	0.0000147
201.879210	0.0009093
201.896015	0.0012275
201.912822	0.0007250
201.929629	0.0000522
201.946436	-0.0003838
201.963245	0.0006478
201.980054	0.0004363
201.996863	-0.0001292
202.013674	-0.0000318
202.030485	-0.0003220
202.047297	0.0010499
202.064109	-0.0013104
202.080923	0.0003832
202.097737	-0.0012920
202.114551	0.0000595
202.131367	0.0002053
202.148183	0.0001523
202.164999	-0.0018236
202.181817	-0.0007133
202.198635	0.0010200
202.215454	0.0000286
202.232274	0.0000592
202.249094	-0.0010964
202.265915	-0.0002764
202.282737	0.0007827
202.299559	-0.0004389
202.316382	-0.0001452
202.333206	-0.0004989
202.350030	0.0000343
202.366855	-0.0009041
202.383681	0.0014933
202.400508	-0.0003803
202.417335	-0.0006858
202.434163	0.0009611
202.450992	-0.0006996
202.467821	-0.0005690
202.484652	0.0003424
202.501482	0.0006218
202.518314	0.0006237
202.535146	-0.0004074
202.551979	-0.0004343
202.568813	-0.0006361
202.585647	0.0002588
202.602482	0.0000991
202.619318	-0.0005162
202.636154	0.0008212
202.652991	-0.0000992
202.669829	0.0003720
202.686668	0.0000873
202.703507	0.0001247
202.720347	-0.0004784
202.737188	0.0014547
202.754029	0.0024372
202.770871	0.0041325
202.787714	0.0051301
202.804557	0.0074257
202.821401	0.0079666
202.838246	0.0097024
202.855092	0.0088843
202.871938	0.0098049
202.888785	0.0100457
202.905633	0.0076479
202.922481	0.0087625
202.939330	0.0068866
202.956180	0.0056508
202.973030	0.0062527
202.989882	0.0085469
203.006733	0.0089460
203.023586	0.0123253
203.040439	0.0136877
203.057293	0.0178907
203.074148	0.0207806
203.091003	0.0190906
203.107859	0.0197333
203.124716	0.0189837
203.141574	0.0167682
203.158432	0.0143359
203.175291	0.0119631
203.192151	0.0104077
203.209011	0.0076903
203.225872	0.0061988
203.242734	0.0047703
203.259596	0.0024666
203.276459	0.0012356
203.293323	-0.0001833
203.310187	-0.0001556
203.327053	0.0003254
203.343919	0.0008087
203.360785	-0.0002329
203.377653	0.0008738
203.394521	-0.0005242
203.411389	-0.0003390
203.428259	-0.0005927
203.445129	-0.0005182
203.462000	-0.0005581
203.478871	0.0001689
203.495744	-0.0001027
203.512617	-0.0004985
203.529490	-0.0006682
203.546365	-0.0000016
203.563240	-0.0012366
203.580116	-0.0004337
203.596992	0.0006173
203.613869	0.0001071
203.630747	-0.0006402
203.647626	-0.0002970
203.664505	0.0002081
203.681385	0.0005829
203.698266	0.0004545
203.715147	-0.0002163
203.732029	0.0008961
203.748912	-0.0010698
203.765795	-0.0004882
203.782680	-0.0010359
203.799564	-0.0014349
203.816450	0.0004712
203.833336	-0.0016445
203.850223	-0.0014535
203.867111	0.0007092
203.883999	-0.0005166
203.900889	-0.0001537
203.917778	0.0003219
203.934669	-0.0003985
203.951560	0.0002116
203.968452	-0.0008794
203.985345	-0.0000274
204.002238	-0.0006106
204.019132	0.0006167
204.036027	-0.0004146
204.052922	-0.0003266
204.069818	-0.0003212
204.086715	-0.0005409
204.103613	-0.0004084
204.120511	0.0005857
204.137410	-0.0001536
204.154310	0.0000249
204.171210	0.0002329
204.188111	0.0004613
204.205013	0.0001443
204.221915	-0.0008378
204.238818	-0.0004050
204.255722	0.0006880
204.272627	-0.0005276
204.289532	-0.0003136
204.306438	0.0003370
204.323345	0.0001880
204.340252	0.0010241
204.357160	0.0000819
204.374069	-0.0007575
204.390978	-0.0002092
204.407889	-0.0002838
204.424800	0.0006060
204.441711	-0.0003390
204.458623	0.0007608
204.475536	-0.0009298
204.492450	0.0003687
204.509364	-0.0004786
204.526280	0.0005375
204.543195	-0.0004572
204.560112	0.0008862
204.577029	0.0011010
204.593947	0.0004623
204.610866	0.0001660
204.627785	-0.0004007
204.644705	-0.0003943
204.661626	0.0002085
204.678547	0.0000910
204.695469	-0.0004745
204.712392	-0.0002378
204.729316	0.0002083
204.746240	-0.0001077
204.763165	-0.0005333
204.780090	-0.0007104
204.797017	0.0000452
204.813944	-0.0004283
204.830872	0.0001453
204.847800	-0.0003400
204.864729	-0.0009339
204.881659	-0.0002190
204.898590	0.0003090
204.915521	0.0005793
204.932453	-0.0005149
204.949385	-0.0010434
204.966319	0.0009811
204.983253	0.0008711
205.000188	0.0003580
205.017123	-0.0001792
205.034059	0.0002905
205.050996	0.0001918
205.067934	0.0016508
205.084872	0.0011263
205.101811	0.0004132
205.118751	0.0004855
205.135691	-0.0007878
205.152632	0.0001896
205.169574	0.0001128
205.186516	-0.0003559
205.203460	0.0000484
205.220404	-0.0008554
205.237348	0.0005818
205.254293	0.0008846
205.271240	-0.0002584
205.288186	-0.0005243
205.305134	-0.0002450
205.322082	-0.0009804
205.339031	-0.0011827
205.355980	0.0003587
205.372930	-0.0009150
205.389881	0.0002909
205.406833	-0.0006447
205.423785	0.0007564
205.440738	0.0003595
205.457692	0.0002482
205.474646	-0.0004120
205.491602	0.0000436
205.508557	0.0000746
205.525514	-0.0001311
205.542471	0.0014531
205.559429	-0.0001536
205.576388	0.0004758
205.593347	0.0003107
205.610307	0.0000615
205.627268	-0.0000398
205.644229	0.0003432
205.661192	0.0002741
205.678154	0.0012011
205.695118	-0.0001924
205.712082	-0.0003418
205.729047	0.0007579
205.746013	0.0002895
205.762979	-0.0005515
205.779946	-0.0013716
205.796914	0.0000533
205.813883	0.0009524
205.830852	0.0011125
205.847822	0.0022588
205.864792	0.0028657
205.881764	0.0038623
205.898736	0.0094662
205.915708	0.0083502
205.932682	0.0112100
205.949656	0.0131757
205.966631	0.0144963
205.983606	0.0130348
206.000582	0.0140695
206.017559	0.0135401
206.034537	0.0120268
206.051515	0.0104048
206.068494	0.0093253
206.085474	0.0067810
206.102454	0.0056380
206.119436	0.0044938
206.136417	0.0032430
206.153400	0.0023127
206.170383	-0.0001878
206.187367	0.0003581
206.204352	0.0004921
206.221337	0.0013296
206.238323	0.0005089
206.255310	0.0005099
206.272297	0.0009873
206.289285	0.0007760
206.306274	-0.0002522
206.323264	-0.0007543
206.340254	0.0005566
206.357245	0.0005907
206.374237	0.0001136
206.391229	0.0011994
206.408222	-0.0007974
206.425216	0.0008299
206.442210	-0.0013087
206.459206	-0.0002576
206.476201	0.0005688
206.493198	-0.0003648
206.510195	0.0009708
206.527193	0.0005817
206.544192	-0.0008373
206.561191	0.0000413
206.578191	-0.0001235
206.595192	-0.0004533
206.612194	-0.0001966
206.629196	0.0011395
206.646199	0.0010805
206.663202	0.0011803
206.680207	0.0003182
206.697212	0.0001337
206.714218	-0.0005610
206.731224	0.0004492
206.748231	-0.0004980
206.765239	0.0008383
206.782247	0.0003755
206.799257	-0.0000547
206.816267	-0.0000169
206.833277	0.0003910
206.850289	-0.0017539
206.867301	0.0011600
206.884313	-0.0003581
206.901327	-0.0008176
206.918341	0.0006193
206.935356	0.0006525
206.952371	0.0000049
206.969388	0.0004947
206.986404	0.0007392
207.003422	-0.0008077
207.020440	0.0007137
207.037460	0.0006036
207.054479	0.0006871
207.071500	0.0003583
207.088521	-0.0008929
207.105543	-0.0003769
207.122565	0.0006889
207.139589	0.0007751
207.156613	-0.0003961
207.173637	-0.0003342
207.190663	-0.0003956
207.207689	-0.0008793
207.224716	0.0011124
207.241743	0.0000594
207.258771	-0.0011081
207.275800	-0.0001689
207.292830	-0.0001277
207.309860	0.0011717
207.326891	-0.0001980
207.343923	0.0003965
207.360955	-0.0001198
207.377988	0.0005758
207.395022	0.0005469
207.412057	-0.0000384
207.429092	0.0005896
207.446128	0.0000288
207.463164	0.0000272
207.480202	-0.0002596
207.497240	0.0005772
207.514278	-0.0004939
207.531318	0.0003289
207.548358	0.0010537
207.565399	-0.0000229
207.582440	-0.0003287
207.599482	-0.0007688
207.616525	-0.0000666
207.633569	0.0007793
207.650613	0.0001505
207.667658	0.0000406
207.684704	0.0007077
207.701751	-0.0004367
207.718798	0.0004220
207.735846	-0.0008827
207.752894	-0.0001905
207.769944	0.0009914
207.786993	-0.0000193
207.804044	0.0004634
207.821096	0.0000838
207.838148	-0.0009781
207.855200	-0.0000601
207.872254	-0.0014649
207.889308	-0.0001913
207.906363	-0.0003524
207.923418	-0.0000261
207.940475	0.0007678
207.957532	-0.0003769
207.974589	0.0005228
207.991648	-0.0001483
208.008707	0.0004657
208.025767	-0.0004824
208.042827	0.0011770
208.059888	0.0008155
208.076950	0.0001072
208.094013	-0.0002757
208.111076	-0.0007320
208.128140	0.0007074
208.145205	-0.0006567
208.162270	0.0008857
208.179336	-0.0005359
208.196403	-0.0006945
208.213471	-0.0006214
208.230539	-0.0001494
208.247608	-0.0003103
208.264678	-0.0008790
208.281748	0.0007445
208.298819	-0.0016870
208.315891	-0.0000211
208.332963	-0.0001533
208.350036	0.0000463
208.367110	0.0011797
208.384185	0.0005996
208.401260	-0.0002927
208.418336	-0.0000414
208.435413	0.0005605
208.452490	0.0001888
208.469568	0.0001926
208.486647	-0.0000601
208.503726	-0.0003380
208.520806	0.0009915
208.537887	-0.0002781
208.554969	0.0002726
208.572051	0.0001836
208.589134	-0.0000878
208.606218	-0.0000022
208.623302	-0.0006843
208.640387	0.0003068
208.657473	-0.0000579
208.674560	-0.0008009
208.691647	-0.0003599
208.708735	0.0004590
208.725823	0.0005488
208.742912	-0.0005839
208.760002	-0.0004022
208.777093	-0.0008406
208.794185	0.0013552
208.811277	0.0000595
208.828370	-0.0001698
208.845463	-0.0002500
208.862557	0.0002857
208.879652	-0.0009073
208.896748	-0.0003850
208.913844	-0.0004951
208.930941	0.0000180
208.948039	-0.0004462
208.965137	-0.0005602
208.982236	-0.0005839
208.999336	-0.0006878
209.016437	-0.0005644
209.033538	0.0009309
209.050640	0.0002423
209.067743	-0.0007647
209.084846	-0.0006059
209.101950	0.0010382
209.119055	-0.0008950
209.136160	0.0000348
209.153266	-0.0008209
209.170373	-0.0005821
209.187481	-0.0005076
209.204589	-0.0011845
209.221698	-0.0007048
209.238808	0.0007137
209.255918	-0.0008732
209.273029	0.0005143
209.290141	0.0007637
209.307253	-0.0004008
209.324367	0.0007388
209.341480	-0.0000100
209.358595	-0.0001800
209.375710	0.0001124
209.392826	-0.0005983
209.409943	0.0000729
209.427060	0.0008198
209.444178	0.0006350
209.461297	-0.0000184
209.478417	0.0007776
209.495537	-0.0006189
209.512658	0.0006320
209.529780	0.0001704
209.546902	-0.0001310
209.564025	0.0003445
209.581149	-0.0007103
209.598273	0.0004815
209.615398	-0.0001387
209.632524	-0.0001159
209.649650	0.0001986
209.666778	0.0007710
209.683906	-0.0006596
209.701034	-0.0005798
209.718164	0.0000610
209.735294	-0.0006315
209.752424	0.0002832
209.769556	-0.0002301
209.786688	-0.0006248
209.803821	0.0008855
209.820954	0.0000553
209.838089	-0.0002824
209.855224	-0.0010572
209.872359	0.0005706
209.889496	-0.0004781
209.906633	0.0003094
209.923770	0.0004970
209.940909	-0.0006117
209.958048	-0.0007755
209.975188	0.0005227
209.992328	-0.0003232
210.009470	-0.0000291
210.026612	0.0001901
210.043754	-0.0011631
210.060898	-0.0005958
210.078042	0.0008052
210.095187	0.0010878
210.112332	-0.0000386
210.129478	-0.0020593
210.146625	0.0006364
210.163773	-0.0005941
210.180921	-0.0010230
210.198070	0.0008573
210.215220	-0.0000761
210.232370	-0.0001145
210.249521	0.0001033
210.266673	-0.0003627
210.283826	-0.0003009
210.300979	-0.0000653
210.318133	-0.0000853
210.335287	0.0000192
210.352443	0.0001904
210.369599	0.0003918
210.386756	-0.0000641
210.403913	0.0002680
210.421071	-0.0007892
210.438230	0.0008338
210.455389	0.0009468
210.472550	-0.0002861
210.489711	-0.0004699
210.506872	0.0006328
210.524035	-0.0005664
210.541198	0.0001744
210.558361	-0.0006451
210.575526	-0.0003027
210.592691	0.0000814
210.609857	0.0001635
210.627023	0.0002224
210.644191	-0.0012070
210.661359	-0.0000189
210.678527	0.0003695
210.695697	-0.0004751
210.712867	-0.0003013
210.730038	-0.0008751
210.747209	-0.0016570
210.764381	-0.0004398
210.781554	0.0008325
210.798728	-0.0005554
210.815902	0.0005537
210.833077	0.0007843
210.850253	0.0001165
210.867429	-0.0006349
210.884606	-0.0007908
210.901784	-0.0007585
210.918962	0.0005411
210.936142	-0.0009255
210.953322	-0.0003885
210.970502	-0.0006803
210.987684	0.0012296
211.004866	-0.0002120
211.022048	0.0002382
211.039232	-0.0004312
211.056416	-0.0005429
211.073601	0.0005561
211.090786	-0.0000461
211.107972	0.0004216
211.125159	0.0002486
211.142347	0.0002474
211.159535	0.0008229
211.176724	-0.0004062
211.193914	0.0013663
211.211105	-0.0010035
211.228296	0.0001342
211.245487	-0.0001995
211.262680	0.0005791
211.279873	-0.0008095
211.297067	-0.0001338
211.314262	0.0004208
211.331457	-0.0003532
211.348653	0.0009862
211.365850	-0.0001534
211.383048	0.0006224
211.400246	-0.0002989
211.417445	-0.0000788
211.434644	0.0003898
211.451844	-0.0001120
211.469045	-0.0007660
211.486247	-0.0000536
211.503450	-0.0000390
211.520653	-0.0007879
211.537856	-0.0002132
211.555061	0.0012110
211.572266	-0.0002957
211.589472	0.0003308
211.606679	0.0002428
211.623886	-0.0002176
211.641094	-0.0001034
211.658303	0.0010602
211.675512	-0.0001922
211.692722	0.0000999
211.709933	0.0002131
211.727144	0.0010413
211.744357	-0.0009336
211.761570	-0.0002780
211.778783	0.0000578
211.795998	-0.0002245
211.813213	0.0001169
211.830428	0.0008641
211.847645	0.0001930
211.864862	0.0002679
211.882080	-0.0004997
211.899298	0.0009430
211.916517	0.0001513
211.933737	-0.0006740
211.950958	0.0000913
211.968179	0.0005038
211.985401	0.0007770
212.002624	-0.0008003
212.019848	0.0001841
212.037072	0.0002371
212.054297	-0.0003613
212.071522	0.0001850
212.088749	-0.0003162
212.105975	-0.0005043
212.123203	0.0004218
212.140432	0.0009665
212.157661	-0.0006374
212.174890	-0.0000565
212.192121	0.0006100
212.209352	-0.0008629
212.226584	0.0002701
212.243817	0.0001103
212.261050	0.0000494
212.278284	0.0002210
212.295519	0.0006816
212.312754	-0.0005570
212.329990	0.0000715
212.347227	0.0001829
212.364464	-0.0006687
212.381703	0.0003942
212.398941	0.0006791
212.416181	0.0000462
212.433421	-0.0010827
212.450662	-0.0005892
212.467904	-0.0004012
212.485147	0.0001395
212.502390	-0.0013260
212.519633	0.0012424
212.536878	0.0001157
212.554123	0.0002940
212.571369	0.0003921
212.588616	-0.0007298
212.605863	-0.0001162
212.623111	0.0004660
212.640360	-0.0000347
212.657609	-0.0009918
212.674860	-0.0002738
212.692110	-0.0001305
212.709362	-0.0008219
212.726614	0.0006523
212.743867	-0.0006540
212.761121	-0.0005887
212.778375	-0.0007565
212.795630	0.0003713
212.812886	-0.0002351
212.830142	0.0002653
212.847400	0.0006749
212.864658	-0.0005604
212.881916	0.0001985
212.899175	0.0002400
212.916435	0.0010194
212.933696	0.0000035
212.950957	-0.0007770
212.968220	-0.0001515
212.985482	0.0005859
213.002746	0.0005071
213.020010	-0.0004997
213.037275	-0.0004154
213.054540	0.0007103
213.071807	-0.0008745
213.089074	0.0001102
213.106341	-0.0007241
213.123610	-0.0004503
213.140879	0.0001390
213.158149	0.0007707
213.175419	0.0006984
213.192691	0.0004003
213.209962	0.0000626
213.227235	0.0003720
213.244508	0.0004011
213.261782	-0.0007604
213.279057	0.0005034
213.296333	-0.0005938
213.313609	0.0006720
213.330886	-0.0006906
213.348163	-0.0006288
213.365441	-0.0004379
213.382720	0.0010209
213.400000	0.0003437
213.417280	-0.0008502
213.434561	-0.0011298
213.451843	0.0007613
213.469126	0.0002158
213.486409	0.0013343
213.503693	-0.0008594
213.520977	-0.0004066
213.538262	0.0005767
213.555548	0.0003833
213.572835	0.0007349
213.590122	0.0005635
213.607411	-0.0005752
213.624699	0.0001923
213.641989	-0.0001410
213.659279	0.0008033
213.676570	-0.0006663
213.693861	-0.0005723
213.711154	-0.0004121
213.728447	0.0004270
213.745740	-0.0005221
213.763035	-0.0000508
213.780330	0.0003834
213.797626	-0.0004147
213.814922	-0.0007483
213.832220	0.0002087
213.849517	-0.0002028
213.866816	0.0010382
213.884115	0.0001989
213.901415	-0.0003525
213.918716	0.0000059
213.936018	0.0003020
213.953320	0.0011018
213.970622	-0.0002974
213.987926	-0.0003200
214.005230	-0.0003598
214.022535	0.0006926
214.039841	-0.0001035
214.057147	0.0002956
214.074454	-0.0010251
214.091762	0.0002102
214.109070	-0.0004266
214.126380	0.0001611
214.143689	0.0001119
214.161000	0.0013655
214.178311	-0.0001408
214.195623	-0.0001958
214.212936	0.0000211
214.230249	-0.0001907
214.247563	0.0012706
214.264878	0.0002281
214.282193	-0.0000705
214.299510	-0.0010195
214.316827	-0.0003713
214.334144	0.0003993
214.351462	0.0005830
214.368781	0.0011986
214.386101	0.0010659
214.403421	0.0025231
214.420743	0.0039596
214.438064	0.0051956
214.455387	0.0064057
214.472710	0.0080133
214.490034	0.0089369
214.507359	0.0092738
214.524684	0.0108217
214.542010	0.0096591
214.559337	0.0100870
214.576664	0.0095369
214.593992	0.0087380
214.611321	0.0070533
214.628650	0.0049265
214.645981	0.0046985
214.663312	0.0023747
214.680643	0.0021836
214.697976	0.0010456
214.715309	0.0016454
214.732642	0.0011006
214.749977	0.0011414
214.767312	-0.0001277
214.784648	-0.0006470
214.801984	-0.0013680
214.819321	-0.0007797
214.836659	0.0000784
214.853998	-0.0001169
214.871337	0.0008707
214.888677	0.0000641
214.906018	-0.0002041
214.923360	0.0012549
214.940702	0.0014707
214.958045	-0.0006011
214.975388	0.0000540
214.992733	-0.0008120
215.010078	0.0005306
215.027423	0.0013724
215.044770	0.0000222
215.062117	0.0006006
215.079464	-0.0002942
215.096813	-0.0002082
215.114162	-0.0004024
215.131512	-0.0000222
215.148863	0.0001477
215.166214	0.0000048
215.183566	0.0003772
215.200919	-0.0005066
215.218272	0.0011627
215.235626	0.0005073
215.252981	-0.0002275
215.270336	-0.0005257
215.287693	-0.0005721
215.305050	0.0001312
215.322407	0.0000786
215.339765	-0.0007811
215.357124	-0.0002338
215.374484	-0.0011041
215.391845	0.0003034
215.409206	-0.0010621
215.426568	0.0003311
215.443930	0.0008406
215.461293	-0.0003141
215.478657	0.0000613
215.496022	-0.0004508
215.513387	-0.0011101
215.530753	-0.0001375
215.548120	0.0001427
215.565488	-0.0010142
215.582856	0.0003710
215.600225	-0.0010267
215.617594	0.0003573
215.634964	-0.0002709
215.652335	0.0000730
215.669707	-0.0012743
215.687079	-0.0009789
215.704452	0.0000102
215.721826	0.0004883
215.739201	0.0008198
215.756576	-0.0001072
215.773952	0.0002755
215.791328	0.0006938
215.808706	0.0002724
215.826084	0.0010448
215.843462	-0.0004367
215.860842	0.0001094
215.878222	-0.0009455
215.895602	0.0003268
215.912984	0.0006945
215.930366	-0.0002434
215.947749	0.0010653
215.965133	0.0004463
215.982517	0.0004537
215.999902	0.0004453
216.017288	-0.0001829
216.034674	-0.0002400
216.052061	-0.0001559
216.069449	0.0001915
216.086838	0.0005485
216.104227	0.0005012
216.121617	0.0005495
216.139007	-0.0002434
216.156399	-0.0007011
216.173791	-0.0007157
216.191183	-0.0001714
216.208577	0.0000312
216.225971	-0.0000291
216.243366	-0.0000028
216.260761	-0.0000870
216.278158	0.0002052
216.295555	0.0000493
216.312952	0.0009853
216.330351	0.0007374
216.347750	0.0003689
216.365149	0.0008517
216.382550	-0.0001268
216.399951	-0.0002666
216.417353	0.0000016
216.434755	0.0000293
216.452159	0.0001170
216.469563	-0.0004904
216.486967	-0.0004705
216.504373	0.0002130
216.521779	0.0006152
216.539186	-0.0002064
216.556593	-0.0009002
216.574001	0.0001541
216.591410	0.0001068
216.608820	0.0001857
216.626230	-0.0006419
216.643641	0.0006052
216.661053	0.0001258
216.678465	-0.0001497
216.695878	0.0001387
216.713292	-0.0002704
216.730707	0.0006811
216.748122	0.0002748
216.765538	0.0004890
216.782954	-0.0000038
216.800372	0.0001349
216.817790	-0.0013861
216.835208	0.0007312
216.852628	0.0000456
216.870048	0.0004239
216.887469	0.0005204
216.904890	0.0002657
216.922313	-0.0002892
216.939736	-0.0005727
216.957159	0.0008334
216.974584	-0.0007066
216.992009	0.0011103
217.009434	0.0004717
217.026861	0.0002049
217.044288	-0.0000223
217.061716	-0.0006104
217.079144	-0.0004934
217.096574	-0.0005057
217.114004	-0.0010493
217.131434	0.0005296
217.148866	0.0005080
217.166298	-0.0001312
217.183730	-0.0001089
217.201164	-0.0003755
217.218598	0.0003028
217.236033	0.0007792
217.253469	0.0004128
217.270905	-0.0008641
217.288342	-0.0010152
217.305780	-0.0011163
217.323218	0.0007273
217.340657	0.0000178
217.358097	0.0009426
217.375537	-0.0004309
217.392978	0.0012045
217.410420	-0.0000718
217.427863	-0.0003067
217.445306	-0.0001080
217.462750	0.0011877
217.480195	-0.0005219
217.497640	0.0000946
217.515087	-0.0004288
217.532533	0.0005881
217.549981	0.0006566
217.567429	-0.0003788
217.584878	-0.0000553
217.602328	0.0000155
217.619778	-0.0005679
217.637229	-0.0009312
217.654681	-0.0001099
217.672133	0.0005529
217.689586	0.0001112
217.707040	0.0003008
217.724495	0.0006724
217.741950	-0.0000956
217.759406	-0.0000540
217.776863	-0.0002886
217.794320	0.0000655
217.811778	-0.0002734
217.829237	-0.0001982
217.846696	0.0005964
217.864156	-0.0000288
217.881617	0.0008867
217.899079	-0.0006271
217.916541	-0.0003011
217.934004	0.0011434
217.951468	-0.0001633
217.968932	0.0001179
217.986397	-0.0008672
218.003863	0.0008066
218.021330	-0.0000890
218.038797	0.0006743
218.056265	-0.0005431
218.073733	-0.0003468
218.091202	-0.0001545
218.108672	0.0002063
218.126143	-0.0008517
218.143615	0.0000938
218.161087	0.0006805
218.178560	0.0008877
218.196033	-0.0003514
218.213507	-0.0001717
218.230982	-0.0002384
218.248458	0.0005819
218.265934	0.0015445
218.283411	0.0007394
218.300889	0.0006585
218.318367	0.0008548
218.335846	-0.0002205
218.353326	0.0001499
218.370807	0.0007789
218.388288	-0.0000024
218.405770	-0.0000582
218.423253	-0.0002880
218.440736	-0.0009527
218.458220	0.0003364
218.475705	0.0004154
218.493190	-0.0000352
218.510676	-0.0002436
218.528163	0.0003510
218.545651	-0.0001153
218.563139	0.0002062
218.580628	0.0006168
218.598118	0.0005074
218.615608	-0.0000213
218.633099	0.0018053
218.650591	0.0031225
218.668083	0.0035207
218.685576	0.0028365
218.703070	0.0026982
218.720565	0.0026086
218.738060	0.0028733
218.755556	0.0016665
218.773053	0.0020447
218.790550	0.0029788
218.808048	0.0018576
218.825547	0.0005978
218.843047	0.0006877
218.860547	0.0010563
218.878048	0.0007044
218.895549	0.0004285
218.913052	0.0004969
218.930555	-0.0000932
218.948058	-0.0007533
218.965563	0.0002670
218.983068	-0.0003230
219.000574	0.0000779
219.018080	-0.0008967
219.035588	0.0002346
219.053095	0.0001367
219.070604	-0.0004549
219.088113	0.0004998
219.105624	-0.0004518
219.123134	0.0002204
219.140646	0.0001279
219.158158	0.0011364
219.175671	-0.0001562
219.193184	0.0000950
219.210698	0.0007737
219.228213	0.0004715
219.245729	0.0002157
219.263245	0.0007365
219.280762	-0.0001527
219.298280	0.0000397
219.315799	0.0007850
219.333318	0.0004889
219.350838	-0.0003224
219.368358	-0.0001792
219.385880	-0.0002860
219.403402	-0.0000367
219.420924	-0.0000193
219.438448	0.0001068
219.455972	0.0002438
219.473497	0.0007954
219.491022	0.0003285
219.508548	0.0003196
219.526075	0.0000543
219.543603	-0.0008434
219.561131	-0.0008158
219.578660	-0.0006072
219.596190	-0.0002067
219.613720	0.0002423
219.631251	-0.0006214
219.648783	-0.0004503
219.666316	-0.0003148
219.683849	-0.0000242
219.701383	-0.0000996
219.718917	-0.0011285
219.736453	-0.0008712
219.753989	0.0008290
219.771525	0.0002033
219.789063	-0.0008929
219.806601	0.0006740
219.824140	-0.0007478
219.841679	0.0002046
219.859220	0.0000454
219.876760	0.0010626
219.894302	0.0010468
219.911844	0.0003234
219.929388	0.0000993
219.946931	-0.0003235
219.964476	-0.0008494
219.982021	0.0000917
219.999567	-0.0008033
220.017113	0.0012134
220.034661	0.0005486
220.052209	0.0003754
220.069757	0.0001244
220.087307	-0.0005163
220.104857	0.0002042
220.122407	0.0005374
220.139959	-0.0005064
220.157511	-0.0004775
220.175064	-0.0006712
220.192618	0.0005064
220.210172	0.0000578
220.227727	-0.0004391
220.245282	-0.0001989
220.262839	0.0004873
220.280396	0.0008640
220.297954	-0.0010218
220.315512	0.0002071
220.333071	0.0004936
220.350631	0.0003167
220.368192	0.0003761
220.385753	0.0000543
220.403315	0.0005151
220.420878	-0.0006501
220.438441	0.0005134
220.456006	-0.0003245
220.473570	0.0007624
220.491136	0.0005749
220.508702	-0.0001601
220.526269	-0.0000642
220.543837	-0.0009202
220.561405	-0.0003982
220.578974	0.0000060
220.596544	0.0005476
220.614114	0.0004014
220.631685	-0.0002566
220.649257	-0.0005270
220.666830	0.0007093
220.684403	-0.0004659
220.701977	-0.0004002
220.719552	-0.0002461
220.737127	0.0007230
220.754703	-0.0006079
220.772280	-0.0005231
220.789857	-0.0004812
220.807436	-0.0006314
220.825014	-0.0005907
220.842594	-0.0007327
220.860174	0.0002150
220.877755	-0.0000682
220.895337	0.0012653
220.912919	0.0005429
220.930502	0.0010665
220.948086	0.0007729
220.965671	0.0029984
220.983256	0.0029772
221.000842	0.0058124
221.018428	0.0067150
221.036016	0.0107971
221.053604	0.0114881
221.071192	0.0130386
221.088782	0.0150242
221.106372	0.0149276
221.123963	0.0140647
221.141554	0.0123374
221.159146	0.0116098
221.176739	0.0103109
221.194333	0.0083292
221.211927	0.0078127
221.229522	0.0065269
221.247118	0.0049942
221.264714	0.0032937
221.282312	0.0027972
221.299909	0.0018989
221.317508	0.0016721
221.335107	0.0000255
221.352707	0.0002996
221.370308	0.0010429
221.387909	0.0006956
221.405511	-0.0004766
221.423114	-0.0003955
221.440717	0.0005569
221.458322	0.0006692
221.475926	0.0005640
221.493532	0.0002216
221.511138	-0.0000880
221.528745	-0.0004787
221.546353	-0.0007614
221.563961	0.0003954
221.581570	-0.0000866
221.599180	-0.0002981
221.616791	0.0004352
221.634402	0.0002077
221.652014	0.0006892
221.669626	-0.0006360
221.687240	-0.0002268
221.704853	0.0013862
221.722468	-0.0001707
221.740084	-0.0002939
221.757700	-0.0019593
221.775316	0.0001067
221.792934	-0.0002302
221.810552	-0.0010172
221.828171	0.0005615
221.845791	0.0004934
221.863411	0.0003070
221.881032	0.0000031
221.898654	0.0001037
221.916276	-0.0001110
221.933899	0.0005736
221.951523	0.0008842
221.969148	-0.0005022
221.986773	-0.0004528
222.004399	-0.0006935
222.022025	-0.0004131
222.039653	0.0001638
222.057281	0.0005792
222.074910	-0.0004128
222.092539	0.0006419
222.110169	0.0008068
222.127800	-0.0004774
222.145432	-0.0005317
222.163064	0.0010927
222.180697	0.0002002
222.198330	0.0002620
222.215965	0.0001588
222.233600	-0.0009600
222.251236	-0.0003549
222.268872	-0.0008508
222.286509	-0.0003298
222.304147	0.0004469
222.321786	0.0005984
222.339425	-0.0003984
222.357065	-0.0003991
222.374706	0.0000559
222.392347	0.0008050
222.409989	-0.0001184
222.427632	-0.0004412
222.445275	0.0001661
222.462920	0.0011392
222.480564	0.0000403
222.498210	0.0003864
222.515856	0.0002476
222.533503	-0.0002091
222.551151	-0.0005313
222.568800	-0.0008534
222.586449	0.0002213
222.604098	-0.0001727
222.621749	-0.0013231
222.639400	-0.0004518
222.657052	-0.0000938
222.674705	-0.0004196
222.692358	0.0000602
222.710012	-0.0001425
222.727667	0.0004576
222.745322	-0.0002619
222.762978	-0.0001675
222.780635	0.0008330
222.798293	0.0004403
222.815951	0.0010324
222.833610	0.0002702
222.851270	-0.0005298
222.868930	0.0003478
222.886591	-0.0001096
222.904253	-0.0000681
222.921915	0.0003722
222.939578	0.0005012
222.957242	-0.0007656
222.974907	0.0001723
222.992572	0.0002570
223.010238	-0.0005206
223.027905	-0.0002391
223.045572	0.0001438
223.063240	0.0009371
223.080909	-0.0002293
223.098578	0.0005120
223.116249	0.0004810
223.133919	0.0011068
223.151591	0.0012533
223.169263	-0.0002840
223.186936	0.0001614
223.204610	-0.0008642
223.222284	0.0000745
223.239960	0.0002867
223.257635	0.0013048
223.275312	0.0002229
223.292989	0.0008648
223.310667	-0.0007614
223.328346	-0.0005998
223.346025	0.0016171
223.363705	0.0002511
223.381386	-0.0000378
223.399067	-0.0007169
223.416749	0.0001219
223.434432	-0.0006015
223.452115	0.0011815
223.469800	0.0005895
223.487485	0.0002243
223.505170	0.0001555
223.522857	-0.0002887
223.540544	0.0021828
223.558231	-0.0000697
223.575920	-0.0012519
223.593609	-0.0001487
223.611299	0.0008097
223.628989	0.0017876
223.646681	0.0011190
223.664373	0.0006857
223.682065	0.0005721
223.699759	-0.0000603
223.717453	0.0020574
223.735147	0.0008641
223.752843	0.0012689
223.770539	0.0015338
223.788236	0.0007786
223.805934	-0.0005216
223.823632	0.0012723
223.841331	-0.0004700
223.859031	0.0004812
223.876731	0.0003365
223.894432	0.0020383
223.912134	0.0005970
223.929836	0.0002173
223.947539	-0.0011150
223.965243	-0.0003329
223.982948	-0.0003295
224.000653	-0.0002928
224.018359	0.0001411
224.036066	-0.0003612
224.053773	0.0000779
224.071482	-0.0003968
224.089190	0.0004313
224.106900	-0.0008014
224.124610	-0.0001523
224.142321	-0.0003719
224.160033	0.0009161
224.177745	-0.0002875
224.195458	0.0004606
224.213172	-0.0002532
224.230886	0.0009865
224.248601	0.0003123
224.266317	-0.0007438
224.284034	-0.0005372
224.301751	0.0001066
224.319469	0.0001711
224.337187	-0.0014127
224.354907	0.0001608
224.372627	-0.0003377
224.390348	0.0017218
224.408069	0.0003642
224.425791	-0.0002246
224.443514	-0.0001787
224.461238	0.0003020
224.478962	-0.0008650
224.496687	0.0000605
224.514413	0.0004359
224.532139	0.0018496
224.549866	-0.0000006
224.567594	-0.0004657
224.585322	0.0007104
224.603052	0.0003873
224.620781	0.0002092
224.638512	-0.0000146
224.656243	0.0005571
224.673975	0.0001136
224.691708	-0.0005077
224.709441	-0.0000834
224.727175	-0.0004715
224.744910	0.0019831
224.762646	0.0005713
224.780382	0.0009397
224.798119	0.0018012
224.815857	0.0024193
224.833595	0.0033812
224.851334	0.0047367
224.869074	0.0061883
224.886814	0.0073229
224.904555	0.0063815
224.922297	0.0069124
224.940039	0.0067126
224.957783	0.0072488
224.975527	0.0055029
224.993271	0.0044791
225.011017	0.0026180
225.028763	0.0024280
225.046509	0.0017345
225.064257	0.0015415
225.082005	0.0009831
225.099754	0.0013940
225.117503	0.0013557
225.135254	0.0003224
225.153005	0.0005174
225.170756	-0.0008315
225.188509	0.0000698
225.206262	-0.0007594
225.224016	0.0001022
225.241770	-0.0002256
225.259525	-0.0003501
225.277281	-0.0001667
225.295038	0.0000369
225.312795	-0.0002539
225.330553	-0.0003937
225.348312	0.0006948
225.366071	-0.0003795
225.383831	-0.0000873
225.401592	-0.0001477
225.419353	0.0008424
225.437116	-0.0013613
225.454878	-0.0007621
225.472642	0.0008452
225.490406	0.0002960
225.508171	0.0014502
225.525937	0.0004183
225.543703	0.0012389
225.561471	0.0007561
225.579238	-0.0001246
225.597007	0.0000040
225.614776	-0.0002983
225.632546	-0.0000388
225.650317	-0.0000379
225.668088	0.0001384
225.685860	-0.0001020
225.703633	-0.0002568
225.721406	-0.0001008
225.739180	0.0002324
225.756955	-0.0008160
225.774731	0.0010321
225.792507	-0.0009803
225.810284	0.0000536
225.828062	-0.0008529
225.845840	0.0003788
225.863619	0.0005631
225.881399	0.0008899
225.899179	0.0004076
225.916960	-0.0002936
225.934742	0.0003532
225.952525	0.0002082
225.970308	0.0004047
225.988092	0.0001718
226.005877	-0.0009524
226.023662	0.0000421
226.041448	-0.0012820
226.059235	-0.0009642
226.077022	-0.0001729
226.094811	0.0004545
226.112600	0.0008366
226.130389	-0.0004537
226.148179	-0.0000172
226.165970	-0.0007575
226.183762	-0.0000842
226.201554	-0.0000610
226.219348	-0.0000840
226.237141	0.0011555
226.254936	-0.0005832
226.272731	0.0001226
226.290527	-0.0004991
226.308324	0.0000236
226.326121	-0.0006742
226.343919	0.0009213
226.361718	0.0001912
226.379517	-0.0005517
226.397317	-0.0005981
226.415118	-0.0002129
226.432920	0.0001309
226.450722	-0.0004627
226.468525	-0.0010624
226.486328	0.0000078
226.504133	0.0003336
226.521938	0.0003998
226.539744	-0.0010851
226.557550	0.0003708
226.575357	0.0002663
226.593165	0.0001024
226.610974	-0.0002902
226.628783	-0.0003404
226.646593	0.0006072
226.664403	0.0010138
226.682215	-0.0002714
226.700027	0.0006547
226.717840	-0.0008364
226.735653	0.0015705
226.753467	0.0001639
226.771282	0.0013618
226.789098	0.0001263
226.806914	0.0021711
226.824731	0.0013363
226.842549	0.0014049
226.860367	0.0025941
226.878186	0.0009580
226.896006	0.0020592
226.913826	0.0028886
226.931648	0.0023102
226.949470	0.0016472
226.967292	0.0011366
226.985115	0.0012574
227.002940	0.0009278
227.020764	0.0002630
227.038590	-0.0001705
227.056416	0.0005081
227.074243	-0.0000223
227.092070	0.0000609
227.109898	-0.0011266
227.127727	0.0004054
227.145557	0.0006239
227.163387	0.0014244
227.181218	0.0000396
227.199050	-0.0005867
227.216882	-0.0000232
227.234716	-0.0009591
227.252549	-0.0005813
227.270384	0.0007460
227.288219	-0.0001076
227.306055	-0.0005726
227.323892	0.0001476
227.341729	-0.0002920
227.359567	0.0001499
227.377406	0.0006646
227.395245	0.0010185
227.413086	0.0003905
227.430926	-0.0003507
227.448768	-0.0002181
227.466610	0.0015195
227.484453	-0.0005749
227.502297	-0.0001357
227.520141	0.0002122
227.537986	-0.0002293
227.555832	0.0000131
227.573679	-0.0001808
227.591526	-0.0006576
227.609374	0.0001369
227.627222	0.0004500
227.645072	0.0004720
227.662922	-0.0001479
227.680772	-0.0002694
227.698624	-0.0000023
227.716476	0.0000088
227.734329	0.0012635
227.752182	-0.0008944
227.770036	0.0001414
227.787891	-0.0002768
227.805747	0.0003704
227.823603	-0.0005117
227.841460	0.0003599
227.859318	-0.0001623
227.877176	-0.0000436
227.895036	-0.0008195
227.912895	-0.0003279
227.930756	0.0002041
227.948617	-0.0001276
227.966479	-0.0005775
227.984342	-0.0005819
228.002205	0.0005738
228.020069	-0.0003464
228.037934	0.0000936
228.055799	0.0003536
228.073665	-0.0009914
228.091532	0.0006878
228.109400	-0.0001163
228.127268	0.0010909
228.145137	-0.0004303
228.163007	-0.0003905
228.180877	0.0004520
228.198748	0.0005692
228.216620	0.0001166
228.234492	-0.0001373
228.252366	-0.0004042
228.270239	-0.0008155
228.288114	0.0004710
228.305989	-0.0009866
228.323865	0.0006577
228.341742	-0.0001422
228.359619	0.0004401
228.377497	0.0002981
228.395376	0.0001926
228.413256	0.0005579
228.431136	0.0005820
228.449017	-0.0007889
228.466898	-0.0002053
228.484781	-0.0002963
228.502664	-0.0001388
228.520548	-0.0002510
228.538432	-0.0005323
228.556317	0.0004291
228.574203	-0.0007147
228.592089	-0.0004202
228.609977	0.0000293
228.627865	0.0002794
228.645753	0.0002267
228.663643	0.0002433
228.681533	0.0001983
228.699423	-0.0007828
228.717315	0.0002168
228.735207	-0.0005569
228.753100	0.0011278
228.770993	-0.0007494
228.788888	0.0010417
228.806782	0.0008362
228.824678	0.0009419
228.842574	0.0008990
228.860472	0.0012099
228.878369	0.0020849
228.896268	0.0018304
228.914167	0.0018523
228.932067	0.0026702
228.949967	0.0027828
228.967869	0.0022280
228.985771	0.0024202
229.003673	0.0015791
229.021577	0.0019219
229.039481	0.0012196
229.057386	0.0011394
229.075291	0.0006607
229.093197	0.0007189
229.111104	0.0002186
229.129012	0.0005685
229.146920	0.0001682
229.164829	0.0006329
229.182739	0.0000580
229.200649	-0.0005055
229.218560	0.0004481
229.236472	-0.0004010
229.254385	0.0009617
229.272298	0.0003402
229.290212	0.0012434
229.308126	-0.0010760
229.326042	0.0005831
229.343958	0.0002309
229.361874	-0.0009507
229.379792	0.0002280
229.397710	0.0003876
229.415629	-0.0006986
229.433548	-0.0001926
229.451468	-0.0000057
229.469389	-0.0000723
229.487311	0.0007773
229.505233	-0.0003993
229.523156	-0.0003390
229.541080	0.0001986
229.559005	0.0000216
229.576930	-0.0001977
229.594856	0.0009507
229.612782	0.0009780
229.630710	0.0007664
229.648637	0.0005673
229.666566	-0.0003764
229.684495	-0.0002372
229.702426	-0.0002776
229.720356	0.0006184
229.738288	-0.0007943
229.756220	-0.0010683
229.774153	0.0006463
229.792086	-0.0000594
229.810021	0.0011396
229.827956	-0.0005117
229.845891	-0.0001520
229.863828	-0.0000030
229.881765	0.0003347
229.899703	0.0004788
229.917641	0.0001714
229.935580	0.0013727
229.953520	-0.0002217
229.971461	0.0005545
229.989402	0.0007073
230.007344	-0.0008016
230.025287	-0.0001682
230.043230	-0.0001718
230.061174	0.0003760
230.079119	0.0005093
230.097065	0.0005476
230.115011	-0.0000139
230.132958	0.0012559
230.150906	0.0007356
230.168854	-0.0005982
230.186803	0.0009186
230.204753	-0.0003986
230.222703	-0.0007598
230.240654	0.0000918
230.258606	-0.0001132
230.276559	-0.0005726
230.294512	0.0003991
230.312466	0.0005477
230.330421	0.0005981
230.348376	-0.0001311
230.366332	0.0002201
230.384289	0.0009765
230.402246	-0.0003521
230.420204	-0.0010012
230.438163	0.0003781
230.456123	0.0003278
230.474083	-0.0002723
230.492044	0.0003130
230.510006	0.0003910
230.527968	-0.0000204
230.545931	0.0009471
230.563895	0.0002401
230.581860	-0.0001995
230.599825	0.0004030
230.617791	-0.0004388
230.635757	-0.0003309
230.653724	0.0005624
230.671692	0.0001850
230.689661	0.0003606
230.707631	-0.0008691
230.725601	-0.0005027
230.743572	-0.0000150
230.761543	0.0007318
230.779515	-0.0011556
230.797488	0.0003991
230.815462	-0.0000239
230.833436	-0.0002213
230.851411	0.0002563
230.869387	-0.0002490
230.887363	-0.0006767
230.905340	-0.0011032
230.923318	0.0000558
230.941297	-0.0000985
230.959276	-0.0005637
230.977256	-0.0001616
230.995237	-0.0007681
231.013218	0.0007287
231.031200	-0.0001303
231.049183	-0.0005741
231.067166	-0.0002527
231.085150	-0.0002291
231.103135	-0.0003422
231.121121	-0.0000966
231.139107	0.0005075
231.157094	-0.0000095
231.175082	0.0000069
231.193070	0.0006574
231.211059	-0.0010114
231.229049	0.0010371
231.247039	-0.0002159
231.265031	-0.0001728
231.283022	-0.0010202
231.301015	0.0005942
231.319008	-0.0002058
231.337002	0.0008426
231.354997	0.0003035
231.372992	0.0006705
231.390988	0.0005763
231.408985	-0.0000426
231.426983	-0.0003986
231.444981	-0.0004060
231.462980	0.0004868
231.480980	0.0008680
231.498980	0.0015482
231.516981	0.0009621
231.534983	0.0001306
231.552985	0.0015615
231.570988	-0.0006247
231.588992	0.0005042
231.606996	0.0000629
231.625002	0.0007230
231.643008	-0.0003877
231.661014	-0.0000622
231.679022	0.0014065
231.697030	-0.0003900
231.715038	0.0003883
231.733048	0.0004779
231.751058	0.0019000
231.769069	0.0003269
231.787080	-0.0009023
231.805093	0.0009920
231.823106	0.0004517
231.841119	-0.0007493
231.859134	-0.0003682
231.877149	-0.0003574
231.895164	0.0001857
231.913181	-0.0000014
231.931198	-0.0003415
231.949216	-0.0000014
231.967234	0.0008890
231.985254	-0.0019094
232.003274	-0.0005909
232.021294	0.0000650
232.039316	0.0007775
232.057338	0.0015172
232.075361	-0.0000515
232.093384	0.0000840
232.111408	-0.0001784
232.129433	-0.0003098
232.147459	-0.0010536
232.165485	-0.0000866
232.183512	-0.0007744
232.201540	0.0012943
232.219568	0.0001324
232.237597	-0.0007213
232.255627	-0.0006673
232.273658	0.0006365
232.291689	0.0007095
232.309721	-0.0008272
232.327753	-0.0004067
232.345787	-0.0003900
232.363821	0.0002594
232.381856	0.0001500
232.399891	-0.0000904
232.417927	0.0002190
232.435964	-0.0010126
232.454001	0.0006937
232.472040	0.0004923
232.490079	-0.0002001
232.508118	0.0001858
232.526159	-0.0002874
232.544200	0.0006260
232.562241	0.0009922
232.580284	-0.0004987
232.598327	0.0009928
232.616371	0.0002637
232.634415	0.0000908
232.652461	-0.0006621
232.670507	0.0003263
232.688553	-0.0008844
232.706601	0.0002266
232.724649	-0.0005556
232.742698	-0.0001457
232.760747	-0.0002000
232.778797	-0.0003992
232.796848	0.0000400
232.814900	0.0006196
232.832952	-0.0004057
232.851005	0.0001788
232.869059	0.0004918
232.887113	-0.0009943
232.905168	-0.0003821
232.923224	-0.0002402
232.941280	-0.0005620
232.959338	-0.0011271
232.977396	-0.0000047
232.995454	0.0006493
233.013514	-0.0004697
233.031574	0.0001276
233.049634	0.0003229
233.067696	0.0007460
233.085758	-0.0007445
233.103821	-0.0004456
233.121884	0.0006422
233.139948	-0.0016163
233.158013	-0.0001617
233.176079	0.0013088
233.194145	-0.0000207
233.212212	-0.0004277
233.230280	-0.0006973
233.248349	-0.0005590
233.266418	-0.0007515
233.284488	0.0001574
233.302558	-0.0000149
233.320629	-0.0001534
233.338701	0.0006338
233.356774	0.0007955
233.374847	0.0007987
233.392921	-0.0008277
233.410996	0.0004419
233.429072	-0.0002706
233.447148	0.0003020
233.465225	-0.0003385
233.483302	0.0003582
233.501380	0.0003330
233.519459	-0.0002190
233.537539	-0.0004763
233.555620	-0.0002994
233.573701	-0.0009323
233.591782	-0.0003883
233.609865	0.0003548
233.627948	-0.0007470
233.646032	0.0003923
233.664117	-0.0002263
233.682202	-0.0000276
233.700288	0.0009144
233.718375	0.0005385
233.736462	0.0014140
233.754550	0.0005961
233.772639	0.0003911
233.790728	0.0001318
233.808819	0.0019044
233.826910	0.0014289
233.845001	0.0018905
233.863094	0.0024778
233.881187	0.0028456
233.899280	0.0009174
233.917375	0.0014687
233.935470	0.0017641
233.953566	0.0009995
233.971662	0.0012576
233.989759	0.0011874
234.007857	0.0004634
234.025956	-0.0005630
234.044055	0.0005745
234.062155	0.0008576
234.080256	-0.0013081
234.098358	-0.0004205
234.116460	-0.0000504
234.134563	0.0004836
234.152666	0.0001081
234.170771	-0.0001788
234.188876	-0.0009601
234.206981	0.0002540
234.225088	0.0001450
234.243195	0.0000910
234.261302	-0.0008339
234.279411	0.0002176
234.297520	-0.0000816
234.315630	-0.0010634
234.333741	-0.0013018
234.351852	0.0001327
234.369964	0.0003554
234.388077	-0.0001627
234.406190	-0.0003063
234.424304	-0.0006068
234.442419	0.0005262
234.460534	-0.0000261
234.478651	0.0005103
234.496767	-0.0010944
234.514885	0.0001418
234.533003	0.0002533
234.551122	-0.0008154
234.569242	0.0001340
234.587363	-0.0010306
234.605484	-0.0002832
234.623605	0.0002743
234.641728	-0.0002547
234.659851	0.0001321
234.677975	-0.0001465
234.696100	-0.0000170
234.714225	-0.0004988
234.732351	0.0007973
234.750478	-0.0006315
234.768605	0.0004424
234.786734	0.0013192
234.804862	0.0004170
234.822992	-0.0004912
234.841122	0.0001058
234.859253	-0.0003795
234.877385	-0.0000609
234.895517	0.0008921
234.913650	-0.0004703
234.931784	0.0007060
234.949918	-0.0000531
234.968054	-0.0001684
234.986190	-0.0004308
235.004326	0.0004969
235.022463	0.0003696
235.040601	0.0014460
235.058740	-0.0000095
235.076879	-0.0001703
235.095020	0.0005413
235.113160	-0.0007022
235.131302	0.0000613
235.149444	0.0001341
235.167587	-0.0003465
235.185730	0.0001575
235.203875	0.0011590
235.222020	0.0007616
235.240165	-0.0000822
235.258312	0.0010129
235.276459	-0.0009641
235.294607	-0.0004233
235.312755	0.0006270
235.330905	-0.0000015
235.349054	0.0005117
235.367205	-0.0006178
235.385356	0.0005405
235.403508	-0.0000330
235.421661	0.0005775
235.439815	-0.0000197
235.457969	0.0000623
235.476124	-0.0005415
235.494279	0.0006385
235.512435	0.0007367
235.530592	-0.0000786
235.548750	0.0002147
235.566908	-0.0010195
235.585067	0.0018386
235.603227	-0.0003508
235.621388	0.0001305
235.639549	-0.0007783
235.657711	-0.0006655
235.675873	0.0000840
235.694036	0.0002047
235.712200	0.0003212
235.730365	-0.0006208
235.748530	-0.0002228
235.766697	-0.0007716
235.784863	0.0008328
235.803031	0.0001850
235.821199	-0.0005262
235.839368	-0.0009076
235.857537	-0.0010015
235.875708	-0.0000953
235.893879	0.0001649
235.912050	-0.0001199
235.930223	-0.0003305
235.948396	0.0007926
235.966570	-0.0004503
235.984744	-0.0009579
236.002920	0.0009124
236.021095	-0.0004929
236.039272	0.0001575
236.057449	-0.0002366
236.075627	-0.0004100
236.093806	-0.0005678
236.111986	-0.0001677
236.130166	0.0000495
236.148346	0.0000403
236.166528	0.0004615
236.184710	-0.0003539
236.202893	0.0003596
236.221077	0.0007286
236.239261	-0.0005252
236.257446	-0.0002151
236.275632	0.0003856
236.293818	0.0005819
236.312006	-0.0007350
236.330193	-0.0000335
236.348382	-0.0004100
236.366571	0.0008356
236.384761	-0.0003398
236.402952	0.0001437
236.421143	0.0009491
236.439335	0.0006852
236.457528	-0.0001697
236.475721	0.0000180
236.493916	0.0000938
236.512111	0.0000571
236.530306	0.0002139
236.548502	0.0002081
236.566699	-0.0009952
236.584897	-0.0002583
236.603095	0.0004237
236.621295	-0.0003554
236.639494	-0.0007248
236.657695	0.0000016
236.675896	-0.0008152
236.694098	0.0013169
236.712301	0.0000160
236.730504	-0.0006412
236.748708	0.0009931
236.766913	0.0000826
236.785118	0.0013916
236.803324	-0.0006540
236.821531	0.0005447
236.839738	-0.0009189
236.857947	-0.0000553
236.876156	0.0001676
236.894365	-0.0000777
236.912576	0.0001552
236.930787	0.0001512
236.948998	-0.0001895
236.967211	-0.0000186
236.985424	0.0001905
237.003638	0.0004814
237.021852	0.0000387
237.040067	0.0000466
237.058283	0.0001752
237.076500	-0.0007680
237.094717	0.0002220
237.112935	-0.0001784
237.131154	0.0000058
237.149374	-0.0003260
237.167594	0.0000897
237.185815	-0.0005108
237.204036	0.0003085
237.222259	-0.0009998
237.240482	0.0008382
237.258705	-0.0007419
237.276930	-0.0004715
237.295155	-0.0007891
237.313380	-0.0004512
237.331607	0.0000881
237.349834	-0.0003192
237.368062	-0.0000570
237.386291	-0.0003591
237.404520	-0.0000766
237.422750	0.0000426
237.440981	0.0002991
237.459212	0.0002731
237.477444	0.0002864
237.495677	0.0002723
237.513910	0.0001671
237.532145	0.0010004
237.550380	0.0004785
237.568615	0.0006292
237.586851	-0.0010044
237.605088	0.0002707
237.623326	0.0003664
237.641565	0.0010364
237.659804	0.0007895
237.678044	0.0006622
237.696284	-0.0000657
237.714525	0.0002002
237.732767	0.0002359
237.751010	0.0004440
237.769253	0.0003652
237.787497	-0.0007112
237.805742	-0.0008209
237.823988	0.0005385
237.842234	0.0009235
237.860481	-0.0000306
237.878728	0.0003513
237.896976	-0.0014507
237.915225	-0.0007041
237.933475	0.0002519
237.951725	0.0003961
237.969976	0.0000275
237.988228	0.0003724
238.006481	-0.0000364
238.024734	0.0001112
238.042988	0.0002322
238.061242	-0.0008403
238.079498	-0.0004664
238.097754	0.0000514
238.116010	-0.0000741
238.134268	-0.0004298
238.152526	-0.0004432
238.170784	0.0003992
238.189044	-0.0002512
238.207304	-0.0004079
238.225565	0.0006688
238.243827	-0.0005941
238.262089	0.0004364
238.280352	-0.0006935
238.298616	0.0002011
238.316880	-0.0004867
238.335145	-0.0002241
238.353411	0.0009297
238.371678	-0.0003317
238.389945	-0.0005807
238.408213	-0.0001022
238.426481	-0.0005218
238.444751	0.0009674
238.463021	-0.0004562
238.481291	0.0002098
238.499563	0.0004463
238.517835	-0.0010505
238.536108	0.0001108
238.554381	0.0003066
238.572656	0.0010074
238.590931	0.0001739
238.609206	-0.0001253
238.627483	0.0006431
238.645760	-0.0007177
238.664037	-0.0004833
238.682316	0.0003079
238.700595	0.0005431
238.718875	-0.0007428
238.737156	0.0010447
238.755437	-0.0006037
238.773719	0.0001577
238.792001	0.0005984
238.810285	-0.0003043
238.828569	0.0004359
238.846854	0.0000798
238.865139	0.0014512
238.883425	-0.0010251
238.901712	-0.0006591
238.920000	0.0006520
238.938288	0.0005045
238.956577	-0.0006014
238.974867	-0.0002425
238.993157	-0.0007540
239.011448	-0.0006524
239.029740	0.0001268
239.048033	0.0000180
239.066326	-0.0004888
239.084620	-0.0002676
239.102914	0.0000487
239.121210	-0.0009678
239.139506	-0.0003302
239.157802	0.0004024
239.176100	0.0001228
239.194398	-0.0002569
239.212697	0.0002226
239.230996	-0.0003775
239.249297	-0.0008980
239.267598	-0.0002840
239.285899	0.0009556
239.304202	0.0002209
239.322505	-0.0005670
239.340808	-0.0003040
239.359113	-0.0006185
239.377418	0.0001672
239.395724	0.0008931
239.414030	-0.0009258
239.432338	0.0012226
239.450646	-0.0007005
239.468954	0.0005525
239.487264	0.0004757
239.505574	0.0012490
239.523884	-0.0006358
239.542196	-0.0002373
239.560508	-0.0009364
239.578821	0.0002681
239.597135	0.0008112
239.615449	-0.0001322
239.633764	-0.0000079
239.652080	0.0009026
239.670396	-0.0002797
239.688713	-0.0009051
239.707031	-0.0000977
239.725349	-0.0006195
239.743668	-0.0007368
239.761988	0.0004244
239.780309	-0.0002523
239.798630	-0.0011583
239.816952	-0.0010120
239.835275	0.0007984
239.853598	0.0006358
239.871923	0.0004511
239.890247	0.0006976
239.908573	0.0003456
239.926899	-0.0001260
239.945226	0.0002727
239.963554	-0.0007409
239.981882	0.0002336
240.000211	0.0012289
240.018541	-0.0006673
240.036871	-0.0000303
240.055202	0.0000575
240.073534	-0.0002748
240.091867	0.0007953
240.110200	-0.0001004
240.128534	-0.0000731
240.146869	-0.0009963
240.165204	-0.0003472
240.183540	0.0006847
240.201877	-0.0000296
240.220214	-0.0004252
240.238552	-0.0001275
240.256891	0.0001775
240.275231	0.0003919
240.293571	-0.0017096
240.311912	-0.0004005
240.330254	0.0000811
240.348596	0.0003699
240.366939	0.0010211
240.385283	0.0001504
240.403628	0.0005238
240.421973	0.0006251
240.440319	-0.0003421
240.458665	-0.0004757
240.477012	0.0010898
240.495360	-0.0004264
240.513709	-0.0004409
240.532059	-0.0007706
240.550409	0.0002500
240.568760	0.0002319
240.587111	-0.0003010
240.605463	0.0009066
240.623816	-0.0003717
240.642170	-0.0001359
240.660524	-0.0002850
240.678879	0.0003222
240.697235	-0.0000423
240.715591	-0.0008264
240.733948	0.0002721
240.752306	-0.0003030
240.770665	-0.0004697
240.789024	-0.0000236
240.807384	-0.0010032
240.825745	-0.0010595
240.844106	0.0004152
240.862468	0.0009206
240.880831	0.0007192
240.899194	-0.0005604
240.917558	-0.0000253
240.935923	0.0008977
240.954289	-0.0003857
240.972655	0.0004373
240.991022	0.0016332
241.009390	-0.0004033
241.027758	-0.0008675
241.046127	0.0001843
241.064497	-0.0008851
241.082867	0.0001776
241.101238	0.0002955
241.119610	0.0004191
241.137983	-0.0001714
241.156356	0.0005959
241.174730	0.0005342
241.193105	0.0000480
241.211480	0.0008230
241.229856	-0.0006765
241.248233	-0.0001728
241.266611	0.0008769
241.284989	0.0006215
241.303368	0.0003190
241.321747	0.0002476
241.340128	0.0001455
241.358509	0.0003402
241.376890	0.0008397
241.395273	0.0009509
241.413656	0.0001775
241.432040	-0.0011798
241.450424	-0.0004028
241.468810	-0.0001047
241.487195	0.0001095
241.505582	0.0001054
241.523969	-0.0004656
241.542358	-0.0000377
241.560746	0.0005250
241.579136	-0.0000203
241.597526	-0.0004314
241.615917	-0.0001196
241.634308	-0.0001896
241.652700	0.0002731
241.671093	0.0000584
241.689487	0.0009145
241.707881	0.0004266
241.726276	0.0004226
241.744672	0.0005117
241.763069	-0.0008382
241.781466	0.0003036
241.799864	-0.0001563
241.818262	0.0003739
241.836662	0.0008049
241.855062	-0.0009145
241.873462	0.0008979
241.891864	0.0007092
241.910266	-0.0000258
241.928669	-0.0000668
241.947072	0.0004332
241.965476	0.0009435
241.983881	0.0002620
242.002287	-0.0008843
242.020693	0.0001734
242.039100	0.0001594
242.057508	0.0001375
242.075916	0.0001580
242.094325	-0.0001466
242.112735	-0.0001886
242.131146	0.0001905
242.149557	-0.0011456
242.167969	0.0004750
242.186381	-0.0001711
242.204795	0.0006106
242.223209	-0.0001758
242.241623	0.0009577
242.260039	-0.0002492
242.278455	0.0001502
242.296872	0.0004902
242.315289	0.0005476
242.333708	0.0001470
242.352126	0.0004040
242.370546	-0.0004357
242.388966	-0.0008536
242.407387	-0.0006951
242.425809	-0.0007932
242.444232	-0.0004649
242.462655	0.0003885
242.481079	-0.0000091
242.499503	0.0008688
242.517929	-0.0005557
242.536355	0.0001784
242.554781	0.0003706
242.573209	0.0005421
242.591637	-0.0002652
242.610065	-0.0002702
242.628495	0.0000402
242.646925	0.0010572
242.665356	0.0002548
242.683788	0.0007839
242.702220	-0.0012668
242.720653	0.0008003
242.739086	-0.0002482
242.757521	-0.0001141
242.775956	-0.0004484
242.794392	-0.0005734
242.812828	-0.0010688
242.831265	-0.0001816
242.849703	-0.0006653
242.868142	0.0005284
242.886581	-0.0000315
242.905021	0.0004588
242.923462	-0.0007507
242.941903	0.0002283
242.960346	-0.0009990
242.978788	0.0006985
242.997232	0.0006376
243.015676	-0.0000715
243.034121	-0.0003523
243.052567	-0.0003896
243.071013	-0.0002795
243.089460	-0.0003258
243.107908	-0.0005359
243.126356	-0.0001631
243.144805	-0.0003418
243.163255	0.0007541
243.181706	0.0000872
243.200157	-0.0015963
243.218609	0.0012959
243.237062	-0.0008841
243.255515	-0.0004392
243.273969	0.0001587
243.292424	0.0009606
243.310879	0.0012227
243.329336	-0.0000338
243.347792	0.0004506
243.366250	-0.0002429
243.384708	0.0000007
243.403167	-0.0003861
243.421627	-0.0011402
243.440087	0.0016624
243.458548	0.0005573
243.477010	0.0000022
243.495473	0.0008682
243.513936	0.0000772
243.532400	0.0003822
243.550864	0.0001266
243.569330	-0.0004534
243.587796	-0.0001019
243.606262	0.0011006
243.624730	0.0004185
243.643198	-0.0002316
243.661667	0.0008762
243.680136	0.0000979
243.698606	-0.0006888
243.717077	-0.0001557
243.735549	-0.0005830
243.754021	-0.0005837
243.772494	-0.0005736
243.790968	-0.0000088
243.809442	-0.0003236
243.827918	-0.0009646
243.846393	-0.0002781
243.864870	-0.0014809
243.883347	0.0006685
243.901825	0.0003005
243.920304	0.0004131
243.938783	-0.0002664
243.957263	-0.0000959
243.975744	-0.0002795
243.994225	0.0003605
244.012708	0.0009947
244.031190	-0.0003127
244.049674	-0.0004472
244.068158	0.0004536
244.086643	0.0001152
244.105129	0.0002266
244.123615	0.0006554
244.142102	-0.0015118
244.160590	0.0006549
244.179079	0.0010801
244.197568	0.0003104
244.216058	-0.0006959
244.234548	0.0010099
244.253040	0.0001177
244.271531	-0.0000400
244.290024	-0.0005446
244.308518	0.0001607
244.327012	-0.0000436
244.345506	0.0002963
244.364002	0.0003542
244.382498	0.0000480
244.400995	-0.0015473
244.419493	0.0009812
244.437991	0.0004348
244.456490	0.0008607
244.474990	0.0001144
244.493490	-0.0001210
244.511991	0.0011820
244.530493	0.0004375
244.548996	-0.0000622
244.567499	0.0011165
244.586003	-0.0005688
244.604507	-0.0000905
244.623013	-0.0000317
244.641519	-0.0002880
244.660026	-0.0013292
244.678533	0.0006618
244.697041	-0.0000156
244.715550	-0.0005423
244.734060	-0.0003514
244.752570	-0.0003765
244.771081	0.0006880
244.789592	0.0008351
244.808105	-0.0001489
244.826618	0.0001911
244.845132	-0.0003096
244.863646	0.0004319
244.882161	-0.0005442
244.900677	0.0001872
244.919194	-0.0001044
244.937711	0.0000299
244.956229	-0.0004156
244.974748	-0.0006264
244.993267	-0.0002962
245.011787	0.0005563
245.030308	-0.0001817
245.048829	-0.0001996
245.067352	-0.0004171
245.085874	-0.0010402
245.104398	-0.0000086
245.122922	-0.0006206
245.141447	-0.0003859
245.159973	-0.0011473
245.178500	0.0009136
245.197027	-0.0003136
245.215554	0.0002021
245.234083	-0.0003126
245.252612	-0.0008087
245.271142	0.0002694
245.289673	-0.0007187
245.308204	-0.0005216
245.326736	-0.0000246
245.345269	0.0005039
245.363802	-0.0004951
245.382336	-0.0018219
245.400871	-0.0000728
245.419407	0.0001080
245.437943	0.0005039
245.456480	0.0000156
245.475018	-0.0006097
245.493556	-0.0002527
245.512095	0.0005232
245.530635	-0.0006620
245.549175	-0.0018868
245.567716	0.0007122
245.586258	-0.0005878
245.604801	-0.0000793
245.623344	0.0000877
245.641888	0.0005334
245.660433	0.0002426
245.678978	0.0005127
245.697524	-0.0008166
245.716071	0.0000984
245.734618	-0.0002525
245.753167	-0.0002322
245.771715	-0.0004356
245.790265	-0.0005447
245.808815	-0.0004366
245.827366	0.0003117
245.845918	0.0004319
245.864470	0.0000430
245.883024	-0.0000619
245.901577	-0.0001581
245.920132	0.0002461
245.938687	0.0004901
245.957243	0.0004716
245.975800	0.0002065
245.994357	0.0003508
246.012915	-0.0001652
246.031474	0.0009115
246.050033	0.0000631
246.068593	0.0011187
246.087154	0.0003034
246.105716	0.0001526
246.124278	0.0005508
246.142841	0.0000867
246.161404	-0.0007456
246.179969	-0.0005839
246.198534	0.0006971
246.217099	0.0003281
246.235666	0.0006337
246.254233	-0.0000698
246.272801	-0.0007096
246.291369	0.0004034
246.309939	-0.0004669
246.328509	-0.0007464
246.347079	0.0004360
246.365651	-0.0009576
246.384223	-0.0002850
246.402795	-0.0001267
246.421369	-0.0000791
246.439943	0.0001345
246.458518	0.0002434
246.477094	-0.0003204
246.495670	-0.0002182
246.514247	0.0005139
246.532825	0.0010614
246.551403	0.0005337
246.569982	0.0012164
246.588562	0.0004231
246.607142	0.0007244
246.625723	0.0009574
246.644305	-0.0003062
246.662888	0.0004109
246.681471	-0.0002506
246.700055	-0.0000553
246.718640	-0.0006102
246.737225	-0.0003649
246.755812	0.0006025
246.774398	0.0003147
246.792986	-0.0005572
246.811574	0.0003198
246.830163	-0.0001802
246.848753	0.0000307
246.867343	-0.0002203
246.885934	-0.0009427
246.904526	0.0002778
246.923118	0.0007623
246.941711	0.0008136
246.960305	0.0002566
246.978900	0.0003788
246.997495	-0.0007652
247.016091	0.0001631
247.034688	-0.0007939
247.053285	0.0003698
247.071883	0.0009556
247.090482	0.0001029
247.109081	0.0006589
247.127681	0.0011037
247.146282	-0.0004647
247.164884	0.0002865
247.183486	-0.0003216
247.202089	-0.0000459
247.220693	-0.0008083
247.239297	-0.0004856
247.257902	-0.0004533
247.276508	-0.0009398
247.295114	0.0002863
247.313722	0.0000183
247.332329	0.0001697
247.350938	-0.0003319
247.369547	0.0003575
247.388157	-0.0001375
247.406768	-0.0005152
247.425379	-0.0000567
247.443991	0.0016245
247.462604	0.0001776
247.481218	-0.0003779
247.499832	-0.0005914
247.518447	-0.0004641
247.537063	0.0001294
247.555679	0.0016279
247.574296	-0.0005434
247.592914	-0.0010142
247.611532	0.0012039
247.630151	-0.0003782
247.648771	-0.0007024
247.667391	-0.0006591
247.686013	0.0012323
247.704635	0.0003204
247.723257	-0.0007393
247.741881	0.0001906
247.760505	-0.0008813
247.779129	0.0002801
247.797755	-0.0003067
247.816381	0.0005881
247.835008	-0.0009579
247.853635	0.0003465
247.872264	0.0018403
247.890893	0.0001607
247.909522	-0.0005406
247.928153	-0.0004999
247.946784	0.0005584
247.965416	0.0003805
247.984048	-0.0000751
248.002681	-0.0013496
248.021315	-0.0000337
248.039950	0.0008071
248.058585	-0.0008732
248.077221	-0.0001324
248.095858	0.0004108
248.114495	-0.0001373
248.133133	-0.0009652
248.151772	0.0002783
248.170411	0.0010693
248.189052	-0.0006215
248.207692	-0.0004959
248.226334	-0.0004557
248.244976	-0.0001949
248.263619	-0.0003552
248.282263	-0.0016636
248.300907	0.0006951
248.319553	-0.0005784
248.338198	0.0004868
248.356845	-0.0000046
248.375492	0.0004580
248.394140	-0.0002311
248.412789	0.0003245
248.431438	-0.0007382
248.450088	-0.0004143
248.468739	0.0002548
248.487390	-0.0006959
248.506042	0.0010218
248.524695	0.0003734
248.543349	-0.0009182
248.562003	-0.0004661
248.580658	0.0002074
248.599314	-0.0008248
248.617970	0.0000480
248.636627	-0.0001446
248.655285	-0.0000527
248.673943	0.0004047
248.692602	0.0006161
248.711262	-0.0011275
248.729923	-0.0002912
248.748584	0.0013880
248.767246	-0.0006892
248.785909	0.0007481
248.804572	-0.0003860
248.823236	-0.0003378
248.841901	-0.0002958
248.860566	-0.0005733
248.879233	-0.0001073
248.897900	-0.0001831
248.916567	-0.0009673
248.935235	-0.0001552
248.953904	-0.0001624
248.972574	0.0000534
248.991244	-0.0000379
249.009916	-0.0002942
249.028587	-0.0001867
249.047260	0.0010113
249.065933	0.0003872
249.084607	0.0003726
249.103282	0.0008415
249.121957	0.0001060
249.140633	-0.0005088
249.159310	-0.0005379
249.177987	-0.0003140
249.196665	-0.0003026
249.215344	-0.0001665
249.234024	0.0002797
249.252704	-0.0008615
249.271385	-0.0009499
249.290066	-0.0001925
249.308749	0.0009347
249.327432	0.0004024
249.346116	-0.0003070
249.364800	-0.0011000
249.383485	-0.0010645
249.402171	0.0006735
249.420858	-0.0003758
249.439545	0.0001442
249.458233	-0.0000539
249.476921	0.0003012
249.495611	-0.0002716
249.514301	-0.0002897
249.532992	0.0002392
249.551683	-0.0005806
249.570375	0.0008866
249.589068	-0.0001579
249.607762	0.0000932
249.626456	0.0003096
249.645151	0.0007251
249.663847	0.0012658
249.682543	-0.0006860
249.701240	0.0005084
249.719938	-0.0019420
249.738636	0.0003294
249.757336	0.0001799
249.776036	-0.0000700
249.794736	0.0006568
249.813437	-0.0012419
249.832140	-0.0000872
249.850842	0.0002738
249.869546	-0.0002024
249.888250	-0.0007095
249.906955	-0.0001992
249.925660	-0.0009144
249.944366	-0.0001094
249.963073	0.0009589
249.981781	-0.0007479
250.000489	0.0002368
250.019198	0.0008936
250.037908	-0.0004087
250.056618	-0.0003880
250.075330	-0.0005354
250.094041	0.0001132
250.112754	-0.0005336
250.131467	-0.0003172
250.150181	-0.0004274
250.168896	-0.0001140
250.187611	-0.0003185
250.206327	0.0002504
250.225044	-0.0002163
250.243761	-0.0004592
250.262480	-0.0003849
250.281198	-0.0003231
250.299918	-0.0000700
250.318638	0.0003578
250.337359	0.0010208
250.356081	-0.0009167
250.374803	-0.0003998
250.393526	-0.0002732
250.412250	-0.0004379
250.430975	-0.0001767
250.449700	-0.0002615
250.468426	0.0004849
250.487152	0.0003667
250.505880	-0.0001134
250.524608	-0.0008264
250.543336	0.0009263
250.562066	-0.0009654
250.580796	-0.0001729
250.599527	-0.0006886
250.618258	0.0007368
250.636990	-0.0001710
250.655723	-0.0002182
250.674457	-0.0000102
250.693191	0.0003336
250.711926	-0.0003767
250.730662	0.0002132
250.749398	0.0000952
250.768136	0.0008490
250.786873	0.0005423
250.805612	0.0003543
250.824351	0.0005018
250.843091	0.0001187
250.861832	-0.0005193
250.880573	-0.0002436
250.899315	-0.0002989
250.918058	-0.0001796
250.936801	0.0004379
250.955545	-0.0000182
250.974290	-0.0000562
250.993036	-0.0006571
251.011782	0.0011021
251.030529	0.0004113
251.049277	0.0003034
251.068025	-0.0001503
251.086774	0.0001523
251.105524	0.0003833
251.124274	0.0001479
251.143026	0.0004452
251.161777	0.0003579
251.180530	0.0000925
251.199283	-0.0002867
251.218037	-0.0014200
251.236792	-0.0004512
251.255547	-0.0008000
251.274303	0.0007863
251.293060	-0.0006449
251.311818	0.0000809
251.330576	0.0004231
251.349335	-0.0008510
251.368094	-0.0001544
251.386855	0.0002345
251.405616	0.0000383
251.424378	-0.0009912
251.443140	0.0004770
251.461903	0.0004047
251.480667	0.0001514
251.499431	-0.0001086
251.518197	-0.0000250
251.536963	-0.0003708
251.555729	-0.0000025
251.574497	-0.0001902
251.593265	-0.0000164
251.612033	-0.0004156
251.630803	-0.0005368
251.649573	-0.0010506
251.668344	0.0003052
251.687115	0.0011868
251.705888	0.0001866
251.724660	-0.0000916
251.743434	-0.0003280
251.762208	0.0005407
251.780984	-0.0000618
251.799759	-0.0013823
251.818536	-0.0005507
251.837313	0.0005688
251.856091	-0.0004300
251.874869	0.0005486
251.893649	0.0005330
251.912429	0.0002679
251.931209	0.0004886
251.949991	-0.0001603
251.968773	-0.0003743
251.987556	-0.0000625
252.006339	-0.0005665
252.025123	0.0005083
252.043908	0.0000271
252.062694	-0.0003749
252.081480	-0.0004721
252.100267	-0.0005161
252.119055	0.0002685
252.137843	-0.0010653
252.156632	0.0000024
252.175422	0.0005415
252.194213	0.0004374
252.213004	0.0010151
252.231796	-0.0000633
252.250588	-0.0010088
252.269382	-0.0007592
252.288176	-0.0002039
252.306970	-0.0004597
252.325766	0.0004375
252.344562	0.0004102
252.363359	0.0005927
252.382156	-0.0015900
252.400954	0.0008824
252.419753	0.0003502
252.438553	0.0004468
252.457353	-0.0007888
252.476154	-0.0000095
252.494956	-0.0000854
252.513759	0.0003813
252.532562	-0.0001668
252.551366	0.0000083
252.570170	-0.0002111
252.588976	-0.0006483
252.607781	0.0006762
252.626588	0.0004134
252.645396	0.0008659
252.664204	0.0007525
252.683012	0.0000072
252.701822	0.0002982
252.720632	-0.0005833
252.739443	-0.0000466
252.758254	-0.0006864
252.777067	-0.0003411
252.795880	0.0010860
252.814693	-0.0010607
252.833508	0.0007692
252.852323	0.0000713
252.871139	-0.0000087
252.889955	-0.0006990
252.908772	-0.0001669
252.927590	-0.0003177
252.946409	0.0007255
252.965228	0.0000411
252.984048	0.0004800
253.002869	0.0003011
253.021690	-0.0005679
253.040512	-0.0000266
253.059335	0.0002618
253.078159	-0.0000392
253.096983	0.0000754
253.115808	0.0012096
253.134634	-0.0002214
253.153460	-0.0001445
253.172287	-0.0000046
253.191115	0.0008469
253.209943	0.0004853
253.228772	0.0008557
253.247602	-0.0003503
253.266433	0.0002825
253.285264	-0.0000366
253.304096	0.0003244
253.322929	-0.0009647
253.341762	-0.0002747
253.360596	-0.0002930
253.379431	0.0001613
253.398266	0.0008510
253.417102	-0.0003513
253.435939	-0.0003429
253.454777	-0.0009920
253.473615	0.0004041
253.492454	0.0000291
253.511294	-0.0002633
253.530134	-0.0009557
253.548975	-0.0007446
253.567817	0.0007467
253.586660	-0.0003494
253.605503	-0.0017556
253.624347	0.0001637
253.643191	-0.0002323
253.662036	0.0005605
253.680882	-0.0006935
253.699729	-0.0006420
253.718577	-0.0006175
253.737425	0.0002259
253.756274	-0.0007358
253.775123	-0.0000535
253.793973	-0.0009460
253.812824	-0.0002028
253.831676	0.0004452
253.850528	-0.0000320
253.869381	-0.0014801
253.888235	-0.0001091
253.907089	-0.0005147
253.925944	-0.0003377
253.944800	0.0003729
253.963657	-0.0002721
253.982514	0.0004419
254.001372	0.0002702
254.020231	-0.0008992
254.039090	-0.0001576
254.057950	-0.0002542
254.076811	0.0005226
254.095672	0.0008084
254.114534	-0.0002002
254.133397	0.0006477
254.152261	0.0001976
254.171125	-0.0001813
254.189990	-0.0001962
254.208856	0.0003517
254.227722	0.0005942
254.246589	-0.0000811
254.265457	-0.0000479
254.284325	-0.0002231
254.303195	-0.0006196
254.322064	-0.0011669
254.340935	0.0006595
254.359806	0.0007867
254.378678	0.0000322
254.397551	0.0011613
254.416424	0.0007842
254.435298	-0.0002862
254.454173	-0.0000998
254.473049	-0.0013122
254.491925	-0.0003732
254.510802	0.0000676
254.529680	0.0000884
254.548558	-0.0006540
254.567437	0.0010624
254.586317	0.0017887
254.605197	0.0037398
254.624078	0.0054528
254.642960	0.0116260
254.661842	0.0223586
254.680726	0.0343502
254.699610	0.0521229
254.718494	0.0766158
254.737380	0.1065114
254.756266	0.1360945
254.775152	0.1641336
254.794040	0.1858447
254.812928	0.1968308
254.831817	0.2006349
254.850706	0.1903852
254.869597	0.1829592
254.888488	0.1630349
254.907379	0.1402423
254.926272	0.1175878
254.945165	0.0975278
254.964058	0.0759739
254.982953	0.0551837
255.001848	0.0414811
255.020744	0.0280736
255.039640	0.0177923
255.058538	0.0117101
255.077436	0.0085085
255.096334	0.0043455
255.115234	0.0021914
255.134134	0.0024026
255.153035	0.0019586
255.171936	0.0003435
255.190838	0.0014985
255.209741	-0.0002193
255.228645	0.0004712
255.247549	0.0004457
255.266454	0.0000493
255.285360	0.0004787
255.304266	-0.0008051
255.323173	-0.0004671
255.342081	-0.0002276
255.360990	0.0003553
255.379899	0.0005567
255.398809	-0.0007353
255.417719	0.0004823
255.436631	0.0004027
255.455543	0.0003413
255.474456	0.0013566
255.493369	-0.0003853
255.512283	0.0000848
255.531198	0.0001728
255.550113	-0.0005446
255.569030	0.0005226
255.587947	-0.0004781
255.606864	0.0003233
255.625783	0.0003957
255.644702	-0.0002339
255.663621	-0.0008453
255.682542	-0.0003121
255.701463	-0.0002068
255.720385	0.0006074
255.739307	0.0000148
255.758231	-0.0005642
255.777155	0.0004622
255.796079	0.0001105
255.815005	0.0002819
255.833931	0.0002870
255.852858	-0.0001551
255.871785	-0.0008151
255.890713	0.0001106
255.909642	-0.0002569
255.928572	-0.0004024
255.947502	-0.0000335
255.966433	-0.0000472
255.985365	-0.0005862
256.004297	-0.0005173
256.023230	-0.0008369
256.042164	-0.0001992
256.061098	-0.0001960
256.080034	0.0002841
256.098970	-0.0003385
256.117906	-0.0005535
256.136844	0.0007731
256.155782	-0.0004503
256.174720	0.0004013
256.193660	-0.0012578
256.212600	0.0008172
256.231541	-0.0008117
256.250482	0.0001987
256.269424	0.0013739
256.288367	-0.0000885
256.307311	-0.0010823
256.326255	-0.0002135
256.345200	0.0004010
256.364146	0.0007362
256.383093	-0.0002682
256.402040	-0.0002701
256.420988	-0.0000925
256.439936	0.0010763
256.458885	0.0003250
256.477835	-0.0001235
256.496786	-0.0013822
256.515737	0.0005328
256.534689	0.0009073
256.553642	0.0016461
256.572596	0.0019097
256.591550	0.0031057
256.610505	0.0071901
256.629460	0.0110918
256.648416	0.0201795
256.667373	0.0354818
256.686331	0.0572586
256.705290	0.0828243
256.724249	0.1192860
256.743208	0.1537693
256.762169	0.1905373
256.781130	0.2237422
256.800092	0.2462170
256.819055	0.2575914
256.838018	0.2494669
256.856982	0.2393760
256.875947	0.2172109
256.894912	0.1932010
256.913878	0.1637949
256.932845	0.1365354
256.951812	0.1075096
256.970781	0.0829608
256.989750	0.0628385
257.008719	0.0455538
257.027690	0.0299162
257.046661	0.0188662
257.065632	0.0121599
257.084605	0.0084419
257.103578	0.0053312
257.122552	0.0035140
257.141526	0.0021256
257.160501	0.0009489
257.179477	0.0007952
257.198454	0.0000029
257.217431	0.0009330
257.236409	0.0009409
257.255388	0.0000954
257.274368	-0.0003739
257.293348	-0.0007754
257.312329	0.0003142
257.331310	0.0000281
257.350293	-0.0000116
257.369276	0.0004416
257.388259	-0.0007285
257.407244	0.0003688
257.426229	0.0006290
257.445214	0.0001828
257.464201	0.0005225
257.483188	0.0017571
257.502176	-0.0009502
257.521165	-0.0006645
257.540154	0.0000692
257.559144	0.0004604
257.578135	-0.0007879
257.597126	-0.0010722
257.616118	0.0002854
257.635111	-0.0002030
257.654104	0.0003682
257.673099	0.0004313
257.692093	0.0001941
257.711089	0.0000620
257.730085	-0.0004971
257.749082	-0.0004519
257.768080	-0.0001427
257.787079	-0.0006803
257.806078	-0.0008403
257.825077	-0.0004255
257.844078	0.0004022
257.863079	0.0000591
257.882081	-0.0003198
257.901084	0.0002616
257.920087	0.0011445
257.939091	-0.0001819
257.958096	-0.0007681
257.977101	0.0001201
257.996108	0.0012599
258.015114	0.0000070
258.034122	0.0008301
258.053130	-0.0000306
258.072139	0.0003553
258.091149	0.0005729
258.110159	0.0003630
258.129170	-0.0020266
258.148182	-0.0003031
258.167194	0.0004679
258.186208	-0.0000466
258.205222	-0.0006637
258.224236	-0.0000457
258.243251	-0.0004288
258.262267	0.0004358
258.281284	0.0006915
258.300301	-0.0001210
258.319320	0.0004692
258.338338	0.0010924
258.357358	-0.0002923
258.376378	-0.0002755
258.395399	-0.0002242
258.414420	0.0005995
258.433443	-0.0003046
258.452466	0.0001944
258.471489	0.0006101
258.490514	0.0000556
258.509539	-0.0005047
258.528565	-0.0001620
258.547591	0.0003383
258.566619	-0.0004002
258.585646	0.0009776
258.604675	0.0029578
258.623704	0.0059794
258.642734	0.0110109
258.661765	0.0160617
258.680797	0.0240560
258.699829	0.0391404
258.718862	0.0537933
258.737895	0.0701299
258.756929	0.0903235
258.775964	0.1056842
258.795000	0.1166887
258.814036	0.1188479
258.833073	0.1234133
258.852111	0.1142174
258.871150	0.1070146
258.890189	0.0970081
258.909229	0.0801743
258.928269	0.0677767
258.947310	0.0548607
258.966352	0.0412950
258.985395	0.0306490
259.004438	0.0220175
259.023483	0.0148880
259.042527	0.0107971
259.061573	0.0065077
259.080619	0.0051238
259.099666	0.0025155
259.118713	0.0011018
259.137762	0.0000266
259.156811	0.0012840
259.175860	0.0008201
259.194911	-0.0005274
259.213962	-0.0004111
259.233014	0.0000156
259.252066	0.0008615
259.271120	0.0002635
259.290173	-0.0002033
259.309228	0.0005027
259.328283	-0.0008277
259.347339	-0.0005140
259.366396	0.0005328
259.385454	0.0006889
259.404512	0.0001739
259.423570	-0.0000006
259.442630	-0.0007781
259.461690	0.0003337
259.480751	-0.0014888
259.499813	-0.0002427
259.518875	0.0002183
259.537938	0.0003655
259.557002	-0.0010952
259.576066	0.0002438
259.595132	0.0006998
259.614197	0.0004925
259.633264	0.0004795
259.652331	0.0001307
259.671399	-0.0002720
259.690468	-0.0009288
259.709537	-0.0005696
259.728607	0.0005690
259.747678	0.0001360
259.766749	0.0003918
259.785822	-0.0004065
259.804895	0.0008765
259.823968	-0.0000889
259.843042	0.0001165
259.862117	-0.0001463
259.881193	-0.0014007
259.900269	0.0004892
259.919347	-0.0002250
259.938424	0.0002857
259.957503	0.0003043
259.976582	0.0003482
259.995662	-0.0004191
260.014743	0.0000269
260.033824	0.0003018
260.052906	-0.0003467
260.071989	-0.0000003
260.091072	0.0006210
260.110156	-0.0001473
260.129241	0.0007521
260.148326	0.0001367
260.167413	-0.0009087
260.186500	0.0004112
260.205587	0.0001683
260.224675	0.0004043
260.243765	0.0002541
260.262854	0.0002939
260.281945	-0.0005267
260.301036	-0.0004888
260.320128	0.0002927
260.339220	0.0008909
260.358313	0.0005946
260.377407	-0.0001438
260.396502	-0.0011617
260.415597	-0.0000299
260.434693	0.0002804
260.453790	-0.0000432
260.472888	-0.0004072
260.491986	-0.0001388
260.511085	-0.0000645
260.530184	0.0006789
260.549285	0.0003260
260.568386	-0.0011236
260.587487	-0.0001861
260.606590	0.0012077
260.625693	0.0011871
260.644796	0.0032175
260.663901	0.0037635
260.683006	0.0069738
260.702112	0.0092093
260.721219	0.0137535
260.740326	0.0162915
260.759434	0.0203893
260.778543	0.0241989
260.797652	0.0254289
260.816762	0.0264579
260.835873	0.0253111
260.854984	0.0262055
260.874097	0.0227318
260.893210	0.0200575
260.912323	0.0172006
260.931437	0.0134789
260.950552	0.0103704
260.969668	0.0067977
260.988785	0.0059579
261.007902	0.0050394
261.027020	0.0019800
261.046138	0.0023391
261.065257	0.0012804
261.084377	0.0006267
261.103498	0.0013747
261.122619	0.0007138
261.141741	0.0004739
261.160864	0.0004954
261.179987	0.0006214
261.199112	0.0002353
261.218237	0.0012033
261.237362	-0.0000557
261.256488	0.0002037
261.275615	-0.0005040
261.294743	0.0005003
261.313871	-0.0003780
261.333000	-0.0001725
261.352130	-0.0002566
261.371261	-0.0010028
261.390392	0.0002501
261.409524	-0.0001156
261.428656	-0.0004510
261.447790	-0.0000927
261.466924	0.0005478
261.486058	-0.0003887
261.505194	-0.0001308
261.524330	-0.0003370
261.543466	0.0011373
261.562604	0.0005459
261.581742	0.0004188
261.600881	0.0011900
261.620021	-0.0001342
261.639161	-0.0002264
261.658302	-0.0001164
261.677444	-0.0004606
261.696586	0.0006545
261.715729	0.0003128
261.734873	0.0002791
261.754018	-0.0003538
261.773163	-0.0000496
261.792309	0.0008435
261.811455	-0.0004900
261.830603	0.0002359
261.849751	0.0005436
261.868899	-0.0001036
261.888049	0.0000867
261.907199	0.0006333
261.926350	-0.0007377
261.945501	-0.0009567
261.964654	0.0012806
261.983807	-0.0002358
262.002960	0.0011948
262.022115	0.0003159
262.041270	-0.0000466
262.060425	0.0006318
262.079582	-0.0006573
262.098739	0.0008234
262.117897	-0.0000538
262.137055	0.0004797
262.156215	-0.0006847
262.175375	-0.0004152
262.194535	-0.0002873
262.213697	0.0005097
262.232859	0.0001545
262.252022	0.0000831
262.271185	0.0011044
262.290349	0.0004169
262.309514	-0.0002522
262.328680	0.0000233
262.347846	0.0004443
262.367013	0.0001815
262.386181	-0.0003526
262.405349	-0.0011105
262.424518	-0.0002697
262.443688	0.0000500
262.462859	-0.0001128
262.482030	-0.0000348
262.501202	-0.0007260
262.520374	0.0005767
262.539548	0.0001836
262.558722	0.0004801
262.577896	0.0006309
262.597072	0.0011526
262.616248	0.0006424
262.635425	-0.0001886
262.654602	-0.0010177
262.673781	-0.0000710
262.692960	0.0001825
262.712139	0.0008441
262.731320	0.0010705
262.750501	0.0011063
262.769682	0.0013008
262.788865	0.0012648
262.808048	0.0011530
262.827232	0.0014372
262.846416	0.0017414
262.865602	0.0024115
262.884788	0.0021509
262.903974	0.0008690
262.923162	0.0014123
262.942350	-0.0000414
262.961538	-0.0000434
262.980728	0.0006208
262.999918	-0.0001252
263.019109	0.0003367
263.038301	0.0012055
263.057493	0.0008970
263.076686	-0.0010512
263.095880	0.0018021
263.115074	0.0000186
263.134269	-0.0013925
263.153465	0.0001517
263.172661	-0.0001409
263.191858	0.0007728
263.211056	0.0004834
263.230255	0.0000616
263.249454	-0.0003862
263.268654	-0.0006937
263.287855	0.0006583
263.307056	-0.0002679
263.326259	0.0000327
263.345461	-0.0007058
263.364665	0.0004634
263.383869	0.0005001
263.403074	-0.0005836
263.422280	0.0006081
263.441486	-0.0004513
263.460693	-0.0004295
263.479901	0.0008424
263.499109	0.0011066
263.518318	-0.0000138
263.537528	0.0001778
263.556739	0.0001160
263.575950	0.0008069
263.595162	-0.0004104
263.614375	0.0006309
263.633588	-0.0001357
263.652802	-0.0004910
263.672017	-0.0013184
263.691232	0.0002053
263.710448	0.0016468
263.729665	-0.0001054
263.748883	0.0010102
263.768101	0.0001219
263.787320	-0.0000394
263.806540	0.0003146
263.825760	0.0009570
263.844981	0.0000428
263.864203	0.0007388
263.883426	-0.0005143
263.902649	0.0021542
263.921873	-0.0003605
263.941097	0.0007113
263.960322	-0.0001170
263.979548	-0.0008505
263.998775	-0.0007693
264.018003	0.0005925
264.037231	0.0001315
264.056460	0.0007244
264.075689	0.0002765
264.094919	-0.0002161
264.114150	0.0005560
264.133382	0.0003438
264.152614	0.0005450
264.171847	0.0000789
264.191081	0.0010649
264.210315	-0.0005394
264.229550	-0.0007435
264.248786	-0.0000489
264.268023	0.0008489
264.287260	-0.0000021
264.306498	-0.0008164
264.325737	0.0007513
264.344976	0.0002292
264.364216	0.0003989
264.383457	-0.0003611
264.402698	-0.0000324
264.421940	-0.0001271
264.441183	0.0001573
264.460427	0.0000926
264.479671	-0.0001945
264.498916	0.0004028
264.518162	-0.0004681
264.537408	0.0001795
264.556655	-0.0004226
264.575903	-0.0016441
264.595151	-0.0001548
264.614400	0.0004465
264.633650	-0.0002928
264.652901	-0.0003589
264.672152	0.0014197
264.691404	-0.0000670
264.710657	-0.0002149
264.729910	-0.0004238
264.749164	0.0000481
264.768419	0.0003955
264.787675	-0.0000409
264.806931	0.0000530
264.826188	0.0002318
264.845445	0.0000236
264.864704	-0.0001250
264.883963	-0.0002751
264.903222	-0.0000208
264.922483	-0.0007813
264.941744	-0.0006920
264.961006	-0.0004473
264.980268	-0.0007414
264.999532	0.0008809
265.018795	0.0003093
265.038060	0.0005157
265.057325	-0.0003318
265.076592	0.0000534
265.095858	-0.0001085
265.115126	-0.0005617
265.134394	-0.0007613
265.153663	0.0002673
265.172932	-0.0004725
265.192202	-0.0006439
265.211473	0.0011313
265.230745	0.0015127
265.250017	-0.0003187
265.269290	0.0005659
265.288564	-0.0003179
265.307839	0.0005996
265.327114	0.0001651
265.346390	0.0004971
265.365666	0.0007712
265.384944	-0.0000838
265.404222	-0.0001906
265.423500	-0.0007596
265.442780	-0.0002491
265.462060	-0.0000986
265.481341	0.0009099
265.500622	-0.0006430
265.519904	-0.0000781
265.539187	-0.0013760
265.558471	-0.0005208
265.577755	-0.0007373
265.597040	-0.0000724
265.616326	-0.0000739
265.635612	-0.0005318
265.654899	-0.0005556
265.674187	-0.0000122
265.693476	-0.0009193
265.712765	0.0006768
265.732055	0.0002310
265.751345	-0.0004675
265.770637	-0.0003600
265.789929	0.0006419
265.809221	-0.0000541
265.828515	0.0011989
265.847809	-0.0006139
265.867104	0.0000379
265.886399	-0.0008432
265.905696	-0.0002427
265.924992	0.0001922
265.944290	-0.0004782
265.963588	0.0002672
265.982888	0.0001841
266.002187	-0.0001347
266.021488	0.0006964
266.040789	0.0003893
266.060091	-0.0003138
266.079393	-0.0001986
266.098697	-0.0000972
266.118001	0.0011266
266.137305	0.0003289
266.156611	-0.0001490
266.175917	-0.0005545
266.195223	-0.0000964
266.214531	0.0001266
266.233839	-0.0003850
266.253148	0.0004730
266.272458	-0.0000858
266.291768	-0.0003683
266.311079	-0.0000533
266.330390	0.0007072
266.349703	0.0004508
266.369016	0.0003736
266.388330	0.0007030
266.407644	-0.0008982
266.426959	0.0011326
266.446275	0.0001068
266.465592	-0.0000935
266.484909	0.0006012
266.504227	0.0008170
266.523546	-0.0000338
266.542865	-0.0004591
266.562186	-0.0000203
266.581506	0.0003171
266.600828	-0.0006758
266.620150	0.0001042
266.639473	-0.0008902
266.658797	0.0009680
266.678121	-0.0002035
266.697446	0.0003449
266.716772	0.0000315
266.736098	0.0004683
266.755425	0.0001655
266.774753	0.0003087
266.794082	0.0006737
266.813411	-0.0000132
266.832741	-0.0005563
266.852072	-0.0008826
266.871403	0.0000383
266.890735	-0.0000857
266.910068	0.0010381
266.929401	-0.0003126
266.948735	0.0010992
266.968070	-0.0004108
266.987406	-0.0004327
267.006742	0.0005391
267.026079	0.0003811
267.045417	-0.0000522
267.064755	0.0001697
267.084094	0.0001423
267.103434	-0.0004963
267.122775	0.0006460
267.142116	0.0007533
267.161458	0.0003875
267.180800	0.0006977
267.200144	-0.0002188
267.219488	0.0006095
267.238832	0.0001945
267.258178	0.0006495
267.277524	-0.0004923
267.296871	-0.0007302
267.316218	0.0004223
267.335566	-0.0002198
267.354915	-0.0001663
267.374265	-0.0002170
267.393615	-0.0009213
267.412966	-0.0007061
267.432318	-0.0005896
267.451670	-0.0005458
267.471024	0.0002752
267.490377	0.0002386
267.509732	-0.0002927
267.529087	0.0011823
267.548443	0.0007708
267.567800	0.0007122
267.587157	0.0008173
267.606515	0.0004508
267.625874	0.0001393
267.645233	-0.0006686
267.664594	0.0003610
267.683954	0.0003131
267.703316	0.0006080
267.722678	0.0001645
267.742041	-0.0002181
267.761405	0.0005957
267.780769	-0.0001760
267.800134	0.0007098
267.819500	0.0002543
267.838867	-0.0002483
267.858234	-0.0011662
267.877602	-0.0004797
267.896970	-0.0002257
267.916339	0.0003289
267.935709	0.0007501
267.955080	-0.0009758
267.974452	-0.0007160
267.993824	0.0000100
268.013196	-0.0003732
268.032570	0.0005939
268.051944	-0.0004554
268.071319	-0.0000092
268.090695	0.0008224
268.110071	0.0006127
268.129448	0.0004216
268.148826	0.0006144
268.168204	0.0010292
268.187583	0.0003447
268.206963	-0.0000293
268.226344	-0.0001625
268.245725	-0.0016250
268.265107	-0.0006427
268.284489	-0.0003029
268.303873	0.0000907
268.323257	0.0001925
268.342642	0.0015925
268.362027	0.0015950
268.381413	0.0004975
268.400800	-0.0002316
268.420188	-0.0007956
268.439576	0.0001298
268.458965	-0.0008852
268.478354	0.0006927
268.497745	-0.0010511
268.517136	-0.0002303
268.536528	0.0000509
268.555920	0.0003470
268.575313	-0.0000373
268.594707	0.0007056
268.614102	0.0001448
268.633497	0.0001805
268.652893	0.0005338
268.672290	-0.0005762
268.691687	0.0005944
268.711085	0.0007966
268.730484	-0.0002506
268.749883	0.0010203
268.769284	-0.0014485
268.788684	-0.0003978
268.808086	0.0008192
268.827488	-0.0009471
268.846891	0.0005691
268.866295	-0.0000709
268.885700	-0.0004795
268.905105	0.0001043
268.924510	-0.0003051
268.943917	-0.0012503
268.963324	0.0011274
268.982732	0.0007266
269.002141	0.0008204
269.021550	0.0000730
269.040960	-0.0005257
269.060371	-0.0000857
269.079782	0.0010913
269.099194	0.0002315
269.118607	-0.0000020
269.138021	-0.0007084
269.157435	-0.0001646
269.176850	-0.0003904
269.196266	-0.0004243
269.215682	-0.0003390
269.235099	-0.0000444
269.254517	-0.0000314
269.273935	0.0005420
269.293354	0.0006914
269.312774	-0.0009295
269.332195	-0.0008273
269.351616	0.0005416
269.371038	0.0008425
269.390461	-0.0007642
269.409884	0.0011405
269.429308	0.0001491
269.448733	0.0010936
269.468158	0.0014272
269.487585	0.0016461
269.507011	0.0019370
269.526439	0.0014987
269.545867	0.0020849
269.565296	0.0026976
269.584726	0.0035890
269.604156	0.0031284
269.623588	0.0020939
269.643019	0.0027337
269.662452	0.0023235
269.681885	0.0011144
269.701319	0.0028097
269.720754	0.0020059
269.740189	0.0008982
269.759625	-0.0000741
269.779062	0.0002314
269.798499	-0.0000137
269.817937	-0.0001860
269.837376	-0.0007379
269.856815	0.0000795
269.876256	0.0001323
269.895697	0.0005338
269.915138	-0.0001267
269.934581	-0.0001432
269.954024	0.0007268
269.973467	0.0008204
269.992912	-0.0003923
270.012357	0.0001648
270.031803	0.0003150
270.051249	-0.0002359
270.070697	0.0007068
270.090145	0.0007095
270.109593	0.0004501
270.129043	0.0009640
270.148493	-0.0006946
270.167943	-0.0004030
270.187395	0.0001731
270.206847	0.0003266
270.226300	-0.0008025
270.245754	-0.0005489
270.265208	-0.0001347
270.284663	-0.0008920
270.304119	-0.0006382
270.323575	0.0007119
270.343032	0.0010519
270.362490	0.0003749
270.381948	0.0000554
270.401407	0.0011967
270.420867	0.0004440
270.440328	0.0001211
270.459789	-0.0001368
270.479251	-0.0005941
270.498714	-0.0010167
270.518177	0.0011769
270.537642	0.0004172
270.557106	-0.0000139
270.576572	0.0000378
270.596038	-0.0005544
270.615505	0.0002980
270.634973	-0.0000788
270.654441	-0.0003728
270.673910	-0.0000250
270.693380	-0.0001333
270.712850	-0.0006945
270.732321	0.0013546
270.751793	-0.0000662
270.771266	0.0001982
270.790739	-0.0000554
270.810213	-0.0016779
270.829687	-0.0002292
270.849163	-0.0008545
270.868639	-0.0006976
270.888116	-0.0004531
270.907593	0.0004425
270.927071	0.0002197
270.946550	-0.0002596
270.966030	-0.0005970
270.985510	-0.0008455
271.004991	0.0001579
271.024473	0.0001554
271.043955	0.0006924
271.063438	-0.0001366
271.082922	0.0000772
271.102406	-0.0001452
271.121892	-0.0003344
271.141377	-0.0011832
271.160864	-0.0007382
271.180351	-0.0004432
271.199839	-0.0017012
271.219328	0.0013126
271.238817	-0.0000459
271.258307	0.0003399
271.277798	-0.0013809
271.297290	0.0007471
271.316782	0.0000289
271.336275	0.0007168
271.355769	-0.0000419
271.375263	0.0001291
271.394758	-0.0001539
271.414254	0.0001880
271.433750	0.0000399
271.453247	-0.0000688
271.472745	-0.0012504
271.492243	-0.0002029
271.511743	-0.0000996
271.531243	0.0001973
271.550743	0.0004203
271.570245	-0.0003742
271.589747	-0.0005492
271.609249	0.0001928
271.628753	-0.0005379
271.648257	0.0005947
271.667762	-0.0014965
271.687267	-0.0006781
271.706774	0.0003743
271.726281	-0.0002079
271.745788	-0.0007710
271.765297	0.0003576
271.784806	-0.0007802
271.804315	-0.0006190
271.823826	-0.0002234
271.843337	-0.0001995
271.862849	0.0010306
271.882362	-0.0012864
271.901875	0.0001816
271.921389	-0.0008111
271.940904	0.0003006
271.960419	0.0002458
271.979935	0.0003330
271.999452	0.0003079
272.018969	-0.0002313
272.038488	0.0003153
272.058006	0.0003501
272.077526	0.0002046
272.097046	0.0007378
272.116567	-0.0010262
272.136089	-0.0008447
272.155611	0.0009728
272.175135	0.0004012
272.194658	0.0005852
272.214183	0.0000695
272.233708	0.0007238
272.253234	-0.0001804
272.272761	-0.0008062
272.292288	-0.0006317
272.311816	0.0003240
272.331345	-0.0003694
272.350874	0.0005805
272.370404	-0.0001618
272.389935	-0.0003044
272.409467	0.0000282
272.428999	0.0005655
272.448532	0.0005047
272.468066	-0.0003741
272.487600	-0.0008445
272.507135	-0.0001716
272.526671	-0.0007168
272.546207	0.0006009
272.565744	0.0007913
272.585282	0.0005701
272.604821	0.0001953
272.624360	-0.0008284
272.643900	0.0002267
272.663441	-0.0002597
272.682982	0.0002149
272.702524	-0.0008526
272.722067	-0.0001344
272.741610	0.0007376
272.761155	-0.0006571
272.780700	-0.0008481
272.800245	-0.0003459
272.819791	0.0003017
272.839338	-0.0001342
272.858886	0.0007216
272.878434	-0.0008311
272.897984	-0.0000663
272.917533	0.0006285
272.937084	0.0001917
272.956635	0.0000993
272.976187	0.0004663
272.995740	0.0003253
273.015293	0.0011626
273.034847	0.0003719
273.054402	-0.0004464
273.073957	-0.0002307
273.093513	0.0002997
273.113070	-0.0002869
273.132628	0.0003309
273.152186	0.0001579
273.171745	0.0006082
273.191304	0.0000080
273.210865	-0.0004176
273.230426	-0.0002959
273.249988	-0.0007652
273.269550	-0.0007409
273.289113	0.0009879
273.308677	-0.0003013
273.328242	0.0000483
273.347807	-0.0010398
273.367373	0.0004353
273.386939	0.0001510
273.406507	-0.0006831
273.426075	0.0000852
273.445644	0.0000956
273.465213	-0.0005714
273.484783	0.0003565
273.504354	-0.0003823
273.523926	-0.0005922
273.543498	0.0000737
273.563071	0.0005084
273.582645	-0.0003789
273.602219	-0.0009967
273.621794	-0.0001045
273.641370	-0.0003257
273.660946	-0.0000244
273.680524	0.0001695
273.700102	-0.0009708
273.719680	-0.0001420
273.739259	0.0001579
273.758840	-0.0009044
273.778420	0.0006193
273.798002	0.0002386
273.817584	-0.0008029
273.837167	-0.0015296
273.856750	0.0009551
273.876334	0.0000888
273.895919	-0.0006018
273.915505	-0.0000577
273.935091	-0.0006032
273.954678	-0.0008333
273.974266	0.0000311
273.993854	-0.0008746
274.013444	0.0001197
274.033033	-0.0002100
274.052624	0.0005567
274.072215	-0.0008556
274.091807	0.0005801
274.111400	-0.0008295
274.130993	0.0002516
274.150587	0.0006165
274.170182	-0.0004730
274.189777	-0.0006502
274.209374	0.0001284
274.228970	-0.0009171
274.248568	0.0000950
274.268166	0.0007365
274.287765	-0.0002709
274.307365	-0.0004773
274.326965	0.0005424
274.346566	-0.0002604
274.366168	0.0009070
274.385771	-0.0007272
274.405374	0.0002023
274.424978	-0.0001579
274.444582	-0.0005460
274.464188	0.0001987
274.483794	0.0005672
274.503400	0.0000494
274.523008	-0.0004016
274.542616	-0.0005481
274.562225	-0.0009199
274.581834	0.0006891
274.601444	-0.0004392
274.621055	0.0007438
274.640667	0.0011770
274.660279	0.0000613
274.679892	0.0005906
274.699506	-0.0001949
274.719120	-0.0001241
274.738736	-0.0000326
274.758351	0.0003458
274.777968	0.0008778
274.797585	-0.0010232
274.817203	0.0008317
274.836822	0.0006257
274.856441	0.0012804
274.876061	0.0003979
274.895682	0.0003065
274.915303	-0.0006145
274.934925	-0.0005494
274.954548	-0.0001063
274.974172	-0.0001857
274.993796	0.0000457
275.013421	0.0003999
275.033047	-0.0011547
275.052673	-0.0001066
275.072300	0.0002567
275.091928	0.0009184
275.111556	0.0001778
275.131186	0.0002449
275.150815	-0.0000948
275.170446	-0.0003798
275.190077	-0.0007405
275.209709	0.0002890
275.229342	0.0006169
275.248975	-0.0005132
275.268609	-0.0002888
275.288244	-0.0001340
275.307880	0.0012964
275.327516	0.0012682
275.347153	0.0008902
275.366790	0.0001250
275.386429	-0.0007035
275.406068	0.0011437
275.425708	0.0001268
275.445348	-0.0003591
275.464989	0.0002319
275.484631	0.0007355
275.504273	0.0003148
275.523917	0.0008838
275.543561	0.0008899
275.563205	0.0003042
275.582851	0.0002393
275.602497	0.0000211
275.622143	0.0008617
275.641791	0.0005983
275.661439	-0.0006259
275.681088	0.0004990
275.700737	0.0003950
275.720388	-0.0003283
275.740038	0.0007041
275.759690	-0.0006089
275.779342	0.0008057
275.798996	-0.0002004
275.818649	0.0002486
275.838304	0.0007819
275.857959	0.0003355
275.877615	-0.0001328
275.897271	0.0009469
275.916929	0.0003012
275.936587	-0.0001135
275.956245	0.0004309
275.975905	-0.0000794
275.995565	0.0005169
276.015226	-0.0002020
276.034887	0.0007524
276.054549	0.0003336
276.074212	0.0000375
276.093876	-0.0002719
276.113540	0.0004998
276.133205	-0.0002332
276.152871	-0.0002440
276.172537	0.0002418
276.192204	-0.0007977
276.211872	-0.0002251
276.231541	-0.0004885
276.251210	-0.0005019
276.270880	-0.0009360
276.290550	-0.0006317
276.310222	0.0006037
276.329894	0.0000151
276.349566	-0.0002754
276.369240	0.0006229
276.388914	-0.0003547
276.408589	-0.0001282
276.428264	-0.0003812
276.447940	-0.0008508
276.467617	0.0011211
276.487295	-0.0003664
276.506973	-0.0008489
276.526652	-0.0002429
276.546332	0.0000753
276.566013	0.0003066
276.585694	-0.0000800
276.605376	-0.0001662
276.625058	0.0003691
276.644742	-0.0011798
276.664425	-0.0006124
276.684110	-0.0011200
276.703796	-0.0001066
276.723482	-0.0009856
276.743168	-0.0004480
276.762856	0.0000565
276.782544	0.0000610
276.802233	0.0001994
276.821922	0.0015864
276.841613	-0.0002969
276.861304	0.0007161
276.880995	0.0000088
276.900688	-0.0000342
276.920381	0.0008294
276.940075	0.0008697
276.959769	0.0002414
276.979464	-0.0000457
276.999160	0.0006118
277.018857	0.0001081
277.038554	-0.0003639
277.058252	0.0007362
277.077951	-0.0003950
277.097650	-0.0000772
277.117350	-0.0005847
277.137051	-0.0007507
277.156753	-0.0001019
277.176455	0.0003846
277.196158	-0.0005975
277.215862	0.0000284
277.235566	0.0020418
277.255271	0.0004561
277.274977	-0.0004322
277.294683	0.0002918
277.314390	-0.0005140
277.334098	0.0002917
277.353807	0.0000710
277.373516	0.0009573
277.393226	0.0003381
277.412937	0.0001566
277.432648	-0.0001862
277.452360	0.0002733
277.472073	0.0012072
277.491786	0.0017455
277.511500	0.0008988
277.531215	0.0004464
277.550931	0.0022335
277.570647	0.0005300
277.590364	0.0017992
277.610082	0.0017746
277.629800	0.0018159
277.649519	0.0019523
277.669239	0.0007804
277.688960	0.0006014
277.708681	0.0012634
277.728403	0.0002106
277.748125	0.0004189
277.767848	-0.0002823
277.787572	0.0010102
277.807297	-0.0001762
277.827023	0.0003245
277.846749	-0.0002910
277.866476	0.0003656
277.886203	0.0000275
277.905931	0.0001133
277.925660	0.0001747
277.945390	0.0006309
277.965120	0.0002854
277.984851	-0.0000407
278.004583	0.0004301
278.024315	-0.0005684
278.044048	0.0001939
278.063782	-0.0005394
278.083517	0.0014231
278.103252	0.0011277
278.122988	-0.0000293
278.142725	0.0007143
278.162462	-0.0005963
278.182200	0.0006982
278.201939	0.0000030
278.221678	-0.0005181
278.241418	0.0005814
278.261159	0.0008373
278.280901	0.0002600
278.300643	0.0005719
278.320386	-0.0005886
278.340130	-0.0005242
278.359874	0.0007826
278.379619	-0.0003063
278.399365	-0.0000363
278.419111	0.0000255
278.438859	-0.0007727
278.458606	0.0002924
278.478355	0.0003393
278.498104	-0.0006600
278.517854	0.0001465
278.537605	-0.0006997
278.557356	0.0000833
278.577108	0.0004071
278.596861	-0.0001597
278.616615	0.0002608
278.636369	-0.0003953
278.656124	-0.0004270
278.675880	-0.0002931
278.695636	0.0000660
278.715393	-0.0008649
278.735151	-0.0003322
278.754909	0.0003302
278.774668	0.0004658
278.794428	-0.0002107
278.814188	0.0000673
278.833950	0.0008167
278.853712	-0.0001751
278.873474	0.0002279
278.893238	0.0001851
278.913002	-0.0000357
278.932766	0.0004657
278.952532	0.0003011
278.972298	-0.0005134
278.992065	0.0002039
279.011832	0.0001237
279.031601	-0.0000027
279.051370	-0.0007384
279.071139	0.0010929
279.090910	0.0009009
279.110681	0.0004298
279.130452	-0.0009537
279.150225	-0.0002136
279.169998	0.0004684
279.189772	-0.0003526
279.209546	-0.0007203
279.229322	-0.0000585
279.249098	-0.0002136
279.268874	-0.0000767
279.288652	0.0002521
279.308430	-0.0001724
279.328209	-0.0001669
279.347988	0.0017913
279.367768	0.0005646
279.387549	0.0014824
279.407331	0.0014914
279.427113	0.0020434
279.446896	0.0021906
279.466680	0.0037538
279.486464	0.0039223
279.506249	0.0040281
279.526035	0.0051138
279.545822	0.0043761
279.565609	0.0044126
279.585397	0.0033352
279.605185	0.0031387
279.624975	0.0039162
279.644765	0.0023342
279.664556	0.0011437
279.684347	0.0009813
279.704139	0.0001172
279.723932	-0.0001072
279.743725	0.0007336
279.763520	0.0001091
279.783315	0.0002300
279.803110	0.0002596
279.822907	0.0009327
279.842704	0.0012565
279.862501	-0.0000773
279.882300	0.0012746
279.902099	0.0006735
279.921899	-0.0004361
279.941699	0.0015751
279.961501	0.0005849
279.981303	-0.0001800
280.001105	-0.0000312
280.020909	0.0002913
280.040713	-0.0007563
280.060518	0.0003886
280.080323	0.0009407
280.100129	0.0011640
280.119936	0.0002359
280.139744	0.0005386
280.159552	0.0004125
280.179361	-0.0006297
280.199171	-0.0000124
280.218981	-0.0003422
280.238792	0.0003658
280.258604	0.0000661
280.278416	-0.0012270
280.298230	0.0008382
280.318044	-0.0002533
280.337858	-0.0002063
280.357674	0.0012009
280.377490	-0.0007056
280.397306	-0.0003759
280.417124	-0.0008033
280.436942	0.0002966
280.456761	0.0004366
280.476580	-0.0004925
280.496400	-0.0013061
280.516221	-0.0001380
280.536043	-0.0008417
280.555865	-0.0000527
280.575688	-0.0008309
280.595512	0.0000077
280.615337	-0.0001078
280.635162	-0.0007918
280.654988	-0.0006452
280.674814	0.0009149
280.694641	0.0001212
280.714469	-0.0002516
280.734298	0.0006671
280.754127	0.0006514
280.773957	-0.0001316
280.793788	-0.0000279
280.813620	0.0003204
280.833452	0.0007906
280.853285	0.0002188
280.873118	-0.0006163
280.892952	-0.0000247
280.912787	0.0000842
280.932623	0.0008332
280.952460	-0.0001794
280.972297	0.0001825
280.992134	-0.0009033
281.011973	0.0001334
281.031812	0.0004690
281.051652	-0.0002804
281.071493	0.0010688
281.091334	0.0002319
281.111176	-0.0000138
281.131019	-0.0000212
281.150862	0.0008405
281.170706	0.0006929
281.190551	-0.0000408
281.210396	-0.0010920
281.230243	0.0001208
281.250090	0.0009168
281.269937	0.0014774
281.289786	0.0011023
281.309635	0.0002864
281.329484	-0.0007150
281.349335	-0.0001476
281.369186	0.0001726
281.389038	0.0008294
281.408890	0.0002867
281.428743	-0.0006083
281.448597	-0.0005093
281.468452	0.0003375
281.488307	0.0005921
281.508163	0.0006724
281.528020	-0.0001630
281.547878	-0.0011085
281.567736	0.0000793
281.587595	-0.0000995
281.607454	-0.0000788
281.627315	-0.0002722
281.647176	-0.0000914
281.667037	0.0004789
281.686900	0.0003626
281.706763	-0.0003993
281.726626	0.0003958
281.746491	0.0006666
281.766356	-0.0001936
281.786222	0.0002032
281.806089	0.0002514
281.825956	0.0012843
281.845824	0.0013809
281.865693	-0.0005690
281.885562	-0.0001506
281.905432	-0.0003901
281.925303	-0.0001212
281.945174	-0.0007508
281.965047	0.0010088
281.984919	0.0008721
282.004793	-0.0000239
282.024667	0.0005064
282.044542	-0.0007549
282.064418	-0.0009104
282.084295	0.0005512
282.104172	0.0002232
282.124049	0.0000540
282.143928	0.0001243
282.163807	0.0001881
282.183687	-0.0005139
282.203568	-0.0005425
282.223449	-0.0006019
282.243331	-0.0003697
282.263214	-0.0000905
282.283097	-0.0002240
282.302982	-0.0000390
282.322866	-0.0001459
282.342752	0.0008196
282.362638	-0.0000013
282.382525	0.0003054
282.402413	-0.0004063
282.422301	0.0002455
282.442190	0.0009116
282.462080	-0.0001240
282.481970	-0.0013258
282.501862	0.0014178
282.521754	0.0000173
282.541646	0.0009028
282.561539	-0.0004998
282.581433	0.0010603
282.601328	-0.0000163
282.621223	0.0009900
282.641120	0.0008032
282.661016	0.0009103
282.680914	0.0001632
282.700812	0.0011007
282.720711	-0.0005472
282.740610	-0.0007256
282.760511	-0.0004850
282.780412	0.0002783
282.800313	-0.0005373
282.820216	-0.0000674
282.840119	0.0005578
282.860023	0.0007635
282.879927	0.0000550
282.899833	0.0005995
282.919738	-0.0002579
282.939645	-0.0004905
282.959552	-0.0001653
282.979460	0.0002248
282.999369	0.0002898
283.019279	0.0003440
283.039189	0.0009484
283.059100	0.0008960
283.079011	0.0010394
283.098923	0.0018055
283.118836	0.0025122
283.138750	0.0023286
283.158664	0.0032076
283.178579	0.0028566
283.198495	0.0029706
283.218412	0.0023707
283.238329	0.0025988
283.258247	0.0036022
283.278165	0.0026146
283.298084	0.0019483
283.318004	0.0019270
283.337925	0.0011053
283.357846	0.0008378
283.377769	0.0011760
283.397691	0.0008295
283.417615	0.0017109
283.437539	0.0007729
283.457464	-0.0004068
283.477389	0.0009612
283.497316	-0.0001714
283.517243	0.0006416
283.537170	-0.0009282
283.557099	-0.0003546
283.577028	-0.0002681
283.596958	0.0000819
283.616888	0.0017765
283.636820	-0.0003395
283.656751	0.0006141
283.676684	0.0005439
283.696617	0.0000225
283.716551	-0.0004680
283.736486	-0.0000121
283.756422	-0.0012266
283.776358	-0.0007935
283.796294	0.0005969
283.816232	0.0011083
283.836170	0.0000721
283.856109	0.0011391
283.876049	-0.0001943
283.895989	-0.0011223
283.915930	-0.0003911
283.935872	0.0000159
283.955814	0.0007978
283.975758	-0.0001286
283.995701	-0.0000959
284.015646	0.0008347
284.035591	0.0013691
284.055537	0.0004804
284.075484	-0.0009777
284.095431	-0.0001463
284.115379	0.0001813
284.135328	-0.0006359
284.155277	-0.0002278
284.175228	0.0004022
284.195179	-0.0002394
284.215130	0.0010408
284.235082	-0.0006571
284.255035	0.0000634
284.274989	0.0005850
284.294943	-0.0007164
284.314899	-0.0001773
284.334854	0.0004226
284.354811	-0.0002375
284.374768	-0.0003570
284.394726	0.0006963
284.414685	-0.0003662
284.434644	-0.0004252
284.454604	0.0005828
284.474565	-0.0012389
284.494526	0.0008917
284.514488	-0.0003271
284.534451	-0.0003577
284.554414	-0.0000819
284.574379	0.0007778
284.594344	-0.0001933
284.614309	0.0003916
284.634275	0.0001930
284.654243	-0.0003250
284.674210	-0.0002706
284.694179	0.0000830
284.714148	0.0003081
284.734118	0.0004202
284.754088	-0.0009109
284.774059	-0.0004613
284.794031	-0.0000805
284.814004	-0.0003320
284.833977	0.0005733
284.853951	0.0004693
284.873926	-0.0007155
284.893902	-0.0001193
284.913878	0.0003465
284.933855	-0.0004431
284.953832	-0.0001363
284.973811	0.0002077
284.993790	-0.0011034
285.013769	0.0013845
285.033750	0.0003654
285.053731	-0.0007640
285.073712	0.0004956
285.093695	-0.0000867
285.113678	0.0004912
285.133662	0.0005790
285.153647	-0.0000564
285.173632	-0.0000581
285.193618	-0.0002986
285.213605	0.0004935
285.233592	0.0005953
285.253580	-0.0000475
285.273569	0.0007126
285.293558	-0.0007308
285.313549	0.0002353
285.333540	-0.0000306
285.353531	-0.0004927
285.373523	-0.0012940
285.393516	-0.0013435
285.413510	0.0001019
285.433505	0.0006239
285.453500	0.0008129
285.473496	-0.0008562
285.493492	-0.0008326
285.513489	-0.0010341
285.533487	-0.0006162
285.553486	-0.0000579
285.573485	-0.0004131
285.593485	-0.0006406
285.613486	0.0003581
285.633488	0.0000391
285.653490	-0.0006073
285.673493	-0.0003088
285.693496	0.0005193
285.713500	0.0010380
285.733505	0.0010826
285.753511	0.0002345
285.773517	0.0000172
285.793524	-0.0002257
285.813532	-0.0000882
285.833541	0.0004500
285.853550	0.0001726
285.873560	0.0000719
285.893570	0.0011141
285.913582	-0.0000161
285.933594	-0.0001003
285.953606	-0.0001179
285.973620	-0.0005811
285.993634	0.0014628
286.013648	-0.0001841
286.033664	0.0000245
286.053680	-0.0002270
286.073697	-0.0003502
286.093715	-0.0006441
286.113733	0.0006094
286.133752	0.0006978
286.153772	-0.0004664
286.173792	0.0005606
286.193813	0.0003486
286.213835	0.0006905
286.233858	0.0001148
286.253881	-0.0002056
286.273905	-0.0002947
286.293929	0.0001641
286.313955	0.0013297
286.333981	0.0006346
286.354007	-0.0005401
286.374035	-0.0006701
286.394063	-0.0004476
286.414092	-0.0009849
286.434121	-0.0002906
286.454152	0.0003901
286.474183	-0.0005427
286.494214	-0.0000605
286.514247	-0.0010434
286.534280	-0.0003192
286.554313	0.0010132
286.574348	-0.0000171
286.594383	0.0003272
286.614419	0.0007064
286.634456	0.0005407
286.654493	0.0007920
286.674531	-0.0006718
286.694569	0.0005019
286.714609	-0.0001480
286.734649	-0.0007416
286.754690	-0.0001932
286.774731	-0.0004396
286.794773	0.0004936
286.814816	-0.0011411
286.834860	-0.0011440
286.854904	0.0003834
286.874949	-0.0004370
286.894995	-0.0003025
286.915041	-0.0000420
286.935088	-0.0003253
286.955136	-0.0000137
286.975185	0.0002478
286.995234	0.0007039
287.015284	0.0004924
287.035334	-0.0014982
287.055386	0.0000409
287.075438	-0.0005746
287.095490	0.0004896
287.115544	0.0000056
287.135598	-0.0002822
287.155653	0.0007718
287.175708	0.0013850
287.195765	0.0001544
287.215822	0.0010696
287.235879	0.0004295
287.255938	0.0003582
287.275997	0.0003731
287.296056	0.0005035
287.316117	0.0003730
287.336178	0.0001053
287.356240	0.0000856
287.376302	-0.0000640
287.396366	0.0000308
287.416430	0.0002990
287.436494	-0.0001584
287.456560	-0.0001343
287.476626	0.0005826
287.496692	0.0000353
287.516760	0.0002282
287.536828	0.0013898
287.556897	-0.0005479
287.576967	-0.0006276
287.597037	-0.0008716
287.617108	0.0005379
287.637180	0.0001400
287.657252	0.0002490
287.677325	0.0004647
287.697399	0.0006305
287.717473	0.0000702
287.737548	0.0008654
287.757624	-0.0007938
287.777701	-0.0001264
287.797778	-0.0003248
287.817856	-0.0013906
287.837935	-0.0001019
287.858014	0.0004551
287.878095	-0.0005734
287.898175	-0.0013071
287.918257	0.0018497
287.938339	-0.0004581
287.958422	0.0004795
287.978506	0.0001689
287.998590	0.0000068
288.018675	-0.0002143
288.038761	0.0001222
288.058847	0.0005642
288.078934	0.0007732
288.099022	-0.0000337
288.119111	0.0006469
288.139200	0.0003285
288.159290	0.0002643
288.179381	-0.0000374
288.199472	0.0008133
288.219564	0.0006589
288.239657	0.0002387
288.259750	-0.0003123
288.279844	-0.0010100
288.299939	0.0007309
288.320035	0.0001015
288.340131	-0.0009210
288.360228	-0.0002461
288.380326	0.0004712
288.400424	0.0005761
288.420523	0.0006883
288.440623	0.0011156
288.460724	-0.0002885
288.480825	0.0008036
288.500927	-0.0005154
288.521029	-0.0002711
288.541132	-0.0002794
288.561236	0.0002621
288.581341	-0.0006897
288.601447	0.0000371
288.621553	0.0002791
288.641660	-0.0000550
288.661767	-0.0000269
288.681875	-0.0000142
288.701984	0.0007472
288.722094	0.0006509
288.742204	-0.0005330
288.762315	0.0001266
288.782427	-0.0009956
288.802539	0.0001933
288.822652	-0.0004599
288.842766	0.0008120
288.862881	0.0002977
288.882996	-0.0006735
288.903112	-0.0000171
288.923229	-0.0009301
288.943346	0.0002769
288.963464	-0.0007267
288.983583	-0.0011712
289.003702	-0.0004282
289.023822	-0.0001055
289.043943	-0.0001612
289.064065	0.0000167
289.084187	-0.0000022
289.104310	0.0001009
289.124434	-0.0001794
289.144558	0.0000653
289.164683	-0.0000038
289.184809	-0.0005375
289.204935	0.0000858
289.225062	0.0007167
289.245190	-0.0004893
289.265319	0.0008340
289.285448	-0.0003862
289.305578	0.0001587
289.325709	0.0003892
289.345840	-0.0003386
289.365972	-0.0000497
289.386105	-0.0005302
289.406239	-0.0005233
289.426373	-0.0005413
289.446508	0.0003205
289.466643	0.0000507
289.486780	0.0013862
289.506917	0.0001660
289.527054	-0.0003981
289.547193	-0.0000658
289.567332	0.0013674
289.587472	0.0001935
289.607612	-0.0001847
289.627754	0.0007064
289.647895	-0.0007021
289.668038	0.0002118
289.688181	-0.0013905
289.708326	0.0001667
289.728470	-0.0008127
289.748616	-0.0006317
289.768762	-0.0007772
289.788909	-0.0003197
289.809056	0.0000082
289.829204	-0.0007458
289.849353	0.0001475
289.869503	-0.0000144
289.889653	0.0010733
289.909804	-0.0004860
289.929956	0.0003442
289.950109	0.0003952
289.970262	-0.0009440
289.990416	-0.0006414
290.010570	-0.0000918
290.030726	0.0000997
290.050882	0.0011753
290.071038	-0.0001272
290.091196	0.0000810
290.111354	0.0006461
290.131513	-0.0001348
290.151672	0.0000197
290.171832	-0.0000700
290.191993	-0.0006634
290.212155	-0.0002286
290.232317	0.0005760
290.252480	0.0006236
290.272644	-0.0004649
290.292808	0.0003185
290.312973	-0.0003339
290.333139	0.0004322
290.353306	-0.0001205
290.373473	0.0005602
290.393641	0.0016859
290.413809	-0.0001252
290.433979	-0.0007982
290.454149	0.0004463
290.474319	-0.0000941
290.494491	0.0006165
290.514663	-0.0000718
290.534836	0.0006887
290.555009	0.0001582
290.575184	-0.0004318
290.595358	0.0007988
290.615534	0.0005270
290.635710	0.0009212
290.655887	-0.0004005
290.676065	-0.0008662
290.696244	-0.0009860
290.716423	0.0004628
290.736603	-0.0012357
290.756783	0.0002151
290.776965	-0.0002699
290.797147	0.0003119
290.817329	-0.0008152
290.837513	-0.0004590
290.857697	0.0003749
290.877881	0.0001275
290.898067	0.0009046
290.918253	0.0002430
290.938440	-0.0006981
290.958628	-0.0006824
290.978816	-0.0002724
290.999005	-0.0008091
291.019194	-0.0008368
291.039385	-0.0001351
291.059576	-0.0009728
291.079768	-0.0001417
291.099960	0.0003276
291.120153	0.0009008
291.140347	-0.0000048
291.160542	-0.0007799
291.180737	0.0000934
291.200933	0.0004277
291.221130	-0.0001705
291.241327	-0.0004881
291.261526	0.0004618
291.281724	0.0006592
291.301924	0.0014008
291.322124	-0.0002916
291.342325	-0.0000677
291.362527	0.0001062
291.382729	-0.0015280
291.402932	-0.0007830
291.423136	0.0003621
291.443340	-0.0007333
291.463545	-0.0005498
291.483751	0.0012044
291.503958	0.0012631
291.524165	0.0003781
291.544373	0.0004167
291.564582	0.0002955
291.584791	0.0006388
291.605001	0.0001761
291.625212	0.0001606
291.645423	0.0011919
291.665636	0.0000394
291.685848	-0.0011559
291.706062	0.0005435
291.726276	-0.0006356
291.746491	0.0003364
291.766707	0.0013487
291.786923	-0.0002912
291.807140	0.0003006
291.827358	-0.0008971
291.847577	0.0001955
291.867796	0.0000598
291.888016	0.0000067
291.908236	0.0005343
291.928458	0.0007187
291.948680	0.0001870
291.968902	-0.0004276
291.989126	-0.0008835
292.009350	0.0004509
292.029575	-0.0001176
292.049800	-0.0011727
292.070026	0.0002903
292.090253	-0.0008795
292.110481	-0.0003669
292.130709	0.0001026
292.150938	-0.0001692
292.171168	0.0008211
292.191398	0.0009446
292.211630	-0.0001108
292.231861	0.0008360
292.252094	-0.0004189
292.272327	0.0005985
292.292561	-0.0003256
292.312796	-0.0000689
292.333031	0.0001318
292.353267	-0.0012839
292.373504	0.0006459
292.393741	-0.0016686
292.413980	-0.0002652
292.434218	0.0001879
292.454458	0.0005404
292.474698	0.0001460
292.494939	0.0010079
292.515181	-0.0000951
292.535423	-0.0002245
292.555666	0.0010691
292.575910	0.0002403
292.596155	0.0008663
292.616400	0.0000028
292.636646	0.0000989
292.656892	-0.0007920
292.677140	-0.0001267
292.697387	-0.0002447
292.717636	0.0013336
292.737886	0.0002503
292.758136	0.0016550
292.778386	0.0005616
292.798638	0.0029696
292.818890	0.0020854
292.839143	0.0038165
292.859397	0.0025784
292.879651	0.0028778
292.899906	0.0023197
292.920162	0.0007039
292.940418	0.0023148
292.960675	0.0008854
292.980933	0.0014884
293.001192	0.0011164
293.021451	0.0004143
293.041711	0.0010261
293.061971	0.0001979
293.082233	0.0001239
293.102495	0.0010161
293.122758	0.0002087
293.143021	-0.0001002
293.163285	-0.0001264
293.183550	0.0012132
293.203816	0.0010275
293.224082	-0.0001891
293.244349	0.0003186
293.264616	0.0004738
293.284885	-0.0005126
293.305154	-0.0002927
293.325424	-0.0003249
293.345694	0.0007891
293.365965	-0.0006914
293.386237	-0.0006800
293.406510	0.0003367
293.426783	0.0002127
293.447057	-0.0014500
293.467332	-0.0001823
293.487607	-0.0003013
293.507883	0.0000898
293.528160	0.0006362
293.548437	0.0004320
293.568716	0.0006259
293.588994	0.0002977
293.609274	-0.0003999
293.629554	0.0009500
293.649835	-0.0002016
293.670117	0.0002371
293.690400	-0.0001534
293.710683	0.0007270
293.730966	0.0009215
293.751251	0.0000118
293.771536	0.0006549
293.791822	-0.0006001
293.812109	-0.0011026
293.832396	0.0004279
293.852684	-0.0003347
293.872973	0.0000508
293.893262	-0.0003827
293.913552	0.0000686
293.933843	-0.0006012
293.954135	-0.0006071
293.974427	-0.0002282
293.994720	0.0011078
294.015014	-0.0004954
294.035308	0.0007245
294.055603	0.0005422
294.075899	-0.0000341
294.096195	0.0013675
294.116492	-0.0002580
294.136790	-0.0002770
294.157089	-0.0001840
294.177388	-0.0003975
294.197688	-0.0003531
294.217989	0.0002398
294.238290	0.0004650
294.258592	-0.0002415
294.278895	0.0005564
294.299198	0.0001567
294.319503	0.0004753
294.339807	0.0001304
294.360113	0.0000924
294.380419	-0.0001486
294.400726	0.0014522
294.421034	-0.0002566
294.441342	0.0011018
294.461652	0.0011650
294.481961	0.0020935
294.502272	0.0033355
294.522583	0.0051965
294.542895	0.0064568
294.563208	0.0081289
294.583521	0.0100296
294.603835	0.0130669
294.624150	0.0126334
294.644465	0.0153684
294.664781	0.0149131
294.685098	0.0129761
294.705415	0.0121081
294.725734	0.0123317
294.746053	0.0110183
294.766372	0.0080300
294.786693	0.0068982
294.807014	0.0062701
294.827335	0.0048067
294.847658	0.0033955
294.867981	0.0031842
294.888305	0.0015548
294.908629	0.0014264
294.928955	0.0006633
294.949281	0.0001650
294.969607	0.0010409
294.989935	-0.0003621
295.010263	0.0003884
295.030591	0.0013500
295.050921	-0.0009822
295.071251	-0.0003764
295.091582	-0.0001312
295.111914	-0.0006001
295.132246	-0.0009997
295.152579	-0.0008292
295.172913	-0.0001837
295.193247	0.0002202
295.213582	-0.0005168
295.233918	0.0006528
295.254254	0.0001952
295.274591	-0.0004986
295.294929	-0.0006464
295.315268	-0.0010506
295.335607	-0.0000101
295.355947	-0.0002572
295.376288	0.0002742
295.396629	-0.0010177
295.416972	0.0000037
295.437314	0.0002574
295.457658	0.0003474
295.478002	0.0000371
295.498347	-0.0002697
295.518693	0.0004254
295.539039	-0.0006430
295.559386	-0.0002959
295.579734	-0.0007650
295.600082	0.0004545
295.620431	0.0006274
295.640781	-0.0001614
295.661132	-0.0002133
295.681483	0.0001845
295.701835	0.0002688
295.722187	-0.0003565
295.742541	0.0005337
295.762895	-0.0002219
295.783250	0.0000034
295.803605	-0.0003144
295.823961	0.0004863
295.844318	0.0000117
295.864676	-0.0000256
295.885034	-0.0001511
295.905393	0.0005134
295.925753	-0.0002046
295.946113	-0.0000194
295.966474	-0.0001653
295.986836	0.0001361
296.007198	-0.0005381
296.027562	-0.0006772
296.047925	-0.0001161
296.068290	-0.0010013
296.088655	0.0002566
296.109021	0.0001453
296.129388	0.0000381
296.149755	0.0000339
296.170123	-0.0002398
296.190492	0.0002214
296.210862	0.0004830
296.231232	0.0003014
296.251603	0.0000613
296.271975	0.0003055
296.292347	-0.0005467
296.312720	0.0008733
296.333094	-0.0005247
296.353468	-0.0000677
296.373843	0.0006600
296.394219	0.0004961
296.414595	-0.0001178
296.434973	-0.0000713
296.455351	0.0001345
296.475729	-0.0003759
296.496109	0.0004706
296.516489	-0.0010186
296.536869	0.0000955
296.557251	0.0005574
296.577633	-0.0003649
296.598016	-0.0001475
296.618399	-0.0005739
296.638784	0.0002045
296.659169	-0.0002664
296.679554	-0.0005991
296.699941	0.0000035
296.720328	0.0009921
296.740716	-0.0002705
296.761104	0.0004688
296.781493	-0.0000566
296.801883	-0.0000241
296.822274	0.0011039
296.842665	0.0000934
296.863057	0.0001999
296.883450	0.0003315
296.903843	0.0002720
296.924237	0.0008492
296.944632	-0.0002235
296.965027	-0.0002890
296.985424	0.0002507
297.005820	-0.0001931
297.026218	0.0001080
297.046616	0.0012052
297.067015	0.0004355
297.087415	0.0006407
297.107815	-0.0001567
297.128217	-0.0001236
297.148618	-0.0015352
297.169021	0.0003433
297.189424	0.0009755
297.209828	-0.0006086
297.230233	0.0004735
297.250638	-0.0006823
297.271044	0.0001553
297.291451	-0.0000825
297.311858	0.0005959
297.332266	0.0001381
297.352675	-0.0005098
297.373085	0.0002577
297.393495	-0.0000823
297.413906	-0.0001032
297.434318	0.0004366
297.454730	0.0006636
297.475143	0.0002172
297.495557	-0.0009271
297.515971	-0.0000413
297.536386	-0.0007950
297.556802	-0.0006131
297.577219	0.0005731
297.597636	-0.0000868
297.618054	0.0004791
297.638473	0.0018247
297.658892	-0.0003157
297.679312	-0.0003747
297.699733	0.0001853
297.720154	-0.0009974
297.740577	-0.0009284
297.761000	0.0000518
297.781423	-0.0010236
297.801847	0.0003667
297.822272	-0.0000420
297.842698	-0.0009285
297.863124	0.0000810
297.883552	-0.0003503
297.903979	0.0003792
297.924408	0.0007897
297.944837	-0.0004749
297.965267	0.0003721
297.985698	-0.0001326
298.006129	-0.0014909
298.026561	0.0006760
298.046994	-0.0001889
298.067427	0.0003859
298.087861	0.0004542
298.108296	-0.0004410
298.128732	0.0000699
298.149168	-0.0001044
298.169605	0.0004024
298.190042	0.0016066
298.210481	0.0001050
298.230920	-0.0007338
298.251360	-0.0007157
298.271800	-0.0012059
298.292241	-0.0005005
298.312683	-0.0003850
298.333126	-0.0010249
298.353569	0.0000041
298.374013	0.0001089
298.394457	-0.0002774
298.414903	0.0010710
298.435349	0.0002990
298.455796	-0.0001597
298.476243	0.0011233
298.496691	0.0007182
298.517140	0.0029680
298.537590	0.0030506
298.558040	0.0052566
298.578491	0.0053160
298.598943	0.0080158
298.619395	0.0098884
298.639848	0.0111597
298.660302	0.0131160
298.680756	0.0123093
298.701212	0.0123948
298.721668	0.0134292
298.742124	0.0111257
298.762581	0.0104127
298.783040	0.0096063
298.803498	0.0072792
298.823958	0.0065665
298.844418	0.0054640
298.864879	0.0040527
298.885340	0.0033172
298.905802	0.0030333
298.926265	0.0022096
298.946729	0.0017007
298.967193	0.0008119
298.987658	0.0010144
299.008124	-0.0000266
299.028590	-0.0000883
299.049058	-0.0006876
299.069525	-0.0005480
299.089994	-0.0005339
299.110463	0.0003811
299.130933	0.0001379
299.151404	-0.0012557
299.171875	0.0004617
299.192347	0.0002694
299.212820	0.0006230
299.233293	0.0003812
299.253768	-0.0005631
299.274242	-0.0011949
299.294718	-0.0000611
299.315194	-0.0006033
299.335671	0.0004044
299.356149	0.0003159
299.376627	-0.0005338
299.397106	0.0001171
299.417586	0.0006465
299.438067	-0.0003979
299.458548	0.0008104
299.479030	0.0003953
299.499512	0.0000640
299.519996	0.0008623
299.540480	0.0011281
299.560964	0.0003194
299.581450	0.0003913
299.601936	0.0001726
299.622423	-0.0007198
299.642910	-0.0002565
299.663398	-0.0000916
299.683887	-0.0003877
299.704377	-0.0001476
299.724867	-0.0005747
299.745358	0.0003875
299.765850	-0.0008337
299.786342	0.0005791
299.806835	0.0004225
299.827329	0.0004153
299.847824	-0.0012393
299.868319	-0.0004314
299.888815	-0.0000816
299.909312	0.0013694
299.929809	-0.0000583
299.950307	-0.0005317
299.970806	0.0002833
299.991305	0.0003365
300.011805	-0.0005940
300.032306	0.0006687
300.052808	-0.0003546
300.073310	0.0000159
300.093813	0.0006418
300.114317	-0.0002894
300.134821	-0.0009174
300.155326	-0.0001505
300.175832	-0.0004853
300.196338	0.0006355
300.216846	0.0000253
300.237353	-0.0002679
300.257862	0.0004410
300.278371	0.0004968
300.298881	-0.0002973
300.319392	0.0010067
300.339903	0.0007000
300.360415	0.0001181
300.380928	0.0001398
300.401442	-0.0000026
300.421956	0.0003271
300.442471	-0.0004357
300.462986	-0.0005661
300.483503	0.0011461
300.504020	-0.0005124
300.524538	0.0006541
300.545056	0.0002128
300.565575	0.0004033
300.586095	0.0004463
300.606615	0.0000122
300.627137	-0.0001337
300.647659	-0.0003337
300.668181	0.0006367
300.688705	0.0001707
300.709229	-0.0013420
300.729753	-0.0003613
300.750279	-0.0005890
300.770805	-0.0003729
300.791332	0.0001690
300.811859	-0.0008718
300.832387	0.0005645
300.852916	-0.0004134
300.873446	-0.0011854
300.893976	0.0006228
300.914508	0.0004909
300.935039	0.0009549
300.955572	0.0004176
300.976105	0.0000435
300.996639	0.0010095
301.017173	-0.0002387
301.037709	-0.0004411
301.058245	0.0004725
301.078781	-0.0002112
301.099319	0.0003116
301.119857	0.0008000
301.140396	0.0003579
301.160935	0.0003338
301.181475	0.0001941
301.202016	0.0003019
301.222558	0.0009748
301.243100	0.0022913
301.263643	0.0025430
301.284187	0.0050456
301.304731	0.0063859
301.325276	0.0070606
301.345822	0.0058969
301.366369	0.0058854
301.386916	0.0064644
301.407464	0.0060897
301.428012	0.0055114
301.448562	0.0042382
301.469112	0.0040549
301.489662	0.0040877
301.510214	0.0031049
301.530766	0.0013170
301.551319	0.0014387
301.571872	0.0016187
301.592426	0.0005325
301.612981	0.0005475
301.633537	-0.0006803
301.654093	-0.0000225
301.674650	0.0001396
301.695208	-0.0001882
301.715767	0.0002186
301.736326	0.0007627
301.756886	0.0001487
301.777446	0.0016590
301.798008	0.0008527
301.818569	0.0007984
301.839132	0.0003910
301.859695	-0.0003198
301.880260	0.0006524
301.900824	0.0000716
301.921390	0.0003315
301.941956	-0.0002053
301.962523	0.0002229
301.983090	-0.0014296
302.003659	-0.0009921
302.024228	0.0001304
302.044797	0.0003964
302.065368	0.0004134
302.085939	0.0015447
302.106511	0.0002160
302.127083	0.0005448
302.147656	0.0005065
302.168230	0.0000476
302.188805	-0.0005716
302.209380	0.0005764
302.229956	-0.0002942
302.250533	0.0005437
302.271110	0.0002182
302.291688	0.0001180
302.312267	-0.0003905
302.332847	0.0010763
302.353427	-0.0006752
302.374008	-0.0003250
302.394590	0.0003800
302.415172	-0.0006897
302.435755	0.0010926
302.456339	-0.0004539
302.476923	-0.0003169
302.497508	0.0004115
302.518094	0.0001191
302.538681	0.0008841
302.559268	-0.0008111
302.579856	0.0007380
302.600445	-0.0001839
302.621034	-0.0002848
302.641624	-0.0004828
302.662215	0.0005048
302.682806	-0.0007346
302.703398	-0.0001560
302.723991	-0.0000891
302.744585	0.0007789
302.765179	-0.0005052
302.785774	0.0002139
302.806370	-0.0005494
302.826966	-0.0002047
302.847563	-0.0005048
302.868161	0.0005512
302.888760	0.0003354
302.909359	0.0009046
302.929959	0.0002390
302.950559	0.0000003
302.971160	-0.0003752
302.991762	-0.0004088
303.012365	0.0006846
303.032969	-0.0001825
303.053573	0.0010545
303.074178	-0.0000787
303.094783	-0.0001547
303.115389	0.0003650
303.135996	-0.0004640
303.156604	0.0000918
303.177212	0.0000304
303.197821	-0.0002132
303.218431	-0.0005875
303.239041	0.0003128
303.259652	-0.0000286
303.280264	-0.0003799
303.300877	0.0003628
303.321490	0.0009188
303.342104	0.0010653
303.362719	0.0001567
303.383334	-0.0010449
303.403950	-0.0002014
303.424567	0.0007186
303.445184	-0.0000061
303.465802	0.0004851
303.486421	0.0005202
303.507041	-0.0000117
303.527661	-0.0005340
303.548282	0.0003198
303.568904	0.0007566
303.589526	0.0011585
303.610149	-0.0006942
303.630773	-0.0000908
303.651397	0.0024805
303.672023	-0.0000378
303.692648	0.0002248
303.713275	0.0003599
303.733902	0.0001207
303.754530	0.0003992
303.775159	0.0002165
303.795788	-0.0002278
303.816418	0.0000915
303.837049	-0.0005967
303.857681	0.0009992
303.878313	-0.0001451
303.898946	0.0003952
303.919580	0.0006314
303.940214	0.0006710
303.960849	-0.0001574
303.981485	0.0000454
304.002121	-0.0005132
304.022758	-0.0006906
304.043396	-0.0009768
304.064034	0.0005868
304.084674	-0.0009317
304.105314	0.0001985
304.125954	0.0003507
304.146596	-0.0005522
304.167238	0.0001272
304.187880	0.0006479
304.208524	-0.0008425
304.229168	0.0000902
304.249813	0.0009025
304.270458	-0.0006536
304.291105	-0.0006069
304.311752	-0.0012082
304.332399	-0.0003821
304.353048	0.0006148
304.373697	-0.0002616
304.394346	-0.0004130
304.414997	-0.0001257
304.435648	0.0002047
304.456300	-0.0000338
304.476952	0.0001014
304.497606	-0.0001780
304.518260	0.0009538
304.538914	0.0008980
304.559570	-0.0011338
304.580226	-0.0002324
304.600883	0.0007308
304.621540	-0.0001501
304.642198	-0.0008126
304.662857	0.0000896
304.683517	0.0004829
304.704177	-0.0001106
304.724838	-0.0001610
304.745500	0.0011323
304.766162	-0.0000553
304.786825	-0.0008399
304.807489	0.0004322
304.828154	0.0004432
304.848819	-0.0003563
304.869485	-0.0003193
304.890151	-0.0007102
304.910819	-0.0002105
304.931487	0.0009585
304.952156	0.0000692
304.972825	0.0000999
304.993495	-0.0005007
305.014166	0.0002508
305.034837	-0.0004570
305.055510	-0.0006784
305.076183	-0.0003068
305.096856	-0.0001420
305.117531	-0.0009776
305.138206	-0.0004761
305.158881	-0.0002433
305.179558	-0.0008710
305.200235	0.0007147
305.220913	-0.0006597
305.241591	0.0003801
305.262271	-0.0003290
305.282951	0.0003249
305.303631	0.0014385
305.324313	-0.0010327
305.344995	-0.0005815
305.365678	-0.0013618
305.386361	0.0000133
305.407045	0.0001552
305.427730	-0.0002643
305.448416	-0.0001265
305.469102	0.0010470
305.489789	-0.0001527
305.510477	0.0006967
305.531165	0.0003509
305.551854	-0.0007470
305.572544	0.0011774
305.593234	0.0001747
305.613926	-0.0001974
305.634618	-0.0002122
305.655310	0.0005637
305.676004	0.0009840
305.696698	0.0005623
305.717392	0.0002773
305.738088	0.0004750
305.758784	-0.0007279
305.779481	-0.0000418
305.800178	0.0001061
305.820876	-0.0000968
305.841575	-0.0005169
305.862275	0.0001714
305.882975	-0.0004704
305.903676	-0.0000825
305.924378	0.0009842
305.945081	0.0000555
305.965784	-0.0002993
305.986487	-0.0000329
306.007192	-0.0007944
306.027897	0.0002030
306.048603	-0.0005559
306.069310	-0.0008532
306.090017	-0.0002707
306.110725	0.0006212
306.131434	-0.0000995
306.152144	0.0008202
306.172854	0.0002405
306.193565	0.0007644
306.214276	-0.0006084
306.234988	-0.0006580
306.255701	0.0007412
306.276415	0.0003898
306.297130	-0.0004814
306.317845	0.0005657
306.338560	0.0006362
306.359277	0.0002263
306.379994	0.0003535
306.400712	0.0009784
306.421431	0.0004770
306.442150	-0.0001194
306.462870	-0.0004983
306.483591	0.0000739
306.504312	0.0003909
306.525034	-0.0001635
306.545757	-0.0005334
306.566480	-0.0011761
306.587205	0.0001345
306.607930	-0.0002788
306.628655	-0.0000525
306.649382	0.0001708
306.670109	0.0002869
306.690836	-0.0000760
306.711565	0.0002583
306.732294	0.0002685
306.753024	0.0002636
306.773754	0.0004207
306.794485	0.0002002
306.815217	-0.0000533
306.835950	-0.0003553
306.856683	0.0001861
306.877417	-0.0002423
306.898152	0.0004883
306.918888	0.0014279
306.939624	0.0007888
306.960361	0.0005071
306.981098	0.0017092
307.001837	0.0007143
307.022575	0.0010950
307.043315	0.0006357
307.064056	0.0018967
307.084797	0.0009797
307.105538	0.0009985
307.126281	0.0001821
307.147024	0.0004544
307.167768	0.0012357
307.188513	0.0011699
307.209258	0.0006220
307.230004	-0.0000485
307.250751	0.0002192
307.271498	-0.0002071
307.292246	0.0008070
307.312995	-0.0003247
307.333744	0.0006983
307.354495	0.0014219
307.375245	-0.0004528
307.395997	-0.0011803
307.416749	0.0014182
307.437502	-0.0001262
307.458256	0.0001982
307.479011	-0.0004212
307.499766	0.0005086
307.520521	0.0003243
307.541278	0.0002725
307.562035	-0.0009335
307.582793	-0.0009474
307.603552	-0.0005734
307.624311	0.0004012
307.645071	-0.0005095
307.665832	-0.0006234
307.686593	0.0007663
307.707356	0.0002876
307.728118	0.0001008
307.748882	0.0000960
307.769646	0.0009770
307.790411	0.0000245
307.811177	-0.0002168
307.831943	-0.0005014
307.852710	0.0001571
307.873478	0.0001886
307.894246	0.0002341
307.915016	0.0003170
307.935786	-0.0015793
307.956556	0.0006548
307.977327	-0.0001132
307.998099	-0.0002018
308.018872	0.0001210
308.039645	-0.0007593
308.060420	0.0002131
308.081194	-0.0001580
308.101970	0.0004338
308.122746	-0.0005978
308.143523	0.0006967
308.164300	0.0009054
308.185079	-0.0016120
308.205858	-0.0001301
308.226637	-0.0004415
308.247418	-0.0003016
308.268199	-0.0013625
308.288981	0.0001465
308.309763	0.0004649
308.330547	-0.0005846
308.351330	0.0009151
308.372115	0.0007285
308.392900	-0.0001200
308.413686	0.0005160
308.434473	-0.0005441
308.455261	0.0005820
308.476049	0.0004691
308.496838	0.0005304
308.517627	0.0007431
308.538417	0.0000493
308.559208	0.0006593
308.580000	-0.0001647
308.600792	-0.0009887
308.621585	0.0005723
308.642379	0.0000300
308.663174	0.0003861
308.683969	-0.0002674
308.704765	-0.0006243
308.725561	0.0003058
308.746358	0.0002279
308.767156	0.0005300
308.787955	-0.0004405
308.808754	-0.0000466
308.829555	-0.0010237
308.850355	-0.0003798
308.871157	-0.0007530
308.891959	0.0014290
308.912762	-0.0001100
308.933565	-0.0002098
308.954370	-0.0002222
308.975175	0.0003823
308.995980	-0.0008368
309.016787	0.0014386
309.037594	0.0003650
309.058402	0.0004265
309.079210	-0.0004330
309.100020	0.0002838
309.120829	-0.0002434
309.141640	0.0003212
309.162451	0.0006733
309.183263	-0.0001336
309.204076	-0.0000627
309.224890	-0.0003445
309.245704	0.0001115
309.266518	0.0001378
309.287334	-0.0006735
309.308150	0.0006281
309.328967	-0.0002175
309.349785	-0.0009781
309.370603	-0.0008987
309.391422	-0.0009548
309.412242	-0.0002795
309.433062	-0.0008394
309.453884	-0.0001090
309.474705	0.0007106
309.495528	0.0006408
309.516351	0.0006174
309.537175	0.0002055
309.558000	-0.0002836
309.578825	0.0009552
309.599651	0.0007996
309.620478	-0.0004031
309.641305	-0.0001514
309.662134	0.0005663
309.682963	0.0002442
309.703792	-0.0001773
309.724622	0.0003359
309.745453	0.0006447
309.766285	-0.0004893
309.787117	-0.0000374
309.807951	0.0007491
309.828784	-0.0013944
309.849619	-0.0008614
309.870454	-0.0001443
309.891290	0.0013618
309.912127	0.0004113
309.932964	0.0008243
309.953802	0.0004597
309.974641	-0.0005061
309.995480	0.0008491
310.016320	0.0001135
310.037161	0.0005406
310.058002	-0.0001864
310.078845	-0.0006014
310.099688	0.0004213
310.120531	-0.0010255
310.141375	-0.0000135
310.162221	-0.0008921
310.183066	0.0005024
310.203913	-0.0002283
310.224760	-0.0009545
310.245608	-0.0008421
310.266456	-0.0003090
310.287305	-0.0002416
310.308155	-0.0001836
310.329006	-0.0002229
310.349857	-0.0000610
310.370709	-0.0002133
310.391562	0.0011713
310.412416	-0.0000756
310.433270	0.0006916
310.454125	-0.0000121
310.474980	0.0004947
310.495837	-0.0004803
310.516694	0.0002130
310.537551	-0.0002472
310.558410	0.0003634
310.579269	-0.0002621
310.600128	0.0003268
310.620989	-0.0006933
310.641850	0.0003198
310.662712	-0.0001210
310.683575	-0.0000551
310.704438	0.0000922
310.725302	-0.0008737
310.746167	0.0006450
310.767032	-0.0003215
310.787898	-0.0011362
310.808765	-0.0003060
310.829632	0.0007210
310.850501	-0.0005956
310.871370	0.0000111
310.892239	-0.0007324
310.913109	0.0013141
310.933980	-0.0004275
310.954852	0.0008958
310.975725	0.0008413
310.996598	0.0004252
311.017472	-0.0014708
311.038346	-0.0004549
311.059221	0.0002602
311.080097	-0.0010257
311.100974	0.0014365
311.121851	0.0000128
311.142729	-0.0002398
311.163608	-0.0009937
311.184487	-0.0005313
311.205368	-0.0001479
311.226249	-0.0000913
311.247130	0.0007406
311.268012	0.0004742
311.288895	-0.0002937
311.309779	0.0001711
311.330663	-0.0003183
311.351548	0.0000159
311.372434	0.0006075
311.393321	-0.0003849
311.414208	0.0008471
311.435096	0.0007885
311.455984	0.0010637
311.476874	0.0001341
311.497764	-0.0005476
311.518654	0.0008092
311.539546	-0.0004550
311.560438	0.0000833
311.581330	0.0005217
311.602224	0.0008208
311.623118	0.0001912
311.644013	-0.0012210
311.664909	0.0007646
311.685805	-0.0014724
311.706702	-0.0002695
311.727600	-0.0008799
311.748498	0.0006563
311.769397	0.0001450
311.790297	0.0005665
311.811198	-0.0007263
311.832099	0.0010438
311.853001	0.0004643
311.873903	-0.0001579
311.894807	-0.0001376
311.915711	-0.0000317
311.936615	0.0004259
311.957521	-0.0004233
311.978427	-0.0003246
311.999334	-0.0013606
312.020241	-0.0006989
312.041150	0.0011111
312.062059	-0.0000248
312.082968	-0.0006465
312.103879	0.0009542
312.124790	-0.0009981
312.145701	0.0005024
312.166614	0.0014908
312.187527	-0.0006223
312.208441	0.0009012
312.229355	-0.0008030
312.250271	0.0002157
312.271187	0.0003049
312.292103	-0.0006558
312.313021	0.0002312
312.333939	0.0001125
312.354858	-0.0001677
312.375777	0.0004113
312.396697	0.0004856
312.417618	0.0007724
312.438540	-0.0001208
312.459462	0.0001875
312.480385	0.0001175
312.501309	0.0018203
312.522233	0.0019535
312.543158	0.0043328
312.564084	0.0067538
312.585011	0.0127745
312.605938	0.0194377
312.626866	0.0285549
312.647794	0.0442347
312.668724	0.0596998
312.689654	0.0778047
312.710584	0.0950524
312.731516	0.1111764
312.752448	0.1242362
312.773381	0.1310671
312.794314	0.1269308
312.815249	0.1251294
312.836184	0.1183101
312.857119	0.1062033
312.878056	0.0922895
312.898993	0.0780040
312.919930	0.0644430
312.940869	0.0534182
312.961808	0.0413472
312.982748	0.0309284
313.003688	0.0230201
313.024630	0.0160203
313.045572	0.0099363
313.066514	0.0065364
313.087458	0.0039539
313.108402	0.0033360
313.129346	0.0013479
313.150292	0.0010681
313.171238	0.0003398
313.192185	0.0006264
313.213133	0.0000817
313.234081	-0.0003086
313.255030	-0.0000480
313.275980	-0.0001895
313.296930	-0.0002903
313.317881	-0.0005610
313.338833	-0.0003927
313.359785	-0.0001138
313.380738	-0.0010999
313.401692	-0.0007973
313.422647	0.0007085
313.443602	-0.0011594
313.464558	0.0002802
313.485515	-0.0005756
313.506472	-0.0002744
313.527431	-0.0003833
313.548389	-0.0004084
313.569349	-0.0002730
313.590309	0.0003602
313.611270	-0.0002437
313.632232	0.0003794
313.653194	-0.0005523
313.674157	0.0001578
313.695121	-0.0000486
313.716085	-0.0001128
313.737050	-0.0017264
313.758016	0.0000261
313.778983	-0.0003581
313.799950	0.0002846
313.820918	0.0012775
313.841887	0.0004307
313.862856	0.0000306
313.883826	0.0000020
313.904797	-0.0013374
313.925768	0.0000574
313.946740	0.0006003
313.967713	0.0008934
313.988687	-0.0008382
314.009661	0.0006797
314.030636	0.0002071
314.051612	-0.0008021
314.072588	-0.0004958
314.093565	0.0002057
314.114543	0.0000842
314.135522	0.0000849
314.156501	0.0007783
314.177481	-0.0014064
314.198461	0.0003247
314.219442	-0.0004294
314.240424	-0.0008967
314.261407	0.0003031
314.282391	0.0004672
314.303375	0.0000846
314.324360	0.0003076
314.345345	-0.0002950
314.366331	-0.0000759
314.387318	0.0003227
314.408306	-0.0003146
314.429294	-0.0000096
314.450283	0.0004206
314.471273	0.0006013
314.492263	0.0020272
314.513254	0.0026580
314.534246	0.0064699
314.555239	0.0091149
314.576232	0.0168000
314.597226	0.0284371
314.618221	0.0438184
314.639216	0.0640715
314.660212	0.0900493
314.681209	0.1168552
314.702206	0.1479837
314.723204	0.1734899
314.744203	0.1924367
314.765203	0.2025054
314.786203	0.2081967
314.807204	0.2031244
314.828206	0.1900326
314.849208	0.1742614
314.870211	0.1532858
314.891215	0.1337352
314.912219	0.1097054
314.933224	0.0921262
314.954230	0.0706108
314.975237	0.0524369
314.996244	0.0398305
315.017252	0.0280936
315.038261	0.0190788
315.059270	0.0137499
315.080280	0.0092050
315.101291	0.0050874
315.122303	0.0030657
315.143315	0.0024083
315.164328	0.0006422
315.185341	0.0015383
315.206356	0.0005580
315.227371	-0.0003910
315.248386	0.0002979
315.269403	0.0000495
315.290420	-0.0006508
315.311438	-0.0003555
315.332456	-0.0004522
315.353476	0.0001058
315.374495	-0.0004973
315.395516	-0.0006170
315.416537	-0.0006423
315.437560	0.0007520
315.458582	-0.0009254
315.479606	0.0000410
315.500630	-0.0004668
315.521655	-0.0009527
315.542680	-0.0001221
315.563706	-0.0006228
315.584733	0.0007922
315.605761	0.0006446
315.626789	-0.0005180
315.647818	0.0005831
315.668848	0.0004663
315.689879	0.0001034
315.710910	0.0003578
315.731942	-0.0006438
315.752974	-0.0005002
315.774008	0.0004461
315.795042	0.0019120
315.816076	-0.0005983
315.837112	-0.0006072
315.858148	0.0009919
315.879185	0.0000364
315.900222	0.0003118
315.921260	-0.0003950
315.942299	0.0000968
315.963339	0.0001473
315.984379	-0.0010786
316.005420	-0.0002311
316.026462	0.0008448
316.047504	0.0006117
316.068547	-0.0006468
316.089591	-0.0010459
316.110636	0.0017102
316.131681	0.0011736
316.152727	0.0002604
316.173773	-0.0004498
316.194821	0.0000746
316.215869	0.0005230
316.236917	0.0003956
316.257967	-0.0003003
316.279017	0.0004134
316.300068	0.0009900
316.321119	-0.0011645
316.342172	-0.0012305
316.363224	0.0002896
316.384278	0.0005724
316.405332	0.0011612
316.426387	0.0001434
316.447443	0.0001827
316.468500	0.0009027
316.489557	0.0014621
316.510615	0.0014960
316.531673	0.0047024
316.552733	0.0069471
316.573793	0.0142602
316.594853	0.0191915
316.615915	0.0277354
316.636977	0.0413371
316.658039	0.0571013
316.679103	0.0751116
316.700167	0.0944040
316.721232	0.1117105
316.742298	0.1241008
316.763364	0.1323012
316.784431	0.1319565
316.805498	0.1317675
316.826567	0.1195876
316.847636	0.1099461
316.868706	0.0985100
316.889776	0.0842100
316.910847	0.0710726
316.931919	0.0571164
316.952992	0.0436642
316.974065	0.0331538
316.995139	0.0263254
317.016214	0.0179848
317.037289	0.0121417
317.058366	0.0083166
317.079442	0.0054923
317.100520	0.0029055
317.121598	0.0025873
317.142677	0.0014044
317.163757	0.0009566
317.184837	-0.0000912
317.205918	0.0008116
317.227000	0.0005680
317.248082	0.0007199
317.269165	0.0005083
317.290249	-0.0004965
317.311334	-0.0003754
317.332419	0.0009280
317.353505	0.0010060
317.374592	-0.0002824
317.395679	0.0001823
317.416767	-0.0017666
317.437856	0.0003505
317.458945	0.0001348
317.480035	0.0004757
317.501126	0.0004006
317.522218	-0.0003488
317.543310	0.0001071
317.564403	-0.0018339
317.585497	-0.0006881
317.606591	-0.0000560
317.627686	0.0005186
317.648782	-0.0011229
317.669879	0.0002605
317.690976	-0.0002923
317.712074	0.0005759
317.733172	-0.0013514
317.754272	-0.0005685
317.775372	0.0002516
317.796472	-0.0009536
317.817574	-0.0003041
317.838676	-0.0007720
317.859779	-0.0004768
317.880882	0.0003773
317.901986	-0.0001870
317.923091	-0.0000832
317.944197	-0.0009420
317.965303	-0.0002139
317.986410	-0.0011153
318.007518	-0.0000405
318.028626	-0.0003871
318.049736	0.0003320
318.070845	0.0009508
318.091956	-0.0003478
318.113067	0.0002952
318.134179	-0.0005301
318.155292	-0.0000894
318.176405	0.0002458
318.197519	0.0007151
318.218634	0.0002766
318.239749	-0.0009384
318.260866	0.0002742
318.281982	0.0001140
318.303100	-0.0006288
318.324218	0.0003411
318.345337	0.0008707
318.366457	0.0004322
318.387577	-0.0008844
318.408698	-0.0014589
318.429820	-0.0003989
318.450943	0.0009947
318.472066	-0.0008424
318.493190	0.0016505
318.514314	0.0004446
318.535439	0.0018601
318.556565	0.0021291
318.577692	0.0036085
318.598820	0.0073219
318.619948	0.0112515
318.641076	0.0149261
318.662206	0.0209107
318.683336	0.0273139
318.704467	0.0320066
318.725599	0.0355462
318.746731	0.0423512
318.767864	0.0422378
318.788998	0.0414487
318.810132	0.0390081
318.831267	0.0374585
318.852403	0.0346611
318.873540	0.0319149
318.894677	0.0253146
318.915815	0.0214088
318.936953	0.0159292
318.958093	0.0130746
318.979233	0.0097044
319.000374	0.0064213
319.021515	0.0057854
319.042657	0.0034576
319.063800	0.0028935
319.084944	0.0020128
319.106088	0.0005168
319.127233	0.0012838
319.148378	0.0005707
319.169525	0.0004830
319.190672	0.0006858
319.211820	-0.0001143
319.232968	-0.0002811
319.254117	0.0005567
319.275267	-0.0011158
319.296418	-0.0002215
319.317569	-0.0011022
319.338721	0.0004365
319.359874	0.0002455
319.381027	-0.0004671
319.402181	-0.0005317
319.423336	0.0000011
319.444491	0.0001051
319.465648	-0.0007808
319.486804	-0.0004688
319.507962	-0.0001712
319.529120	0.0011200
319.550279	-0.0005832
319.571439	-0.0000076
319.592600	-0.0003861
319.613761	0.0003705
319.634922	0.0005328
319.656085	-0.0002299
319.677248	0.0007403
319.698412	-0.0004142
319.719577	0.0007036
319.740742	0.0004650
319.761908	0.0010416
319.783075	0.0003588
319.804242	0.0001553
319.825410	0.0006946
319.846579	-0.0003010
319.867749	0.0012599
319.888919	0.0004649
319.910090	0.0005332
319.931262	-0.0000068
319.952434	-0.0002315
319.973607	-0.0004945
319.994781	0.0005416
320.015955	0.0004036
320.037130	-0.0001364
320.058306	0.0005159
320.079483	0.0001497
320.100660	0.0003289
320.121838	-0.0000962
320.143017	-0.0004977
320.164196	0.0002731
320.185376	0.0010205
320.206557	-0.0002278
320.227738	-0.0012895
320.248921	-0.0000807
320.270103	-0.0005676
320.291287	-0.0011954
320.312471	0.0000858
320.333656	0.0001328
320.354842	-0.0003102
320.376028	-0.0008284
320.397216	0.0005375
320.418403	-0.0002351
320.439592	0.0001901
320.460781	-0.0002364
320.481971	0.0003135
320.503162	0.0009484
320.524353	-0.0002964
320.545545	0.0006916
320.566738	0.0013496
320.587931	0.0020381
320.609125	0.0021034
320.630320	0.0017499
320.651516	0.0021762
320.672712	0.0039855
320.693909	0.0043879
320.715106	0.0057410
320.736305	0.0053883
320.757504	0.0056321
320.778703	0.0090378
320.799904	0.0057319
320.821105	0.0072159
320.842307	0.0061626
320.863509	0.0061874
320.884713	0.0038519
320.905917	0.0045655
320.927121	0.0022688
320.948327	0.0019502
320.969533	0.0015120
320.990739	0.0015277
321.011947	0.0018699
321.033155	-0.0004082
321.054364	0.0004331
321.075574	-0.0000933
321.096784	0.0005113
321.117995	0.0008211
321.139207	0.0001667
321.160419	0.0003702
321.181632	0.0004463
321.202846	0.0006931
321.224060	0.0001183
321.245275	-0.0002227
321.266491	-0.0002127
321.287708	-0.0008300
321.308925	0.0004615
321.330143	-0.0005283
321.351362	0.0006719
321.372581	0.0004147
321.393802	0.0000150
321.415022	-0.0003424
321.436244	0.0004183
321.457466	0.0001286
321.478689	-0.0004337
321.499913	-0.0005098
321.521137	0.0007021
321.542362	-0.0002717
321.563588	-0.0000731
321.584814	-0.0004324
321.606041	0.0010158
321.627269	0.0003205
321.648498	-0.0001115
321.669727	-0.0005929
321.690957	0.0002128
321.712188	0.0004799
321.733419	0.0005959
321.754651	-0.0006942
321.775884	-0.0003483
321.797117	0.0002266
321.818351	-0.0008811
321.839586	0.0006104
321.860822	0.0007432
321.882058	0.0003339
321.903295	-0.0004931
321.924533	0.0005642
321.945771	-0.0008563
321.967010	-0.0011255
321.988250	0.0003188
322.009490	0.0001254
322.030732	0.0001491
322.051973	0.0003389
322.073216	0.0000815
322.094459	0.0004304
322.115703	0.0001794
322.136948	-0.0002240
322.158193	-0.0008169
322.179439	0.0015094
322.200686	0.0006197
322.221934	0.0006081
322.243182	0.0014560
322.264431	-0.0002745
322.285681	-0.0003580
322.306931	-0.0003604
322.328182	-0.0004285
322.349434	0.0015104
322.370686	-0.0004892
322.391939	-0.0009926
322.413193	0.0006139
322.434447	0.0007013
322.455703	0.0003133
322.476959	0.0004434
322.498215	0.0004556
322.519473	0.0001333
322.540731	0.0007728
322.561989	0.0000571
322.583249	-0.0010189
322.604509	0.0000501
322.625770	0.0002358
322.647031	-0.0000181
322.668294	0.0007945
322.689557	0.0002743
322.710820	-0.0005647
322.732085	0.0012345
322.753350	-0.0005679
322.774615	0.0006025
322.795882	0.0000753
322.817149	-0.0001229
322.838417	-0.0004340
322.859686	0.0000440
322.880955	-0.0001357
322.902225	-0.0001540
322.923496	-0.0007301
322.944767	0.0006039
322.966039	0.0003385
322.987312	0.0002460
323.008585	0.0000106
323.029860	-0.0007271
323.051134	0.0005653
323.072410	-0.0007355
323.093686	-0.0004144
323.114963	-0.0002704
323.136241	-0.0004610
323.157519	0.0004364
323.178799	-0.0001840
323.200078	0.0001249
323.221359	0.0001701
323.242640	0.0002983
323.263922	0.0004824
323.285205	-0.0007793
323.306488	-0.0013644
323.327772	0.0000918
323.349057	-0.0014292
323.370342	-0.0008498
323.391628	0.0001257
323.412915	-0.0008314
323.434203	0.0002543
323.455491	-0.0004132
323.476780	-0.0003599
323.498070	0.0003418
323.519360	-0.0000721
323.540651	0.0001044
323.561943	-0.0007140
323.583235	-0.0009589
323.604528	-0.0003245
323.625822	-0.0002939
323.647117	-0.0005204
323.668412	0.0000630
323.689708	-0.0005182
323.711005	-0.0003501
323.732302	-0.0009232
323.753600	0.0009078
323.774899	-0.0006951
323.796198	0.0010325
323.817499	-0.0001214
323.838799	-0.0000716
323.860101	0.0000641
323.881403	-0.0002671
323.902706	-0.0013278
323.924010	-0.0001215
323.945314	0.0003306
323.966620	-0.0003438
323.987925	-0.0004320
324.009232	-0.0003216
324.030539	-0.0009350
324.051847	0.0015207
324.073156	-0.0001133
324.094465	0.0001575
324.115775	0.0001794
324.137086	0.0005182
324.158397	0.0000473
324.179709	0.0006386
324.201022	0.0002037
324.222336	0.0010813
324.243650	0.0001003
324.264965	-0.0009104
324.286280	-0.0008021
324.307597	-0.0002024
324.328914	-0.0001098
324.350232	-0.0002720
324.371550	0.0010223
324.392869	-0.0002534
324.414189	0.0004872
324.435510	0.0008453
324.456831	-0.0009799
324.478153	0.0000301
324.499475	-0.0000311
324.520799	-0.0009205
324.542123	0.0005036
324.563448	-0.0001343
324.584773	0.0000990
324.606099	-0.0009579
324.627426	-0.0004207
324.648754	-0.0000347
324.670082	0.0003721
324.691411	-0.0005610
324.712741	0.0003862
324.734071	-0.0001883
324.755402	-0.0000059
324.776734	-0.0005899
324.798066	0.0003032
324.819400	0.0008290
324.840734	0.0004047
324.862068	-0.0002360
324.883403	0.0003213
324.904740	0.0005090
324.926076	0.0003556
324.947414	0.0016966
324.968752	-0.0000525
324.990091	0.0002875
325.011430	0.0001752
325.032770	0.0003083
325.054111	-0.0005764
325.075453	-0.0011817
325.096795	0.0005553
325.118138	-0.0007179
325.139482	0.0006387
325.160826	-0.0002458
325.182172	-0.0011104
325.203517	0.0000340
325.224864	-0.0000857
325.246211	-0.0005130
325.267559	-0.0005861
325.288908	0.0005126
325.310257	-0.0006381
325.331607	-0.0002153
325.352958	0.0001188
325.374309	0.0000603
325.395662	-0.0000556
325.417014	0.0001264
325.438368	0.0004985
325.459722	-0.0000464
325.481077	-0.0005134
325.502433	0.0002757
325.523789	0.0001530
325.545146	0.0011091
325.566504	-0.0002645
325.587863	-0.0003585
325.609222	-0.0003281
325.630582	0.0000183
325.651942	0.0010913
325.673304	-0.0002083
325.694666	0.0002295
325.716028	0.0002449
325.737392	-0.0003740
325.758756	0.0004866
325.780121	0.0011257
325.801486	-0.0009599
325.822852	-0.0002039
325.844219	0.0005149
325.865587	-0.0009145
325.886955	0.0003631
325.908324	-0.0004451
325.929694	-0.0000467
325.951064	0.0005582
325.972435	-0.0000440
325.993807	0.0002798
326.015180	0.0000364
326.036553	0.0003211
326.057927	0.0003855
326.079302	-0.0001138
326.100677	-0.0001194
326.122053	-0.0001005
326.143430	-0.0004921
326.164807	-0.0001882
326.186185	0.0000278
326.207564	-0.0001710
326.228944	0.0000548
326.250324	0.0002693
326.271705	0.0005808
326.293087	0.0008903
326.314469	0.0015735
326.335852	0.0001207
326.357236	0.0003327
326.378620	-0.0000255
326.400006	-0.0008370
326.421391	-0.0003974
326.442778	-0.0003904
326.464165	-0.0001649
326.485553	0.0004108
326.506942	0.0005266
326.528331	-0.0001234
326.549721	-0.0000032
326.571112	-0.0001745
326.592504	0.0013317
326.613896	-0.0013076
326.635289	-0.0001124
326.656682	-0.0005132
326.678077	0.0004839
326.699472	0.0000945
326.720868	-0.0008449
326.742264	0.0009403
326.763661	0.0006709
326.785059	-0.0008155
326.806457	-0.0001851
326.827857	-0.0005840
326.849257	0.0006416
326.870657	0.0001087
326.892059	-0.0004505
326.913461	0.0001434
326.934863	-0.0000056
326.956267	-0.0003767
326.977671	-0.0003661
326.999076	0.0002136
327.020481	-0.0003958
327.041888	0.0013815
327.063294	0.0006718
327.084702	-0.0015728
327.106110	0.0001262
327.127520	-0.0000862
327.148929	-0.0008069
327.170340	0.0008680
327.191751	0.0006151
327.213163	-0.0004690
327.234575	0.0005486
327.255989	-0.0002873
327.277403	0.0004489
327.298817	-0.0008673
327.320233	0.0005371
327.341649	-0.0000662
327.363066	-0.0003821
327.384483	-0.0002992
327.405901	-0.0003152
327.427320	-0.0013832
327.448740	-0.0005611
327.470160	0.0003778
327.491581	0.0016598
327.513003	0.0001780
327.534425	-0.0000847
327.555848	-0.0002636
327.577272	0.0006141
327.598697	-0.0005224
327.620122	-0.0001476
327.641548	-0.0005608
327.662974	0.0002965
327.684402	0.0007160
327.705830	0.0000981
327.727258	-0.0000525
327.748688	0.0002184
327.770118	0.0001648
327.791549	0.0002463
327.812980	-0.0003045
327.834412	0.0005895
327.855845	0.0002524
327.877279	0.0015922
327.898713	0.0004966
327.920148	0.0000801
327.941584	0.0005173
327.963021	0.0005652
327.984458	-0.0004269
328.005896	0.0000254
328.027334	-0.0001137
328.048774	-0.0004111
328.070213	-0.0001317
328.091654	0.0009531
328.113095	-0.0005989
328.134538	0.0001877
328.155980	0.0000736
328.177424	-0.0002500
328.198868	-0.0006993
328.220313	0.0004558
328.241758	-0.0012540
328.263205	0.0004827
328.284652	-0.0006969
328.306099	-0.0001188
328.327548	-0.0000713
328.348997	-0.0008430
328.370447	-0.0000511
328.391897	-0.0002526
328.413348	-0.0002536
328.434800	-0.0004961
328.456253	-0.0001634
328.477706	0.0002555
328.499160	0.0000791
328.520615	0.0003842
328.542070	0.0005931
328.563526	-0.0007110
328.584983	0.0002521
328.606441	0.0001161
328.627899	0.0002421
328.649358	-0.0006800
328.670818	0.0003049
328.692278	-0.0000290
328.713739	0.0007147
328.735201	-0.0001700
328.756663	-0.0000446
328.778126	-0.0007057
328.799590	0.0016269
328.821055	0.0000223
328.842520	-0.0010084
328.863986	-0.0002772
328.885453	-0.0005314
328.906920	-0.0000132
328.928388	0.0014186
328.949857	0.0003823
328.971326	-0.0004570
328.992796	0.0001572
329.014267	-0.0005658
329.035739	0.0004995
329.057211	-0.0004819
329.078684	0.0014844
329.100158	-0.0000341
329.121632	0.0001509
329.143107	-0.0006811
329.164583	-0.0001853
329.186059	0.0006087
329.207537	-0.0000910
329.229015	-0.0001119
329.250493	-0.0000345
329.271972	-0.0002076
329.293452	-0.0003676
329.314933	-0.0002246
329.336415	0.0003259
329.357897	0.0004052
329.379380	0.0009245
329.400863	0.0012399
329.422347	0.0003858
329.443832	-0.0000222
329.465318	0.0004184
329.486804	-0.0001156
329.508291	-0.0005432
329.529779	-0.0006579
329.551267	0.0003753
329.572756	0.0003867
329.594246	0.0009251
329.615737	-0.0012230
329.637228	0.0003944
329.658720	-0.0002357
329.680213	0.0009050
329.701706	-0.0003672
329.723200	0.0002679
329.744695	-0.0007175
329.766190	0.0007843
329.787686	-0.0005618
329.809183	-0.0006213
329.830681	0.0012585
329.852179	-0.0002766
329.873678	-0.0001374
329.895178	0.0006366
329.916678	0.0001162
329.938179	-0.0013691
329.959681	-0.0010466
329.981183	0.0004420
330.002687	-0.0000127
330.024190	0.0003587
330.045695	0.0002168
330.067200	-0.0005857
330.088706	0.0004558
330.110213	0.0000386
330.131720	0.0001045
330.153228	-0.0002242
330.174737	-0.0005910
330.196247	0.0000175
330.217757	-0.0005071
330.239268	0.0003839
330.260780	0.0008127
330.282292	-0.0001269
330.303805	-0.0007368
330.325319	0.0003896
330.346833	0.0008394
330.368348	0.0010511
330.389864	0.0006880
330.411380	0.0002240
330.432898	-0.0002656
330.454416	0.0003617
330.475934	-0.0007541
330.497454	-0.0001769
330.518974	-0.0000080
330.540494	0.0006280
330.562016	0.0001965
330.583538	0.0000280
330.605061	0.0012537
330.626584	0.0003201
330.648109	0.0003181
330.669634	0.0004736
330.691159	0.0000542
330.712686	0.0000995
330.734213	0.0005822
330.755740	-0.0000303
330.777269	-0.0004899
330.798798	0.0010081
330.820328	0.0006020
330.841858	0.0008613
330.863390	0.0009277
330.884922	0.0008673
330.906454	-0.0005462
330.927988	0.0012384
330.949522	-0.0004916
330.971057	0.0000250
330.992592	-0.0006556
331.014128	-0.0003173
331.035665	0.0004994
331.057203	0.0007501
331.078741	0.0000815
331.100280	-0.0001553
331.121820	-0.0004335
331.143360	0.0005593
331.164901	0.0003316
331.186443	0.0005322
331.207986	-0.0015833
331.229529	0.0003933
331.251073	-0.0006000
331.272617	0.0003017
331.294163	-0.0014118
331.315709	0.0000831
331.337255	-0.0007963
331.358803	-0.0001747
331.380351	0.0006075
331.401900	0.0001407
331.423449	-0.0003257
331.445000	-0.0000440
331.466551	-0.0002437
331.488102	0.0014699
331.509655	0.0004225
331.531208	0.0005939
331.552761	0.0017235
331.574316	0.0000056
331.595871	-0.0003223
331.617427	0.0005582
331.638983	-0.0002024
331.660541	-0.0001511
331.682099	0.0000749
331.703657	-0.0010818
331.725217	0.0005304
331.746777	0.0001147
331.768338	0.0001773
331.789899	0.0003364
331.811461	-0.0002202
331.833024	-0.0001735
331.854588	-0.0000827
331.876152	0.0002751
331.897717	-0.0000687
331.919283	0.0003948
331.940849	-0.0000935
331.962416	-0.0005023
331.983984	-0.0000558
332.005552	0.0008252
332.027122	-0.0005103
332.048692	0.0011188
332.070262	0.0001241
332.091834	0.0007509
332.113406	-0.0005903
332.134978	0.0001527
332.156552	0.0004642
332.178126	0.0003307
332.199701	0.0000427
332.221276	-0.0005589
332.242852	-0.0010522
332.264429	-0.0003394
332.286007	0.0002777
332.307585	0.0001370
332.329164	0.0003296
332.350744	-0.0001566
332.372325	0.0003148
332.393906	-0.0001000
332.415488	-0.0007333
332.437070	0.0001750
332.458653	0.0003902
332.480237	0.0004706
332.501822	0.0011406
332.523407	-0.0011809
332.544993	-0.0008489
332.566580	-0.0000463
332.588168	0.0004675
332.609756	0.0000241
332.631345	-0.0000076
332.652934	-0.0000139
332.674524	0.0003088
332.696115	-0.0000342
332.717707	-0.0003622
332.739300	0.0002021
332.760893	0.0004937
332.782486	0.0017991
332.804081	0.0005837
332.825676	-0.0000734
332.847272	-0.0007485
332.868869	-0.0010429
332.890466	0.0000330
332.912064	-0.0004875
332.933663	-0.0002205
332.955262	-0.0000960
332.976862	-0.0001850
332.998463	-0.0001005
333.020064	0.0008589
333.041667	0.0006471
333.063270	0.0001354
333.084873	0.0004428
333.106478	-0.0001080
333.128083	-0.0003887
333.149688	-0.0004289
333.171295	0.0000365
333.192902	-0.0002773
333.214510	-0.0004544
333.236118	0.0004410
333.257727	-0.0005870
333.279337	0.0003617
333.300948	-0.0003780
333.322559	-0.0002778
333.344171	0.0000250
333.365784	-0.0002643
333.387398	-0.0003277
333.409012	-0.0000133
333.430627	0.0007049
333.452242	-0.0008475
333.473859	-0.0000711
333.495475	-0.0007499
333.517093	-0.0007535
333.538712	0.0013108
333.560331	0.0007044
333.581950	0.0003136
333.603571	-0.0012395
333.625192	0.0002923
333.646814	0.0014177
333.668437	-0.0009072
333.690060	0.0001621
333.711684	0.0013717
333.733309	0.0005775
333.754934	-0.0010172
333.776560	-0.0001959
333.798187	-0.0003760
333.819814	-0.0007886
333.841443	-0.0005941
333.863071	-0.0010598
333.884701	-0.0003269
333.906331	0.0002883
333.927962	-0.0001947
333.949594	0.0013083
333.971227	-0.0006626
333.992860	-0.0004207
334.014493	-0.0002073
334.036128	0.0003252
334.057763	-0.0002821
334.079399	0.0004659
334.101036	-0.0005836
334.122673	0.0006275
334.144311	0.0003731
334.165950	0.0005653
334.187589	0.0001231
334.209230	0.0006208
334.230870	-0.0005104
334.252512	-0.0001992
334.274154	0.0011712
334.295797	0.0003329
334.317441	-0.0008780
334.339085	0.0009017
334.360730	-0.0009089
334.382376	-0.0004785
334.404022	0.0006646
334.425670	-0.0006844
334.447318	0.0003854
334.468966	-0.0000470
334.490615	-0.0005892
334.512265	0.0002201
334.533916	-0.0004216
334.555567	0.0003644
334.577220	0.0001921
334.598872	-0.0004470
334.620526	-0.0018914
334.642180	0.0002622
334.663835	0.0005871
334.685490	0.0007240
334.707147	-0.0007409
334.728804	0.0002285
334.750461	-0.0006938
334.772120	0.0000886
334.793779	-0.0000135
334.815439	-0.0008737
334.837099	-0.0010801
334.858761	0.0001529
334.880422	0.0001256
334.902085	-0.0004084
334.923748	-0.0000457
334.945412	-0.0005846
334.967077	-0.0008551
334.988743	0.0000239
335.010409	0.0001648
335.032076	0.0002430
335.053743	-0.0000120
335.075411	-0.0001691
335.097080	-0.0007834
335.118750	-0.0003081
335.140420	0.0005630
335.162091	0.0004411
335.183763	-0.0003634
335.205436	0.0003987
335.227109	-0.0001134
335.248783	0.0002487
335.270457	0.0004033
335.292132	0.0013200
335.313808	0.0014418
335.335485	-0.0009716
335.357162	0.0004616
335.378841	-0.0007960
335.400519	0.0005535
335.422199	0.0002144
335.443879	-0.0005311
335.465560	0.0006844
335.487241	0.0006810
335.508924	-0.0000027
335.530607	-0.0003085
335.552290	0.0000716
335.573975	0.0000407
335.595660	0.0001249
335.617346	0.0001208
335.639032	-0.0005959
335.660720	-0.0009194
335.682407	-0.0000341
335.704096	0.0012762
335.725785	0.0006404
335.747475	-0.0001626
335.769166	0.0002774
335.790858	0.0001976
335.812550	-0.0000706
335.834242	0.0002517
335.855936	0.0006580
335.877630	0.0009370
335.899325	0.0002551
335.921021	0.0001396
335.942717	0.0000783
335.964414	0.0003130
335.986112	0.0006362
336.007810	-0.0002907
336.029510	0.0002436
336.051209	-0.0015105
336.072910	0.0000181
336.094611	0.0003253
336.116313	-0.0002222
336.138016	-0.0005429
336.159719	-0.0009898
336.181423	-0.0003284
336.203128	0.0003002
336.224833	0.0000476
336.246540	0.0000394
336.268247	-0.0002875
336.289954	-0.0001514
336.311662	0.0007023
336.333371	0.0005243
336.355081	0.0005473
336.376791	0.0006646
336.398503	-0.0018145
336.420214	-0.0000115
336.441927	-0.0001998
336.463640	-0.0005791
336.485354	-0.0008576
336.507069	0.0000707
336.528784	-0.0004312
336.550500	-0.0004768
336.572217	-0.0002190
336.593934	0.0001937
336.615652	0.0004801
336.637371	-0.0003881
336.659090	-0.0006280
336.680811	-0.0007843
336.702532	-0.0003090
336.724253	-0.0001032
336.745975	0.0007842
336.767699	-0.0000433
336.789422	-0.0003835
336.811147	-0.0002033
336.832872	0.0004404
336.854598	-0.0001324
336.876324	0.0004245
336.898051	0.0004211
336.919779	0.0003528
336.941508	0.0007820
336.963237	-0.0000064
336.984967	-0.0000455
337.006698	-0.0005800
337.028430	-0.0010352
337.050162	0.0003671
337.071895	-0.0002038
337.093628	0.0000906
337.115363	-0.0003398
337.137098	0.0001036
337.158833	-0.0007933
337.180570	0.0008271
337.202307	0.0000802
337.224044	-0.0002904
337.245783	-0.0009267
337.267522	0.0000098
337.289262	-0.0003474
337.311003	0.0005315
337.332744	0.0004001
337.354486	0.0005091
337.376229	0.0004779
337.397972	-0.0009677
337.419716	-0.0002850
337.441461	-0.0005227
337.463206	0.0006909
337.484953	0.0001269
337.506700	-0.0001411
337.528447	0.0013367
337.550195	0.0003335
337.571944	0.0007914
337.593694	-0.0001221
337.615445	0.0008513
337.637196	0.0001346
337.658948	0.0002469
337.680700	-0.0003012
337.702453	0.0004811
337.724207	-0.0001295
337.745962	-0.0010613
337.767717	0.0011446
337.789473	-0.0005739
337.811230	-0.0002912
337.832987	0.0003083
337.854746	0.0004405
337.876505	-0.0003117
337.898264	0.0016076
337.920024	0.0023733
337.941785	0.0019537
337.963547	0.0046166
337.985309	0.0057366
338.007072	0.0062408
338.028836	0.0062514
338.050601	0.0075372
338.072366	0.0074042
338.094132	0.0064867
338.115898	0.0060604
338.137666	0.0056144
338.159434	0.0053815
338.181202	0.0042159
338.202972	0.0035064
338.224742	0.0030203
338.246512	0.0028637
338.268284	0.0027746
338.290056	0.0018830
338.311829	0.0013908
338.333603	0.0006031
338.355377	0.0005255
338.377152	0.0002285
338.398928	0.0000628
338.420704	0.0004315
338.442481	0.0005965
338.464259	0.0003125
338.486038	0.0004745
338.507817	-0.0001377
338.529597	0.0003972
338.551377	0.0000038
338.573159	-0.0008812
338.594941	-0.0009416
338.616723	0.0006141
338.638507	-0.0008390
338.660291	-0.0006522
338.682076	0.0000502
338.703861	0.0006033
338.725648	-0.0000863
338.747435	0.0001805
338.769222	-0.0000443
338.791011	0.0006388
338.812800	0.0009766
338.834589	0.0013289
338.856380	0.0005245
338.878171	0.0010307
338.899963	0.0030510
338.921756	0.0019566
338.943549	0.0017090
338.965343	0.0028851
338.987137	0.0028252
339.008933	0.0037777
339.030729	0.0020653
339.052526	0.0026093
339.074323	0.0027118
339.096121	0.0030586
339.117920	0.0005803
339.139720	0.0013171
339.161520	0.0010972
339.183321	0.0017749
339.205123	0.0003162
339.226925	-0.0002024
339.248728	-0.0000409
339.270532	0.0011616
339.292337	0.0002578
339.314142	-0.0000582
339.335948	-0.0005543
339.357754	0.0002412
339.379562	-0.0000258
339.401370	-0.0007372
339.423178	-0.0002468
339.444988	-0.0005498
339.466798	0.0001124
339.488609	-0.0003933
339.510420	0.0000162
339.532233	-0.0006587
339.554046	-0.0000962
339.575859	-0.0003926
339.597674	0.0002393
339.619489	0.0009938
339.641304	-0.0000166
339.663121	-0.0012697
339.684938	0.0003170
339.706756	-0.0004966
339.728574	-0.0002285
339.750394	0.0014260
339.772214	0.0007654
339.794034	0.0036986
339.815856	0.0003599
339.837678	0.0012776
339.859500	0.0027832
339.881324	0.0021500
339.903148	0.0018219
339.924973	0.0022934
339.946799	0.0024456
339.968625	0.0016426
339.990452	-0.0004254
340.012280	0.0025888
340.034108	0.0008709
340.055937	0.0016848
340.077767	0.0004374
340.099597	-0.0002307
340.121428	-0.0009477
340.143260	-0.0011894
340.165093	0.0008737
340.186926	-0.0000977
340.208760	0.0000828
340.230595	0.0004690
340.252430	-0.0013625
340.274267	-0.0008338
340.296103	0.0005712
340.317941	-0.0000640
340.339779	0.0010874
340.361618	0.0010048
340.383458	0.0007421
340.405298	0.0001550
340.427139	-0.0006190
340.448981	-0.0003095
340.470823	0.0000127
340.492666	-0.0001439
340.514510	0.0011255
340.536355	0.0001492
340.558200	-0.0009209
340.580046	0.0001497
340.601893	0.0004274
340.623740	0.0002389
340.645588	-0.0001762
340.667437	0.0000581
340.689286	0.0003040
340.711136	0.0002207
340.732987	-0.0004263
340.754839	-0.0001520
340.776691	0.0009588
340.798544	0.0006237
340.820398	-0.0017375
340.842252	0.0004501
340.864107	0.0006503
340.885963	0.0000869
340.907820	0.0002309
340.929677	-0.0002734
340.951535	-0.0012831
340.973393	0.0006037
340.995252	0.0002095
341.017112	-0.0013981
341.038973	0.0003155
341.060835	0.0001158
341.082697	-0.0008684
341.104560	-0.0009898
341.126423	-0.0000515
341.148287	-0.0003024
341.170152	0.0000316
341.192018	-0.0005547
341.213884	-0.0005101
341.235751	0.0007000
341.257619	0.0011083
341.279487	0.0006708
341.301356	-0.0005994
341.323226	-0.0000113
341.345097	-0.0000022
341.366968	0.0007450
341.388840	-0.0007235
341.410713	-0.0002940
341.432586	-0.0005751
341.454460	-0.0003064
341.476335	-0.0008183
341.498210	0.0000154
341.520086	0.0008790
341.541963	-0.0003474
341.563841	0.0002693
341.585719	0.0001760
341.607598	-0.0007733
341.629478	0.0002949
341.651358	0.0005962
341.673239	0.0001043
341.695121	-0.0007763
341.717003	-0.0001254
341.738886	0.0001482
341.760770	-0.0006635
341.782655	-0.0004572
341.804540	0.0002351
341.826426	-0.0012603
341.848313	0.0004620
341.870200	-0.0000695
341.892088	-0.0010024
341.913977	0.0005858
341.935867	0.0003099
341.957757	0.0008549
341.979648	0.0004572
342.001539	0.0009578
342.023432	0.0002659
342.045325	-0.0000066
342.067218	-0.0005910
342.089113	-0.0000611
342.111008	0.0007412
342.132904	-0.0012092
342.154800	0.0000615
342.176698	-0.0003492
342.198595	-0.0007671
342.220494	0.0001436
342.242393	-0.0004208
342.264294	-0.0006814
342.286194	-0.0000572
342.308096	-0.0001717
342.329998	0.0015984
342.351901	0.0002167
342.373804	0.0003518
342.395708	-0.0007524
342.417613	-0.0003890
342.439519	0.0005897
342.461425	0.0006179
342.483332	0.0009842
342.505240	0.0008912
342.527149	-0.0001050
342.549058	0.0005620
342.570968	-0.0001222
342.592878	0.0008941
342.614790	0.0001615
342.636702	0.0001046
342.658614	0.0003455
342.680528	-0.0000886
342.702442	0.0007120
342.724357	-0.0007959
342.746272	-0.0007535
342.768188	0.0000301
342.790105	0.0003682
342.812023	-0.0004356
342.833941	0.0000033
342.855860	-0.0010000
342.877780	0.0007206
342.899700	0.0005948
342.921621	0.0000665
342.943543	-0.0000086
342.965466	0.0008999
342.987389	-0.0001006
343.009313	-0.0011957
343.031237	0.0006648
343.053163	-0.0011295
343.075089	0.0007112
343.097015	0.0001770
343.118943	0.0005718
343.140871	-0.0000811
343.162800	0.0002953
343.184729	0.0003276
343.206660	-0.0001207
343.228590	0.0005392
343.250522	-0.0008487
343.272454	0.0001166
343.294387	-0.0002523
343.316321	0.0003051
343.338256	-0.0000956
343.360191	0.0000443
343.382127	-0.0001518
343.404063	-0.0008904
343.426001	-0.0001481
343.447939	0.0002146
343.469877	0.0020974
343.491817	-0.0005282
343.513757	-0.0000880
343.535697	-0.0002465
343.557639	-0.0002678
343.579581	-0.0005943
343.601524	0.0006180
343.623468	-0.0012945
343.645412	0.0002072
343.667357	0.0001374
343.689302	-0.0002682
343.711249	-0.0001534
343.733196	0.0009469
343.755144	0.0002875
343.777092	-0.0000914
343.799041	-0.0004887
343.820991	-0.0004629
343.842942	0.0008551
343.864893	-0.0003048
343.886845	0.0003441
343.908798	-0.0004700
343.930751	0.0000165
343.952706	-0.0000407
343.974660	0.0006477
343.996616	0.0002047
344.018572	-0.0007556
344.040529	0.0004223
344.062487	0.0014734
344.084445	-0.0002358
344.106404	0.0004995
344.128364	-0.0002385
344.150324	0.0007238
344.172285	0.0007975
344.194247	-0.0006747
344.216210	-0.0001764
344.238173	0.0004367
344.260137	-0.0009096
344.282102	-0.0003607
344.304067	-0.0012530
344.326033	-0.0004861
344.348000	0.0002786
344.369967	0.0003708
344.391935	0.0000619
344.413904	0.0007281
344.435874	0.0008201
344.457844	-0.0006934
344.479815	-0.0002270
344.501787	0.0001215
344.523759	-0.0001634
344.545732	0.0004851
344.567706	0.0002419
344.589681	-0.0006611
344.611656	0.0000345
344.633632	-0.0000089
344.655608	0.0003329
344.677586	0.0011672
344.699564	0.0005944
344.721542	0.0006112
344.743522	0.0001220
344.765502	0.0005299
344.787483	0.0008720
344.809464	0.0010775
344.831446	0.0003352
344.853429	-0.0003968
344.875413	0.0006437
344.897397	0.0011072
344.919382	0.0003069
344.941368	-0.0003375
344.963354	0.0005201
344.985342	-0.0006349
345.007329	0.0004702
345.029318	0.0009455
345.051307	-0.0005931
345.073297	0.0008616
345.095288	-0.0004185
345.117279	-0.0005997
345.139271	0.0007005
345.161264	-0.0011078
345.183257	-0.0009089
345.205252	0.0001866
345.227246	-0.0002387
345.249242	-0.0004887
345.271238	0.0003612
345.293235	0.0014685
345.315233	-0.0004487
345.337231	0.0005862
345.359230	-0.0011606
345.381230	0.0003735
345.403231	0.0001138
345.425232	0.0002739
345.447234	0.0004234
345.469236	0.0005066
345.491240	-0.0002918
345.513243	-0.0002826
345.535248	-0.0001736
345.557254	-0.0008398
345.579260	0.0015015
345.601266	0.0000936
345.623274	0.0003912
345.645282	0.0003653
345.667291	-0.0002275
345.689301	0.0000313
345.711311	0.0000430
345.733322	-0.0009691
345.755334	0.0007987
345.777346	0.0000707
345.799359	-0.0002690
345.821373	-0.0004182
345.843388	-0.0004486
345.865403	0.0010881
345.887419	-0.0006458
345.909435	-0.0002632
345.931453	-0.0000046
345.953471	-0.0003635
345.975490	-0.0010525
345.997509	0.0007138
346.019529	0.0002706
346.041550	-0.0006895
346.063572	-0.0003584
346.085594	-0.0000516
346.107617	-0.0000992
346.129640	0.0007443
346.151665	-0.0002163
346.173690	0.0008959
346.195716	0.0003037
346.217742	-0.0003112
346.239769	0.0008372
346.261797	0.0005673
346.283826	-0.0008290
346.305855	-0.0015597
346.327885	0.0003616
346.349916	-0.0005839
346.371947	0.0003492
346.393979	-0.0001872
346.416012	-0.0007656
346.438045	-0.0004359
346.460080	-0.0006385
346.482114	-0.0003372
346.504150	-0.0005948
346.526186	-0.0006785
346.548223	-0.0002712
346.570261	0.0008776
346.592300	-0.0007413
346.614339	-0.0001032
346.636378	0.0015161
346.658419	0.0001446
346.680460	0.0001536
346.702502	0.0002069
346.724545	-0.0004751
346.746588	0.0002386
346.768632	0.0005866
346.790677	-0.0003651
346.812722	-0.0003607
346.834768	0.0004538
346.856815	0.0006489
346.878863	-0.0001136
346.900911	-0.0004867
346.922960	0.0007790
346.945010	-0.0013338
346.967060	0.0014393
346.989111	0.0001062
347.011163	0.0009458
347.033215	0.0002798
347.055268	0.0001788
347.077322	0.0002885
347.099377	0.0004646
347.121432	0.0009058
347.143488	0.0016976
347.165545	0.0027050
347.187602	0.0026262
347.209660	0.0047634
347.231719	0.0049451
347.253778	0.0072854
347.275839	0.0078051
347.297899	0.0076231
347.319961	0.0084541
347.342023	0.0088625
347.364086	0.0081554
347.386150	0.0079242
347.408214	0.0071220
347.430280	0.0069604
347.452345	0.0064511
347.474412	0.0054159
347.496479	0.0034857
347.518547	0.0027377
347.540616	0.0028143
347.562685	0.0018606
347.584755	0.0004427
347.606826	-0.0005683
347.628897	-0.0004709
347.650969	-0.0003416
347.673042	-0.0000124
347.695115	-0.0005420
347.717190	-0.0015882
347.739265	0.0010379
347.761340	-0.0002576
347.783417	-0.0001898
347.805494	0.0000016
347.827571	0.0001321
347.849650	-0.0005871
347.871729	-0.0002499
347.893809	-0.0003189
347.915889	-0.0003161
347.937971	-0.0003653
347.960053	0.0001009
347.982135	-0.0007283
348.004219	-0.0003266
348.026303	-0.0002136
348.048387	-0.0000016
348.070473	0.0004554
348.092559	-0.0002546
348.114646	-0.0000002
348.136734	-0.0008271
348.158822	-0.0003071
348.180911	-0.0001059
348.203001	-0.0010165
348.225091	0.0002432
348.247182	-0.0005247
348.269274	-0.0004443
348.291366	-0.0004483
348.313459	-0.0005179
348.335553	0.0001831
348.357648	-0.0001540
348.379743	0.0008578
348.401839	-0.0001383
348.423936	-0.0006324
348.446033	0.0007212
348.468132	0.0001342
348.490230	0.0005379
348.512330	0.0001849
348.534430	0.0009426
348.556531	0.0001275
348.578633	-0.0008813
348.600735	-0.0006163
348.622838	-0.0002218
348.644942	-0.0007168
348.667046	-0.0002130
348.689151	0.0011788
348.711257	-0.0002349
348.733364	-0.0011344
348.755471	-0.0001559
348.777579	-0.0004283
348.799688	0.0003241
348.821797	-0.0001155
348.843907	0.0010998
348.866018	0.0002070
348.888129	0.0000765
348.910241	-0.0007455
348.932354	-0.0002139
348.954468	0.0002479
348.976582	0.0006663
348.998697	0.0004462
349.020813	0.0002114
349.042929	-0.0007409
349.065046	-0.0001394
349.087164	0.0005781
349.109282	0.0004783
349.131402	0.0005660
349.153521	0.0003532
349.175642	0.0006678
349.197763	-0.0004821
349.219885	-0.0006390
349.242008	0.0003886
349.264131	-0.0004936
349.286255	0.0006887
349.308380	-0.0001315
349.330506	-0.0000102
349.352632	-0.0004072
349.374759	-0.0001822
349.396887	-0.0005588
349.419015	0.0006924
349.441144	0.0001532
349.463274	-0.0002349
349.485404	-0.0001188
349.507535	-0.0007242
349.529667	-0.0006530
349.551799	0.0008588
349.573933	0.0006405
349.596067	-0.0007668
349.618201	0.0000889
349.640337	-0.0003361
349.662473	-0.0006262
349.684609	-0.0006335
349.706747	0.0000163
349.728885	0.0003784
349.751024	0.0003833
349.773163	-0.0015732
349.795304	0.0010904
349.817445	0.0001447
349.839586	-0.0000058
349.861729	-0.0002205
349.883872	0.0001592
349.906015	-0.0000323
349.928160	0.0001246
349.950305	0.0005946
349.972451	-0.0002015
349.994598	0.0006719
350.016745	-0.0002672
350.038893	0.0002755
350.061042	-0.0003537
350.083191	-0.0003542
350.105341	-0.0005132
350.127492	0.0003454
350.149643	-0.0005173
350.171796	0.0003410
350.193948	0.0001965
350.216102	-0.0007350
350.238256	0.0002693
350.260411	0.0015019
350.282567	-0.0005908
350.304723	0.0008853
350.326881	-0.0007385
350.349038	-0.0001012
350.371197	0.0000207
350.393356	0.0000620
350.415516	0.0009608
350.437677	0.0008818
350.459838	-0.0001430
350.482000	-0.0006437
350.504163	-0.0004930
350.526326	0.0004396
350.548490	0.0007577
350.570655	0.0006738
350.592821	0.0001915
350.614987	0.0001201
350.637154	0.0006219
350.659322	0.0009843
350.681490	0.0018692
350.703659	0.0020287
350.725829	0.0013897
350.747999	0.0013574
350.770170	0.0023518
350.792342	0.0018903
350.814515	0.0032135
350.836688	0.0037517
350.858862	0.0030441
350.881037	0.0041855
350.903212	0.0039267
350.925388	0.0049253
350.947565	0.0041010
350.969742	0.0037343
350.991921	0.0032392
351.014100	0.0035073
351.036279	0.0036693
351.058459	0.0017800
351.080640	0.0024583
351.102822	0.0008489
351.125004	0.0021901
351.147188	0.0010873
351.169371	0.0012005
351.191556	0.0002243
351.213741	0.0007976
351.235927	-0.0011322
351.258114	0.0002760
351.280301	-0.0003315
351.302489	0.0001440
351.324678	0.0001417
351.346867	0.0006266
351.369057	0.0015162
351.391248	-0.0001609
351.413440	0.0001946
351.435632	-0.0001567
351.457825	-0.0003406
351.480018	0.0001634
351.502213	-0.0002919
351.524408	-0.0007412
351.546604	0.0007279
351.568800	-0.0001821
351.590997	-0.0007666
351.613195	0.0010099
351.635394	0.0008691
351.657593	-0.0004654
351.679793	0.0008389
351.701993	0.0007875
351.724195	0.0018658
351.746397	0.0018567
351.768600	0.0020691
351.790803	0.0029229
351.813007	0.0006082
351.835212	0.0027793
351.857418	0.0029087
351.879624	0.0006075
351.901831	0.0015929
351.924039	0.0008448
351.946247	0.0013127
351.968456	-0.0002802
351.990666	0.0009794
352.012876	0.0010881
352.035088	0.0001891
352.057300	0.0002507
352.079512	-0.0000605
352.101725	-0.0004888
352.123939	-0.0011099
352.146154	-0.0004661
352.168370	-0.0011888
352.190586	0.0004368
352.212803	0.0000525
352.235020	-0.0000203
352.257238	-0.0002428
352.279457	-0.0003496
352.301677	0.0001860
352.323897	0.0000732
352.346118	-0.0005588
352.368340	0.0002445
352.390562	-0.0007331
352.412786	-0.0006497
352.435009	-0.0002920
352.457234	0.0012340
352.479459	0.0006104
352.501685	0.0005668
352.523912	0.0018546
352.546139	0.0017328
352.568367	0.0018661
352.590596	0.0031902
352.612825	0.0043790
352.635056	0.0052319
352.657286	0.0052334
352.679518	0.0074079
352.701750	0.0082186
352.723983	0.0074634
352.746217	0.0063366
352.768451	0.0085583
352.790686	0.0070831
352.812922	0.0073763
352.835159	0.0052589
352.857396	0.0047785
352.879634	0.0035134
352.901872	0.0037589
352.924112	0.0039008
352.946352	0.0026041
352.968592	0.0017764
352.990834	0.0006656
353.013076	0.0003358
353.035319	0.0012347
353.057562	0.0004394
353.079806	-0.0001926
353.102051	0.0002372
353.124297	0.0008975
353.146543	0.0012090
353.168790	-0.0014883
353.191038	0.0000829
353.213286	0.0005967
353.235536	0.0000438
353.257785	0.0012070
353.280036	-0.0001965
353.302287	0.0012571
353.324539	0.0007069
353.346792	-0.0000191
353.369045	0.0002590
353.391299	0.0003305
353.413554	0.0003249
353.435809	-0.0002458
353.458065	-0.0002953
353.480322	-0.0003489
353.502580	0.0005605
353.524838	0.0004086
353.547097	-0.0001106
353.569357	-0.0008813
353.591617	-0.0006829
353.613878	0.0008150
353.636140	0.0003396
353.658402	0.0000319
353.680666	-0.0006993
353.702929	-0.0000087
353.725194	0.0008950
353.747459	-0.0001310
353.769725	0.0004854
353.791992	0.0002355
353.814259	0.0003575
353.836527	0.0003807
353.858796	-0.0007697
353.881066	0.0006105
353.903336	0.0004837
353.925607	0.0003267
353.947878	0.0003201
353.970151	0.0000389
353.992424	0.0002903
354.014698	0.0004501
354.036972	0.0007081
354.059247	0.0000752
354.081523	0.0001881
354.103799	0.0007036
354.126077	0.0005281
354.148355	0.0000228
354.170633	-0.0004696
354.192913	0.0002121
354.215193	0.0003543
354.237473	-0.0006266
354.259755	0.0007249
354.282037	0.0000883
354.304320	-0.0003071
354.326603	-0.0000900
354.348887	-0.0002985
354.371172	0.0001786
354.393458	0.0000456
354.415744	-0.0008455
354.438032	-0.0006064
354.460319	0.0002586
354.482608	0.0000320
354.504897	-0.0010974
354.527187	-0.0005336
354.549477	0.0002357
354.571769	0.0007529
354.594061	-0.0003262
354.616353	-0.0000017
354.638647	0.0004535
354.660941	-0.0000465
354.683236	0.0000688
354.705531	-0.0010034
354.727827	0.0000036
354.750124	-0.0003587
354.772422	0.0001780
354.794720	-0.0002543
354.817019	0.0002479
354.839319	-0.0000046
354.861619	0.0003369
354.883920	-0.0000798
354.906222	-0.0004116
354.928525	0.0003235
354.950828	0.0002744
354.973132	0.0003667
354.995436	-0.0002956
355.017742	-0.0004004
355.040048	0.0003550
355.062354	-0.0000482
355.084662	-0.0002416
355.106970	-0.0002534
355.129279	-0.0003426
355.151588	0.0007047
355.173898	-0.0004547
355.196209	0.0008595
355.218521	0.0005143
355.240833	0.0000392
355.263146	-0.0004483
355.285460	-0.0003014
355.307775	0.0005248
355.330090	0.0007775
355.352406	-0.0009019
355.374722	-0.0011202
355.397040	0.0004121
355.419357	-0.0006857
355.441676	-0.0001167
355.463995	-0.0002129
355.486316	-0.0010344
355.508636	0.0002750
355.530958	0.0007697
355.553280	-0.0005910
355.575603	-0.0000667
355.597926	-0.0001023
355.620251	-0.0000686
355.642576	0.0006600
355.664901	-0.0003819
355.687228	-0.0000925
355.709555	-0.0007023
355.731883	-0.0003294
355.754211	0.0000677
355.776540	0.0010625
355.798870	-0.0002361
355.821201	-0.0002939
355.843532	-0.0012075
355.865864	-0.0001266
355.888197	0.0011666
355.910530	0.0000796
355.932864	-0.0001500
355.955199	0.0004910
355.977535	-0.0001733
355.999871	0.0002183
356.022208	-0.0004463
356.044546	-0.0003981
356.066884	-0.0003392
356.089223	0.0006763
356.111563	0.0006843
356.133903	0.0001421
356.156244	0.0006635
356.178586	0.0011045
356.200929	0.0002169
356.223272	0.0008443
356.245616	0.0006182
356.267961	0.0008134
356.290306	0.0010215
356.312652	0.0017885
356.334999	0.0027745
356.357346	0.0002598
356.379694	0.0014261
356.402043	0.0007434
356.424393	0.0003401
356.446743	0.0017429
356.469094	0.0000360
356.491446	0.0006630
356.513798	-0.0006586
356.536151	-0.0004895
356.558505	0.0003394
356.580860	0.0007506
356.603215	0.0006973
356.625571	-0.0001618
356.647927	-0.0006732
356.670284	-0.0005931
356.692642	0.0002383
356.715001	0.0008386
356.737361	-0.0003205
356.759721	-0.0001156
356.782082	0.0002477
356.804443	0.0002225
356.826805	-0.0001147
356.849168	0.0003612
356.871532	-0.0011324
356.893896	0.0016056
356.916261	-0.0001062
356.938627	-0.0008142
356.960993	0.0003279
356.983360	-0.0000451
357.005728	-0.0008497
357.028097	-0.0011005
357.050466	-0.0005452
357.072836	-0.0014942
357.095207	-0.0002061
357.117578	-0.0004034
357.139950	0.0006011
357.162323	0.0012266
357.184696	0.0000720
357.207070	0.0000545
357.229445	0.0005154
357.251821	-0.0000705
357.274197	0.0001239
357.296574	0.0001498
357.318952	0.0000601
357.341330	0.0009281
357.363709	0.0004156
357.386089	-0.0002930
357.408469	-0.0001448
357.430851	0.0000988
357.453232	0.0003881
357.475615	-0.0001894
357.497998	0.0001984
357.520382	0.0000907
357.542767	-0.0002671
357.565152	0.0001810
357.587538	0.0004370
357.609925	0.0003975
357.632313	0.0005917
357.654701	-0.0003523
357.677090	-0.0000082
357.699479	0.0000568
357.721870	0.0008874
357.744261	0.0001008
357.766653	-0.0010983
357.789045	-0.0011512
357.811438	0.0004138
357.833832	0.0001618
357.856226	0.0006796
357.878622	0.0005928
357.901018	0.0005836
357.923414	0.0000114
357.945812	-0.0003768
357.968210	-0.0009880
357.990608	0.0000530
358.013008	0.0008474
358.035408	0.0012240
358.057809	-0.0007688
358.080210	-0.0009611
358.102613	0.0001078
358.125016	0.0008647
358.147419	0.0001016
358.169824	-0.0002518
358.192229	0.0000750
358.214634	-0.0005785
358.237041	-0.0001200
358.259448	-0.0004260
358.281856	0.0006491
358.304264	0.0000796
358.326674	-0.0012212
358.349084	-0.0001248
358.371494	-0.0001627
358.393906	-0.0005825
358.416318	0.0000717
358.438731	-0.0004716
358.461144	-0.0000267
358.483558	0.0005579
358.505973	-0.0003867
358.528389	0.0000173
358.550805	-0.0005293
358.573222	0.0000988
358.595640	-0.0009154
358.618058	-0.0001914
358.640477	0.0008017
358.662897	0.0005044
358.685318	-0.0004467
358.707739	0.0011495
358.730161	0.0003351
358.752583	-0.0007951
358.775007	0.0004960
358.797431	-0.0010399
358.819856	0.0002169
358.842281	-0.0000327
358.864707	-0.0001987
358.887134	-0.0000573
358.909561	-0.0002104
358.931990	0.0004135
358.954419	0.0003573
358.976848	0.0007539
358.999279	0.0004759
359.021710	0.0003042
359.044141	-0.0001728
359.066574	-0.0009751
359.089007	0.0004570
359.111441	0.0006955
359.133875	0.0005830
359.156311	-0.0005695
359.178747	0.0003269
359.201183	0.0013906
359.223621	-0.0001027
359.246059	0.0011021
359.268498	-0.0009990
359.290937	0.0005626
359.313377	0.0010013
359.335818	0.0024475
359.358260	0.0025022
359.380702	0.0018294
359.403145	0.0036092
359.425589	0.0038236
359.448033	0.0038455
359.470478	0.0042841
359.492924	0.0044134
359.515370	0.0042336
359.537818	0.0050552
359.560266	0.0034241
359.582714	0.0046768
359.605164	0.0038446
359.627614	0.0047464
359.650064	0.0042442
359.672516	0.0022968
359.694968	0.0015591
359.717421	0.0005564
359.739874	0.0007284
359.762328	0.0015511
359.784783	-0.0003034
359.807239	-0.0007835
359.829695	0.0005803
359.852152	0.0003272
359.874610	0.0002944
359.897069	0.0001470
359.919528	-0.0000186
359.941987	0.0006437
359.964448	-0.0006485
359.986909	0.0002062
360.009371	0.0001862
360.031834	-0.0003284
360.054297	-0.0004368
360.076761	0.0000706
360.099226	-0.0008665
360.121692	0.0000901
360.144158	-0.0006543
360.166625	-0.0000711
360.189092	-0.0009716
360.211560	-0.0007018
360.234029	0.0007936
360.256499	-0.0000858
360.278970	0.0006469
360.301441	-0.0004272
360.323912	0.0002067
360.346385	-0.0001366
360.368858	0.0003924
360.391332	0.0002026
360.413807	-0.0001224
360.436282	0.0006181
360.458758	0.0005411
360.481235	0.0002103
360.503712	0.0003625
360.526190	0.0009716
360.548669	-0.0001017
360.571148	0.0000427
360.593629	0.0003582
360.616110	-0.0003105
360.638591	-0.0004940
360.661074	-0.0005868
360.683557	0.0006380
360.706040	-0.0008357
360.728525	0.0002587
360.751010	0.0002474
360.773496	0.0001259
360.795982	-0.0005054
360.818469	-0.0016729
360.840957	-0.0009289
360.863446	0.0001346
360.885935	0.0000796
360.908425	-0.0004220
360.930916	0.0000401
360.953408	-0.0006499
360.975900	0.0004272
360.998393	0.0001090
361.020886	-0.0005837
361.043381	-0.0000356
361.065875	-0.0000977
361.088371	-0.0008579
361.110868	-0.0008843
361.133365	-0.0006099
361.155862	0.0001623
361.178361	0.0003264
361.200860	0.0006432
361.223360	0.0009259
361.245861	0.0000780
361.268362	0.0009295
361.290864	0.0005942
361.313367	-0.0006577
361.335870	0.0001914
361.358374	-0.0009213
361.380879	0.0004580
361.403384	-0.0000601
361.425891	-0.0006239
361.448397	0.0006375
361.470905	-0.0002553
361.493413	-0.0001864
361.515922	-0.0001180
361.538432	0.0014679
361.560943	0.0000719
361.583454	0.0003096
361.605965	0.0000950
361.628478	-0.0007310
361.650991	-0.0001243
361.673505	0.0008311
361.696020	-0.0006932
361.718535	-0.0001485
361.741051	0.0008631
361.763568	0.0004664
361.786085	0.0000809
361.808604	-0.0004183
361.831122	-0.0003378
361.853642	0.0000458
361.876162	0.0000219
361.898683	0.0002300
361.921205	-0.0004271
361.943727	-0.0000728
361.966250	-0.0007152
361.988774	0.0003015
362.011298	-0.0006110
362.033824	0.0010488
362.056350	-0.0010548
362.078876	-0.0000748
362.101403	0.0000091
362.123931	0.0004430
362.146460	-0.0005130
362.168989	-0.0001458
362.191520	0.0008531
362.214050	0.0001471
362.236582	0.0001592
362.259114	-0.0003966
362.281647	0.0003820
362.304180	0.0005551
362.326715	-0.0005763
362.349250	-0.0003160
362.371785	0.0000161
362.394322	0.0000489
362.416859	-0.0005268
362.439397	0.0011138
362.461935	0.0000453
362.484475	0.0007779
362.507014	-0.0000324
362.529555	0.0001891
362.552096	-0.0011767
362.574638	0.0001111
362.597181	0.0003176
362.619725	0.0006932
362.642269	0.0002635
362.664814	0.0005669
362.687359	0.0004036
362.709905	0.0009853
362.732452	-0.0002060
362.755000	0.0007694
362.777548	-0.0002387
362.800097	0.0009738
362.822647	0.0009046
362.845198	0.0002078
362.867749	0.0000426
362.890301	-0.0004278
362.912853	0.0010044
362.935406	0.0006757
362.957960	-0.0006917
362.980515	0.0000229
363.003070	0.0006739
363.025627	-0.0005168
363.048183	-0.0002746
363.070741	0.0004872
363.093299	0.0008198
363.115858	-0.0001986
363.138417	-0.0010014
363.160978	0.0005473
363.183539	-0.0009082
363.206100	-0.0006397
363.228663	0.0003595
363.251226	0.0005928
363.273790	-0.0005657
363.296354	0.0002134
363.318919	0.0000451
363.341485	-0.0007522
363.364052	-0.0003928
363.386619	0.0000254
363.409187	-0.0012772
363.431756	0.0001983
363.454326	0.0005585
363.476896	-0.0004163
363.499466	0.0001363
363.522038	-0.0003903
363.544610	0.0003973
363.567183	-0.0002794
363.589757	-0.0006596
363.612331	0.0008027
363.634906	-0.0009583
363.657482	-0.0000522
363.680058	-0.0006738
363.702636	0.0002676
363.725213	-0.0007720
363.747792	-0.0000952
363.770371	-0.0001837
363.792951	0.0003186
363.815532	0.0001836
363.838113	-0.0004548
363.860695	-0.0005780
363.883278	0.0003269
363.905861	-0.0008449
363.928446	0.0002260
363.951031	0.0002621
363.973616	-0.0001337
363.996202	-0.0000875
364.018789	0.0003369
364.041377	0.0005162
364.063965	0.0006002
364.086555	0.0004681
364.109144	0.0017416
364.131735	0.0019683
364.154326	0.0037007
364.176918	0.0054008
364.199511	0.0072559
364.222104	0.0098882
364.244698	0.0118756
364.267293	0.0123813
364.289888	0.0139759
364.312484	0.0158339
364.335081	0.0145825
364.357678	0.0150834
364.380277	0.0125811
364.402876	0.0125356
364.425475	0.0117425
364.448076	0.0104329
364.470677	0.0090457
364.493278	0.0085211
364.515881	0.0077131
364.538484	0.0062870
364.561088	0.0071263
364.583692	0.0088615
364.606297	0.0102486
364.628903	0.0097987
364.651510	0.0124051
364.674117	0.0122013
364.696725	0.0124124
364.719334	0.0137161
364.741944	0.0142604
364.764554	0.0131487
364.787165	0.0127617
364.809776	0.0128461
364.832389	0.0122108
364.855002	0.0103160
364.877615	0.0092355
364.900230	0.0078342
364.922845	0.0068195
364.945460	0.0053157
364.968077	0.0058124
364.990694	0.0055393
365.013312	0.0031241
365.035931	0.0028843
365.058550	0.0015777
365.081170	0.0020201
365.103791	0.0014027
365.126412	0.0013413
365.149034	0.0000097
365.171657	0.0012391
365.194280	0.0010984
365.216905	-0.0006752
365.239530	0.0002088
365.262155	-0.0000786
365.284781	0.0000038
365.307408	0.0003526
365.330036	0.0002314
365.352665	-0.0006828
365.375294	-0.0002338
365.397924	0.0008106
365.420554	0.0004069
365.443185	-0.0006766
365.465817	-0.0000749
365.488450	0.0001752
365.511083	-0.0007476
365.533717	-0.0009021
365.556352	-0.0001895
365.578987	-0.0004188
365.601624	-0.0006102
365.624261	0.0001357
365.646898	0.0005777
365.669536	-0.0000209
365.692175	0.0000360
365.714815	0.0001061
365.737455	-0.0001969
365.760096	0.0008259
365.782738	-0.0005891
365.805381	0.0004513
365.828024	0.0006631
365.850668	0.0001618
365.873312	0.0006200
365.895958	0.0006587
365.918604	-0.0011574
365.941250	0.0013104
365.963898	-0.0000501
365.986546	0.0002552
366.009194	0.0007274
366.031844	0.0000624
366.054494	0.0013748
366.077145	-0.0009159
366.099797	-0.0000484
366.122449	0.0000540
366.145102	-0.0007383
366.167756	-0.0005859
366.190410	-0.0001400
366.213065	0.0002327
366.235721	-0.0002351
366.258378	0.0002021
366.281035	-0.0004338
366.303693	-0.0007998
366.326351	-0.0005430
366.349011	-0.0002811
366.371671	0.0004931
366.394331	0.0007059
366.416993	0.0002838
366.439655	-0.0017068
366.462318	-0.0004081
366.484981	0.0001035
366.507646	-0.0000854
366.530311	0.0010964
366.552976	0.0000126
366.575643	0.0010048
366.598310	0.0022769
366.620977	0.0029008
366.643646	0.0048454
366.666315	0.0041066
366.688985	0.0058164
366.711655	0.0066489
366.734327	0.0079441
366.756999	0.0079263
366.779671	0.0065658
366.802345	0.0069863
366.825019	0.0058084
366.847694	0.0058462
366.870369	0.0046115
366.893045	0.0041858
366.915722	0.0042751
366.938400	0.0034506
366.961078	0.0021738
366.983757	0.0028675
367.006437	0.0022696
367.029117	0.0009446
367.051798	0.0014184
367.074480	0.0000771
367.097163	0.0002211
367.119846	-0.0007137
367.142530	0.0004436
367.165214	-0.0004240
367.187900	0.0006177
367.210586	0.0001277
367.233272	0.0005118
367.255960	-0.0002605
367.278648	-0.0002658
367.301337	-0.0008650
367.324026	-0.0005569
367.346717	-0.0005317
367.369408	0.0005429
367.392099	0.0003367
367.414792	-0.0003600
367.437485	-0.0006037
367.460178	-0.0000519
367.482873	0.0007976
367.505568	-0.0003790
367.528264	0.0005152
367.550960	0.0012321
367.573658	-0.0003501
367.596356	0.0001372
367.619054	0.0000502
367.641754	0.0001062
367.664454	0.0001755
367.687154	0.0002354
367.709856	0.0005528
367.732558	-0.0002497
367.755261	0.0000822
367.777965	-0.0005315
367.800669	0.0004625
367.823374	0.0001834
367.846080	0.0001458
367.868786	0.0003321
367.891493	-0.0000627
367.914201	-0.0005053
367.936909	-0.0000443
367.959618	0.0009038
367.982328	0.0001351
368.005039	0.0004530
368.027750	-0.0000553
368.050462	-0.0001346
368.073175	0.0005033
368.095888	0.0003916
368.118603	0.0003749
368.141317	0.0000042
368.164033	0.0011196
368.186749	0.0000163
368.209466	-0.0000006
368.232184	-0.0008815
368.254902	-0.0007800
368.277621	0.0001065
368.300341	-0.0002861
368.323061	0.0004744
368.345782	-0.0002047
368.368504	0.0000746
368.391227	0.0005858
368.413950	-0.0006159
368.436674	-0.0001914
368.459399	-0.0001899
368.482124	0.0004061
368.504850	0.0001942
368.527577	-0.0000638
368.550304	0.0005556
368.573032	-0.0007793
368.595761	0.0005573
368.618491	0.0000765
368.641221	0.0010572
368.663952	0.0008419
368.686684	-0.0001223
368.709416	0.0007406
368.732149	-0.0004052
368.754883	-0.0001174
368.777618	-0.0010995
368.800353	0.0002562
368.823089	-0.0001405
368.845825	0.0007672
368.868562	-0.0000348
368.891300	0.0013784
368.914039	-0.0005509
368.936779	0.0009942
368.959519	0.0003475
368.982259	0.0000321
369.005001	0.0010164
369.027743	-0.0002993
369.050486	0.0002962
369.073230	0.0000455
369.095974	0.0003997
369.118719	0.0002758
369.141465	0.0005470
369.164211	-0.0003037
369.186958	-0.0005030
369.209706	-0.0005953
369.232455	0.0001614
369.255204	0.0017945
369.277954	0.0002581
369.300705	0.0010650
369.323456	0.0005009
369.346208	-0.0001510
369.368961	-0.0003790
369.391714	-0.0009703
369.414468	-0.0000042
369.437223	-0.0007902
369.459979	-0.0000120
369.482735	0.0008527
369.505492	0.0016600
369.528250	0.0015181
369.551008	-0.0007866
369.573767	0.0003948
369.596527	0.0005193
369.619287	-0.0007168
369.642048	-0.0000679
369.664810	-0.0000686
369.687573	0.0005850
369.710336	-0.0012025
369.733100	-0.0000187
369.755865	0.0003420
369.778630	-0.0007514
369.801396	-0.0002932
369.824163	-0.0000314
369.846931	0.0008595
369.869699	0.0005314
369.892468	0.0004507
369.915237	-0.0002432
369.938008	0.0000535
369.960779	0.0004901
369.983550	0.0000634
370.006323	0.0007299
370.029096	-0.0000583
370.051870	-0.0006041
370.074644	-0.0011786
370.097420	0.0010727
370.120196	-0.0004485
370.142972	0.0003853
370.165749	0.0007794
370.188528	0.0004826
370.211306	-0.0004188
370.234086	0.0004152
370.256866	0.0018666
370.279647	0.0005054
370.302428	-0.0003810
370.325210	-0.0003978
370.347993	-0.0003418
370.370777	0.0005198
370.393561	-0.0000152
370.416346	-0.0001997
370.439132	0.0016428
370.461919	0.0029451
370.484706	0.0041413
370.507494	0.0077402
370.530282	0.0114902
370.553072	0.0165460
370.575862	0.0241033
370.598652	0.0325364
370.621444	0.0436550
370.644236	0.0539888
370.667029	0.0610948
370.689822	0.0700318
370.712616	0.0780553
370.735411	0.0797768
370.758207	0.0796543
370.781003	0.0762070
370.803800	0.0728844
370.826598	0.0662264
370.849396	0.0578879
370.872195	0.0517551
370.894995	0.0429666
370.917796	0.0352647
370.940597	0.0267778
370.963399	0.0218696
370.986201	0.0158888
371.009005	0.0119958
371.031809	0.0096401
371.054613	0.0064815
371.077419	0.0027940
371.100225	0.0025653
371.123032	0.0008257
371.145839	0.0009896
371.168648	-0.0001028
371.191456	0.0000573
371.214266	0.0006280
371.237076	0.0000325
371.259887	-0.0004934
371.282699	0.0006118
371.305512	0.0000810
371.328325	-0.0000198
371.351139	-0.0002880
371.373953	-0.0005420
371.396769	0.0001862
371.419585	-0.0006262
371.442401	0.0010980
371.465219	-0.0002211
371.488037	-0.0007278
371.510855	-0.0001886
371.533675	-0.0005993
371.556495	-0.0011574
371.579316	-0.0004356
371.602138	-0.0017715
371.624960	0.0007081
371.647783	-0.0006004
371.670606	-0.0002443
371.693431	0.0002764
371.716256	-0.0000451
371.739082	-0.0008852
371.761908	0.0000599
371.784735	-0.0002377
371.807563	0.0006573
371.830392	-0.0001320
371.853221	0.0009959
371.876051	0.0002245
371.898882	0.0010163
371.921713	0.0004223
371.944546	-0.0006297
371.967378	0.0001662
371.990212	-0.0007497
372.013046	0.0011519
372.035881	-0.0000003
372.058717	-0.0002571
372.081553	0.0003468
372.104390	0.0009797
372.127228	0.0003912
372.150066	0.0005913
372.172905	-0.0003947
372.195745	-0.0008197
372.218586	-0.0000307
372.241427	-0.0003631
372.264269	-0.0000313
372.287112	-0.0005367
372.309955	0.0000164
372.332799	0.0000228
372.355644	0.0004852
372.378489	-0.0000849
372.401335	0.0002285
372.424182	0.0014053
372.447030	0.0036045
372.469878	0.0066590
372.492727	0.0117293
372.515577	0.0163885
372.538427	0.0262716
372.561278	0.0397297
372.584130	0.0533471
372.606983	0.0736557
372.629836	0.0915267
372.652690	0.1124215
372.675544	0.1260942
372.698400	0.1437168
372.721256	0.1512557
372.744112	0.1546799
372.766970	0.1510305
372.789828	0.1418798
372.812687	0.1307483
372.835546	0.1209279
372.858406	0.1022318
372.881267	0.0893600
372.904129	0.0761682
372.926991	0.0602641
372.949854	0.0490339
372.972718	0.0357500
372.995582	0.0274662
373.018448	0.0202426
373.041313	0.0134634
373.064180	0.0091857
373.087047	0.0082810
373.109915	0.0049421
373.132784	0.0030360
373.155653	0.0016089
373.178523	0.0019044
373.201394	0.0009962
373.224265	0.0004710
373.247138	0.0013381
373.270010	0.0014561
373.292884	0.0000678
373.315758	-0.0007412
373.338633	-0.0002172
373.361509	0.0006623
373.384385	0.0001266
373.407262	0.0000798
373.430140	0.0002429
373.453019	-0.0003716
373.475898	-0.0001988
373.498778	-0.0005756
373.521658	-0.0004344
373.544539	0.0002915
373.567421	0.0004124
373.590304	-0.0002934
373.613188	0.0005461
373.636072	-0.0004775
373.658956	0.0003323
373.681842	0.0008591
373.704728	0.0010953
373.727615	0.0008978
373.750503	0.0013784
373.773391	-0.0005239
373.796280	0.0001645
373.819170	0.0005431
373.842060	-0.0007921
373.864951	0.0003552
373.887843	-0.0000284
373.910736	-0.0007162
373.933629	0.0003496
373.956523	0.0003349
373.979417	-0.0001062
374.002313	-0.0001041
374.025209	-0.0000363
374.048106	-0.0003056
374.071003	0.0000688
374.093901	0.0007315
374.116800	-0.0002943
374.139700	-0.0005064
374.162600	-0.0004174
374.185501	0.0011538
374.208402	-0.0010115
374.231305	-0.0000382
374.254208	0.0003872
374.277112	-0.0002696
374.300016	0.0006509
374.322921	0.0010843
374.345827	0.0011636
374.368734	0.0006012
374.391641	0.0010063
374.414549	0.0014406
374.437458	0.0010605
374.460367	0.0040772
374.483277	0.0070155
374.506188	0.0124981
374.529099	0.0199617
374.552012	0.0292881
374.574924	0.0392660
374.597838	0.0532054
374.620752	0.0707337
374.643667	0.0843547
374.666583	0.1000491
374.689499	0.1129870
374.712417	0.1222294
374.735334	0.1212857
374.758253	0.1200015
374.781172	0.1145800
374.804092	0.1101951
374.827013	0.1001109
374.849934	0.0881219
374.872856	0.0753821
374.895779	0.0638223
374.918702	0.0523739
374.941626	0.0396855
374.964551	0.0316047
374.987477	0.0238382
375.010403	0.0165419
375.033330	0.0119420
375.056258	0.0078377
375.079186	0.0059811
375.102115	0.0050356
375.125045	0.0017657
375.147975	0.0021921
375.170906	0.0010878
375.193838	0.0003780
375.216771	0.0003479
375.239704	0.0003481
375.262638	0.0014783
375.285573	-0.0002490
375.308508	0.0007735
375.331444	-0.0006943
375.354381	0.0003721
375.377318	-0.0000493
375.400257	0.0002166
375.423195	-0.0004226
375.446135	0.0007162
375.469075	0.0007841
375.492016	-0.0004211
375.514958	0.0001284
375.537900	-0.0002328
375.560844	-0.0000988
375.583787	0.0008735
375.606732	0.0002023
375.629677	-0.0005355
375.652623	0.0002894
375.675570	0.0000986
375.698517	-0.0005756
375.721465	-0.0005233
375.744414	0.0000289
375.767363	-0.0007655
375.790313	-0.0002968
375.813264	0.0000851
375.836216	-0.0005346
375.859168	-0.0003870
375.882121	-0.0001537
375.905074	0.0001795
375.928029	-0.0003232
375.950984	-0.0003868
375.973939	-0.0002987
375.996896	0.0009558
376.019853	-0.0002327
376.042811	0.0000757
376.065769	-0.0005647
376.088729	0.0006453
376.111689	0.0007762
376.134649	-0.0001181
376.157611	-0.0002403
376.180573	-0.0002950
376.203535	-0.0005644
376.226499	-0.0002941
376.249463	-0.0002347
376.272428	0.0013280
376.295394	0.0006068
376.318360	0.0001425
376.341327	-0.0000100
376.364295	0.0002393
376.387263	-0.0004409
376.410232	0.0003962
376.433202	0.0014274
376.456172	0.0018062
376.479143	0.0028301
376.502115	0.0047826
376.525088	0.0080620
376.548061	0.0123714
376.571035	0.0173404
376.594010	0.0242825
376.616985	0.0302632
376.639962	0.0356963
376.662938	0.0433391
376.685916	0.0506808
376.708894	0.0518852
376.731873	0.0524049
376.754853	0.0525629
376.777833	0.0507926
376.800814	0.0463303
376.823796	0.0443927
376.846778	0.0378554
376.869761	0.0317865
376.892745	0.0272793
376.915730	0.0210658
376.938715	0.0177617
376.961701	0.0141940
376.984688	0.0115842
377.007675	0.0080701
377.030663	0.0046608
377.053652	0.0029440
377.076641	0.0012590
377.099631	0.0012166
377.122622	0.0013144
377.145614	0.0008900
377.168606	0.0000383
377.191599	0.0006535
377.214593	0.0005981
377.237587	0.0004504
377.260582	-0.0000799
377.283578	0.0001535
377.306574	-0.0000789
377.329572	0.0007012
377.352569	0.0004202
377.375568	0.0004435
377.398567	-0.0005834
377.421567	0.0003077
377.444568	-0.0002667
377.467569	0.0001249
377.490571	0.0010032
377.513574	-0.0001261
377.536578	0.0000942
377.559582	-0.0003628
377.582587	-0.0000864
377.605593	-0.0002709
377.628599	0.0005172
377.651606	0.0001036
377.674614	0.0001909
377.697622	-0.0008929
377.720631	-0.0002538
377.743641	-0.0000726
377.766651	0.0011986
377.789663	-0.0000896
377.812675	0.0006932
377.835687	0.0006628
377.858701	-0.0001356
377.881715	-0.0005091
377.904729	0.0003443
377.927745	0.0003089
377.950761	0.0002620
377.973778	0.0004641
377.996795	-0.0002732
378.019814	0.0002876
378.042833	-0.0001696
378.065852	-0.0004970
378.088873	0.0000689
378.111894	0.0003130
378.134915	0.0003849
378.157938	-0.0002094
378.180961	-0.0001830
378.203985	0.0011159
378.227010	0.0004269
378.250035	-0.0008740
378.273061	-0.0000188
378.296088	-0.0005651
378.319115	-0.0005556
378.342143	-0.0002445
378.365172	0.0007600
378.388201	-0.0007525
378.411232	0.0004294
378.434262	0.0004652
378.457294	-0.0001771
378.480326	0.0017424
378.503359	0.0007882
378.526393	0.0019251
378.549427	0.0042290
378.572463	0.0036206
378.595498	0.0050029
378.618535	0.0082681
378.641572	0.0093941
378.664610	0.0095713
378.687649	0.0122269
378.710688	0.0118131
378.733728	0.0130006
378.756769	0.0119238
378.779810	0.0115335
378.802852	0.0111471
378.825895	0.0104904
378.848939	0.0072123
378.871983	0.0074252
378.895028	0.0070790
378.918074	0.0051776
378.941120	0.0049186
378.964167	0.0032274
378.987215	0.0015966
379.010263	0.0016578
379.033312	0.0014848
379.056362	0.0004291
379.079413	-0.0003325
379.102464	0.0002138
379.125516	0.0009356
379.148569	-0.0000241
379.171622	-0.0001246
379.194676	-0.0004323
379.217731	0.0005450
379.240786	-0.0000256
379.263843	0.0002488
379.286900	0.0003427
379.309957	0.0003820
379.333015	-0.0002107
379.356074	0.0001702
379.379134	0.0007918
379.402194	0.0003813
379.425256	-0.0009370
379.448317	-0.0007544
379.471380	-0.0006169
379.494443	0.0004842
379.517507	0.0003054
379.540572	0.0002678
379.563637	-0.0000263
379.586703	-0.0006535
379.609770	-0.0009783
379.632837	0.0010610
379.655905	0.0003416
379.678974	0.0005710
379.702044	-0.0001023
379.725114	-0.0009894
379.748185	-0.0001195
379.771256	-0.0002207
379.794329	-0.0006019
379.817402	-0.0000377
379.840476	-0.0009752
379.863550	0.0000544
379.886625	-0.0002126
379.909701	-0.0001090
379.932778	0.0003601
379.955855	0.0001717
379.978933	-0.0004455
380.002011	0.0000106
380.025091	0.0009568
380.048171	0.0004083
380.071252	-0.0004619
380.094333	-0.0001546
380.117415	-0.0004601
380.140498	0.0005884
380.163582	-0.0011343
380.186666	0.0001331
380.209751	-0.0001205
380.232837	-0.0009548
380.255923	-0.0006202
380.279010	0.0002495
380.302098	0.0001027
380.325186	-0.0005152
380.348276	-0.0001682
380.371366	-0.0002437
380.394456	-0.0007380
380.417547	0.0003983
380.440639	-0.0003640
380.463732	0.0009762
380.486826	0.0000640
380.509920	0.0000488
380.533015	-0.0004051
380.556110	0.0011932
380.579206	0.0017897
380.602303	0.0014952
380.625401	0.0024523
380.648499	0.0007997
380.671598	0.0018754
380.694698	0.0012524
380.717798	0.0015927
380.740900	0.0025176
380.764001	0.0020374
380.787104	0.0023385
380.810207	0.0013249
380.833311	0.0019759
380.856416	0.0004910
380.879521	0.0015718
380.902627	0.0017719
380.925734	0.0006326
380.948841	0.0011097
380.971950	0.0013270
380.995058	0.0002297
381.018168	0.0000099
381.041278	-0.0001886
381.064389	-0.0000416
381.087501	0.0010412
381.110613	0.0003878
381.133726	0.0006328
381.156840	-0.0011201
381.179955	0.0003091
381.203070	0.0001058
381.226186	0.0003858
381.249302	-0.0000318
381.272420	0.0001361
381.295538	0.0001976
381.318656	0.0002389
381.341776	-0.0000552
381.364896	0.0006561
381.388017	-0.0001574
381.411138	-0.0002508
381.434260	0.0000392
381.457383	0.0004365
381.480507	0.0007445
381.503631	0.0002136
381.526756	-0.0001361
381.549882	-0.0004528
381.573008	-0.0002232
381.596136	0.0002314
381.619263	0.0004185
381.642392	-0.0003890
381.665521	0.0011866
381.688651	0.0006952
381.711782	0.0009731
381.734913	-0.0004730
381.758045	-0.0006175
381.781178	0.0010760
381.804311	0.0006426
381.827445	-0.0005559
381.850580	-0.0001565
381.873716	-0.0001486
381.896852	0.0001859
381.919989	0.0013233
381.943127	-0.0000855
381.966265	-0.0001373
381.989404	0.0002651
382.012544	0.0003951
382.035684	-0.0011083
382.058826	0.0001781
382.081967	-0.0012135
382.105110	0.0006511
382.128253	-0.0008478
382.151397	-0.0010123
382.174542	0.0003900
382.197687	-0.0002556
382.220833	0.0000679
382.243980	0.0005827
382.267128	0.0000677
382.290276	-0.0007685
382.313425	0.0004393
382.336574	0.0005405
382.359725	-0.0003835
382.382876	0.0003036
382.406028	0.0000230
382.429180	-0.0002058
382.452333	0.0000892
382.475487	-0.0002562
382.498641	0.0002654
382.521797	-0.0002550
382.544953	0.0013468
382.568109	-0.0008559
382.591267	0.0005312
382.614425	0.0006926
382.637583	0.0003315
382.660743	0.0006365
382.683903	0.0004291
382.707064	-0.0005525
382.730225	-0.0004244
382.753387	0.0000226
382.776550	0.0003930
382.799714	0.0010016
382.822878	0.0004188
382.846044	-0.0007219
382.869209	0.0002934
382.892376	0.0001753
382.915543	0.0003006
382.938711	-0.0001678
382.961879	0.0009861
382.985049	0.0002272
383.008219	-0.0001457
383.031389	0.0001816
383.054561	-0.0009258
383.077733	-0.0012112
383.100906	-0.0006977
383.124079	0.0001623
383.147253	0.0000605
383.170428	0.0001198
383.193604	-0.0002744
383.216780	-0.0009647
383.239957	-0.0001980
383.263135	0.0007100
383.286313	0.0005620
383.309492	-0.0007586
383.332672	0.0003517
383.355853	-0.0001290
383.379034	0.0006702
383.402216	-0.0004559
383.425398	0.0009007
383.448582	0.0000825
383.471766	-0.0002009
383.494950	0.0004073
383.518136	0.0010348
383.541322	-0.0006317
383.564509	-0.0003769
383.587696	-0.0007809
383.610884	0.0004720
383.634073	-0.0009873
383.657263	-0.0000785
383.680453	-0.0001988
383.703644	-0.0000896
383.726836	-0.0006416
383.750029	0.0003340
383.773222	-0.0000799
383.796416	0.0008400
383.819610	-0.0000145
383.842806	0.0000643
383.866001	-0.0003047
383.889198	-0.0014080
383.912396	0.0003753
383.935594	0.0002645
383.958792	-0.0011849
383.981992	-0.0002395
384.005192	0.0006287
384.028393	-0.0001024
384.051594	-0.0003912
384.074797	0.0001551
384.098000	0.0003195
384.121203	0.0003811
384.144408	-0.0001985
384.167613	-0.0006459
384.190819	-0.0004686
384.214025	-0.0003537
384.237232	0.0000634
384.260440	0.0008878
384.283649	-0.0002017
384.306858	-0.0006076
384.330068	0.0007992
384.353279	0.0008095
384.376490	0.0002440
384.399702	0.0010010
384.422915	-0.0007439
384.446129	-0.0001606
384.469343	0.0005728
384.492558	0.0005723
384.515774	-0.0007135
384.538990	0.0003116
384.562207	-0.0000201
384.585425	-0.0004757
384.608643	0.0001701
384.631862	-0.0003963
384.655082	0.0007731
384.678303	0.0014827
384.701524	-0.0000818
384.724746	0.0006119
384.747969	-0.0005962
384.771192	-0.0001350
384.794416	0.0002238
384.817641	0.0001747
384.840866	0.0008624
384.864092	0.0000757
384.887319	-0.0011220
384.910547	0.0000847
384.933775	-0.0005025
384.957004	-0.0005483
384.980234	0.0003839
385.003464	-0.0007440
385.026695	0.0000288
385.049927	-0.0001607
385.073160	0.0012283
385.096393	0.0006732
385.119627	-0.0005539
385.142861	-0.0009139
385.166096	0.0003179
385.189332	-0.0000116
385.212569	0.0001218
385.235807	0.0004405
385.259045	0.0005967
385.282284	-0.0002481
385.305523	-0.0009694
385.328763	-0.0003594
385.352004	0.0001427
385.375246	-0.0002656
385.398488	0.0002938
385.421731	-0.0000544
385.444975	-0.0006164
385.468219	0.0007754
385.491464	0.0000542
385.514710	-0.0006576
385.537957	0.0007318
385.561204	-0.0009665
385.584452	-0.0000829
385.607701	-0.0003876
385.630950	0.0001200
385.654200	0.0003363
385.677451	-0.0001438
385.700702	0.0000729
385.723954	0.0012062
385.747207	0.0006081
385.770461	-0.0000046
385.793715	-0.0002498
385.816970	-0.0000084
385.840226	-0.0002305
385.863482	0.0003490
385.886739	-0.0000720
385.909997	-0.0000868
385.933255	-0.0008238
385.956515	0.0000419
385.979774	0.0003496
386.003035	0.0001614
386.026296	0.0008618
386.049558	-0.0001189
386.072821	0.0005219
386.096084	-0.0004199
386.119348	-0.0000884
386.142613	0.0005448
386.165879	-0.0005043
386.189145	0.0002151
386.212412	0.0004725
386.235679	-0.0005463
386.258948	-0.0005726
386.282217	0.0005952
386.305487	0.0003966
386.328757	0.0007219
386.352028	-0.0001008
386.375300	-0.0002656
386.398572	0.0004550
386.421846	0.0003267
386.445120	0.0000132
386.468394	-0.0000870
386.491670	-0.0006308
386.514946	0.0001498
386.538222	0.0002676
386.561500	-0.0003339
386.584778	0.0007462
386.608057	-0.0013233
386.631336	0.0015880
386.654617	-0.0000571
386.677898	0.0013621
386.701179	0.0002367
386.724462	-0.0001134
386.747745	-0.0006438
386.771028	0.0005351
386.794313	-0.0002786
386.817598	-0.0000909
386.840884	-0.0004789
386.864170	0.0004062
386.887458	-0.0012163
386.910746	-0.0012003
386.934034	0.0001893
386.957324	-0.0001922
386.980614	-0.0010620
387.003905	0.0000792
387.027196	0.0001505
387.050488	-0.0000875
387.073781	0.0002898
387.097075	0.0005178
387.120369	-0.0003130
387.143664	0.0002809
387.166960	-0.0007000
387.190256	0.0006595
387.213553	-0.0002979
387.236851	0.0003865
387.260150	-0.0002098
387.283449	-0.0002916
387.306749	-0.0008387
387.330049	0.0005813
387.353351	-0.0000432
387.376653	-0.0005326
387.399956	-0.0006829
387.423259	-0.0002769
387.446563	0.0000168
387.469868	0.0012897
387.493173	-0.0001747
387.516480	0.0005309
387.539787	0.0001636
387.563094	0.0005228
387.586403	0.0003232
387.609712	-0.0002416
387.633021	0.0004791
387.656332	-0.0002150
387.679643	0.0012142
387.702955	-0.0001868
387.726267	0.0001680
387.749581	0.0008115
387.772895	0.0005901
387.796209	-0.0006143
387.819525	-0.0003036
387.842841	0.0002099
387.866158	-0.0004099
387.889475	0.0014512
387.912793	0.0007316
387.936112	-0.0002404
387.959432	-0.0007447
387.982752	0.0001597
388.006073	0.0005699
388.029395	0.0003076
388.052717	-0.0002178
388.076040	0.0009281
388.099364	0.0000256
388.122688	-0.0006026
388.146014	0.0004597
388.169340	0.0001102
388.192666	-0.0003643
388.215994	-0.0002799
388.239322	-0.0002790
388.262650	-0.0005500
388.285980	-0.0008604
388.309310	0.0003417
388.332641	0.0004615
388.355972	0.0008079
388.379304	-0.0011226
388.402637	-0.0002973
388.425971	0.0011710
388.449305	0.0009802
388.472640	0.0009049
388.495976	0.0001864
388.519313	0.0002351
388.542650	0.0001952
388.565987	0.0005597
388.589326	-0.0002770
388.612665	-0.0008263
388.636005	-0.0001725
388.659346	-0.0002529
388.682687	0.0004351
388.706029	0.0013917
388.729372	0.0002276
388.752716	-0.0009557
388.776060	0.0002174
388.799405	-0.0007895
388.822750	0.0006452
388.846096	0.0002999
388.869443	-0.0003240
388.892791	-0.0004163
388.916140	-0.0010317
388.939489	0.0004320
388.962838	0.0007972
388.986189	-0.0002735
389.009540	-0.0013644
389.032892	-0.0001065
389.056245	0.0002372
389.079598	-0.0000410
389.102952	0.0005658
389.126307	-0.0012145
389.149662	-0.0003977
389.173018	-0.0002434
389.196375	0.0012088
389.219732	-0.0003661
389.243091	0.0002228
389.266450	-0.0005935
389.289809	-0.0006560
389.313170	-0.0001715
389.336531	0.0005641
389.359892	-0.0002712
389.383255	-0.0006671
389.406618	0.0008982
389.429982	-0.0005011
389.453346	0.0004988
389.476711	-0.0010062
389.500077	0.0008469
389.523444	0.0001765
389.546811	-0.0004715
389.570179	-0.0009960
389.593548	0.0006080
389.616918	0.0003900
389.640288	-0.0002871
389.663659	-0.0005325
389.687030	0.0011394
389.710403	-0.0001026
389.733775	-0.0003314
389.757149	-0.0001701
389.780524	0.0008530
389.803899	-0.0003750
389.827274	0.0001499
389.850651	-0.0003906
389.874028	0.0006021
389.897406	0.0003726
389.920785	-0.0013330
389.944164	0.0004026
389.967544	0.0006587
389.990925	0.0007271
390.014306	0.0006370
390.037688	0.0011444
390.061071	-0.0003367
390.084454	-0.0002246
390.107839	-0.0001071
390.131223	-0.0001322
390.154609	0.0005567
390.177995	-0.0006593
390.201382	-0.0003604
390.224770	0.0011756
390.248159	0.0000119
390.271548	-0.0003434
390.294937	-0.0004830
390.318328	-0.0003740
390.341719	-0.0001427
390.365111	0.0002202
390.388504	0.0000449
390.411897	-0.0008184
390.435291	0.0000422
390.458686	0.0006102
390.482081	0.0004422
390.505478	-0.0004894
390.528874	-0.0006406
390.552272	-0.0007217
390.575670	-0.0002364
390.599069	0.0006886
390.622469	-0.0002574
390.645869	0.0005764
390.669270	0.0004041
390.692672	0.0004322
390.716074	-0.0002085
390.739478	-0.0002592
390.762882	0.0005772
390.786286	-0.0001302
390.809691	0.0001392
390.833097	-0.0001668
390.856504	-0.0009610
390.879911	-0.0008567
390.903320	-0.0002514
390.926728	0.0008328
390.950138	0.0008736
390.973548	-0.0004406
390.996959	0.0000796
391.020370	0.0003871
391.043783	-0.0003865
391.067196	-0.0002199
391.090609	0.0002340
391.114024	-0.0002789
391.137439	0.0001554
391.160855	0.0000251
391.184271	-0.0000249
391.207689	-0.0007889
391.231106	-0.0003454
391.254525	-0.0002389
391.277944	-0.0010121
391.301364	-0.0014158
391.324785	0.0001475
391.348207	-0.0004376
391.371629	-0.0002506
391.395052	0.0005700
391.418475	-0.0001693
391.441899	-0.0003623
391.465324	0.0007921
391.488750	-0.0004502
391.512176	-0.0009073
391.535603	0.0000751
391.559031	-0.0004143
391.582460	0.0000109
391.605889	0.0000107
391.629319	-0.0008461
391.652749	0.0001907
391.676180	0.0003617
391.699612	0.0009642
391.723045	-0.0012045
391.746478	-0.0001618
391.769913	-0.0000168
391.793347	-0.0005283
391.816783	-0.0002809
391.840219	-0.0000727
391.863656	-0.0005471
391.887093	-0.0005007
391.910532	0.0010185
391.933971	-0.0004282
391.957410	-0.0002853
391.980851	0.0000583
392.004292	-0.0007429
392.027734	0.0005503
392.051176	-0.0005542
392.074619	-0.0002785
392.098063	-0.0000821
392.121508	-0.0007728
392.144953	-0.0003844
392.168399	0.0007014
392.191846	0.0005072
392.215294	-0.0003787
392.238742	-0.0005249
392.262190	-0.0012949
392.285640	0.0000602
392.309090	0.0000577
392.332541	0.0013777
392.355993	0.0003678
392.379445	0.0003095
392.402898	-0.0005464
392.426352	0.0003216
392.449806	-0.0007970
392.473262	-0.0010863
392.496717	0.0002478
392.520174	-0.0002155
392.543631	0.0001794
392.567089	0.0002796
392.590548	-0.0012256
392.614007	-0.0003451
392.637467	-0.0002887
392.660928	-0.0005581
392.684389	-0.0005232
392.707852	0.0013759
392.731315	-0.0007269
392.754778	-0.0002803
392.778242	-0.0001635
392.801707	0.0002728
392.825173	-0.0001950
392.848639	-0.0002045
392.872107	-0.0009280
392.895574	0.0002394
392.919043	-0.0003109
392.942512	0.0004423
392.965982	0.0003465
392.989453	-0.0002570
393.012924	-0.0004936
393.036396	0.0002074
393.059869	0.0004468
393.083342	-0.0002048
393.106816	-0.0001783
393.130291	-0.0002825
393.153766	0.0001357
393.177243	-0.0002402
393.200720	-0.0010510
393.224197	-0.0000095
393.247676	0.0004331
393.271155	-0.0001582
393.294634	-0.0005803
393.318115	0.0005370
393.341596	-0.0003530
393.365078	0.0005094
393.388560	0.0003263
393.412043	-0.0006853
393.435527	-0.0002859
393.459012	-0.0015631
393.482497	0.0012414
393.505983	-0.0003884
393.529470	0.0004307
393.552958	-0.0008480
393.576446	0.0002757
393.599935	0.0001052
393.623424	-0.0001784
393.646915	-0.0000948
393.670406	-0.0003726
393.693897	0.0000537
393.717390	-0.0007443
393.740883	0.0000350
393.764376	-0.0001064
393.787871	0.0007616
393.811366	-0.0005440
393.834862	0.0000027
393.858359	0.0004886
393.881856	-0.0008437
393.905354	-0.0000347
393.928853	-0.0009784
393.952352	0.0011167
393.975852	0.0000262
393.999353	-0.0006347
394.022854	0.0007406
394.046357	-0.0004320
394.069860	-0.0011454
394.093363	0.0001559
394.116867	-0.0003596
394.140372	0.0004919
394.163878	-0.0004662
394.187385	0.0001838
394.210892	0.0002033
394.234400	-0.0001902
394.257908	-0.0004915
394.281417	-0.0005514
394.304927	-0.0010247
394.328438	-0.0001481
394.351949	0.0000356
394.375461	-0.0002098
394.398974	-0.0005812
394.422487	0.0002834
394.446002	0.0006628
394.469517	-0.0001562
394.493032	-0.0011747
394.516548	-0.0000236
394.540065	0.0006640
394.563583	0.0003571
394.587101	0.0002682
394.610620	0.0004298
394.634140	-0.0004273
394.657661	0.0002913
394.681182	-0.0002723
394.704704	-0.0002941
394.728226	0.0008232
394.751750	0.0002559
394.775274	0.0003416
394.798798	0.0005418
394.822324	0.0001094
394.845850	0.0001232
394.869376	-0.0000604
394.892904	-0.0005435
394.916432	0.0006306
394.939961	0.0008592
394.963491	0.0003002
394.987021	-0.0009381
395.010552	0.0005010
395.034084	-0.0007663
395.057616	-0.0003117
395.081149	0.0004593
395.104683	-0.0002860
395.128218	0.0006949
395.151753	0.0004484
395.175289	-0.0005447
395.198825	0.0000562
395.222363	0.0006600
395.245901	0.0006895
395.269439	-0.0002784
395.292979	0.0004584
395.316519	0.0008927
395.340060	-0.0000280
395.363601	-0.0006664
395.387144	0.0001240
395.410687	-0.0007370
395.434230	0.0001317
395.457775	-0.0003998
395.481320	-0.0009659
395.504865	-0.0003778
395.528412	-0.0008620
395.551959	-0.0002150
395.575507	-0.0005536
395.599055	0.0000472
395.622605	-0.0000413
395.646155	0.0009363
395.669705	0.0009588
395.693257	-0.0006597
395.716809	-0.0005528
395.740362	0.0010981
395.763915	0.0007077
395.787469	-0.0004885
395.811024	0.0004954
395.834580	-0.0007690
395.858136	-0.0003270
395.881693	-0.0003587
395.905251	-0.0000816
395.928809	0.0010832
395.952368	-0.0007379
395.975928	0.0013542
395.999489	-0.0010933
396.023050	0.0002171
396.046612	0.0005756
396.070174	-0.0001858
396.093738	0.0005474
396.117302	0.0010109
396.140866	0.0000746
396.164432	0.0011674
396.187998	0.0000283
396.211565	-0.0004404
396.235132	-0.0019263
396.258701	0.0014633
396.282270	-0.0004224
396.305839	-0.0000260
396.329410	-0.0003265
396.352981	0.0005847
396.376552	0.0001519
396.400125	-0.0000047
396.423698	0.0003712
396.447272	-0.0005551
396.470846	0.0006589
396.494422	-0.0002642
396.517998	0.0008302
396.541574	0.0004275
396.565152	0.0009205
396.588730	-0.0003197
396.612308	0.0003300
396.635888	0.0003785
396.659468	-0.0005268
396.683049	0.0006349
396.706631	0.0000919
396.730213	-0.0008712
396.753796	-0.0001159
396.777380	-0.0009651
396.800964	-0.0012010
396.824549	0.0006389
396.848135	-0.0003676
396.871721	0.0000871
396.895308	0.0008559
396.918896	-0.0004588
396.942485	0.0000063
396.966074	-0.0000656
396.989664	0.0006707
397.013255	0.0000263
397.036846	0.0015544
397.060439	0.0011268
397.084031	0.0019869
397.107625	0.0015334
397.131219	0.0020707
397.154814	0.0038747
397.178410	0.0023978
397.202006	0.0022977
397.225603	0.0023710
397.249201	0.0014999
397.272799	0.0017676
397.296398	0.0016466
397.319998	0.0018070
397.343599	0.0006674
397.367200	0.0008833
397.390802	0.0009399
397.414405	0.0005262
397.438008	0.0005722
397.461612	0.0005854
397.485217	0.0001544
397.508822	0.0019387
397.532428	-0.0003752
397.556035	0.0001644
397.579643	-0.0000015
397.603251	0.0004909
397.626860	-0.0011955
397.650470	0.0001621
397.674080	0.0008782
397.697691	0.0002073
397.721303	-0.0004245
397.744916	0.0006966
397.768529	-0.0008875
397.792143	-0.0001100
397.815757	0.0011965
397.839372	-0.0002416
397.862988	-0.0001265
397.886605	0.0001244
397.910223	0.0008228
397.933841	-0.0011335
397.957459	-0.0002304
397.981079	-0.0001165
398.004699	0.0010491
398.028320	0.0003543
398.051942	0.0001009
398.075564	0.0003666
398.099187	-0.0007597
398.122811	-0.0006716
398.146435	0.0007028
398.170060	0.0007347
398.193686	0.0001276
398.217313	-0.0000248
398.240940	-0.0001722
398.264568	0.0006659
398.288197	0.0000564
398.311826	0.0005300
398.335456	-0.0002883
398.359087	-0.0006709
398.382718	0.0007627
398.406350	0.0009284
398.429983	0.0001869
398.453617	0.0002203
398.477251	-0.0013991
398.500886	0.0006752
398.524522	-0.0000699
398.548158	0.0004945
398.571795	0.0006426
398.595433	0.0012397
398.619071	0.0000390
398.642710	-0.0013083
398.666350	-0.0002008
398.689991	-0.0000839
398.713632	-0.0001922
398.737274	0.0006013
398.760917	0.0003836
398.784560	-0.0001542
398.808204	0.0010858
398.831849	0.0003639
398.855495	0.0000425
398.879141	0.0002154
398.902788	0.0005890
398.926435	0.0001394
398.950084	-0.0001486
398.973733	-0.0004048
398.997382	0.0001695
399.021033	0.0003483
399.044684	-0.0008513
399.068336	0.0003104
399.091988	-0.0005026
399.115642	0.0003800
399.139296	0.0003069
399.162950	-0.0000117
399.186605	0.0001933
399.210262	-0.0000619
399.233918	-0.0002313
399.257576	-0.0001344
399.281234	-0.0004162
399.304893	0.0015193
399.328552	0.0004828
399.352212	-0.0000264
399.375873	-0.0002172
399.399535	0.0007957
399.423197	-0.0008163
399.446860	0.0007603
399.470524	0.0001719
399.494189	-0.0003320
399.517854	0.0007763
399.541520	-0.0000959
399.565186	0.0004604
399.588854	-0.0003923
399.612522	0.0006433
399.636190	0.0000342
399.659860	0.0001393
399.683530	0.0000256
399.707201	-0.0008244
399.730872	-0.0008089
399.754544	0.0000162
399.778217	0.0007829
399.801891	-0.0011361
399.825565	-0.0011839
399.849240	-0.0006109
399.872916	0.0004736
399.896592	-0.0005420
399.920269	0.0006045
399.943947	-0.0008376
399.967626	-0.0001092
399.991305	0.0005703
400.014985	-0.0001261
400.038665	0.0004354
400.062347	-0.0007798
400.086029	-0.0010360
400.109711	0.0018711
400.133395	-0.0007823
400.157079	0.0009223
400.180764	0.0006627
400.204449	-0.0005718
400.228136	-0.0001494
400.251822	0.0010176
400.275510	-0.0002925
400.299198	0.0005914
400.322887	-0.0012688
400.346577	-0.0004498
400.370268	0.0006238
400.393959	0.0010560
400.417651	-0.0006589
400.441343	0.0000125
400.465037	-0.0002611
400.488731	0.0007003
400.512425	0.0006794
400.536121	0.0015156
400.559817	-0.0005295
400.583513	-0.0004213
400.607211	0.0004482
400.630909	0.0003109
400.654608	-0.0002801
400.678308	-0.0006582
400.702008	-0.0000119
400.725709	-0.0003123
400.749410	-0.0007568
400.773113	0.0008024
400.796816	-0.0006725
400.820520	-0.0012775
400.844224	0.0002171
400.867929	-0.0008519
400.891635	-0.0006951
400.915342	-0.0001328
400.939049	0.0001127
400.962757	0.0000592
400.986466	-0.0005850
401.010175	-0.0006804
401.033886	0.0011448
401.057596	-0.0003921
401.081308	-0.0002037
401.105020	-0.0002612
401.128733	-0.0008584
401.152447	0.0008837
401.176161	0.0007593
401.199876	0.0003090
401.223592	0.0000021
401.247308	0.0013142
401.271025	-0.0002272
401.294743	0.0008496
401.318462	0.0001157
401.342181	-0.0001521
401.365901	0.0011001
401.389622	0.0005077
401.413343	0.0003603
401.437065	-0.0007164
401.460788	0.0001351
401.484511	-0.0001496
401.508236	0.0000680
401.531960	0.0006750
401.555686	0.0007693
401.579412	-0.0004842
401.603139	0.0000278
401.626867	0.0001540
401.650595	-0.0002000
401.674324	-0.0005448
401.698054	0.0002404
401.721785	0.0006282
401.745516	0.0000264
401.769248	0.0004418
401.792980	-0.0005681
401.816714	0.0011607
401.840448	-0.0004259
401.864182	0.0002516
401.887918	0.0001258
401.911654	0.0001761
401.935391	-0.0006948
401.959128	0.0000900
401.982866	0.0000663
402.006605	-0.0000273
402.030345	-0.0003002
402.054085	0.0000828
402.077826	-0.0001664
402.101568	0.0000822
402.125310	0.0009358
402.149054	-0.0003159
402.172797	0.0003754
402.196542	-0.0010675
402.220287	-0.0003262
402.244033	-0.0007283
402.267780	-0.0002330
402.291527	-0.0000671
402.315275	-0.0004273
402.339024	-0.0000733
402.362773	-0.0004893
402.386524	-0.0008682
402.410274	0.0007965
402.434026	-0.0006940
402.457778	0.0002026
402.481531	0.0001175
402.505285	-0.0003107
402.529039	-0.0001546
402.552794	0.0003961
402.576550	-0.0001124
402.600307	-0.0006280
402.624064	-0.0008396
402.647822	-0.0008097
402.671580	-0.0006746
402.695339	0.0003980
402.719099	-0.0001531
402.742860	-0.0001248
402.766622	0.0008905
402.790384	0.0003402
402.814146	0.0006412
402.837910	-0.0001249
402.861674	-0.0007461
402.885439	-0.0000664
402.909205	0.0006812
402.932971	-0.0003306
402.956738	0.0004071
402.980506	0.0001551
403.004274	-0.0008692
403.028043	0.0001985
403.051813	-0.0009751
403.075584	-0.0003122
403.099355	-0.0005736
403.123127	-0.0000456
403.146899	-0.0007016
403.170673	0.0005801
403.194447	0.0002847
403.218222	-0.0001482
403.241997	0.0002200
403.265773	-0.0002329
403.289550	0.0015614
403.313328	-0.0010459
403.337106	0.0000818
403.360885	-0.0007001
403.384664	0.0013213
403.408445	-0.0000300
403.432226	0.0003656
403.456008	-0.0002194
403.479790	0.0012150
403.503573	0.0002642
403.527357	-0.0008204
403.551142	-0.0008298
403.574927	-0.0004682
403.598713	-0.0003981
403.622500	-0.0000511
403.646287	0.0002540
403.670075	0.0003762
403.693864	-0.0006346
403.717653	0.0003847
403.741444	-0.0005510
403.765234	-0.0006744
403.789026	-0.0003229
403.812818	-0.0000257
403.836611	-0.0000140
403.860405	-0.0004859
403.884200	0.0013942
403.907995	0.0000027
403.931790	-0.0000050
403.955587	0.0001407
403.979384	0.0001264
404.003182	0.0003729
404.026981	0.0000652
404.050780	-0.0000869
404.074580	-0.0006108
404.098381	-0.0002906
404.122182	-0.0014079
404.145984	0.0004435
404.169787	-0.0000502
404.193591	-0.0000933
404.217395	0.0003381
404.241200	0.0003384
404.265006	-0.0017448
404.288812	-0.0011277
404.312619	-0.0008433
404.336427	0.0000858
404.360235	-0.0005032
404.384044	0.0003958
404.407854	-0.0002062
404.431665	0.0008722
404.455476	-0.0004636
404.479288	-0.0007288
404.503101	-0.0004664
404.526914	-0.0011704
404.550728	0.0008328
404.574543	-0.0004118
404.598358	0.0001166
404.622175	0.0002550
404.645991	0.0017285
404.669809	0.0003190
404.693627	0.0006550
404.717446	-0.0003695
404.741266	-0.0001614
404.765086	0.0000937
404.788908	0.0002666
404.812729	0.0000434
404.836552	-0.0005905
404.860375	0.0002347
404.884199	-0.0012160
404.908024	0.0007586
404.931849	-0.0009105
404.955675	-0.0005746
404.979502	-0.0003587
405.003329	-0.0003217
405.027157	-0.0001233
405.050986	0.0002711
405.074816	0.0001394
405.098646	0.0016651
405.122477	0.0008952
405.146308	0.0004105
405.170141	-0.0009892
405.193974	-0.0003609
405.217807	0.0000509
405.241642	0.0001445
405.265477	0.0005675
405.289313	0.0000174
405.313149	-0.0007562
405.336987	0.0009864
405.360825	-0.0000556
405.384663	-0.0012131
405.408503	-0.0005868
405.432343	-0.0001876
405.456183	-0.0010380
405.480025	-0.0010866
405.503867	-0.0000760
405.527710	0.0001702
405.551554	-0.0001978
405.575398	-0.0004241
405.599243	-0.0000016
405.623089	-0.0006962
405.646935	0.0003186
405.670782	-0.0004824
405.694630	-0.0002935
405.718478	-0.0002947
405.742327	0.0003604
405.766177	0.0001016
405.790028	0.0007103
405.813879	0.0006142
405.837731	0.0001981
405.861584	-0.0010684
405.885437	0.0001716
405.909292	-0.0002357
405.933146	-0.0008626
405.957002	-0.0003995
405.980858	0.0000008
406.004715	0.0015925
406.028573	-0.0010052
406.052431	0.0003466
406.076290	-0.0007169
406.100150	0.0006504
406.124010	0.0001983
406.147871	-0.0002629
406.171733	-0.0003862
406.195596	-0.0000251
406.219459	-0.0000599
406.243323	0.0002805
406.267187	0.0004483
406.291053	-0.0003249
406.314919	-0.0006844
406.338786	-0.0001011
406.362653	0.0005284
406.386521	0.0005516
406.410390	-0.0004042
406.434260	0.0002777
406.458130	0.0002638
406.482001	0.0004305
406.505873	-0.0003495
406.529745	-0.0004662
406.553618	-0.0005363
406.577492	0.0000644
406.601366	0.0005120
406.625242	0.0006354
406.649117	-0.0006718
406.672994	-0.0005053
406.696871	-0.0000663
406.720749	-0.0004521
406.744628	-0.0014739
406.768507	0.0004234
406.792387	-0.0005921
406.816268	0.0001743
406.840150	0.0003557
406.864032	0.0003780
406.887915	0.0005755
406.911799	-0.0001074
406.935683	-0.0009854
406.959568	0.0002953
406.983454	-0.0004784
407.007340	0.0003379
407.031227	-0.0003502
407.055115	-0.0003661
407.079003	-0.0010033
407.102893	0.0009658
407.126783	0.0000991
407.150673	-0.0005184
407.174565	-0.0008775
407.198457	0.0006620
407.222349	0.0003015
407.246243	-0.0001039
407.270137	-0.0008111
407.294032	-0.0005944
407.317927	0.0007754
407.341824	-0.0009390
407.365721	0.0000678
407.389618	0.0002864
407.413517	0.0014970
407.437416	0.0002964
407.461316	0.0002987
407.485216	0.0006502
407.509117	0.0004620
407.533019	0.0005122
407.556922	0.0018758
407.580825	0.0022047
407.604729	0.0040809
407.628634	0.0043316
407.652539	0.0047726
407.676445	0.0064782
407.700352	0.0078750
407.724259	0.0091420
407.748168	0.0069906
407.772076	0.0084886
407.795986	0.0071426
407.819896	0.0062436
407.843807	0.0059881
407.867719	0.0068912
407.891631	0.0046306
407.915545	0.0046853
407.939458	0.0025289
407.963373	0.0034902
407.987288	0.0025478
408.011204	0.0016343
408.035121	0.0008943
408.059038	0.0019591
408.082956	0.0014178
408.106875	0.0000298
408.130794	0.0003149
408.154714	0.0002628
408.178635	-0.0005756
408.202557	0.0000623
408.226479	-0.0002435
408.250402	0.0001253
408.274326	-0.0010649
408.298250	-0.0000286
408.322175	-0.0004245
408.346101	0.0002544
408.370027	0.0001811
408.393954	-0.0005784
408.417882	0.0006276
408.441811	-0.0007499
408.465740	0.0006997
408.489670	-0.0000583
408.513601	-0.0000287
408.537532	0.0005268
408.561464	0.0003505
408.585397	-0.0003031
408.609330	0.0004552
408.633265	0.0002157
408.657199	-0.0002368
408.681135	-0.0001165
408.705071	0.0007632
408.729008	0.0002089
408.752946	0.0010710
408.776884	-0.0003143
408.800824	0.0009276
408.824763	0.0003319
408.848704	0.0000465
408.872645	-0.0003044
408.896587	-0.0004893
408.920530	-0.0004303
408.944473	-0.0007146
408.968417	0.0011450
408.992362	0.0009494
409.016307	-0.0001303
409.040253	0.0007732
409.064200	-0.0001592
409.088148	-0.0003654
409.112096	-0.0001963
409.136045	0.0004918
409.159994	0.0009608
409.183945	0.0004258
409.207896	0.0009479
409.231848	0.0025922
409.255800	0.0029871
409.279753	0.0025308
409.303707	0.0050869
409.327662	0.0060292
409.351617	0.0082259
409.375573	0.0099579
409.399529	0.0100188
409.423487	0.0097869
409.447445	0.0109027
409.471404	0.0121841
409.495363	0.0108021
409.519323	0.0098877
409.543284	0.0074777
409.567246	0.0089157
409.591208	0.0084386
409.615171	0.0055710
409.639135	0.0037332
409.663099	0.0032787
409.687064	0.0048426
409.711030	0.0024035
409.734996	0.0028566
409.758964	0.0015772
409.782932	0.0019691
409.806900	0.0012596
409.830869	0.0003771
409.854839	0.0003766
409.878810	-0.0003089
409.902782	-0.0003774
409.926754	-0.0009783
409.950727	0.0004039
409.974700	-0.0005209
409.998674	0.0007881
410.022649	-0.0009382
410.046625	0.0004594
410.070601	0.0001027
410.094578	-0.0005473
410.118556	-0.0000716
410.142534	-0.0007650
410.166514	-0.0006541
410.190493	0.0007789
410.214474	0.0009032
410.238455	0.0000886
410.262437	-0.0005104
410.286420	-0.0000178
410.310403	0.0003090
410.334387	-0.0005468
410.358372	-0.0005361
410.382357	-0.0004216
410.406344	-0.0008859
410.430330	0.0000887
410.454318	0.0012481
410.478306	-0.0003292
410.502295	0.0007696
410.526285	-0.0003881
410.550275	-0.0010263
410.574266	0.0010797
410.598258	-0.0000523
410.622251	-0.0005115
410.646244	0.0005569
410.670238	0.0007198
410.694232	0.0003877
410.718228	-0.0000355
410.742224	-0.0001103
410.766220	-0.0001221
410.790218	-0.0001484
410.814216	0.0000616
410.838215	0.0006646
410.862214	0.0003051
410.886214	-0.0001108
410.910215	-0.0002623
410.934217	-0.0000406
410.958219	0.0001976
410.982222	0.0006861
411.006226	-0.0006050
411.030230	-0.0000488
411.054236	-0.0003454
411.078241	0.0020572
411.102248	0.0001870
411.126255	-0.0003335
411.150263	0.0015257
411.174272	0.0001025
411.198281	0.0001108
411.222291	-0.0001613
411.246302	0.0006950
411.270313	-0.0004285
411.294325	-0.0006151
411.318338	-0.0010625
411.342352	0.0000306
411.366366	-0.0002162
411.390381	0.0000351
411.414397	0.0009915
411.438413	0.0000347
411.462430	-0.0008139
411.486448	-0.0004118
411.510466	-0.0002611
411.534486	0.0008763
411.558505	-0.0001562
411.582526	0.0007736
411.606547	-0.0010219
411.630569	0.0008871
411.654592	0.0000986
411.678615	-0.0004473
411.702639	0.0006845
411.726664	0.0004535
411.750690	-0.0002733
411.774716	0.0007704
411.798743	-0.0011140
411.822770	-0.0005961
411.846799	0.0001211
411.870828	0.0000634
411.894858	0.0000998
411.918888	0.0004063
411.942919	-0.0004048
411.966951	0.0003055
411.990983	-0.0002060
412.015017	-0.0005639
412.039051	-0.0007456
412.063085	0.0002225
412.087121	0.0003146
412.111157	0.0000777
412.135193	-0.0001194
412.159231	0.0004645
412.183269	-0.0007476
412.207308	0.0002589
412.231347	-0.0006091
412.255387	0.0011583
412.279428	-0.0000162
412.303470	0.0003967
412.327512	-0.0005619
412.351556	0.0000990
412.375599	-0.0004684
412.399644	-0.0009077
412.423689	0.0002659
412.447735	-0.0000166
412.471781	0.0003908
412.495829	0.0002980
412.519877	-0.0009877
412.543925	-0.0000234
412.567975	0.0017553
412.592025	0.0001951
412.616076	0.0001555
412.640127	0.0007548
412.664179	-0.0001342
412.688232	-0.0001830
412.712286	-0.0000979
412.736340	0.0007662
412.760395	-0.0001026
412.784451	0.0000395
412.808507	0.0002830
412.832564	-0.0005434
412.856622	0.0020766
412.880681	0.0005586
412.904740	-0.0015837
412.928800	-0.0007840
412.952860	-0.0006653
412.976922	0.0016051
413.000984	0.0008649
413.025046	0.0001778
413.049110	0.0002832
413.073174	0.0003300
413.097239	-0.0000011
413.121304	-0.0006262
413.145370	-0.0001372
413.169437	-0.0006375
413.193505	0.0010693
413.217573	0.0000502
413.241642	0.0010334
413.265712	-0.0000420
413.289783	-0.0004848
413.313854	-0.0010866
413.337926	0.0001669
413.361998	-0.0003166
413.386072	0.0001754
413.410145	0.0011525
413.434220	-0.0007185
413.458296	-0.0005760
413.482372	-0.0003387
413.506448	0.0002206
413.530526	0.0010481
413.554604	-0.0010933
413.578683	-0.0003066
413.602762	-0.0001901
413.626843	-0.0006106
413.650924	0.0011115
413.675005	-0.0003226
413.699088	-0.0003781
413.723171	0.0007660
413.747255	0.0004181
413.771339	-0.0001496
413.795424	-0.0002531
413.819510	0.0009660
413.843597	0.0015208
413.867684	-0.0000255
413.891772	0.0006787
413.915861	0.0005085
413.939950	-0.0009449
413.964040	-0.0013902
413.988131	-0.0004382
414.012223	-0.0007777
414.036315	-0.0006841
414.060408	0.0003844
414.084502	-0.0007937
414.108596	-0.0012650
414.132691	-0.0005803
414.156787	-0.0003921
414.180883	0.0006939
414.204980	-0.0001697
414.229078	0.0003645
414.253177	-0.0000217
414.277276	0.0011868
414.301376	-0.0005177
414.325477	0.0000054
414.349578	-0.0002639
414.373680	-0.0005397
414.397783	-0.0011622
414.421886	0.0004968
414.445990	-0.0002708
414.470095	0.0002168
414.494201	0.0000352
414.518307	0.0007662
414.542414	0.0004891
414.566522	-0.0004177
414.590630	-0.0010985
414.614739	-0.0015276
414.638849	-0.0014203
414.662960	-0.0015745
414.687071	-0.0004690
414.711183	0.0005932
414.735295	-0.0003925
414.759408	0.0002457
414.783522	-0.0006500
414.807637	-0.0006636
414.831753	0.0002096
414.855869	-0.0002221
414.879986	0.0003000
414.904103	0.0002026
414.928221	0.0004968
414.952340	0.0007327
414.976460	0.0010760
415.000580	-0.0000156
415.024701	-0.0002519
415.048823	-0.0003735
415.072945	0.0007578
415.097068	0.0004595
415.121192	0.0018637
415.145317	-0.0000009
415.169442	-0.0000812
415.193568	0.0008941
415.217695	-0.0005364
415.241822	-0.0001770
415.265950	0.0002222
415.290079	0.0002084
415.314208	-0.0002546
415.338338	-0.0007576
415.362469	0.0006796
415.386601	-0.0000173
415.410733	0.0000349
415.434866	0.0008738
415.459000	-0.0003238
415.483134	-0.0000564
415.507269	-0.0001644
415.531405	-0.0008383
415.555541	-0.0007627
415.579679	0.0001282
415.603816	0.0002203
415.627955	0.0008016
415.652094	-0.0000021
415.676234	-0.0006121
415.700375	0.0006843
415.724516	-0.0007954
415.748658	0.0005513
415.772801	0.0006814
415.796945	-0.0003099
415.821089	0.0002040
415.845234	-0.0004808
415.869379	-0.0001976
415.893526	0.0007534
415.917673	0.0009105
415.941821	0.0000589
415.965969	0.0005438
415.990118	0.0001581
416.014268	0.0004182
416.038418	-0.0005597
416.062570	-0.0000180
416.086722	-0.0002909
416.110874	-0.0005549
416.135028	-0.0005949
416.159182	-0.0004029
416.183336	-0.0002916
416.207492	0.0001939
416.231648	0.0006145
416.255805	0.0002300
416.279962	0.0008888
416.304121	-0.0002895
416.328280	0.0005090
416.352439	-0.0006060
416.376600	-0.0000689
416.400761	0.0007828
416.424922	0.0000186
416.449085	-0.0009362
416.473248	-0.0007171
416.497412	0.0001716
416.521576	-0.0002963
416.545742	-0.0000995
416.569908	-0.0003961
416.594074	0.0009374
416.618242	0.0000707
416.642410	0.0003389
416.666579	-0.0010602
416.690748	-0.0004419
416.714918	0.0001420
416.739089	0.0001032
416.763261	-0.0001093
416.787433	0.0003194
416.811606	0.0003378
416.835780	0.0000132
416.859954	0.0006642
416.884129	0.0003826
416.908305	0.0002733
416.932482	0.0014724
416.956659	-0.0000206
416.980837	0.0006763
417.005015	0.0013791
417.029195	-0.0002811
417.053375	0.0008370
417.077556	-0.0005321
417.101737	0.0000468
417.125919	-0.0007755
417.150102	-0.0001566
417.174285	-0.0007327
417.198470	-0.0002213
417.222655	0.0007273
417.246840	-0.0006497
417.271027	-0.0004008
417.295214	-0.0002394
417.319401	-0.0000340
417.343590	0.0002756
417.367779	-0.0013338
417.391969	-0.0007455
417.416159	-0.0003352
417.440351	-0.0006142
417.464543	0.0008312
417.488735	-0.0001535
417.512929	-0.0002035
417.537123	-0.0004888
417.561318	-0.0005190
417.585513	0.0007423
417.609709	0.0008952
417.633906	-0.0008960
417.658104	0.0000043
417.682302	0.0009672
417.706501	-0.0001755
417.730701	-0.0002692
417.754901	0.0005046
417.779102	-0.0005683
417.803304	-0.0000780
417.827506	0.0002106
417.851710	-0.0001019
417.875914	0.0001824
417.900118	-0.0013124
417.924324	-0.0001840
417.948530	-0.0000056
417.972736	-0.0003677
417.996944	0.0008581
418.021152	-0.0010337
418.045361	0.0007206
418.069570	0.0002383
418.093780	-0.0003331
418.117991	0.0003601
418.142203	-0.0000128
418.166415	0.0010260
418.190628	-0.0006620
418.214842	-0.0000435
418.239057	-0.0004482
418.263272	0.0008413
418.287487	0.0003608
418.311704	0.0000050
418.335921	0.0010911
418.360139	-0.0000001
418.384358	0.0002704
418.408577	-0.0000390
418.432797	-0.0000375
418.457018	-0.0000182
418.481240	0.0009716
418.505462	0.0005089
418.529685	0.0004891
418.553908	0.0001041
418.578132	-0.0000951
418.602357	0.0010743
418.626583	-0.0000805
418.650810	-0.0009496
418.675037	-0.0004492
418.699264	-0.0009310
418.723493	-0.0006529
418.747722	0.0002255
418.771952	-0.0004511
418.796183	0.0001414
418.820414	0.0004462
418.844646	-0.0004821
418.868879	-0.0006188
418.893112	0.0002613
418.917346	0.0001706
418.941581	0.0014371
418.965816	0.0000941
418.990053	0.0000660
419.014290	0.0000489
419.038527	-0.0001106
419.062766	-0.0007407
419.087005	0.0004790
419.111244	0.0006403
419.135485	-0.0005948
419.159726	-0.0006647
419.183968	-0.0003116
419.208210	-0.0007117
419.232453	0.0004788
419.256697	-0.0006474
419.280942	0.0015055
419.305187	-0.0009709
419.329433	0.0005272
419.353680	-0.0004251
419.377928	-0.0002210
419.402176	-0.0011111
419.426425	-0.0008180
419.450674	-0.0002786
419.474925	-0.0002864
419.499176	-0.0000439
419.523427	0.0002537
419.547680	0.0005178
419.571933	0.0003233
419.596186	-0.0000486
419.620441	0.0007966
419.644696	-0.0004685
419.668952	0.0003672
419.693209	0.0008391
419.717466	-0.0001185
419.741724	0.0007116
419.765983	-0.0008641
419.790242	-0.0000460
419.814502	-0.0003761
419.838763	-0.0002259
419.863024	-0.0002091
419.887287	-0.0006957
419.911549	-0.0003935
419.935813	0.0005098
419.960077	0.0001477
419.984342	-0.0002172
420.008608	0.0013198
420.032875	-0.0004021
420.057142	-0.0002656
420.081409	-0.0000943
420.105678	0.0007071
420.129947	-0.0006818
420.154217	-0.0002900
420.178488	0.0004591
420.202759	-0.0000267
420.227031	0.0000152
420.251304	0.0004585
420.275577	-0.0009724
420.299852	0.0015332
420.324126	0.0003495
420.348402	0.0009138
420.372678	0.0003182
420.396955	-0.0008340
420.421233	0.0001007
420.445511	-0.0010092
420.469790	-0.0002444
420.494070	0.0003539
420.518350	-0.0007216
420.542632	0.0004022
420.566914	0.0004935
420.591196	0.0008495
420.615479	0.0000497
420.639763	0.0006330
420.664048	-0.0007708
420.688333	0.0008883
420.712620	-0.0002306
420.736906	0.0000579
420.761194	0.0011301
420.785482	0.0000892
420.809771	0.0003472
420.834060	-0.0002917
420.858351	-0.0001118
420.882642	0.0004669
420.906933	0.0002545
420.931226	-0.0004195
420.955519	-0.0004508
420.979813	0.0003478
421.004107	-0.0002939
421.028403	-0.0005202
421.052698	0.0004197
421.076995	-0.0002296
421.101292	-0.0000996
421.125590	-0.0002613
421.149889	0.0003003
421.174189	-0.0002100
421.198489	0.0004423
421.222790	0.0006622
421.247091	0.0000378
421.271393	-0.0008259
421.295696	-0.0001722
421.320000	0.0002819
421.344304	-0.0005874
421.368609	-0.0000006
421.392915	0.0003604
421.417222	0.0001514
421.441529	0.0005876
421.465837	0.0002151
421.490145	-0.0001369
421.514454	-0.0004450
421.538764	-0.0002792
421.563075	-0.0003682
421.587386	-0.0001615
421.611699	0.0006244
421.636011	0.0003363
421.660325	0.0006994
421.684639	-0.0003338
421.708954	0.0004603
421.733269	0.0003140
421.757586	0.0007041
421.781903	0.0001772
421.806220	0.0007488
421.830539	-0.0003819
421.854858	-0.0008283
421.879178	-0.0007222
421.903498	-0.0002462
421.927819	-0.0002452
421.952141	-0.0007766
421.976464	-0.0007387
422.000787	0.0001727
422.025111	0.0003013
422.049436	0.0000073
422.073762	-0.0005358
422.098088	0.0000532
422.122414	0.0001043
422.146742	0.0008164
422.171070	0.0001232
422.195399	-0.0000167
422.219729	-0.0005117
422.244059	-0.0003406
422.268390	0.0008675
422.292722	-0.0001539
422.317054	-0.0000080
422.341388	0.0000275
422.365721	-0.0004455
422.390056	0.0005878
422.414391	0.0001397
422.438727	0.0001792
422.463064	-0.0004520
422.487401	0.0003543
422.511739	0.0012127
422.536078	0.0004113
422.560417	-0.0001889
422.584758	-0.0006582
422.609099	0.0006289
422.633440	-0.0000097
422.657782	-0.0006999
422.682125	0.0001995
422.706469	-0.0001083
422.730813	-0.0002291
422.755159	-0.0008881
422.779504	-0.0001971
422.803851	0.0001961
422.828198	-0.0000634
422.852546	-0.0004715
422.876895	-0.0001536
422.901244	-0.0003305
422.925594	0.0008831
422.949945	-0.0002135
422.974296	0.0006445
422.998648	0.0000892
423.023001	0.0005651
423.047354	0.0008181
423.071709	0.0006228
423.096064	-0.0001134
423.120419	-0.0001017
423.144776	0.0002827
423.169133	-0.0003145
423.193490	-0.0010549
423.217849	-0.0003466
423.242208	-0.0005837
423.266568	0.0008213
423.290928	0.0002753
423.315289	-0.0000865
423.339651	0.0000953
423.364014	0.0003178
423.388377	0.0001975
423.412741	0.0001143
423.437106	0.0011173
423.461472	0.0002021
423.485838	-0.0001618
423.510205	0.0007794
423.534572	-0.0001513
423.558941	0.0003424
423.583310	-0.0001440
423.607679	0.0002382
423.632050	0.0009778
423.656421	-0.0001098
423.680792	0.0017158
423.705165	-0.0008718
423.729538	-0.0000170
423.753912	0.0006021
423.778287	0.0007736
423.802662	-0.0004230
423.827038	0.0009182
423.851415	-0.0005760
423.875792	-0.0002668
423.900170	-0.0001826
423.924549	0.0005222
423.948928	0.0005899
423.973309	0.0008939
423.997690	0.0000006
424.022071	0.0003358
424.046453	0.0005927
424.070836	-0.0005070
424.095220	0.0003307
424.119605	-0.0005169
424.143990	0.0008295
424.168376	-0.0002812
424.192762	0.0010348
424.217149	-0.0006368
424.241537	0.0012231
424.265926	-0.0008813
424.290315	0.0007491
424.314705	0.0005867
424.339096	0.0000955
424.363488	-0.0005767
424.387880	0.0003656
424.412273	0.0005146
424.436666	0.0000934
424.461060	-0.0005335
424.485455	-0.0000009
424.509851	0.0001698
424.534247	0.0005517
424.558644	-0.0002405
424.583042	-0.0003505
424.607441	0.0008909
424.631840	0.0006677
424.656240	0.0007815
424.680640	-0.0000053
424.705042	0.0010351
424.729444	-0.0009930
424.753846	0.0004647
424.778250	-0.0007607
424.802654	0.0008931
424.827058	0.0004397
424.851464	0.0020205
424.875870	0.0026978
424.900277	0.0031920
424.924685	0.0036468
424.949093	0.0062126
424.973502	0.0089820
424.997912	0.0079452
425.022322	0.0097253
425.046733	0.0134941
425.071145	0.0139849
425.095558	0.0145657
425.119971	0.0161958
425.144385	0.0133824
425.168799	0.0138180
425.193215	0.0131410
425.217631	0.0126510
425.242047	0.0116660
425.266465	0.0089217
425.290883	0.0090555
425.315302	0.0065618
425.339721	0.0054980
425.364142	0.0036170
425.388563	0.0036897
425.412984	0.0020739
425.437407	0.0020919
425.461830	0.0006033
425.486253	0.0008524
425.510678	0.0017944
425.535103	-0.0004981
425.559529	0.0003907
425.583956	-0.0006759
425.608383	0.0003369
425.632811	0.0000719
425.657239	-0.0003029
425.681669	0.0000593
425.706099	0.0008482
425.730530	0.0005273
425.754961	-0.0000068
425.779393	-0.0009096
425.803826	-0.0012188
425.828260	-0.0000978
425.852694	0.0003417
425.877129	-0.0005763
425.901565	-0.0000166
425.926001	-0.0002880
425.950438	-0.0005440
425.974876	0.0002963
425.999315	-0.0006235
426.023754	-0.0010720
426.048194	0.0000088
426.072634	-0.0007378
426.097076	0.0005801
426.121518	-0.0007618
426.145960	-0.0008248
426.170404	0.0001750
426.194848	-0.0000106
426.219293	-0.0001532
426.243738	0.0005540
426.268185	-0.0006154
426.292632	0.0005276
426.317079	-0.0000177
426.341528	-0.0003621
426.365977	-0.0003537
426.390426	0.0002764
426.414877	-0.0002030
426.439328	0.0009186
426.463780	-0.0002057
426.488232	-0.0002336
426.512686	-0.0002434
426.537140	0.0005083
426.561594	-0.0001452
426.586050	0.0013032
426.610506	0.0001604
426.634962	-0.0002149
426.659420	0.0005705
426.683878	0.0010116
426.708337	-0.0003973
426.732797	-0.0001973
426.757257	0.0000757
426.781718	0.0001672
426.806180	0.0003286
426.830642	-0.0003089
426.855105	-0.0001001
426.879569	-0.0003370
426.904033	-0.0001834
426.928498	-0.0006254
426.952964	-0.0003259
426.977431	-0.0004092
427.001898	0.0004731
427.026366	-0.0001608
427.050835	0.0004868
427.075304	0.0001584
427.099775	-0.0007450
427.124245	0.0006896
427.148717	0.0008304
427.173189	-0.0007857
427.197662	-0.0004860
427.222136	0.0005159
427.246610	0.0000354
427.271085	-0.0009463
427.295561	-0.0013615
427.320037	-0.0004720
427.344514	0.0005057
427.368992	0.0002882
427.393471	-0.0002534
427.417950	-0.0004333
427.442430	0.0008990
427.466911	0.0002759
427.491392	-0.0001118
427.515874	0.0013687
427.540357	-0.0008877
427.564840	0.0001887
427.589324	-0.0003904
427.613809	0.0007136
427.638295	0.0004231
427.662781	-0.0002370
427.687268	0.0004723
427.711756	0.0008256
427.736244	0.0000367
427.760733	0.0000504
427.785223	-0.0004922
427.809714	0.0006031
427.834205	-0.0003938
427.858697	-0.0004968
427.883189	-0.0010448
427.907682	-0.0004304
427.932176	-0.0009420
427.956671	-0.0005367
427.981167	-0.0002006
428.005663	0.0005430
428.030159	0.0000744
428.054657	0.0001183
428.079155	0.0005554
428.103654	-0.0007500
428.128154	0.0008371
428.152654	0.0004342
428.177155	-0.0004597
428.201657	-0.0012137
428.226159	0.0000931
428.250662	0.0008360
428.275166	0.0004845
428.299671	-0.0000767
428.324176	-0.0003497
428.348682	0.0009869
428.373189	0.0021906
428.397696	0.0023285
428.422204	0.0036315
428.446713	0.0067297
428.471222	0.0094219
428.495732	0.0120877
428.520243	0.0166175
428.544755	0.0223003
428.569267	0.0284244
428.593780	0.0338960
428.618294	0.0405575
428.642808	0.0463742
428.667323	0.0461852
428.691839	0.0481922
428.716355	0.0467601
428.740872	0.0480471
428.765390	0.0446926
428.789909	0.0421405
428.814428	0.0394530
428.838948	0.0333815
428.863469	0.0284452
428.887990	0.0251274
428.912512	0.0211517
428.937035	0.0170288
428.961559	0.0131490
428.986083	0.0098929
429.010608	0.0071030
429.035133	0.0044430
429.059660	0.0032579
429.084187	0.0017979
429.108714	0.0016564
429.133243	0.0000826
429.157772	0.0000292
429.182302	-0.0004645
429.206832	0.0002310
429.231364	0.0003136
429.255896	-0.0000950
429.280428	-0.0004018
429.304961	0.0003567
429.329496	0.0000500
429.354030	-0.0000014
429.378566	0.0003689
429.403102	-0.0000417
429.427639	0.0004698
429.452176	-0.0007354
429.476714	0.0003178
429.501253	0.0005993
429.525793	0.0003866
429.550333	0.0001432
429.574874	0.0002017
429.599416	0.0006117
429.623959	-0.0000099
429.648502	0.0003870
429.673046	0.0001891
429.697590	-0.0003765
429.722136	-0.0007102
429.746682	-0.0000276
429.771228	-0.0004716
429.795776	-0.0006133
429.820324	0.0003100
429.844873	-0.0002458
429.869422	-0.0008034
429.893972	0.0010922
429.918523	0.0002844
429.943075	-0.0001608
429.967627	0.0004958
429.992180	-0.0003451
430.016734	0.0005769
430.041288	0.0003669
430.065843	0.0003805
430.090399	0.0001056
430.114956	-0.0000862
430.139513	0.0003836
430.164071	0.0004085
430.188629	-0.0002711
430.213189	0.0000380
430.237749	-0.0001279
430.262309	0.0005359
430.286871	0.0008009
430.311433	0.0009322
430.335996	0.0019595
430.360559	0.0024246
430.385124	0.0042683
430.409688	0.0063772
430.434254	0.0103444
430.458820	0.0149946
430.483387	0.0238997
430.507955	0.0343213
430.532524	0.0447649
430.557093	0.0578574
430.581663	0.0700062
430.606233	0.0816453
430.630805	0.0967098
430.655377	0.1060058
430.679949	0.1110323
430.704523	0.1112110
430.729097	0.1089369
430.753671	0.1053561
430.778247	0.0983266
430.802823	0.0910433
430.827400	0.0791448
430.851978	0.0685331
430.876556	0.0587091
430.901135	0.0498550
430.925714	0.0396593
430.950295	0.0323008
430.974876	0.0243141
430.999458	0.0166922
431.024040	0.0133368
431.048623	0.0098500
431.073207	0.0069746
431.097792	0.0039164
431.122377	0.0031134
431.146963	0.0016886
431.171550	0.0010688
431.196137	0.0015880
431.220726	0.0007061
431.245314	0.0005140
431.269904	0.0006272
431.294494	-0.0005822
431.319085	0.0002491
431.343677	0.0006901
431.368269	-0.0005283
431.392862	0.0000175
431.417456	0.0002026
431.442050	-0.0009140
431.466645	-0.0003761
431.491241	0.0001894
431.515838	0.0001534
431.540435	0.0007463
431.565033	0.0001382
431.589632	0.0008216
431.614231	0.0002578
431.638831	-0.0004608
431.663432	-0.0007220
431.688033	0.0003833
431.712636	-0.0003452
431.737238	0.0000299
431.761842	-0.0012218
431.786446	0.0007627
431.811051	0.0007815
431.835657	0.0005727
431.860263	0.0000906
431.884870	-0.0002045
431.909478	-0.0000342
431.934087	-0.0006670
431.958696	-0.0004699
431.983306	-0.0002561
432.007916	-0.0005016
432.032528	0.0004968
432.057140	0.0004797
432.081752	-0.0009791
432.106366	-0.0001505
432.130980	-0.0002055
432.155595	-0.0000124
432.180210	-0.0006529
432.204826	-0.0002796
432.229443	-0.0006257
432.254061	-0.0002600
432.278679	0.0005493
432.303298	0.0001364
432.327918	0.0011371
432.352538	0.0016298
432.377160	0.0040504
432.401781	0.0051098
432.426404	0.0099172
432.451027	0.0140896
432.475651	0.0217654
432.500276	0.0306274
432.524901	0.0406921
432.549527	0.0535196
432.574154	0.0677930
432.598781	0.0779343
432.623410	0.0916969
432.648038	0.1012541
432.672668	0.1065325
432.697298	0.1070644
432.721929	0.1056506
432.746561	0.1016752
432.771193	0.0979051
432.795826	0.0874574
432.820460	0.0766537
432.845095	0.0681410
432.869730	0.0599850
432.894366	0.0485274
432.919002	0.0392872
432.943640	0.0303759
432.968277	0.0242295
432.992916	0.0185171
433.017556	0.0134457
433.042196	0.0115466
433.066836	0.0068318
433.091478	0.0048214
433.116120	0.0025038
433.140763	0.0013875
433.165407	0.0010181
433.190051	0.0004443
433.214696	0.0003595
433.239342	0.0005643
433.263988	-0.0003818
433.288635	0.0002603
433.313283	0.0001662
433.337932	-0.0004888
433.362581	0.0001716
433.387231	-0.0001612
433.411881	-0.0001614
433.436533	-0.0010460
433.461185	-0.0003557
433.485838	-0.0006620
433.510491	-0.0004349
433.535145	0.0000554
433.559800	-0.0012567
433.584456	0.0013402
433.609112	-0.0000841
433.633769	-0.0005130
433.658426	-0.0003784
433.683085	0.0005657
433.707744	0.0017300
433.732404	-0.0004595
433.757064	0.0007150
433.781725	-0.0002625
433.806387	0.0015455
433.831050	-0.0008188
433.855713	0.0003665
433.880377	-0.0006551
433.905042	0.0002710
433.929707	-0.0003173
433.954373	0.0004636
433.979040	0.0005460
434.003707	0.0012322
434.028376	0.0000826
434.053044	-0.0002000
434.077714	-0.0005498
434.102384	0.0006935
434.127055	-0.0007745
434.151727	0.0006970
434.176400	0.0003522
434.201073	0.0005827
434.225746	-0.0005550
434.250421	0.0002688
434.275096	-0.0001265
434.299772	0.0006547
434.324449	-0.0003049
434.349126	0.0010753
434.373804	0.0035101
434.398483	0.0043209
434.423162	0.0063983
434.447842	0.0085967
434.472523	0.0120315
434.497205	0.0159411
434.521887	0.0238571
434.546570	0.0281752
434.571254	0.0352485
434.595938	0.0424478
434.620623	0.0478358
434.645309	0.0537268
434.669995	0.0570983
434.694682	0.0566768
434.719370	0.0539015
434.744059	0.0552073
434.768748	0.0490245
434.793438	0.0478461
434.818129	0.0404360
434.842820	0.0380984
434.867512	0.0295821
434.892205	0.0259859
434.916898	0.0202177
434.941593	0.0166342
434.966287	0.0125304
434.990983	0.0085979
435.015679	0.0064513
435.040376	0.0054651
435.065074	0.0034901
435.089772	0.0019856
435.114472	0.0005663
435.139171	0.0004930
435.163872	0.0018563
435.188573	-0.0006950
435.213275	0.0001103
435.237978	0.0004616
435.262681	0.0011445
435.287385	0.0000642
435.312090	-0.0001145
435.336795	-0.0003078
435.361501	-0.0001672
435.386208	-0.0007652
435.410916	0.0000843
435.435624	0.0000421
435.460333	0.0000976
435.485042	-0.0000217
435.509753	0.0003882
435.534464	-0.0000711
435.559175	0.0004610
435.583888	0.0008383
435.608601	-0.0003672
435.633315	-0.0009594
435.658029	0.0003699
435.682745	-0.0001250
435.707461	0.0008010
435.732177	-0.0000794
435.756895	-0.0006174
435.781613	0.0003971
435.806331	-0.0002007
435.831051	-0.0011757
435.855771	-0.0001116
435.880492	-0.0003541
435.905214	-0.0008538
435.929936	0.0001960
435.954659	-0.0004274
435.979383	-0.0005875
436.004107	0.0008501
436.028832	-0.0003378
436.053558	0.0006413
436.078284	0.0002944
436.103011	0.0002804
436.127739	0.0000314
436.152468	0.0000165
436.177197	-0.0008953
436.201927	-0.0008331
436.226658	0.0003985
436.251389	-0.0002475
436.276122	0.0004752
436.300854	-0.0002591
436.325588	0.0002749
436.350322	0.0008057
436.375057	0.0001355
436.399793	0.0013283
436.424529	0.0017906
436.449266	0.0025821
436.474004	0.0044652
436.498742	0.0071060
436.523481	0.0068901
436.548221	0.0100117
436.572962	0.0119001
436.597703	0.0127870
436.622445	0.0150945
436.647187	0.0173935
436.671931	0.0177945
436.696675	0.0175343
436.721420	0.0180796
436.746165	0.0160997
436.770911	0.0153497
436.795658	0.0149948
436.820406	0.0134191
436.845154	0.0130143
436.869903	0.0094580
436.894653	0.0086737
436.919403	0.0069888
436.944154	0.0059314
436.968906	0.0050050
436.993658	0.0028362
437.018412	0.0005776
437.043165	0.0019364
437.067920	0.0016510
437.092675	0.0014109
437.117431	-0.0002644
437.142188	0.0007775
437.166945	0.0001941
437.191703	0.0008079
437.216462	-0.0002990
437.241222	-0.0003007
437.265982	-0.0004805
437.290743	-0.0005607
437.315505	0.0004110
437.340267	-0.0003784
437.365030	0.0006623
437.389794	-0.0002155
437.414558	0.0008645
437.439323	0.0010018
437.464089	0.0004381
437.488855	0.0004894
437.513623	-0.0003031
437.538391	-0.0007052
437.563159	0.0000842
437.587929	0.0009800
437.612699	-0.0005163
437.637469	-0.0010175
437.662241	0.0001585
437.687013	-0.0000139
437.711786	0.0005872
437.736559	0.0002248
437.761334	0.0009997
437.786109	0.0003548
437.810884	-0.0005608
437.835661	0.0006722
437.860438	0.0000112
437.885216	-0.0003409
437.909994	0.0009162
437.934773	0.0013309
437.959553	-0.0000010
437.984334	-0.0000443
438.009115	-0.0002397
438.033897	-0.0001165
438.058680	0.0001628
438.083463	0.0004612
438.108247	0.0010608
438.133032	0.0002934
438.157817	-0.0003787
438.182604	-0.0001377
438.207390	0.0011200
438.232178	-0.0000966
438.256966	-0.0002651
438.281755	-0.0003199
438.306545	-0.0006792
438.331335	0.0007991
438.356127	-0.0010944
438.380918	0.0001310
438.405711	-0.0003440
438.430504	0.0003832
438.455298	0.0005416
438.480093	0.0000073
438.504888	0.0006832
438.529684	0.0020185
438.554481	0.0019992
438.579278	0.0028847
438.604076	0.0024461
438.628875	0.0045833
438.653675	0.0035722
438.678475	0.0035853
438.703276	0.0040749
438.728078	0.0032285
438.752880	0.0038455
438.777683	0.0026122
438.802487	0.0020575
438.827291	0.0029916
438.852096	0.0012836
438.876902	0.0010342
438.901709	0.0019304
438.926516	0.0013781
438.951324	0.0009275
438.976133	0.0001837
439.000942	0.0008047
439.025752	0.0017726
439.050563	0.0005487
439.075374	-0.0001625
439.100187	-0.0000625
439.125000	0.0004257
439.149813	0.0005999
439.174627	0.0005886
439.199442	0.0005418
439.224258	0.0000368
439.249074	0.0006365
439.273892	0.0002767
439.298709	-0.0012169
439.323528	0.0002459
439.348347	0.0016327
439.373167	0.0006780
439.397988	-0.0006351
439.422809	-0.0009929
439.447631	-0.0001327
439.472454	-0.0002132
439.497277	0.0005076
439.522101	-0.0010916
439.546926	-0.0002035
439.571752	-0.0004180
439.596578	0.0007065
439.621405	0.0008924
439.646232	-0.0000179
439.671061	0.0009242
439.695890	-0.0008347
439.720720	-0.0002631
439.745550	-0.0005056
439.770381	-0.0004115
439.795213	-0.0010565
439.820046	-0.0003692
439.844879	0.0003699
439.869713	0.0001350
439.894547	-0.0000080
439.919383	0.0001021
439.944219	0.0002186
439.969056	0.0001191
439.993893	0.0015084
440.018731	0.0003842
440.043570	-0.0000567
440.068410	-0.0009172
440.093250	0.0003595
440.118091	-0.0002520
440.142933	-0.0000998
440.167775	-0.0000001
440.192618	-0.0016381
440.217462	0.0002286
440.242306	-0.0006122
440.267152	0.0004187
440.291998	-0.0001637
440.316844	0.0017586
440.341691	0.0000677
440.366539	-0.0002798
440.391388	-0.0002410
440.416238	-0.0002405
440.441088	0.0004502
440.465939	0.0007814
440.490790	-0.0002209
440.515642	0.0001657
440.540495	-0.0000436
440.565349	0.0003265
440.590203	0.0000646
440.615058	0.0005389
440.639914	0.0001679
440.664770	-0.0004362
440.689628	0.0015107
440.714485	0.0007140
440.739344	0.0009479
440.764203	0.0010884
440.789063	-0.0006707
440.813924	0.0000549
440.838785	-0.0004401
440.863647	-0.0000187
440.888510	0.0015648
440.913373	0.0001849
440.938238	0.0005434
440.963102	0.0000280
440.987968	-0.0013256
441.012834	-0.0008470
441.037701	0.0004502
441.062569	-0.0000019
441.087437	0.0014291
441.112306	-0.0002752
441.137176	-0.0001117
441.162047	-0.0002589
441.186918	0.0013922
441.211790	-0.0003742
441.236662	0.0001566
441.261536	-0.0001742
441.286410	-0.0000850
441.311284	0.0004555
441.336160	0.0007423
441.361036	-0.0002623
441.385913	-0.0008657
441.410790	0.0001612
441.435668	-0.0011178
441.460547	-0.0004047
441.485427	0.0011304
441.510307	-0.0008886
441.535188	-0.0001897
441.560070	-0.0010151
441.584952	-0.0005983
441.609836	0.0000214
441.634719	0.0011789
441.659604	-0.0013659
441.684489	0.0009756
441.709375	-0.0000267
441.734262	-0.0000316
441.759149	0.0001119
441.784037	0.0005323
441.808926	0.0007144
441.833815	-0.0007933
441.858705	-0.0004157
441.883596	-0.0002281
441.908488	0.0002204
441.933380	0.0009878
441.958273	-0.0005531
441.983167	0.0004939
442.008061	-0.0007066
442.032956	0.0007177
442.057852	-0.0013537
442.082748	-0.0006949
442.107646	0.0005260
442.132543	-0.0000624
442.157442	-0.0007323
442.182341	-0.0012282
442.207241	-0.0002672
442.232142	0.0008858
442.257043	-0.0000094
442.281945	-0.0001265
442.306848	0.0011527
442.331752	-0.0002176
442.356656	-0.0005211
442.381561	-0.0000950
442.406466	0.0007941
442.431373	0.0007393
442.456280	-0.0007005
442.481188	0.0000003
442.506096	-0.0001132
442.531005	-0.0004143
442.555915	-0.0002925
442.580825	-0.0002153
442.605737	0.0005741
442.630649	-0.0008515
442.655561	-0.0001925
442.680475	-0.0000080
442.705389	0.0008998
442.730303	-0.0003470
442.755219	-0.0001777
442.780135	0.0005385
442.805052	-0.0001733
442.829969	-0.0000407
442.854887	-0.0009794
442.879806	-0.0012268
442.904726	-0.0005855
442.929646	0.0000926
442.954568	-0.0003846
442.979489	-0.0004948
443.004412	0.0007235
443.029335	-0.0001097
443.054259	0.0005483
443.079183	0.0012538
443.104109	0.0008651
443.129035	-0.0001832
443.153961	0.0006277
443.178889	0.0006688
443.203817	-0.0004063
443.228746	0.0010688
443.253675	0.0001038
443.278605	-0.0003786
443.303536	0.0010238
443.328468	-0.0000508
443.353400	-0.0002740
443.378333	-0.0005471
443.403267	-0.0003044
443.428201	0.0000790
443.453136	0.0002972
443.478072	-0.0004754
443.503009	-0.0003003
443.527946	0.0000853
443.552884	0.0007266
443.577822	0.0000650
443.602762	-0.0000030
443.627702	0.0006738
443.652642	0.0005474
443.677584	0.0000294
443.702526	-0.0007031
443.727469	-0.0009378
443.752412	0.0001171
443.777356	0.0000851
443.802301	0.0011644
443.827247	-0.0006193
443.852193	0.0003428
443.877140	-0.0006781
443.902088	-0.0004166
443.927037	-0.0000462
443.951986	0.0001468
443.976936	0.0005707
444.001886	-0.0004441
444.026838	0.0005597
444.051789	0.0001922
444.076742	0.0007142
444.101696	-0.0002869
444.126650	0.0003679
444.151604	-0.0000253
444.176560	0.0005018
444.201516	0.0005292
444.226473	-0.0015120
444.251430	-0.0000599
444.276389	0.0002356
444.301348	-0.0002355
444.326307	-0.0005786
444.351268	0.0007404
444.376229	-0.0013778
444.401191	-0.0008424
444.426153	-0.0000747
444.451116	0.0001924
444.476080	-0.0000357
444.501045	-0.0001257
444.526010	-0.0002199
444.550976	-0.0000497
444.575943	0.0004290
444.600910	-0.0005086
444.625878	-0.0007573
444.650847	0.0000555
444.675817	0.0000115
444.700787	0.0002315
444.725758	0.0002702
444.750730	-0.0008949
444.775702	0.0001693
444.800675	0.0001124
444.825649	0.0000473
444.850623	-0.0005576
444.875598	0.0004231
444.900574	-0.0003026
444.925551	0.0002375
444.950528	-0.0000132
444.975506	-0.0006646
445.000485	0.0005547
445.025464	0.0012987
445.050444	0.0008258
445.075425	-0.0000950
445.100406	-0.0002565
445.125388	0.0001028
445.150371	-0.0000956
445.175355	-0.0003412
445.200339	-0.0009472
445.225324	-0.0008959
445.250310	0.0012595
445.275296	-0.0002212
445.300283	0.0000685
445.325271	0.0003908
445.350260	-0.0009482
445.375249	0.0004684
445.400239	-0.0003423
445.425229	-0.0009893
445.450220	0.0013776
445.475212	-0.0002692
445.500205	-0.0003792
445.525199	0.0000929
445.550193	-0.0003515
445.575188	-0.0011037
445.600183	0.0004429
445.625179	-0.0006991
445.650176	-0.0002622
445.675174	0.0006994
445.700172	0.0000271
445.725171	0.0003318
445.750171	0.0005004
445.775171	-0.0003017
445.800172	0.0007682
445.825174	-0.0001381
445.850177	-0.0009084
445.875180	-0.0008006
445.900184	0.0000002
445.925189	0.0004787
445.950194	-0.0005027
